,rs_ibd,mom_12_1,mom_6_1,ram,prox_high,new_high,trend,ud_vol,vol_surge,vol60,max_ret21,ext50,tight,turnover,np_yoy,sales_yoy,accel,sue,streak,ttm_cagr3,npm_chg,np_pos,roe,inst_chg,last_ann,universe,has_f,rs,industry,sector,group_rank,groups_total,failed,n_fail
360ONE,-0.0005574107119498302,0.1355090112031172,0.22746419545071594,0.04651093598569832,0.841287817505258,0.0,0.0,-0.36585780819791797,2.6590010023361486,0.016055258381712914,0.03213786679087094,-0.08193711269221937,-0.023008661633064403,879741671.0999999,16.126848424999316,34.519342593202104,0.42186864039468297,1.0316970984205642,0.0,22.60072621253815,-4.27,1.0,12.3627490849939,1.1700000000000017,20650.0,True,True,45.13876651982379,Stockbroking & Allied,Financial Services,11.0,93,"Uptrend (price > 50 > 150 > 200-day, 200-day rising); Within 15% of 52-week high; Quarterly profit growth >= 25%; ROE >= 20%; RS rating >= 80; Net profit margin up vs a year ago",6
3MINDIA,-0.006806093746399823,0.13412765957446804,0.1060756972111554,0.15099560957741115,0.8097554562187746,0.0,0.0,-0.2514667691369408,6.707595920793891,0.017546383265139704,0.04810943744236096,-0.09720939640994519,-0.04073296294080112,88001152.5,21.655434347214133,-0.29438103766935564,-5.732843717723156,1.8173347070849244,2.0,37.526891767001835,2.709999999999999,1.0,27.154168607359107,-0.1999999999999993,19920.0,True,True,42.52202643171806,Diversified,Diversified,75.0,93,"Uptrend (price > 50 > 150 > 200-day, 200-day rising); Within 15% of 52-week high; Quarterly profit growth >= 25%; RS rating >= 80",4
63MOONS,0.05592785378396779,-0.1527284645217677,0.6490537954497129,-0.2328791108804957,0.8374654209509891,0.0,0.0,1.0360298330522753,0.22561260473988404,0.03346695917102719,0.05732207179232396,-0.027618188782065345,-0.04055592391741098,231202552.825,-100.0,300.0,0.0,-0.6394650783691775,0.0,,26.909999999999997,0.0,-1.5202702702702704,0.30000000000000004,20677.0,True,True,64.21916299559471,Computers - Software & Consulting,Information Technology,80.0,93,"Uptrend (price > 50 > 150 > 200-day, 200-day rising); Within 15% of 52-week high; Quarterly profit growth >= 25%; 3-year profit growth >= 15%/yr; ROE >= 20%; RS rating >= 80",6
AADHARHFC,-0.0648275498237251,-0.11744002963786238,0.06149047566002008,-0.6323657295100661,0.7964476021314387,0.0,0.0,-0.49959720067779784,1.7886994489801955,0.01430236787927057,0.028440366972477094,-0.05944737289219937,-0.025203067744167102,113141639.0,18.985760554858167,17.061237001579865,-7.989077065604079,3.7255947118680783,0.0,,0.46000000000000085,1.0,14.533881448083807,0.4399999999999977,20648.0,True,True,20.388766519823786,Housing Finance Company,Financial Services,85.0,93,"Uptrend (price > 50 > 150 > 200-day, 200-day rising); Within 15% of 52-week high; Quarterly profit growth >= 25%; Sales growth >= 20% or 2+ strong quarters; 3-year profit growth >= 15%/yr; ROE >= 20%; RS rating >= 80",7
AARTIDRUGS,-0.0079777653949678,-0.17420726991492652,0.33573103987490227,-0.5906943896987248,0.7883895131086143,0.0,0.0,0.44551463144111436,2.8602391771012323,0.017476818354371617,0.031999055378439056,-0.0010084831227383795,-0.011592887046175835,59792534.25,-4.295296870372067,19.012379129904655,7.736419028505126,-0.19266709346147917,0.0,2.3684550708781504,-1.790000000000001,1.0,12.588766946417044,0.019999999999997797,20679.0,True,True,41.64977973568282,Pharmaceuticals,Healthcare,21.0,93,"Uptrend (price > 50 > 150 > 200-day, 200-day rising); Within 15% of 52-week high; Quarterly profit growth >= 25%; Sales growth >= 20% or 2+ strong quarters; 3-year profit growth >= 15%/yr; ROE >= 20%; RS rating >= 80; Net profit margin up vs a year ago",8
AARTIIND,0.034303677022120296,0.3691143863310291,0.31524871569978696,0.5647807972019707,0.8429542365201632,0.0,0.0,0.6623313956512535,0.6573013365159601,0.01914271087937294,0.03052874527905991,-0.07254711544405468,-0.026498827558884733,317525132.775,255.9914048434868,42.50746268656715,213.48268606431364,1.5462996257128354,4.0,2.8660233418485337,3.85,1.0,7.036104114189756,0.6099999999999994,20679.0,True,True,57.241189427312776,Specialty Chemicals,Commodities,39.0,93,"Uptrend (price > 50 > 150 > 200-day, 200-day rising); Within 15% of 52-week high; 3-year profit growth >= 15%/yr; ROE >= 20%; RS rating >= 80",5
AARTIPHARM,0.11971069021447305,0.008861940298507509,0.4616099332713912,0.2847691272633027,0.9661811652035116,1.0,0.0,1.3596013803333085,1.0197444954589545,0.035458860441465956,0.06433260393873086,0.18194798696623193,-0.06696401778680265,332714841.1,53.78279078960875,38.73999844636058,84.60015194079348,1.2814531698623302,1.0,4.481237636644475,1.3900000000000006,1.0,8.239171374764595,-0.40000000000000036,20679.0,True,True,79.37444933920705,Pharmaceuticals,Healthcare,21.0,93,"Uptrend (price > 50 > 150 > 200-day, 200-day rising); 3-year profit growth >= 15%/yr; ROE >= 20%; RS rating >= 80",4
AAVAS,-0.08134983379312814,-0.2524103239714953,0.15807050092764396,-0.9388130662066763,0.6721033918392686,0.0,0.0,-0.6464518077934964,2.7260808705150508,0.01866997423444026,0.031063795979979325,-0.10218870245950074,-0.028633997498511782,101777265.6,12.336345495060508,21.42142364740154,3.390430554287338,2.1086360575879244,0.0,19.30887173379423,-2.1099999999999994,1.0,13.013517095149748,-0.44999999999999574,19838.0,True,True,14.610132158590309,Housing Finance Company,Financial Services,85.0,93,"Uptrend (price > 50 > 150 > 200-day, 200-day rising); Within 15% of 52-week high; Quarterly profit growth >= 25%; ROE >= 20%; RS rating >= 80; Net profit margin up vs a year ago",6
ABB,0.0582533970750651,0.4121780306646554,0.24480350079946134,1.0440997434287655,0.8707173954192694,0.0,0.0,0.17050548977358734,1.0340881766968948,0.017736429148578564,0.021561604584527272,-0.064617320033728,-0.02756404374424067,1400079464.75,8.04453015021933,21.03065156250532,33.25321757577821,0.12805219921567482,0.0,85.52828342535965,-1.25,1.0,21.286370597243494,0.09000000000000341,20665.0,True,True,65.30947136563876,Heavy Electrical Equipment,Industrials,32.0,93,"Uptrend (price > 50 > 150 > 200-day, 200-day rising); Quarterly profit growth >= 25%; RS rating >= 80; Net profit margin up vs a year ago",4
ABBOTINDIA,-0.014789861341434762,-0.13445934757410172,0.008489291915878772,-0.548418834490626,0.8755504811613114,0.0,0.0,-0.31761402405114353,2.1871035064639734,0.012361513126572455,0.052489386337321475,-0.0008450379150272136,-0.024188191492970763,184014480.0,17.121078654117294,4.333419622055401,9.51089326588528,3.2187192192161156,0.0,16.01767810745125,2.5799999999999983,1.0,32.50942605781316,-0.049999999999998934,20679.0,True,True,39.2511013215859,Pharmaceuticals,Healthcare,21.0,93,"Uptrend (price > 50 > 150 > 200-day, 200-day rising); Quarterly profit growth >= 25%; Sales growth >= 20% or 2+ strong quarters; RS rating >= 80",4
ABCAPITAL,0.054862437701871214,0.35108751498544266,0.3497005988023951,0.8707245653831388,0.8707917343858835,0.0,0.0,0.048248151638301255,1.5128488160773688,0.018744980678414097,0.05141025641025654,-0.06412742140342209,-0.028677566415729324,1003272474.025,43.28168965014956,28.169392035307904,26.247098932107594,1.6196499347397018,1.0,18.479147486326376,1.0600000000000005,1.0,11.224726934696722,0.5800000000000018,20654.0,True,True,64.0011013215859,Investment Company,Financial Services,84.0,93,"Uptrend (price > 50 > 150 > 200-day, 200-day rising); ROE >= 20%; RS rating >= 80",3
ABDL,0.10007269474864713,0.15299831869979474,0.5275337210741247,0.6489268127019416,0.901366410188379,1.0,1.0,1.0925907174211063,6.686625920288151,0.023163824760130715,0.08493296770262027,0.07774277565755883,-0.05530320948274196,225240775.05,-18.64526069962529,6.076761372255812,33.7146530208382,-0.2815469472173626,0.0,,-1.4100000000000001,1.0,13.2291040288635,0.2599999999999998,20657.0,True,True,75.66740088105726,Breweries & Distilleries,Fast Moving Consumer Goods,51.0,93,Quarterly profit growth >= 25%; Sales growth >= 20% or 2+ strong quarters; 3-year profit growth >= 15%/yr; ROE >= 20%; RS rating >= 80; Net profit margin up vs a year ago,6
ABFRL,-0.17414686891067446,-0.4392625919016788,-0.05177212840972345,-1.3922232886254984,0.4862415374535925,0.0,0.0,-0.3388776679679151,2.250588510157551,0.018270959860589547,0.050783574687562005,-0.17303956707609236,-0.04109525930276115,203420031.595,-100.0,10.59810206065106,0.0,-0.24741569127391028,0.0,-3.1632074751821393,0.4800000000000004,0.0,-14.212328767123289,-3.59,20669.0,True,True,0.8722466960352424,Speciality Retail,Consumer Discretionary,81.0,93,"Uptrend (price > 50 > 150 > 200-day, 200-day rising); Within 15% of 52-week high; Quarterly profit growth >= 25%; Sales growth >= 20% or 2+ strong quarters; 3-year profit growth >= 15%/yr; ROE >= 20%; RS rating >= 80",7
ABLBL,-0.14940784569301532,-0.37206564132754427,-0.0328686387849938,-1.3234128554635631,0.493666688772465,0.0,0.0,-1.2945085673011822,22.595711255915177,0.013346043380027537,0.030901904419690984,-0.14043357066481288,-0.03863802315006292,50555273.730000004,20.479397508203313,11.146486433624192,-36.69655528911948,0.2016780335827178,3.0,,0.10999999999999988,1.0,12.101910828025478,0.480000000000004,20661.0,True,True,2.180616740088106,Speciality Retail,Consumer Discretionary,81.0,93,"Uptrend (price > 50 > 150 > 200-day, 200-day rising); Within 15% of 52-week high; Quarterly profit growth >= 25%; 3-year profit growth >= 15%/yr; ROE >= 20%; RS rating >= 80",6
ABREL,-0.12065400100878618,-0.264538507397973,0.20837043633125552,-1.0338865959699501,0.5749738766980146,0.0,0.0,0.0679398180312369,2.300944903331983,0.018526625236323657,0.034407632784914766,-0.17866269419533565,-0.05377631097654886,166888391.5,-100.0,29.74031327287716,0.0,-0.3694693997859015,0.0,29.931288670654222,-2.960000000000001,0.0,-3.10726830586328,0.45000000000000284,20636.0,True,True,5.451541850220264,"Residential, Commercial Projects",Consumer Discretionary,55.0,93,"Uptrend (price > 50 > 150 > 200-day, 200-day rising); Within 15% of 52-week high; Quarterly profit growth >= 25%; ROE >= 20%; RS rating >= 80; Net profit margin up vs a year ago",6
ABSLAMC,0.02270176061185176,0.26720847186307095,0.17169532050552205,0.5877091648796317,0.809617111600947,0.0,0.0,0.17281941421435673,1.2835349260427218,0.021945987550362842,0.04121770059629659,-0.032374521895246366,-0.04285982825427983,185263530.85000002,11.683086408758768,3.4801850734258677,29.65971408042255,0.9491374793757581,0.0,14.183754570312622,4.909999999999997,1.0,24.12769116555308,1.370000000000001,20679.0,True,True,53.86123348017621,Asset Management Company,Financial Services,71.0,93,"Uptrend (price > 50 > 150 > 200-day, 200-day rising); Within 15% of 52-week high; Quarterly profit growth >= 25%; Sales growth >= 20% or 2+ strong quarters; 3-year profit growth >= 15%/yr; RS rating >= 80",6
ACC,-0.10726491062895444,-0.31629856521038213,0.014108082257293209,-1.6121781943642461,0.5952692501258178,0.0,0.0,-0.43067306250668785,4.419587305039083,0.011737754091946339,0.022068965517241468,-0.08668747384303199,-0.01888447375699108,161265226.20000002,-56.39153092632417,-4.587143906177349,6.462332886896284,-0.4142676033238289,0.0,30.762542024804574,-3.35,1.0,10.398520753248016,-0.5999999999999979,20658.0,True,True,7.523127753303964,Cement & Cement Products,Commodities,89.0,93,"Uptrend (price > 50 > 150 > 200-day, 200-day rising); Within 15% of 52-week high; Quarterly profit growth >= 25%; Sales growth >= 20% or 2+ strong quarters; ROE >= 20%; RS rating >= 80; Net profit margin up vs a year ago",7
ACE,0.07884163218569407,-0.03892452332835428,0.4604446224714598,0.19467248598080983,0.9560725552050473,1.0,1.0,0.683655703289012,1.09138729267282,0.02264047265679251,0.05005041708680902,0.06588380521309767,-0.03727415509883231,336916772.0,22.256624033247064,20.488283646178363,28.758304001549607,1.8109562724474153,1.0,30.7946636089506,0.22000000000000064,1.0,20.636499254102436,-1.0099999999999998,20654.0,True,True,69.77973568281939,Construction Vehicles,Industrials,,93,Quarterly profit growth >= 25%; RS rating >= 80,2
ACI,-0.09257145809960876,-0.3041175224239001,-0.16137543620733685,-1.0035920328405272,0.6625523012552301,0.0,0.0,0.24113685422992906,1.41226854196768,0.021105615557042958,0.03539823008849541,-0.05454031612844157,-0.02384145838804848,127046631.675,-24.356297003654216,11.916814885757265,52.907027862003375,-0.5072425468939659,0.0,-37.52001353538302,-4.450000000000001,1.0,5.426356589147287,-1.740000000000002,20664.0,True,True,11.448237885462555,Specialty Chemicals,Commodities,39.0,93,"Uptrend (price > 50 > 150 > 200-day, 200-day rising); Within 15% of 52-week high; Quarterly profit growth >= 25%; Sales growth >= 20% or 2+ strong quarters; 3-year profit growth >= 15%/yr; ROE >= 20%; RS rating >= 80; Net profit margin up vs a year ago",8
ACMESOLAR,0.13362183674740255,0.4217291776721255,0.5431367302473147,1.3816753809852709,0.907003564688614,1.0,1.0,0.6478286099077654,1.2694906021232633,0.02039435296102901,0.058230002431315375,0.08608044352155719,-0.04416126205421544,648537987.3,64.8116593675891,67.81478727151746,63.7034300720366,1.1593850984068483,1.0,,-0.5,1.0,9.83995257854179,12.840000000000002,20663.0,True,True,81.66409691629956,Power Generation,Utilities,73.0,93,3-year profit growth >= 15%/yr; ROE >= 20%; Net profit margin up vs a year ago,3
ACUTAAS,0.17256937754713306,1.1903808998067902,0.24063941217853535,2.6313699938825335,0.8546791443850268,0.0,0.0,-0.12290590608797805,2.844522687621641,0.02666977164343759,0.06465543833672638,-0.01883444960802494,-0.025812162649488542,1027843668.0,70.3855392421462,59.076433121019114,-43.73309337414558,1.307758893454357,8.0,62.22915603650048,1.5100000000000016,1.0,21.5235792019347,2.0799999999999983,20658.0,True,True,86.46145374449338,Pharmaceuticals,Healthcare,21.0,93,"Uptrend (price > 50 > 150 > 200-day, 200-day rising)",1
ADANIENSOL,0.08637914981166356,0.5545556805399325,0.47823296609263033,1.2375503423533,0.7414197875908329,0.0,0.0,-0.5200114291736448,2.4724454057229277,0.02163150736583474,0.035549466397461815,-0.11878820090353437,-0.030090676151238043,2702171544.45,129.4723278258412,42.40623643551813,128.24135639041214,2.82027856572569,1.0,33.66322974792981,4.83,1.0,9.41125575175994,1.4499999999999993,20655.0,True,True,71.63325991189427,Power Distribution,Utilities,,93,"Uptrend (price > 50 > 150 > 200-day, 200-day rising); Within 15% of 52-week high; ROE >= 20%; RS rating >= 80",4
ADANIENT,0.04937338165971997,0.12758183521926414,0.6283261314532638,0.29958616836857344,0.8680431432973806,0.0,0.0,-0.07001561367358237,2.62405540346259,0.021766941084068698,0.051335884324946734,-0.058620334709799216,-0.026522423044873074,3127949736.0,-26.893501245403804,49.918856893065964,73.1064987545962,-0.20026197199746076,0.0,-4.153644735699668,-2.2800000000000002,1.0,12.296418950646268,3.1499999999999986,20663.0,True,True,62.147577092511014,Trading - Minerals,Commodities,,93,"Uptrend (price > 50 > 150 > 200-day, 200-day rising); Quarterly profit growth >= 25%; 3-year profit growth >= 15%/yr; ROE >= 20%; RS rating >= 80; Net profit margin up vs a year ago",6
ADANIGREEN,0.05815009455218925,0.15498744578863266,0.5677283430412692,0.38960096549984347,0.7821636530799877,0.0,0.0,-0.2648685826701788,3.5657214575457234,0.022396900509065794,0.04732381101867844,-0.032374984455518674,-0.018992408569177745,1704850362.0,17.664348200200774,16.605263157894747,-3.422836857129898,0.6144667432771809,0.0,23.889305629670066,0.1999999999999993,1.0,9.952416729276234,1.0,20679.0,True,True,64.98237885462555,Power Generation,Utilities,73.0,93,"Uptrend (price > 50 > 150 > 200-day, 200-day rising); Within 15% of 52-week high; Quarterly profit growth >= 25%; Sales growth >= 20% or 2+ strong quarters; ROE >= 20%; RS rating >= 80",6
ADANIPORTS,0.04074460251099142,0.15081028220173232,0.2551424653359744,0.7102320476937873,0.9189360689545767,0.0,1.0,-0.2784714930518393,1.8456696552562373,0.018965681841741314,0.049301041247195476,0.009373500721976846,-0.020169670969829998,3214854171.4,10.23545679628841,18.569296548157265,-0.20640185565574853,1.0725154125767125,0.0,21.182043805515583,-2.5500000000000043,1.0,13.32027219958524,2.0700000000000003,20663.0,True,True,59.20374449339207,Port & Port services,Services,27.0,93,Quarterly profit growth >= 25%; Sales growth >= 20% or 2+ strong quarters; ROE >= 20%; RS rating >= 80; Net profit margin up vs a year ago,5
ADANIPOWER,0.05713385649696112,0.4142560553633219,0.3585056172306056,1.0123622637324254,0.7718725413060583,0.0,0.0,0.0828217068404273,1.7580290885844991,0.02006613545621804,0.03922567498726437,-0.05120706229605865,-0.02584237703554335,3205802565.13,47.2344117659991,33.96902010397509,-17.058123117096017,0.7514790987514973,2.0,-0.393849839910676,2.3200000000000003,1.0,19.974744752606373,0.41000000000000014,20656.0,True,True,64.76431718061674,Integrated Power Utilities,Utilities,64.0,93,"Uptrend (price > 50 > 150 > 200-day, 200-day rising); Within 15% of 52-week high; 3-year profit growth >= 15%/yr; ROE >= 20%; RS rating >= 80",5
ADOR,0.15173159366866223,0.6867159220508752,0.937129840546697,1.478818523241908,0.8890398550724637,0.0,0.0,0.4910142707998084,0.6291139336929318,0.023648769949409267,0.018291889076943013,-0.0004162810444451326,-0.017929264833661907,54232510.2,100.0,22.87960609911053,30.767029337951968,2.2581282697047156,4.0,32.47849581731281,10.49,1.0,14.801444043321299,-1.4799999999999986,20635.0,True,True,83.73568281938326,Other Industrial Products,Industrials,5.0,93,"Uptrend (price > 50 > 150 > 200-day, 200-day rising); ROE >= 20%",2
ADVENZYMES,-0.05641971414708984,-0.11756797131759777,0.1568742655699178,-0.47913371983371694,0.6545346062052506,0.0,0.0,0.12351633493993618,0.8429156336185878,0.018274069555277942,0.021716469770673985,-0.08864334967184517,-0.026646208185546593,58656161.5,-4.577961032930922,2.08703135925985,-73.54526032521949,-0.18550733500863065,0.0,11.276133369782704,-1.4200000000000017,1.0,10.661764705882353,0.5599999999999987,20643.0,True,True,23.659691629955947,Biotechnology,Healthcare,,93,"Uptrend (price > 50 > 150 > 200-day, 200-day rising); Within 15% of 52-week high; Quarterly profit growth >= 25%; Sales growth >= 20% or 2+ strong quarters; 3-year profit growth >= 15%/yr; ROE >= 20%; RS rating >= 80; Net profit margin up vs a year ago",8
AEGISLOG,0.22086122638083353,0.5995015085924178,1.036749352710265,1.7598163009161385,0.9165303852946948,1.0,1.0,0.24737090098000905,1.0711199685951929,0.03430187700654314,0.06177873519002919,0.05358697826351788,-0.03629348867956354,1014492797.3,210.70053099609757,37.0737636747489,167.68312931757984,7.6294958177331,4.0,40.1700887056508,12.920000000000002,1.0,18.28241123038811,-0.0899999999999963,20649.0,True,True,91.80396475770925,Trading - Gas,Energy,,93,ROE >= 20%,1
AEGISVOPAK,0.10816183706360327,0.13007823940420926,0.6708939065883082,0.45319409199561694,0.905904346471413,1.0,1.0,0.503967076719186,1.3495299890298034,0.027346769184614966,0.05997778600518311,0.013604436641617257,-0.031670130307128744,257055004.3,-11.876284260072012,12.394826674359338,-27.155329537638217,-0.4627522734524051,0.0,,-8.180000000000003,1.0,7.9701701235143325,-0.13000000000000078,20649.0,True,True,77.30286343612335,Oil Storage & Transportation,Energy,,93,Quarterly profit growth >= 25%; Sales growth >= 20% or 2+ strong quarters; 3-year profit growth >= 15%/yr; ROE >= 20%; RS rating >= 80; Net profit margin up vs a year ago,6
AEQUS,,,1.0458829365079367,,0.9618814478055605,1.0,1.0,0.5303400435981597,9.904077286038728,0.024253242679785073,0.05710221499695178,0.13344157449684335,-0.07101917584184918,555372107.6199999,-100.0,54.771686817701614,0.0,,0.0,,-14.99,0.0,-7.599193006052454,-1.2700000000000014,20663.0,True,True,,Aerospace & Defense,Industrials,22.0,93,Quarterly profit growth >= 25%; 3-year profit growth >= 15%/yr; ROE >= 20%; RS rating >= 80; Net profit margin up vs a year ago,5
AEROENTER,0.13313641484965455,0.7015545271152248,1.2080381890976284,0.7950940164926892,0.7639724310776943,0.0,0.0,0.2557771640555306,0.46042281265483215,0.03790148988854426,0.09110782032296716,-0.06691461193504444,-0.04828440185996562,75495081.225,300.0,40.54134443783464,258.54820343620383,1.6069739615586245,2.0,19.4906826524732,44.22,1.0,10.278113663845224,0.72,20676.0,True,True,81.44603524229075,Iron & Steel Products,Industrials,10.0,93,"Uptrend (price > 50 > 150 > 200-day, 200-day rising); Within 15% of 52-week high; ROE >= 20%",3
AEROFLEX,0.29317173012624625,1.9710456918357457,1.3121544647344612,3.00691706755725,0.8924933664298554,0.0,1.0,0.5988234791479999,0.9392422676178845,0.033562860418535054,0.051032333463186585,0.057101957063026676,-0.042394698685125805,541156387.875,162.03913198150124,72.39416577730344,104.9635556717975,3.199609769734618,2.0,22.904695697689004,4.42,1.0,12.527964205816556,-0.20000000000000018,20661.0,True,True,95.51101321585902,Iron & Steel Products,Industrials,10.0,93,ROE >= 20%,1
AETHER,0.2281297168998395,1.285152008686211,0.538328003654637,3.171880775053495,0.92880978865406,1.0,1.0,0.7540999937161029,5.477121158908246,0.021370674634376325,0.07338112015550968,0.03296455880042504,-0.03210675051491503,350580167.15000004,27.981813463412863,27.249347309355887,23.189950497298373,0.824378474337764,1.0,22.78741337619725,0.10999999999999943,1.0,8.916938110749186,-1.0399999999999991,20665.0,True,True,92.56718061674009,Specialty Chemicals,Commodities,39.0,93,ROE >= 20%,1
AFCONS,-0.14942696438630734,-0.3752737625930793,0.05025773195876271,-1.4092117561682542,0.5056111806424698,0.0,0.0,0.5374791039490681,0.4352568611774994,0.01960538245557526,0.0344427244582044,-0.11039682195971823,-0.028878571746837972,202901130.55,-78.05107273061314,-20.750775876904093,21.948927269386857,-1.3507338731115952,0.0,,-2.95,1.0,4.605504587155964,-0.9299999999999997,20647.0,True,True,2.0715859030837005,Civil Construction,Industrials,77.0,93,"Uptrend (price > 50 > 150 > 200-day, 200-day rising); Within 15% of 52-week high; Quarterly profit growth >= 25%; Sales growth >= 20% or 2+ strong quarters; 3-year profit growth >= 15%/yr; ROE >= 20%; RS rating >= 80; Net profit margin up vs a year ago",8
AFFLE,-0.06449475944123961,-0.23226724222505646,0.08004968601200746,-0.8673581173469642,0.6979297063071738,0.0,0.0,1.017226557628149,0.5660953759465649,0.024784989516847978,0.06404686677198512,-0.0988481967017446,-0.03017225650782094,247606186.65,21.7112819803309,20.366014756580842,5.720473112649561,7.02353075836963,1.0,23.023586972227772,0.19000000000000128,1.0,12.458926615553121,-0.4200000000000017,20673.0,True,True,20.715859030837002,IT Enabled Services,Information Technology,38.0,93,"Uptrend (price > 50 > 150 > 200-day, 200-day rising); Within 15% of 52-week high; Quarterly profit growth >= 25%; ROE >= 20%; RS rating >= 80",5
AGARWALEYE,0.02262365856260176,0.10502878244813729,0.2512606075513466,0.20782528013965354,0.8564260563380282,0.0,0.0,-1.8116020661684806,0.47016835439501387,0.017230876371561094,0.014917588149384375,-0.03382458091681895,-0.01673794666835334,130187074.7,44.522727023170596,25.973493086044886,33.900975852748964,1.6897576914264822,1.0,,1.1500000000000012,1.0,8.292201382033564,-0.0799999999999983,20669.0,True,True,53.6431718061674,Hospital,Healthcare,50.0,93,"Uptrend (price > 50 > 150 > 200-day, 200-day rising); 3-year profit growth >= 15%/yr; ROE >= 20%; RS rating >= 80",4
AGI,0.03860944422301041,-0.13858605880409647,0.6695123252587771,-0.2981818881464577,0.8421725239616613,0.0,0.0,0.695464544492199,0.9705992392525741,0.025469834034716577,0.09972485068116232,0.06294180030726904,-0.04987770639023269,87681753.85,11.808096853609262,14.194514731117124,-7.580072263074223,0.667268583030262,0.0,14.074337560128303,-0.2699999999999996,1.0,14.624013294557543,-1.4900000000000002,20662.0,True,True,58.331497797356825,Packaging,Industrials,29.0,93,"Uptrend (price > 50 > 150 > 200-day, 200-day rising); Within 15% of 52-week high; Quarterly profit growth >= 25%; Sales growth >= 20% or 2+ strong quarters; 3-year profit growth >= 15%/yr; ROE >= 20%; RS rating >= 80; Net profit margin up vs a year ago",8
AGIIL,-0.02753906318467539,0.15586619263089863,0.01960085531004996,0.09398427724799417,0.5985267034990792,0.0,0.0,0.008369947487585462,2.020830519438908,0.01568182516722694,0.042517945886250796,-0.09524621482334672,-0.01749252144678131,249633956.0,37.66384254322253,5.27235018011134,-31.914833841409674,2.542278611856563,8.0,26.629456128326346,6.719999999999999,1.0,20.474137931034484,0.6999999999999997,20678.0,True,True,34.9988986784141,"Residential, Commercial Projects",Consumer Discretionary,55.0,93,"Uptrend (price > 50 > 150 > 200-day, 200-day rising); Within 15% of 52-week high; RS rating >= 80",3
AIAENG,0.0235088938827768,0.3820598006644518,0.16680415772974744,0.7937633953255632,0.7383011583011583,0.0,0.0,-0.508335756792544,0.9063486270796511,0.016345397309664767,0.04666561563928728,-0.10929012910681657,-0.023964606733503358,180226120.10000002,-1.3560886967511676,12.424201590082195,-39.199598850103285,-0.0792596221858678,0.0,3.666593177569255,-3.6000000000000014,1.0,15.811113879890357,0.14999999999999858,20677.0,True,True,54.40638766519824,Castings & Forgings,Industrials,14.0,93,"Uptrend (price > 50 > 150 > 200-day, 200-day rising); Within 15% of 52-week high; Quarterly profit growth >= 25%; Sales growth >= 20% or 2+ strong quarters; 3-year profit growth >= 15%/yr; ROE >= 20%; RS rating >= 80; Net profit margin up vs a year ago",8
AIIL,-0.007189640096138922,-0.11864683771858153,0.2546237059439338,-0.23215102430951898,0.7896046852122987,0.0,0.0,0.8447693919288649,0.562133007374961,0.027935626110263352,0.06256099941440585,-0.01685905335540383,-0.02641502575199384,95274614.6,17.508674105298528,20.9368544929349,114.24405911306778,0.20357164683480644,0.0,74.18342654815216,-2.200000000000003,1.0,13.097501357957631,0.05999999999999872,20654.0,True,True,42.08590308370044,Non Banking Financial Company (NBFC),Financial Services,37.0,93,"Uptrend (price > 50 > 150 > 200-day, 200-day rising); Within 15% of 52-week high; Quarterly profit growth >= 25%; ROE >= 20%; RS rating >= 80; Net profit margin up vs a year ago",6
AJANTPHARM,0.08888412231575976,0.38463969658659947,0.24943852269081335,1.6322906782956443,0.9433614330874605,0.0,1.0,0.3060684185915358,3.621591534897664,0.012947255649914613,0.01869877049180335,0.013520206723026895,-0.008932901766675912,285631815.4,30.933010182539956,24.81940659425017,12.559722189443502,6.30232400102331,1.0,22.237269152285055,0.9599999999999973,1.0,23.326706428098078,2.860000000000003,20664.0,True,True,72.50550660792952,Pharmaceuticals,Healthcare,21.0,93,RS rating >= 80,1
AKUMS,0.1882589055019962,0.6717811158798281,0.6714224415361509,2.256981239486663,0.9693609918931808,1.0,1.0,0.6334572931397154,0.5651155449682698,0.022014524333205634,0.048168942197269304,0.08651352228949549,-0.03109780068600659,198440451.3,56.106603260362384,13.9253732800797,98.64041434554312,0.2906296537168519,1.0,,2.34,1.0,7.724803862401932,-0.3899999999999988,20673.0,True,True,88.6420704845815,Pharmaceuticals,Healthcare,21.0,93,Sales growth >= 20% or 2+ strong quarters; 3-year profit growth >= 15%/yr; ROE >= 20%,3
ALEMBICLTD,0.044599945614751335,-0.05125251943564646,0.39421720733427335,-0.002410931728213403,0.8843866802582399,0.0,0.0,1.4857759384023104,1.31339765581789,0.023284155829530463,0.09356900339524676,0.07408737134886634,-0.02573124416348812,66214788.73,5.2760752917127896,-2.0301507537688446,7.201482457222685,0.2864102955408002,0.0,6.668310159136537,9.23999999999998,1.0,12.96523517382413,0.010000000000000009,20647.0,True,True,60.403083700440526,"Residential, Commercial Projects",Consumer Discretionary,55.0,93,"Uptrend (price > 50 > 150 > 200-day, 200-day rising); Quarterly profit growth >= 25%; Sales growth >= 20% or 2+ strong quarters; 3-year profit growth >= 15%/yr; ROE >= 20%; RS rating >= 80",6
ALIVUS,0.11466191885949659,0.490963544356088,0.48421918371543127,1.4744931283132308,0.9199357343687241,0.0,1.0,0.8732004614994504,1.4704310006794719,0.022965418702387663,0.030984291684680754,0.028803811560155212,-0.0155047045927632,114386266.65,31.756949010980364,6.406912021267752,17.11550803592379,1.5109898873667627,1.0,7.982323192076368,4.809999999999999,1.0,16.92169216921692,0.14999999999999858,20679.0,True,True,78.1751101321586,Pharmaceuticals,Healthcare,21.0,93,Sales growth >= 20% or 2+ strong quarters; 3-year profit growth >= 15%/yr; ROE >= 20%; RS rating >= 80,4
ALKEM,-0.024682080967665332,-0.04949784791965561,0.00018871485185889547,-0.29518287305553315,0.8797505688042471,0.0,0.0,-0.00993935248958885,2.09012559211786,0.01275824236906051,0.03352657004830917,-0.03263109516537932,-0.02145888495617383,609012573.75,-20.744622948061554,10.946148780531217,-23.62174150501254,-1.571307550273874,0.0,24.800456139325245,-5.57,1.0,17.011577424023155,1.5200000000000031,20664.0,True,True,35.76211453744493,Pharmaceuticals,Healthcare,21.0,93,"Uptrend (price > 50 > 150 > 200-day, 200-day rising); Quarterly profit growth >= 25%; Sales growth >= 20% or 2+ strong quarters; ROE >= 20%; RS rating >= 80; Net profit margin up vs a year ago",6
ALKYLAMINE,-0.009997505725384846,-0.006226526981616853,0.6328353361481001,-0.34324513127668527,0.8233569739952719,0.0,0.0,0.814287969464644,0.35448426541563116,0.020905818965442954,0.026693698259841137,-0.0855201937558685,-0.029203863513403483,109618119.9,160.01798172923162,-1.1286586649820962,37.83444738586476,2.7830735938525892,4.0,56.57729797376505,12.990000000000002,1.0,37.5,0.13999999999999968,18436.0,True,True,41.213656387665196,Specialty Chemicals,Commodities,39.0,93,"Uptrend (price > 50 > 150 > 200-day, 200-day rising); Within 15% of 52-week high; RS rating >= 80",3
AMBER,-0.06895034312192697,-0.10725326991676576,0.1464345701633838,-0.5684464621152573,0.7243146868731892,0.0,0.0,0.1954179321984853,1.2362725410391913,0.017178556930026474,0.01673881673881672,-0.10250497764547017,-0.033775540725630486,1223413414.25,-23.26503031388051,12.71596025664441,-19.024343347243168,-0.8253947270180299,0.0,10.440206575104071,-0.98,1.0,5.169258920402562,-0.8700000000000045,20678.0,True,True,18.862334801762117,Household Appliances,Consumer Discretionary,90.0,93,"Uptrend (price > 50 > 150 > 200-day, 200-day rising); Within 15% of 52-week high; Quarterly profit growth >= 25%; Sales growth >= 20% or 2+ strong quarters; 3-year profit growth >= 15%/yr; ROE >= 20%; RS rating >= 80; Net profit margin up vs a year ago",8
AMBUJACEM,-0.11712311172895068,-0.30970565519608684,0.0023676012461057994,-1.368008137260847,0.615234375,0.0,0.0,-0.35587879775523446,1.7782188995131722,0.01392105647807446,0.022556390977443552,-0.11155965732813067,-0.026823790850939378,642174034.75,-32.935123061527946,-7.6683837107590636,-89.20674041057336,-0.25637713806673457,0.0,27.542401237771962,-2.6900000000000004,1.0,9.498373970040609,-0.6600000000000001,20662.0,True,True,6.105726872246696,Cement & Cement Products,Commodities,89.0,93,"Uptrend (price > 50 > 150 > 200-day, 200-day rising); Within 15% of 52-week high; Quarterly profit growth >= 25%; Sales growth >= 20% or 2+ strong quarters; ROE >= 20%; RS rating >= 80; Net profit margin up vs a year ago",7
ANANDRATHI,0.09312302558671202,0.5244240910352485,0.4475851617579232,2.196141557208389,0.9334773408569916,1.0,0.0,0.23161393340623787,5.169883810168331,0.010318718683851652,0.010211090251385002,-0.015525637246651791,-0.01930962822221382,417008836.2,73.56740023981685,17.506021458287723,33.1089268723463,17.175869389630147,23.0,36.80720583469266,16.349999999999994,1.0,39.73973973973974,1.8900000000000006,20643.0,True,True,73.48678414096916,Financial Products Distributor,Financial Services,,93,"Uptrend (price > 50 > 150 > 200-day, 200-day rising); RS rating >= 80",2
ANANTRAJ,0.0002684965176416518,-0.13188598434500087,0.4488538328814393,-0.3346219656468989,0.7770456531970685,0.0,0.0,0.27341292351571767,0.6521784205827373,0.020540773559942407,0.06699499023520405,-0.05567721270754333,-0.025514521051816112,944191816.3,18.5187285832447,6.581590452558195,-6.671211828423651,4.68409967541698,0.0,48.43514246654439,2.379999999999999,1.0,9.656244601831059,-0.370000000000001,20649.0,True,True,45.46585903083701,"Residential, Commercial Projects",Consumer Discretionary,55.0,93,"Uptrend (price > 50 > 150 > 200-day, 200-day rising); Within 15% of 52-week high; Quarterly profit growth >= 25%; Sales growth >= 20% or 2+ strong quarters; ROE >= 20%; RS rating >= 80",6
ANGELONE,0.032925690132386554,0.2783781329458772,0.23741924141871396,0.6248063854055862,0.7679289776668055,0.0,0.0,-0.39300028930789416,1.2718159480286408,0.018537969892538655,0.04825174825174838,-0.057410125349469876,-0.03656582795595899,1196262561.25,102.1381572340224,25.353125301394975,18.705763960005456,0.8285004171995973,2.0,3.554869692991991,6.150000000000002,1.0,14.955867930696307,2.4100000000000037,20649.0,True,True,57.13215859030837,Stockbroking & Allied,Financial Services,11.0,93,"Uptrend (price > 50 > 150 > 200-day, 200-day rising); Within 15% of 52-week high; 3-year profit growth >= 15%/yr; ROE >= 20%; RS rating >= 80",5
ANTELOPUS,0.25734538424185116,0.4411818181818181,0.39134632262594327,1.4293349604440317,0.8571539236191803,1.0,1.0,1.5880697902852194,4.3015776819771245,0.04887109504279912,0.1999621522740176,0.1791548022984195,-0.04117680403228222,184673240.0,300.0,158.81888208571988,142.3860941121395,4.760683066260819,3.0,73.56412004746848,24.99,1.0,13.740458015267176,0.8799999999999999,20679.0,True,True,93.87555066079295,Oil Exploration & Production,Energy,26.0,93,ROE >= 20%,1
ANTHEM,0.03902508181199769,0.12640877246420956,0.40876190476190466,0.14496472163371366,0.8754027926960258,0.0,0.0,0.437635138808028,0.827450199213349,0.017832396624580565,0.02603106588109272,-0.025449352406397008,-0.03885417311389308,560134566.0,-11.680611787186624,-22.581958867847685,-140.52284533739765,-0.302041719038236,0.0,,3.539999999999999,1.0,19.46088099934254,3.2200000000000006,20636.0,True,True,58.65859030837005,Biotechnology,Healthcare,,93,"Uptrend (price > 50 > 150 > 200-day, 200-day rising); Quarterly profit growth >= 25%; Sales growth >= 20% or 2+ strong quarters; 3-year profit growth >= 15%/yr; ROE >= 20%; RS rating >= 80",6
ANURAS,-0.0028313343971457516,0.1345461095100864,0.023478755382240424,0.1878591376775787,0.8224028268551237,0.0,0.0,-0.376325122288488,0.576608570939049,0.011136639565907915,0.031960716747071016,-0.043959619062641564,-0.01692014962027824,268981704.4,5.74389533377937,34.816705431941216,16.722750939413235,0.10456970788706452,0.0,-0.31701275614496316,-2.1500000000000004,1.0,6.723198061780739,0.8399999999999999,20679.0,True,True,44.26651982378854,Specialty Chemicals,Commodities,39.0,93,"Uptrend (price > 50 > 150 > 200-day, 200-day rising); Within 15% of 52-week high; Quarterly profit growth >= 25%; 3-year profit growth >= 15%/yr; ROE >= 20%; RS rating >= 80; Net profit margin up vs a year ago",7
APARINDS,0.211008871882238,0.9866415482103099,0.7609553688897885,2.1728594149929443,0.9160654035816247,1.0,1.0,0.550985394380349,1.253439574512522,0.028637284198897404,0.05937868659064094,0.05467101889778281,-0.035223156415722975,2347051116.0,77.77471519138545,29.131140089652362,74.27100612737227,5.9167310513477975,1.0,19.13555456001439,1.9399999999999995,1.0,18.116076395327276,2.4599999999999937,20658.0,True,True,91.14977973568283,Other Electrical Equipment,Industrials,49.0,93,ROE >= 20%,1
APCOTEXIND,0.13844714312322892,0.575354282193469,1.035020694046482,1.0727405216341674,0.8332162921348315,0.0,0.0,0.4792319151333405,0.24913219285034718,0.029305831503643513,0.0345979479837748,-0.029988995913936,-0.01697907448253494,77236083.65,-33.241551742762496,36.291273584905646,-45.49389822743063,-0.3004038626842244,0.0,41.52115076038378,-4.01,1.0,20.855614973262032,-0.27000000000000046,17119.0,True,True,82.5363436123348,Rubber,Industrials,,93,"Uptrend (price > 50 > 150 > 200-day, 200-day rising); Within 15% of 52-week high; Quarterly profit growth >= 25%; Net profit margin up vs a year ago",4
APLAPOLLO,0.08836847148678664,0.3327765183152369,0.15332989158492505,0.9366455673392727,0.9193099852263839,0.0,0.0,0.18437227812952564,2.347316286173714,0.019532632818714226,0.056597626250872723,0.010921990288803585,-0.019375809503100038,1256135528.4,10.814611571932797,8.451826677008833,-10.051606090729436,0.22918625388707728,0.0,19.802664232068334,0.10000000000000053,1.0,22.71096847272041,0.12999999999998835,20666.0,True,True,72.1784140969163,Iron & Steel Products,Industrials,10.0,93,"Uptrend (price > 50 > 150 > 200-day, 200-day rising); Quarterly profit growth >= 25%; Sales growth >= 20% or 2+ strong quarters; RS rating >= 80",4
APLLTD,-0.01484391950898407,-0.08297109324059992,0.2722955145118733,-0.42224513042445666,0.8168837675350702,0.0,0.0,0.6383328692240454,2.979498170312192,0.014897257431469592,0.02391041162227614,-0.010414770037507792,-0.021200533736565032,105103194.75,12.230551462409277,25.664632435465773,-28.047529929739557,0.5587149033559001,0.0,11.996571011279865,-0.9600000000000009,1.0,11.823788546255507,-0.3299999999999983,20648.0,True,True,39.1420704845815,Pharmaceuticals,Healthcare,21.0,93,"Uptrend (price > 50 > 150 > 200-day, 200-day rising); Within 15% of 52-week high; Quarterly profit growth >= 25%; 3-year profit growth >= 15%/yr; ROE >= 20%; RS rating >= 80; Net profit margin up vs a year ago",7
APOLLO,0.13714642697046148,0.11111111111111116,1.0833333333333335,0.2810723417795533,0.8445873526259379,0.0,1.0,0.26480235079135334,1.8381917945845754,0.022806412251739232,0.055260085614217136,0.0035455212323742824,-0.038675937797983916,1950296906.9250002,42.51045120906982,88.11947896391672,-121.11526634724214,1.1379245117733006,5.0,81.22697021619227,-3.210000000000001,1.0,8.14927646610815,3.8500000000000005,20673.0,True,True,82.20925110132158,Aerospace & Defense,Industrials,22.0,93,Within 15% of 52-week high; ROE >= 20%; Net profit margin up vs a year ago,3
APOLLOHOSP,0.0001615631181643741,0.1454176751488192,0.18007817765197465,0.33231427196494695,0.8966980872057769,1.0,0.0,-0.477080185683778,5.689246152644831,0.013880163460145686,0.026427480052062746,-0.07603367561040164,-0.03266334847285546,2557758460.0,38.44959134829837,20.56452303110181,5.34554161177747,9.046568704441228,11.0,46.59043152715445,1.12,1.0,21.128691983122362,-0.1699999999999875,20668.0,True,True,45.3568281938326,Hospital,Healthcare,50.0,93,"Uptrend (price > 50 > 150 > 200-day, 200-day rising); RS rating >= 80",2
APOLLOPIPE,0.09369351488527486,0.6116543340380551,0.4707584709996384,0.730175844836192,0.7664473684210528,0.0,0.0,0.2528903280800172,0.8676769972537306,0.026135339931257263,0.03375487306266045,-0.06605739939073263,-0.0356687534266942,156286546.35,-100.0,7.4290909090909185,0.0,-2.5296395473657083,0.0,-31.163308428179548,-6.73,0.0,0.6105006105006106,-3.26,20647.0,True,True,73.70484581497797,Plastic Products - Industrial,Industrials,35.0,93,"Uptrend (price > 50 > 150 > 200-day, 200-day rising); Within 15% of 52-week high; Quarterly profit growth >= 25%; Sales growth >= 20% or 2+ strong quarters; 3-year profit growth >= 15%/yr; ROE >= 20%; RS rating >= 80; Net profit margin up vs a year ago",8
APOLLOTYRE,-0.05394248957014765,-0.10511421063270665,0.07373271889400912,-0.6523102776438535,0.7488436632747456,0.0,0.0,0.6503496092898433,5.848067194814643,0.013544071903230122,0.04401950718685832,-0.050644787518002055,-0.018609404474244664,230050225.725,0.03097081423615311,12.758125583011726,-254.2357322435384,0.0003688889575035479,0.0,18.85538922978405,-0.5699999999999994,1.0,8.207705192629817,-0.5700000000000003,20640.0,True,True,24.640969162995592,Tyres & Rubber Products,Consumer Discretionary,83.0,93,"Uptrend (price > 50 > 150 > 200-day, 200-day rising); Within 15% of 52-week high; Quarterly profit growth >= 25%; Sales growth >= 20% or 2+ strong quarters; ROE >= 20%; RS rating >= 80; Net profit margin up vs a year ago",7
APTUS,-0.0758231939823842,-0.21010132501948553,0.3021534666186978,-0.899937392056275,0.6819277108433736,0.0,0.0,-0.35060489030189756,2.887852715217602,0.018041909585150645,0.03821050892267008,-0.11084300252294366,-0.03144897535410417,248980223.29000002,19.02433973404303,15.382693268750236,-7.010698692533278,4.969480717292957,0.0,23.205279699920833,1.3299999999999983,1.0,18.636363636363637,0.09000000000000341,20648.0,True,True,16.354625550660792,Housing Finance Company,Financial Services,85.0,93,"Uptrend (price > 50 > 150 > 200-day, 200-day rising); Within 15% of 52-week high; Quarterly profit growth >= 25%; Sales growth >= 20% or 2+ strong quarters; ROE >= 20%; RS rating >= 80",6
AREandM,-0.06635632803393066,-0.12246933280143624,0.30849877314298446,-0.8037583302889666,0.7305962854349951,0.0,0.0,-0.0636726598810305,0.8667826877381969,0.018552711378357355,0.0247730711043872,-0.14199943748959643,-0.027754334186783317,358536776.675,15.741683751395419,23.917696731626425,4.135966621335729,0.5608600639696671,0.0,-2.8688111951325923,-0.3199999999999994,1.0,11.063094209161624,-1.6099999999999994,20652.0,True,True,19.40748898678414,Auto Components & Equipments,Consumer Discretionary,20.0,93,"Uptrend (price > 50 > 150 > 200-day, 200-day rising); Within 15% of 52-week high; Quarterly profit growth >= 25%; 3-year profit growth >= 15%/yr; ROE >= 20%; RS rating >= 80; Net profit margin up vs a year ago",7
ARFIN,0.13679141149047985,0.8168295792605185,0.16659844453540718,2.2131776150934086,0.821563088512241,0.0,1.0,0.1687111280042964,1.0010266190195374,0.02411912710486399,0.09204493351673548,0.00042195447478143855,-0.029975219593316938,100681015.74,277.08585023484886,95.45287525261806,-22.914149765151137,1.1659013389409512,3.0,22.98145339311446,0.9199999999999999,1.0,8.823529411764707,-0.75,20676.0,True,True,82.10022026431717,Aluminium,Commodities,3.0,93,Within 15% of 52-week high; ROE >= 20%,2
ARIS,0.04543046359730346,-0.16052530919291086,0.3639941992956288,-0.2203063645030824,0.7776780706674145,0.0,0.0,0.9503945715473381,2.462614958900856,0.030732905093527167,0.09216510769758846,0.036569229458122354,-0.06315018282217927,201638521.27,211.80725437688994,37.122783855149,111.80725437688994,1.624082303862539,4.0,,3.86,1.0,8.119079837618404,-4.81,20645.0,True,True,60.83920704845815,Other Construction Materials,Commodities,,93,"Uptrend (price > 50 > 150 > 200-day, 200-day rising); Within 15% of 52-week high; 3-year profit growth >= 15%/yr; ROE >= 20%; RS rating >= 80",5
ARMANFIN,0.03965726161649367,0.27626331960515116,0.45314477112020835,0.36740303803530794,0.8173816362457149,0.0,0.0,-0.007069891065666598,5.317155333806372,0.026411999989864945,0.04424873231918869,-0.09641670123471968,-0.06262677544982595,60550541.4,100.0,33.62913907284768,-121.47830448959115,1.9292595900991112,3.0,-0.4690389681385354,32.05,1.0,6.102783725910064,1.1400000000000006,20677.0,True,True,58.87665198237885,Non Banking Financial Company (NBFC),Financial Services,37.0,93,"Uptrend (price > 50 > 150 > 200-day, 200-day rising); Within 15% of 52-week high; 3-year profit growth >= 15%/yr; ROE >= 20%; RS rating >= 80",5
ARSSBL,,,0.2169337479071991,,0.6555324904069949,0.0,0.0,0.4831018349938443,2.3462830777471626,0.016417695702933374,0.03606796622537267,0.026153573468302493,-0.018904256496074474,67781000.8,70.78009996063696,22.37084182785538,-55.064447810657526,1.059401742818052,3.0,,4.49,1.0,9.56973293768546,-1.5900000000000007,20648.0,True,True,,Stockbroking & Allied,Financial Services,11.0,93,"Uptrend (price > 50 > 150 > 200-day, 200-day rising); Within 15% of 52-week high; 3-year profit growth >= 15%/yr; ROE >= 20%; RS rating >= 80",5
ARTEMISMED,0.14617081324711556,0.34709385910864654,0.5957860931341541,1.0315386914253197,0.8880675818373811,1.0,1.0,1.4193914109780932,23.987400299447625,0.02492547380691897,0.07514277126540425,0.042205609445530534,-0.03681593167016905,117466269.2,48.17939013057855,12.692187009727007,16.06268356217855,5.421436920989427,2.0,43.312770414822396,2.619999999999999,1.0,11.122994652406417,-0.40000000000000036,20642.0,True,True,83.40859030837005,Hospital,Healthcare,50.0,93,ROE >= 20%,1
ARVIND,0.12551187785705104,0.7576904874585899,0.6448184233835255,1.7391737510399992,0.879601416453924,0.0,0.0,-0.10469918985951307,0.9286064327686169,0.020859216754278372,0.03182854537163715,-0.02121061612138797,-0.023260716613733523,347164946.79999995,32.416435857561886,24.65409306591173,29.011021013682203,0.6676784505205509,1.0,11.430230364523041,0.16999999999999993,1.0,10.558852621167162,2.3400000000000034,20677.0,True,True,80.2466960352423,Garments & Apparels,Consumer Discretionary,16.0,93,"Uptrend (price > 50 > 150 > 200-day, 200-day rising); 3-year profit growth >= 15%/yr; ROE >= 20%",3
ARVINDFASN,-0.10006298043821443,-0.1669541534271448,0.13705080545229253,-0.881195549678291,0.667311072056239,0.0,0.0,-0.4076878047180969,1.4953697081281483,0.01723012722138345,0.020895880869460814,-0.13840247065417421,-0.04946937357559682,79269543.6,11.390914132224328,15.459988621072696,-88.60908586777568,0.04334777272737982,0.0,35.284619673302984,-0.08000000000000007,1.0,19.51219512195122,0.5399999999999991,20655.0,True,True,9.485682819383259,Speciality Retail,Consumer Discretionary,81.0,93,"Uptrend (price > 50 > 150 > 200-day, 200-day rising); Within 15% of 52-week high; Quarterly profit growth >= 25%; Sales growth >= 20% or 2+ strong quarters; ROE >= 20%; RS rating >= 80; Net profit margin up vs a year ago",7
ASAHIINDIA,0.030622483562136354,0.041269841269841345,0.2126466088730241,0.10150214897708734,0.8791899441340782,0.0,0.0,0.36027625202028046,1.6145242630846954,0.014474868426737623,0.026136789673825822,0.009057742574595906,-0.01360534295182849,106067072.8,172.09440951980346,15.027589237755755,127.45446533678876,3.3481105804479308,3.0,7.7533179384124296,6.090000000000001,1.0,8.774160732451678,-0.08999999999999986,20670.0,True,True,56.15088105726873,Auto Components & Equipments,Consumer Discretionary,20.0,93,"Uptrend (price > 50 > 150 > 200-day, 200-day rising); 3-year profit growth >= 15%/yr; ROE >= 20%; RS rating >= 80",4
ASHAPURMIN,-0.03281472002801776,-0.13121676571786045,0.20892274211099027,-0.43236885941526476,0.5297329441020651,0.0,0.0,-0.1240726525940651,0.944566024019749,0.0277715742148723,0.03223239156386781,-0.1774255829961553,-0.031844316504557456,215753665.975,-4.907301339060687,19.22069682864034,-58.50594763163895,-0.12044907819602617,0.0,32.65899757074424,-1.7000000000000002,1.0,25.227410551849605,-0.21000000000000085,20672.0,True,True,32.818281938325995,Industrial Minerals,Commodities,76.0,93,"Uptrend (price > 50 > 150 > 200-day, 200-day rising); Within 15% of 52-week high; Quarterly profit growth >= 25%; Sales growth >= 20% or 2+ strong quarters; RS rating >= 80; Net profit margin up vs a year ago",6
ASHOKA,-0.12660943478039363,-0.3715155895106339,0.19210809752276514,-1.2104621697814988,0.49095571095571094,0.0,0.0,1.5977860983599466,0.3451906143019067,0.016860831857059833,0.042555147058823684,-0.08593638790807812,-0.024842676308545763,66080828.055,-43.93630700251781,-20.532359689889624,21.355956426937993,-0.28415998206774806,0.0,50.82625309187003,-3.539999999999999,1.0,39.15488676090591,-1.879999999999999,20676.0,True,True,4.252202643171806,Civil Construction,Industrials,77.0,93,"Uptrend (price > 50 > 150 > 200-day, 200-day rising); Within 15% of 52-week high; Quarterly profit growth >= 25%; Sales growth >= 20% or 2+ strong quarters; RS rating >= 80; Net profit margin up vs a year ago",6
ASHOKLEY,0.0015540869809089405,0.19872065232672576,0.10640368520080457,0.15652402917655817,0.6985423823229041,0.0,0.0,0.03755979014648937,1.3280817086303727,0.01814784534789455,0.0276131635354937,-0.09786876892179497,-0.029124717419693528,2227249389.6800003,1.4948028596847518,11.62442114900748,-4.8241473700209925,0.08428557470675564,0.0,28.67218504610467,-0.5099999999999998,1.0,26.128783091075064,-1.2100000000000009,20656.0,True,True,46.120044052863435,Commercial Vehicles,Industrials,,93,"Uptrend (price > 50 > 150 > 200-day, 200-day rising); Within 15% of 52-week high; Quarterly profit growth >= 25%; Sales growth >= 20% or 2+ strong quarters; RS rating >= 80; Net profit margin up vs a year ago",6
ASIANENE,0.17491294409108946,0.433729634522237,1.0447979903705256,0.7484585843726982,0.8250839667668375,0.0,1.0,1.0046222248464187,0.501303968389262,0.03742098583871139,0.08157483391949971,0.022599055725349704,-0.0427104728332932,174800783.45,126.87250357722908,135.06110774031376,73.32630807443803,1.027674009061262,3.0,67.54170620789878,-0.16999999999999993,1.0,10.526315789473683,-0.49000000000000044,20678.0,True,True,86.78854625550662,Oil Equipment & Services,Energy,,93,Within 15% of 52-week high; ROE >= 20%; Net profit margin up vs a year ago,3
ASIANPAINT,-0.014222700329218175,0.04814422920397199,0.18949750600406445,-0.08395088689553494,0.8061761061057708,0.0,0.0,-0.07365207614736873,1.4693405198133707,0.011208007232633224,0.02144021398420204,-0.07204221648904274,-0.012328350129604832,1577933099.25,39.54414763020846,17.937920579959844,-4.139713789374284,1.417785853709172,2.0,1.3741956725505045,2.289999999999999,1.0,20.564289724873667,0.1700000000000017,20663.0,True,True,39.469162995594715,Paints,Consumer Discretionary,61.0,93,"Uptrend (price > 50 > 150 > 200-day, 200-day rising); Within 15% of 52-week high; 3-year profit growth >= 15%/yr; RS rating >= 80",4
ASIANTILES,-0.0415126744691193,-0.17741407528641573,-0.10996989551974501,-0.43601145296124283,0.606501391348343,0.0,0.0,1.1808578826708367,0.260106518597638,0.03731817107484279,0.021361549211419417,-0.05862997777620693,-0.015836836500827716,257737486.70999998,11.759381737047692,36.758190809808376,-157.2908263717032,0.05817956043158026,0.0,-5.496549266605378,-0.3400000000000001,1.0,1.2483574244415243,0.33000000000000007,20676.0,True,True,29.54735682819383,Ceramics,Consumer Discretionary,34.0,93,"Uptrend (price > 50 > 150 > 200-day, 200-day rising); Within 15% of 52-week high; Quarterly profit growth >= 25%; 3-year profit growth >= 15%/yr; ROE >= 20%; RS rating >= 80; Net profit margin up vs a year ago",7
ASKAUTOLTD,0.10299730009860725,0.12226341807909602,0.42922990444069686,0.24542918239836425,0.8988657844990547,0.0,1.0,1.3541126621361517,0.7725948361522595,0.033564522496184815,0.06034900630150264,0.004829488652896119,-0.029323174515284742,180978582.375,28.933343805046597,52.375769951418725,4.678461300428218,3.2718599473408685,3.0,32.74930959084126,-1.1400000000000006,1.0,22.65446224256293,0.9299999999999997,20650.0,True,True,76.4306167400881,Auto Components & Equipments,Consumer Discretionary,20.0,93,RS rating >= 80; Net profit margin up vs a year ago,2
ASTERDM,0.006463676838980809,0.19781869912273775,0.1310447761194029,0.41483893818784745,0.7953550992931673,0.0,0.0,-1.6949003227740838,1.4175831626043385,0.01682015000634679,0.03566258718252402,-0.0960721408133185,-0.029110770827111217,811203490.25,-10.293536094334199,21.599079666379083,-53.96979019792961,-0.40483975021952645,0.0,12.07321424827892,-2.3500000000000005,1.0,10.164246607950487,-11.379999999999999,20670.0,True,True,47.10132158590308,Hospital,Healthcare,50.0,93,"Uptrend (price > 50 > 150 > 200-day, 200-day rising); Within 15% of 52-week high; Quarterly profit growth >= 25%; 3-year profit growth >= 15%/yr; ROE >= 20%; RS rating >= 80; Net profit margin up vs a year ago",7
ASTRAL,-0.015466978871928428,0.04660045836516424,-0.057535959974984396,-0.2183963357738191,0.7598801379544298,0.0,0.0,-0.06725276152039279,0.9485518296476224,0.017352745504340347,0.020587604546429272,-0.08050380728892303,-0.02007741024878463,642933209.25,51.78087254726724,15.927123126652942,29.68015787909819,1.6265476673989585,2.0,6.719501930224991,1.7999999999999998,1.0,13.183834401182848,-0.6000000000000014,20666.0,True,True,38.59691629955947,Plastic Products - Industrial,Industrials,35.0,93,"Uptrend (price > 50 > 150 > 200-day, 200-day rising); Within 15% of 52-week high; 3-year profit growth >= 15%/yr; ROE >= 20%; RS rating >= 80",5
ASTRAMICRO,0.13241192330019216,0.4988889876455429,0.9707841533247634,1.0764816322440787,0.8288265306122449,0.0,0.0,0.10211660724664973,1.4743497536553145,0.025015557942024768,0.03930570404377076,-0.04582058255164434,-0.019460061305872894,500905586.35,-24.139711309654544,-11.55059330095629,-68.3638410650909,-0.314707497291205,0.0,50.947654144387066,-1.1600000000000001,1.0,14.67680608365019,3.849999999999998,20675.0,True,True,81.33700440528634,Aerospace & Defense,Industrials,22.0,93,"Uptrend (price > 50 > 150 > 200-day, 200-day rising); Within 15% of 52-week high; Quarterly profit growth >= 25%; Sales growth >= 20% or 2+ strong quarters; ROE >= 20%; Net profit margin up vs a year ago",6
ATGL,-0.04403136438729999,-0.08039862130975572,0.2033532699284244,-0.29246173897432787,0.6780833866372041,0.0,0.0,0.9081454018274223,0.49338504123617755,0.021649717562548337,0.12555366269165247,-0.07868289815499574,-0.039845593953803556,381088443.525,-14.281728605655308,27.198276487400076,-23.13297007399853,-1.1493761332571302,0.0,4.238848312941723,-3.91,1.0,13.484069886947585,0.10000000000000142,20655.0,True,True,28.129955947136562,LPG/CNG/PNG/LNG Supplier,Energy,68.0,93,"Uptrend (price > 50 > 150 > 200-day, 200-day rising); Within 15% of 52-week high; Quarterly profit growth >= 25%; 3-year profit growth >= 15%/yr; ROE >= 20%; RS rating >= 80; Net profit margin up vs a year ago",7
ATLANTAELE,,,0.5164442226934431,,0.79740778593329,0.0,1.0,0.2930820224151473,2.4703370630207346,0.030696737216899993,0.0674087432373609,0.014755784669591154,-0.03537549094456879,186008600.29999998,50.38618350227158,47.98959093649835,-78.68896914350832,0.5961610762793519,3.0,,0.15999999999999837,1.0,21.743810548977397,-0.02999999999999936,20655.0,True,True,,Heavy Electrical Equipment,Industrials,32.0,93,Within 15% of 52-week high; 3-year profit growth >= 15%/yr; RS rating >= 80,3
ATUL,-0.032826567794326224,0.030012771392081694,0.013111407709821776,-0.25488147600690547,0.8162952646239554,0.0,0.0,0.4550760065956495,1.1715085984776263,0.015339455053026087,0.021618580728120174,-0.0908879392580988,-0.021295290268227136,195883756.5,91.73195709694568,25.030446549391062,29.433342623463503,5.193045279316699,4.0,22.116590372440715,4.779999999999999,1.0,11.075389808712426,-0.020000000000003126,20643.0,True,True,32.60022026431718,Specialty Chemicals,Commodities,39.0,93,"Uptrend (price > 50 > 150 > 200-day, 200-day rising); Within 15% of 52-week high; ROE >= 20%; RS rating >= 80",4
AUBANK,0.06195695376858733,0.46600556951708216,0.2806455440844904,1.1381544957308425,0.8626868280744691,0.0,0.0,0.482021572065503,1.6040116696017073,0.017084960928908065,0.01965811965811981,-0.06648658464611612,-0.02424229117826801,1337658471.95,36.990578696887646,21.110258448214438,-28.186576690279857,2.1861236214052635,3.0,22.667168274438044,1.7400000000000002,1.0,13.22285084864567,0.21999999999998465,20679.0,True,True,66.18171806167402,Other Bank,Financial Services,28.0,93,"Uptrend (price > 50 > 150 > 200-day, 200-day rising); ROE >= 20%; RS rating >= 80",3
AURIONPRO,-0.16216847628862818,-0.40997112281297776,-0.04139643990616804,-1.0797049634465858,0.4901612903225806,0.0,0.0,-0.11922000678857508,0.9183810669525594,0.0224954195036901,0.02614379084967311,-0.13816084261155148,-0.04796525182164412,99098698.5,-11.020138532585877,6.309007778635478,-28.884922815730228,-1.6685581391596087,0.0,24.756811491990426,-2.4499999999999993,1.0,12.197928653624857,-0.05000000000000071,20661.0,True,True,1.526431718061674,Computers - Software & Consulting,Information Technology,80.0,93,"Uptrend (price > 50 > 150 > 200-day, 200-day rising); Within 15% of 52-week high; Quarterly profit growth >= 25%; Sales growth >= 20% or 2+ strong quarters; ROE >= 20%; RS rating >= 80; Net profit margin up vs a year ago",7
AUROPHARMA,0.0997847230812726,0.5430378586488218,0.2904783808647653,2.080761211315772,0.9636781609195402,1.0,1.0,0.28089439300036784,1.288293863111605,0.015141208877119778,0.028606208155812496,0.020080399466599008,-0.015087620163511681,1322186151.0,28.05901394738779,16.296227570937983,26.065887409895836,1.7306602372669884,1.0,23.27190996312276,1.0599999999999987,1.0,9.244939431527275,0.36999999999999744,20670.0,True,True,75.44933920704847,Pharmaceuticals,Healthcare,21.0,93,Sales growth >= 20% or 2+ strong quarters; ROE >= 20%; RS rating >= 80,3
AVADHSUGAR,0.24052165469196635,0.9053459847257577,0.7539412015338731,1.7264962653661762,0.8641500904159133,0.0,1.0,1.2422070977127244,1.4028662650863992,0.036400549298746025,0.0999861897527965,0.06987788615861223,-0.043528917499838296,96444175.80000001,100.0,8.741156277473095,123.18956464450032,0.5657376462381919,1.0,-13.182833671874395,1.2,1.0,5.0711743772241995,-0.28,20679.0,True,True,93.22136563876653,Sugar,Fast Moving Consumer Goods,30.0,93,Sales growth >= 20% or 2+ strong quarters; 3-year profit growth >= 15%/yr; ROE >= 20%,3
AVALON,0.28186959244888654,1.3158210147822609,1.498491379310345,2.2961427639616434,0.8709702062643239,1.0,1.0,0.49291843743728275,3.261269364347928,0.03776814467456529,0.13798206278026903,0.07635299393424444,-0.048476494096103606,813290294.35,145.17364420862611,49.828338127493744,75.71601725479778,2.2733081317822523,8.0,38.482316783169466,2.8,1.0,15.672676837725383,-0.060000000000002274,20669.0,True,True,94.965859030837,Other Electrical Equipment,Industrials,49.0,93,ROE >= 20%,1
AVANTEL,-0.051328977055271376,-0.16048655020898095,0.23791087231352703,-0.42257133311404443,0.6989767441860465,0.0,0.0,0.4651446918659332,1.4484071085667922,0.01995427332744355,0.06273517137579532,-0.04388411580276064,-0.034397565448679265,114090329.33000001,66.84609338076481,35.657869389327686,88.40640150008801,0.2353739146398581,1.0,-17.41346905512765,1.4300000000000006,1.0,4.437869822485207,1.2099999999999995,20645.0,True,True,25.07709251101322,Aerospace & Defense,Industrials,22.0,93,"Uptrend (price > 50 > 150 > 200-day, 200-day rising); Within 15% of 52-week high; 3-year profit growth >= 15%/yr; ROE >= 20%; RS rating >= 80",5
AVANTIFEED,-0.01322970736891145,0.22205936240381097,-0.29102891156462585,0.08011056838428755,0.4464487388630945,0.0,0.0,-0.22664652047248635,1.7317744960020933,0.021477980258709922,0.0643315745979276,-0.1510864494761921,-0.03764332735638126,225941810.7,-37.30785832570046,18.316051689241775,-30.70438200644594,-3.187622703434437,0.0,18.23131400903297,-5.430000000000001,1.0,19.993913572732804,0.08999999999999986,20657.0,True,True,40.014317180616736,Animal Feed,Fast Moving Consumer Goods,,93,"Uptrend (price > 50 > 150 > 200-day, 200-day rising); Within 15% of 52-week high; Quarterly profit growth >= 25%; Sales growth >= 20% or 2+ strong quarters; ROE >= 20%; RS rating >= 80; Net profit margin up vs a year ago",7
AVL,-0.010660711202308465,0.04344071163312879,0.2635431918008784,-0.04057201164914003,0.81177304964539,0.0,0.0,-0.04209685088727836,1.273016478610106,0.015216054454496933,0.02561535252398839,-0.06525875656385005,-0.033256069338585,95196013.94999999,39.81572271426359,26.849813343543616,3.5602859134553455,4.506305874352108,2.0,23.102003127898897,0.5999999999999996,1.0,16.9811320754717,0.9699999999999989,20679.0,True,True,41.10462555066079,Speciality Retail,Consumer Discretionary,81.0,93,"Uptrend (price > 50 > 150 > 200-day, 200-day rising); Within 15% of 52-week high; ROE >= 20%; RS rating >= 80",4
AWFIS,-0.16594260870484503,-0.5540471746139487,0.13938868415347927,-1.2159945851422527,0.3679386925242415,0.0,0.0,0.7591078329348265,0.7988290866245711,0.031116207025452623,0.17467948717948723,-0.11728354761513471,-0.06382510062608118,64965996.675000004,140.27816155106345,26.9554825216612,29.63417619790212,2.2122823596829297,3.0,,2.6599999999999997,1.0,12.839059674502712,-0.4399999999999977,20678.0,True,True,1.090308370044053,Diversified Commercial Services,Services,62.0,93,"Uptrend (price > 50 > 150 > 200-day, 200-day rising); Within 15% of 52-week high; 3-year profit growth >= 15%/yr; ROE >= 20%; RS rating >= 80",5
AWL,-0.08030166236741221,-0.2310917721518988,0.09343533779602842,-1.1314799347190914,0.6201131141746201,0.0,0.0,0.2660579711082182,3.531289447664746,0.013254524962132726,0.016821409066084092,-0.07230941704035865,-0.01882640564561139,293870395.8,47.962845997643264,17.524774820985243,-5.6688442273987505,0.5568454115472565,2.0,56.4416189780818,0.3600000000000001,1.0,10.009578544061302,-0.6699999999999946,20664.0,True,True,15.046255506607928,Edible Oil,Fast Moving Consumer Goods,82.0,93,"Uptrend (price > 50 > 150 > 200-day, 200-day rising); Within 15% of 52-week high; ROE >= 20%; RS rating >= 80",4
AXISBANK,-0.0050519040891232846,0.0855121235654499,0.08326875053818994,0.204089574300722,0.858140026792639,0.0,0.0,0.04348066767842525,1.3082467016685249,0.015023673524855452,0.03025705857564276,-0.01904207697751159,-0.015672313424633735,6867326417.200001,22.156247252468695,9.872695049602264,20.40956511570777,1.6007567778276985,1.0,6.846649718726172,2.169999999999998,1.0,12.345839766364703,-2.7900000000000063,20652.0,True,True,43.2852422907489,Private Sector Bank,Financial Services,23.0,93,"Uptrend (price > 50 > 150 > 200-day, 200-day rising); Quarterly profit growth >= 25%; Sales growth >= 20% or 2+ strong quarters; 3-year profit growth >= 15%/yr; ROE >= 20%; RS rating >= 80",6
AXISCADES,0.1637076696759763,-0.023170152091254725,0.08571051241415728,0.7397055652779365,0.9819969356486211,1.0,0.0,0.6699805779555014,5.935971830466183,0.03166461530695126,0.09997339718010112,0.3558507312532615,-0.0734017814440765,266089427.45,-100.0,94.1649899396378,0.0,-0.35891528520015237,0.0,-15.066788092286155,-5.37,0.0,9.903713892709765,0.6200000000000001,20678.0,True,True,85.37114537444934,Aerospace & Defense,Industrials,22.0,93,"Uptrend (price > 50 > 150 > 200-day, 200-day rising); Quarterly profit growth >= 25%; 3-year profit growth >= 15%/yr; ROE >= 20%; Net profit margin up vs a year ago",5
AZAD,0.20611598060697778,0.7598688281153323,0.9166442048517522,1.7716460200932076,0.9146392148086576,1.0,1.0,1.1297972487116865,8.59023278743376,0.03101950129368108,0.07100909684105483,0.069394584136373,-0.03672294240317808,1149831542.0,19.452157855767283,25.90269166241155,-28.906659246032575,1.5722532258623019,0.0,,-1.0999999999999979,1.0,8.763897972531067,-2.84,20672.0,True,True,90.82268722466961,Heavy Electrical Equipment,Industrials,32.0,93,Quarterly profit growth >= 25%; 3-year profit growth >= 15%/yr; ROE >= 20%; Net profit margin up vs a year ago,4
BAJAJ-AUTO,0.032332032393272564,0.3984613644077384,0.4076182884473041,0.5701946690265075,0.8055332798716921,0.0,0.0,-0.08453544590970097,5.2516654572540915,0.01772601574347523,0.014793417366946837,-0.1318311577975736,-0.042963721935642886,2682811760.0,44.242694064824065,65.14316606197201,-47.92547523715611,1.4324092766960788,4.0,20.98225719405327,-2.129999999999999,1.0,27.230119489081172,-0.740000000000002,20655.0,True,True,56.69603524229075,2/3 Wheelers,Consumer Discretionary,36.0,93,"Uptrend (price > 50 > 150 > 200-day, 200-day rising); Within 15% of 52-week high; RS rating >= 80; Net profit margin up vs a year ago",4
BAJAJCON,0.15512544439957648,0.9150706054211979,0.3565679793043979,2.0400250760766108,0.7182803468208092,0.0,0.0,0.07161733967893427,1.3249037394774716,0.028905269079613424,0.05035600041275412,-0.022407624846836338,-0.02319005786653509,317683918.4,84.81467082608309,24.93507443578771,-20.549567086524988,2.0704952241094383,4.0,13.748901211458842,6.710000000000001,1.0,25.165562913907287,0.16000000000000014,20647.0,True,True,84.38986784140968,Personal Care,Fast Moving Consumer Goods,72.0,93,"Uptrend (price > 50 > 150 > 200-day, 200-day rising); Within 15% of 52-week high; 3-year profit growth >= 15%/yr",3
BAJAJFINSV,-0.04529394073144052,-0.046974676203363486,0.20848143154798393,-0.6607482242222724,0.7893394077448747,0.0,0.0,0.18327290400283622,2.2917352725699836,0.01575066954222669,0.01266864100032894,-0.10766432192067954,-0.03806024956223815,1456735341.25,18.179311808201494,19.1260085650095,8.231782632228702,3.601077069213893,0.0,16.145192432072776,-0.11999999999999922,1.0,25.2441763460181,0.01999999999999602,20644.0,True,True,26.930616740088105,Holding Company,Financial Services,69.0,93,"Uptrend (price > 50 > 150 > 200-day, 200-day rising); Within 15% of 52-week high; Quarterly profit growth >= 25%; Sales growth >= 20% or 2+ strong quarters; RS rating >= 80; Net profit margin up vs a year ago",6
BAJAJHFL,-0.06314866527629884,-0.2589445438282648,0.13353399917909403,-1.1825514639770556,0.7308065226972233,0.0,0.0,-0.22668213328541628,1.8382737229290769,0.01011640785606338,0.034824667472793225,-0.017430505517842865,-0.012461681271250207,206658560.075,22.614621452615392,17.100901858386443,8.578002687094077,2.573598577911252,1.0,,1.0500000000000007,1.0,11.366159037428407,-0.27,20679.0,True,True,21.26101321585903,Housing Finance Company,Financial Services,85.0,93,"Uptrend (price > 50 > 150 > 200-day, 200-day rising); Within 15% of 52-week high; Quarterly profit growth >= 25%; Sales growth >= 20% or 2+ strong quarters; 3-year profit growth >= 15%/yr; ROE >= 20%; RS rating >= 80",7
BAJAJHLDNG,-0.03577563643962627,-0.14337650533969548,0.2931625886119369,-0.6695955461908173,0.8041921133981754,0.0,0.0,0.20109023342566099,1.3729204869552307,0.01543732366702835,0.024704813805631165,-0.04608758178819672,-0.023504765976560666,429401784.0,31.196678610507146,21.45937288240003,-15.991627717047454,1.2504228810053286,2.0,18.592003140706638,50.97000000000003,1.0,13.38209159261791,0.030000000000001137,20642.0,True,True,31.509911894273124,Holding Company,Financial Services,69.0,93,"Uptrend (price > 50 > 150 > 200-day, 200-day rising); Within 15% of 52-week high; ROE >= 20%; RS rating >= 80",4
BAJFINANCE,-0.02034475934086428,0.02345229424617634,0.31482752167675154,-0.2575695587764618,0.806103366201972,0.0,0.0,-0.29070206985401426,1.2029596821835968,0.020163655523493775,0.03409992069785894,-0.10390133181636918,-0.03178021057811551,6142696782.2,27.595729621466127,18.65187657371383,5.455839948490638,3.830942486136863,2.0,19.036178307387885,1.8399999999999999,1.0,16.958043491609576,0.07000000000000028,20644.0,True,True,37.1795154185022,Non Banking Financial Company (NBFC),Financial Services,37.0,93,"Uptrend (price > 50 > 150 > 200-day, 200-day rising); Within 15% of 52-week high; ROE >= 20%; RS rating >= 80",4
BALAMINES,0.14859868246931934,0.6241153872076564,1.465923045435939,0.6816622159884138,0.7803635257434024,0.0,0.0,-0.1467435760590735,0.9361440412380284,0.03248044022403787,0.061854224133900404,-0.07319593402087188,-0.036755272479136715,380586465.04999995,113.88782250375642,27.233911927219978,53.61949362903904,2.2718532909056544,2.0,-13.480645988286266,6.9399999999999995,1.0,8.552631578947368,0.2999999999999998,20661.0,True,True,83.51762114537445,Specialty Chemicals,Commodities,39.0,93,"Uptrend (price > 50 > 150 > 200-day, 200-day rising); Within 15% of 52-week high; 3-year profit growth >= 15%/yr; ROE >= 20%",4
BALKRISIND,-0.0399905939578999,-0.03497082315937594,0.11944311089774362,-0.4039160604858291,0.7508108108108108,0.0,0.0,-0.27356056505239595,0.5710876894976843,0.02318136884183191,0.04353233830845782,-0.0868402437196435,-0.022675674544686213,411193123.6,56.33779472300478,25.1900348548199,75.08801711862301,1.3043720778624095,1.0,9.10891131613376,2.6000000000000014,1.0,11.345381526104417,-0.45000000000000284,20641.0,True,True,30.092511013215855,Tyres & Rubber Products,Consumer Discretionary,83.0,93,"Uptrend (price > 50 > 150 > 200-day, 200-day rising); Within 15% of 52-week high; 3-year profit growth >= 15%/yr; ROE >= 20%; RS rating >= 80",5
BALRAMCHIN,0.10131348454773018,0.4239940387481371,0.3455039227519614,0.9527791293466186,0.831103143607145,0.0,0.0,0.4801043211636706,1.2215849499897113,0.03605890301851728,0.05166106756252331,-0.01748856726354575,-0.021729459950482415,792654593.925,-14.207396058123967,6.128628579950335,16.14850132315277,-0.15765898459311986,0.0,2.4345507941913036,-0.6399999999999997,1.0,9.134847752537457,0.3200000000000003,20676.0,True,True,76.2125550660793,Sugar,Fast Moving Consumer Goods,30.0,93,"Uptrend (price > 50 > 150 > 200-day, 200-day rising); Within 15% of 52-week high; Quarterly profit growth >= 25%; Sales growth >= 20% or 2+ strong quarters; 3-year profit growth >= 15%/yr; ROE >= 20%; RS rating >= 80; Net profit margin up vs a year ago",8
BALUFORGE,-0.019441835093191882,-0.01769072816300754,0.6103055411703779,-0.44008169228514277,0.7211651917404129,0.0,0.0,0.6488580034630874,0.4157982755575456,0.03360912869830609,0.04096889952153093,-0.0488297853714903,-0.03139227712121661,434904294.2,15.875216862620256,28.949399656946827,11.03302597000555,0.8521291931317437,0.0,77.17129994182461,-2.4800000000000004,1.0,16.248431618569636,-0.9299999999999997,20677.0,True,True,37.50660792951542,Castings & Forgings,Industrials,14.0,93,"Uptrend (price > 50 > 150 > 200-day, 200-day rising); Within 15% of 52-week high; Quarterly profit growth >= 25%; ROE >= 20%; RS rating >= 80; Net profit margin up vs a year ago",6
BANCOINDIA,-0.07111441613055375,-0.24934939175694493,0.2296024586100922,-0.6796913967496993,0.6704364628324619,0.0,0.0,0.027249015925974954,0.9023377181869762,0.019269549363918864,0.018463873197875458,-0.05221532716527455,-0.017974944543359333,58233687.95,11.771116613407484,22.040223072086107,17.430453526846044,0.30112279327564145,0.0,21.339148757587555,-0.9499999999999993,1.0,28.6053412462908,-0.11999999999999922,20673.0,True,True,17.881057268722465,Auto Components & Equipments,Consumer Discretionary,20.0,93,"Uptrend (price > 50 > 150 > 200-day, 200-day rising); Within 15% of 52-week high; Quarterly profit growth >= 25%; RS rating >= 80; Net profit margin up vs a year ago",5
BANDHANBNK,0.012757102338163958,0.027954817946614474,0.15245843650512914,0.2638647272243331,0.7972458778764269,0.0,0.0,0.40758884716937005,0.9732168200613399,0.030370428141184038,0.04177292046144521,0.01543226259078323,-0.0345590787888947,1441983067.4,34.93550576334199,2.8296390721764375,-33.101536799875376,0.2847009859921088,2.0,-12.626745394324079,2.12,1.0,4.785923753665689,1.7100000000000009,20679.0,True,True,50.04515418502203,Private Sector Bank,Financial Services,23.0,93,"Uptrend (price > 50 > 150 > 200-day, 200-day rising); Within 15% of 52-week high; 3-year profit growth >= 15%/yr; ROE >= 20%; RS rating >= 80",5
BANKBARODA,-0.03176975504950212,-0.06553445767975785,-0.03998384491114704,-0.33457397207394257,0.7091244239631336,0.0,0.0,-0.231180619745974,1.425174032566914,0.013116513198008434,0.015036309269542913,-0.040042720219989114,-0.014005046341789168,1804690488.0500002,67.44996991024391,6.840469769803792,59.691734142547986,3.633037430681551,1.0,8.58220244079746,6.07,1.0,12.099910170073974,-0.14000000000000057,20658.0,True,True,33.25440528634361,Public Sector Bank,Financial Services,58.0,93,"Uptrend (price > 50 > 150 > 200-day, 200-day rising); Within 15% of 52-week high; Sales growth >= 20% or 2+ strong quarters; 3-year profit growth >= 15%/yr; ROE >= 20%; RS rating >= 80",6
BANKINDIA,-0.0030849284157855143,0.1765435159930573,0.03912694357252344,0.2100903477312057,0.7259475218658891,0.0,0.0,-0.011606297787686022,1.6195517672383917,0.016098319654922092,0.019268666520692035,-0.07775938551481087,-0.031994004748360574,756003209.63,49.844007875368405,8.828312289044927,31.132608517174504,3.2738456289357396,1.0,35.42832704105765,4.500000000000002,1.0,11.459792347539963,-0.389999999999997,20658.0,True,True,44.157488986784145,Public Sector Bank,Financial Services,58.0,93,"Uptrend (price > 50 > 150 > 200-day, 200-day rising); Within 15% of 52-week high; Sales growth >= 20% or 2+ strong quarters; ROE >= 20%; RS rating >= 80",5
BASF,-0.0649620008846629,-0.1843497874555392,0.1703491628804381,-0.8546695511082971,0.7074887678833931,0.0,0.0,0.966668551687622,0.36820785110729315,0.017848590878753675,0.016113376043486838,-0.09528774408909502,-0.024277687529105214,62392590.2,152.8817385464096,24.51181301522245,-49.82089654393235,2.669594795977278,2.0,95.87118218034503,3.66,1.0,10.614101592115238,-0.129999999999999,20651.0,True,True,20.279735682819386,Specialty Chemicals,Commodities,39.0,93,"Uptrend (price > 50 > 150 > 200-day, 200-day rising); Within 15% of 52-week high; ROE >= 20%; RS rating >= 80",4
BATAINDIA,-0.13421076146355204,-0.44191315811155973,0.11497942386831284,-1.6042619778888159,0.49515347334410337,0.0,0.0,0.5459594126404078,0.3483870364361341,0.013974865678755364,0.0103661719740471,-0.09822837917952021,-0.01770542586533526,101044916.575,16.00024351174374,3.9390561129691637,74.5760973532736,0.5174466116587896,0.0,-17.57054366467279,0.6799999999999997,1.0,8.401253918495298,-1.2199999999999989,20652.0,True,True,3.2709251101321586,Footwear,Consumer Discretionary,,93,"Uptrend (price > 50 > 150 > 200-day, 200-day rising); Within 15% of 52-week high; Quarterly profit growth >= 25%; Sales growth >= 20% or 2+ strong quarters; 3-year profit growth >= 15%/yr; ROE >= 20%; RS rating >= 80",7
BBL,-0.11188551339108005,-0.2806005335318569,0.12098216443520693,-0.9980183448077358,0.6067428906479038,0.0,0.0,-0.4266340009594036,1.1264637846916328,0.01725820711683759,0.015272062185642366,-0.10478775908859295,-0.025983957154081142,51022361.55,-29.578393202839315,17.69627876962787,-7.6089907273576,-0.8417128599019605,0.0,6.620505517923325,-2.41,1.0,5.914243469689502,-0.5799999999999983,20679.0,True,True,6.868942731277532,Heavy Electrical Equipment,Industrials,32.0,93,"Uptrend (price > 50 > 150 > 200-day, 200-day rising); Within 15% of 52-week high; Quarterly profit growth >= 25%; Sales growth >= 20% or 2+ strong quarters; 3-year profit growth >= 15%/yr; ROE >= 20%; RS rating >= 80; Net profit margin up vs a year ago",8
BBOX,0.157786572284396,0.5060140152703694,0.6100861008610088,1.4481888169810684,0.721532184950136,0.0,1.0,0.20908164777355837,2.461045115633761,0.030088453991419274,0.08704808704808698,0.03819612038039577,-0.031752601272035316,248618645.225,20.760948067388174,23.923734802486397,18.92830139028665,1.0261524792322787,1.0,55.54475640911265,-0.10999999999999943,1.0,16.93861693861694,1.8500000000000014,20677.0,True,True,84.82599118942731,IT Enabled Services,Information Technology,38.0,93,Within 15% of 52-week high; Quarterly profit growth >= 25%; ROE >= 20%; Net profit margin up vs a year ago,4
BDL,-0.0962467935511585,-0.2019918283963228,0.13988692321721685,-0.8205756663477876,0.6660340394269622,0.0,0.0,0.0775793839103218,0.993867078960761,0.017971429982002463,0.03880545186214057,-0.13112441876624292,-0.033092580165010786,1244248764.0,300.0,130.80708264429478,358.50547297920787,1.374451490923991,1.0,13.713270282951683,13.360000000000001,1.0,9.903324687573685,0.22999999999999865,20679.0,True,True,10.466960352422907,Aerospace & Defense,Industrials,22.0,93,"Uptrend (price > 50 > 150 > 200-day, 200-day rising); Within 15% of 52-week high; 3-year profit growth >= 15%/yr; ROE >= 20%; RS rating >= 80",5
BECTORFOOD,0.007307908275741442,-0.15056691033865433,0.2719910639486176,-0.48895620080906177,0.7610932475884244,0.0,0.0,0.6217444509175557,0.8054586454320883,0.03389359116857599,0.05079227262860875,-0.06520771845388695,-0.051171782788076506,349146197.16,25.441616138277155,16.02461096075778,22.052591573746902,3.1475630720674017,1.0,9.859511204402649,0.5299999999999994,1.0,11.093627065302911,-1.5700000000000003,20672.0,True,True,47.646475770925115,Packaged Foods,Fast Moving Consumer Goods,74.0,93,"Uptrend (price > 50 > 150 > 200-day, 200-day rising); Within 15% of 52-week high; Sales growth >= 20% or 2+ strong quarters; 3-year profit growth >= 15%/yr; ROE >= 20%; RS rating >= 80",6
BEL,-0.022133552623139697,0.03982804400050566,0.02633221015849241,-0.12171674293025674,0.809166754673144,0.0,0.0,-0.17950006721865083,1.2207381441391838,0.012943118946375672,0.025145819831497107,-0.04426898177599825,-0.018459797111262322,3888019154.875,8.799636265651433,24.939298247194653,4.165608255206598,0.7943370478233841,0.0,24.850579939500996,-2.8199999999999967,1.0,25.270968817742208,-0.47000000000000597,20661.0,True,True,36.198237885462554,Aerospace & Defense,Industrials,22.0,93,"Uptrend (price > 50 > 150 > 200-day, 200-day rising); Within 15% of 52-week high; Quarterly profit growth >= 25%; RS rating >= 80; Net profit margin up vs a year ago",5
BELRISE,0.08935275288351804,0.42866873065015465,0.2405505672347974,1.3073314463729138,0.8855331841909023,0.0,1.0,0.47218215803230834,1.0247336993599307,0.01860313507381588,0.04712909273226673,0.000718832137948322,-0.03424349177861712,760175977.385,8.919739496615975,12.56558851742322,-8.42665517758665,0.3587174239317749,0.0,,-0.16000000000000014,1.0,9.510141599693839,5.810000000000002,20679.0,True,True,72.72356828193833,Auto Components & Equipments,Consumer Discretionary,20.0,93,Quarterly profit growth >= 25%; Sales growth >= 20% or 2+ strong quarters; 3-year profit growth >= 15%/yr; ROE >= 20%; RS rating >= 80; Net profit margin up vs a year ago,6
BEML,0.013387822001060624,-0.08575406032482602,0.43873229151453175,-0.22964067677966973,0.8622651873008897,0.0,1.0,0.733358529118084,0.5536898647129653,0.021368111230184575,0.06044802066259369,0.01590828610064765,-0.029146921017051512,465367973.40000004,-37.47802168336658,29.279641634726094,62.52197831663342,0.8625997699441887,0.0,2.57804438481557,6.81,0.0,4.805725971370143,0.5799999999999983,20672.0,True,True,50.37224669603524,Construction Vehicles,Industrials,,93,Quarterly profit growth >= 25%; 3-year profit growth >= 15%/yr; ROE >= 20%; RS rating >= 80,4
BEPL,0.08693259839459344,0.219643199693075,0.5471468548485217,0.5249070904773898,0.8935740072202166,0.0,0.0,0.2609986097031111,0.7982437029845456,0.03127355646502593,0.05518763796909498,-0.002628817708979714,-0.022824438401232182,158092940.075,42.946056101549736,53.340261764801376,12.341455035558393,3.2873960746208843,2.0,12.719743922634063,-1.0099999999999998,1.0,16.62049861495845,0.029999999999999805,20636.0,True,True,71.8513215859031,Petrochemicals,Commodities,25.0,93,"Uptrend (price > 50 > 150 > 200-day, 200-day rising); 3-year profit growth >= 15%/yr; ROE >= 20%; RS rating >= 80; Net profit margin up vs a year ago",5
BERGEPAINT,-0.04463077196951957,-0.08389324374766693,0.19719512195121958,-0.5560531822368573,0.7609116138255824,0.0,0.0,-0.13932101431412236,1.4453198197445585,0.015483153997497376,0.022403031654034677,-0.08990689852180278,-0.01134676420911097,147838323.75,18.244040288095142,11.96559567102813,1.0487387895499651,1.7872154913785963,0.0,8.537058190578929,0.6000000000000014,1.0,16.307647824201243,0.21000000000000085,20656.0,True,True,27.47577092511013,Paints,Consumer Discretionary,61.0,93,"Uptrend (price > 50 > 150 > 200-day, 200-day rising); Within 15% of 52-week high; Quarterly profit growth >= 25%; Sales growth >= 20% or 2+ strong quarters; 3-year profit growth >= 15%/yr; ROE >= 20%; RS rating >= 80",7
BHARATFORG,0.07701106888792691,0.6974358974358972,0.22548668338707745,1.823612756756933,0.8169934640522876,0.0,0.0,-0.3772139428412542,1.0980622789391001,0.018136063384240054,0.024910485933503868,-0.08564863354455254,-0.024482684501984514,1659206033.7,-57.65154078800037,18.70649184521904,-59.81889428736294,-4.00705962732829,0.0,20.654656078595735,-4.67,1.0,11.367432150313151,0.45000000000000284,20652.0,True,True,69.23458149779736,Auto Components & Equipments,Consumer Discretionary,20.0,93,"Uptrend (price > 50 > 150 > 200-day, 200-day rising); Within 15% of 52-week high; Quarterly profit growth >= 25%; Sales growth >= 20% or 2+ strong quarters; ROE >= 20%; RS rating >= 80; Net profit margin up vs a year ago",7
BHARTIARTL,-0.033716534689671646,-0.027911553000880218,0.05318671454219026,-0.47178237622341396,0.8006898137502874,0.0,0.0,-0.33612561905915317,1.5760516443988049,0.014122457980921379,0.031209150326797275,-0.07658543984572797,-0.022911764035202696,9885623346.9,38.390866904152475,18.35022825326611,45.266468432432816,0.8473937349443348,1.0,40.10885592536451,2.539999999999999,1.0,22.69131942813823,-1.1999999999999957,20648.0,True,True,32.27312775330396,Telecom - Cellular & Fixed line services,Telecommunication,70.0,93,"Uptrend (price > 50 > 150 > 200-day, 200-day rising); Within 15% of 52-week high; Sales growth >= 20% or 2+ strong quarters; RS rating >= 80",4
BHARTIHEXA,-0.046137169905182844,-0.10423086039345808,0.0019884668920262527,-0.6322929994192484,0.705256698711393,0.0,0.0,-0.05451171783238144,1.3635231826510408,0.01957400637612108,0.039835257578826555,-0.10847146035632693,-0.038711888632730077,122321184.69999999,23.219415630691252,10.91029606716749,24.265474238158568,0.5469268677386288,1.0,37.78781452720186,1.9199999999999982,1.0,24.18702023726448,-0.06999999999999851,20679.0,True,True,26.712555066079293,Telecom - Cellular & Fixed line services,Telecommunication,70.0,93,"Uptrend (price > 50 > 150 > 200-day, 200-day rising); Within 15% of 52-week high; Quarterly profit growth >= 25%; Sales growth >= 20% or 2+ strong quarters; RS rating >= 80",5
BHEL,0.16447599825954093,0.8073386720901659,0.7374745417515276,2.1356084274515785,0.9428891377379619,0.0,1.0,0.19152041458549302,1.7261056924964424,0.020298311831255484,0.045299561617145656,0.003788646458962708,-0.021455475555920166,2763467049.625,100.0,40.29244146523272,-55.70961973280308,2.7684303819798433,4.0,68.58384302987544,13.190000000000001,1.0,6.119482903694638,0.7100000000000009,20645.0,True,True,85.48017621145375,Heavy Electrical Equipment,Industrials,32.0,93,ROE >= 20%,1
BIKAJI,-0.1191954322678416,-0.2119855120184393,-0.03802556475600949,-1.3554534587849538,0.6558880936890046,0.0,0.0,-0.18296164889258076,3.7472762351940294,0.01903800697783785,0.06764201210150822,-0.15573332529349593,-0.04592834857420428,64020497.45,1.589493489388305,12.500957604915207,-38.163226795069384,0.02742845204761097,0.0,17.17456899473668,-0.870000000000001,1.0,15.805849408836343,0.16000000000000014,20659.0,True,True,5.996696035242291,Packaged Foods,Fast Moving Consumer Goods,74.0,93,"Uptrend (price > 50 > 150 > 200-day, 200-day rising); Within 15% of 52-week high; Quarterly profit growth >= 25%; Sales growth >= 20% or 2+ strong quarters; ROE >= 20%; RS rating >= 80; Net profit margin up vs a year ago",7
BIOCON,-0.013194177768899105,0.11728653015740353,0.11124965364366868,0.12835470141662814,0.8290282902829028,0.0,0.0,-0.06466199792186007,0.8330039044980957,0.015822619194080914,0.025974025974025983,-0.08941963090421834,-0.02267519651505267,1096684586.15,45.746974809102234,9.99771683705828,100.88211350743188,0.09178701482237438,1.0,-8.387499369253215,0.7800000000000002,1.0,1.0843054861743704,-0.060000000000002274,20650.0,True,True,40.12334801762115,Pharmaceuticals,Healthcare,21.0,93,"Uptrend (price > 50 > 150 > 200-day, 200-day rising); Within 15% of 52-week high; Sales growth >= 20% or 2+ strong quarters; 3-year profit growth >= 15%/yr; ROE >= 20%; RS rating >= 80",6
BIRLACABLE,0.47930443265496137,0.9193557902188665,2.1193672099712373,2.252164496216534,0.9145176695319962,1.0,1.0,0.8208008385113446,2.128945076278952,0.03585116967664878,0.04997103128621094,0.25842454447002927,-0.0458066355913949,67367705.28,300.0,51.12219451371571,0.0,4.979771783972214,3.0,3.41486046336712,10.74,1.0,6.049822064056939,0.019999999999999997,20647.0,True,True,98.67290748898678,Telecom -  Equipment & Accessories,Telecommunication,8.0,93,3-year profit growth >= 15%/yr; ROE >= 20%,2
BLACKBUCK,0.027031662182530326,-0.03259148120363431,0.005893569076096394,0.026435167209589324,0.8103609625668449,0.0,0.0,0.643385948607336,1.0456316702178161,0.02162019548595324,0.07211128178870108,0.03398689242715269,-0.02258585126993922,236910452.3,25.087586459410005,42.16976533667569,102.14224935741316,0.05249745914709468,1.0,,-2.8200000000000003,1.0,11.251758087201125,2.5700000000000003,20663.0,True,True,55.38766519823789,Transport Related Services,Services,,93,"Uptrend (price > 50 > 150 > 200-day, 200-day rising); Within 15% of 52-week high; 3-year profit growth >= 15%/yr; ROE >= 20%; RS rating >= 80; Net profit margin up vs a year ago",6
BLS,-0.11616495357361113,-0.3308329821604158,0.010778697220453992,-0.8190762186327317,0.603091922005571,0.0,0.0,-0.05513298506708508,0.39763238411440893,0.021321652110683143,0.026666666666666616,-0.10588847454687367,-0.02536811458875136,226955020.81,11.401019213057427,25.32614661468959,-17.286415134748868,2.0599960046224886,0.0,44.41578998005766,-2.8299999999999983,1.0,29.395046691027204,-1.8899999999999988,20672.0,True,True,6.214757709251102,"Tour, Travel Related Services",Consumer Discretionary,91.0,93,"Uptrend (price > 50 > 150 > 200-day, 200-day rising); Within 15% of 52-week high; Quarterly profit growth >= 25%; RS rating >= 80; Net profit margin up vs a year ago",5
BLSE,0.18624835194749703,0.6942405128735396,1.0474851608872227,1.535388390541007,0.9477633902295468,1.0,1.0,0.6076605724568848,0.8785585817323935,0.020047209408056512,0.034200157604413084,0.026799122318700963,-0.017966841540647965,121398868.325,6.40600595416887,24.63215705561701,1.09811055908271,0.47503651964443566,0.0,,-1.0499999999999998,1.0,13.193116634799235,0.19,20671.0,True,True,88.53303964757708,IT Enabled Services,Information Technology,38.0,93,Quarterly profit growth >= 25%; 3-year profit growth >= 15%/yr; ROE >= 20%; Net profit margin up vs a year ago,4
BLUEJET,0.01063933130928802,-0.1281040892193308,0.7917494270435448,-0.4129873516371414,0.7819310145764179,0.0,0.0,-0.22317323867705563,1.0207980990704502,0.02063503762814706,0.02615091255788604,-0.0674249361415008,-0.028068762452874953,266411966.85,-14.16307972551618,-17.377945653399472,27.394032151130762,-0.26673434209757496,0.0,10.047600874766305,1.0,1.0,18.235294117647058,4.6899999999999995,20679.0,True,True,49.281938325991185,Pharmaceuticals,Healthcare,21.0,93,"Uptrend (price > 50 > 150 > 200-day, 200-day rising); Within 15% of 52-week high; Quarterly profit growth >= 25%; Sales growth >= 20% or 2+ strong quarters; 3-year profit growth >= 15%/yr; ROE >= 20%; RS rating >= 80",7
BLUESTARCO,-0.07056063108677929,-0.23315502520316833,-0.07437759980132863,-0.7748934892387014,0.7179890796399232,0.0,0.0,-0.48996613296371677,2.6785890740891634,0.021077806923461475,0.03919280664424463,-0.05238746938892125,-0.02175598800697386,754468068.5,-20.852586859080834,13.267499371280067,-30.984366571072073,-0.6704483876708621,0.0,22.408383815756384,-1.2199999999999998,1.0,15.359953366365492,-0.5900000000000034,20648.0,True,True,18.099118942731277,Household Appliances,Consumer Discretionary,90.0,93,"Uptrend (price > 50 > 150 > 200-day, 200-day rising); Within 15% of 52-week high; Quarterly profit growth >= 25%; Sales growth >= 20% or 2+ strong quarters; ROE >= 20%; RS rating >= 80; Net profit margin up vs a year ago",7
BLUESTONE,0.15402975668003774,0.3803785114147502,0.7408755217810126,0.630585586220123,0.8124033405505723,1.0,0.0,0.3076734985403875,0.4218970086674651,0.043360721080668393,0.1004790348335205,-0.04504336359978478,-0.050449740049835115,1060830494.25,100.0,49.55955183892182,0.0,1.1431498694922146,3.0,,7.859999999999999,1.0,0.7222222222222222,-0.9200000000000159,20654.0,True,True,84.06277533039648,"Gems, Jewellery And Watches",Consumer Discretionary,12.0,93,"Uptrend (price > 50 > 150 > 200-day, 200-day rising); Within 15% of 52-week high; 3-year profit growth >= 15%/yr; ROE >= 20%",4
BORORENEW,-0.05706534003545762,-0.15486612834679137,0.31870026525198925,-0.5718810127775372,0.6235783633841887,0.0,0.0,-0.21335899778485282,1.2050327614709604,0.021350487154232253,0.03101196953210006,-0.1350502790501712,-0.03742810413006072,201821105.6,100.0,17.055225344797755,0.0,1.1474194520711505,4.0,141.7275278154916,21.54,1.0,8.40502978160159,0.1899999999999995,20650.0,True,True,22.89647577092511,Glass - Industrial,Industrials,,93,"Uptrend (price > 50 > 150 > 200-day, 200-day rising); Within 15% of 52-week high; ROE >= 20%; RS rating >= 80",4
BOSCHLTD,0.07107318040851644,0.2525799793601651,0.6889893894590364,0.5961600536387379,0.9096,0.0,0.0,0.4759471634211861,1.3217554104838074,0.017074411634348103,0.03063457330415753,-0.016014642948321223,-0.020375878895410014,1378755615.0,5.201963257601272,21.995990477383764,2.219974491001042,0.5223320221673132,0.0,16.337319325215717,-1.9299999999999997,1.0,18.678431900848715,0.0,20644.0,True,True,67.49008810572687,Auto Components & Equipments,Consumer Discretionary,20.0,93,"Uptrend (price > 50 > 150 > 200-day, 200-day rising); Quarterly profit growth >= 25%; ROE >= 20%; RS rating >= 80; Net profit margin up vs a year ago",5
BPCL,-0.015341496521964412,-0.03844407446647513,0.13042704626334523,-0.30645677335014687,0.7675220222137114,0.0,0.0,0.07340184552505997,1.1215309433398195,0.012778416293256854,0.0228013029315961,-0.040949479158358115,-0.018598002810624403,1503083277.6,-100.0,34.407002308721935,-125.82978950096171,-2.378901838602957,0.0,-8.226519196855008,-8.6,0.0,25.798883908516434,-0.18000000000000682,20656.0,True,True,38.81497797356828,Refineries & Marketing,Energy,46.0,93,"Uptrend (price > 50 > 150 > 200-day, 200-day rising); Within 15% of 52-week high; Quarterly profit growth >= 25%; 3-year profit growth >= 15%/yr; RS rating >= 80; Net profit margin up vs a year ago",6
BRIGADE,-0.006328497572570306,-0.06220471296282826,0.3184410063561487,-0.46592683596659273,0.7083779010472376,0.0,0.0,0.6586967472361032,0.9954445439576107,0.02848970487207459,0.11296874999999984,-0.06729922082515893,-0.04432735781232109,183658215.325,20.69004122582887,-12.925207237304281,45.20476818044145,0.45423986577930175,1.0,66.42852469991749,4.76,1.0,10.628940038117578,-0.3999999999999915,20658.0,True,True,42.740088105726876,"Residential, Commercial Projects",Consumer Discretionary,55.0,93,"Uptrend (price > 50 > 150 > 200-day, 200-day rising); Within 15% of 52-week high; Quarterly profit growth >= 25%; Sales growth >= 20% or 2+ strong quarters; ROE >= 20%; RS rating >= 80",6
BRITANNIA,-0.06444537300299304,-0.13122854032325604,-0.04351834777798269,-1.0283220725739626,0.7619199489714559,0.0,0.0,-0.5121263790767884,1.7939853456506105,0.011122354556819536,0.010510358767054084,-0.08977126168980964,-0.01502518548861393,1400394461.0,14.13398544903146,8.172479890615335,-7.352336118400405,1.1555215746854586,0.0,6.986750783086548,0.6199999999999992,1.0,49.686643164904034,-0.1700000000000017,20652.0,True,True,20.82488986784141,Packaged Foods,Fast Moving Consumer Goods,74.0,93,"Uptrend (price > 50 > 150 > 200-day, 200-day rising); Within 15% of 52-week high; Quarterly profit growth >= 25%; Sales growth >= 20% or 2+ strong quarters; 3-year profit growth >= 15%/yr; RS rating >= 80",6
BSE,0.06144433651444219,0.561356193411674,0.2081237190236631,1.2042763254624822,0.6849869569128362,0.0,0.0,-0.058634226707490904,6.6528718898634995,0.02039843885692597,0.04359217171717167,-0.09408867581103753,-0.029975581336890322,13553824564.8,65.82727769710688,63.47617307792681,4.464934164326117,3.5664507996477792,9.0,121.66207487253536,0.7899999999999991,1.0,37.26959388580848,0.9599999999999937,20664.0,True,True,65.85462555066078,Exchange and Data Platform,Financial Services,31.0,93,"Uptrend (price > 50 > 150 > 200-day, 200-day rising); Within 15% of 52-week high; RS rating >= 80",3
BSOFT,-0.05691939622678209,-0.1989167230873392,-0.11050969778980602,-0.7132985736830496,0.5690928270042194,0.0,0.0,0.5218446041248249,1.0821829727547772,0.020223345019895388,0.021211022480057906,-0.08485489988533124,-0.020922811750794825,301291110.67499995,51.30783312523055,7.354657950035026,7.138100185007403,1.4013362743912667,3.0,19.640623276649684,3.3900000000000006,1.0,12.594213469486991,-2.230000000000004,20638.0,True,True,23.114537444933923,Computers - Software & Consulting,Information Technology,80.0,93,"Uptrend (price > 50 > 150 > 200-day, 200-day rising); Within 15% of 52-week high; ROE >= 20%; RS rating >= 80",4
CAMLINFINE,-0.18863579715245987,-0.5445668167833415,0.05375012895904252,-1.038884109332803,0.39916666666666667,0.0,0.0,-0.07849959772896122,0.5666352410940725,0.027917527185387283,0.02429189614476779,-0.16516841564540974,-0.03601041945004079,57981350.495000005,-67.31771738437833,27.509074855292837,32.68228261562167,-0.5389893247153144,0.0,-39.01759793434593,-3.47,0.0,2.3054755043227666,-2.3100000000000005,20655.0,True,True,0.32709251101321585,Specialty Chemicals,Commodities,39.0,93,"Uptrend (price > 50 > 150 > 200-day, 200-day rising); Within 15% of 52-week high; Quarterly profit growth >= 25%; 3-year profit growth >= 15%/yr; ROE >= 20%; RS rating >= 80; Net profit margin up vs a year ago",7
CAMS,-0.045546671689246594,-0.031701475625144915,0.20166187280281256,-0.43535526226636745,0.8015741507870754,0.0,0.0,0.09627215566049266,1.6896547015842198,0.016028242323935796,0.028267045454545503,-0.09456619392928178,-0.02557785995521209,843612210.95,17.61201371590948,11.543131441479604,6.4028854182827555,1.1018273192765138,0.0,18.422940711139745,1.6600000000000001,1.0,35.730507191521575,1.9200000000000017,20668.0,True,True,26.8215859030837,"Depositories, Clearing Houses and Other Intermediaries",Financial Services,86.0,93,"Uptrend (price > 50 > 150 > 200-day, 200-day rising); Within 15% of 52-week high; Quarterly profit growth >= 25%; Sales growth >= 20% or 2+ strong quarters; RS rating >= 80",5
CANBK,-0.012992183597564488,0.02188593279635498,0.01741595787768313,-0.12831406238632093,0.7266253299772854,0.0,0.0,0.14578171460421893,1.3416981452621337,0.013204799574038958,0.02522375915378361,-0.06292703086577123,-0.02006968424678611,1672490637.4499998,2.2725722286095484,4.549633315124413,12.768680334560901,0.22037435855896903,0.0,15.387181920887505,-0.34999999999999964,1.0,16.746952126077908,-0.5599999999999987,20661.0,True,True,40.23237885462555,Public Sector Bank,Financial Services,58.0,93,"Uptrend (price > 50 > 150 > 200-day, 200-day rising); Within 15% of 52-week high; Quarterly profit growth >= 25%; Sales growth >= 20% or 2+ strong quarters; ROE >= 20%; RS rating >= 80; Net profit margin up vs a year ago",7
CANFINHOME,-0.047606555121517825,0.020122147219543418,0.0017044378511457126,-0.32343570746698974,0.7318579516212044,0.0,0.0,-0.5965625537071347,1.7741376574143364,0.013197508581207268,0.013590795936217592,-0.1067446432946173,-0.03331485575630028,166848921.75,19.623409324530726,7.430929209177428,-28.138824485806914,1.3616560571455032,0.0,20.70427333130713,2.4899999999999984,1.0,18.15749874602909,-0.21999999999999176,20679.0,True,True,26.49449339207049,Housing Finance Company,Financial Services,85.0,93,"Uptrend (price > 50 > 150 > 200-day, 200-day rising); Within 15% of 52-week high; Quarterly profit growth >= 25%; Sales growth >= 20% or 2+ strong quarters; ROE >= 20%; RS rating >= 80",6
CANHLIFE,,,0.09619623178101677,,0.862979182914392,0.0,0.0,0.38095686972694426,0.8279296537148402,0.01715151075494148,0.019198608602582157,-0.04796508742043215,-0.020054980957222208,90697076.10999998,21.677222705631927,19.805265433237594,13.053077427216353,,1.0,,0.010000000000000009,1.0,7.912772585669782,-0.36999999999999744,20679.0,True,True,,Life Insurance,Financial Services,87.0,93,"Uptrend (price > 50 > 150 > 200-day, 200-day rising); Quarterly profit growth >= 25%; Sales growth >= 20% or 2+ strong quarters; 3-year profit growth >= 15%/yr; ROE >= 20%; RS rating >= 80",6
CAPACITE,-0.13637528942091462,-0.306613492854769,0.025862916707640737,-0.8700147014602709,0.5738424821002387,0.0,0.0,-0.5048948395846858,0.9118050749492699,0.021641922456891095,0.03513979318268867,-0.1267058607029743,-0.03125395638837316,52395525.099999994,-15.244665374208532,6.714062712094471,0.8427721938590214,-0.44345940732953043,0.0,29.39829842220998,-1.6399999999999997,1.0,10.110005238344682,-0.8900000000000006,20638.0,True,True,2.8348017621145374,Civil Construction,Industrials,77.0,93,"Uptrend (price > 50 > 150 > 200-day, 200-day rising); Within 15% of 52-week high; Quarterly profit growth >= 25%; Sales growth >= 20% or 2+ strong quarters; ROE >= 20%; RS rating >= 80; Net profit margin up vs a year ago",7
CAPILLARY,,,0.02575868182292207,,0.694286250704049,0.0,0.0,1.0244622708545568,1.510515584197337,0.0338372546957679,0.0781824256598731,0.08088200907262788,-0.094662992502295,117819463.27499999,300.0,42.66496192117406,245.62899335837403,,2.0,,8.49,1.0,5.078125,0.6899999999999977,20669.0,True,True,,Software Products,Information Technology,57.0,93,"Uptrend (price > 50 > 150 > 200-day, 200-day rising); Within 15% of 52-week high; 3-year profit growth >= 15%/yr; ROE >= 20%; RS rating >= 80",5
CAPLIPOINT,0.07866756255588865,0.19906240325505276,0.8017012227538542,0.4742320411690442,0.8802341137123746,1.0,1.0,1.0333417153635387,0.9277797695262484,0.0256164305837381,0.0585380882692752,0.00020217620644480405,-0.03689320775192183,255151216.6,18.776687751098486,19.62682764297754,-0.25685590986763884,5.938529719820584,0.0,19.743258301837653,-0.21000000000000085,1.0,19.287833827893174,-0.040000000000000924,20677.0,True,True,69.67070484581498,Pharmaceuticals,Healthcare,21.0,93,Quarterly profit growth >= 25%; Sales growth >= 20% or 2+ strong quarters; ROE >= 20%; RS rating >= 80; Net profit margin up vs a year ago,5
CARBORUNIV,0.08948120966407659,0.15223536802429072,0.4187185767693695,0.8563435460415258,0.9056176492073927,1.0,1.0,1.0909967630197344,1.255106722361252,0.023883911308207637,0.048794063079777183,0.1021730510376273,-0.07303193100453136,234119168.75,33.10786492014037,17.030893668684687,-48.29750617158261,0.380832209252888,2.0,-14.742321030053528,0.6799999999999997,1.0,4.3076923076923075,0.0,20654.0,True,True,72.83259911894274,Abrasives & Bearings,Industrials,56.0,93,3-year profit growth >= 15%/yr; ROE >= 20%; RS rating >= 80,3
CARERATING,0.00701655077275334,0.11401502776870309,0.17707973765964802,0.15808195321185325,0.8719804134929271,0.0,0.0,0.2718646128743771,1.2301036908026644,0.014619989315026479,0.017443221727932556,-0.047809730675177575,-0.013881859574502041,77295108.0,24.485006491354678,18.922372484293493,1.2471672107566825,1.2936081153162917,6.0,26.183663908352294,1.3200000000000003,1.0,18.669527896995707,0.35999999999999943,20672.0,True,True,47.4284140969163,Ratings,Financial Services,,93,"Uptrend (price > 50 > 150 > 200-day, 200-day rising); Quarterly profit growth >= 25%; ROE >= 20%; RS rating >= 80",4
CARRARO,0.007646301826805788,0.12174182871328099,0.1709134096307492,0.16511725727838944,0.7761216388285522,0.0,0.0,0.6240046489145581,2.4329117812538423,0.019698131178190418,0.02640295258824632,-0.024833707890546397,-0.02722233167515075,52350853.6,7.693918917040232,10.498448055504817,-68.0000297218455,0.229579150955313,0.0,,-0.15000000000000036,1.0,23.1858407079646,-1.5299999999999976,20671.0,True,True,47.864537444933916,Auto Components & Equipments,Consumer Discretionary,20.0,93,"Uptrend (price > 50 > 150 > 200-day, 200-day rising); Within 15% of 52-week high; Quarterly profit growth >= 25%; Sales growth >= 20% or 2+ strong quarters; 3-year profit growth >= 15%/yr; RS rating >= 80; Net profit margin up vs a year ago",7
CARTRADE,0.08379140934419779,0.19137585238668264,0.8000606060606059,0.2331789159142799,0.8529402826318189,0.0,0.0,0.1344386380371577,0.6766748524595875,0.02872266343010505,0.05989600693287134,-0.038220340957845655,-0.0265093559699079,861374057.55,25.524980623317294,16.250577901063345,-28.151602746742444,1.4167557893217626,17.0,72.66791952398988,2.1700000000000017,1.0,9.822866344605476,-2.219999999999999,20663.0,True,True,71.41519823788546,E-Retail/ E-Commerce,Consumer Discretionary,19.0,93,"Uptrend (price > 50 > 150 > 200-day, 200-day rising); ROE >= 20%; RS rating >= 80",3
CARYSIL,0.039077496007988724,0.2698773284870515,0.48393947438279805,0.41665864827474175,0.8156764774767741,0.0,0.0,-0.027154836312065268,3.146159970903658,0.023239550047398985,0.02190476190476187,-0.08462167925662312,-0.04410293874084575,82727461.39999999,39.97866944099868,15.485263668002979,-5.402665432381951,2.024252025312793,5.0,33.57624304412907,2.1400000000000006,1.0,16.25615763546798,0.20999999999999908,20675.0,True,True,58.76762114537445,Household Appliances,Consumer Discretionary,90.0,93,"Uptrend (price > 50 > 150 > 200-day, 200-day rising); Within 15% of 52-week high; ROE >= 20%; RS rating >= 80",4
CASTROLIND,0.014565590768275306,-0.08247015882410969,0.07203780544029503,-0.12259948327350265,0.9606177606177606,0.0,0.0,0.4641857206505028,4.598213546011092,0.010235983150582073,0.035266940451745166,0.04987098149011615,-0.025381863957751407,395822145.15,42.517598643743156,25.028894396825297,38.81439117317879,8.894859744400753,1.0,10.093603053093014,2.2799999999999976,1.0,49.973698053655966,-0.879999999999999,20679.0,True,True,50.59030837004405,Lubricants,Energy,4.0,93,"Uptrend (price > 50 > 150 > 200-day, 200-day rising); 3-year profit growth >= 15%/yr; RS rating >= 80",3
CCL,0.01160377806558928,0.19667138039812904,0.05656934306569328,0.46630625951804294,0.8505876670423441,0.0,0.0,-0.292043446678089,2.4788786722009575,0.014475056623708875,0.0363903874448257,-0.04450650017724456,-0.02210185091426418,154716509.1,61.45930513682272,13.717744685688293,49.09792444743988,3.01901322888302,1.0,16.027390663927555,2.88,1.0,16.545842217484008,0.5,20661.0,True,True,49.718061674008815,Tea & Coffee,Fast Moving Consumer Goods,44.0,93,"Uptrend (price > 50 > 150 > 200-day, 200-day rising); Sales growth >= 20% or 2+ strong quarters; ROE >= 20%; RS rating >= 80",4
CDSL,-0.04384749270792694,-0.08124174372523119,0.2426299803466141,-0.567231399170622,0.7423672103722292,0.0,0.0,0.010048590295805656,1.145533290113753,0.01754372250515028,0.03879907621247125,-0.07910983829391094,-0.03468378646139714,1374390448.1999998,14.905831711803085,13.104620615051775,35.41972221304922,0.41265325065677544,0.0,17.21562225020026,0.6299999999999955,1.0,23.214285714285715,-2.3500000000000014,20644.0,True,True,28.23898678414097,"Depositories, Clearing Houses and Other Intermediaries",Financial Services,86.0,93,"Uptrend (price > 50 > 150 > 200-day, 200-day rising); Within 15% of 52-week high; Quarterly profit growth >= 25%; Sales growth >= 20% or 2+ strong quarters; RS rating >= 80",5
CEATLTD,-0.028213047197137128,-0.01583258560305656,0.04863531225905926,-0.1288237829882196,0.7405588102748986,0.0,0.0,0.23951059192763505,0.77820703044743,0.017999976881546684,0.03796587608906088,-0.0511264589226621,-0.022010441077439425,187724193.85000002,-96.60117754478763,22.35760838764522,-196.5669182552731,-1.3801051798694741,0.0,23.505954156861808,-3.1500000000000004,1.0,13.812921125644074,-1.4399999999999977,20650.0,True,True,34.780837004405285,Tyres & Rubber Products,Consumer Discretionary,83.0,93,"Uptrend (price > 50 > 150 > 200-day, 200-day rising); Within 15% of 52-week high; Quarterly profit growth >= 25%; ROE >= 20%; RS rating >= 80; Net profit margin up vs a year ago",6
CEIGALL,0.0866009305475579,0.27158034528552455,0.2724252491694352,1.3128625993013125,0.9368991865910772,0.0,1.0,0.9825468534633669,0.875870303193029,0.017701059487911893,0.04075323215289495,0.08946449710078075,-0.011732214855490832,115772846.30000001,27.195764831414238,15.683981960915316,-51.02017740878597,0.4570656173327461,2.0,,0.6100000000000003,1.0,14.452759588400374,-0.9800000000000004,20673.0,True,True,71.74229074889868,Civil Construction,Industrials,77.0,93,3-year profit growth >= 15%/yr; ROE >= 20%; RS rating >= 80,3
CELLO,-0.13425787143886392,-0.4155724680103705,-0.1006435006435007,-1.3739848527032024,0.47951914514692795,0.0,0.0,0.9995771355838252,0.24529842400391336,0.026877319612271626,0.04844183893859921,-0.0703442402200557,-0.02068015266208217,76687376.25,-8.985862549934753,-0.43288406646376787,-2.7206777125547417,-0.9176725241902146,0.0,,-1.3100000000000005,1.0,12.291743798593114,0.120000000000001,20655.0,True,True,3.161894273127753,Houseware,Consumer Discretionary,,93,"Uptrend (price > 50 > 150 > 200-day, 200-day rising); Within 15% of 52-week high; Quarterly profit growth >= 25%; Sales growth >= 20% or 2+ strong quarters; 3-year profit growth >= 15%/yr; ROE >= 20%; RS rating >= 80; Net profit margin up vs a year ago",8
CEMPRO,0.22056843019179836,0.557948782167679,1.4348762109795477,0.9056407154960024,0.7148314334222654,0.0,0.0,-0.22415012044266766,0.6162013345654734,0.024339931351364138,0.04998010346199755,-0.08168765695982427,-0.0326948459438792,359526992.09999996,2.637256109940611,5.609377425865558,-110.71186501631297,0.09620949336581777,0.0,59.97751643500704,-0.15000000000000036,1.0,24.92705293872447,0.8699999999999992,20662.0,True,True,91.69493392070486,Civil Construction,Industrials,77.0,93,"Uptrend (price > 50 > 150 > 200-day, 200-day rising); Within 15% of 52-week high; Quarterly profit growth >= 25%; Sales growth >= 20% or 2+ strong quarters; Net profit margin up vs a year ago",5
CENTRALBK,-0.059139927811315676,-0.19516728624535307,-0.03563474387527843,-0.7144509878359272,0.7331378299120235,0.0,0.0,0.25396316697423355,1.0525509876466985,0.012122716583616487,0.043749999999999956,-0.030794877427858913,-0.018814662749068407,148269158.48000002,7.950456485629931,12.785241981682361,40.39237562589648,0.40033016611919825,0.0,33.71503657544965,-0.6100000000000012,1.0,11.617650829465912,6.309999999999999,20644.0,True,True,22.13325991189427,Public Sector Bank,Financial Services,58.0,93,"Uptrend (price > 50 > 150 > 200-day, 200-day rising); Within 15% of 52-week high; Quarterly profit growth >= 25%; Sales growth >= 20% or 2+ strong quarters; ROE >= 20%; RS rating >= 80; Net profit margin up vs a year ago",7
CENTUM,0.17667629765500387,0.1881122768012229,0.23728384342666953,1.2526501919779143,0.9404340434043404,1.0,1.0,0.5210525507046917,5.425364416794144,0.035989774175401945,0.16181350038489084,0.2026918277733636,-0.06413961057423696,177802233.45,-36.85462738198636,14.350529322802895,-52.915446133293855,-0.4393723673255087,0.0,101.3944842226917,-4.460000000000001,1.0,-15.160349854227405,-0.9000000000000021,20661.0,True,True,87.00660792951541,Aerospace & Defense,Industrials,22.0,93,Quarterly profit growth >= 25%; Sales growth >= 20% or 2+ strong quarters; ROE >= 20%; Net profit margin up vs a year ago,4
CESC,-0.0841786900503857,-0.13182606615228176,-0.03342878071518929,-0.7552003623218451,0.6436185819070905,0.0,0.0,-0.4041775212964165,2.432441871133202,0.013445864350492222,0.02478603218075981,-0.1382787048385239,-0.034053025855595435,205374813.765,3.676093295470473,5.440215301807005,-15.59096595679863,0.39148402600056276,0.0,3.5556015535898933,-0.1299999999999999,1.0,12.913008778930566,-0.2499999999999929,20678.0,True,True,13.846916299559473,Integrated Power Utilities,Utilities,64.0,93,"Uptrend (price > 50 > 150 > 200-day, 200-day rising); Within 15% of 52-week high; Quarterly profit growth >= 25%; Sales growth >= 20% or 2+ strong quarters; 3-year profit growth >= 15%/yr; ROE >= 20%; RS rating >= 80; Net profit margin up vs a year ago",8
CGCL,0.07910379225204454,0.30263226208400384,0.506997417262298,0.835692322288499,0.8670377456949034,0.0,1.0,0.5148500996531061,0.5381024212913059,0.027654927098082812,0.05884645362431784,0.009688111988967796,-0.03632391944707478,719031246.395,102.13307589390178,57.05433461515472,43.04772001315039,3.9665122267852233,8.0,71.85665811346152,5.0,1.0,13.175065944745246,0.9200000000000017,20661.0,True,True,69.9977973568282,Non Banking Financial Company (NBFC),Financial Services,37.0,93,ROE >= 20%; RS rating >= 80,2
CGPOWER,0.03651891024378333,0.14985066874431885,0.3518052057094878,0.41184289343756186,0.8961158120093792,0.0,0.0,0.021811320960218126,1.5657312380952084,0.0209496097886461,0.033409664729023625,-0.001456351487364227,-0.023995574273421756,2014174744.5,15.592821588436534,13.994197460085811,-16.214828370809343,1.454229317985607,0.0,15.076519346393846,0.13000000000000078,1.0,15.043914680050188,0.1600000000000037,20636.0,True,True,57.786343612334804,Heavy Electrical Equipment,Industrials,32.0,93,"Uptrend (price > 50 > 150 > 200-day, 200-day rising); Quarterly profit growth >= 25%; Sales growth >= 20% or 2+ strong quarters; ROE >= 20%; RS rating >= 80",5
CHALET,-0.031064902560720236,-0.11305464966893963,0.27794389861882385,-0.6309506315830675,0.8146894318516338,0.0,0.0,0.12419366112178862,5.666454329782527,0.016416906662586325,0.02772171435355575,-0.033640147494273354,-0.023359113875464667,90683261.5,-54.459801969758615,-42.73433569951373,-86.05649106975251,-0.8259622556702977,0.0,37.02179689720517,-4.650000000000002,1.0,17.441860465116278,-0.030000000000001137,20663.0,True,True,33.58149779735683,Hotels & Resorts,Consumer Discretionary,54.0,93,"Uptrend (price > 50 > 150 > 200-day, 200-day rising); Within 15% of 52-week high; Quarterly profit growth >= 25%; Sales growth >= 20% or 2+ strong quarters; ROE >= 20%; RS rating >= 80; Net profit margin up vs a year ago",7
CHAMBLFERT,-0.08463956482412785,-0.22616366366366358,-0.03374736348722751,-0.9531712622579762,0.7446848190973517,0.0,0.0,-0.42431754485541,1.3094364651145587,0.011319380493391346,0.01664843844938635,-0.0684447015896863,-0.013573667157560695,181961746.35000002,-4.531669846672304,-11.769671844861252,-34.512983775583535,-0.5872791745432271,0.0,23.24579966798648,0.7899999999999991,1.0,18.764411990776324,-0.240000000000002,20664.0,True,True,13.41079295154185,Fertilizers,Commodities,63.0,93,"Uptrend (price > 50 > 150 > 200-day, 200-day rising); Within 15% of 52-week high; Quarterly profit growth >= 25%; Sales growth >= 20% or 2+ strong quarters; ROE >= 20%; RS rating >= 80",6
CHEMPLASTS,-0.1466259879841107,-0.5943081686115741,-0.3552477196169713,-1.0621572580462746,0.45189903279075255,0.0,0.0,1.4671659861982713,0.5854422515663925,0.030516077649598274,0.0965943588894409,0.03891314369390142,-0.06694173029108264,50246838.665,100.0,2.251113737612509,-200.0,-1.2990366387036933,1.0,,-9.77,0.0,-15.954415954415953,-2.3699999999999974,20649.0,True,True,2.289647577092511,Specialty Chemicals,Commodities,39.0,93,"Uptrend (price > 50 > 150 > 200-day, 200-day rising); Within 15% of 52-week high; Sales growth >= 20% or 2+ strong quarters; 3-year profit growth >= 15%/yr; ROE >= 20%; RS rating >= 80; Net profit margin up vs a year ago",7
CHENNPETRO,0.16462577313850663,0.8412319129165009,0.43381402801467916,1.5051195810338558,0.8026229508196722,0.0,0.0,0.5630068936430218,1.2662408844870656,0.03654964777954245,0.10056249142543572,-0.02027558023785825,-0.05669578089346125,2107994083.6,100.0,84.77481108516409,-102.8849186986657,1.0446747618725185,4.0,34.11614606194724,4.04,1.0,27.93230713835629,1.290000000000001,20657.0,True,True,85.58920704845815,Refineries & Marketing,Energy,46.0,93,"Uptrend (price > 50 > 150 > 200-day, 200-day rising); Within 15% of 52-week high",2
CHOICEIN,-0.03062117847944421,-0.062447053128403596,0.26979183740370427,-0.40308194052642987,0.8360255665310865,0.0,0.0,-0.1775558413142205,0.9881522209479864,0.016823702532792324,0.035027100271002753,-0.08168345268640143,-0.024359106819832225,290075881.5,26.29259944655864,32.03904185491433,-0.49657256962540686,1.0427169347916883,6.0,50.40317711078293,-0.8900000000000006,1.0,14.23444976076555,-1.3800000000000008,20675.0,True,True,33.908590308370044,Holding Company,Financial Services,69.0,93,"Uptrend (price > 50 > 150 > 200-day, 200-day rising); Within 15% of 52-week high; ROE >= 20%; RS rating >= 80; Net profit margin up vs a year ago",5
CHOLAFIN,-0.01477010535450019,0.11317629738682378,0.3395585738539899,-0.0924572589634293,0.8092189500640204,0.0,0.0,-0.3532111234754664,2.0495742684309928,0.017499945296904868,0.020119013884953185,-0.12948425799001217,-0.0551562672455999,2247561380.8,45.531990836260825,21.87331425111467,14.913254809711194,7.824593015040451,2.0,26.915380395833786,3.039999999999999,1.0,17.181036180970516,0.29999999999999716,20642.0,True,True,39.360132158590304,Non Banking Financial Company (NBFC),Financial Services,37.0,93,"Uptrend (price > 50 > 150 > 200-day, 200-day rising); Within 15% of 52-week high; ROE >= 20%; RS rating >= 80",4
CHOLAHLDNG,-0.08620440998888751,-0.22863717184394938,0.08034864132425112,-0.7772516019837176,0.6635658914728682,0.0,0.0,-0.2388492097910902,2.539144746801126,0.014524240651073368,0.015238221985626854,-0.0990019025164266,-0.04352365417981808,220297248.60000002,42.04603168927632,19.54805772606796,22.70209676739383,4.868788128324618,1.0,25.829591397697428,2.5500000000000007,1.0,35.49242914455804,-0.00999999999999801,20657.0,True,True,13.083700440528634,Investment Company,Financial Services,84.0,93,"Uptrend (price > 50 > 150 > 200-day, 200-day rising); Within 15% of 52-week high; Sales growth >= 20% or 2+ strong quarters; RS rating >= 80",4
CIEINDIA,-0.06228833546391942,-0.10499198534463006,-0.12168539325842687,-0.4459426387287916,0.7154942965779468,0.0,0.0,-0.6448420043437775,0.602704469609136,0.018983594820153705,0.026343799893560282,-0.05238031690557543,-0.01656641935616516,103803523.25,15.523304468009336,10.618404390038005,-4.989038890749953,1.5116580419209835,0.0,6.23051039270055,0.379999999999999,1.0,11.100683737766456,-0.45000000000000284,20656.0,True,True,21.479074889867842,Auto Components & Equipments,Consumer Discretionary,20.0,93,"Uptrend (price > 50 > 150 > 200-day, 200-day rising); Within 15% of 52-week high; Quarterly profit growth >= 25%; Sales growth >= 20% or 2+ strong quarters; 3-year profit growth >= 15%/yr; ROE >= 20%; RS rating >= 80",7
CIPLA,-0.03468213230109869,-0.07477243172951886,0.1623917660512988,-0.6012216339057647,0.803347280334728,0.0,0.0,-0.3262827923708309,1.3996797301461117,0.009810541158231548,0.013475699558173737,-0.05030688372053582,-0.013608218232007748,1229762845.6,-39.18898221673227,2.3257017277832137,16.144677900959323,-1.2195009890332347,0.0,3.3395531019956737,-7.529999999999999,1.0,11.216310408921933,0.28999999999999204,20657.0,True,True,31.72797356828194,Pharmaceuticals,Healthcare,21.0,93,"Uptrend (price > 50 > 150 > 200-day, 200-day rising); Within 15% of 52-week high; Quarterly profit growth >= 25%; Sales growth >= 20% or 2+ strong quarters; 3-year profit growth >= 15%/yr; ROE >= 20%; RS rating >= 80; Net profit margin up vs a year ago",8
CLEAN,-0.043742743212923714,-0.26656025538707107,0.26005484460694706,-0.8975205666345902,0.7038124452234882,0.0,0.0,0.8023002181288016,0.9137149979460214,0.01816282619159057,0.0435860234554466,-0.00495755534656428,-0.02901695169689443,225284643.0,4.701039326157397,10.524148721538262,26.05150349279528,0.31641508577477173,0.0,-7.166381959582613,-1.5200000000000031,1.0,14.520202020202019,-0.9200000000000017,20666.0,True,True,28.348017621145374,Specialty Chemicals,Commodities,39.0,93,"Uptrend (price > 50 > 150 > 200-day, 200-day rising); Within 15% of 52-week high; Quarterly profit growth >= 25%; Sales growth >= 20% or 2+ strong quarters; 3-year profit growth >= 15%/yr; ROE >= 20%; RS rating >= 80; Net profit margin up vs a year ago",8
CMSINFO,-0.1404476439992684,-0.36347982523772815,-0.06750753012048205,-1.52063150015851,0.5605537211074422,0.0,0.0,-0.04073450781785398,1.1177640045306938,0.02028216809057969,0.04252837468036419,-0.11361788813808749,-0.02106851990680419,153932833.52999997,-10.635784126862568,1.1619196378763519,9.765827993299027,-0.6852208880504248,0.0,-1.3584882915242957,-1.7400000000000002,1.0,12.453760789149198,-1.4399999999999977,20675.0,True,True,2.616740088105727,Diversified Commercial Services,Services,62.0,93,"Uptrend (price > 50 > 150 > 200-day, 200-day rising); Within 15% of 52-week high; Quarterly profit growth >= 25%; Sales growth >= 20% or 2+ strong quarters; 3-year profit growth >= 15%/yr; ROE >= 20%; RS rating >= 80; Net profit margin up vs a year ago",8
COALINDIA,0.006852851866484858,0.022273132238767923,-0.10844710844710836,0.2989349968061863,0.8557760814249363,0.0,0.0,0.616313260807043,0.8681732975428983,0.01173134559625378,0.0404631474103585,0.012272966966287324,-0.013034301263082535,2557071582.0,0.6677140744993038,7.77181308132493,-13.03345494474435,0.040076311285566206,0.0,0.051267049199599235,-1.3500000000000014,1.0,26.087723128075098,1.4299999999999997,20661.0,True,True,47.319383259911895,Coal,Energy,,93,"Uptrend (price > 50 > 150 > 200-day, 200-day rising); Quarterly profit growth >= 25%; Sales growth >= 20% or 2+ strong quarters; 3-year profit growth >= 15%/yr; RS rating >= 80; Net profit margin up vs a year ago",6
COCHINSHIP,-0.08794270613438479,-0.22116094986807389,0.2370295867907135,-0.8558840629645638,0.6509863429438544,0.0,0.0,0.008949050346728037,1.3772893156555701,0.02081835211595673,0.04774038821854165,-0.10816867600121416,-0.04215750644787247,1157238164.15,-19.386682679602195,2.397551914204721,-15.66849130488741,-0.7076496224571143,0.0,28.665179535629413,-3.7399999999999984,1.0,12.208411374084795,0.6399999999999988,20679.0,True,True,12.647577092511012,Ship Building & Allied Services,Industrials,,93,"Uptrend (price > 50 > 150 > 200-day, 200-day rising); Within 15% of 52-week high; Quarterly profit growth >= 25%; Sales growth >= 20% or 2+ strong quarters; ROE >= 20%; RS rating >= 80; Net profit margin up vs a year ago",7
COFORGE,0.10098539602842918,0.22529571217348443,0.7842468825693012,0.32180287883628045,0.9034237086879081,0.0,0.0,0.540263971232318,1.2250801793007697,0.023474667079239633,0.04396546795494838,0.009121887113193061,-0.01909152789909545,3624312182.2,79.41083890182135,49.219846668826264,-52.755250732422425,1.9162798142916513,6.0,38.78076079990278,1.7400000000000002,1.0,18.29715843556674,-19.91000000000001,20661.0,True,True,75.99449339207048,Computers - Software & Consulting,Information Technology,80.0,93,"Uptrend (price > 50 > 150 > 200-day, 200-day rising); ROE >= 20%; RS rating >= 80",3
COHANCE,-0.0694045871476524,-0.4877790768888146,0.525957870293581,-0.9845910528804088,0.49169254235441523,0.0,0.0,1.0732107979613614,1.2659619887847946,0.021262763848068775,0.05125570776255706,0.012991793711505162,-0.02462210080895951,275843465.7,-100.0,-23.12901640239573,-4.956104884324958,-1.0945364043744523,0.0,-47.906543762851825,-20.189999999999998,0.0,3.83533623114293,-0.7899999999999991,20670.0,True,True,18.644273127753305,Pharmaceuticals,Healthcare,21.0,93,"Uptrend (price > 50 > 150 > 200-day, 200-day rising); Within 15% of 52-week high; Quarterly profit growth >= 25%; Sales growth >= 20% or 2+ strong quarters; 3-year profit growth >= 15%/yr; ROE >= 20%; RS rating >= 80; Net profit margin up vs a year ago",8
COLPAL,-0.08067942056222298,-0.19801638637343688,0.0397495387711746,-1.0244329472017688,0.7443476768630143,0.0,0.0,-0.2059834863863234,1.0083612296466964,0.015845794147170696,0.04211269901646464,-0.09696559621089884,-0.029019527360511402,632548560.0,7.751405949861212,11.801458795308427,4.736049559030042,0.518032684350751,0.0,6.702574850878817,-0.8099999999999987,1.0,83.6489898989899,0.28999999999999915,20679.0,True,True,14.719162995594713,Personal Care,Fast Moving Consumer Goods,72.0,93,"Uptrend (price > 50 > 150 > 200-day, 200-day rising); Within 15% of 52-week high; Quarterly profit growth >= 25%; Sales growth >= 20% or 2+ strong quarters; 3-year profit growth >= 15%/yr; RS rating >= 80; Net profit margin up vs a year ago",7
COMSYN,0.1859603826250216,0.9858410544173304,0.9892156862745098,1.4066114298253507,0.8319594166138237,1.0,0.0,0.5890558080271815,2.010775115278724,0.04420975902703785,0.046245733788395915,-0.019518458013419004,-0.0555337678248146,127152115.755,60.89421139553044,20.57231245166278,82.36749830904643,1.368789340178176,1.0,65.44395332637636,2.05,1.0,14.689265536723164,-0.2,20673.0,True,True,88.31497797356829,Packaging,Industrials,29.0,93,"Uptrend (price > 50 > 150 > 200-day, 200-day rising); Within 15% of 52-week high; ROE >= 20%",3
CONCOR,-0.048747904374947026,-0.03165033911077608,0.20855866447213733,-0.6105029375792059,0.7935368043087971,0.0,0.0,0.3815976489096814,1.0019381550843314,0.020901620220681864,0.033596230666803395,-0.11755134473595419,-0.049636071591587796,551184043.0,0.6078738570217901,0.2846357080835693,12.839607879558624,0.06119122754612919,0.0,3.6041596650627117,0.03999999999999915,1.0,9.626825310978909,-0.39000000000000057,20658.0,True,True,25.73127753303965,Logistics Solution Provider,Services,59.0,93,"Uptrend (price > 50 > 150 > 200-day, 200-day rising); Within 15% of 52-week high; Quarterly profit growth >= 25%; Sales growth >= 20% or 2+ strong quarters; 3-year profit growth >= 15%/yr; ROE >= 20%; RS rating >= 80",7
CONCORDBIO,-0.002045320353832536,-0.0891629847815415,0.45748232521602517,-0.38510470066990315,0.8239985608059487,0.0,0.0,0.4711626107640516,0.8741698273948543,0.024795132661774508,0.056879014989293264,-0.0496155857234154,-0.04547661025434489,192024761.64999998,30.960279915682133,26.22677582234423,67.95012672406816,0.4606071595766619,1.0,3.913242314850973,0.8099999999999987,1.0,12.840852751611303,-0.11000000000000298,20644.0,True,True,44.48458149779736,Pharmaceuticals,Healthcare,21.0,93,"Uptrend (price > 50 > 150 > 200-day, 200-day rising); Within 15% of 52-week high; 3-year profit growth >= 15%/yr; ROE >= 20%; RS rating >= 80",5
CONFIPET,0.22086490024554975,0.7207110730349113,1.1429714590557483,1.3526427707415827,0.923283261802575,1.0,1.0,0.43490616364115486,0.7517062976037088,0.03274599505385491,0.09904230815856474,0.0575748413944992,-0.019457551679776558,233852752.53,206.06009125042962,116.59637226953481,179.9543826843641,4.3131874585407814,2.0,9.316722698899337,0.76,1.0,6.840620592383639,0.51,20676.0,True,True,91.91299559471366,LPG/CNG/PNG/LNG Supplier,Energy,68.0,93,3-year profit growth >= 15%/yr; ROE >= 20%,2
COROMANDEL,-0.06686719364969972,-0.1380222341760804,0.006859357000733146,-0.6967190053687117,0.7057222889155662,0.0,0.0,-0.38664050311302883,4.268523827349448,0.01523605784190649,0.03611773240750349,-0.11021596787978527,-0.042761633568818555,199998617.55,-23.95576063074387,15.938968802805897,26.638385972743333,-0.6944737688004552,0.0,-3.3418369857805885,-2.45,1.0,15.113871635610765,0.21000000000000085,20637.0,True,True,19.298458149779734,Fertilizers,Commodities,63.0,93,"Uptrend (price > 50 > 150 > 200-day, 200-day rising); Within 15% of 52-week high; Quarterly profit growth >= 25%; Sales growth >= 20% or 2+ strong quarters; 3-year profit growth >= 15%/yr; ROE >= 20%; RS rating >= 80; Net profit margin up vs a year ago",8
COSMOFIRST,0.000912357950205972,0.055166666666666586,0.5948442354521788,-0.2039089062064691,0.8301706827309238,0.0,0.0,0.7744081318649761,0.5039092709399684,0.01804443381039978,0.019388169733557614,-0.0822526294291841,-0.020336152011257075,59612549.075,25.30172375998585,45.6870367361224,-28.13173397722861,1.3005718273351694,2.0,1.3878450769107875,-0.75,1.0,9.653465346534654,0.6299999999999999,20648.0,True,True,46.01101321585903,Packaging,Industrials,29.0,93,"Uptrend (price > 50 > 150 > 200-day, 200-day rising); Within 15% of 52-week high; 3-year profit growth >= 15%/yr; ROE >= 20%; RS rating >= 80; Net profit margin up vs a year ago",6
CPPLUS,0.280482663711872,1.7096844554311472,1.0724573208029806,3.9994999150518,0.9280898876404494,0.0,1.0,-0.1396444525824775,0.9311623775094083,0.02785109370296724,0.04997944923962194,0.053812206426934406,-0.04437632135947298,747777836.7,300.0,89.50597265012703,92.2031365688218,2.540755154654762,9.0,,5.7,1.0,19.605753862546617,-0.509999999999998,20648.0,True,True,94.8568281938326,Industrial Products,Industrials,6.0,93,3-year profit growth >= 15%/yr; ROE >= 20%,2
CRAFTSMAN,0.11702308877151761,0.6485496630530325,0.6128708614017486,1.3925319319684986,0.855571297608134,0.0,0.0,0.6278557814090011,0.7884132267237971,0.0203643948901895,0.035069261792039175,-0.03465681701922785,-0.04278616062322821,417467647.75,98.98415951011081,36.29932735426009,42.495547294571104,1.521285981817302,5.0,19.418548555265012,1.9500000000000002,1.0,11.76470588235294,6.700000000000003,20663.0,True,True,79.15638766519824,Auto Components & Equipments,Consumer Discretionary,20.0,93,"Uptrend (price > 50 > 150 > 200-day, 200-day rising); ROE >= 20%; RS rating >= 80",3
CRAMC,,,0.17537399309551205,,0.6126768534238823,0.0,0.0,-1.049209792222476,1.3393310347074807,0.01813490404598942,0.025377379129293276,-0.1319860649527146,-0.02766576127910227,72328980.85,23.98043361588933,20.07103328652846,24.872972052358943,,1.0,,1.6400000000000006,1.0,27.38255033557047,-1.2700000000000014,20679.0,True,True,,Asset Management Company,Financial Services,71.0,93,"Uptrend (price > 50 > 150 > 200-day, 200-day rising); Within 15% of 52-week high; Quarterly profit growth >= 25%; 3-year profit growth >= 15%/yr; RS rating >= 80",5
CREDITACC,-0.04785130589722038,0.0015094882116157837,0.20319516407599303,-0.2740192920278435,0.7582619339045288,0.0,0.0,0.3117394929195358,1.1732058483707484,0.019017937150163686,0.04579462303707982,-0.14583298863316718,-0.056185944702606225,338904671.25,300.0,21.91552338179903,0.0,1.44799394106614,3.0,5.302519612744927,23.55,1.0,9.920938536087732,0.6199999999999974,20658.0,True,True,26.16740088105727,Microfinance Institutions,Financial Services,48.0,93,"Uptrend (price > 50 > 150 > 200-day, 200-day rising); Within 15% of 52-week high; 3-year profit growth >= 15%/yr; ROE >= 20%; RS rating >= 80",5
CRISIL,0.009894406530859559,0.013153478224385395,0.28403169201318734,-0.2592721623604814,0.8743706687200143,0.0,0.0,0.6108662279021222,2.157112576535134,0.01760149403080772,0.02889380530973451,-0.028466378258847347,-0.019251579848491213,172084647.89999998,26.184925881018508,27.563996109226373,-19.691284158779297,2.0984610666983006,2.0,13.659843928140635,-0.22000000000000242,1.0,25.25552258489944,-0.46000000000000085,20655.0,True,True,48.95484581497797,Other Financial Services,Financial Services,,93,"Uptrend (price > 50 > 150 > 200-day, 200-day rising); 3-year profit growth >= 15%/yr; RS rating >= 80; Net profit margin up vs a year ago",4
CROMPTON,-0.11305839350530851,-0.22979503416097324,0.03354203935599287,-1.0958475234753104,0.652818035426731,0.0,0.0,-0.8906996059350667,1.668556613223459,0.018305653542234783,0.02600326696393096,-0.15104454607897333,-0.0391650038115525,583356820.55,15.088605641537356,11.841591689268306,46.32434913100232,0.5227091919731959,0.0,-0.4454084485224663,0.17999999999999972,1.0,-7.785642062689585,-0.25,20644.0,True,True,6.650881057268722,Household Appliances,Consumer Discretionary,90.0,93,"Uptrend (price > 50 > 150 > 200-day, 200-day rising); Within 15% of 52-week high; Quarterly profit growth >= 25%; Sales growth >= 20% or 2+ strong quarters; 3-year profit growth >= 15%/yr; ROE >= 20%; RS rating >= 80",7
CSBBANK,-0.05016483650997867,-0.05347668249092441,-0.004552129221732759,-0.3219133997487813,0.5305536211699164,0.0,0.0,0.18197924780495547,0.934100984530881,0.023639209690594628,0.10933018390416738,-0.06705851739602942,-0.04545015356489094,142300356.975,26.600565474580407,23.668991488462332,20.75478673136608,1.8659929431681566,1.0,5.569210364826516,0.2699999999999996,1.0,12.931562819203268,-0.35999999999999943,20679.0,True,True,25.295154185022025,Private Sector Bank,Financial Services,23.0,93,"Uptrend (price > 50 > 150 > 200-day, 200-day rising); Within 15% of 52-week high; 3-year profit growth >= 15%/yr; ROE >= 20%; RS rating >= 80",5
CUB,0.10597968487962225,0.48062503938000134,0.30303870466895866,1.144035717277711,0.9244122965641953,0.0,0.0,0.34632709516529303,2.5768668478012113,0.02490881171784979,0.051835652133451315,0.03466515062105091,-0.025537261419828268,505896494.035,25.012321395327675,23.649966050593974,0.1437299066231006,4.13425352523081,2.0,14.299704697019177,0.21000000000000085,1.0,12.550875532418363,-0.6099999999999923,20679.0,True,True,76.86674008810573,Private Sector Bank,Financial Services,23.0,93,"Uptrend (price > 50 > 150 > 200-day, 200-day rising); 3-year profit growth >= 15%/yr; ROE >= 20%; RS rating >= 80",4
CUMMINSIND,0.023332558980753457,0.27980144902103343,0.13441923512810816,0.7612256631691033,0.7967213114754098,0.0,0.0,-0.6382236969893197,1.8530467581879304,0.013685380577461196,0.025892857142857162,-0.06623936550388498,-0.023457183335708794,1953008802.0,2.523010835264783,17.861099070461872,-15.500596513695774,0.2505950525523088,0.0,20.799450238082116,-2.66,1.0,27.870206489675514,0.04999999999999716,20645.0,True,True,54.18832599118942,"Compressors, Pumps & Diesel Engines",Industrials,52.0,93,"Uptrend (price > 50 > 150 > 200-day, 200-day rising); Within 15% of 52-week high; Quarterly profit growth >= 25%; Sales growth >= 20% or 2+ strong quarters; RS rating >= 80; Net profit margin up vs a year ago",6
CUPID,0.712586928064301,5.196215363820681,2.3098676293622145,10.27667638765965,0.9942729875914731,1.0,1.0,0.8125962385435125,2.529758759028174,0.03312343783718361,0.08884688090737236,0.1622760526501752,-0.05505154253277724,5493461440.475,194.18838358938822,158.7290969899666,-20.858897948085314,2.482918253112074,5.0,73.46264729268852,3.4399999999999977,1.0,24.0,3.33,20672.0,True,True,99.0,Personal Care,Fast Moving Consumer Goods,72.0,93,,0
CYIENT,0.056924091821734746,-0.01355243096730474,0.5469216975493125,-0.18832874944973862,0.9039279869067103,0.0,0.0,1.349690209533549,2.2358889027603697,0.024008890795172277,0.043020941912252475,0.12568291532104792,-0.014685360895161028,424882047.65,-30.860324183886,21.258324570627394,24.984073993361022,-1.2515307479496098,0.0,-9.60954058231085,-3.9499999999999993,1.0,8.148539246744106,-1.490000000000002,20657.0,True,True,64.54625550660792,IT Enabled Services,Information Technology,38.0,93,"Uptrend (price > 50 > 150 > 200-day, 200-day rising); Quarterly profit growth >= 25%; 3-year profit growth >= 15%/yr; ROE >= 20%; RS rating >= 80; Net profit margin up vs a year ago",6
CYIENTDLM,0.39017757901870054,0.8802368940557141,2.1479985310319503,2.0936110692350915,0.8859266600594647,0.0,1.0,0.5214324651140463,0.6102634856679486,0.03586792628233479,0.12815623736060555,0.12062621681152419,-0.026216550365649037,415607775.1,118.41123013313997,34.25277448550803,146.1040479301939,1.0489562424406782,1.0,38.69637379667839,1.6800000000000002,1.0,7.213438735177865,1.9699999999999989,20655.0,True,True,97.69162995594714,Aerospace & Defense,Industrials,22.0,93,ROE >= 20%,1
DABUR,-0.08986963995230175,-0.2584009269988412,-0.06444146668290895,-1.223463005016415,0.7008426966292135,0.0,0.0,-0.628465975006685,2.8804645014403403,0.010914590263260672,0.027824730204134562,-0.0574472371933713,-0.014593243133702413,703489645.0,15.308114934117523,10.568410787821115,-0.48871931743461516,1.6496466175102324,0.0,4.4867026052785475,0.6400000000000006,1.0,16.36745774586216,-0.17999999999999972,20641.0,True,True,12.102422907488988,Personal Care,Fast Moving Consumer Goods,72.0,93,"Uptrend (price > 50 > 150 > 200-day, 200-day rising); Within 15% of 52-week high; Quarterly profit growth >= 25%; Sales growth >= 20% or 2+ strong quarters; 3-year profit growth >= 15%/yr; ROE >= 20%; RS rating >= 80",7
DALBHARAT,-0.06950470679090222,-0.2215615305067219,0.01540017985611497,-0.9740950584919047,0.725074356653304,0.0,0.0,0.13323689288109966,1.1215409502131124,0.01592416934561674,0.04021732711273862,-0.059923255847745716,-0.02344412916550148,187229756.25,-13.944077218737993,6.98569856985698,-5.620325150517413,-0.4037991283561015,0.0,-0.469447201440254,-2.0599999999999987,1.0,6.4352856109906,-0.6400000000000006,20658.0,True,True,18.5352422907489,Cement & Cement Products,Commodities,89.0,93,"Uptrend (price > 50 > 150 > 200-day, 200-day rising); Within 15% of 52-week high; Quarterly profit growth >= 25%; Sales growth >= 20% or 2+ strong quarters; 3-year profit growth >= 15%/yr; ROE >= 20%; RS rating >= 80; Net profit margin up vs a year ago",8
DALMIASUG,0.06636539359181928,0.2874243258117779,0.18638265500190188,0.20030363828034842,0.7628846153846154,0.0,0.0,1.02967402817191,1.464263597008999,0.036451747921129644,0.07321652065081352,-0.05915221717053132,-0.0369443192817849,110097955.92500001,-82.48912391216182,-9.85141569594422,-34.58367473580604,-0.5670151399632714,0.0,-12.876255386604463,-3.36,1.0,7.279457125231338,-0.04999999999999993,20672.0,True,True,66.72687224669603,Sugar,Fast Moving Consumer Goods,30.0,93,"Uptrend (price > 50 > 150 > 200-day, 200-day rising); Within 15% of 52-week high; Quarterly profit growth >= 25%; Sales growth >= 20% or 2+ strong quarters; 3-year profit growth >= 15%/yr; ROE >= 20%; RS rating >= 80; Net profit margin up vs a year ago",8
DATAMATICS,-0.019270651974487303,-0.14365837405597515,0.20996469203609247,-0.2961160126925418,0.7824752475247524,0.0,0.0,0.6668640692535784,1.9919223098289465,0.019534223962545245,0.04743687834736021,-0.021667411485225996,-0.024986032401536712,53810255.3,43.69335008757209,9.913166224655656,10.623963979018548,1.9431281683631116,4.0,8.90284541636519,3.3100000000000005,1.0,12.629533678756477,0.010000000000000009,20670.0,True,True,37.724669603524234,IT Enabled Services,Information Technology,38.0,93,"Uptrend (price > 50 > 150 > 200-day, 200-day rising); Within 15% of 52-week high; 3-year profit growth >= 15%/yr; ROE >= 20%; RS rating >= 80",5
DATAPATTNS,0.09658950207930701,0.6491471565798603,0.4875630085988203,1.0820350824934257,0.85026,0.0,0.0,-0.07157675853980693,0.40518818257041184,0.03157024812097182,0.0743879062472772,-0.06092573685952063,-0.04143080217550225,2671093304.15,-13.49402508297608,16.812644719621474,-34.81399462873971,-0.19649800710331672,0.0,25.858302653678102,-6.66,1.0,15.610599078341014,0.33000000000000185,20679.0,True,True,74.90418502202644,Aerospace & Defense,Industrials,22.0,93,"Uptrend (price > 50 > 150 > 200-day, 200-day rising); Quarterly profit growth >= 25%; Sales growth >= 20% or 2+ strong quarters; ROE >= 20%; RS rating >= 80; Net profit margin up vs a year ago",6
DBL,-0.06953629963259975,-0.26122754491017963,0.019628099173553792,-0.7203098576170502,0.7230727420962043,0.0,0.0,1.3087823197215906,0.32288431271671314,0.02208293179953841,0.041998285784253575,-0.04171228798094473,-0.01986604727621602,55244695.55,-6.295903901468758,-9.25681400123648,44.80098003126585,-0.07276347278224822,0.0,27.604011970131136,0.16999999999999993,1.0,20.471518523942013,0.03999999999999915,20675.0,True,True,18.426211453744493,Civil Construction,Industrials,77.0,93,"Uptrend (price > 50 > 150 > 200-day, 200-day rising); Within 15% of 52-week high; Quarterly profit growth >= 25%; Sales growth >= 20% or 2+ strong quarters; RS rating >= 80",5
DBREALTY,-0.12731325926953937,-0.40094312161611456,0.22543765630582357,-0.9065164168334094,0.5312246553122466,0.0,0.0,-0.6120825134590621,1.2984994909799328,0.02146414366667396,0.04997413347128821,-0.12869473340149207,-0.028144575289735355,82637810.58000001,-100.0,-86.81589375602442,200.0,-0.017998220433751322,0.0,-56.83072893695951,-1.79,0.0,0.659985333659252,-0.1800000000000006,20679.0,True,True,4.034140969162995,"Residential, Commercial Projects",Consumer Discretionary,55.0,93,"Uptrend (price > 50 > 150 > 200-day, 200-day rising); Within 15% of 52-week high; Quarterly profit growth >= 25%; Sales growth >= 20% or 2+ strong quarters; 3-year profit growth >= 15%/yr; ROE >= 20%; RS rating >= 80; Net profit margin up vs a year ago",8
DCBBANK,0.11655427466262708,0.774675735526732,0.4172298364176086,1.443500168101266,0.8505536626916524,0.0,0.0,0.6985817989444097,0.6479971464546949,0.022225091715138347,0.03723284081153144,-0.02390888056703311,-0.04345301834514523,207010526.89,35.53778432350059,9.414580082378965,19.475995563472416,6.362400894891853,1.0,16.710738279043724,2.0700000000000003,1.0,11.201224177505738,0.3200000000000074,20679.0,True,True,78.93832599118943,Private Sector Bank,Financial Services,23.0,93,"Uptrend (price > 50 > 150 > 200-day, 200-day rising); Sales growth >= 20% or 2+ strong quarters; ROE >= 20%; RS rating >= 80",4
DCMSHRIRAM,-0.07425245500690379,-0.13484466834592768,-0.07711598746081494,-0.8235053148551847,0.6436124911284599,0.0,0.0,0.5884910349476464,2.981095570212545,0.012739304412551828,0.011178861788617933,-0.10276743585506942,-0.03711325025971419,72947230.85,300.0,9.268496065188803,206.5447914362751,8.92088638763107,2.0,24.373674771142582,13.88,1.0,11.099585062240664,-0.1800000000000015,20657.0,True,True,16.790748898678416,Diversified,Diversified,75.0,93,"Uptrend (price > 50 > 150 > 200-day, 200-day rising); Within 15% of 52-week high; ROE >= 20%; RS rating >= 80",4
DCXINDIA,-0.11924695021264806,-0.34746145167356146,0.12500810477857738,-0.8535911158835632,0.5934677118327735,0.0,0.0,-0.17486568911528869,1.0278561937719883,0.01567644755849257,0.02866789077770515,-0.07677317154749508,-0.016376831375310198,57314345.41,-100.0,-53.57850198055456,0.0,-1.804109593018828,0.0,-40.49301205650262,-10.23,0.0,-0.5287508261731658,0.6699999999999999,20677.0,True,True,5.887665198237885,Aerospace & Defense,Industrials,22.0,93,"Uptrend (price > 50 > 150 > 200-day, 200-day rising); Within 15% of 52-week high; Quarterly profit growth >= 25%; Sales growth >= 20% or 2+ strong quarters; 3-year profit growth >= 15%/yr; ROE >= 20%; RS rating >= 80; Net profit margin up vs a year ago",8
DEEDEV,0.3060894540968747,1.2266930123944673,1.3053747442811972,2.511477270816586,0.8726315789473685,0.0,1.0,0.13112884202951808,0.6736418691837031,0.028748546740489565,0.04992542585760251,0.017346431617507374,-0.03861847033010083,117366190.75,22.40478512204911,31.596353235609588,39.762050198698205,0.16807689563977285,1.0,,-0.41000000000000014,1.0,8.651685393258427,5.869999999999999,20669.0,True,True,95.83810572687224,Industrial Products,Industrials,6.0,93,Quarterly profit growth >= 25%; 3-year profit growth >= 15%/yr; ROE >= 20%; Net profit margin up vs a year ago,4
DEEPAKFERT,-0.01792411748957471,-0.09669050180345506,0.5704070407040704,-0.4301209573312119,0.7738845925044617,0.0,0.0,-0.0036862252323632155,1.5193315700538477,0.019449781176119608,0.03416890480453594,-0.09898990458670842,-0.02128124885205849,302047101.0,101.00586784956774,22.473342736248235,150.84109757195137,2.12791101674955,1.0,3.098642795403972,5.880000000000001,1.0,10.797779076563414,1.1600000000000001,20664.0,True,True,38.269823788546255,Commodity Chemicals,Commodities,43.0,93,"Uptrend (price > 50 > 150 > 200-day, 200-day rising); Within 15% of 52-week high; 3-year profit growth >= 15%/yr; ROE >= 20%; RS rating >= 80",5
DEEPAKNTR,-0.039948844188867974,-0.04632502407189476,0.38545228473733295,-0.691001801849059,0.7856842105263158,0.0,0.0,0.5001577305479978,0.5041135045591989,0.017343664131193415,0.018702363415102896,-0.11106664856405812,-0.02763452869389127,402524708.8,207.2210452996534,36.389612038859596,198.63556197767264,4.027867510472473,1.0,1.077100019893007,7.44,1.0,9.43978070926846,0.34999999999999787,20650.0,True,True,30.201541850220263,Specialty Chemicals,Commodities,39.0,93,"Uptrend (price > 50 > 150 > 200-day, 200-day rising); Within 15% of 52-week high; 3-year profit growth >= 15%/yr; ROE >= 20%; RS rating >= 80",5
DEEPINDS,0.22241345993447004,0.24403704050135633,0.5443567115652577,0.8549307811741399,0.9078787878787878,0.0,1.0,0.9752252289431642,0.6307331213132119,0.03442610925189977,0.07381244143299948,0.09184150951097458,-0.026573300984027555,319298411.75,44.465321078318176,39.809523809523824,-255.53467892168183,0.5318415206146564,5.0,61.04770438513576,1.0300000000000011,1.0,9.854927463731865,0.06000000000000005,20662.0,True,True,92.24008810572687,Oil Equipment & Services,Energy,,93,ROE >= 20%,1
DELHIVERY,-0.057882179293642436,0.010526315789473717,0.10583153347732188,-0.3946282397717213,0.7633587786259542,0.0,0.0,-0.051597935309917894,1.8873618560348635,0.016817195451955747,0.024294478527607355,-0.11332189518578117,-0.031416501673178436,1025095353.45,-64.92332752838969,27.756320836965998,-62.750807550816184,-0.8177748949165802,0.0,,-2.88,1.0,1.5794363580055746,0.5,20673.0,True,True,22.569383259911895,Logistics Solution Provider,Services,59.0,93,"Uptrend (price > 50 > 150 > 200-day, 200-day rising); Within 15% of 52-week high; Quarterly profit growth >= 25%; 3-year profit growth >= 15%/yr; ROE >= 20%; RS rating >= 80; Net profit margin up vs a year ago",7
DEVYANI,-0.019175339563408993,-0.21648494435342636,0.46622264509990474,-0.7203145791537691,0.7129951745034228,0.0,0.0,0.7734245977551337,0.7889319705294183,0.02381467229866423,0.01848954629497923,-0.05588461687059232,-0.038728284448998916,344356487.865,300.0,16.47420355645297,0.0,0.5100668059492868,2.0,,0.9000000000000001,1.0,-2.7885862516212714,0.19000000000000128,20658.0,True,True,37.83370044052863,Restaurants,Consumer Discretionary,67.0,93,"Uptrend (price > 50 > 150 > 200-day, 200-day rising); Within 15% of 52-week high; 3-year profit growth >= 15%/yr; ROE >= 20%; RS rating >= 80",5
DHAMPURSUG,0.08810884917938608,0.24125547654959423,0.21901671721802907,0.59236388546085,0.8556422569027612,0.0,1.0,0.19213982274932612,2.0771246398331815,0.0289256874173648,0.06092079689018459,0.04959466722952666,-0.043273575749201446,108285764.53,300.0,5.983660005369962,306.8462322490022,0.29748851004926785,1.0,-24.554730105857413,0.93,1.0,5.430242272347535,-0.15000000000000036,20665.0,True,True,71.96035242290749,Sugar,Fast Moving Consumer Goods,30.0,93,Sales growth >= 20% or 2+ strong quarters; 3-year profit growth >= 15%/yr; ROE >= 20%; RS rating >= 80,4
DIVGIITTS,0.16028820681171627,0.8872527145619515,1.0604092237739526,1.4861675272941188,0.8545645961798768,0.0,1.0,0.7295955249167518,2.012580445893987,0.0324890521270141,0.05543045210462494,0.0005035973756590817,-0.031441819063809044,125673925.05,182.53088454482906,91.3225446428571,-6.712983878161481,2.933090643173912,5.0,8.599667842980097,5.939999999999998,1.0,7.4015748031496065,0.08000000000000185,20679.0,True,True,85.04405286343612,Auto Components & Equipments,Consumer Discretionary,20.0,93,3-year profit growth >= 15%/yr; ROE >= 20%,2
DIVISLAB,0.17463319494314275,0.5315842245989304,0.5411131663023374,2.252714804227856,0.9495893223819302,1.0,1.0,0.5246765755430179,1.293093806783263,0.017702679118636117,0.029084687767322537,0.0501074631542735,-0.016163507536916803,4244560257.0,65.55888133807792,27.800829875518662,52.10823003452671,5.933998581109486,1.0,26.380805542680406,6.68,1.0,15.32128154644711,0.060000000000002274,20650.0,True,True,86.6795154185022,Pharmaceuticals,Healthcare,21.0,93,ROE >= 20%,1
DIXON,-0.04193203901373762,-0.20373327459941637,0.4949860436265894,-0.7647413133492428,0.6875642899680581,0.0,0.0,-0.24584062389181777,1.5867362715863012,0.018507185429947635,0.026528258362168433,-0.09031131409186566,-0.017631285959369403,4158395542.5,156.7038085567434,21.128636938030464,143.3731320115342,3.0657280848939834,1.0,95.97232027039428,2.44,1.0,35.15073765234125,-0.18999999999999773,20665.0,True,True,29.220264317180618,Consumer Electronics,Consumer Discretionary,88.0,93,"Uptrend (price > 50 > 150 > 200-day, 200-day rising); Within 15% of 52-week high; RS rating >= 80",3
DLF,-0.007667093568534122,-0.07973829482723371,0.33931759571513576,-0.33810331183695,0.8371265098537826,0.0,0.0,0.11924838398489075,1.7691214673688456,0.018385038067939372,0.03215926493108734,-0.006476613570104983,-0.02798769783576963,1848560881.725,4.112517899651635,-52.87149850922075,7.3340029440380095,0.09240688983898525,0.0,27.195432096402094,33.94,1.0,9.709058122402304,-0.14000000000000057,20648.0,True,True,41.86784140969163,"Residential, Commercial Projects",Consumer Discretionary,55.0,93,"Uptrend (price > 50 > 150 > 200-day, 200-day rising); Within 15% of 52-week high; Quarterly profit growth >= 25%; Sales growth >= 20% or 2+ strong quarters; ROE >= 20%; RS rating >= 80",6
DMART,-0.044273262962286494,-0.17689095527142795,-0.033562474727052205,-0.7423214537093088,0.8197003246125073,0.0,0.0,-0.15435971264547546,1.3172847493952005,0.012920529633691034,0.015303150648662944,-0.014745484960721589,-0.014149101976649517,1609956994.1,11.475547394626084,14.883096878304602,-7.7540191573466615,1.591986286467445,0.0,8.49936719737907,-0.13999999999999968,1.0,12.140287769784171,0.120000000000001,20645.0,True,True,27.80286343612335,Diversified Retail,Consumer Discretionary,45.0,93,"Uptrend (price > 50 > 150 > 200-day, 200-day rising); Within 15% of 52-week high; Quarterly profit growth >= 25%; Sales growth >= 20% or 2+ strong quarters; 3-year profit growth >= 15%/yr; ROE >= 20%; RS rating >= 80; Net profit margin up vs a year ago",8
DOMS,-0.060235656421164664,-0.14695752009184848,-0.030194918203968024,-0.7509133037689452,0.7613430127041743,0.0,0.0,-0.2586967829408307,1.3391778807826888,0.011671215935814348,0.026603001364256418,-0.042665839030935904,-0.01471730725060178,58284727.4,-23.413243023663266,19.24841715871097,-36.95398047787152,-2.4979480400060123,0.0,,-3.76,1.0,19.672131147540984,6.649999999999995,20668.0,True,True,21.806167400881055,Stationary,Fast Moving Consumer Goods,,93,"Uptrend (price > 50 > 150 > 200-day, 200-day rising); Within 15% of 52-week high; Quarterly profit growth >= 25%; Sales growth >= 20% or 2+ strong quarters; 3-year profit growth >= 15%/yr; ROE >= 20%; RS rating >= 80; Net profit margin up vs a year ago",8
DREDGECORP,0.0627367106781795,0.5875847832497787,0.4009498406089391,0.5114533794999728,0.6961119751166408,0.0,0.0,0.46045887140958736,0.8453882366554933,0.02460694102382772,0.023847856711612048,-0.15457203514683548,-0.04545818490416479,92686576.19999999,100.0,46.726387054161165,-161.37756120525745,0.7176745309264215,2.0,-38.638061182616404,12.790000000000001,1.0,0.40650406504065045,-0.9699999999999998,20679.0,True,True,66.39977973568283,Dredging,Services,,93,"Uptrend (price > 50 > 150 > 200-day, 200-day rising); Within 15% of 52-week high; 3-year profit growth >= 15%/yr; ROE >= 20%; RS rating >= 80",5
DRREDDY,-0.036584319595990886,-0.09791233341036898,-0.06685791696549537,-0.29727607233857223,0.85249840978161,0.0,0.0,-0.11278346287080236,2.8762545497605356,0.014931686346990962,0.030701754385964897,0.025460530566579376,-0.027659399731762537,2026841993.8,-69.09680089244074,-5.509735070752797,16.96434937941501,-1.945990682407221,0.0,-12.326074358103522,-11.07,1.0,10.97329251557057,0.5600000000000023,20636.0,True,True,31.29185022026432,Pharmaceuticals,Healthcare,21.0,93,"Uptrend (price > 50 > 150 > 200-day, 200-day rising); Quarterly profit growth >= 25%; Sales growth >= 20% or 2+ strong quarters; 3-year profit growth >= 15%/yr; ROE >= 20%; RS rating >= 80; Net profit margin up vs a year ago",7
DWARKESH,-0.007083784811513595,0.14679113185530923,0.07012195121951215,-0.044665892154300314,0.7005008347245409,0.0,0.0,0.5505260022693772,2.322295263914644,0.037436297408444584,0.10481099656357373,-0.060288452924841196,-0.039705782877453674,89869818.07,-49.0457612434036,-8.147757255936671,50.9542387565964,-1.2553684829862,0.0,38.509048428010885,-29.180000000000003,0.0,,-0.1399999999999999,14927.0,True,True,42.30396475770925,Sugar,Fast Moving Consumer Goods,30.0,93,"Uptrend (price > 50 > 150 > 200-day, 200-day rising); Within 15% of 52-week high; Quarterly profit growth >= 25%; Sales growth >= 20% or 2+ strong quarters; ROE >= 20%; RS rating >= 80; Net profit margin up vs a year ago",7
DYCL,0.0796781211281504,0.3171442447790189,1.2515566625155663,0.07008655281916618,0.7642857142857142,0.0,0.0,0.4853337974463802,0.44475581498046557,0.040644110883862626,0.0510192837465564,-0.039130727611521476,-0.0355268587860191,201048555.25,37.0577175871881,33.22393527705694,34.406064702803945,1.8822976054345688,1.0,37.32954988743482,0.20000000000000018,1.0,18.38074398249453,-0.52,20679.0,True,True,70.1068281938326,Cables - Electricals,Industrials,2.0,93,"Uptrend (price > 50 > 150 > 200-day, 200-day rising); Within 15% of 52-week high; ROE >= 20%; RS rating >= 80",4
DYNAMATECH,0.2275161906076294,0.6835579903409501,0.29611542730299667,2.130019348605771,0.9828522434981424,1.0,1.0,0.33243277536944305,2.3500947093152553,0.021339827258762593,0.04799445551416448,0.18789377694263298,-0.04817383282895983,188854613.5,93.11394379644082,14.525651740220535,82.28414581861884,1.3214701868300576,1.0,-0.8822981200768965,1.9899999999999998,1.0,4.030226700251889,0.3599999999999959,20672.0,True,True,92.45814977973569,Industrial Products,Industrials,6.0,93,Sales growth >= 20% or 2+ strong quarters; 3-year profit growth >= 15%/yr; ROE >= 20%,3
EBGNG,0.2012580804894944,0.7947303076286385,0.847748899304076,1.7857916549199524,0.9653424657534247,1.0,1.0,0.502763097123233,1.1875383397569983,0.033955019111727186,0.07438216766273609,0.14917786572866887,-0.02536961253640329,359840812.9499999,56.13526020125927,32.0801844498527,-129.3834671620388,1.0823868150840175,9.0,,1.08,1.0,17.41424802110818,4.109999999999999,20664.0,True,True,90.16850220264317,Computers Hardware & Equipments,Information Technology,9.0,93,3-year profit growth >= 15%/yr; ROE >= 20%,2
ECLERX,0.04595579825152077,-0.03705329918282718,0.42286620530565155,-0.2605915997011925,0.721881881881882,0.0,0.0,-0.20313441782124292,1.1388867992101166,0.02960708633079542,0.0350432763352333,-0.0434031480838879,-0.03157471190907669,338352397.8,15.980030206410456,23.305084745762716,-8.375324276097261,1.0837934488101753,0.0,13.680103386778896,-0.9000000000000004,1.0,27.567356501366653,-0.9199999999999946,20670.0,True,True,61.16629955947136,Business Process Outsourcing (BPO)/ Knowledge Process Outsourcing (KPO),Services,24.0,93,"Uptrend (price > 50 > 150 > 200-day, 200-day rising); Within 15% of 52-week high; Quarterly profit growth >= 25%; 3-year profit growth >= 15%/yr; RS rating >= 80; Net profit margin up vs a year ago",6
EDELWEISS,0.05660369906912249,0.06791452708298817,0.29366910805658675,0.35321664753222165,0.9445205479452056,1.0,1.0,0.7375590657447424,1.5822878279755075,0.023988792168713302,0.06799809795530187,0.08464135260046501,-0.037239208764587355,718459551.72,30.916319082440946,3.6893549751742194,47.52083977074489,0.5553966208382061,1.0,18.24873618777221,1.1999999999999993,1.0,14.709063378758383,1.2199999999999989,20671.0,True,True,64.43722466960352,Holding Company,Financial Services,69.0,93,Sales growth >= 20% or 2+ strong quarters; ROE >= 20%; RS rating >= 80,3
EICHERMOT,-0.01121971696586364,0.13670398630820801,0.2101427269966596,-0.04888082349867822,0.8408262454434994,0.0,0.0,-0.27433864086152027,1.8271992533949566,0.011405568794320923,0.009840980187695525,-0.10803017745301369,-0.028286131569153806,2991175175.0,21.365054047811615,31.547609602843394,9.776291290100335,3.135561956033514,1.0,21.767220121902398,-1.8499999999999979,1.0,21.97211155378486,-0.00999999999999801,20661.0,True,True,40.66850220264317,2/3 Wheelers,Consumer Discretionary,36.0,93,"Uptrend (price > 50 > 150 > 200-day, 200-day rising); Within 15% of 52-week high; Quarterly profit growth >= 25%; RS rating >= 80; Net profit margin up vs a year ago",5
EIDPARRY,-0.10082111295089602,-0.2587347433150098,0.025918762088974923,-1.3700035176668373,0.6033542039355992,0.0,0.0,-0.04355089274805966,0.8417694715641315,0.016819942781554582,0.022043361612646084,-0.11382294325602915,-0.0204067012977781,241316430.05,-33.06165560734841,3.4148914819805753,45.89700450888931,-0.8616326087252372,0.0,-1.7189419783640747,-1.88,1.0,15.742642026009582,-1.0699999999999967,20654.0,True,True,8.831497797356828,Other Food Products,Fast Moving Consumer Goods,,93,"Uptrend (price > 50 > 150 > 200-day, 200-day rising); Within 15% of 52-week high; Quarterly profit growth >= 25%; Sales growth >= 20% or 2+ strong quarters; 3-year profit growth >= 15%/yr; ROE >= 20%; RS rating >= 80; Net profit margin up vs a year ago",8
EIEL,-0.05366634112653371,-0.2502161100196464,0.359213619203647,-0.5798440927856864,0.7131230137198667,0.0,0.0,0.23472170769032838,0.8317350440740989,0.023059500687413387,0.050254841997961375,-0.0962547618533065,-0.038533046717147745,140177107.54,-2.0353216289539677,49.08683380375229,24.444353509652608,-0.0637855676596786,0.0,,-6.57,1.0,15.247364152473642,-0.07999999999999985,20676.0,True,True,24.75,Water Supply & Management,Utilities,42.0,93,"Uptrend (price > 50 > 150 > 200-day, 200-day rising); Within 15% of 52-week high; Quarterly profit growth >= 25%; 3-year profit growth >= 15%/yr; ROE >= 20%; RS rating >= 80; Net profit margin up vs a year ago",7
ELECON,-0.06001567175194714,-0.30813124108416545,0.1620859760394644,-0.5653913557212322,0.7028753993610224,0.0,0.0,1.4091128122976784,5.218390186559164,0.025756329433328732,0.10949946498632745,0.01726342267526415,-0.059816549578718556,149991704.05,-34.59896717790969,6.113296777218324,16.088474423504955,-0.9823227100850926,0.0,3.998870534501764,-8.410000000000002,1.0,14.793926247288503,1.3699999999999992,20644.0,True,True,22.02422907488987,Heavy Electrical Equipment,Industrials,32.0,93,"Uptrend (price > 50 > 150 > 200-day, 200-day rising); Within 15% of 52-week high; Quarterly profit growth >= 25%; Sales growth >= 20% or 2+ strong quarters; 3-year profit growth >= 15%/yr; ROE >= 20%; RS rating >= 80; Net profit margin up vs a year ago",8
ELECTCAST,-0.05672212506586004,-0.14476637420934502,0.13822131704005414,-0.5049224220594493,0.752929292929293,0.0,0.0,1.0754722315734708,10.039653566118226,0.018368802637829067,0.0577747062888736,-0.006353260478347389,-0.02802746882435158,103337526.98,-45.76106106015779,-8.481790343393115,44.75234854926048,-0.40948065373296405,0.0,-18.694747137610612,-2.3299999999999996,1.0,2.7177582714382176,-2.790000000000001,20672.0,True,True,23.223568281938324,Iron & Steel Products,Industrials,10.0,93,"Uptrend (price > 50 > 150 > 200-day, 200-day rising); Within 15% of 52-week high; Quarterly profit growth >= 25%; Sales growth >= 20% or 2+ strong quarters; 3-year profit growth >= 15%/yr; ROE >= 20%; RS rating >= 80; Net profit margin up vs a year ago",8
ELGIEQUIP,0.03857814491918983,0.25554002794969066,0.3462485283099648,0.5034893943106509,0.8947811447811448,0.0,0.0,0.6719737508144288,0.8058216837087724,0.01914533942981141,0.02738917916736905,-0.03294903815935302,-0.01798154137600428,204803020.65,26.898412658373296,22.556824737510084,1.4223328814410046,1.9793333369874138,4.0,6.6400741771706295,0.34999999999999964,1.0,19.265232974910393,0.7399999999999949,20656.0,True,True,58.22246696035243,"Compressors, Pumps & Diesel Engines",Industrials,52.0,93,"Uptrend (price > 50 > 150 > 200-day, 200-day rising); 3-year profit growth >= 15%/yr; ROE >= 20%; RS rating >= 80",4
ELLEN,0.0374279102203664,-0.38259763139864933,0.5967194856477496,-0.6434251503040541,0.661568247821878,0.0,0.0,0.9076607745727547,7.468039711336284,0.03545083809137159,0.09990706319702602,0.052385190842985985,-0.030232458987692647,172462584.27499998,86.85425526609396,18.043764199449974,61.48622786142239,1.679573515900227,4.0,,13.039999999999996,1.0,10.644831115660185,-1.6199999999999992,20679.0,True,True,58.113436123348016,Industrial Gases,Commodities,,93,"Uptrend (price > 50 > 150 > 200-day, 200-day rising); Within 15% of 52-week high; 3-year profit growth >= 15%/yr; ROE >= 20%; RS rating >= 80",5
EMAMILTD,-0.10051839021149044,-0.347961568423786,-0.04257752923233349,-1.3987194992469683,0.6404571624989258,0.0,0.0,0.25179379770956556,1.6832566137359084,0.017475148873548934,0.032975980458678444,-0.045067484631134525,-0.024790373461409856,440342689.55,-15.419912223879951,14.945414726409979,-3.721541018284503,-0.7441086609603538,0.0,3.158544275789432,-4.8000000000000025,1.0,26.50478796169631,-0.6100000000000065,20666.0,True,True,9.049559471365638,Personal Care,Fast Moving Consumer Goods,72.0,93,"Uptrend (price > 50 > 150 > 200-day, 200-day rising); Within 15% of 52-week high; Quarterly profit growth >= 25%; Sales growth >= 20% or 2+ strong quarters; 3-year profit growth >= 15%/yr; RS rating >= 80; Net profit margin up vs a year ago",7
EMBDL,-0.06620627832207727,-0.3711242353933768,0.5111505321844907,-0.811639241105971,0.5657695796794678,0.0,0.0,-0.7009501816703417,0.9683454640485466,0.024585671478298723,0.09298440979955447,-0.06708417683018031,-0.03819518355834581,119843074.965,-100.0,-68.16806673324326,-200.0,-0.28706869463017876,0.0,-80.87654429070467,-83.81,0.0,-8.83664369679773,-0.8500000000000014,20675.0,True,True,19.62555066079295,"Residential, Commercial Projects",Consumer Discretionary,55.0,93,"Uptrend (price > 50 > 150 > 200-day, 200-day rising); Within 15% of 52-week high; Quarterly profit growth >= 25%; Sales growth >= 20% or 2+ strong quarters; 3-year profit growth >= 15%/yr; ROE >= 20%; RS rating >= 80; Net profit margin up vs a year ago",8
EMCURE,0.09169426106732204,0.3879990976765171,0.1569413976809777,1.4127965785512586,0.9256914361879374,1.0,1.0,0.5746051403959468,1.907117770206629,0.016519845516573317,0.04921981359304639,0.009277924601551746,-0.014729953438383046,230625839.3,34.60892730926941,22.84698220457595,18.512513714604562,2.5940146441577734,1.0,,0.9900000000000002,1.0,19.01010101010101,3.8800000000000026,20671.0,True,True,73.26872246696036,Pharmaceuticals,Healthcare,21.0,93,3-year profit growth >= 15%/yr; ROE >= 20%; RS rating >= 80,3
EMIL,0.2032188883986895,0.1319417600824635,0.9943246311010216,0.6756381566707375,0.9764092257632311,1.0,1.0,1.647614556732403,1.8076201497331739,0.032774833647712956,0.07120129362057281,0.1668241112008253,-0.03337327583150132,417140929.79999995,300.0,39.06886897130602,262.04430877943554,4.628624978937605,2.0,11.246379219641,3.45,1.0,6.580565805658056,0.39000000000000057,20672.0,True,True,90.49559471365639,Diversified Retail,Consumer Discretionary,45.0,93,3-year profit growth >= 15%/yr; ROE >= 20%,2
EMMVEE,,,0.4686939320053365,,0.82330776476921,0.0,0.0,0.29728266567950395,1.1008698460849122,0.023520570579808858,0.041806020066889715,-0.05716786665351614,-0.038967753827123267,499415419.875,102.64534196442483,51.341674612286205,13.198788650411956,,8.0,,6.189999999999998,1.0,29.290741743367622,-2.01,20649.0,True,True,,Other Electrical Equipment,Industrials,49.0,93,"Uptrend (price > 50 > 150 > 200-day, 200-day rising); Within 15% of 52-week high; 3-year profit growth >= 15%/yr; RS rating >= 80",4
EMSLIMITED,-0.08917643776846407,-0.34701034543222864,0.43313450067346526,-0.7572747304442439,0.5747096550528689,0.0,0.0,1.156871933897212,0.3451591718822763,0.02557540951112078,0.03866809881847488,-0.1289532726976571,-0.05122390136992478,67870266.35,-59.30083310346973,-34.17891079576373,28.527235991039376,-1.0784924287874156,0.0,-16.62103009613749,-6.08,1.0,8.617424242424242,-0.25999999999999995,20677.0,True,True,12.320484581497796,Waste Management,Utilities,,93,"Uptrend (price > 50 > 150 > 200-day, 200-day rising); Within 15% of 52-week high; Quarterly profit growth >= 25%; Sales growth >= 20% or 2+ strong quarters; 3-year profit growth >= 15%/yr; ROE >= 20%; RS rating >= 80; Net profit margin up vs a year ago",8
EMUDHRA,0.07133657410993124,-0.19257856872396817,0.4250200481154771,-0.28646580214202383,0.8394847300622377,0.0,0.0,1.0689037489695272,0.6859221072675082,0.038050846273673035,0.19997975913369093,0.06374393849359206,-0.09223747056770329,85020315.25,27.87689096297612,29.477257298031212,6.3761901663294225,3.7479215119558638,3.0,22.366921737237643,-0.2099999999999973,1.0,12.074643249176729,-1.9900000000000002,20663.0,True,True,67.70814977973569,IT Enabled Services,Information Technology,38.0,93,"Uptrend (price > 50 > 150 > 200-day, 200-day rising); Within 15% of 52-week high; ROE >= 20%; RS rating >= 80; Net profit margin up vs a year ago",5
ENDURANCE,-0.010902726946095374,0.018895661527429164,0.28357197705406745,-0.21861136421378966,0.8468098958333333,0.0,0.0,0.03484982467720472,1.097554538032891,0.015563773703876196,0.02374067873991792,-0.07437651889568486,-0.016597439358777385,323163665.9,8.08752049904966,30.010033475047404,-9.324506904055287,1.6038291195143035,0.0,22.193580483871077,-1.1500000000000004,1.0,13.916094138283878,-0.16000000000000014,20657.0,True,True,40.886563876651984,Auto Components & Equipments,Consumer Discretionary,20.0,93,"Uptrend (price > 50 > 150 > 200-day, 200-day rising); Within 15% of 52-week high; Quarterly profit growth >= 25%; ROE >= 20%; RS rating >= 80; Net profit margin up vs a year ago",6
ENGINERSIN,0.16760040893489409,0.38193930421909705,0.5376379509141822,1.2355131475424446,0.9730864965774736,1.0,1.0,1.1409600803500095,4.139862296816394,0.024797098745635956,0.07095926412614961,0.20527662591913165,-0.06973438857499438,614919146.0,141.5719616824151,-5.804494691851647,171.69481249978088,0.8187336906367655,1.0,23.09531184655407,11.750000000000002,1.0,21.99618563254927,1.5399999999999991,20678.0,True,True,85.91629955947137,Civil Construction,Industrials,77.0,93,Sales growth >= 20% or 2+ strong quarters,1
ENRIN,0.00724613751962995,-0.0962053444248191,0.2366010524264277,-0.12890202088315159,0.8402217741935484,0.0,0.0,0.4291564687604779,2.8041145228461195,0.025063241902299145,0.04187500000000011,0.013444092782114003,-0.026013889717490822,1153183432.7,67.8557245808341,39.28051103888828,15.564579580426624,,8.0,,3.019999999999998,1.0,25.108422734535495,-0.05000000000000071,20679.0,True,True,47.5374449339207,Heavy Electrical Equipment,Industrials,32.0,93,"Uptrend (price > 50 > 150 > 200-day, 200-day rising); Within 15% of 52-week high; 3-year profit growth >= 15%/yr; RS rating >= 80",4
ENTERO,0.18552619595101066,0.654900522600165,0.44654592082064437,1.34307032507933,0.8754166666666666,0.0,1.0,1.0405681799859692,0.6661509137344102,0.02795473268467619,0.03942157686307457,0.06924248419483003,-0.0352964699547961,242015104.2,72.30526805099575,38.229972503597345,29.066177815895955,4.191105426970341,14.0,,0.5300000000000002,1.0,8.644168146832445,-0.8100000000000023,20662.0,True,True,88.20594713656388,Pharmacy Retail,Consumer Discretionary,,93,3-year profit growth >= 15%/yr; ROE >= 20%,2
EPACK,-0.1766745682298175,-0.487103825136612,-0.05144012127337039,-1.08731546522135,0.4658973662774912,0.0,0.0,-0.5384218621032498,0.9366494093884299,0.017052581627471114,0.01801156706141538,-0.15054119026213952,-0.023579329744476143,64666638.93000001,-48.583169704172505,33.76107731094975,51.416830295827495,-0.6929581035440258,0.0,,-2.13,1.0,0.3125,-1.2599999999999998,20676.0,True,True,0.763215859030837,Household Appliances,Consumer Discretionary,90.0,93,"Uptrend (price > 50 > 150 > 200-day, 200-day rising); Within 15% of 52-week high; Quarterly profit growth >= 25%; 3-year profit growth >= 15%/yr; ROE >= 20%; RS rating >= 80; Net profit margin up vs a year ago",7
EPACKPEB,,,0.6947870167208898,,0.7036918604651162,0.0,0.0,0.6971743767709622,0.5529776464779367,0.03238025906805053,0.06766551754618577,0.010853932922093135,-0.04374187250568807,129949031.83,13.377134646823997,23.870792984357013,-37.72547107654327,0.3936383917410872,0.0,,-0.45999999999999996,1.0,12.670299727520437,0.06999999999999851,20666.0,True,True,,Industrial Products,Industrials,6.0,93,"Uptrend (price > 50 > 150 > 200-day, 200-day rising); Within 15% of 52-week high; Quarterly profit growth >= 25%; 3-year profit growth >= 15%/yr; ROE >= 20%; RS rating >= 80; Net profit margin up vs a year ago",7
EPL,0.016488640661425948,0.13265786993402462,0.17089686754031264,0.2871139921666202,0.8480458343976938,0.0,0.0,-0.9460118371473458,0.5941861497230484,0.02242838728000606,0.04337706305543798,-0.03586056051936326,-0.015245142325295944,386280820.94,-0.7399417102310957,25.273039082949733,0.6178143145104675,-0.03168090207826471,0.0,18.351411834343168,-1.9000000000000004,1.0,13.785864240727783,0.45000000000000284,20676.0,True,True,51.13546255506608,Packaging,Industrials,29.0,93,"Uptrend (price > 50 > 150 > 200-day, 200-day rising); Within 15% of 52-week high; Quarterly profit growth >= 25%; ROE >= 20%; RS rating >= 80; Net profit margin up vs a year ago",6
EQUITASBNK,0.03466244536509547,0.26826740369666613,0.4192924801855791,0.5263059847515154,0.8153754469606673,0.0,0.0,-0.5122862942033997,2.2399262761897694,0.019951213834650355,0.030133146461107208,-0.07217026170739127,-0.0388436512807949,118269470.29,100.0,18.894266341593593,-200.0,2.891212103355597,4.0,-8.565710010028527,22.939999999999998,1.0,1.6816326530612244,1.3400000000000034,20679.0,True,True,57.35022026431717,Other Bank,Financial Services,28.0,93,"Uptrend (price > 50 > 150 > 200-day, 200-day rising); Within 15% of 52-week high; 3-year profit growth >= 15%/yr; ROE >= 20%; RS rating >= 80",5
ERIS,-0.08919216179808635,-0.20099575880508946,0.002081406105457928,-0.8983363582376859,0.6837931034482758,0.0,0.0,-0.5564310919120949,9.178875719584044,0.013670014944590438,0.016179775280898756,-0.10476600368085776,-0.04376276271347279,75189316.25,14.574814865748674,12.968952134540746,-158.14125836652647,0.2886940677603158,0.0,21.89317447644923,0.23000000000000043,1.0,16.60261337432744,-0.2700000000000031,20663.0,True,True,12.211453744493392,Pharmaceuticals,Healthcare,21.0,93,"Uptrend (price > 50 > 150 > 200-day, 200-day rising); Within 15% of 52-week high; Quarterly profit growth >= 25%; Sales growth >= 20% or 2+ strong quarters; ROE >= 20%; RS rating >= 80",6
ESCORTS,-0.07560021515694183,-0.18459542026007736,0.10064591468087425,-0.918964860548718,0.6688650383670194,0.0,0.0,0.3954034016580502,3.4699778368330882,0.012435602716342838,0.018867924528301883,-0.10217916697521923,-0.02806195615782704,183409339.6,23.574234680238337,28.29943401131978,6.402346311763662,1.715386967782649,1.0,20.11326436382024,-0.46000000000000085,1.0,19.348581588943667,-0.35999999999999943,20668.0,True,True,16.463656387665196,Tractors,Industrials,,93,"Uptrend (price > 50 > 150 > 200-day, 200-day rising); Within 15% of 52-week high; Quarterly profit growth >= 25%; ROE >= 20%; RS rating >= 80; Net profit margin up vs a year ago",6
ETERNAL,0.02215502369604329,-0.023972602739726012,0.4313477159577257,-0.19598145405277817,0.8519473469941647,0.0,0.0,0.5453150490259977,0.9750505596324648,0.016685275693763633,0.027688542144714612,-0.018786533712606857,-0.02969060269259805,7483032329.5,270.62967170962156,182.00083717036418,-29.37032829037844,0.40977422990037904,3.0,,0.11000000000000004,1.0,1.1814073595868302,-0.19000000000001194,20656.0,True,True,53.534140969163,E-Retail/ E-Commerce,Consumer Discretionary,19.0,93,"Uptrend (price > 50 > 150 > 200-day, 200-day rising); 3-year profit growth >= 15%/yr; ROE >= 20%; RS rating >= 80",4
ETHOSLTD,0.015291489186440653,0.1291321908944747,0.3188292951037419,-0.01958067670489,0.7800301919344403,0.0,0.0,0.652188934440326,1.4785552590423103,0.026011965485468354,0.01903767370873144,-0.07124206838011893,-0.0234237144018963,76555369.19999999,50.803341172193605,33.318895818895825,50.74596226594154,3.660152137724897,1.0,17.715707717958228,0.7199999999999998,1.0,6.451612903225806,0.759999999999998,20668.0,True,True,50.69933920704846,"Gems, Jewellery And Watches",Consumer Discretionary,12.0,93,"Uptrend (price > 50 > 150 > 200-day, 200-day rising); Within 15% of 52-week high; ROE >= 20%; RS rating >= 80",4
EUREKAFORB,-0.12814656984568323,-0.2570336922542549,-0.028500056773021476,-1.2231168619917703,0.5274577285650157,0.0,0.0,-0.625518539322438,3.213965082370711,0.017333560417507516,0.014895377704220447,-0.1570877561317382,-0.04076290254233786,71065323.725,10.338183469421569,15.222004704953363,5.352160024459329,0.6612304868230114,0.0,48.609710358468746,-0.27000000000000046,1.0,3.544248749728202,0.120000000000001,20661.0,True,True,3.9251101321585904,Household Appliances,Consumer Discretionary,90.0,93,"Uptrend (price > 50 > 150 > 200-day, 200-day rising); Within 15% of 52-week high; Quarterly profit growth >= 25%; Sales growth >= 20% or 2+ strong quarters; ROE >= 20%; RS rating >= 80; Net profit margin up vs a year ago",7
EXICOM,0.09198930244628559,0.0802677802081262,1.1371623393653287,0.0025611397492674814,0.798752444890839,0.0,0.0,0.030622092476740092,0.5724207863220907,0.032924455622093875,0.07054716186119303,-0.06601557670911118,-0.05715829106129161,160252638.345,-100.0,61.24586012078708,0.0,-0.06276741801442524,0.0,,12.420000000000002,0.0,-42.08909370199693,-3.1500000000000004,20675.0,True,True,73.37775330396477,Heavy Electrical Equipment,Industrials,32.0,93,"Uptrend (price > 50 > 150 > 200-day, 200-day rising); Within 15% of 52-week high; Quarterly profit growth >= 25%; 3-year profit growth >= 15%/yr; ROE >= 20%; RS rating >= 80",6
EXIDEIND,0.02298732422181789,0.09171671671671655,0.5152830844043073,0.08329730878471761,0.8248388396454472,0.0,0.0,0.21978591476666975,0.7119946404173012,0.01697503297836325,0.041208791208791284,-0.07268164749899231,-0.02299756020796782,1077665866.425,27.81124041794696,17.74736321968342,12.285619426251749,1.809593006193243,1.0,3.757841791057004,0.5,1.0,6.184825602301331,0.5,20664.0,True,True,53.970264317180614,Auto Components & Equipments,Consumer Discretionary,20.0,93,"Uptrend (price > 50 > 150 > 200-day, 200-day rising); Within 15% of 52-week high; Sales growth >= 20% or 2+ strong quarters; 3-year profit growth >= 15%/yr; ROE >= 20%; RS rating >= 80",6
FACT,-0.07994973022961585,-0.1614379757251595,0.08823333110858966,-0.5946359010015397,0.694266011713584,0.0,0.0,1.7755232315652978,0.8148030494824036,0.020352090900219184,0.049136351740382,-0.08478801750353016,-0.02693185083166396,78317804.0,-100.0,65.13660971961829,-186.9660819703273,-0.9614102977268665,0.0,-72.97148832487841,-5.17,0.0,2.9905178701677606,-0.04000000000000001,20481.0,True,True,15.373348017621147,Fertilizers,Commodities,63.0,93,"Uptrend (price > 50 > 150 > 200-day, 200-day rising); Within 15% of 52-week high; Quarterly profit growth >= 25%; 3-year profit growth >= 15%/yr; ROE >= 20%; RS rating >= 80; Net profit margin up vs a year ago",7
FCL,0.3461396342463542,1.102928509905254,1.5379417879417883,2.257405122084782,0.892948717948718,0.0,1.0,0.21222187514445967,2.4654741035495173,0.03755288318272684,0.09998058629392359,0.14503189320707577,-0.036970069285064154,814972600.1099999,92.61126960736958,174.77201429926316,-25.01515202731653,2.225471830560528,2.0,15.836884873085255,-5.460000000000001,1.0,14.17233560090703,0.3200000000000003,20657.0,True,True,97.0374449339207,Specialty Chemicals,Commodities,39.0,93,ROE >= 20%; Net profit margin up vs a year ago,2
FEDERALBNK,0.10989299622054681,0.8041636532699659,0.3463762528912877,2.4706551758292266,0.8560667204735001,0.0,0.0,-0.31648936894581137,2.1339712975874185,0.015781511867599345,0.01314984709480127,-0.08225657591139834,-0.029998338708422098,1696965691.375,37.07249088426299,9.939251892085398,12.78843317137748,2.3916460668374064,2.0,11.880865779427975,3.280000000000001,1.0,11.215443398346778,0.5400000000000063,20651.0,True,True,77.52092511013217,Private Sector Bank,Financial Services,23.0,93,"Uptrend (price > 50 > 150 > 200-day, 200-day rising); 3-year profit growth >= 15%/yr; ROE >= 20%; RS rating >= 80",4
FEDFINA,0.0016406090222531597,0.03327159677205982,0.2593518219929054,-0.022857882540865734,0.8391416405199463,0.0,0.0,0.07513983780417383,1.758100122277337,0.017980347213887596,0.02407774201535018,-0.027391744811283925,-0.019246594894766357,123116375.265,52.45509017959127,29.68060394889662,12.11096026438485,1.2300842966058698,4.0,23.929087980398766,2.5500000000000007,1.0,11.756664388243337,0.7100000000000009,20679.0,True,True,46.229074889867846,Non Banking Financial Company (NBFC),Financial Services,37.0,93,"Uptrend (price > 50 > 150 > 200-day, 200-day rising); Within 15% of 52-week high; ROE >= 20%; RS rating >= 80",4
FIEMIND,-0.05578052615434321,0.014544216363459261,0.09147522110000517,-0.35949597072053946,0.6710034395094959,0.0,0.0,-0.46805664523602397,1.2812613099872148,0.023205390393663622,0.025192989776757768,-0.170158246956985,-0.02729028501604103,143542249.2,12.826704300982716,17.679465776293824,-13.916876032735814,1.9385083077085856,0.0,21.601850255698896,-0.3600000000000012,1.0,21.069958847736626,0.36999999999999744,20644.0,True,True,23.76872246696035,Auto Components & Equipments,Consumer Discretionary,20.0,93,"Uptrend (price > 50 > 150 > 200-day, 200-day rising); Within 15% of 52-week high; Quarterly profit growth >= 25%; Sales growth >= 20% or 2+ strong quarters; RS rating >= 80; Net profit margin up vs a year ago",6
FILATEX,0.3935237058348312,0.3627795231934947,0.9983739837398373,1.903947658838283,0.9311918553624714,1.0,1.0,1.1346983652886418,1.2619617941663852,0.042121125702745024,0.14636065573770485,0.2565164768272783,-0.1071865982211724,299934427.015,19.572990890820343,9.138555364970436,21.84223980336485,0.6227633070969509,0.0,43.89090714546284,0.3700000000000001,1.0,12.167553191489363,-0.1299999999999999,20664.0,True,True,97.80066079295153,Other Textile Products,Consumer Discretionary,15.0,93,Quarterly profit growth >= 25%; Sales growth >= 20% or 2+ strong quarters; ROE >= 20%,3
FINCABLES,0.2017802357854863,0.5097968069666183,0.6075981970379909,1.7596708349274548,0.9738317757009346,0.0,1.0,1.5777638069002338,0.5484883712742521,0.03246187185308011,0.06858629952988582,0.1693140820267256,-0.02793611607190636,873381872.7,53.173573583843535,44.258054345333655,36.109903095572,1.7142899659782784,1.0,13.648252920415782,0.7199999999999989,1.0,11.731843575418994,0.29999999999999716,20676.0,True,True,90.38656387665199,Cables - Electricals,Industrials,2.0,93,3-year profit growth >= 15%/yr; ROE >= 20%,2
FINEORG,0.02337788204589406,0.1111933355886332,0.328119077101918,0.29003581211516916,0.9489550582578139,0.0,1.0,0.5138494820370682,1.2373436313599648,0.014032109698661777,0.013853658536585378,0.007289944415499017,-0.00796938448363143,95693129.69999999,23.438462214005117,17.979876950270235,2.4902780694257665,1.854404800685414,2.0,-7.748510989691459,0.879999999999999,1.0,15.653153153153154,-0.0600000000000005,20662.0,True,True,54.297356828193834,Specialty Chemicals,Commodities,39.0,93,Quarterly profit growth >= 25%; 3-year profit growth >= 15%/yr; ROE >= 20%; RS rating >= 80,4
FINPIPE,-0.08443263636666182,-0.26165692285755016,0.03594531510503507,-1.050025883375581,0.702698916697796,0.0,0.0,-0.012479323120611795,0.906065382197336,0.013284173283632595,0.022376696458126455,-0.052433801334110686,-0.012115786377863624,57793645.8,16.657990901933317,-15.296937161482049,-42.10445250051149,0.2574591126725368,0.0,32.25760080832496,3.5500000000000007,1.0,9.637972646822204,-1.4400000000000013,20671.0,True,True,13.737885462555065,Plastic Products - Industrial,Industrials,35.0,93,"Uptrend (price > 50 > 150 > 200-day, 200-day rising); Within 15% of 52-week high; Quarterly profit growth >= 25%; Sales growth >= 20% or 2+ strong quarters; ROE >= 20%; RS rating >= 80",6
FIVESTAR,0.019037579776642544,0.02965939533103712,0.5245785522028616,-0.07627320891881655,0.7601351351351351,0.0,0.0,0.3081941892341593,2.153162892711519,0.021073898255909673,0.04734686100790708,-0.052654625478117056,-0.031195893547860305,255788194.375,1.921532662103198,5.377027508008347,5.44203630073985,0.16860782765936067,0.0,19.445716948532986,-1.1099999999999994,1.0,14.889581357539628,0.2599999999999909,20679.0,True,True,52.007709251101325,Non Banking Financial Company (NBFC),Financial Services,37.0,93,"Uptrend (price > 50 > 150 > 200-day, 200-day rising); Within 15% of 52-week high; Quarterly profit growth >= 25%; Sales growth >= 20% or 2+ strong quarters; ROE >= 20%; RS rating >= 80; Net profit margin up vs a year ago",7
FLUOROCHEM,0.05804127722111645,0.24956503400643237,0.5652676419113034,0.46824103167314063,0.8754965819032448,0.0,0.0,0.06586086793766707,0.9225177568968264,0.02017734864044099,0.032248096236618506,-0.052352736510187126,-0.02920528700547558,555758211.55,20.301642420676558,23.9656518345043,67.04055145446327,0.5013590320849853,1.0,-20.536117276005317,-0.4200000000000017,1.0,7.29722857869311,-0.019999999999999574,20677.0,True,True,64.87334801762115,Specialty Chemicals,Commodities,39.0,93,"Uptrend (price > 50 > 150 > 200-day, 200-day rising); Quarterly profit growth >= 25%; 3-year profit growth >= 15%/yr; ROE >= 20%; RS rating >= 80; Net profit margin up vs a year ago",6
FMGOETZE,-0.03988485029297775,0.14054942046180519,0.6118921707726044,-0.4086077790629653,0.6929496178443301,0.0,0.0,2.0603980296461044,0.16652544733023905,0.03680509984333069,0.03934167512118125,-0.08870860213950915,-0.02609488957592128,53426369.0,0.4109256550449025,8.807658114003347,14.827177565352534,0.024396390452136638,0.0,17.29942336625363,-0.7200000000000006,1.0,12.386917188587335,0.010000000000000009,20677.0,True,True,30.31057268722467,Auto Components & Equipments,Consumer Discretionary,20.0,93,"Uptrend (price > 50 > 150 > 200-day, 200-day rising); Within 15% of 52-week high; Quarterly profit growth >= 25%; Sales growth >= 20% or 2+ strong quarters; ROE >= 20%; RS rating >= 80; Net profit margin up vs a year ago",7
FORCEMOT,-0.03394372633440703,-0.017681946677013505,-0.08673022416902865,-0.15276035316973724,0.6351606805293005,0.0,0.0,0.04893297196050519,1.449609409221422,0.017382698306716425,0.047248631518294504,-0.05198400561586625,-0.02041181774721468,1139395655.5,22.81038469909675,6.214386766786384,-33.72462590405259,0.6201578010460672,15.0,114.53476194063951,1.200000000000001,1.0,28.898426323319025,-1.7100000000000009,20663.0,True,True,32.16409691629956,Passenger Cars & Utility Vehicles,Consumer Discretionary,92.0,93,"Uptrend (price > 50 > 150 > 200-day, 200-day rising); Within 15% of 52-week high; Quarterly profit growth >= 25%; RS rating >= 80",4
FORTIS,-0.06851564237931632,-0.047271970012494724,0.15094339622641506,-0.6758403824620788,0.7108575568233271,0.0,0.0,-0.538452583598342,4.591707979147074,0.016050661187487155,0.01948051948051943,-0.1332756989275805,-0.05366597308526155,937360007.25,3.3094129319287013,17.460031753064563,-18.806321598695796,0.26300955851762936,0.0,24.628078481886217,-1.4299999999999997,1.0,10.751818916734033,0.09999999999999432,20652.0,True,True,18.971365638766517,Hospital,Healthcare,50.0,93,"Uptrend (price > 50 > 150 > 200-day, 200-day rising); Within 15% of 52-week high; Quarterly profit growth >= 25%; Sales growth >= 20% or 2+ strong quarters; ROE >= 20%; RS rating >= 80; Net profit margin up vs a year ago",7
FOSECOIND,0.0734347132771219,0.09323282211246853,0.3557919621749408,0.26792570159711554,0.8637255565329184,0.0,1.0,0.11880933833849451,1.0121666913413327,0.022807068408206937,0.10010444283763165,0.08679179742507404,-0.03205706498153038,57541564.0,-15.749243362521648,-24.318932530987336,-62.773605856786695,-0.8669549642203597,0.0,26.719541822061267,1.5999999999999996,1.0,7.232401157184184,-0.1999999999999999,20678.0,True,True,68.47136563876653,Specialty Chemicals,Commodities,39.0,93,Quarterly profit growth >= 25%; Sales growth >= 20% or 2+ strong quarters; ROE >= 20%; RS rating >= 80,4
FSL,-0.03673060016648806,-0.25458876278548415,0.3014335339302314,-0.5988975293871343,0.6735709482178884,0.0,0.0,0.7990357431175366,1.7159468085228127,0.03644061094396131,0.14438610662358653,-0.08139621905031635,-0.04521794458278792,213405984.0,29.94835460347098,22.87195905575721,2.220815024427388,3.8003945616790844,6.0,12.900148955393353,0.4400000000000004,1.0,15.370581527936144,-0.5499999999999972,20649.0,True,True,31.18281938325991,Business Process Outsourcing (BPO)/ Knowledge Process Outsourcing (KPO),Services,24.0,93,"Uptrend (price > 50 > 150 > 200-day, 200-day rising); Within 15% of 52-week high; 3-year profit growth >= 15%/yr; ROE >= 20%; RS rating >= 80",5
FUSION,-0.030003721364069483,0.013063391277193803,0.40805844907407396,-0.24005549922841396,0.7051851851851852,0.0,0.0,0.24586538441592484,2.059106198942816,0.023848896000654027,0.032623306793506446,-0.12988639167908156,-0.0377117851298349,105481417.02,100.0,3.592746676313663,0.0,0.31549968026463987,3.0,-26.962082754857164,34.48,1.0,0.5700325732899023,0.8399999999999999,20679.0,True,True,34.12665198237885,Microfinance Institutions,Financial Services,48.0,93,"Uptrend (price > 50 > 150 > 200-day, 200-day rising); Within 15% of 52-week high; 3-year profit growth >= 15%/yr; ROE >= 20%; RS rating >= 80",5
GABRIEL,0.0458283439060857,0.10935677063078475,0.7260240818055304,0.044915654588465706,0.821875,0.0,0.0,0.4167574435136038,0.730233639084845,0.033474831879474726,0.14035495621173388,-0.06176912528343126,-0.04150930113233279,367674197.65,2.5159763836314575,15.499530120872373,-83.62229568147279,0.14130309483443076,0.0,36.754163335899804,-0.9599999999999991,1.0,18.421052631578945,-3.59,20655.0,True,True,60.948237885462554,Auto Components & Equipments,Consumer Discretionary,20.0,93,"Uptrend (price > 50 > 150 > 200-day, 200-day rising); Within 15% of 52-week high; Quarterly profit growth >= 25%; Sales growth >= 20% or 2+ strong quarters; ROE >= 20%; RS rating >= 80; Net profit margin up vs a year ago",7
GAEL,0.07448430293503674,0.5925754489909276,0.2659504010596807,1.264954998121266,0.8524244553759662,0.0,0.0,0.49458152862189714,0.362299451385605,0.027536539510861505,0.03889737713267105,-0.05688701543525887,-0.0167773280505065,151784520.39499998,171.67248491625244,23.46522308186767,-128.32751508374756,2.3277138191422186,2.0,13.528902603907799,6.05,1.0,9.226100151745069,0.6699999999999999,20666.0,True,True,68.79845814977973,Other Agricultural Products,Fast Moving Consumer Goods,65.0,93,"Uptrend (price > 50 > 150 > 200-day, 200-day rising); 3-year profit growth >= 15%/yr; ROE >= 20%; RS rating >= 80",4
GAIL,0.001678808760273022,-0.018304814962196603,0.254012054317043,-0.10629092930095546,0.9162519398512334,0.0,0.0,-0.05527154659307322,1.369860875355591,0.013438900018234065,0.014994232987312506,-0.014317212317292882,-0.008041647632213458,1176892110.75,96.00864327733143,16.671811474602016,136.97672469056553,2.7884237602713724,1.0,33.604701154409675,4.59,1.0,8.514413412840122,0.5500000000000043,20665.0,True,True,46.33810572687224,Gas Transmission/Marketing,Energy,,93,"Uptrend (price > 50 > 150 > 200-day, 200-day rising); Sales growth >= 20% or 2+ strong quarters; ROE >= 20%; RS rating >= 80",4
GALAXYSURF,0.06009993473394955,-0.033301534992628445,0.47193978608213394,0.08410762740946054,0.8976208459214502,0.0,1.0,0.26532703397499124,3.5082551561934237,0.03282313934570754,0.0539642422540485,0.08926181878173534,-0.028101982207529633,54856866.45,108.70793304795532,39.43752347564793,126.44052602501483,9.491275533127931,1.0,0.7080096158131655,3.0900000000000007,1.0,9.730320699708454,0.22999999999999687,20652.0,True,True,65.63656387665199,Specialty Chemicals,Commodities,39.0,93,3-year profit growth >= 15%/yr; ROE >= 20%; RS rating >= 80,3
GANDHAR,0.2889464122838128,0.8155339805825246,1.2416302765647744,1.9263571238120416,0.9321502787215095,0.0,1.0,0.7169137312928977,0.27825387467887985,0.0398791573230981,0.043884754817782756,0.10410119286686559,-0.024877241807679248,232965757.725,300.0,91.80583857535218,98.90487877314845,8.029069580766095,4.0,17.158671719306206,9.0,1.0,10.125646711012564,2.06,20656.0,True,True,95.29295154185023,Lubricants,Energy,4.0,93,ROE >= 20%,1
GANECOS,-0.0384270989543942,-0.14829592684954285,0.20279391911721523,-0.37340595426666845,0.7698738170347004,0.0,0.0,-0.6851174642806422,0.4870903682763106,0.022086238014307296,0.050909090909091015,-0.08160558148986485,-0.018504275193717324,82906061.0,169.86283778656897,25.673350735643098,172.27297454988488,0.917744378476771,1.0,-1.8323158574955922,3.6599999999999997,1.0,2.978056426332288,-2.8599999999999994,20668.0,True,True,30.637665198237887,Other Textile Products,Consumer Discretionary,15.0,93,"Uptrend (price > 50 > 150 > 200-day, 200-day rising); Within 15% of 52-week high; 3-year profit growth >= 15%/yr; ROE >= 20%; RS rating >= 80",5
GARUDA,-0.006412502219507874,-0.0694846854304636,0.3545981772990885,-0.2058611281360767,0.6906538307260329,0.0,0.0,0.9003496457800905,0.435857891795978,0.020673681207791134,0.027878855735318897,-0.0358080441541454,-0.018594039156809093,64200086.754999995,48.396756981117804,40.124640460210934,-42.3264761332002,1.589068567938019,6.0,,1.3200000000000003,1.0,26.813186813186814,-0.26000000000000023,20675.0,True,True,42.63105726872247,Civil Construction,Industrials,77.0,93,"Uptrend (price > 50 > 150 > 200-day, 200-day rising); Within 15% of 52-week high; 3-year profit growth >= 15%/yr; RS rating >= 80",4
GCSL,0.30166222073258364,1.1403041825095057,0.6271137447608035,3.0090536880455176,0.9940058479532163,1.0,1.0,0.8879243248330586,0.6657452025275455,0.027138863590876187,0.04071674939008996,0.20886154721476458,-0.04372152940891311,306730859.25,300.0,70.70063694267516,200.0,0.6399336449799055,3.0,15.474369420425681,29.749999999999996,1.0,16.470588235294116,0.48,20644.0,True,True,95.72907488986783,Other Capital Market related Services,Financial Services,,93,ROE >= 20%,1
GENESYS,0.07490846530332945,-0.37326971621959004,0.5971299307224656,-0.28247484807189693,0.674037517069548,0.0,0.0,1.0075892650868092,0.506191072479217,0.0567040591825842,0.1999916722185211,0.20305889536658772,-0.0312311883466115,134558252.385,-24.35905020918405,14.801749682517285,8.725979763205483,-0.179473452288406,0.0,67.29456540257392,-3.3599999999999994,1.0,4.6875,-0.6100000000000003,20679.0,True,True,68.90748898678414,IT Enabled Services,Information Technology,38.0,93,"Uptrend (price > 50 > 150 > 200-day, 200-day rising); Within 15% of 52-week high; Quarterly profit growth >= 25%; Sales growth >= 20% or 2+ strong quarters; ROE >= 20%; RS rating >= 80; Net profit margin up vs a year ago",7
GENUSPOWER,-0.020543307801668773,0.03500520816893404,0.5258259655653792,-0.28082369267494595,0.780052932163254,0.0,0.0,0.3249074486997686,1.0064564616771523,0.021989060310528753,0.02516010978956995,-0.11635407692137756,-0.04303459224549303,471396354.0749999,43.23673233836569,44.82714713185205,2.24701316421492,2.210359874658136,10.0,153.31476947787328,-0.16000000000000014,1.0,26.690712353471596,-0.46000000000000085,20678.0,True,True,36.96145374449339,Other Electrical Equipment,Industrials,49.0,93,"Uptrend (price > 50 > 150 > 200-day, 200-day rising); Within 15% of 52-week high; RS rating >= 80; Net profit margin up vs a year ago",4
GESHIP,0.09984279931954942,0.2883036104766994,-0.06298155085883939,1.4001662362627658,0.8512791991101223,0.0,0.0,0.8203597924519008,3.2975231175175233,0.017672455830437455,0.036938761259688535,0.10639331393205498,-0.03739706123876361,993609550.1999999,159.44610485322102,66.90886996762298,-28.082388161727238,2.1134189719313534,4.0,13.27208409568097,23.279999999999994,1.0,17.349525437717382,0.15000000000000568,20644.0,True,True,75.55837004405286,Shipping,Services,1.0,93,"Uptrend (price > 50 > 150 > 200-day, 200-day rising); 3-year profit growth >= 15%/yr; ROE >= 20%; RS rating >= 80",4
GHCLTEXTIL,0.17647943150726564,0.7992569818088648,1.1429661275556908,1.6387097442192118,0.893699425963068,0.0,1.0,-0.051905685382274566,0.6150739350835766,0.02592637656050874,0.04023773190908364,0.028513757028150843,-0.042640028758573464,76678418.45,190.94694881252826,52.73202614379085,96.16139210956662,4.165932721414136,3.0,,4.569999999999999,1.0,4.660452729693742,-4.119999999999999,20679.0,True,True,86.89757709251101,Other Textile Products,Consumer Discretionary,15.0,93,3-year profit growth >= 15%/yr; ROE >= 20%,2
GICRE,-0.042028734765669616,-0.02245797740424349,-0.022592643614822938,-0.4553812162804935,0.7749730829046536,0.0,0.0,0.3979362423692199,0.9953338472424458,0.012524712262563551,0.034035909445745416,-0.07554870565402294,-0.027215554913667596,213927993.175,-31.10423795734785,-1.5205911677697026,-32.4245698379656,-1.7119692031363467,0.0,7.441020996680825,-5.199999999999999,1.0,13.708659071239056,4.559999999999999,20678.0,True,True,29.111233480176214,General Insurance,Financial Services,79.0,93,"Uptrend (price > 50 > 150 > 200-day, 200-day rising); Within 15% of 52-week high; Quarterly profit growth >= 25%; Sales growth >= 20% or 2+ strong quarters; 3-year profit growth >= 15%/yr; ROE >= 20%; RS rating >= 80; Net profit margin up vs a year ago",8
GILLETTE,-0.08412290937147798,-0.24598577235772356,0.0228855035500104,-1.3234639097696148,0.6945535085069969,0.0,0.0,-0.4328068040229041,1.840772349464446,0.009810484296524388,0.02032382629903129,-0.0715832338617105,-0.02222071208819388,108498040.0,9.452391442924245,10.796354992076074,-11.858054124426243,0.8975647056256882,0.0,23.387229858248084,-0.25,1.0,69.06019007391764,-0.5199999999999996,20679.0,True,True,14.064977973568281,Personal Care,Fast Moving Consumer Goods,72.0,93,"Uptrend (price > 50 > 150 > 200-day, 200-day rising); Within 15% of 52-week high; Quarterly profit growth >= 25%; Sales growth >= 20% or 2+ strong quarters; RS rating >= 80; Net profit margin up vs a year ago",6
GIPCL,0.02104969507105998,0.060153583617747364,0.6456953642384107,-0.19022999810173938,0.8257994426337916,0.0,0.0,0.7407463167488612,1.0850752088254476,0.022236809191859885,0.03591549295774632,-0.03369333318594325,-0.03917136528573572,70888694.97,174.77097179559559,34.38845822566752,-125.22902820440441,1.0569515595075203,2.0,40.0129765550816,16.159999999999997,1.0,10.46875,0.05999999999999961,20679.0,True,True,52.879955947136565,Power Generation,Utilities,73.0,93,"Uptrend (price > 50 > 150 > 200-day, 200-day rising); Within 15% of 52-week high; ROE >= 20%; RS rating >= 80",4
GLAND,0.12965267798989427,0.45363535241177066,0.6950651494605271,1.3653006675385397,0.9449046679815911,0.0,1.0,0.7319803536881565,1.293274875665366,0.02089833943504534,0.03235497237569063,0.025212289992695425,-0.013244405528210185,1111853125.35,47.14380811716001,19.570011025358337,-49.44722904263133,1.3807282251747168,3.0,13.646928854248053,3.299999999999999,1.0,9.91599884136333,-1.4699999999999989,20666.0,True,True,80.90088105726872,Pharmaceuticals,Healthcare,21.0,93,3-year profit growth >= 15%/yr; ROE >= 20%,2
GLAXO,0.037315674616225494,0.09091902126420037,0.3123521681997372,0.03542962696059241,0.88797385202038,0.0,0.0,0.9992267110058156,3.728868383867618,0.018046561896919618,0.028660723798700216,-0.010836500136714777,-0.013973037697726346,173996891.25,15.681994661737363,16.55178409528424,9.975038191725249,1.3752558007619768,0.0,19.819864262324096,-0.19000000000000128,1.0,45.69916188795765,0.29999999999999893,20668.0,True,True,58.00440528634361,Pharmaceuticals,Healthcare,21.0,93,"Uptrend (price > 50 > 150 > 200-day, 200-day rising); Quarterly profit growth >= 25%; Sales growth >= 20% or 2+ strong quarters; RS rating >= 80; Net profit margin up vs a year ago",5
GLENMARK,0.040403231776585606,0.22381848806103255,0.1588872730684432,0.5741221488482823,0.9185844892812106,0.0,0.0,-0.004487280402754364,2.392874169841821,0.016589530275854355,0.049791460635507656,-0.009726011451662742,-0.020730778198237272,1104339401.2,85.03306744291646,23.098601904155068,33.081005435181474,0.2467141882621776,4.0,58.6569398753869,4.02,1.0,12.95662100456621,-0.14000000000000057,20665.0,True,True,58.985682819383264,Pharmaceuticals,Healthcare,21.0,93,"Uptrend (price > 50 > 150 > 200-day, 200-day rising); ROE >= 20%; RS rating >= 80",3
GLOBUSSPR,-0.08310030546291318,-0.15734941978264871,0.14005357921624828,-0.7547255249528595,0.6281130268199234,0.0,0.0,-0.021575887802619147,1.4609635954933442,0.01662570282678923,0.02254585339101811,-0.09767969865322768,-0.021956833928949253,59993697.05,49.686312864575434,12.710229627195169,-250.31368713542457,0.35866651668340305,4.0,-18.32100886863688,0.8300000000000001,1.0,8.340971585701192,6.210000000000001,20651.0,True,True,14.283039647577093,Breweries & Distilleries,Fast Moving Consumer Goods,51.0,93,"Uptrend (price > 50 > 150 > 200-day, 200-day rising); Within 15% of 52-week high; 3-year profit growth >= 15%/yr; ROE >= 20%; RS rating >= 80",5
GMDCLTD,-0.07695158000370449,-0.07250082481029374,-0.006888633754305373,-0.41713312600708796,0.6317528177225029,0.0,0.0,0.38537140088376026,1.189554943514418,0.017451870248423436,0.020175753228120596,-0.13372426620147915,-0.052746380237565775,433590002.625,-0.16423256691713295,23.75648375648376,24.481011576609415,-0.006834541932429043,0.0,-19.12233704656736,-4.32,1.0,13.530326594090203,-0.22999999999999865,20665.0,True,True,16.245594713656388,Industrial Minerals,Commodities,76.0,93,"Uptrend (price > 50 > 150 > 200-day, 200-day rising); Within 15% of 52-week high; Quarterly profit growth >= 25%; 3-year profit growth >= 15%/yr; ROE >= 20%; RS rating >= 80; Net profit margin up vs a year ago",7
GMMPFAUDLR,0.28215573721941534,-0.01669388495735813,0.3667087011349306,0.8638986313766297,0.9411841418883674,1.0,0.0,1.6900920610943606,1.057896701924659,0.02942633524088435,0.07648749891105489,0.28517446105299915,-0.048807918984552376,259368800.85000002,117.31801806053745,16.38789251777737,115.02841932777304,0.4960056965964025,1.0,-14.434981570395578,1.11,1.0,4.3153526970954355,-1.9199999999999946,20647.0,True,True,95.0748898678414,Industrial Products,Industrials,6.0,93,"Uptrend (price > 50 > 150 > 200-day, 200-day rising); Sales growth >= 20% or 2+ strong quarters; 3-year profit growth >= 15%/yr; ROE >= 20%",4
GMRAIRPORT,-0.007908688514954909,0.05693430656934306,0.11056047197640129,0.14554897777164413,0.8056035973711518,0.0,0.0,-0.5564129644344024,1.351131538269915,0.01647997010415325,0.044823232323232265,-0.07044502095390148,-0.026052009545383895,960896570.905,100.0,23.7627252958446,0.0,0.6929402607366903,4.0,-66.33380731916031,7.85,1.0,-17.182380779031668,1.7799999999999976,20677.0,True,True,41.758810572687224,Airport & Airport services,Services,,93,"Uptrend (price > 50 > 150 > 200-day, 200-day rising); Within 15% of 52-week high; 3-year profit growth >= 15%/yr; ROE >= 20%; RS rating >= 80",5
GMRPandUI,-0.019359248640878922,-0.2364331210191083,0.001894361488745222,-0.34967962667034214,0.7473954512105649,0.0,0.0,-0.02225801431299054,2.5512425276716333,0.019336847333026305,0.04626687847498001,0.05664847326898226,-0.04703885283794033,96801230.1,-100.0,3.4414146622584907,0.0,0.35695107329770226,0.0,,2.81,0.0,32.247899159663866,12.819999999999999,20679.0,True,True,37.61563876651982,Power Generation,Utilities,73.0,93,"Uptrend (price > 50 > 150 > 200-day, 200-day rising); Within 15% of 52-week high; Quarterly profit growth >= 25%; Sales growth >= 20% or 2+ strong quarters; 3-year profit growth >= 15%/yr; RS rating >= 80",6
GNA,0.1814241548306999,0.6502401983573534,0.4927109615923748,1.712369082591776,0.896141975308642,1.0,1.0,0.737172382918183,0.8838213586974518,0.03156915353987573,0.06231638921036242,0.05646742907459523,-0.05140729903633555,168819574.8,66.33928911590843,36.672380232997305,45.20619028909607,3.0083608108381306,3.0,-1.0131860581121255,1.450000000000001,1.0,11.653386454183266,1.0199999999999996,20650.0,True,True,87.55176211453745,Auto Components & Equipments,Consumer Discretionary,20.0,93,3-year profit growth >= 15%/yr; ROE >= 20%,2
GNFC,0.07902286618038197,0.14912718204488784,0.5718379042161277,0.5481974950672492,0.9263364779874214,1.0,1.0,1.1016192225614658,2.082324075547482,0.02069884333684808,0.08355720240852249,0.0347546903376057,-0.049067133644712116,283698778.1,276.1852510134833,39.78763272954404,188.60069106636212,2.8044791655201062,2.0,1.6192491358559158,8.76,1.0,8.875479978058145,1.009999999999998,20670.0,True,True,69.88876651982379,Commodity Chemicals,Commodities,43.0,93,3-year profit growth >= 15%/yr; ROE >= 20%; RS rating >= 80,3
GODFRYPHLP,-0.12896627336932898,-0.39017018779342716,0.10931411796103552,-0.9709167000685368,0.5225141242937853,0.0,0.0,0.1935332209342775,0.8043723264544949,0.021258170026337984,0.03860010293360783,-0.1098635416045074,-0.02625387826415603,414044230.25,-44.29997922199771,-18.886421746736648,-121.50109638859848,-2.434088795067282,0.0,19.4361781526732,-7.509999999999998,1.0,24.56535737282679,0.27000000000000135,20661.0,True,True,3.8160792951541853,Cigarettes & Tobacco Products,Fast Moving Consumer Goods,,93,"Uptrend (price > 50 > 150 > 200-day, 200-day rising); Within 15% of 52-week high; Quarterly profit growth >= 25%; Sales growth >= 20% or 2+ strong quarters; RS rating >= 80; Net profit margin up vs a year ago",6
GODIGIT,-0.09939262689364142,-0.27337327574195347,-0.19929372025180403,-1.0776401867416074,0.6852941176470588,0.0,0.0,0.3034903368981276,4.819490023175923,0.024670162448973205,0.03764288529759563,-0.004749090372510256,-0.027075272666955228,79719257.75,-37.57382409298381,8.544390130457934,-66.66509184532005,-2.7002070865151215,0.0,,-2.6300000000000003,1.0,11.668811668811669,0.610000000000003,20679.0,True,True,9.594713656387665,General Insurance,Financial Services,79.0,93,"Uptrend (price > 50 > 150 > 200-day, 200-day rising); Within 15% of 52-week high; Quarterly profit growth >= 25%; Sales growth >= 20% or 2+ strong quarters; 3-year profit growth >= 15%/yr; ROE >= 20%; RS rating >= 80; Net profit margin up vs a year ago",8
GODREJAGRO,0.008358557121354963,-0.08469123714945115,0.22386384888722644,-0.3698314628725112,0.8691884456671252,0.0,1.0,1.7131622804929947,0.25292593002416447,0.020856355782019134,0.03202295107389319,0.03408436321742769,-0.0262910101085321,112472111.025,-13.81734085664541,9.215886531333538,-68.28616922869597,-1.175206763655481,0.0,12.382735748155515,-1.2000000000000002,1.0,21.8996062992126,-0.41999999999999815,20647.0,True,True,47.97356828193833,Animal Feed,Fast Moving Consumer Goods,,93,Quarterly profit growth >= 25%; Sales growth >= 20% or 2+ strong quarters; 3-year profit growth >= 15%/yr; RS rating >= 80; Net profit margin up vs a year ago,5
GODREJCP,-0.10259293056714508,-0.23693086003372676,-0.08103168155970752,-1.1223114611400624,0.6593924169872046,0.0,0.0,-0.97172787562181,0.9407497360236592,0.01819041465716215,0.011587485515643037,-0.10642005278504396,-0.013982195890236753,975865341.5,10.50419507154996,15.391358489947727,-8.967848776008823,0.6351918878054621,0.0,5.416289384859985,-0.5399999999999991,1.0,14.713788741302972,-0.030000000000001137,20650.0,True,True,8.286343612334802,Personal Care,Fast Moving Consumer Goods,72.0,93,"Uptrend (price > 50 > 150 > 200-day, 200-day rising); Within 15% of 52-week high; Quarterly profit growth >= 25%; Sales growth >= 20% or 2+ strong quarters; 3-year profit growth >= 15%/yr; ROE >= 20%; RS rating >= 80; Net profit margin up vs a year ago",8
GODREJIND,-0.02199815152517412,-0.03198992443324933,0.5392523364485982,-0.3454291276710397,0.7065835065835065,0.0,0.0,0.1347438313134731,2.262922706647383,0.0270742811208166,0.029438405797101552,-0.14587336877394808,-0.0328899837664795,78596732.6,-27.800907872525528,22.15996233014934,-130.24889095350966,-1.1763180556208135,0.0,15.791130082297066,-6.650000000000002,1.0,21.580030419611703,0.08999999999999986,20657.0,True,True,36.41629955947137,Diversified,Diversified,75.0,93,"Uptrend (price > 50 > 150 > 200-day, 200-day rising); Within 15% of 52-week high; Quarterly profit growth >= 25%; RS rating >= 80; Net profit margin up vs a year ago",5
GODREJPROP,-0.06358083575205234,-0.020355603981972115,0.3443893155712636,-0.5826479721033295,0.6784863945578231,0.0,0.0,-0.28176394716016745,1.2592926266608442,0.02093155779010351,0.01729296314025852,-0.17314262797428748,-0.03933764648560921,1003255068.5999999,-41.61683053328241,16.478737113402065,-112.5514918667374,-1.6120663174701109,0.0,31.29820218017216,-68.67999999999999,1.0,9.610565880141992,-0.00999999999999801,20643.0,True,True,21.04295154185022,"Residential, Commercial Projects",Consumer Discretionary,55.0,93,"Uptrend (price > 50 > 150 > 200-day, 200-day rising); Within 15% of 52-week high; Quarterly profit growth >= 25%; Sales growth >= 20% or 2+ strong quarters; ROE >= 20%; RS rating >= 80; Net profit margin up vs a year ago",7
GOKEX,-0.037372715080101426,-0.014520202020201989,0.3452257842123405,-0.23337057178661955,0.7212797151534193,0.0,0.0,-0.0701949965420083,2.389716401357665,0.01940757874482984,0.02807268937666918,-0.10568324501617232,-0.04942389818033923,163631127.35,6.782571784298108,20.686552485378584,38.89241371881155,0.14665749973902206,0.0,-13.924716932376423,-0.5,1.0,4.6274872744099955,0.4399999999999977,20676.0,True,True,30.9647577092511,Garments & Apparels,Consumer Discretionary,16.0,93,"Uptrend (price > 50 > 150 > 200-day, 200-day rising); Within 15% of 52-week high; Quarterly profit growth >= 25%; 3-year profit growth >= 15%/yr; ROE >= 20%; RS rating >= 80; Net profit margin up vs a year ago",7
GOKULAGRO,0.010678217863197073,0.16238392374588528,0.3120008873114464,0.07503058166402228,0.808698999230177,0.0,0.0,0.2935115733907071,0.47457467472614767,0.018114070738778187,0.02782234037677056,-0.08034646557142822,-0.024184079316245586,63279190.33499999,71.61899540040812,7.261872125255109,-73.26059938400559,2.4088257571853715,2.0,48.58893404122811,0.8699999999999999,1.0,25.931131412508783,0.3800000000000001,20663.0,True,True,49.390969162995596,Edible Oil,Fast Moving Consumer Goods,82.0,93,"Uptrend (price > 50 > 150 > 200-day, 200-day rising); Within 15% of 52-week high; RS rating >= 80",3
GOLDIAM,0.040798915760071004,0.19950954633035556,0.6951334224466557,0.15882356850071924,0.7805123053741839,0.0,0.0,-0.2006516387088562,1.0883652467553235,0.03200221601882622,0.04002501563477168,-0.1046195065036083,-0.019192442331061765,176465637.5,120.10505720421479,41.9187742132068,59.440366361346335,5.923375856729817,7.0,37.50811092998767,8.06,1.0,15.46112115732369,-0.5299999999999998,20672.0,True,True,59.31277533039648,"Gems, Jewellery And Watches",Consumer Discretionary,12.0,93,"Uptrend (price > 50 > 150 > 200-day, 200-day rising); Within 15% of 52-week high; ROE >= 20%; RS rating >= 80",4
GOODLUCK,0.06189692342100242,0.0966898321912002,0.3777264016061812,0.47771569562606264,0.8959039776091287,0.0,1.0,0.004873317988727227,0.9561637680789713,0.028465552154232857,0.07483064095883263,0.018744823140104838,-0.021689491644037998,285578025.92999995,67.51447571268842,30.930854580032353,33.61847957767398,6.547271511742593,2.0,30.02925688388767,1.1399999999999997,1.0,12.273641851106639,-0.9200000000000017,20671.0,True,True,66.07268722466961,Iron & Steel Products,Industrials,10.0,93,ROE >= 20%; RS rating >= 80,2
GPIL,-0.06908089359581851,-0.08574969951923084,-0.09445684523809528,-0.5453593250982445,0.67396875,0.0,0.0,-0.041930800528943137,1.2464812999301775,0.020138953577063606,0.02983191567294763,-0.10190712003138136,-0.0430232043252063,330170131.505,2.753999136820795,32.285660306064614,-29.594921884860547,0.09076153663084685,0.0,5.7588204892523365,-3.650000000000002,1.0,13.806162850748837,0.5299999999999994,20672.0,True,True,18.75330396475771,Iron & Steel Products,Industrials,10.0,93,"Uptrend (price > 50 > 150 > 200-day, 200-day rising); Within 15% of 52-week high; Quarterly profit growth >= 25%; 3-year profit growth >= 15%/yr; ROE >= 20%; RS rating >= 80; Net profit margin up vs a year ago",7
GPPL,0.04072617390607234,0.1031916976698648,0.18702156050284446,0.2822740449047789,0.8290269378779549,0.0,0.0,0.3623812459756448,1.0598482357336652,0.01416332860816102,0.0386819484240688,0.041890426893686605,-0.012441020503253693,207192277.435,41.765712182098746,32.63902770559308,2.871989819816534,1.612467135481989,2.0,16.561487083938676,2.8699999999999974,1.0,21.566164154103852,-1.2299999999999969,20677.0,True,True,59.09471365638766,Port & Port services,Services,27.0,93,"Uptrend (price > 50 > 150 > 200-day, 200-day rising); Within 15% of 52-week high; RS rating >= 80",3
GRANULES,0.09661281071883931,0.577241899020347,0.34945196647324317,1.856248452639406,0.8896768256374168,0.0,0.0,0.23234743161403149,1.0779921577066933,0.018036959213557895,0.041646720919100044,-0.03702939828839069,-0.026973556677196458,643152291.75,36.605261242819395,22.037021733741025,-8.007215803649252,1.394548029283225,4.0,14.151879763467633,1.299999999999999,1.0,11.701081612586037,1.2899999999999991,20650.0,True,True,75.01321585903084,Pharmaceuticals,Healthcare,21.0,93,"Uptrend (price > 50 > 150 > 200-day, 200-day rising); 3-year profit growth >= 15%/yr; ROE >= 20%; RS rating >= 80",4
GRAPHITE,0.11990152649477367,0.2812937062937062,0.18842224744608393,0.8579081056286684,0.8991250643335048,0.0,1.0,0.8705827261856989,0.9357639588963136,0.030417849581613615,0.15035750766087852,0.06457745963908779,-0.024317376967122124,809088688.0,28.579097744360894,26.61654135338345,128.5790977443609,0.25055193577975293,1.0,6.723708463600286,0.3099999999999987,1.0,2.9185867895545314,-0.9200000000000017,20645.0,True,True,79.48348017621144,Electrodes & Refractories,Industrials,7.0,93,3-year profit growth >= 15%/yr; ROE >= 20%; RS rating >= 80,3
GRASIM,0.0034834883700560794,0.17724585025290307,0.29217656488251165,0.23574382525534965,0.8683415906892205,0.0,0.0,0.04548792004699067,1.5223987998749777,0.015373402196489644,0.019276261108624793,-0.08144158470863849,-0.02835711196540821,2608335790.8,37.785343625502854,21.432032639647748,13.896852551332127,1.4836193983272854,5.0,1.584726257014002,0.9399999999999995,1.0,9.954576205663477,-0.43000000000000327,20654.0,True,True,46.77422907488987,Cement & Cement Products,Commodities,89.0,93,"Uptrend (price > 50 > 150 > 200-day, 200-day rising); 3-year profit growth >= 15%/yr; ROE >= 20%; RS rating >= 80",4
GRAVITA,-0.04173680445226556,0.0849366780321481,0.35187011607617036,-0.38416515792435585,0.7381897993311036,0.0,0.0,-0.49672769870823436,1.3169304693473245,0.019254028898137942,0.009207992296581757,-0.16355897779635753,-0.061580253267643936,316910024.0,14.26510747343288,41.84087543512125,17.494884555050117,1.4163876949274523,0.0,22.722880855650263,-1.7399999999999993,1.0,15.415986949429037,-0.7100000000000009,20661.0,True,True,29.329295154185026,Industrial Minerals,Commodities,76.0,93,"Uptrend (price > 50 > 150 > 200-day, 200-day rising); Within 15% of 52-week high; Quarterly profit growth >= 25%; ROE >= 20%; RS rating >= 80; Net profit margin up vs a year ago",6
GREAVESCOT,0.07209104215743323,-0.11085138901375524,0.6399966835254125,0.03566596282282609,0.8311143802868702,0.0,1.0,0.267256402441924,5.555542381188666,0.03286491895262943,0.0767923887189943,0.0954577140136954,-0.08264262202768452,208457191.5,-70.9089292214435,30.67893698938868,-118.06460568335896,-0.9096616655968215,0.0,-17.232171715337795,-2.2,1.0,2.4458420684835778,0.0,20644.0,True,True,67.92621145374449,"Compressors, Pumps & Diesel Engines",Industrials,52.0,93,Within 15% of 52-week high; Quarterly profit growth >= 25%; 3-year profit growth >= 15%/yr; ROE >= 20%; RS rating >= 80; Net profit margin up vs a year ago,6
GRMOVER,-0.09360673052351921,-0.28895373072113373,-0.4415635435081515,-0.8177889894292936,0.4198975465084929,0.0,0.0,-0.3675880641479507,0.9573250603511809,0.01776880115669392,0.027622377622377625,-0.10137488373381232,-0.031068242380752415,93200243.11,10.181282157909433,30.51900361099211,4.645823698805507,0.7210097726025646,0.0,7.23258580552375,-0.9100000000000001,1.0,12.312811980033278,-2.219999999999999,20677.0,True,True,11.33920704845815,Other Agricultural Products,Fast Moving Consumer Goods,65.0,93,"Uptrend (price > 50 > 150 > 200-day, 200-day rising); Within 15% of 52-week high; Quarterly profit growth >= 25%; 3-year profit growth >= 15%/yr; ROE >= 20%; RS rating >= 80; Net profit margin up vs a year ago",7
GROWW,,,0.26172395416999716,,0.7927376760563382,0.0,0.0,-0.08258364594336498,0.7540597991316141,0.01931657507842298,0.023047375160051287,-0.06751036502275964,-0.030999364243132717,4181338697.4300003,94.31001601541513,66.01282618310482,-27.71409128557758,,2.0,,7.130000000000003,1.0,21.581019477828427,8.54,20649.0,True,True,,Stockbroking & Allied,Financial Services,11.0,93,"Uptrend (price > 50 > 150 > 200-day, 200-day rising); Within 15% of 52-week high; 3-year profit growth >= 15%/yr; RS rating >= 80",4
GRSE,-0.07216388769395415,-0.06799764255193763,0.2825425790754257,-0.5078667464222674,0.6322551662174304,0.0,0.0,-0.19598670903745702,1.352731967075348,0.014904041329724923,0.03077186084280714,-0.15737333258827013,-0.04558286505447348,889801341.25,43.82192930164912,38.534358371441435,19.622692378896,1.2732848217240054,6.0,46.50692068643956,0.34999999999999964,1.0,28.473543966501712,-0.05999999999999961,20679.0,True,True,17.444933920704848,Aerospace & Defense,Industrials,22.0,93,"Uptrend (price > 50 > 150 > 200-day, 200-day rising); Within 15% of 52-week high; RS rating >= 80",3
GRWRHITECH,0.22326146338191452,1.2770197713347233,1.1314746925260168,2.2007435721417363,0.8667709637046308,0.0,0.0,-0.3632141196002006,1.3050217693587727,0.020955497725925358,0.054557751559329626,-0.006515639255650574,-0.034088897998028306,301705068.75,59.776584513377415,27.897533283500685,20.664553125135555,1.9157423428070226,2.0,32.885735149011765,4.18,1.0,12.725903614457831,1.3100000000000005,20671.0,True,True,92.34911894273128,Plastic Products - Industrial,Industrials,35.0,93,"Uptrend (price > 50 > 150 > 200-day, 200-day rising); ROE >= 20%",2
GSFC,-0.07232578229441142,-0.21465321064608678,0.14028156874012354,-1.032288258101719,0.7208047105004907,0.0,0.0,-0.3503828473042206,1.1960679475379032,0.011696681080048886,0.02085009385894354,-0.0694356814720779,-0.022776508474286528,119507716.00999999,14.357287273334451,64.03285097577837,41.653594614462484,0.6789318393654883,0.0,-12.446665723930806,-1.92,1.0,5.486263960218472,0.030000000000001137,20677.0,True,True,17.226872246696036,Fertilizers,Commodities,63.0,93,"Uptrend (price > 50 > 150 > 200-day, 200-day rising); Within 15% of 52-week high; Quarterly profit growth >= 25%; 3-year profit growth >= 15%/yr; ROE >= 20%; RS rating >= 80; Net profit margin up vs a year ago",7
GUJALKALI,0.010131570650691236,0.22855666551842901,0.2545950224254683,0.09719970324590022,0.7406134969325153,0.0,0.0,0.8193857432015766,1.7357555221143601,0.02222128348356726,0.03455955130320021,-0.1117847446528294,-0.0632675634735181,52891484.8,100.0,12.649305052844962,30.288345855368505,1.881841956262358,4.0,-25.647808697263553,5.67,1.0,-0.03853564547206166,1.6199999999999992,20657.0,True,True,49.06387665198238,Commodity Chemicals,Commodities,43.0,93,"Uptrend (price > 50 > 150 > 200-day, 200-day rising); Within 15% of 52-week high; 3-year profit growth >= 15%/yr; ROE >= 20%; RS rating >= 80",5
GUJENERGY,-0.12633975530494734,-0.3133522343728905,-0.029648567176708496,-1.183669158793981,0.6078628233242621,0.0,0.0,-0.22411420289098624,1.3316981725893242,0.018400289722789773,0.03141958316948479,-0.10911424108397882,-0.0268977480288654,325017467.98,84.05984542265384,63.12412840775479,111.04854162510135,4.5801911206940815,1.0,8.982689244820774,1.200000000000001,1.0,9.162389428852244,16.290000000000003,20676.0,True,True,4.470264317180616,LPG/CNG/PNG/LNG Supplier,Energy,68.0,93,"Uptrend (price > 50 > 150 > 200-day, 200-day rising); Within 15% of 52-week high; 3-year profit growth >= 15%/yr; ROE >= 20%; RS rating >= 80",5
GUJTHEM,0.05363858267446753,0.020162759625895754,0.8508153371529308,-0.14192004350508305,0.7970772442588727,0.0,0.0,-0.12457932453498768,0.9459083750885239,0.02595568310517064,0.0557884928954111,-0.023691713653740343,-0.03746030852524967,90737065.2,-14.651380243605793,10.804655870445323,-17.685395182716945,-0.5669211416544645,0.0,-8.449812532735901,-7.539999999999999,1.0,16.319444444444446,15.79,20672.0,True,True,63.346916299559474,Pharmaceuticals,Healthcare,21.0,93,"Uptrend (price > 50 > 150 > 200-day, 200-day rising); Within 15% of 52-week high; Quarterly profit growth >= 25%; Sales growth >= 20% or 2+ strong quarters; 3-year profit growth >= 15%/yr; ROE >= 20%; RS rating >= 80; Net profit margin up vs a year ago",8
GULFOILLUB,-0.007316297227617577,-0.0879227053140097,0.27352445193929165,-0.4052189503349178,0.8476810919807661,0.0,0.0,0.48181933709406377,0.7480203012357337,0.017979838727811327,0.04548482253306685,-0.01706688441677806,-0.021993949068992748,59435722.05,26.946043145807018,30.573072949972936,30.400148648237955,2.9666720022816166,1.0,16.345130815207852,-0.2599999999999998,1.0,22.4609375,-0.5999999999999979,20668.0,True,True,41.97687224669604,Lubricants,Energy,4.0,93,"Uptrend (price > 50 > 150 > 200-day, 200-day rising); Within 15% of 52-week high; RS rating >= 80; Net profit margin up vs a year ago",4
GVPIL,0.19576441776287065,0.8448659060601569,0.6205909150071587,1.6837965542500795,0.6268450184501845,0.0,0.0,-0.17583538571013776,1.2327168549829637,0.02966564760469585,0.04999237921048616,-0.021406639745148004,-0.03520676600863922,131534672.15,42.524338547942044,7.613735401777921,-57.475661452057956,0.2900519397090608,5.0,66.92706969832535,5.330000000000002,1.0,43.470790378006875,-0.16999999999999993,20655.0,True,True,89.18722466960352,Heavy Electrical Equipment,Industrials,32.0,93,"Uptrend (price > 50 > 150 > 200-day, 200-day rising); Within 15% of 52-week high",2
GVTandD,0.06858527648214517,0.4304618234749238,0.18778156246566313,0.9089457914197903,0.7527787610619469,0.0,0.0,0.05272434326687694,0.9523467078942168,0.024802622199049367,0.08765341637662583,-0.01330365109199616,-0.028017722767843128,3547620370.0,24.673057628535933,38.04214625638096,-61.61317429865501,2.0088314955691726,16.0,354.3292883150956,-2.120000000000001,1.0,45.836431226765804,-0.4299999999999997,20679.0,True,True,67.16299559471366,Heavy Electrical Equipment,Industrials,32.0,93,"Uptrend (price > 50 > 150 > 200-day, 200-day rising); Within 15% of 52-week high; Quarterly profit growth >= 25%; RS rating >= 80; Net profit margin up vs a year ago",5
HAL,0.014406927525028052,0.017718410635280346,0.3786418903418216,-0.09434472578740338,0.8934154061243909,0.0,0.0,0.31977466763870405,1.3393160323736015,0.01577547267674942,0.036229197561377546,-0.04440633977512709,-0.02323622703916148,3186885085.2,14.884611560055493,14.446120676238472,9.363055722739233,0.7136008609608687,0.0,15.680988215755608,0.10999999999999943,1.0,22.211934407056358,0.6000000000000014,20670.0,True,True,50.48127753303965,Aerospace & Defense,Industrials,22.0,93,"Uptrend (price > 50 > 150 > 200-day, 200-day rising); Quarterly profit growth >= 25%; Sales growth >= 20% or 2+ strong quarters; RS rating >= 80",4
HAPPSTMNDS,-0.1336060271763019,-0.34263706388763027,0.004570004154549112,-1.1168637817303781,0.5491574299360187,0.0,0.0,-0.21880150455812647,0.2865406598009967,0.029091281511314664,0.013720485003190896,-0.17850248579162498,-0.030703227868204605,385711906.15,18.365516103111588,14.29532642298601,-22.696325798011287,0.8753361188174915,0.0,-0.3766123120466536,0.3699999999999992,1.0,12.61101243339254,-3.2699999999999996,20640.0,True,True,3.379955947136564,Computers - Software & Consulting,Information Technology,80.0,93,"Uptrend (price > 50 > 150 > 200-day, 200-day rising); Within 15% of 52-week high; Quarterly profit growth >= 25%; Sales growth >= 20% or 2+ strong quarters; 3-year profit growth >= 15%/yr; ROE >= 20%; RS rating >= 80",7
HAPPYFORGE,0.23055682157011997,1.492174629324547,1.0935905198512241,2.9073905518856105,0.8112145748987855,0.0,0.0,0.6642810455863535,1.8143469576463138,0.024563318030276334,0.039338572048401854,-0.02518076263295088,-0.030951298057118513,168386016.3,39.20251333852656,27.026568682871677,15.648871183047966,3.6664799071675205,3.0,,1.7800000000000011,1.0,14.191729323308271,-0.7900000000000027,20638.0,True,True,92.67621145374449,Castings & Forgings,Industrials,14.0,93,"Uptrend (price > 50 > 150 > 200-day, 200-day rising); Within 15% of 52-week high; 3-year profit growth >= 15%/yr; ROE >= 20%",4
HARSHA,0.06942071742302228,0.0978826376285542,0.44375497215592685,0.4575148903134835,0.9787541254125413,1.0,1.0,0.5970479673806869,2.1264734151810627,0.019322968487570407,0.06232262458848892,0.0891395911996602,-0.03377593128232445,57488253.2,-1.4375333853309913,25.223794793178023,-202.34643456802465,-0.03696427066685435,0.0,9.743827017964858,-2.210000000000001,1.0,11.055634807417974,0.019999999999999574,20638.0,True,True,67.27202643171806,Other Industrial Products,Industrials,5.0,93,Quarterly profit growth >= 25%; 3-year profit growth >= 15%/yr; ROE >= 20%; RS rating >= 80; Net profit margin up vs a year ago,5
HATSUN,0.09480980280263614,0.3069032436928196,0.27633075215248826,0.653514926710202,0.8284063125138919,0.0,1.0,1.169091576024879,0.5101256181767818,0.02536267594255453,0.05755649717514122,0.06151891860074321,-0.04455465579364862,51618160.75,47.592330525940916,17.61263838785918,-22.85079013550429,0.4667264999891567,2.0,171.9808695632919,0.52,1.0,16.249271986022134,-0.010000000000001563,20472.0,True,True,74.25,Dairy Products,Fast Moving Consumer Goods,18.0,93,Within 15% of 52-week high; ROE >= 20%; RS rating >= 80,3
HAVELLS,-0.09783362805000427,-0.20828747167368078,0.027045187300520857,-1.3499451238053881,0.6671798819604824,0.0,0.0,-0.20279753687260396,2.2989067399790235,0.014269091590098334,0.03699633699633709,-0.1318922745090183,-0.029421231896507995,870750836.0,-16.718615872290687,19.48252632736669,-56.67477027003227,-0.7148915841165073,0.0,14.257619422726009,-1.9299999999999997,1.0,17.861675126903553,-0.4799999999999969,20651.0,True,True,9.92180616740088,Consumer Electronics,Consumer Discretionary,88.0,93,"Uptrend (price > 50 > 150 > 200-day, 200-day rising); Within 15% of 52-week high; Quarterly profit growth >= 25%; Sales growth >= 20% or 2+ strong quarters; 3-year profit growth >= 15%/yr; ROE >= 20%; RS rating >= 80; Net profit margin up vs a year ago",8
HBLENGINE,0.0007755787935054825,-0.20520858451892932,0.07221860767729349,-0.13589942492316612,0.6946078431372549,0.0,0.0,0.4799487911944994,3.297230228499798,0.02224357505540006,0.07393741573830992,0.08790331361376258,-0.041554232810595164,675381923.3,-25.068265332126348,6.025557937417947,-70.12952488984386,-0.30832388866525945,0.0,83.67025954629908,-7.100000000000001,1.0,36.74943566591422,-0.14000000000000057,20673.0,True,True,45.901982378854626,Other Industrial Products,Industrials,5.0,93,"Uptrend (price > 50 > 150 > 200-day, 200-day rising); Within 15% of 52-week high; Quarterly profit growth >= 25%; Sales growth >= 20% or 2+ strong quarters; RS rating >= 80; Net profit margin up vs a year ago",6
HCC,-0.010990431248805776,-0.034311699049193956,0.7013838310269482,-0.3339248219355663,0.7098245614035088,0.0,0.0,0.19500362300310717,0.612008957341468,0.025471588073004422,0.024714828897338448,-0.06970541437886868,-0.038496286504533385,444892206.61,0.6206159220341734,-8.971621782595552,35.21878146036132,0.0015663401607115962,0.0,78.92483558470298,0.4899999999999993,1.0,7.804419370004702,0.05000000000000071,20659.0,True,True,40.77753303964757,Civil Construction,Industrials,77.0,93,"Uptrend (price > 50 > 150 > 200-day, 200-day rising); Within 15% of 52-week high; Quarterly profit growth >= 25%; Sales growth >= 20% or 2+ strong quarters; ROE >= 20%; RS rating >= 80",6
HCG,0.021767619676162808,0.0894749052664141,0.3412033511043411,0.10835200139527267,0.8362406372309962,0.0,0.0,0.1005016582786274,1.327656101260193,0.021311800500059704,0.03178395598030681,-0.04211129413449832,-0.022918782083387663,73107481.325,174.1547300634652,13.363559266749302,-125.8452699365348,0.7691373284825199,2.0,57.51499369102873,1.3900000000000001,1.0,1.7267267267267266,0.259999999999998,20671.0,True,True,53.31607929515419,Hospital,Healthcare,50.0,93,"Uptrend (price > 50 > 150 > 200-day, 200-day rising); Within 15% of 52-week high; ROE >= 20%; RS rating >= 80",4
HCLTECH,-0.0017806971010029746,-0.06302433612979264,0.007304710793083036,-0.4752643102388568,0.6983315544070557,0.0,0.0,-0.13865423037951943,2.2556128155035955,0.017451789508144407,0.03946604759141037,-0.043262896055758726,-0.017132690838219774,2860620759.3,20.32269273242564,13.93785627203532,16.173439416632675,2.383619769196213,1.0,6.316094303062392,0.7100000000000009,1.0,22.15392802501164,-0.8100000000000023,20647.0,True,True,44.702643171806166,Computers - Software & Consulting,Information Technology,80.0,93,"Uptrend (price > 50 > 150 > 200-day, 200-day rising); Within 15% of 52-week high; Quarterly profit growth >= 25%; Sales growth >= 20% or 2+ strong quarters; 3-year profit growth >= 15%/yr; RS rating >= 80",6
HDFCAMC,-0.06728172571926046,-0.1209326424870466,0.14821331889550615,-0.6332115295429623,0.7778582862920213,0.0,0.0,-0.3030845967756534,1.7894158207007846,0.0174699579980876,0.02581747852291616,-0.07468284805731906,-0.0289342097843108,1662961178.85,11.98624968355717,13.58983628569954,14.449947347141423,1.6225519966354798,0.0,22.934876233925916,-1.0899999999999892,1.0,30.967602123740384,-0.00999999999999801,20649.0,True,True,19.18942731277533,Asset Management Company,Financial Services,71.0,93,"Uptrend (price > 50 > 150 > 200-day, 200-day rising); Within 15% of 52-week high; Quarterly profit growth >= 25%; Sales growth >= 20% or 2+ strong quarters; RS rating >= 80; Net profit margin up vs a year ago",6
HDFCBANK,-0.06476429836983535,-0.2514589138320803,-0.02686077506663931,-1.1118804584088606,0.7067123958843704,0.0,0.0,-0.3706348551418769,1.4748869693972664,0.012870020691845547,0.02524544179523147,-0.005714522055022098,-0.018184154579554353,19359384559.55,19.248235551738002,3.6664661063108728,9.967006312211858,2.2718517442662027,0.0,19.020400548460348,2.9400000000000013,1.0,13.517239731835872,-0.6200000000000045,20645.0,True,True,20.497797356828194,Private Sector Bank,Financial Services,23.0,93,"Uptrend (price > 50 > 150 > 200-day, 200-day rising); Within 15% of 52-week high; Quarterly profit growth >= 25%; Sales growth >= 20% or 2+ strong quarters; ROE >= 20%; RS rating >= 80",6
HDFCLIFE,-0.07919984802439282,-0.29853943524829607,-0.08516762614290563,-1.2663188323838042,0.6774889029803425,0.0,0.0,-0.11144212077811051,2.034174088517422,0.017841091013775245,0.05054696341003395,-0.013340770525079204,-0.029359395399248683,1619833783.1999998,11.4985659119043,14.578636793448641,7.155959068619721,2.2228151348691916,0.0,11.50098595222877,-0.050000000000000044,1.0,10.771830985915493,-0.30999999999999517,20662.0,True,True,15.809471365638766,Life Insurance,Financial Services,87.0,93,"Uptrend (price > 50 > 150 > 200-day, 200-day rising); Within 15% of 52-week high; Quarterly profit growth >= 25%; Sales growth >= 20% or 2+ strong quarters; 3-year profit growth >= 15%/yr; ROE >= 20%; RS rating >= 80; Net profit margin up vs a year ago",8
HEGAM,0.11121633977386193,0.39857288481141695,0.3457229879717103,0.6498512245223994,0.8764835164835165,0.0,0.0,0.891091518156197,1.4608539055132643,0.030376047809518678,0.04998837479655904,-0.023117271652437488,-0.037325732156186585,324274182.65000004,22.556282310181718,11.098599823754029,74.40110600469563,0.25873729414480734,4.0,-11.5873155048146,1.6799999999999997,1.0,7.166876839007987,-1.1199999999999974,20656.0,True,True,77.62995594713657,Electrodes & Refractories,Industrials,7.0,93,"Uptrend (price > 50 > 150 > 200-day, 200-day rising); Quarterly profit growth >= 25%; 3-year profit growth >= 15%/yr; ROE >= 20%; RS rating >= 80",5
HERITGFOOD,0.012104041630332366,-0.3200038450446986,0.2032658615410785,-0.6517627011695908,0.7771241199729964,0.0,0.0,1.3950327735077959,0.5815456055985873,0.0223593541816214,0.07082273112807469,0.07659625636298029,-0.022532425005713945,100911021.625,-38.3419291922406,17.710862451177036,8.935266187874355,-0.7067217174351286,0.0,23.494317445241663,-1.6999999999999997,1.0,13.599274705349048,-0.0600000000000005,20650.0,True,True,49.936123348017624,Dairy Products,Fast Moving Consumer Goods,18.0,93,"Uptrend (price > 50 > 150 > 200-day, 200-day rising); Within 15% of 52-week high; Quarterly profit growth >= 25%; Sales growth >= 20% or 2+ strong quarters; ROE >= 20%; RS rating >= 80; Net profit margin up vs a year ago",7
HEROMOTOCO,0.010965829294475959,0.052681447792306324,0.09717558759628675,-0.07766447194228114,0.8089535884792988,0.0,0.0,0.32923274461915625,1.3255272264406621,0.016550404072222098,0.025257780720840062,-0.05130480467856524,-0.016166089696044036,2928101157.0,-16.867006593351686,34.937164298013414,-43.0442332515543,-1.4525873567050787,0.0,22.582729168741622,-6.73,1.0,26.727129702466335,-0.490000000000002,20647.0,True,True,49.6090308370044,2/3 Wheelers,Consumer Discretionary,36.0,93,"Uptrend (price > 50 > 150 > 200-day, 200-day rising); Within 15% of 52-week high; Quarterly profit growth >= 25%; RS rating >= 80; Net profit margin up vs a year ago",5
HEXT,-0.05724482207322728,-0.2169650468883204,0.29670588235294115,-0.788613276817742,0.6071804394924172,0.0,0.0,0.3885374420306146,0.44118578297915056,0.021512827952656473,0.041142742178855274,-0.09205182033937209,-0.028343489726008128,103223896.65,-12.974150028080967,17.925598797804156,-20.41261841708876,-1.1303273636327915,0.0,27.776344064436785,-3.0500000000000007,1.0,21.659278024065863,0.010000000000001563,20663.0,True,True,22.6784140969163,Computers - Software & Consulting,Information Technology,80.0,93,"Uptrend (price > 50 > 150 > 200-day, 200-day rising); Within 15% of 52-week high; Quarterly profit growth >= 25%; Sales growth >= 20% or 2+ strong quarters; RS rating >= 80; Net profit margin up vs a year ago",6
HIKAL,0.0006892472656627249,-0.23594381373869555,0.349877617623062,-0.3202966940314106,0.8236360203888993,0.0,0.0,1.2889155997258506,0.5377828027853178,0.04000130994659016,0.19820538384845476,-0.007556835501203452,-0.034395595721374024,75530986.4,22.4717982297868,5.888538380651953,-64.13050009126154,0.25167104514718186,2.0,-23.382942085922508,1.8399999999999999,0.0,-4.08673894912427,-0.4299999999999997,20671.0,True,True,45.68392070484581,Pharmaceuticals,Healthcare,21.0,93,"Uptrend (price > 50 > 150 > 200-day, 200-day rising); Within 15% of 52-week high; Quarterly profit growth >= 25%; 3-year profit growth >= 15%/yr; ROE >= 20%; RS rating >= 80",6
HINDALCO,0.04901447551060487,0.3688684974023346,0.14692746904856113,0.9317911396890908,0.8008928571428572,0.0,0.0,0.07614501064905058,1.4296457942752292,0.015290317744665487,0.03165467625899265,-0.062138724006798984,-0.021712264289133823,3698205563.35,116.85029158945687,32.06034375389215,139.043400093245,3.9845579428407487,1.0,35.10778440029774,4.0,1.0,9.804294824392494,-0.0799999999999983,20636.0,True,True,62.03854625550661,Aluminium,Commodities,3.0,93,"Uptrend (price > 50 > 150 > 200-day, 200-day rising); Within 15% of 52-week high; ROE >= 20%; RS rating >= 80",4
HINDCOPPER,0.08929422120262526,0.7059700042110719,0.16130099228224903,0.90049491317953,0.6080521018354056,0.0,0.0,0.09693474832813968,0.8189842912000609,0.025940347936743744,0.04665095266155972,-0.10502475875464545,-0.03877369981778854,3780566759.6,162.48690935688631,81.36220152216434,25.11297361688841,2.5821759985529993,4.0,61.67324868565112,11.630000000000003,1.0,27.490278193239604,-0.9299999999999997,20675.0,True,True,72.61453744493393,Copper,Commodities,,93,"Uptrend (price > 50 > 150 > 200-day, 200-day rising); Within 15% of 52-week high; RS rating >= 80",3
HINDOILEXP,0.017727391339483818,-0.03747579450962535,0.42820924533085436,-0.10070607009992322,0.8305698967434472,0.0,0.0,1.4794733869525758,0.3346752185980838,0.024784310109308823,0.10951979780960408,-0.0028654729579929983,-0.032487335398199445,79489335.58500001,-87.79220927974076,163.1481908273796,-6.895590337805615,-2.0189519280502193,0.0,-47.802052809009844,-112.44,1.0,4.552023121387283,0.3999999999999999,20677.0,True,True,51.5715859030837,Oil Exploration & Production,Energy,26.0,93,"Uptrend (price > 50 > 150 > 200-day, 200-day rising); Within 15% of 52-week high; Quarterly profit growth >= 25%; 3-year profit growth >= 15%/yr; ROE >= 20%; RS rating >= 80; Net profit margin up vs a year ago",7
HINDPETRO,-0.05270677897169236,-0.14544598729112723,0.08258795468097802,-0.5355645588311284,0.6785327957517947,0.0,0.0,-0.09226134080955889,1.1066175737990014,0.015083882937223417,0.023958927552766518,-0.06562052276500507,-0.015961541481184786,1878857790.0,-100.0,26.8520923871826,-177.41873291148693,-4.159658219608773,0.0,-41.41774820968437,-12.43,0.0,27.529135395692233,-0.4100000000000037,20656.0,True,True,24.859030837004408,Refineries & Marketing,Energy,46.0,93,"Uptrend (price > 50 > 150 > 200-day, 200-day rising); Within 15% of 52-week high; Quarterly profit growth >= 25%; 3-year profit growth >= 15%/yr; RS rating >= 80; Net profit margin up vs a year ago",6
HINDUNILVR,-0.09004295752992963,-0.20458396966349934,-0.02938886726352663,-1.2515023596224075,0.699788462637928,0.0,0.0,-0.7658088397078249,1.3787397907796142,0.014687575872359254,0.012331665032764061,-0.08694964596920096,-0.019648896947678435,2396150014.1,-3.901955438813909,10.052675001586596,-12.111353713310091,-1.0807881609469943,0.0,2.096980848463681,-2.289999999999999,1.0,30.89722809249266,-0.00999999999999801,20662.0,True,True,11.993392070484582,Diversified FMCG,Fast Moving Consumer Goods,,93,"Uptrend (price > 50 > 150 > 200-day, 200-day rising); Within 15% of 52-week high; Quarterly profit growth >= 25%; Sales growth >= 20% or 2+ strong quarters; 3-year profit growth >= 15%/yr; RS rating >= 80; Net profit margin up vs a year ago",7
HINDZINC,0.06642300855313457,0.31817178185029804,0.1888877825350992,0.5585383372317941,0.7572305593451568,0.0,0.0,0.21134571506296282,0.8759206796096909,0.020475604619620676,0.04141184693342659,-0.03911571986254536,-0.025329854955860712,2656314370.75,144.7698679035209,76.90129970402779,77.18659862571933,4.9103001880374615,3.0,22.021113803189674,11.030000000000001,1.0,61.12510495382032,-0.07000000000000028,20658.0,True,True,66.83590308370044,Zinc,Commodities,,93,"Uptrend (price > 50 > 150 > 200-day, 200-day rising); Within 15% of 52-week high; RS rating >= 80",3
HIRECT,0.0950477115827099,0.4688161920451872,0.8909256173307074,0.6027013715958667,0.8032880629020729,0.0,0.0,-0.08380691964243583,0.6309489498970453,0.032608615453966525,0.05734796600379566,-0.10219681366948896,-0.03473143816874247,71296622.9,-63.79746478840175,20.338036038552865,36.20253521159825,-1.2867073250800607,0.0,52.07770199176935,-4.16,1.0,18.660287081339714,3.29,20649.0,True,True,74.3590308370044,Industrial Products,Industrials,6.0,93,"Uptrend (price > 50 > 150 > 200-day, 200-day rising); Within 15% of 52-week high; Quarterly profit growth >= 25%; ROE >= 20%; RS rating >= 80; Net profit margin up vs a year ago",6
HLEGLAS,0.05180232037917065,-0.38892640108035115,0.26195219123505975,-0.25471049670062246,0.6677996827554951,0.0,0.0,0.4573447685272944,0.6222605351987485,0.04656441320361059,0.09999999999999987,0.15261564616094647,-0.056999498191968256,86261676.775,-88.54956382690138,5.916534601162171,-53.1797532318611,-1.7656287361485001,0.0,-10.453131380463976,-5.61,1.0,10.674157303370785,-0.39000000000000057,20675.0,True,True,63.01982378854625,Industrial Products,Industrials,6.0,93,"Uptrend (price > 50 > 150 > 200-day, 200-day rising); Within 15% of 52-week high; Quarterly profit growth >= 25%; Sales growth >= 20% or 2+ strong quarters; 3-year profit growth >= 15%/yr; ROE >= 20%; RS rating >= 80; Net profit margin up vs a year ago",8
HOMEFIRST,-0.02330059751105032,-0.07507037847982478,0.30725022104332456,-0.3176849443317895,0.8542915686423314,0.0,0.0,0.14435202868776079,3.20844853576866,0.01798219772977077,0.05795619193727086,-0.048383088152001874,-0.04612596146421631,173020467.4,34.44459854427719,18.606291748418236,-8.313725703716983,3.5064655717339974,13.0,33.168498252310094,3.5,1.0,12.393848978655038,0.4899999999999949,20679.0,True,True,35.980176211453745,Housing Finance Company,Financial Services,85.0,93,"Uptrend (price > 50 > 150 > 200-day, 200-day rising); ROE >= 20%; RS rating >= 80",3
HONASA,0.0813652995992761,0.5772818121252499,0.5875943000838224,1.3166436330919193,0.8393487642212631,0.0,0.0,0.010420716357015173,12.079164256945335,0.018934866277598165,0.04227341882199509,-0.0858068251496058,-0.03993926548901565,348349806.15,119.04247966913869,26.997060058798827,-59.09794846941526,1.4947297017079109,4.0,91.96130384780396,5.03,1.0,14.174344436569807,2.240000000000002,20678.0,True,True,70.65198237885463,Personal Care,Fast Moving Consumer Goods,72.0,93,"Uptrend (price > 50 > 150 > 200-day, 200-day rising); Within 15% of 52-week high; ROE >= 20%; RS rating >= 80",4
HONAUT,-0.020958596239608517,-0.027071369975389614,0.3515669515669515,-0.2765984493277039,0.8066032052054465,0.0,0.0,0.45211762469878686,5.358271002160467,0.01682856648526436,0.04511278195488733,-0.07327675716085447,-0.015734136006043155,86647515.0,20.942302093515043,1.8003549995774026,6.30775102010568,1.677867345339535,1.0,8.378718830292108,1.9800000000000004,1.0,11.763387855702442,0.23000000000000043,20679.0,True,True,36.74339207048458,Industrial Products,Industrials,6.0,93,"Uptrend (price > 50 > 150 > 200-day, 200-day rising); Within 15% of 52-week high; Quarterly profit growth >= 25%; Sales growth >= 20% or 2+ strong quarters; 3-year profit growth >= 15%/yr; ROE >= 20%; RS rating >= 80",7
HSCL,0.08846818949935274,0.4552741263225393,0.5417798913043479,1.1906266165574821,0.811653447223917,0.0,0.0,-0.2551739812581656,0.3598833867959977,0.024067462830094803,0.03367261039259195,-0.059241679348717824,-0.016936883506297188,2498531134.375,27.323481440279718,28.04192114746624,-6.219574886534904,5.475108859458849,17.0,40.674006072244964,-0.08999999999999986,1.0,16.043348916277093,0.9299999999999979,20649.0,True,True,72.2874449339207,Carbon Black,Commodities,,93,"Uptrend (price > 50 > 150 > 200-day, 200-day rising); Within 15% of 52-week high; ROE >= 20%; RS rating >= 80; Net profit margin up vs a year ago",5
HUBTOWN,-0.12669246899131467,-0.4397079384806587,0.048247398709527545,-0.9068392620599348,0.523362831858407,0.0,0.0,0.031956424716044346,3.0879922331006284,0.027687239148661426,0.09536686497205693,-0.032687549682305916,-0.02691828589917654,63073554.95,-67.67095451466732,-16.962808814897812,-367.6709545146673,-1.6379022663866372,0.0,32.427988125852416,-26.79,1.0,6.2404870624048705,0.07000000000000006,20668.0,True,True,4.143171806167401,"Residential, Commercial Projects",Consumer Discretionary,55.0,93,"Uptrend (price > 50 > 150 > 200-day, 200-day rising); Within 15% of 52-week high; Quarterly profit growth >= 25%; Sales growth >= 20% or 2+ strong quarters; ROE >= 20%; RS rating >= 80; Net profit margin up vs a year ago",7
HUDCO,-0.09545962083249787,-0.23204609959576838,0.11906253916530884,-0.9542205096159501,0.6544055094186753,0.0,0.0,-0.6055747497050185,1.8538847784715455,0.014503651151718247,0.03201856148491866,-0.12385750020067643,-0.026404898682758884,282117540.08000004,35.04185789964745,26.550142817748213,-137.20969657362204,0.5261002443489129,2.0,34.85218256453191,1.4399999999999977,1.0,18.356388787768473,-0.7599999999999998,20661.0,True,True,10.794052863436123,Financial Institution,Financial Services,78.0,93,"Uptrend (price > 50 > 150 > 200-day, 200-day rising); Within 15% of 52-week high; ROE >= 20%; RS rating >= 80",4
HYUNDAI,-0.04796893818779391,-0.20898501288238913,0.22598425196850402,-0.9586781418024078,0.7315310105537082,0.0,0.0,0.3095362667232949,2.282463907159167,0.018008794654127483,0.026400077647287246,-0.060535142205458636,-0.029116193755808664,1384350878.55,-35.08316221253479,-0.4767597155404868,-12.874117042175754,-2.313620602552549,0.0,,-2.8999999999999995,1.0,27.13964526605046,-0.21000000000000085,20664.0,True,True,26.05837004405286,Passenger Cars & Utility Vehicles,Consumer Discretionary,92.0,93,"Uptrend (price > 50 > 150 > 200-day, 200-day rising); Within 15% of 52-week high; Quarterly profit growth >= 25%; Sales growth >= 20% or 2+ strong quarters; 3-year profit growth >= 15%/yr; RS rating >= 80; Net profit margin up vs a year ago",7
IBULLSLTD,,,1.7833698030634575,,0.9055384615384615,0.0,1.0,0.00012713514546231706,1.1476064066879705,0.030291119777016123,0.04998240056318193,0.059998127084518904,-0.05103315574173655,250226445.32999998,100.0,292.3270028378083,0.0,0.7173441951362983,4.0,-10.819774894894184,41.209999999999994,1.0,11.219195849546045,0.029999999999997584,20657.0,True,True,,Diversified Commercial Services,Services,62.0,93,3-year profit growth >= 15%/yr; ROE >= 20%; RS rating >= 80,3
ICICIBANK,-0.02055803670965906,0.039994214218557866,0.19247035409237911,-0.2666951497231703,0.8855405405405404,0.0,0.0,-0.5184066579063329,1.4986455726688774,0.010007934876315685,0.02282928339266377,-0.06473362106368907,-0.01950680217333586,14034256151.6,12.620690150153656,6.440286422401331,3.3535217429633057,1.8014455420263005,0.0,15.508383868133446,1.7100000000000009,1.0,15.957692943315156,1.690000000000012,20652.0,True,True,36.852422907488986,Private Sector Bank,Financial Services,23.0,93,"Uptrend (price > 50 > 150 > 200-day, 200-day rising); Quarterly profit growth >= 25%; Sales growth >= 20% or 2+ strong quarters; ROE >= 20%; RS rating >= 80",5
ICICIGI,-0.05699557979430711,-0.16583262350936967,-0.0840056120659417,-0.6553843630175631,0.7569373819555426,0.0,0.0,-0.26931982117697195,2.053239809481438,0.02167780918347648,0.05091296814607493,-0.008914066572060175,-0.03266937539199045,1083737638.95,-46.00825606791481,10.830152746354127,-53.30118001038297,-2.967188009533092,0.0,11.105253945763138,-5.989999999999999,1.0,16.665664642578008,0.39000000000000057,20679.0,True,True,23.005506607929515,General Insurance,Financial Services,79.0,93,"Uptrend (price > 50 > 150 > 200-day, 200-day rising); Within 15% of 52-week high; Quarterly profit growth >= 25%; Sales growth >= 20% or 2+ strong quarters; 3-year profit growth >= 15%/yr; ROE >= 20%; RS rating >= 80; Net profit margin up vs a year ago",8
ICICIPRULI,-0.06553933585092922,-0.16961367635967484,-0.027671474830733067,-0.9410953646052376,0.6339134125636673,0.0,0.0,-0.24541157974521616,1.852552753592437,0.01900458753201717,0.043617021276595835,-0.09159290061756675,-0.038162194774886124,563628753.075,61.704732105214966,-79.6940458918413,42.194784502268455,2.9844867300793374,1.0,23.92965679732186,17.13,1.0,11.796640011737951,0.08999999999999986,20557.0,True,True,19.95264317180617,Life Insurance,Financial Services,87.0,93,"Uptrend (price > 50 > 150 > 200-day, 200-day rising); Within 15% of 52-week high; Sales growth >= 20% or 2+ strong quarters; ROE >= 20%; RS rating >= 80",5
ICIL,0.1331405427418129,0.5284928415262007,0.7369264676417551,0.9487994392174028,0.9129540076139521,1.0,1.0,1.0469421191069919,0.8887038323334215,0.03153904352617683,0.061595010024504404,0.0324356778493502,-0.027587570342439263,194771064.77499998,62.08487772151441,25.894170291328965,47.10184636522299,0.8179852289353371,1.0,-17.957350749196888,1.17,1.0,5.390492359932089,0.38000000000000256,20669.0,True,True,81.55506607929514,Other Textile Products,Consumer Discretionary,15.0,93,3-year profit growth >= 15%/yr; ROE >= 20%,2
ICRA,-0.11249364604074572,-0.2388914198936979,0.0017789326404156203,-1.5497635269373837,0.6515729913240287,0.0,0.0,0.019172299806005443,1.8397106098590081,0.01770926366380162,0.020392249527410256,-0.10473388311597298,-0.036859919362248646,147252943.0,24.43107675531597,31.231424210780002,30.34869601947286,1.7413698451507378,1.0,8.220006353121967,-1.7800000000000011,1.0,15.495342929720577,-1.259999999999998,20641.0,True,True,6.759911894273128,Ratings,Financial Services,,93,"Uptrend (price > 50 > 150 > 200-day, 200-day rising); Within 15% of 52-week high; Quarterly profit growth >= 25%; 3-year profit growth >= 15%/yr; ROE >= 20%; RS rating >= 80; Net profit margin up vs a year ago",7
IDBI,0.02735850413948658,0.0005434191935658195,0.4969105691056912,-0.12411800365192832,0.73128906909951,0.0,0.0,0.2637819068395543,2.1113921407625025,0.023203312630541217,0.053163017031629956,0.018365157489577566,-0.013848507988578347,565120519.79,5.274597016615212,7.438284694490371,9.171845530712442,0.24242337599798275,0.0,30.654377713546666,-0.5800000000000018,1.0,13.472084475818214,-0.08999999999999997,20652.0,True,True,55.49669603524229,Private Sector Bank,Financial Services,23.0,93,"Uptrend (price > 50 > 150 > 200-day, 200-day rising); Within 15% of 52-week high; Quarterly profit growth >= 25%; Sales growth >= 20% or 2+ strong quarters; ROE >= 20%; RS rating >= 80; Net profit margin up vs a year ago",7
IDEAFORGE,0.13494572106132663,0.46947960618846696,1.1078681909885675,0.6808444268421937,0.7407407407407407,0.0,0.0,-0.4064248660584054,1.2457055901275045,0.023597497462724194,0.049958881578947345,-0.07741550820598109,-0.02166814214125635,174838397.675,100.0,300.0,0.0,0.5303776729580172,1.0,-25.844123344972203,180.57,0.0,-2.8380634390651087,11.67,20648.0,True,True,81.88215859030838,Aerospace & Defense,Industrials,22.0,93,"Uptrend (price > 50 > 150 > 200-day, 200-day rising); Within 15% of 52-week high; 3-year profit growth >= 15%/yr; ROE >= 20%",4
IDFCFIRSTB,0.05442943644424613,0.21216447744146194,0.4426508071367885,0.4643364455876188,0.8971096975783953,1.0,0.0,0.277913164194887,1.731911597858737,0.01584681077319857,0.029635703408691594,-0.052730807753490816,-0.03247107740624755,1242335708.27,153.366342436428,14.612301198384191,141.61451412592461,2.627536948918016,1.0,-5.5067148432174085,5.69,1.0,3.3984473884060415,1.2000000000000028,20659.0,True,True,63.78303964757709,Private Sector Bank,Financial Services,23.0,93,"Uptrend (price > 50 > 150 > 200-day, 200-day rising); Sales growth >= 20% or 2+ strong quarters; 3-year profit growth >= 15%/yr; ROE >= 20%; RS rating >= 80",5
IEX,-0.0795914490624912,-0.15105761697884756,0.03877995642701526,-0.7760001978707922,0.6612591252261808,0.0,0.0,-0.32244417389686997,1.7560534311575329,0.015739858019990744,0.01816578483245146,-0.12171804480746251,-0.029660307923662386,352492235.02,11.65387608339261,11.379188712522037,0.850830258764244,3.056644011080658,0.0,17.492233973513137,0.20999999999999375,1.0,36.14369501466276,-0.3200000000000003,20657.0,True,True,15.591409691629956,Exchange and Data Platform,Financial Services,31.0,93,"Uptrend (price > 50 > 150 > 200-day, 200-day rising); Within 15% of 52-week high; Quarterly profit growth >= 25%; Sales growth >= 20% or 2+ strong quarters; RS rating >= 80",5
IFCI,0.02912510583793434,0.5479865176512331,0.8224728487886384,0.27851823253934543,0.6059534883720931,0.0,0.0,0.3184704803801086,0.59294172556916,0.03520833684257661,0.12674765069906013,-0.18002864990471013,-0.07796421619435302,2941757925.7,-4.983533380694583,-19.67680141460779,80.4435015713436,-0.02628093429660883,0.0,92.98653684409668,2.8499999999999996,1.0,4.863595706618963,0.8700000000000001,20676.0,True,True,55.823788546255514,Financial Institution,Financial Services,78.0,93,"Uptrend (price > 50 > 150 > 200-day, 200-day rising); Within 15% of 52-week high; Quarterly profit growth >= 25%; Sales growth >= 20% or 2+ strong quarters; ROE >= 20%; RS rating >= 80",6
IGIL,-0.05268130772105186,-0.06559405940594065,0.06856423966032388,-0.3956132160812656,0.8033736801442183,0.0,0.0,-0.055913204307826134,0.9279893117204413,0.017890807003845058,0.05096856144807882,-0.07062864769690502,-0.023804521433963714,160266580.5,30.984890817315105,23.219567312485445,3.353273850355489,2.9638885856069135,2.0,,2.6500000000000057,1.0,40.207156308851225,0.019999999999999574,20657.0,True,True,24.968061674008812,Diversified Commercial Services,Services,62.0,93,"Uptrend (price > 50 > 150 > 200-day, 200-day rising); Within 15% of 52-week high; 3-year profit growth >= 15%/yr; RS rating >= 80",4
IGL,-0.08063679464343858,-0.27807486631016043,0.029048207663782355,-1.1686574125752243,0.6388814317673378,0.0,0.0,0.022488431826952274,2.0237587893635087,0.013555790396123975,0.0576897336367288,-0.04907844719884702,-0.022895997116383335,158019012.95999998,-44.35456388285933,17.187787429739387,-19.12312891127643,-2.6758216128860255,0.0,-6.9452905074288696,-5.739999999999999,1.0,13.421418636995828,-0.14999999999999858,20678.0,True,True,14.937224669603525,LPG/CNG/PNG/LNG Supplier,Energy,68.0,93,"Uptrend (price > 50 > 150 > 200-day, 200-day rising); Within 15% of 52-week high; Quarterly profit growth >= 25%; Sales growth >= 20% or 2+ strong quarters; 3-year profit growth >= 15%/yr; ROE >= 20%; RS rating >= 80; Net profit margin up vs a year ago",8
IIFL,0.10583463283604036,0.44685908319185064,0.48484144499941917,0.7936051391264906,0.8280851063829786,0.0,0.0,0.22818800889829113,0.9710865857714094,0.022522740035367837,0.02550400777265005,-0.05701520599323551,-0.024354953729540173,1245910304.05,160.3016092569058,32.72521614857611,12.324326470367026,1.489639969747588,3.0,8.819997484353959,8.92,1.0,13.053160919540229,-3.8900000000000006,20636.0,True,True,76.75770925110132,Non Banking Financial Company (NBFC),Financial Services,37.0,93,"Uptrend (price > 50 > 150 > 200-day, 200-day rising); Within 15% of 52-week high; 3-year profit growth >= 15%/yr; ROE >= 20%; RS rating >= 80",5
IIFLCAPS,0.05875772052000676,0.16910122014091766,0.3932009010853983,0.4813953965593455,0.8402625820568929,0.0,0.0,-0.05154144556848068,3.0518602732032574,0.006581023489876948,0.02418756492061136,0.021355068651846887,-0.014439546503916531,100764041.025,4.911896618227685,2.2855014011046837,14.961900968993236,0.11332760813583934,0.0,26.742892012017872,0.7300000000000004,1.0,18.40130505709625,-1.8299999999999983,20657.0,True,True,65.41850220264317,Stockbroking & Allied,Financial Services,11.0,93,"Uptrend (price > 50 > 150 > 200-day, 200-day rising); Within 15% of 52-week high; Quarterly profit growth >= 25%; Sales growth >= 20% or 2+ strong quarters; ROE >= 20%; RS rating >= 80",6
IKS,0.045027122593426165,0.1543001127246204,0.3104486600421559,0.5149839421963609,0.9017258883248731,1.0,0.0,0.14374893265945693,1.2347342923830702,0.02100255993398948,0.0484630917657618,-0.00772304725772055,-0.03194162468613661,254835518.54999998,27.819366681867287,20.744493987299006,-11.53249847331712,0.7110992473568196,7.0,,1.1999999999999993,1.0,25.785714285714285,0.9199999999999999,20670.0,True,True,60.73017621145375,IT Enabled Services,Information Technology,38.0,93,"Uptrend (price > 50 > 150 > 200-day, 200-day rising); 3-year profit growth >= 15%/yr; RS rating >= 80",3
IMFA,-0.017689127465165648,0.1075547988933816,0.08199584199584198,0.00358616459209864,0.700517887969522,0.0,0.0,-0.24772273909551315,0.9622309414228907,0.018453049610331524,0.022149105208249864,-0.12368754188696118,-0.02525886968790987,135779029.35,108.16137006839087,49.71007263771552,-9.49032330150574,3.2519109393198944,3.0,36.549633895968036,5.630000000000001,1.0,15.636497424576895,-0.22000000000000064,20649.0,True,True,38.37885462555066,Ferro & Silica Manganese,Commodities,,93,"Uptrend (price > 50 > 150 > 200-day, 200-day rising); Within 15% of 52-week high; ROE >= 20%; RS rating >= 80",4
INDGN,0.049836827064893036,0.05774438717567909,0.39300506212609276,0.1346759410367385,0.9465709728867624,1.0,1.0,0.8314097450847894,3.237058681544443,0.017119666022859584,0.03236217725052337,0.042090994648199986,-0.021206373001648484,228183156.77499998,-0.17660288791296885,39.73449001051523,18.917366936030547,-0.012075284416799698,0.0,,-4.370000000000001,1.0,12.774769034724434,0.10000000000000142,20655.0,True,True,62.36563876651982,"Healthcare Research, Analytics & Technology",Healthcare,41.0,93,Quarterly profit growth >= 25%; 3-year profit growth >= 15%/yr; ROE >= 20%; RS rating >= 80; Net profit margin up vs a year ago,5
INDHOTEL,0.00208281973543602,-0.03753351206434319,0.2575532008056747,-0.15005094432609123,0.9479799313440719,0.0,0.0,0.32719417596607436,11.6608188703742,0.01294179520033171,0.020018198362147244,-0.013101829197890824,-0.015305967349853154,1146147295.4,18.7264695977845,14.605502969016415,4.406593793399004,1.0393164247854265,0.0,23.996051140630705,0.5800000000000018,1.0,17.215752375114928,0.36999999999999744,20655.0,True,True,46.55616740088106,Hotels & Resorts,Consumer Discretionary,54.0,93,"Uptrend (price > 50 > 150 > 200-day, 200-day rising); Quarterly profit growth >= 25%; Sales growth >= 20% or 2+ strong quarters; ROE >= 20%; RS rating >= 80",5
INDIAMART,-0.10014527116890862,-0.2576261202507678,-0.11167052663377297,-1.3244776983789879,0.641474325982818,0.0,0.0,-0.37892871701269376,0.80556183517557,0.013837372033616933,0.03498809305733652,-0.059628262108526786,-0.01579415017526099,156377426.39999998,12.177860301482957,11.367911851652778,84.37443461611832,0.2581707024479828,0.0,15.35428241937944,0.29999999999999716,1.0,19.791666666666664,-0.6799999999999997,20655.0,True,True,9.376651982378855,Internet & Catalogue Retail,Consumer Discretionary,66.0,93,"Uptrend (price > 50 > 150 > 200-day, 200-day rising); Within 15% of 52-week high; Quarterly profit growth >= 25%; Sales growth >= 20% or 2+ strong quarters; ROE >= 20%; RS rating >= 80",6
INDIANB,0.023157211351832307,0.2450578932504941,0.04262740924677777,0.36689286773511315,0.7924368068738136,0.0,0.0,-0.09360279897031912,1.136410235674579,0.018551100747911796,0.013392015089594533,-0.07375292681929912,-0.025876557735661224,861440119.75,20.46625855611306,11.114699940436346,14.008261648911471,2.2369797744410738,1.0,27.883741172735,1.4400000000000013,1.0,14.625888584885624,-0.379999999999999,20644.0,True,True,54.079295154185026,Public Sector Bank,Financial Services,58.0,93,"Uptrend (price > 50 > 150 > 200-day, 200-day rising); Within 15% of 52-week high; Quarterly profit growth >= 25%; Sales growth >= 20% or 2+ strong quarters; ROE >= 20%; RS rating >= 80",6
INDIASHLTR,-0.09539972608170935,-0.2934898612593383,-0.16663353872656195,-0.8599739588829971,0.6987012987012987,0.0,0.0,-0.35408444312298676,2.2431070024412665,0.021495570178363496,0.03545873747813655,-0.045657935777036474,-0.021090056058153794,60326646.3,27.221948576604248,24.730361453145534,-1.8090177964025926,7.410875546665747,11.0,41.165316857625925,0.6600000000000037,1.0,15.728580362726705,0.5199999999999996,20575.0,True,True,10.903083700440527,Housing Finance Company,Financial Services,85.0,93,"Uptrend (price > 50 > 150 > 200-day, 200-day rising); Within 15% of 52-week high; ROE >= 20%; RS rating >= 80",4
INDIGO,-0.027480233046802256,-0.11150193457615198,0.2810954735640927,-0.3909294535205653,0.8257788944723617,0.0,0.0,-0.38856046858257853,0.9306772646298875,0.016546000798989862,0.023555508608851694,-0.03505729487994558,-0.016956996819344178,2763286968.0,-100.0,19.94408746944569,0.0,-1.2721003229139936,0.0,-11.895929789263882,-11.59,0.0,-34.34227513986516,-0.6099999999999994,20657.0,True,True,35.21696035242291,Airline,Services,,93,"Uptrend (price > 50 > 150 > 200-day, 200-day rising); Within 15% of 52-week high; Quarterly profit growth >= 25%; Sales growth >= 20% or 2+ strong quarters; 3-year profit growth >= 15%/yr; ROE >= 20%; RS rating >= 80; Net profit margin up vs a year ago",8
INDIGOPNTS,0.026402425027566512,0.06610893880149127,0.6494091164884639,-0.1170881612158467,0.7827476038338658,0.0,0.0,1.0297949654308256,0.6664609422378232,0.01847522674015795,0.02800763844684906,-0.06008329437459636,-0.026138771356655693,64025713.45,60.15262647647195,19.688532020980375,57.07867409278842,4.41290562993631,1.0,5.295055868068577,2.8499999999999996,1.0,12.824956672443674,0.5599999999999987,20678.0,True,True,55.169603524229075,Paints,Consumer Discretionary,61.0,93,"Uptrend (price > 50 > 150 > 200-day, 200-day rising); Within 15% of 52-week high; Sales growth >= 20% or 2+ strong quarters; 3-year profit growth >= 15%/yr; ROE >= 20%; RS rating >= 80",6
INDOBORAX,0.20907321939050727,1.1828602850979228,1.122701657685821,1.9628985559572174,0.8649594694178335,0.0,1.0,2.078192368007174,10.572066746047053,0.044233229152690234,0.06134014890543393,0.025994034156095358,-0.024865708465842806,62069709.1,59.348955187824615,31.34216912450998,23.4772206253707,2.4816017205583423,2.0,0.5115631929132336,4.060000000000002,1.0,12.953367875647666,-2.47,20648.0,True,True,91.04074889867842,Commodity Chemicals,Commodities,43.0,93,3-year profit growth >= 15%/yr; ROE >= 20%,2
INDORAMA,0.39776753960159894,0.24857719845786685,1.2602193419740781,1.2598605297232455,0.8531611754229742,1.0,1.0,0.9887320973775565,1.2665070761193205,0.04604593909551623,0.17023613399231197,0.34308816355368155,-0.08520781673468744,71054880.375,20.918212169533202,-28.265847699718925,-4.76964548277634,0.2188682430274073,2.0,19.94564742985425,2.7699999999999996,1.0,28.901734104046245,-0.1100000000000001,20663.0,True,True,97.90969162995594,Other Textile Products,Consumer Discretionary,15.0,93,Quarterly profit growth >= 25%,1
INDOTECH,0.31273321935399556,1.0956639873202763,2.3507104715358853,1.4886750057450475,0.8306699751861042,0.0,0.0,0.12308400060069002,2.4126281587618688,0.023739704369479777,0.04999686343391252,-0.053739222560105326,-0.040049154507836617,58159374.0,34.140962439005506,39.01665344964314,20.09699084891223,1.1760293613300494,1.0,52.482666732700125,-0.41000000000000014,1.0,24.86631016042781,0.06,20679.0,True,True,96.16519823788546,Heavy Electrical Equipment,Industrials,32.0,93,"Uptrend (price > 50 > 150 > 200-day, 200-day rising); Within 15% of 52-week high; Net profit margin up vs a year ago",3
INDRAMEDCO,-0.08016595469199145,-0.21826523923967656,-0.0390761380421647,-0.6119108411563228,0.5283607708512132,0.0,0.0,0.6580489176993384,1.1282456996577988,0.015060024503852456,0.03781687214295615,-0.07261333508621992,-0.025988556924162246,61127360.85,8.494018082328259,11.255683997151156,6.836428555810836,1.0537195830876873,0.0,24.94171315596636,-0.34999999999999964,1.0,24.831309041835357,0.05999999999999961,20679.0,True,True,15.155286343612335,Hospital,Healthcare,50.0,93,"Uptrend (price > 50 > 150 > 200-day, 200-day rising); Within 15% of 52-week high; Quarterly profit growth >= 25%; Sales growth >= 20% or 2+ strong quarters; RS rating >= 80; Net profit margin up vs a year ago",6
INDSWFTLAB,0.527777775155732,2.552199922809726,1.8011108574906793,4.899556142625502,0.9303119482048263,1.0,1.0,1.3142746784238852,0.63382321527997,0.04394695750378878,0.06892461781760684,0.20611116673056107,-0.038276924014808866,212062982.275,183.6797121654186,25.351928239376686,174.33292170332643,0.36188848479339464,1.0,28.826511868584383,7.25,1.0,3.106936416184971,-3.0100000000000016,20675.0,True,True,98.78193832599119,Pharmaceuticals,Healthcare,21.0,93,ROE >= 20%,1
INDUSINDBK,0.02959421940935834,0.33999325008437387,0.3191574190976143,0.6749925620897167,0.8227953796910518,0.0,0.0,-0.46455455252986255,1.6877039949073092,0.015979026149580702,0.02740286298568506,-0.10265101689770306,-0.03897425871055147,1362826112.0,71.53582080952634,-7.778451843951495,-28.464179190473658,0.2054437429960704,2.0,-44.95763451841027,4.24,1.0,1.3522969272893215,2.3299999999999983,20656.0,True,True,55.93281938325991,Private Sector Bank,Financial Services,23.0,93,"Uptrend (price > 50 > 150 > 200-day, 200-day rising); Within 15% of 52-week high; 3-year profit growth >= 15%/yr; ROE >= 20%; RS rating >= 80",5
INDUSTOWER,0.009619203265958443,0.04704732653915955,-0.10319263422216907,0.18744589334825798,0.7814122533748702,0.0,0.0,0.1932202940302847,1.9227969263528333,0.01747907414747354,0.043010752688172005,-0.009185280377523641,-0.018289476734255943,1592526473.15,0.556780622672215,4.6353752978554486,-0.2287517316049481,0.007306148236406515,0.0,31.03442083852743,-0.8399999999999999,1.0,18.021994652676185,-0.1599999999999966,20661.0,True,True,48.84581497797357,Telecom - Infrastructure,Telecommunication,,93,"Uptrend (price > 50 > 150 > 200-day, 200-day rising); Within 15% of 52-week high; Quarterly profit growth >= 25%; Sales growth >= 20% or 2+ strong quarters; ROE >= 20%; RS rating >= 80; Net profit margin up vs a year ago",7
INFY,-0.06454777159497065,-0.22654890940719918,-0.07564369102830637,-1.0117486136189486,0.5989583333333334,0.0,0.0,-0.16730886068065293,1.4033968381616213,0.01898232749893123,0.041142742178855274,-0.060980898446218235,-0.0230825645990511,9721109070.0,12.290212343430262,14.030606211121356,-8.607726313500308,1.243891679709875,0.0,8.134267141844065,-0.25,1.0,31.74298884245897,-1.769999999999996,20657.0,True,True,20.606828193832598,Computers - Software & Consulting,Information Technology,80.0,93,"Uptrend (price > 50 > 150 > 200-day, 200-day rising); Within 15% of 52-week high; Quarterly profit growth >= 25%; Sales growth >= 20% or 2+ strong quarters; 3-year profit growth >= 15%/yr; RS rating >= 80; Net profit margin up vs a year ago",7
INGERRAND,0.008467776989604478,0.20506761852093924,0.3741114423297409,0.1439684637567331,0.8393138244197781,0.0,0.0,0.1574103615550524,0.969868160318372,0.02085211946386744,0.019702413967733312,-0.06685741775205711,-0.034189410221597695,81364300.5,19.50464378432979,20.34124064442471,39.83556095821277,1.0470865823856046,0.0,10.377234386376632,-0.129999999999999,1.0,41.55844155844156,0.7299999999999986,20679.0,True,True,48.191629955947135,"Compressors, Pumps & Diesel Engines",Industrials,52.0,93,"Uptrend (price > 50 > 150 > 200-day, 200-day rising); Within 15% of 52-week high; Quarterly profit growth >= 25%; 3-year profit growth >= 15%/yr; RS rating >= 80; Net profit margin up vs a year ago",6
INNOVACAP,0.12658077807867157,0.25459564221530506,0.5483076031021235,1.0269382389163333,0.8629479128186184,1.0,1.0,0.1416201326306061,5.955105977898469,0.023172943764523314,0.05779734246351986,0.07643122498426358,-0.05267682304348945,57900518.25,42.29145888314929,33.93923877794845,13.637480388234867,2.1277794316353065,3.0,28.142071810218617,0.5499999999999989,1.0,12.923923006416132,-0.10999999999999943,20676.0,True,True,80.4647577092511,Pharmaceuticals,Healthcare,21.0,93,ROE >= 20%,1
INOXGREEN,-0.04044178988957077,-0.17520839765359686,0.19077334521952283,-0.4044204748662064,0.5755864465682016,0.0,0.0,-0.12285671158404546,1.6189757526214972,0.022410802467457313,0.04115677321156763,-0.09562281442180154,-0.03563242871505138,179003715.75,82.16923744801265,-22.971530249110327,-159.0924957107186,1.3688510747429337,5.0,170.4294277181769,54.379999999999995,1.0,6.033977738722906,-0.5099999999999998,20672.0,True,True,29.983480176211454,Diversified Commercial Services,Services,62.0,93,"Uptrend (price > 50 > 150 > 200-day, 200-day rising); Within 15% of 52-week high; ROE >= 20%; RS rating >= 80",4
INOXINDIA,0.1776304660866157,0.7882265521796565,0.8433191489361702,1.849036815969468,0.9268219705065186,0.0,1.0,0.7227527019098202,1.8293735983993396,0.03419633515545586,0.05641900121802679,0.06522311568058736,-0.04151382457593761,376849509.85,-5.015222896178074,9.1779047170367,-16.213310616971032,-0.4000977607038366,0.0,6.67389924494286,-2.34,1.0,23.097582811101162,-0.3199999999999985,20668.0,True,True,87.11563876651982,Other Industrial Products,Industrials,5.0,93,Quarterly profit growth >= 25%; Sales growth >= 20% or 2+ strong quarters; 3-year profit growth >= 15%/yr; Net profit margin up vs a year ago,4
INOXWIND,-0.15971866513135785,-0.5183978934238791,-0.0793482580474234,-1.3586238246821278,0.43157564344005017,0.0,0.0,0.030934349045979928,0.8907467867566452,0.02128837271005691,0.04830712565519191,-0.08052833176410157,-0.04003623262574846,724775144.335,-34.174263925882734,-1.4704992435703446,10.324433829674469,-0.4470390256425715,0.0,,-3.9099999999999993,1.0,7.035412096521466,-1.0100000000000051,20672.0,True,True,1.9625550660792952,Heavy Electrical Equipment,Industrials,32.0,93,"Uptrend (price > 50 > 150 > 200-day, 200-day rising); Within 15% of 52-week high; Quarterly profit growth >= 25%; Sales growth >= 20% or 2+ strong quarters; 3-year profit growth >= 15%/yr; ROE >= 20%; RS rating >= 80; Net profit margin up vs a year ago",8
INTELLECT,-0.11307918508286365,-0.32491132598027295,0.16063820900509573,-1.0758828996285754,0.4908806042101881,0.0,0.0,-0.02683069048223583,1.12717725994187,0.016070300504100375,0.03133925125434178,-0.11041251989359013,-0.03859315984205865,189516355.95000002,8.718779161471236,20.44777608345565,20.60039978558239,0.2558418970189497,0.0,7.876110499443212,-1.299999999999999,1.0,10.82018927444795,-1.8200000000000003,20647.0,True,True,6.541850220264317,Computers - Software & Consulting,Information Technology,80.0,93,"Uptrend (price > 50 > 150 > 200-day, 200-day rising); Within 15% of 52-week high; Quarterly profit growth >= 25%; 3-year profit growth >= 15%/yr; ROE >= 20%; RS rating >= 80; Net profit margin up vs a year ago",7
INTERARCH,-0.04453701990569747,-0.14353900462387514,0.03459459459459446,-0.4210294797490998,0.6033808730905669,0.0,0.0,-0.2862645947503002,1.9552654515138883,0.014277141352777394,0.02935133548576463,-0.03693158510811623,-0.012642882847136086,74112664.9,-0.3486048140178055,20.715917745620715,5.051251554021052,-0.020307783494226794,0.0,,-1.2999999999999998,1.0,15.32349602724177,0.5,20679.0,True,True,27.584801762114537,Civil Construction,Industrials,77.0,93,"Uptrend (price > 50 > 150 > 200-day, 200-day rising); Within 15% of 52-week high; Quarterly profit growth >= 25%; 3-year profit growth >= 15%/yr; ROE >= 20%; RS rating >= 80; Net profit margin up vs a year ago",7
IOB,-0.07074297896385809,-0.1836579812800404,0.028362014021670046,-0.9143366887944344,0.7267942583732058,0.0,0.0,-0.4791732098146682,5.740830770793919,0.010953325614203032,0.016829865361077,-0.08029135207464222,-0.023066249393777976,67654217.845,45.63423200598322,18.816675217157663,3.111978371285403,2.9779538716568306,13.0,39.06281010323076,3.6000000000000014,1.0,14.646805979832934,0.04999999999999982,20654.0,True,True,17.990088105726873,Public Sector Bank,Financial Services,58.0,93,"Uptrend (price > 50 > 150 > 200-day, 200-day rising); Within 15% of 52-week high; ROE >= 20%; RS rating >= 80",4
IOC,-0.03240898771404643,-0.06976902636778637,0.008345642540620313,-0.3900898480591635,0.6950677392040644,0.0,0.0,-0.24876546275846287,1.4770450067981558,0.012719119310274103,0.027411863245260015,-0.047299885101493744,-0.016427682160535393,1097519429.9,-100.0,38.50804809071824,-181.68307222227497,-0.7878789731628375,0.0,11.842612971461119,-3.97,0.0,19.896773840869542,-0.3399999999999963,20665.0,True,True,33.036343612334804,Refineries & Marketing,Energy,46.0,93,"Uptrend (price > 50 > 150 > 200-day, 200-day rising); Within 15% of 52-week high; Quarterly profit growth >= 25%; 3-year profit growth >= 15%/yr; ROE >= 20%; RS rating >= 80; Net profit margin up vs a year ago",7
IOLCP,0.29967877370319745,0.6628546486250546,1.617562182217947,1.610882541071568,0.9559441197954711,0.0,1.0,0.47793513357865086,1.0200957324597997,0.034794309571205,0.08383467023172897,0.1642803525257861,-0.03727564566990358,608229948.1800001,89.9067919461663,37.080606862549615,20.658750920668965,2.253685479809419,4.0,5.505168799378968,2.369999999999999,1.0,7.670928293496387,3.5599999999999996,20673.0,True,True,95.62004405286343,Pharmaceuticals,Healthcare,21.0,93,3-year profit growth >= 15%/yr; ROE >= 20%,2
IONEXCHANG,-0.001142327242715905,-0.12756615640204105,0.14749492742313097,-0.08596887803483885,0.8362139917695472,0.0,1.0,0.46007740138433256,0.48388386837542563,0.03213147389780715,0.07306940371456516,0.00639895397903989,-0.02774566969754694,107982551.35,-93.64047141113932,20.108369485073464,-31.9870126375464,-2.748148925598372,0.0,-18.188961956862205,-7.87,1.0,10.679611650485436,0.75,20670.0,True,True,44.920704845814974,Water Supply & Management,Utilities,42.0,93,Within 15% of 52-week high; Quarterly profit growth >= 25%; 3-year profit growth >= 15%/yr; ROE >= 20%; RS rating >= 80; Net profit margin up vs a year ago,6
IPCALAB,0.09511662069107704,0.474043310590329,0.2413190107419434,1.4625030599728606,0.9534838076545633,1.0,1.0,1.032576278762162,0.7743697099962525,0.01849694628532708,0.0199462010861291,0.031940666597984,-0.014900260976942739,410133573.6,82.15291001297138,20.757086861424522,-7.375425329393181,4.5212004177135805,4.0,42.4341997561331,5.130000000000001,1.0,14.684360659804044,-7.105427357601002e-15,20649.0,True,True,74.57709251101322,Pharmaceuticals,Healthcare,21.0,93,ROE >= 20%; RS rating >= 80,2
IRCON,-0.10521671248586477,-0.3192316487537159,0.03251539061822606,-0.9286213626646636,0.591343059429307,0.0,0.0,0.4696968905578758,25.92427947682847,0.024263776162104567,0.14267590514296868,-0.08040243757996934,-0.03576859810683815,163653876.64499998,-43.883966808498954,9.4917929999776,-34.185165102155224,-1.2195122955360265,0.0,-13.669574543200735,-4.4799999999999995,1.0,8.917005573128483,-0.16999999999999993,20677.0,True,True,7.850220264317181,Civil Construction,Industrials,77.0,93,"Uptrend (price > 50 > 150 > 200-day, 200-day rising); Within 15% of 52-week high; Quarterly profit growth >= 25%; Sales growth >= 20% or 2+ strong quarters; 3-year profit growth >= 15%/yr; ROE >= 20%; RS rating >= 80; Net profit margin up vs a year ago",8
IRCTC,-0.10015668012714735,-0.3272066531553568,-0.026592517694640994,-1.636424838066213,0.61719334012912,0.0,0.0,-0.7202530300229889,1.8794834897813555,0.012555428684151397,0.043216630196936556,-0.06081050336916893,-0.016360549966941872,327625137.125,-0.1654023651927794,18.09550910596025,0.375575168768405,-0.032656080750689924,0.0,10.920614921006177,-4.41,1.0,32.32768623810629,-0.9499999999999993,20677.0,True,True,9.26762114537445,"Tour, Travel Related Services",Consumer Discretionary,91.0,93,"Uptrend (price > 50 > 150 > 200-day, 200-day rising); Within 15% of 52-week high; Quarterly profit growth >= 25%; Sales growth >= 20% or 2+ strong quarters; 3-year profit growth >= 15%/yr; RS rating >= 80; Net profit margin up vs a year ago",7
IREDA,-0.07936363093855814,-0.2520303903589206,0.04789869700862548,-0.9015949830546233,0.6994328922495274,0.0,0.0,-0.019518206801705542,3.6315845992886975,0.015530417360961135,0.048903569134783,-0.03948828089170098,-0.01727858096540842,432773490.73,37.08622737488767,15.498562333127941,38.858558370069844,0.8808207913260747,1.0,29.796375002438523,2.370000000000001,1.0,13.594486760972071,0.29000000000000004,20668.0,True,True,15.700440528634362,Financial Institution,Financial Services,78.0,93,"Uptrend (price > 50 > 150 > 200-day, 200-day rising); Within 15% of 52-week high; Sales growth >= 20% or 2+ strong quarters; ROE >= 20%; RS rating >= 80",5
IRFC,-0.10864440132071077,-0.3431005653316347,-0.05422446406052972,-1.3500583576508312,0.5617846467886565,0.0,0.0,-0.5923653066592137,4.671532673135572,0.010643736901235941,0.0276131635354937,-0.08684348359849559,-0.015040931898649475,607168295.125,10.420000215968251,19.45995737038313,10.288922060805916,2.1908815141162545,0.0,5.124933929909492,-1.9100000000000001,1.0,12.35087842957585,1.1000000000000005,20679.0,True,True,7.3050660792951545,Financial Institution,Financial Services,78.0,93,"Uptrend (price > 50 > 150 > 200-day, 200-day rising); Within 15% of 52-week high; Quarterly profit growth >= 25%; Sales growth >= 20% or 2+ strong quarters; 3-year profit growth >= 15%/yr; ROE >= 20%; RS rating >= 80; Net profit margin up vs a year ago",8
ITC,-0.10146553316422414,-0.3351620947630922,-0.07334028501911705,-1.7080610784643149,0.600140712945591,0.0,0.0,-0.21004127628351463,1.1613312248167946,0.012562965679396595,0.02383720930232558,-0.05756270025411547,-0.016308566781379943,3558300279.25,-21.44786499343798,-11.07440454175176,-27.917116908978713,-4.109974360445372,0.0,-0.08209498407166782,-2.8999999999999986,1.0,28.98754603003848,-0.6199999999999903,20665.0,True,True,8.504405286343612,Diversified FMCG,Fast Moving Consumer Goods,,93,"Uptrend (price > 50 > 150 > 200-day, 200-day rising); Within 15% of 52-week high; Quarterly profit growth >= 25%; Sales growth >= 20% or 2+ strong quarters; 3-year profit growth >= 15%/yr; RS rating >= 80; Net profit margin up vs a year ago",7
ITCHOTELS,-0.07307832601404843,-0.292092004381161,0.17197359831725545,-1.0136127809062405,0.6670454067247401,0.0,0.0,-0.07663062462194062,1.3695634597639506,0.017013571634888387,0.028963908507743108,-0.021895810399214177,-0.024641484031415233,263459093.465,35.97805165154675,14.773033818083725,13.980949159683664,3.212165044366272,9.0,,3.030000000000001,1.0,7.04237433522045,-0.44999999999999574,20648.0,True,True,17.117841409691632,Hotels & Resorts,Consumer Discretionary,54.0,93,"Uptrend (price > 50 > 150 > 200-day, 200-day rising); Within 15% of 52-week high; 3-year profit growth >= 15%/yr; ROE >= 20%; RS rating >= 80",5
ITDC,0.09088644366357553,0.06376835505692124,0.7402159244264508,0.1750348453491498,0.8097323600973236,0.0,0.0,1.732906598884841,7.5414390623808005,0.032776911845008444,0.082521665771915,-0.024054075849883727,-0.027187503882355333,74797435.8,-3.5393088821405794,2.678062678062676,-16.817455656837524,-0.049289563637249956,0.0,9.858771041893988,-0.6799999999999997,1.0,19.38534278959811,0.010000000000000009,20675.0,True,True,73.05066079295153,Hotels & Resorts,Consumer Discretionary,54.0,93,"Uptrend (price > 50 > 150 > 200-day, 200-day rising); Within 15% of 52-week high; Quarterly profit growth >= 25%; Sales growth >= 20% or 2+ strong quarters; 3-year profit growth >= 15%/yr; ROE >= 20%; RS rating >= 80; Net profit margin up vs a year ago",8
IVALUE,,,0.09203899644226765,,0.6449411764705882,0.0,0.0,-0.19003456893381074,0.7933449056569407,0.021829106446159624,0.036516606466390655,-0.14314161608930576,-0.02076045421737997,57011204.05,51.660647382455195,-21.136463361123305,40.3071950516058,1.1273269192323183,1.0,,4.2,1.0,17.253521126760564,0.6999999999999993,20662.0,True,True,,IT Enabled Services,Information Technology,38.0,93,"Uptrend (price > 50 > 150 > 200-day, 200-day rising); Within 15% of 52-week high; Sales growth >= 20% or 2+ strong quarters; 3-year profit growth >= 15%/yr; ROE >= 20%; RS rating >= 80",6
IXIGO,-0.13333209441643654,-0.4291936645068395,-0.09357493997942157,-0.7779336513261252,0.4773698953265517,0.0,0.0,-0.1633756454235024,1.0586000199989247,0.027050370211689947,0.036632144227081165,-0.06113795415059353,-0.01673529976471495,121285282.41,80.90584449798864,12.877709223224176,-10.198325921701866,1.2198115559128182,3.0,,3.6099999999999994,1.0,3.4684904738641915,-0.009999999999990905,20671.0,True,True,3.4889867841409696,"Tour, Travel Related Services",Consumer Discretionary,91.0,93,"Uptrend (price > 50 > 150 > 200-day, 200-day rising); Within 15% of 52-week high; 3-year profit growth >= 15%/yr; ROE >= 20%; RS rating >= 80",5
IZMO,-0.04824767034812217,-0.250991130911023,0.4877415164799481,-0.5097041592902555,0.6226449407143377,0.0,0.0,-0.003977349288690424,0.6721230441025107,0.0272594682808088,0.03778409090909096,-0.08277378551512338,-0.028100262212418143,80243263.975,103.2856541565065,15.696336931516552,-47.82579366901501,0.47630707398384786,3.0,32.864233555077064,8.040000000000001,1.0,11.7359413202934,0.11000000000000032,20679.0,True,True,25.84030837004405,IT Enabled Services,Information Technology,38.0,93,"Uptrend (price > 50 > 150 > 200-day, 200-day rising); Within 15% of 52-week high; ROE >= 20%; RS rating >= 80",4
JAINREC,,,-0.3851040525739321,,0.4756292617223672,0.0,0.0,0.3262101673338583,0.9888510778961678,0.024249398681747653,0.06782768102658121,-0.056011120690231286,-0.031018703924218034,299823929.65,20.871859133647398,75.85670485718896,-1.1310232125833153,0.33740454414006216,4.0,,-1.1600000000000001,1.0,22.229340166559897,-2.1499999999999986,20668.0,True,True,,Diversified Metals,Commodities,,93,"Uptrend (price > 50 > 150 > 200-day, 200-day rising); Within 15% of 52-week high; Quarterly profit growth >= 25%; 3-year profit growth >= 15%/yr; RS rating >= 80; Net profit margin up vs a year ago",6
JAMNAAUTO,0.04459068745141459,0.14854590382056632,0.07978913509649743,0.5885589274943757,0.8627785058977719,0.0,0.0,0.4653791871483189,1.454712043476442,0.026871604466080595,0.06823620223851767,0.02049041827240572,-0.03577188600272798,214991005.19,6.116030487500201,6.65062006174455,-67.2594776753319,0.16649062050862323,0.0,11.052200624521724,-0.040000000000000036,1.0,20.13949433304272,-1.1600000000000001,20672.0,True,True,60.29405286343612,Auto Components & Equipments,Consumer Discretionary,20.0,93,"Uptrend (price > 50 > 150 > 200-day, 200-day rising); Quarterly profit growth >= 25%; Sales growth >= 20% or 2+ strong quarters; 3-year profit growth >= 15%/yr; RS rating >= 80; Net profit margin up vs a year ago",6
JandKBANK,0.05142223703627922,0.41236224245328224,0.3396963912371602,0.8355325438351764,0.6938289962825278,0.0,0.0,-0.6807331935360226,1.176032800359483,0.031414892259935885,0.037524231514815876,-0.07702046010510288,-0.02375977849141301,330437963.18,-11.483679453569762,8.503876798849962,-48.72947715687788,-0.5803695106644459,0.0,19.481245621956145,-2.7300000000000004,1.0,14.303030303030303,2.880000000000001,20663.0,True,True,62.801762114537446,Private Sector Bank,Financial Services,23.0,93,"Uptrend (price > 50 > 150 > 200-day, 200-day rising); Within 15% of 52-week high; Quarterly profit growth >= 25%; Sales growth >= 20% or 2+ strong quarters; ROE >= 20%; RS rating >= 80; Net profit margin up vs a year ago",7
JASH,0.08216737598038955,-0.10614197832242944,0.3272437291576047,0.30828015252583624,0.9304165321278657,1.0,1.0,1.7075691232541323,1.6879944465346142,0.02535305141535657,0.10505612587546764,0.12902151468727086,-0.06996230142431803,53736243.8,100.0,17.451610375362424,41.502444242894555,0.7898390194713621,2.0,17.80415822495145,7.449999999999999,1.0,14.64354527938343,-0.32000000000000006,20676.0,True,True,70.97907488986783,Industrial Products,Industrials,6.0,93,ROE >= 20%; RS rating >= 80,2
JAYNECOIND,0.05693527769150276,0.3466777870447595,0.35401816911250883,0.5476847900830286,0.7801709401709401,0.0,0.0,0.2090472588260641,1.1558179398752852,0.02762639853165203,0.05319390770629684,-0.006006646949415995,-0.01839741660130785,268517273.44,108.56505044862939,27.720617212841425,20.826734220196613,1.069777540457669,2.0,26.505366427290955,3.570000000000001,1.0,16.29707849348821,0.9000000000000001,20679.0,True,True,64.65528634361233,Iron & Steel Products,Industrials,10.0,93,"Uptrend (price > 50 > 150 > 200-day, 200-day rising); Within 15% of 52-week high; ROE >= 20%; RS rating >= 80",4
JBMA,-0.08065720880257643,-0.14563440269286254,0.20688985929160597,-0.6038257105334623,0.7375084631008801,0.0,0.0,0.911063708455382,0.7812069935767662,0.0177326049094937,0.026561853537443003,-0.12975884421620776,-0.03719937531996663,124087194.7,13.559318947940557,15.038919194819279,-2.847310699600868,1.4932551763296233,0.0,24.517526697918314,-0.040000000000000036,1.0,15.464587394411955,0.1200000000000001,20664.0,True,True,14.82819383259912,Auto Components & Equipments,Consumer Discretionary,20.0,93,"Uptrend (price > 50 > 150 > 200-day, 200-day rising); Within 15% of 52-week high; Quarterly profit growth >= 25%; Sales growth >= 20% or 2+ strong quarters; ROE >= 20%; RS rating >= 80; Net profit margin up vs a year ago",7
JGCHEM,0.19377294204882745,0.48553130929791255,1.0265329234751657,0.9392076770952398,0.8870639534883721,1.0,1.0,1.0773137380638367,2.092606946835132,0.03816589164180147,0.060969716494845505,0.03857693008027141,-0.038923085239575286,195800274.72499996,59.65172851398255,44.78693637906517,40.859138262509596,1.8193074427097815,1.0,,0.7699999999999996,1.0,13.068181818181818,-0.54,20673.0,True,True,88.96916299559471,Commodity Chemicals,Commodities,43.0,93,3-year profit growth >= 15%/yr; ROE >= 20%,2
JINDALSAW,0.07268429328926383,0.4253175041413584,0.6915137614678899,0.5138826502508917,0.8446875,0.0,0.0,0.8470117647927481,1.0232677868537028,0.02563129767472867,0.03537777777777773,-0.043436409577668145,-0.04687528019882083,347941746.2,-78.13565000040586,9.000215439153148,-120.6609895838418,-1.5364713782405186,0.0,-5.604386299355513,-8.129999999999999,1.0,7.356449817082869,2.1899999999999977,20648.0,True,True,68.0352422907489,Iron & Steel Products,Industrials,10.0,93,"Uptrend (price > 50 > 150 > 200-day, 200-day rising); Within 15% of 52-week high; Quarterly profit growth >= 25%; Sales growth >= 20% or 2+ strong quarters; 3-year profit growth >= 15%/yr; ROE >= 20%; RS rating >= 80; Net profit margin up vs a year ago",8
JINDALSTEL,0.020126284483327456,0.10198071533748143,0.0421345791034049,0.1617029834098841,0.8425202878579084,0.0,0.0,0.32523750926235573,1.81348781927195,0.014985055403844792,0.030061349693251582,-0.020740197613827283,-0.020746525080932464,863823093.9000001,-43.60683506295364,25.9274894098815,-197.5937838463483,-1.1490770697152561,0.0,-7.948894639453064,-6.72,1.0,6.603273148784848,0.030000000000001137,20658.0,True,True,52.44383259911894,Iron & Steel,Commodities,47.0,93,"Uptrend (price > 50 > 150 > 200-day, 200-day rising); Within 15% of 52-week high; Quarterly profit growth >= 25%; 3-year profit growth >= 15%/yr; ROE >= 20%; RS rating >= 80; Net profit margin up vs a year ago",7
JINDRILL,0.01594864096007268,0.02599783351387397,0.3332972387655657,-0.03962783641426598,0.8342561044860874,0.0,0.0,1.0309220891601782,7.904604819720159,0.028069566376511423,0.053951367781154946,-0.045298952290129146,-0.03511426171081195,146871186.05,-28.688912269974963,8.382856468180556,3.553162986981093,-0.3052674522229062,0.0,35.1750814128305,-8.899999999999999,1.0,11.593406593406593,-0.19,20672.0,True,True,51.02643171806167,Offshore Support Solution Drilling,Energy,,93,"Uptrend (price > 50 > 150 > 200-day, 200-day rising); Within 15% of 52-week high; Quarterly profit growth >= 25%; Sales growth >= 20% or 2+ strong quarters; ROE >= 20%; RS rating >= 80; Net profit margin up vs a year ago",7
JINDWORLD,0.22120709311667183,0.1419267299864313,1.3248618784530386,0.3801250397363303,0.7391514760445232,0.0,1.0,1.1484500772727584,0.33909300585461827,0.055591646579801916,0.1980592187111223,0.06982087154678074,-0.05851153191987896,286942696.7,85.76796413967271,2.744952769031306,67.26609047455364,3.2987654667112216,1.0,-1.1337011001323893,2.61,1.0,8.13953488372093,-0.07,20665.0,True,True,92.02202643171806,Other Textile Products,Consumer Discretionary,15.0,93,Within 15% of 52-week high; Sales growth >= 20% or 2+ strong quarters; 3-year profit growth >= 15%/yr; ROE >= 20%,4
JIOFIN,-0.08671659880918373,-0.2311328443357783,0.05243195002231138,-1.0942243032265155,0.6706643522171374,0.0,0.0,-0.06265684484658297,1.928638386040899,0.016157629388681028,0.01983632805550628,-0.11274227355095157,-0.028224360908451582,2637025920.8999996,174.4687466422887,227.2817816673742,188.34643161055854,25.383825153702965,1.0,78.22651596577879,-7.969999999999999,1.0,1.166204717115044,-2.030000000000001,20650.0,True,True,12.974669603524228,Investment Company,Financial Services,84.0,93,"Uptrend (price > 50 > 150 > 200-day, 200-day rising); Within 15% of 52-week high; ROE >= 20%; RS rating >= 80; Net profit margin up vs a year ago",5
JKCEMENT,-0.07400862904953305,-0.2385486168378439,-0.0002952755905512028,-0.7780346788183437,0.7320570626062533,0.0,0.0,-0.7795783662202929,7.4248007981353235,0.017163599831323706,0.05831578947368432,-0.05148999582441072,-0.028088507614102413,177494959.5,-15.308791889843542,20.259028256272103,-6.863913848277381,-0.46956233288172233,0.0,36.82133565003418,-2.8600000000000003,1.0,14.040073895125763,-0.03999999999999915,20652.0,True,True,16.89977973568282,Cement & Cement Products,Commodities,89.0,93,"Uptrend (price > 50 > 150 > 200-day, 200-day rising); Within 15% of 52-week high; Quarterly profit growth >= 25%; ROE >= 20%; RS rating >= 80; Net profit margin up vs a year ago",6
JKLAKSHMI,-0.1396370807791574,-0.39259430955554264,-0.060836842576829864,-1.6219715979530336,0.5385615006497543,0.0,0.0,-0.5147480473523577,2.232561567512372,0.012813256330703068,0.03879310344827602,-0.11015849484971085,-0.02615451162766313,59244350.1,-27.948434625563877,9.411636309328909,0.6927133131778973,-0.5514732455259804,0.0,4.873938569431191,-2.9399999999999995,1.0,10.62789500772002,0.25,20641.0,True,True,2.725770925110132,Cement & Cement Products,Commodities,89.0,93,"Uptrend (price > 50 > 150 > 200-day, 200-day rising); Within 15% of 52-week high; Quarterly profit growth >= 25%; Sales growth >= 20% or 2+ strong quarters; 3-year profit growth >= 15%/yr; ROE >= 20%; RS rating >= 80; Net profit margin up vs a year ago",8
JKPAPER,0.02492900142079585,0.04794878494904631,0.3089099216710185,-0.0007328824574043349,0.8601618705035972,0.0,0.0,0.6676172555106807,0.5645081511607992,0.019380307115831313,0.037925889082317754,-0.03931139769394543,-0.034100126018384254,138417110.975,62.75621975981389,13.613760053942126,26.527711396840353,0.6080198600493542,2.0,-35.91833593927112,2.1799999999999997,1.0,4.963768115942029,-0.08000000000000185,20661.0,True,True,54.95154185022026,Paper & Paper Products,Commodities,,93,"Uptrend (price > 50 > 150 > 200-day, 200-day rising); 3-year profit growth >= 15%/yr; ROE >= 20%; RS rating >= 80",4
JKTYRE,-0.03509164950494427,-0.003464357095269821,-0.01824625886059328,-0.24921220986502957,0.5562183363294656,0.0,0.0,-0.12605655485205017,1.6777539508971147,0.016052859532525825,0.036439665471923455,-0.08961543708355957,-0.018140004857187166,165927444.375,-76.48167263029814,1.9979632664243852,-184.8032028199396,-0.9694479728217639,0.0,21.658568453535707,-3.0700000000000003,1.0,12.803167794093383,-3.030000000000001,20649.0,True,True,31.61894273127753,Tyres & Rubber Products,Consumer Discretionary,83.0,93,"Uptrend (price > 50 > 150 > 200-day, 200-day rising); Within 15% of 52-week high; Quarterly profit growth >= 25%; Sales growth >= 20% or 2+ strong quarters; ROE >= 20%; RS rating >= 80; Net profit margin up vs a year ago",7
JMFINANCIL,-0.06621242041160898,-0.2510511562718991,0.12886189595986264,-0.7007083694143501,0.6761643835616439,0.0,0.0,0.26596335162576007,0.858881539637784,0.017027257804140924,0.039724862817837714,-0.025639729895331254,-0.020142874430055826,271725677.69,-19.661307764786507,8.025446757967858,11.441800090013444,-0.663995404352726,0.0,17.933450750593938,-10.580000000000002,1.0,11.268530681178458,-0.5899999999999999,20647.0,True,True,19.516519823788546,Holding Company,Financial Services,69.0,93,"Uptrend (price > 50 > 150 > 200-day, 200-day rising); Within 15% of 52-week high; Quarterly profit growth >= 25%; Sales growth >= 20% or 2+ strong quarters; ROE >= 20%; RS rating >= 80; Net profit margin up vs a year ago",7
JNKINDIA,0.1590437893482838,0.48483281627025154,1.0509951433196836,0.863970261889787,0.7754480286738351,0.0,0.0,0.13062283888346948,3.1170401344043666,0.03297544581556792,0.07559523809523805,-0.005611961152911071,-0.027592115566732953,58904733.925,300.0,81.59434914228055,150.36737060409422,0.5936527860330655,4.0,,4.21,1.0,11.443661971830986,-1.9000000000000004,20676.0,True,True,84.93502202643171,Industrial Products,Industrials,6.0,93,"Uptrend (price > 50 > 150 > 200-day, 200-day rising); Within 15% of 52-week high; 3-year profit growth >= 15%/yr; ROE >= 20%",4
JSFB,0.021521846651623232,0.12460199533007832,0.4710537276134943,0.05613833584785316,0.7947936403328115,0.0,0.0,0.33468668008705127,2.9579320492357217,0.0294587762441112,0.03673385858999301,-0.10919227154124156,-0.039668421979603824,305765505.05,52.22313023067038,22.07552492644984,38.97293103132277,0.643948538979928,1.0,8.036441219151037,2.0299999999999994,1.0,7.293064876957494,0.7200000000000024,20679.0,True,True,53.20704845814978,Other Bank,Financial Services,28.0,93,"Uptrend (price > 50 > 150 > 200-day, 200-day rising); Within 15% of 52-week high; 3-year profit growth >= 15%/yr; ROE >= 20%; RS rating >= 80",5
JSL,-0.006135420747623833,-0.08186878478954285,0.03242140797524429,-0.26146740017081327,0.8288461538461539,0.0,0.0,0.44206604315290526,2.3811821820021475,0.017253797414103468,0.060304568527918656,-0.0005033632577560176,-0.016229699148566715,376918171.75,7.6552334934173905,10.496573966850665,-38.156580380949464,0.40092856054054343,0.0,12.367024281547344,-0.17999999999999972,1.0,16.09317366479713,-0.22000000000000597,20668.0,True,True,42.84911894273127,Iron & Steel,Commodities,47.0,93,"Uptrend (price > 50 > 150 > 200-day, 200-day rising); Within 15% of 52-week high; Quarterly profit growth >= 25%; Sales growth >= 20% or 2+ strong quarters; 3-year profit growth >= 15%/yr; ROE >= 20%; RS rating >= 80; Net profit margin up vs a year ago",8
JSLL,-0.12621627857199763,-0.38128302814305026,-0.06716694459885131,-0.7540041519030884,0.5730631704410012,0.0,0.0,-0.3258494701992349,2.162672993679798,0.024002802592405562,0.04004075394803874,-0.08578556271343696,-0.022922611705666587,241834501.85000002,28.48835397406646,28.750932354122448,-49.354110563191654,1.0427556029862906,13.0,,-0.060000000000002274,1.0,47.53747323340471,-1.4899999999999993,20672.0,True,True,4.579295154185022,Wellness,Consumer Discretionary,,93,"Uptrend (price > 50 > 150 > 200-day, 200-day rising); Within 15% of 52-week high; 3-year profit growth >= 15%/yr; RS rating >= 80; Net profit margin up vs a year ago",5
JSWCEMENT,-0.07748217798208107,-0.14811526905217154,0.13213540248661415,-0.8153304605502537,0.7581521739130435,0.0,0.0,-0.479851096128677,1.6513203169256656,0.012196730225106102,0.012682090831191095,-0.10505499581396682,-0.02278026999081741,151633493.99,300.0,21.57877190957933,0.0,0.9555406005067066,6.0,,5.83,1.0,-12.198473282442748,3.5200000000000014,20647.0,True,True,16.02753303964758,Cement & Cement Products,Commodities,89.0,93,"Uptrend (price > 50 > 150 > 200-day, 200-day rising); Within 15% of 52-week high; 3-year profit growth >= 15%/yr; ROE >= 20%; RS rating >= 80",5
JSWENERGY,-0.038156959190101605,-0.03204708960104641,0.09838846480067853,-0.31170546005576194,0.7856159390945169,0.0,0.0,-0.678172756821993,1.0314124115827052,0.016232544876487554,0.04208494208494207,-0.09665258562243417,-0.027050021958598822,877876389.9,-36.26574387549856,1.239654156710479,-74.60156502480442,-1.7173456886749894,0.0,27.30299240111109,-6.02,1.0,8.981821729374655,3.539999999999999,20656.0,True,True,30.746696035242294,Power Generation,Utilities,73.0,93,"Uptrend (price > 50 > 150 > 200-day, 200-day rising); Within 15% of 52-week high; Quarterly profit growth >= 25%; Sales growth >= 20% or 2+ strong quarters; ROE >= 20%; RS rating >= 80; Net profit margin up vs a year ago",7
JSWINFRA,0.04461937804177253,-0.02319474835886215,0.39036544850498345,0.13038752628429523,0.9519307589880159,1.0,1.0,0.6700252846554106,1.0828860242245122,0.02211752196244342,0.0661258227460586,0.05891972117632083,-0.03853965978342785,863093368.6500001,-8.203288574547862,18.056134330187533,-2.0094487789386495,-0.41541604124624865,0.0,21.607250014425606,-7.079999999999998,1.0,14.222671692562288,11.049999999999999,20655.0,True,True,60.51211453744494,Port & Port services,Services,27.0,93,Quarterly profit growth >= 25%; Sales growth >= 20% or 2+ strong quarters; ROE >= 20%; RS rating >= 80; Net profit margin up vs a year ago,5
JSWSTEEL,0.015714470264823997,0.1430684883822122,0.1701559020044543,0.3053165267368825,0.9126572908956329,0.0,0.0,0.041543318443925156,1.9943411322362867,0.013013441981051114,0.024309392265193353,-0.04066252639539636,-0.016540538021972334,1818300858.5,112.47188028715782,9.773564790136046,-40.76709530486396,1.4464973358085467,5.0,35.872702964503866,4.79,1.0,25.49448792140166,0.8700000000000045,20638.0,True,True,50.808370044052865,Iron & Steel,Commodities,47.0,93,"Uptrend (price > 50 > 150 > 200-day, 200-day rising); RS rating >= 80",2
JTLIND,0.12281116787631062,0.20589444825222758,1.1561274509803923,0.3026501267693722,0.917340425531915,0.0,1.0,0.5831740730373386,1.8264087854759832,0.02657078114510213,0.050358076617028624,0.049215673868287624,-0.027205374652160295,209523986.70499998,113.86411605540903,32.68304343029455,-11.574911646458034,1.6858408202890895,2.0,5.36046085388886,1.8600000000000003,1.0,6.9313593539703895,1.5799999999999996,20670.0,True,True,79.81057268722468,Iron & Steel Products,Industrials,10.0,93,3-year profit growth >= 15%/yr; ROE >= 20%; RS rating >= 80,3
JUBLFOOD,-0.056531466190851525,-0.2315989847715736,0.11587191891269288,-0.9095032034300429,0.6982677165354331,0.0,0.0,0.6959362567682731,1.070150479384696,0.0200993865907247,0.041232819658475695,-0.07179655723188538,-0.03214052449648208,643141936.675,6.257085953503161,13.658077014941217,-60.85970826193558,0.23343772960613904,0.0,13.527721517553992,-0.28000000000000025,1.0,19.3717277486911,-0.759999999999998,20668.0,True,True,23.33259911894273,Restaurants,Consumer Discretionary,67.0,93,"Uptrend (price > 50 > 150 > 200-day, 200-day rising); Within 15% of 52-week high; Quarterly profit growth >= 25%; Sales growth >= 20% or 2+ strong quarters; 3-year profit growth >= 15%/yr; ROE >= 20%; RS rating >= 80; Net profit margin up vs a year ago",8
JUBLINGREA,-0.006905121617513709,0.046099290780141855,0.2750597756115505,-0.10263034128901158,0.8025157232704403,0.0,0.0,-0.3433556951954435,1.6013750345669302,0.019550753622033047,0.0378076424870466,-0.08117356314555468,-0.02222438438669742,173339850.8,40.85634746940012,25.282549837648283,24.120017375037147,1.5312428907337103,1.0,3.6174768969796434,0.9000000000000004,1.0,8.893154190658988,0.21999999999999886,20656.0,True,True,42.41299559471366,Specialty Chemicals,Commodities,39.0,93,"Uptrend (price > 50 > 150 > 200-day, 200-day rising); Within 15% of 52-week high; 3-year profit growth >= 15%/yr; ROE >= 20%; RS rating >= 80",5
JUBLPHARMA,0.0007396601997637531,-0.15986300101823558,0.11164186416804456,-0.25280129058325435,0.8434334908845375,0.0,0.0,0.5032039305798901,3.5690674960007422,0.020738501247635866,0.052662780357672245,0.043980267487949254,-0.025732109963053612,181258829.9,-44.94380695404379,17.293628663124117,-28.742049646417556,-0.7105564515859777,0.0,98.21992147465366,-2.86,1.0,5.611165938248978,0.7399999999999984,20669.0,True,True,45.79295154185022,Pharmaceuticals,Healthcare,21.0,93,"Uptrend (price > 50 > 150 > 200-day, 200-day rising); Within 15% of 52-week high; Quarterly profit growth >= 25%; Sales growth >= 20% or 2+ strong quarters; ROE >= 20%; RS rating >= 80; Net profit margin up vs a year ago",7
JUSTDIAL,0.010427724050713936,-0.14378450524783115,0.43804768697778673,-0.5227513692659742,0.7433985886637833,0.0,0.0,0.27936114936813244,0.44594073928650346,0.03958563984286852,0.02047832585949183,-0.04787796977816128,-0.016402877589735923,111201047.375,100.11898106337527,16.23016384982583,-5.017620325888302,1.076885123855407,8.0,-12.372187575961114,7.6,1.0,9.02311707680835,-1.0500000000000025,19830.0,True,True,49.17290748898678,Internet & Catalogue Retail,Consumer Discretionary,66.0,93,"Uptrend (price > 50 > 150 > 200-day, 200-day rising); Within 15% of 52-week high; 3-year profit growth >= 15%/yr; ROE >= 20%; RS rating >= 80",5
JWL,-0.08879533394060327,-0.25951726245035134,0.017891642167156663,-0.7021923733815937,0.6250662944870901,0.0,0.0,0.8878651585966785,17.218401113673984,0.016388426587942123,0.0605040487671733,-0.08403797194971108,-0.025865919564982024,149475877.725,-15.75621878883079,46.02255409935996,53.44082383791158,-0.1332170634400083,0.0,0.3101873644846487,-2.86,1.0,5.574210879785091,-0.7100000000000009,20679.0,True,True,12.429515418502204,Railway Wagons,Industrials,60.0,93,"Uptrend (price > 50 > 150 > 200-day, 200-day rising); Within 15% of 52-week high; Quarterly profit growth >= 25%; 3-year profit growth >= 15%/yr; ROE >= 20%; RS rating >= 80; Net profit margin up vs a year ago",7
JYOTHYLAB,-0.1075612906765038,-0.35766034185353623,0.03832699619771862,-1.485365283465214,0.5628,0.0,0.0,-0.6135727161515295,0.5125225865617548,0.018250669243583855,0.016595567578815862,-0.08716339430888231,-0.022632020890794552,100725418.91999999,1.5681851035417083,1.0560766072213346,5.415782730039565,0.06415075345862041,0.0,32.900523460404905,0.0600000000000005,1.0,18.048780487804876,-1.4799999999999969,20220.0,True,True,7.41409691629956,Household Products,Fast Moving Consumer Goods,,93,"Uptrend (price > 50 > 150 > 200-day, 200-day rising); Within 15% of 52-week high; Quarterly profit growth >= 25%; Sales growth >= 20% or 2+ strong quarters; ROE >= 20%; RS rating >= 80",6
JYOTICNC,0.1146222990945463,0.09869480699805622,0.37022927200942024,0.31918888768346604,0.9096597919971796,1.0,0.0,0.653280902689894,0.9261364858073547,0.02957242480977972,0.07450426411343058,0.09180075720471081,-0.04668234095439462,806585484.375,-19.967021141134012,23.96567276982715,-3.097991067197892,-0.5127217520248945,0.0,,-6.17,1.0,16.79160419790105,-3.75,20672.0,True,True,78.06607929515418,Industrial Products,Industrials,6.0,93,"Uptrend (price > 50 > 150 > 200-day, 200-day rising); Quarterly profit growth >= 25%; 3-year profit growth >= 15%/yr; ROE >= 20%; RS rating >= 80; Net profit margin up vs a year ago",6
KAJARIACER,0.01842468474042353,0.013106916165196658,0.3357243777850234,0.03400761874125121,0.9469006028752511,0.0,1.0,0.8189787619046156,10.24266925432516,0.013697764887339047,0.03746325073498524,0.0062059358840418355,-0.013958380651752046,221629877.70000002,51.929192420120195,20.434553929303355,-63.951644016430926,1.3975872047972602,4.0,16.246317356287697,2.67,1.0,15.88388780169602,0.11999999999999744,20665.0,True,True,51.78964757709251,Ceramics,Consumer Discretionary,34.0,93,ROE >= 20%; RS rating >= 80,2
KALYANKJIL,0.11470245489229422,0.19599248591108331,0.524341580207502,0.2161140160183171,0.8143924801602588,0.0,0.0,0.20154514959455885,0.7003632802450976,0.036233647507394814,0.03654822335025387,-0.11082322459074312,-0.03952551686844768,5011626828.7,32.03763914792908,45.682866293915666,-86.1261285600655,0.9662913528127786,7.0,44.078490821512005,-0.33999999999999986,1.0,21.398002853067048,-2.030000000000001,20669.0,True,True,78.284140969163,"Gems, Jewellery And Watches",Consumer Discretionary,12.0,93,"Uptrend (price > 50 > 150 > 200-day, 200-day rising); Within 15% of 52-week high; RS rating >= 80; Net profit margin up vs a year ago",4
KARURVYSYA,0.11541088978873024,0.6373828253803762,0.20110573600552883,1.4504982804770532,0.9070124076397603,0.0,0.0,0.28455370425666543,1.6690594645270418,0.022035407771194365,0.03190013869625519,-0.03282392816792523,-0.016704722138366327,540792571.2,44.922055178052304,18.721457631737735,3.6572133774566637,4.0501592918443015,4.0,30.46132749308064,4.48,1.0,17.791324071448823,0.6300000000000026,20679.0,True,True,78.61123348017621,Private Sector Bank,Financial Services,23.0,93,"Uptrend (price > 50 > 150 > 200-day, 200-day rising); ROE >= 20%; RS rating >= 80",3
KAYNES,-0.11989052758438608,-0.5169707539576067,0.04983088406811298,-1.006376912153225,0.44114211550940946,0.0,0.0,0.04944663211583034,1.1328991976367733,0.03022317246589673,0.04003419290497212,-0.06537687392074265,-0.025952446457262263,3774877722.0,-24.44058920235246,40.46950866408303,-2.9555619178805017,-0.7565595134755497,0.0,46.79377356219767,-5.12,1.0,7.6663858466722825,-4.809999999999999,20672.0,True,True,5.669603524229075,Industrial Products,Industrials,6.0,93,"Uptrend (price > 50 > 150 > 200-day, 200-day rising); Within 15% of 52-week high; Quarterly profit growth >= 25%; ROE >= 20%; RS rating >= 80; Net profit margin up vs a year ago",6
KDDL,0.1520384787833845,0.46013933345885905,0.9138203356367227,1.0652564312853787,0.9159718969555035,1.0,1.0,0.9823542846166476,0.8919330453106833,0.022480695474823065,0.07017190606830925,0.02919815590594288,-0.032336083747228524,104655543.19999999,50.592424318912265,36.301075268817186,41.07022798377264,2.7050659937865182,1.0,18.3044207378223,0.6699999999999999,1.0,12.5,0.10000000000000142,20669.0,True,True,83.95374449339208,"Gems, Jewellery And Watches",Consumer Discretionary,12.0,93,ROE >= 20%,1
KEC,-0.20312181436358584,-0.5276660814407883,-0.18443184040680616,-1.5923593414119945,0.41696528555431134,0.0,0.0,-0.13687735865803724,1.1798603330313437,0.01805144053181769,0.051500508646999066,-0.13023877264042072,-0.03213676863227365,320360011.725,-41.52457547809612,0.013139871945977433,-13.525068141353707,-0.9555863852255508,0.0,47.39434503672408,-1.03,1.0,9.839259620068193,-3.440000000000005,20664.0,True,True,0.2180616740088106,Civil Construction,Industrials,77.0,93,"Uptrend (price > 50 > 150 > 200-day, 200-day rising); Within 15% of 52-week high; Quarterly profit growth >= 25%; Sales growth >= 20% or 2+ strong quarters; ROE >= 20%; RS rating >= 80; Net profit margin up vs a year ago",7
KEI,0.0017609174805724489,0.3110092417816781,0.3244180287270926,0.29489034650921736,0.7631802000339041,0.0,0.0,-0.17262661110808233,1.182744269186356,0.02516756720202351,0.032240437158469915,-0.1183926939780856,-0.018022625575868884,1750412697.8000002,40.05019971792414,22.97090706939684,14.489202793981669,3.765525238207351,6.0,26.280266772358573,1.0499999999999998,1.0,13.77344336084021,0.12000000000000455,20668.0,True,True,46.44713656387665,Cables - Electricals,Industrials,2.0,93,"Uptrend (price > 50 > 150 > 200-day, 200-day rising); Within 15% of 52-week high; ROE >= 20%; RS rating >= 80",4
KERNEX,0.19343024478466425,0.47366997294860225,0.9070011668611435,0.7656029734054091,0.637015503875969,0.0,0.0,-0.1236734306300305,0.6854999163052775,0.041195313987686666,0.06282171268132908,-0.15383300519799337,-0.02349288404924384,344387295.8,300.0,300.0,190.18612605414307,5.9430736136021896,2.0,19.499372733783147,8.559999999999999,1.0,35.483870967741936,2.21,20678.0,True,True,88.86013215859032,Transport Related Services,Services,,93,"Uptrend (price > 50 > 150 > 200-day, 200-day rising); Within 15% of 52-week high",2
KFINTECH,-0.054245041774002224,-0.11614971245403982,0.0695339683988363,-0.6406648484774218,0.6847736625514403,0.0,0.0,0.4216231722089169,1.4342803033987526,0.02268212508716161,0.03678929765886285,-0.09984961429854267,-0.03343726916870878,554330607.0,-2.670585543303916,30.095599503758308,-1.5971198552954258,-0.19411253387651511,0.0,20.210299768263674,-7.100000000000001,1.0,20.54958183990442,-3.440000000000005,20635.0,True,True,24.53193832599119,"Depositories, Clearing Houses and Other Intermediaries",Financial Services,86.0,93,"Uptrend (price > 50 > 150 > 200-day, 200-day rising); Within 15% of 52-week high; Quarterly profit growth >= 25%; RS rating >= 80; Net profit margin up vs a year ago",5
KIMS,-0.009156381057285574,0.04398100351022083,0.2202735317779565,0.04252791269665664,0.8581002331002331,0.0,0.0,0.017379667954118386,3.934440843494446,0.013391830530078237,0.03287027978869106,-0.061485001606151335,-0.027304643900554947,373823736.65,-56.001753333097994,35.32583754015604,6.2365589256057845,-1.3873983482230616,0.0,-18.12406473384326,-6.58,1.0,10.76991544281264,2.1000000000000014,20668.0,True,True,41.431718061674005,Hospital,Healthcare,50.0,93,"Uptrend (price > 50 > 150 > 200-day, 200-day rising); Quarterly profit growth >= 25%; 3-year profit growth >= 15%/yr; ROE >= 20%; RS rating >= 80; Net profit margin up vs a year ago",6
KINGFA,0.15582918193123413,0.41456319789809504,0.4256667297143937,1.516000813429021,0.9937386843693422,1.0,1.0,0.8158674607180133,1.2483751129254275,0.02033845357139859,0.040150995195607386,0.1306869096789478,-0.03930428091148911,73939512.75,101.694800533026,49.06371095187583,60.405337240960755,7.879874538348084,3.0,25.567179285006137,3.040000000000001,1.0,13.214285714285715,-0.0799999999999983,20679.0,True,True,84.6079295154185,Plastic Products - Industrial,Industrials,35.0,93,ROE >= 20%,1
KIRIINDUS,0.11418611444764813,-0.12186196919411096,0.5251256281407035,-0.1443726376253628,0.6991014120667522,0.0,0.0,1.0086382521762909,0.5710931828569771,0.03238810454384253,0.10560488876157748,0.11943826645344036,-0.02777046837916611,329602808.175,300.0,54.54185632297646,200.0,1.174626332188636,2.0,151.4227214118618,88.04,1.0,86.49782473586079,-1.5600000000000023,20677.0,True,True,77.95704845814977,Dyes And Pigments,Commodities,,93,"Uptrend (price > 50 > 150 > 200-day, 200-day rising); Within 15% of 52-week high; RS rating >= 80",3
KIRLOSBROS,-0.012827659373327839,-0.04833257656021395,0.40863266372937046,-0.2801572384384326,0.8074182349716792,0.0,0.0,-0.18588143660595807,7.330918962344083,0.019127812619553656,0.06696299717139054,-0.04928997946474978,-0.019172954142979395,72402144.0,-0.18734464210855561,12.860061287027591,6.063751864499611,-0.004919151626567364,0.0,12.984257354477236,-0.7999999999999998,1.0,15.300324675324676,0.019999999999999574,20644.0,True,True,40.341409691629956,"Compressors, Pumps & Diesel Engines",Industrials,52.0,93,"Uptrend (price > 50 > 150 > 200-day, 200-day rising); Within 15% of 52-week high; Quarterly profit growth >= 25%; Sales growth >= 20% or 2+ strong quarters; 3-year profit growth >= 15%/yr; ROE >= 20%; RS rating >= 80; Net profit margin up vs a year ago",8
KIRLOSENG,0.20818583371967567,1.1976361767728676,0.6090751749567311,2.683895265352598,0.8245220588235294,0.0,1.0,0.1755021147749406,9.979624345169128,0.03047118356776148,0.12180085933121632,0.03792280301634898,-0.04121382255609248,834841603.65,-17.3368795060035,13.494230299865473,-62.81006287815821,-0.6027708756772646,0.0,14.172094730635942,-2.0700000000000003,1.0,15.52486187845304,-0.15000000000000568,20649.0,True,True,90.93171806167402,"Compressors, Pumps & Diesel Engines",Industrials,52.0,93,Within 15% of 52-week high; Quarterly profit growth >= 25%; Sales growth >= 20% or 2+ strong quarters; 3-year profit growth >= 15%/yr; ROE >= 20%; Net profit margin up vs a year ago,6
KIRLPNU,0.018285907993737,0.1958329968505208,0.42384615384615376,0.28061884134164927,0.6207728369213964,0.0,0.0,-0.24274648376309985,0.5009231990811539,0.01876558043751499,0.02261504329778874,-0.0630444220950872,-0.020833821461882396,115603795.32499999,31.20091743336866,7.596734114306014,-42.06698729849805,0.2846928129794937,2.0,81.03316025640453,1.9699999999999989,1.0,20.336269015212167,0.269999999999996,20637.0,True,True,51.6806167400881,"Compressors, Pumps & Diesel Engines",Industrials,52.0,93,"Uptrend (price > 50 > 150 > 200-day, 200-day rising); Within 15% of 52-week high; RS rating >= 80",3
KMEW,0.29222084736181386,1.3829234640045454,1.0024553266948573,2.332937141548816,0.9291653543307087,0.0,1.0,0.5296941819501683,5.503636807670172,0.02950889824648484,0.06735329990513628,0.06522955821553023,-0.03378270145869314,202697997.60000002,300.0,138.10604497627398,176.14536886733654,4.525208029834792,3.0,24.410799630058456,31.49,1.0,13.859649122807017,2.879999999999999,20679.0,True,True,95.40198237885463,Dredging,Services,,93,ROE >= 20%,1
KNRCON,-0.1237400874225486,-0.4325666618448334,0.04104741684359525,-1.14182396294739,0.5445325642874309,0.0,0.0,0.12836355249825568,1.1930691759962524,0.02150539761841413,0.04519158212459118,-0.09203695006483736,-0.026669521521557223,141732294.62,-77.32128527646856,-4.044261652957304,-107.90229609775342,-0.34567419971809116,0.0,-8.756455003835494,-15.38,1.0,8.789219629927594,-2.8900000000000006,20678.0,True,True,4.906387665198237,Civil Construction,Industrials,77.0,93,"Uptrend (price > 50 > 150 > 200-day, 200-day rising); Within 15% of 52-week high; Quarterly profit growth >= 25%; Sales growth >= 20% or 2+ strong quarters; 3-year profit growth >= 15%/yr; ROE >= 20%; RS rating >= 80; Net profit margin up vs a year ago",8
KOTAKBANK,0.022688856728974874,0.0461280953084231,0.2026032823995474,0.1402640212036755,0.9231023830538394,0.0,0.0,0.49939252653348787,5.579917264124787,0.012234458982166857,0.027093596059113212,0.033580559247748054,-0.013356909581466379,4514897638.0,22.541996609853364,6.413729808891411,18.02010580121256,2.3942617128042163,1.0,7.067121702360635,3.9299999999999997,1.0,10.643064460949311,0.3300000000000054,20647.0,True,True,53.7522026431718,Private Sector Bank,Financial Services,23.0,93,"Uptrend (price > 50 > 150 > 200-day, 200-day rising); Quarterly profit growth >= 25%; Sales growth >= 20% or 2+ strong quarters; 3-year profit growth >= 15%/yr; ROE >= 20%; RS rating >= 80",6
KPEL,-0.16180299638250362,-0.4231686948222382,-0.032419451671002575,-1.1013310527295552,0.47058823529411764,0.0,0.0,-0.8752368760892894,1.0201998420712988,0.02470121888684116,0.07119144227222418,-0.14975537916229842,-0.03177787417742121,69247269.80000001,2.573130220623021,136.61291791928582,-69.26094031098984,0.0717580955934435,0.0,54.697699642807976,-6.5600000000000005,1.0,34.541984732824424,-0.10000000000000009,20676.0,True,True,1.6354625550660793,Power Generation,Utilities,73.0,93,"Uptrend (price > 50 > 150 > 200-day, 200-day rising); Within 15% of 52-week high; Quarterly profit growth >= 25%; RS rating >= 80; Net profit margin up vs a year ago",5
KPIGREEN,-0.08013277224387458,-0.3383490971625107,-0.12357630979498857,-0.5650173866915538,0.637344398340249,0.0,0.0,0.28268754702395626,5.000497269586093,0.029123015198429268,0.12989980664440148,0.037516924194618495,-0.10255335431174961,286393747.70000005,-14.970835754208512,15.076126977808734,-64.20139680949696,-1.7658970426050609,0.0,59.44399397700275,-4.82,1.0,16.776532630191166,-0.05000000000000071,20676.0,True,True,15.264317180616741,Power Generation,Utilities,73.0,93,"Uptrend (price > 50 > 150 > 200-day, 200-day rising); Within 15% of 52-week high; Quarterly profit growth >= 25%; Sales growth >= 20% or 2+ strong quarters; ROE >= 20%; RS rating >= 80; Net profit margin up vs a year ago",7
KPIL,0.020295764292289672,0.11689135606661383,0.331694402420575,0.2564318421359601,0.916734252500676,0.0,0.0,0.7297595944568404,0.8224888883986574,0.015819279793997013,0.033016508254127164,-0.009464275281883316,-0.020362427173299218,186170133.75,45.85224894491438,3.8371978085192993,-31.53085975509444,1.4216892733516764,2.0,38.47669090236858,1.4000000000000004,1.0,13.258744855967079,-0.4299999999999997,20676.0,True,True,52.55286343612335,Civil Construction,Industrials,77.0,93,"Uptrend (price > 50 > 150 > 200-day, 200-day rising); ROE >= 20%; RS rating >= 80",3
KPITTECH,-0.17177543011931304,-0.5244236659680799,-0.07050019692792442,-1.5234614001297808,0.38290917581134715,0.0,0.0,0.47752664060400624,1.1162687694660016,0.022836423293611893,0.021021611001964757,-0.14789406868458732,-0.04497760627857359,824536815.325,-32.27126538167799,8.853232472900263,1.1591807690190237,-0.9408224211926887,0.0,12.68921582457705,-4.22,1.0,17.989268568201073,-1.0799999999999983,20663.0,True,True,0.9812775330396476,Computers - Software & Consulting,Information Technology,80.0,93,"Uptrend (price > 50 > 150 > 200-day, 200-day rising); Within 15% of 52-week high; Quarterly profit growth >= 25%; Sales growth >= 20% or 2+ strong quarters; 3-year profit growth >= 15%/yr; ROE >= 20%; RS rating >= 80; Net profit margin up vs a year ago",8
KPRMILL,-0.005735298146240235,0.05060306520359115,0.3967086623666285,-0.06888693986755172,0.802848575712144,0.0,0.0,0.6020104752967533,0.6445039973522289,0.017617951952040148,0.041993792222019266,-0.034178014248354316,-0.017836099969549792,199651853.7,21.596350903861516,9.582340185815298,10.499767515103574,4.692007424883699,1.0,4.9101140722172865,1.3200000000000003,1.0,15.200982973494822,0.16000000000000014,20675.0,True,True,43.17621145374449,Other Textile Products,Consumer Discretionary,15.0,93,"Uptrend (price > 50 > 150 > 200-day, 200-day rising); Within 15% of 52-week high; Quarterly profit growth >= 25%; Sales growth >= 20% or 2+ strong quarters; 3-year profit growth >= 15%/yr; ROE >= 20%; RS rating >= 80",7
KRBL,0.026445685043572205,0.15542841574717348,0.5028348688873141,0.061094875798848106,0.8301678445229681,0.0,0.0,0.8133121871742931,0.6891994366870942,0.023281828247802297,0.03834316491408063,-0.04623199474273132,-0.03481371914344906,150554023.125,73.22620965263853,-5.585255783128728,72.40122997431202,1.8149727607158628,1.0,1.2189286007547429,7.93,1.0,11.158946099535044,-0.47999999999999865,20678.0,True,True,55.27863436123348,Other Agricultural Products,Fast Moving Consumer Goods,65.0,93,"Uptrend (price > 50 > 150 > 200-day, 200-day rising); Within 15% of 52-week high; Sales growth >= 20% or 2+ strong quarters; 3-year profit growth >= 15%/yr; ROE >= 20%; RS rating >= 80",6
KRISHANA,0.18312895755206746,0.779742616424405,1.0421757144374801,1.5558522706318085,0.8943747274577257,0.0,1.0,0.8760553953417066,1.5968719210990472,0.0256567065821928,0.039199561403508776,0.000799164618152437,-0.019026603722278903,115383208.84,54.07706339658729,34.57804520402485,-98.78615102257267,1.0388785158069758,7.0,82.22183625924806,1.1199999999999992,1.0,32.0855614973262,0.14,20679.0,True,True,87.87885462555066,Fertilizers,Commodities,63.0,93,,0
KRISHNADEF,0.02404544362505749,0.2015833983086428,0.243729823690092,0.3857854075590414,0.7149285714285714,0.0,0.0,-0.30664059564330415,0.6682264951865983,0.02447737954663575,0.05250690880378994,-0.08085095441263179,-0.021859664239414094,84474613.44999999,20.665350525029112,-15.181858341923126,-52.14256946552625,0.5552102874917663,3.0,,5.899999999999999,1.0,21.1340206185567,0.010000000000000231,20677.0,True,True,54.62444933920705,Aerospace & Defense,Industrials,22.0,93,"Uptrend (price > 50 > 150 > 200-day, 200-day rising); Within 15% of 52-week high; Quarterly profit growth >= 25%; 3-year profit growth >= 15%/yr; RS rating >= 80",5
KRN,0.15453999419359493,0.7855973813420623,0.7930386805188707,1.3419741534870977,0.8385892116182573,0.0,1.0,0.07771103006504691,1.894534313140595,0.02647082124009131,0.04834318347831856,0.000289898111419884,-0.04695217435214253,245111294.10000002,165.0083732990025,118.87578070784177,107.88576233189175,6.706353572691677,4.0,,2.2699999999999996,1.0,13.240418118466899,4.139999999999997,20677.0,True,True,84.28083700440529,Other Industrial Products,Industrials,5.0,93,Within 15% of 52-week high; 3-year profit growth >= 15%/yr; ROE >= 20%,3
KROSS,0.1375074775550521,-0.049604437573883775,0.32063431892848127,0.35571710663718975,0.9130742049469964,1.0,0.0,0.8642993771220976,0.8203449732639685,0.030782417435540256,0.08757271697965874,0.17531261314203261,-0.06400649496691825,92539503.905,24.353331001243774,32.276119402985074,-6.610697956998557,1.2339260519028457,2.0,,-0.45999999999999996,1.0,11.224489795918368,-0.09000000000000163,20679.0,True,True,82.31828193832598,Auto Components & Equipments,Consumer Discretionary,20.0,93,"Uptrend (price > 50 > 150 > 200-day, 200-day rising); Quarterly profit growth >= 25%; 3-year profit growth >= 15%/yr; ROE >= 20%; Net profit margin up vs a year ago",5
KSB,-0.03333793121208277,-0.03332360665304923,0.03934241074229772,-0.18451867552055223,0.7842555674414082,0.0,0.0,0.8007954833701483,18.594966576649828,0.021068802215415218,0.045384417588069104,-0.008756425352825836,-0.026574773520271454,103551740.25,-18.768322947489004,3.5998200089995436,4.1198016556293275,-1.216904473647097,0.0,9.679510823374283,-2.280000000000001,1.0,16.081000595592617,-0.4200000000000017,20669.0,True,True,32.491189427312776,"Compressors, Pumps & Diesel Engines",Industrials,52.0,93,"Uptrend (price > 50 > 150 > 200-day, 200-day rising); Within 15% of 52-week high; Quarterly profit growth >= 25%; Sales growth >= 20% or 2+ strong quarters; 3-year profit growth >= 15%/yr; ROE >= 20%; RS rating >= 80; Net profit margin up vs a year ago",8
KSCL,-0.12235648414216815,-0.33187121677340126,-0.028323551926511814,-1.0026466381799026,0.626895765757868,0.0,0.0,1.8260255457221635,13.844478588813274,0.02129809735566087,0.10292669199380877,-0.06087317388358027,-0.048091595662457305,75926579.32499999,-14.468089831397112,-13.514961620444243,134.13757642693122,-2.479387846480034,0.0,-6.387751604773806,-0.4200000000000017,1.0,16.856492027334852,-0.39000000000000057,20678.0,True,True,5.1244493392070485,Other Agricultural Products,Fast Moving Consumer Goods,65.0,93,"Uptrend (price > 50 > 150 > 200-day, 200-day rising); Within 15% of 52-week high; Quarterly profit growth >= 25%; Sales growth >= 20% or 2+ strong quarters; 3-year profit growth >= 15%/yr; ROE >= 20%; RS rating >= 80; Net profit margin up vs a year ago",8
KSL,0.06139921760435617,0.13278791692888614,0.5577672003461704,0.4008260566284922,0.8839190628328008,1.0,1.0,0.7558524300783362,2.278516755523802,0.025630873198209145,0.06348857644991224,0.008093455673700234,-0.02158520744271264,61070103.0,10.650403391907526,4.925807981570562,20.151781725198404,0.6037316352614909,0.0,2.474641596249727,0.7599999999999998,1.0,12.256532066508314,0.28999999999999915,20664.0,True,True,65.74559471365639,Iron & Steel Products,Industrials,10.0,93,Quarterly profit growth >= 25%; Sales growth >= 20% or 2+ strong quarters; 3-year profit growth >= 15%/yr; ROE >= 20%; RS rating >= 80,5
KTKBANK,0.17795946163746762,0.9045700471969607,0.48412271259418715,2.4265495070318073,0.929748482220295,0.0,1.0,0.7332767813601466,1.1562277781361558,0.020331235583436066,0.05388650453028121,0.014722308114623273,-0.02915994595110936,812027513.25,43.23114797533392,5.367314087596409,-18.349448392510645,1.676377585092221,2.0,0.029463734968748767,4.65,1.0,9.913793103448276,0.9100000000000037,20663.0,True,True,87.22466960352422,Private Sector Bank,Financial Services,23.0,93,3-year profit growth >= 15%/yr; ROE >= 20%,2
LALPATHLAB,0.09506273697135378,0.15264495823750157,0.4514137641948024,0.7382178387010734,0.983567153929167,0.0,1.0,0.32906721150904383,1.4325372316048948,0.014198304126246323,0.019227771137556582,0.051228171719649884,-0.016191027066279527,441797821.95,27.18968225651284,19.095252314123634,42.17187183809344,1.4456775039958758,1.0,28.60164255382238,1.3599999999999994,1.0,20.326823435631724,0.39000000000000057,20636.0,True,True,74.46806167400881,Healthcare Service Provider,Healthcare,13.0,93,Sales growth >= 20% or 2+ strong quarters; RS rating >= 80,2
LANDMARK,-0.03176836355915231,-0.17287886218734683,0.3959166781625052,-0.5200734592486462,0.699773413897281,0.0,0.0,1.5615194807227903,32.33419383422285,0.03334920159718642,0.0325220310532941,-0.09564759050844807,-0.029976221310433118,57109896.2,99.10858344704003,22.665109445051424,-200.89141655295998,0.675636329724237,5.0,-16.4358380923589,0.43000000000000016,1.0,6.495726495726497,-2.469999999999999,20676.0,True,True,33.363436123348016,Auto Dealer,Consumer Discretionary,,93,"Uptrend (price > 50 > 150 > 200-day, 200-day rising); Within 15% of 52-week high; 3-year profit growth >= 15%/yr; ROE >= 20%; RS rating >= 80",5
LATENTVIEW,-0.10573471436850822,-0.3268708323042726,0.08520804300218998,-0.9208655512685127,0.4531014492753623,0.0,0.0,-0.3084019159255692,1.6165009304907338,0.017695242246451217,0.011374975054879277,-0.1462389802638765,-0.0328076335928046,111892314.725,-6.867245485614326,21.54902126938394,-14.286198921292058,-0.7818381177442967,0.0,8.207707476163284,-5.009999999999998,1.0,11.503416856492027,-1.5599999999999987,20643.0,True,True,7.741189427312775,Computers - Software & Consulting,Information Technology,80.0,93,"Uptrend (price > 50 > 150 > 200-day, 200-day rising); Within 15% of 52-week high; Quarterly profit growth >= 25%; 3-year profit growth >= 15%/yr; ROE >= 20%; RS rating >= 80; Net profit margin up vs a year ago",7
LAURUSLABS,0.2467977420280939,1.0462764495740586,0.8752896141835396,3.9642396966570153,0.9653092006033182,1.0,1.0,0.04962236580475628,0.9066046319412444,0.01737700409954794,0.03740608514946442,0.05903704494501971,-0.019171216614173987,3094294340.3999996,123.98169469580162,29.09968972393713,102.79868157466937,2.5183091762188763,7.0,24.286315840332517,7.57,1.0,16.79245283018868,1.9500000000000028,20658.0,True,True,93.43942731277532,Pharmaceuticals,Healthcare,21.0,93,ROE >= 20%,1
LEMONTREE,-0.08860499848526625,-0.38205844685062285,0.057060346544512974,-1.211748895945395,0.6180826636050517,0.0,0.0,0.2799308569569539,9.669231857197575,0.013223535861739525,0.032805755395683533,-0.0017134147019881585,-0.015676770219187956,266082632.745,19.236831598486994,9.133229882509442,10.076533680811853,0.6380767938694402,0.0,28.141931953237396,1.4100000000000001,1.0,20.689655172413794,-3.469999999999999,20672.0,True,True,12.53854625550661,Hotels & Resorts,Consumer Discretionary,54.0,93,"Uptrend (price > 50 > 150 > 200-day, 200-day rising); Within 15% of 52-week high; Quarterly profit growth >= 25%; Sales growth >= 20% or 2+ strong quarters; RS rating >= 80",5
LENSKART,,,0.32936110554776676,,0.9533103448275861,1.0,1.0,0.6579497407646068,0.6958909644533413,0.01634764598844613,0.040076476211486245,0.08510665021304908,-0.01647589887401259,3739176627.975,244.66505494969542,43.26932212873324,252.1943824706462,,1.0,,4.92,1.0,5.7335774776836805,16.58,20662.0,True,True,,Speciality Retail,Consumer Discretionary,81.0,93,3-year profit growth >= 15%/yr; ROE >= 20%; RS rating >= 80,3
LGEINDIA,,,0.15586398334489937,,0.981082621082621,0.0,1.0,0.5184209402012477,1.3023948814671686,0.018945892461341096,0.02661988021053907,0.05447917866005558,-0.023013256704758456,743834535.5,27.184775178056707,15.494480228135687,35.391216373706726,,1.0,,0.8300000000000001,1.0,21.98017218888599,0.20999999999999908,20679.0,True,True,,Household Appliances,Consumer Discretionary,90.0,93,Sales growth >= 20% or 2+ strong quarters; 3-year profit growth >= 15%/yr; RS rating >= 80,3
LICHSGFIN,-0.03929766292382915,-0.07894963409384426,0.0800605754669359,-0.47320243487971686,0.8508859913072551,0.0,0.0,0.15021582906346395,2.01691462639526,0.01712886072811473,0.03621271549758287,-0.04415658555455826,-0.033320843631991955,1472489828.7,9.876241816031994,-1.443711263313452,1.2210551077552978,1.09770262223642,0.0,20.437126649700875,2.1799999999999997,1.0,13.526756619759105,0.20999999999999375,20664.0,True,True,30.419603524229075,Housing Finance Company,Financial Services,85.0,93,"Uptrend (price > 50 > 150 > 200-day, 200-day rising); Quarterly profit growth >= 25%; Sales growth >= 20% or 2+ strong quarters; ROE >= 20%; RS rating >= 80",5
LICI,-0.037697374337840595,-0.07823228143940242,0.13593142794146007,-0.4756563133413802,0.8364284494535519,0.0,0.0,0.00840268948330066,1.0066165008681223,0.01719448768941315,0.021187997550520477,-0.04346106714446818,-0.016412582194561466,2890464965.7,23.827411192269388,6.762856292981367,0.5551470418758484,1.369172989865976,2.0,9.300966238610652,0.7800000000000002,1.0,32.53192151977577,-0.15000000000000013,20642.0,True,True,30.855726872246695,Life Insurance,Financial Services,87.0,93,"Uptrend (price > 50 > 150 > 200-day, 200-day rising); Within 15% of 52-week high; Quarterly profit growth >= 25%; 3-year profit growth >= 15%/yr; RS rating >= 80",5
LINDEINDIA,-0.025325932149652886,0.00023542336969306632,-0.06881940385739338,-0.0701593044488848,0.7761833768169959,0.0,0.0,0.08932780539864187,1.7079776637634276,0.012575149997324916,0.02412010829436384,-0.0445260788176135,-0.012693536662917906,133692612.5,-2.4452449291883616,21.58716817258528,32.14597385622871,-0.06750818630827657,0.0,10.946206480536901,-3.709999999999999,1.0,12.869198312236287,-0.10999999999999943,20655.0,True,True,35.54405286343612,Industrial Gases,Commodities,,93,"Uptrend (price > 50 > 150 > 200-day, 200-day rising); Within 15% of 52-week high; Quarterly profit growth >= 25%; 3-year profit growth >= 15%/yr; ROE >= 20%; RS rating >= 80; Net profit margin up vs a year ago",7
LLOYDSENGG,0.23360428521307638,0.39427531436135,1.2335011926848662,1.2245280741029219,0.9434740882917466,1.0,1.0,0.21912675484642177,5.942876868705264,0.030454744356468492,0.08414915850841509,0.10438586440015363,-0.08279973496525703,655694283.9649999,127.1185726237809,142.91507303810883,-10.59154306066334,3.9142638068435143,9.0,110.89964248105701,-0.9000000000000004,1.0,11.8491921005386,-0.34999999999999964,20669.0,True,True,92.7852422907489,Industrial Products,Industrials,6.0,93,ROE >= 20%; Net profit margin up vs a year ago,2
LLOYDSENT,0.10076807182607841,0.08634079488350843,0.7240212663122281,0.35709699670030565,0.9203069657615112,0.0,1.0,0.10539261062558203,3.197974060639748,0.025495575161218257,0.05411484519714205,0.03007638026270576,-0.060851785932355844,221257422.92999998,-55.781090584017825,70.15110305228166,-244.3535236507373,-1.6350255089583963,0.0,53.38708245742983,-55.620000000000005,1.0,10.06517016654598,0.15000000000000002,20676.0,True,True,75.77643171806167,Trading - Metals,Commodities,,93,Quarterly profit growth >= 25%; ROE >= 20%; RS rating >= 80; Net profit margin up vs a year ago,4
LLOYDSME,0.07538568836178335,0.3739637703408045,0.4075646772037429,0.9772993500847522,0.8361411764705882,0.0,0.0,0.055094794847807244,2.0294469954371337,0.02001172342596337,0.03588738223601817,-0.06196876748777835,-0.021622661263653153,716618590.9,170.26959565140757,208.5520574612338,-129.73040434859243,2.3335155052302405,4.0,67.6157372186027,-3.3400000000000034,1.0,27.60435440847812,0.0600000000000005,20675.0,True,True,69.12555066079295,Industrial Minerals,Commodities,76.0,93,"Uptrend (price > 50 > 150 > 200-day, 200-day rising); Within 15% of 52-week high; RS rating >= 80; Net profit margin up vs a year ago",4
LMW,0.03671433735440417,0.2268327310273619,0.5846461615403851,0.2118302651904381,0.8211999404496054,0.0,0.0,0.24914950831353336,0.550763063011137,0.020862918236039432,0.03139013452914807,-0.06872251555224396,-0.025531705778828243,71845332.5,300.0,23.99804074106089,266.12264496904123,0.9669272374988422,2.0,-23.315098382510747,4.91,1.0,4.569236135333101,-0.14000000000000057,20658.0,True,True,57.895374449339215,Industrial Products,Industrials,6.0,93,"Uptrend (price > 50 > 150 > 200-day, 200-day rising); Within 15% of 52-week high; 3-year profit growth >= 15%/yr; ROE >= 20%; RS rating >= 80",5
LODHA,0.0388228441348958,0.012294386976428706,0.7635155096011819,-0.16274311618876075,0.8220379939774712,0.0,0.0,0.05007294011598501,3.8950947585895688,0.02632459326902968,0.03771190281932757,-0.07758051772628949,-0.027409376032526887,1621025980.35,103.43760143872926,43.10221382134778,94.20605015087966,5.593350497804408,1.0,39.4288251381081,8.150000000000002,1.0,14.734175040797046,1.3499999999999979,20645.0,True,True,58.54955947136564,"Residential, Commercial Projects",Consumer Discretionary,55.0,93,"Uptrend (price > 50 > 150 > 200-day, 200-day rising); Within 15% of 52-week high; ROE >= 20%; RS rating >= 80",4
LT,-0.00978709389032251,0.08337416299199729,0.13584087212122942,0.020974090931779148,0.8318468468468468,0.0,0.0,-0.09079135859803691,1.7030998286195917,0.010963494221265599,0.016423546451479476,-0.06566124186558109,-0.020533598666444285,5477652338.75,15.506744050689104,6.694240417394015,10.539491775592946,2.060662546233797,0.0,16.1300357620598,0.5599999999999996,1.0,17.34284930002745,0.03999999999999915,20662.0,True,True,41.32268722466961,Civil Construction,Industrials,77.0,93,"Uptrend (price > 50 > 150 > 200-day, 200-day rising); Within 15% of 52-week high; Quarterly profit growth >= 25%; Sales growth >= 20% or 2+ strong quarters; ROE >= 20%; RS rating >= 80",6
LTF,-0.0007750325289087798,0.25212705615428255,0.2866361365528727,0.19568647039494638,0.7807147076196101,0.0,0.0,-0.5220662078595727,2.5903619781841933,0.02079162081105925,0.034733708236850847,-0.1410096021056394,-0.06535487025910386,1145744708.6999998,30.71371553386748,22.381367133302188,3.490980112701081,3.18806621857936,3.0,26.634020256506673,1.120000000000001,1.0,10.660043597898724,0.05999999999999872,20644.0,True,True,45.02973568281938,Non Banking Financial Company (NBFC),Financial Services,37.0,93,"Uptrend (price > 50 > 150 > 200-day, 200-day rising); Within 15% of 52-week high; ROE >= 20%; RS rating >= 80",4
LTFOODS,-0.00343735658648223,0.01098901098901095,0.20286264794935316,-0.19876067247337947,0.8134297941715916,0.0,0.0,1.8012713867291437,0.5347856442441139,0.01909148412363921,0.020529251216328426,-0.05526850824021723,-0.03211406849252682,184337828.75,8.843641967186233,27.91933179648689,24.23801645485132,1.0115774493283973,0.0,11.248113118397352,-1.0199999999999996,1.0,13.824375138243752,0.010000000000001563,20664.0,True,True,43.830396475770925,Other Agricultural Products,Fast Moving Consumer Goods,65.0,93,"Uptrend (price > 50 > 150 > 200-day, 200-day rising); Within 15% of 52-week high; Quarterly profit growth >= 25%; 3-year profit growth >= 15%/yr; ROE >= 20%; RS rating >= 80; Net profit margin up vs a year ago",7
LTM,-0.02140090740880085,-0.11177261378913006,0.1522746524490508,-0.698268040237935,0.6232210902869586,0.0,0.0,0.16546092417344554,2.313980426375391,0.021213882167181886,0.027693089430894213,-0.09254089907070939,-0.03370025767762384,1498355069.4,17.035108253003873,17.960286974371485,-1.8215901720398655,1.7436862475029462,0.0,7.757144046271014,-0.09999999999999964,1.0,20.740894901144642,-0.48999999999999844,20645.0,True,True,36.63436123348018,Computers - Software & Consulting,Information Technology,80.0,93,"Uptrend (price > 50 > 150 > 200-day, 200-day rising); Within 15% of 52-week high; Quarterly profit growth >= 25%; Sales growth >= 20% or 2+ strong quarters; 3-year profit growth >= 15%/yr; RS rating >= 80; Net profit margin up vs a year ago",7
LTTS,-0.03269449205871544,-0.1423107264947049,0.1493096710125894,-0.6011209576668957,0.6914515446466357,0.0,0.0,0.3911798395475709,1.6312920763581342,0.017537733889638942,0.04770249221183809,-0.054451093784631754,-0.023887875781519886,216968468.89999998,17.35029610441532,11.47298578199052,-6.63212134752078,1.4618803435379277,0.0,2.445193407870705,0.5999999999999996,1.0,19.78989649312529,-0.3200000000000003,20648.0,True,True,32.92731277533039,IT Enabled Services,Information Technology,38.0,93,"Uptrend (price > 50 > 150 > 200-day, 200-day rising); Within 15% of 52-week high; Quarterly profit growth >= 25%; Sales growth >= 20% or 2+ strong quarters; 3-year profit growth >= 15%/yr; ROE >= 20%; RS rating >= 80",7
LUMAXIND,0.047525657639613854,0.3627779663894075,0.3799957026214009,0.35730513434938765,0.800346095608912,0.0,0.0,0.2665312600343235,1.2707872767431243,0.021938933878652474,0.022187281621243837,-0.0413580588105239,-0.017647295132145066,74192515.75,41.391254611370634,32.5965832719074,14.948100592883563,2.0345176545146564,4.0,22.472407878695087,0.2599999999999998,1.0,18.75681570338059,0.3600000000000003,20669.0,True,True,61.71145374449339,Auto Components & Equipments,Consumer Discretionary,20.0,93,"Uptrend (price > 50 > 150 > 200-day, 200-day rising); Within 15% of 52-week high; ROE >= 20%; RS rating >= 80",4
LUMAXTECH,0.1613295587381769,0.6369993642720915,0.3533044278018658,1.0973348741898337,0.9036073059360731,1.0,1.0,0.8692480140741977,0.8396685274318482,0.033099129757630345,0.041972249752229907,0.04220100380772829,-0.026814732548199587,237595988.0,82.61732042391934,32.85852080633691,60.56858711585258,2.546460991938547,6.0,47.2557546499305,1.9700000000000006,1.0,27.82824112303881,0.0400000000000027,20669.0,True,True,85.15308370044052,Auto Components & Equipments,Consumer Discretionary,20.0,93,,0
LUPIN,-0.026563496725550403,0.08142046310713735,-0.06953628073814777,0.10254379507400546,0.8030045463530342,0.0,0.0,-0.9964185917502921,1.1933336626424824,0.012024853567669337,0.025965770171149094,-0.07989577708762918,-0.015641470111455263,1663575218.2,15.986264006437745,32.04277368489903,-84.00511097999534,1.0587390591258938,0.0,82.23603858296052,-2.3699999999999974,1.0,23.85513186029936,0.05000000000000426,20649.0,True,True,35.43502202643172,Pharmaceuticals,Healthcare,21.0,93,"Uptrend (price > 50 > 150 > 200-day, 200-day rising); Within 15% of 52-week high; Quarterly profit growth >= 25%; RS rating >= 80; Net profit margin up vs a year ago",5
LXCHEM,0.03585816437168295,-0.21863153904473076,0.5252983072796227,-0.321543826910252,0.8163366336633663,0.0,0.0,0.2949232557637248,0.9572391217944315,0.02920817144984129,0.07285307285307296,0.022574549456100046,-0.02726628074044083,158412808.68,216.12380745950185,39.745717460638176,217.23866776713814,3.7074070859231925,1.0,8.449656946720996,3.9000000000000004,1.0,3.9798488664987404,-0.45999999999999996,20649.0,True,True,57.459251101321584,Specialty Chemicals,Commodities,39.0,93,"Uptrend (price > 50 > 150 > 200-day, 200-day rising); Within 15% of 52-week high; 3-year profit growth >= 15%/yr; ROE >= 20%; RS rating >= 80",5
MACPOWER,0.3529010740958439,1.1966440639007008,1.4103663534901316,2.664385258102967,0.9597708864724573,1.0,1.0,0.684061236881454,2.3004580036929867,0.03769460979634963,0.09518109908409667,0.18030722767580531,-0.053611808601090105,94920563.44999999,-100.0,300.0,-400.0,-558.5592418847932,0.0,,-20.299999999999997,0.0,19.428571428571427,-0.6700000000000002,19037.0,True,True,97.14647577092511,Industrial Products,Industrials,6.0,93,Quarterly profit growth >= 25%; 3-year profit growth >= 15%/yr; ROE >= 20%; Net profit margin up vs a year ago,4
MAHABANK,0.06999306251059885,0.4681342091248004,0.34844285015489973,1.1835507742285125,0.8518518518518519,0.0,0.0,0.22498681647328037,1.6542627074681144,0.019868429679247828,0.04757281553398052,-0.012393540931073588,-0.024583743174704107,898536923.255,34.461394001685505,13.902364338997275,-1.6642180241128557,5.174662874633104,4.0,35.39982390684515,3.8500000000000014,1.0,21.119638826185103,0.620000000000001,20644.0,True,True,67.38105726872246,Public Sector Bank,Financial Services,58.0,93,"Uptrend (price > 50 > 150 > 200-day, 200-day rising); RS rating >= 80",2
MAHLOG,0.04804955052945627,0.09517748550417182,0.16346153846153832,0.4595620494798106,0.9253333333333332,0.0,1.0,0.5866168067149742,1.7593425160568323,0.01721705626997222,0.040594554084436574,0.02681202484668077,-0.037854333604619005,58855735.425,100.0,23.285259665515625,0.0,3.874659386857242,3.0,157.2295435044248,1.9699999999999998,1.0,0.9361702127659575,-0.14999999999999858,20654.0,True,True,61.9295154185022,Logistics Solution Provider,Services,59.0,93,ROE >= 20%; RS rating >= 80,2
MAHSEAMLES,0.06183053888047721,0.07603114129534538,0.15968936891903973,0.5963374302812753,0.9098307291666666,1.0,1.0,1.167640640602799,4.836702456428694,0.019460528387530325,0.06322094055013316,0.08113753461960993,-0.017939283864686646,141717121.2,15.651742739493834,-4.721157456320335,72.59342543783534,0.4286885945341301,0.0,-6.376050671687539,4.300000000000001,1.0,10.194880744618965,0.6899999999999995,20672.0,True,True,65.9636563876652,Iron & Steel Products,Industrials,10.0,93,Quarterly profit growth >= 25%; Sales growth >= 20% or 2+ strong quarters; 3-year profit growth >= 15%/yr; ROE >= 20%; RS rating >= 80,5
MANALIPETC,0.1265088718395426,0.2669983416252075,1.1340782122905027,0.3876431846748455,0.8403225806451613,0.0,1.0,1.7187205576337985,0.293549043497522,0.03273154953379451,0.08421942967617202,0.030700771014294137,-0.03443041160205641,82358238.755,300.0,17.066518941492337,288.2728113504733,5.30814001823883,1.0,85.87121445524078,17.32,1.0,10.14832162373146,0.010000000000000009,20678.0,True,True,80.3557268722467,Petrochemicals,Commodities,25.0,93,Within 15% of 52-week high; Sales growth >= 20% or 2+ strong quarters; ROE >= 20%,3
MANAPPURAM,0.016556043397246163,0.1744206307719116,0.34209478295499807,0.22439425863411974,0.8095924518411741,0.0,0.0,-0.19096147605308839,1.6217093360026378,0.020237160237015224,0.03374999999999995,-0.09888359583076867,-0.022266205676993858,1467770555.1999998,300.0,34.11303974999888,200.0,1.1032175481313857,2.0,-5.564731210183327,13.41,1.0,6.186530434240857,0.9600000000000009,20657.0,True,True,51.24449339207049,Non Banking Financial Company (NBFC),Financial Services,37.0,93,"Uptrend (price > 50 > 150 > 200-day, 200-day rising); Within 15% of 52-week high; 3-year profit growth >= 15%/yr; ROE >= 20%; RS rating >= 80",5
MandM,-0.05717585229662574,-0.08836610814288515,0.10298845906521814,-0.7425234554417809,0.7448110627880934,0.0,0.0,-0.11220259663577345,2.4504558055820986,0.013773841213674955,0.01753444865390419,-0.11802111075064425,-0.02380659482161876,6278095997.6,37.19814928057599,27.802778832656582,-18.854919115063225,2.4773927937620925,3.0,21.409123156045084,0.7300000000000004,1.0,20.002792786018883,-0.12999999999999545,20641.0,True,True,22.787444933920707,Passenger Cars & Utility Vehicles,Consumer Discretionary,92.0,93,"Uptrend (price > 50 > 150 > 200-day, 200-day rising); Within 15% of 52-week high; RS rating >= 80",3
MandMFIN,0.04096011579506216,0.29151160730108105,0.27368053128276815,0.33489178597277264,0.7704819277108433,0.0,0.0,-0.34204751839856395,1.2004292315601417,0.024751075280284873,0.02198437951981491,-0.13879245100072457,-0.03859817992042825,740574718.8,75.31887186022144,14.573368786581199,-30.78228558695986,1.928650537006538,2.0,14.54544590616733,5.619999999999999,1.0,10.739892638612561,-0.480000000000004,20655.0,True,True,59.421806167400874,Non Banking Financial Company (NBFC),Financial Services,37.0,93,"Uptrend (price > 50 > 150 > 200-day, 200-day rising); Within 15% of 52-week high; 3-year profit growth >= 15%/yr; ROE >= 20%; RS rating >= 80",5
MANGLMCEM,0.07312468830404134,0.45836136149603135,0.4138515716707969,1.0488096306708719,0.8791517857142856,0.0,0.0,1.3840496857855447,1.3171793510037846,0.020888932956909297,0.046925566343042124,-0.00961866320396143,-0.02008402222406226,55030982.849999994,-43.9694246671972,0.7703546287687546,-343.9694246671972,-0.6140629576351108,0.0,77.76412765432659,-3.1699999999999995,1.0,13.190184049079754,-0.0600000000000005,20679.0,True,True,68.2533039647577,Cement & Cement Products,Commodities,89.0,93,"Uptrend (price > 50 > 150 > 200-day, 200-day rising); Quarterly profit growth >= 25%; Sales growth >= 20% or 2+ strong quarters; ROE >= 20%; RS rating >= 80; Net profit margin up vs a year ago",6
MANINDS,0.3407347217110877,0.7470224461749884,1.3959478561331866,1.8433399062321427,0.8863614504183899,1.0,1.0,1.1294390536649404,1.3060685528959215,0.040072458967059583,0.16096011295446533,0.2795218194187967,-0.07516588703559171,545532826.725,122.39632754253269,41.90640453828847,147.80699925414456,1.8408148379049831,1.0,40.793947121255194,2.11,1.0,8.145663632007667,0.5499999999999998,20676.0,True,True,96.9284140969163,Iron & Steel Products,Industrials,10.0,93,ROE >= 20%,1
MANINFRA,0.0305242613964229,-0.1874755381604697,0.5879653238143805,-0.479301195612614,0.8081924577373211,0.0,0.0,0.5033375592414623,1.8524663270422446,0.024449246499107468,0.04654908593057905,0.07456420931784624,-0.015767680925341605,217394548.35,7.570247712844225,19.360306178239473,65.31897594017644,0.15949541677067292,0.0,-13.443186725409085,-3.150000000000002,1.0,9.307454786060873,-2.6799999999999997,20654.0,True,True,56.041850220264315,"Residential, Commercial Projects",Consumer Discretionary,55.0,93,"Uptrend (price > 50 > 150 > 200-day, 200-day rising); Within 15% of 52-week high; Quarterly profit growth >= 25%; Sales growth >= 20% or 2+ strong quarters; 3-year profit growth >= 15%/yr; ROE >= 20%; RS rating >= 80; Net profit margin up vs a year ago",8
MANKIND,0.009448983638765413,-0.06846661659485309,0.1748429554292552,0.00797268843511194,0.9595003785011355,0.0,1.0,0.03617875602099698,4.506559776215316,0.01717570609951082,0.059590559394966824,0.048673335153515795,-0.044391857706844395,835337685.05,29.121472178573814,12.890612965115466,-5.078206245034881,1.1106967673621087,3.0,12.741036526191628,1.790000000000001,1.0,11.889570552147239,0.13999999999999702,20650.0,True,True,48.51872246696035,Pharmaceuticals,Healthcare,21.0,93,3-year profit growth >= 15%/yr; ROE >= 20%; RS rating >= 80,3
MANORAMA,0.10936635389173426,0.2523045407989075,0.6230088495575221,0.6365105363561105,0.8747615724587113,0.0,1.0,1.4316585707785592,0.9322868229225489,0.02864017753506401,0.08449616678616745,0.027059800301514114,-0.03697609055944521,268599110.25,67.59130480821189,39.53030564669313,36.53650215948047,2.5247900640641934,8.0,95.50251304268602,3.259999999999998,1.0,32.99120234604106,-0.040000000000000924,20678.0,True,True,77.41189427312776,Other Food Products,Fast Moving Consumer Goods,,93,RS rating >= 80,1
MANYAVAR,0.03105365352486223,-0.22788563360395342,0.5579772079772081,-0.7650851422149032,0.7287528949399958,0.0,0.0,1.6694389685457365,0.13539827905713178,0.02721325933445592,0.04575853572685684,-0.003600242574979373,-0.03766143385678582,168534483.25,37.31702246259378,22.743930371049004,69.35515917173075,0.9434059880634321,1.0,17.403259536143302,2.6499999999999986,1.0,25.842696629213485,0.240000000000002,20025.0,True,True,56.47797356828194,Speciality Retail,Consumer Discretionary,81.0,93,"Uptrend (price > 50 > 150 > 200-day, 200-day rising); Within 15% of 52-week high; RS rating >= 80",3
MAPMYINDIA,-0.10427648754573937,-0.388099902056807,0.2477842965921857,-1.064107778376508,0.4232982982982983,0.0,0.0,0.44449476601136234,1.109879076765139,0.03379141561335699,0.02387562465297055,-0.14559573924279012,-0.03312067597873977,150346307.7,8.578457155454377,14.891867445111417,4.700185368059561,0.43679522302571816,0.0,6.147878880861235,-2.0700000000000003,1.0,14.806629834254142,-3.200000000000001,20654.0,True,True,8.177312775330396,Software Products,Information Technology,57.0,93,"Uptrend (price > 50 > 150 > 200-day, 200-day rising); Within 15% of 52-week high; Quarterly profit growth >= 25%; Sales growth >= 20% or 2+ strong quarters; 3-year profit growth >= 15%/yr; ROE >= 20%; RS rating >= 80; Net profit margin up vs a year ago",8
MARICO,0.008724760033469689,0.18450992862695226,0.13880019023031442,0.5652652991966596,0.8788100326172534,0.0,0.0,-0.33928231509913476,1.4292439069969771,0.012671130789978367,0.025500684164697196,-0.06668036355687534,-0.021184287939869578,1268495194.225,27.091573600974318,22.850046569388383,8.854336154876119,5.746313193794808,1.0,12.233990808267926,0.5500000000000007,1.0,43.064133016627075,0.01999999999999602,20645.0,True,True,48.30066079295155,Edible Oil,Fast Moving Consumer Goods,82.0,93,"Uptrend (price > 50 > 150 > 200-day, 200-day rising); 3-year profit growth >= 15%/yr; RS rating >= 80",3
MARINE,0.33163242215621047,0.9885997977383472,1.851680949241925,1.9282271716151762,0.9701111111111111,0.0,1.0,1.0227993746799362,1.5986620791418615,0.03519900347034538,0.09651898734177222,0.18161493238634518,-0.052695523942970814,412231752.2,51.17874649261693,55.20421607378132,6.432131537818158,2.0716807048095336,5.0,55.29238387420141,-0.1800000000000006,1.0,11.967545638945234,0.6000000000000001,20679.0,True,True,96.8193832599119,Industrial Products,Industrials,6.0,93,ROE >= 20%; Net profit margin up vs a year ago,2
MARKSANS,0.21538644673373702,0.8955785512699903,1.0549429536618011,2.0915184900516026,0.927767488246189,1.0,1.0,0.7311619806621223,1.2413472006150459,0.032502660311008603,0.056067468374199736,0.052352602762749,-0.030820121304784568,585152028.65,173.82983143034303,35.61509056597687,109.59552660411474,4.110183929426626,2.0,23.67042807440236,9.57,1.0,13.893483294740324,0.3299999999999983,20669.0,True,True,91.47687224669603,Pharmaceuticals,Healthcare,21.0,93,ROE >= 20%,1
MARUTI,-0.09692225699278308,-0.20302787863868543,0.05233219567690561,-1.2604705611531184,0.6554979850316638,0.0,0.0,-0.37468819160760564,2.2930499272520577,0.012518465235807264,0.014137760973204072,-0.13458147368933093,-0.023852020342631505,4414973568.0,-9.067844938335812,35.91381471926063,-2.54106020172914,-0.6140112225712983,0.0,13.690553018258456,-3.25,1.0,13.699652842584642,-0.30000000000000426,20665.0,True,True,10.030837004405287,Passenger Cars & Utility Vehicles,Consumer Discretionary,92.0,93,"Uptrend (price > 50 > 150 > 200-day, 200-day rising); Within 15% of 52-week high; Quarterly profit growth >= 25%; 3-year profit growth >= 15%/yr; ROE >= 20%; RS rating >= 80; Net profit margin up vs a year ago",7
MASTEK,-0.055727687307661214,-0.1861620449823863,0.3425718968857099,-0.7178811175946144,0.6566483748417054,0.0,0.0,0.7681641845027395,0.7923627773067089,0.03408714832687216,0.025863200735197545,-0.09338866094740772,-0.023886850282932616,154494230.5,15.100775037106517,7.712911337050388,-25.397064063766408,0.5711953492076245,0.0,15.57986768935542,0.6899999999999995,1.0,13.502673796791445,0.26000000000000156,20655.0,True,True,23.877753303964756,Computers - Software & Consulting,Information Technology,80.0,93,"Uptrend (price > 50 > 150 > 200-day, 200-day rising); Within 15% of 52-week high; Quarterly profit growth >= 25%; Sales growth >= 20% or 2+ strong quarters; ROE >= 20%; RS rating >= 80",6
MAXESTATES,0.13898093997912128,0.10174132077538056,0.6291497975708502,0.5837364907032928,0.8674172794117647,1.0,1.0,1.4370541614432135,0.6780290052434161,0.027695732250887627,0.035089463220675965,0.13031397277665002,-0.03049381479349586,59775155.22500001,-30.053672041966205,0.8548669127647068,69.94632795803379,-0.22865235099496511,0.0,-11.70784112536194,-7.109999999999999,1.0,0.6614303431169904,0.509999999999998,20664.0,True,True,82.75440528634361,"Residential, Commercial Projects",Consumer Discretionary,55.0,93,Quarterly profit growth >= 25%; Sales growth >= 20% or 2+ strong quarters; 3-year profit growth >= 15%/yr; ROE >= 20%; Net profit margin up vs a year ago,5
MAXHEALTH,-0.06520660541454722,-0.11489587010236502,0.042294502753819074,-0.6297366728281115,0.7700712005892463,0.0,0.0,-0.3437808819801667,6.5317371896895695,0.016429597711033254,0.044813695871097625,-0.08927425528970057,-0.04395152772503782,1846775056.2,4.8684778939826145,16.699793348688342,-2.4350692108087157,0.21459049189174748,0.0,8.547137794657234,-1.5399999999999991,1.0,13.417697962222016,0.01999999999999602,20644.0,True,True,20.061674008810574,Hospital,Healthcare,50.0,93,"Uptrend (price > 50 > 150 > 200-day, 200-day rising); Within 15% of 52-week high; Quarterly profit growth >= 25%; Sales growth >= 20% or 2+ strong quarters; 3-year profit growth >= 15%/yr; ROE >= 20%; RS rating >= 80; Net profit margin up vs a year ago",8
MAYURUNIQ,0.068483154300264,0.4188491684190403,0.5013654293516738,0.9411871244388367,0.7845093715545755,0.0,0.0,0.15830141446420495,1.310137202941655,0.02138478411430862,0.039514317798989396,-0.054038963145341956,-0.01832660089722655,65474633.925,37.73263503178814,24.712803409301465,-5.488313328908092,2.2084905365927057,3.0,24.37941230018481,1.9699999999999989,1.0,16.946160635481025,0.5800000000000001,20670.0,True,True,67.05396475770925,Leather And Leather Products,Consumer Discretionary,,93,"Uptrend (price > 50 > 150 > 200-day, 200-day rising); Within 15% of 52-week high; ROE >= 20%; RS rating >= 80",4
MAZDOCK,-0.09369382387874721,-0.15481940004081352,0.20327329072244837,-0.8759659412846271,0.6895399726054855,0.0,0.0,0.15262302388406157,0.972350808365742,0.0169803631785258,0.03167420814479649,-0.13898184603293384,-0.04183440519085227,1330986702.0,21.77544352301077,12.077666353086336,-85.43134650772356,0.3738677649088174,2.0,33.172580987276646,1.490000000000002,1.0,26.427473090722707,-0.08000000000000096,20664.0,True,True,11.230176211453744,Ship Building & Allied Services,Industrials,,93,"Uptrend (price > 50 > 150 > 200-day, 200-day rising); Within 15% of 52-week high; Quarterly profit growth >= 25%; RS rating >= 80",4
MBAPL,0.22151863796599894,0.9147314517089438,0.7459007492670213,2.502092479668784,0.9479250028581229,0.0,1.0,0.46272022939516505,1.4588879859525075,0.02960179477851261,0.030604628016919655,0.017674133169684136,-0.02434290658308084,134640133.0,16.80380942920452,1.6134150211135179,-283.19619057079547,0.3458864442201927,0.0,14.6753901806973,1.0300000000000002,1.0,27.27272727272727,0.22000000000000003,20679.0,True,True,92.13105726872246,Fertilizers,Commodities,63.0,93,Quarterly profit growth >= 25%; Sales growth >= 20% or 2+ strong quarters; 3-year profit growth >= 15%/yr,3
MCX,0.18501908248943397,1.0759223178932813,0.38235540303004933,2.5728836300855042,0.9203194117309128,1.0,1.0,0.36224464012596846,1.0740692878036275,0.022043600326982573,0.03414454729356953,0.039967333860025045,-0.020935825041106918,6373687381.2,103.47322938367323,88.09785375525846,-187.62022447956952,1.7860242549037744,10.0,129.72980324525528,4.450000000000003,1.0,46.76966292134831,0.23000000000000398,20669.0,True,True,88.09691629955948,Exchange and Data Platform,Financial Services,31.0,93,,0
MEDANTA,0.024569218021642206,0.1041193396940785,0.5171158048069919,0.09219925198368681,0.8790803108808289,0.0,0.0,0.3716898380341743,1.5724182028257705,0.01980470837207286,0.05294943820224729,-0.05490241952779251,-0.03719655889432828,328306544.1,-1.0613647862564357,26.503628109114906,-4.104896188013408,-0.0839684714488565,0.0,15.47320652269606,-3.3599999999999994,1.0,13.98283695103483,1.4400000000000013,20664.0,True,True,54.84251101321586,Hospital,Healthcare,50.0,93,"Uptrend (price > 50 > 150 > 200-day, 200-day rising); Quarterly profit growth >= 25%; ROE >= 20%; RS rating >= 80; Net profit margin up vs a year ago",5
MEDIASSIST,-0.1308092994761616,-0.3750231096320946,0.13917438921651226,-1.1738717615327063,0.5186343497524107,0.0,0.0,-0.6637048008206785,2.309801158906498,0.017241669327451466,0.03617054024934574,-0.11829081338780134,-0.03778704321196467,54738059.400000006,21.819899244332497,24.118387909319907,-129.84654704304333,0.28778498462829116,2.0,2.3429212150327228,-0.22000000000000064,1.0,10.607866507747318,-0.8299999999999983,20673.0,True,True,3.70704845814978,Insurance Distributors,Financial Services,,93,"Uptrend (price > 50 > 150 > 200-day, 200-day rising); Within 15% of 52-week high; Quarterly profit growth >= 25%; 3-year profit growth >= 15%/yr; ROE >= 20%; RS rating >= 80; Net profit margin up vs a year ago",7
MEDPLUS,-0.07320654360729051,-0.14712031933092573,-0.19865460173830218,-0.5703887303269982,0.6400900019565642,0.0,0.0,0.27357112680074147,0.7349123522119764,0.02172230405815734,0.023764474381291256,-0.03048856382505838,-0.004368982440297135,84129656.85,-21.735328201231486,21.843864050355542,-46.32648088304997,-1.1436479161877946,0.0,61.277540463474466,-0.9800000000000002,1.0,11.139240506329113,0.9799999999999969,20655.0,True,True,17.008810572687224,Pharmacy Retail,Consumer Discretionary,,93,"Uptrend (price > 50 > 150 > 200-day, 200-day rising); Within 15% of 52-week high; Quarterly profit growth >= 25%; ROE >= 20%; RS rating >= 80; Net profit margin up vs a year ago",6
METROPOLIS,0.008450615971504205,0.11852847949284429,0.34158986175115214,0.11345965861667605,0.8831787209588704,0.0,0.0,-0.1556875558368898,2.2062744728362365,0.018192263847749482,0.0341806939196152,-0.06356087115475006,-0.03371489239820163,130044548.0,25.77358485895578,16.619178366057085,-48.18714277812821,1.3375320382482883,3.0,14.690531129014062,0.9199999999999999,1.0,12.623925974884337,-0.0799999999999983,20662.0,True,True,48.08259911894273,Healthcare Service Provider,Healthcare,13.0,93,"Uptrend (price > 50 > 150 > 200-day, 200-day rising); 3-year profit growth >= 15%/yr; ROE >= 20%; RS rating >= 80",4
MFSL,-0.04774620819732951,-0.03167392264496183,0.029516334607902373,-0.4185793832218631,0.7355350066050198,0.0,0.0,-0.2141429592446529,3.7904533893532477,0.021521086958380117,0.04463565474589948,-0.08209451261328748,-0.050149837378510365,841388562.2,35.63814627877804,16.751822113378555,135.63814627877804,0.40326767853938844,1.0,-34.70881328775993,0.10999999999999999,1.0,2.006815600151458,-0.21999999999999886,20663.0,True,True,26.276431718061676,Life Insurance,Financial Services,87.0,93,"Uptrend (price > 50 > 150 > 200-day, 200-day rising); Within 15% of 52-week high; Sales growth >= 20% or 2+ strong quarters; 3-year profit growth >= 15%/yr; ROE >= 20%; RS rating >= 80",6
MGL,-0.04514699406755944,-0.15712498044736423,0.16169020157378466,-0.6192488296427703,0.7828366032649393,0.0,0.0,0.8775211792091359,0.8457662878605552,0.013376652550417357,0.02831957989497358,-0.04613481124345542,-0.015321615579895491,174976704.7,-39.50720097475284,13.908238558624287,7.970438634743196,-2.4883523850749336,0.0,-9.781264922757693,-7.17,1.0,13.08338518979465,0.6000000000000014,20664.0,True,True,27.257709251101318,LPG/CNG/PNG/LNG Supplier,Energy,68.0,93,"Uptrend (price > 50 > 150 > 200-day, 200-day rising); Within 15% of 52-week high; Quarterly profit growth >= 25%; Sales growth >= 20% or 2+ strong quarters; 3-year profit growth >= 15%/yr; ROE >= 20%; RS rating >= 80; Net profit margin up vs a year ago",8
MIDHANI,0.05290562766904644,0.057103064066852394,0.5435385468663338,0.21491286791736242,0.8988391376451079,0.0,1.0,0.9027954786638867,0.9642411935138329,0.03102505949719912,0.13598475827578005,0.033584339862363644,-0.040690075396479196,264594703.42499998,26.98919850019843,40.46334310850441,-11.577752688208488,0.29423349495287887,2.0,-4.958309032097407,-0.7300000000000004,1.0,8.550913838120104,0.8100000000000005,20677.0,True,True,63.12885462555066,Aerospace & Defense,Industrials,22.0,93,3-year profit growth >= 15%/yr; ROE >= 20%; RS rating >= 80; Net profit margin up vs a year ago,4
MINDACORP,0.0324837077979233,0.23018476946986688,0.4088796598437654,0.48629584553577815,0.8678153446033811,0.0,0.0,0.4097608915174654,1.159890717601268,0.017793100242156714,0.0298773690078038,-0.050719339521995366,-0.016768190488972875,159766742.75,64.90227307419684,33.22293416457411,-69.43948084766717,1.6858434774022295,3.0,13.088499682907951,1.12,1.0,13.565744600227358,-0.4499999999999993,20665.0,True,True,56.91409691629956,Auto Components & Equipments,Consumer Discretionary,20.0,93,"Uptrend (price > 50 > 150 > 200-day, 200-day rising); 3-year profit growth >= 15%/yr; ROE >= 20%; RS rating >= 80",4
MMFL,0.15553120352506003,1.0389207629089783,0.7694792087202262,1.792834517962834,0.8313830947016498,0.0,0.0,0.2952598911916708,1.1856797681742834,0.027358900548968983,0.044006807682956506,-0.06471831987794485,-0.029652702128413054,64212493.974999994,78.01348339882885,16.267109083367902,43.49692827902349,1.8051781448180455,2.0,-4.294802037541556,2.820000000000001,1.0,10.153846153846153,-0.3000000000000007,20655.0,True,True,84.4988986784141,Auto Components & Equipments,Consumer Discretionary,20.0,93,"Uptrend (price > 50 > 150 > 200-day, 200-day rising); Within 15% of 52-week high; 3-year profit growth >= 15%/yr; ROE >= 20%",4
MMTC,-0.05645260542405431,-0.08688644688644687,0.19616122840690986,-0.38714735669742406,0.7184428844926611,0.0,0.0,0.6299400761019285,0.5830831382912369,0.015908593264656386,0.02984595635430054,-0.09252416603793057,-0.03467984993044105,68739528.75999999,135.47997959233854,-50.0,-164.52002040766146,1.2886285824719539,3.0,-17.356160528818588,12069.85,1.0,18.246110325318245,0.040000000000000036,20676.0,True,True,23.44162995594714,Trading & Distributors,Services,17.0,93,"Uptrend (price > 50 > 150 > 200-day, 200-day rising); Within 15% of 52-week high; 3-year profit growth >= 15%/yr; ROE >= 20%; RS rating >= 80",5
MOBIKWIK,-0.04990091056491291,-0.32135887242500905,0.21093699619526673,-0.6136341772128997,0.6613751263902932,0.0,0.0,0.5077527076284705,0.4861381923953343,0.02668774687462197,0.07715224984590097,-0.01847800316319892,-0.029986086756903403,154484928.06,100.0,3.729363207547176,0.0,0.9746947867838174,3.0,,18.16,1.0,-11.50278293135436,-0.3100000000000005,20668.0,True,True,25.404185022026432,Financial Technology (Fintech),Financial Services,53.0,93,"Uptrend (price > 50 > 150 > 200-day, 200-day rising); Within 15% of 52-week high; 3-year profit growth >= 15%/yr; ROE >= 20%; RS rating >= 80",5
MOIL,-0.11439525639363034,-0.30915862068965516,-0.1158693733451015,-0.9054262600149149,0.5746110150654483,0.0,0.0,0.793824850498354,0.3793056677737004,0.018352172467913947,0.024014155712841267,-0.10115953742129458,-0.019198099895261368,155742212.55,-7.391165538131839,4.480524549215503,84.32098671639329,-0.08057873862566879,0.0,-36.70448248175319,-2.4599999999999973,1.0,8.97575099529497,-1.2399999999999984,18670.0,True,True,6.432819383259912,Industrial Minerals,Commodities,76.0,93,"Uptrend (price > 50 > 150 > 200-day, 200-day rising); Within 15% of 52-week high; Quarterly profit growth >= 25%; Sales growth >= 20% or 2+ strong quarters; 3-year profit growth >= 15%/yr; ROE >= 20%; RS rating >= 80; Net profit margin up vs a year ago",8
MOL,-0.012037674166754296,-0.2360702085051244,0.7651061513336961,-0.726877340489506,0.6459285295840657,0.0,0.0,0.5672283256727579,0.46295602456981044,0.03217906880777648,0.05206073752711493,-0.07640398990795871,-0.04587740293881397,62939766.55,279.4957838703934,-11.536455786969125,339.0375250387508,2.052449488003014,1.0,-6.617478476633664,6.8100000000000005,1.0,1.878238341968912,-0.43000000000000005,20663.0,True,True,40.45044052863436,Pesticides & Agrochemicals,Commodities,93.0,93,"Uptrend (price > 50 > 150 > 200-day, 200-day rising); Within 15% of 52-week high; Sales growth >= 20% or 2+ strong quarters; 3-year profit growth >= 15%/yr; ROE >= 20%; RS rating >= 80",6
MOREPENLAB,0.5819397544628888,1.0399527652037,2.07749406175772,2.8791394773084016,0.9883952989873606,1.0,1.0,1.1586082362330348,1.5327465127591169,0.04806047990110016,0.08027013989387344,0.39417432809179953,-0.044945935589678916,1988056526.88,300.0,34.072523751293396,322.67794984604444,2.9705839940706076,1.0,35.01617539656061,7.200000000000001,1.0,7.698476343223737,-0.09999999999999964,20669.0,True,True,98.8909691629956,Pharmaceuticals,Healthcare,21.0,93,ROE >= 20%,1
MOSCHIP,-0.0334542814025239,-0.12885471469040877,0.45190880884931883,-0.41367546735247646,0.6865314612584503,0.0,0.0,0.17787504322417835,0.6871028327474971,0.02484312920167702,0.04468768829082137,-0.05210252973697438,-0.02031562231978268,267945497.29500002,-77.53520729968268,-14.293089460874697,-68.77978019122357,-2.044875106447849,0.0,59.71715257559724,-5.940000000000001,1.0,8.557457212713937,0.37,20658.0,True,True,32.38215859030837,Computers Hardware & Equipments,Information Technology,9.0,93,"Uptrend (price > 50 > 150 > 200-day, 200-day rising); Within 15% of 52-week high; Quarterly profit growth >= 25%; Sales growth >= 20% or 2+ strong quarters; ROE >= 20%; RS rating >= 80; Net profit margin up vs a year ago",7
MOTHERSON,0.10495645120132382,0.5339014449796222,0.5759421393224209,1.3309904991707662,0.906273446066832,0.0,0.0,0.3390089743163278,1.4481366492815335,0.019034137559648903,0.029641775983854535,-0.02783934306876612,-0.016574986537748703,2094048318.0,59.550385793902464,16.654872236197527,6.7962226876271,1.01676524119919,2.0,41.171828285044775,0.8199999999999998,1.0,9.970960735986726,-0.07000000000000028,20644.0,True,True,76.53964757709251,Auto Components & Equipments,Consumer Discretionary,20.0,93,"Uptrend (price > 50 > 150 > 200-day, 200-day rising); ROE >= 20%; RS rating >= 80",3
MOTILALOFS,0.044520160872699485,0.0765562913907285,0.6056894508099566,0.12371905280321287,0.902287849785799,0.0,1.0,-0.099860087153737,1.2491785369399524,0.020578786407237492,0.03525322740814296,0.027381976654277773,-0.018482293855454326,757521926.0,9.52166331243427,25.16340705070825,67.71595795208385,0.22197265934376814,0.0,11.508683378959915,-5.310000000000002,1.0,14.52513966480447,0.5899999999999999,20657.0,True,True,60.18502202643171,Stockbroking & Allied,Financial Services,11.0,93,Quarterly profit growth >= 25%; 3-year profit growth >= 15%/yr; ROE >= 20%; RS rating >= 80; Net profit margin up vs a year ago,5
MPHASIS,-0.03230586535910329,-0.08588419862089103,0.2204091573307354,-0.601837907601317,0.7563697478991596,0.0,0.0,0.22591525045750455,2.269401354036041,0.019057476498115167,0.04446713702190852,-0.05323860389930046,-0.0262864134015784,985917604.5,10.903505621550114,17.45644328584941,-3.262824580839375,2.8442448503093147,0.0,5.855585986612488,-0.6600000000000001,1.0,17.339910647803425,-0.3499999999999943,20637.0,True,True,33.14537444933921,Computers - Software & Consulting,Information Technology,80.0,93,"Uptrend (price > 50 > 150 > 200-day, 200-day rising); Within 15% of 52-week high; Quarterly profit growth >= 25%; Sales growth >= 20% or 2+ strong quarters; 3-year profit growth >= 15%/yr; ROE >= 20%; RS rating >= 80; Net profit margin up vs a year ago",8
MPSLTD,0.138016285464447,0.19475722907846138,0.7788358369098711,0.40734863646828373,0.8823094998321585,0.0,0.0,0.9767175476194017,0.5504741574571355,0.036455891078270686,0.04302462343969338,-0.03140597223491526,-0.01871265605204558,59821309.2,41.173903473479,20.37792570324244,31.31146451008542,2.396158389799557,1.0,15.502654871506373,3.3099999999999987,1.0,29.026845637583893,0.0900000000000003,20655.0,True,True,82.42731277533039,Printing & Publication,Consumer Discretionary,,93,"Uptrend (price > 50 > 150 > 200-day, 200-day rising)",1
MRF,-0.05642213122517966,-0.13925656118898178,0.02988443130082885,-0.8541285949511961,0.7562041564792176,0.0,0.0,-0.25898110190628304,1.0609296546908853,0.009240393685330212,0.0178745531361717,-0.049938602910966856,-0.012385637450539286,398514537.5,-1.2577831320746968,9.639065928052904,-36.692435812098246,-0.031780314955552065,0.0,25.93263053395203,-0.6500000000000004,1.0,11.566701630590256,-0.6900000000000013,20649.0,True,True,23.55066079295154,Tyres & Rubber Products,Consumer Discretionary,83.0,93,"Uptrend (price > 50 > 150 > 200-day, 200-day rising); Within 15% of 52-week high; Quarterly profit growth >= 25%; Sales growth >= 20% or 2+ strong quarters; ROE >= 20%; RS rating >= 80; Net profit margin up vs a year ago",7
MRPL,0.08140654441542117,0.3448925152989173,-0.04681939501779364,0.5687925532502421,0.7760350430973576,0.0,0.0,0.3755368349262708,2.570352011792337,0.031113022934108697,0.0664893617021276,-0.035662235957226285,-0.02981408333335791,1078721131.105,100.0,120.40610201639414,168.40220041572314,0.8343096746475144,1.0,43.017431899173864,3.1,1.0,13.559202648446856,-1.19,20649.0,True,True,70.76101321585902,Refineries & Marketing,Energy,46.0,93,"Uptrend (price > 50 > 150 > 200-day, 200-day rising); Within 15% of 52-week high; ROE >= 20%; RS rating >= 80",4
MSTCLTD,0.12922091710758665,0.4300695873762619,0.9941232745660789,0.7923233943189546,0.8767701863354037,0.0,1.0,0.8786206962621017,1.189889205741051,0.027968150212566913,0.07007627349496048,0.03289669130613593,-0.02383037275190942,157185025.60000002,37.51352544304356,21.709931551078366,47.57197172890988,1.0350682355432703,1.0,-0.5536606466105765,7.100000000000001,1.0,24.11504424778761,1.0700000000000003,20678.0,True,True,80.68281938325991,Trading & Distributors,Services,17.0,93,3-year profit growth >= 15%/yr,1
MSUMI,-0.09652797723651639,-0.21327114691541238,0.005691056910569037,-0.9558878552151946,0.625676432170181,0.0,0.0,-0.6070012722643621,1.5133619453866667,0.014896355762581928,0.016915703411333638,-0.1178405114578126,-0.024731988848928316,327273736.69,1.6294521072418133,36.61664053760381,0.09953374413109728,0.12505039891988312,0.0,9.046585069188406,-1.4700000000000006,1.0,28.921795465062473,-0.389999999999997,20679.0,True,True,10.248898678414097,Auto Components & Equipments,Consumer Discretionary,20.0,93,"Uptrend (price > 50 > 150 > 200-day, 200-day rising); Within 15% of 52-week high; Quarterly profit growth >= 25%; 3-year profit growth >= 15%/yr; RS rating >= 80; Net profit margin up vs a year ago",6
MUFIN,0.0954189831682529,0.5235347363656937,0.4120176174496646,1.294911823927164,0.9228975265017668,0.0,0.0,0.10158287555734685,2.3104924124989457,0.013014441238342177,0.016858522094318484,-0.023723978307967575,-0.010938655675208332,105116854.905,300.0,57.134096484055604,77.44976473055493,3.8975916362440133,3.0,53.50734742048542,11.81,1.0,4.869565217391305,1.8400000000000016,20676.0,True,True,74.68612334801763,Non Banking Financial Company (NBFC),Financial Services,37.0,93,"Uptrend (price > 50 > 150 > 200-day, 200-day rising); ROE >= 20%; RS rating >= 80",3
MUTHOOTFIN,-0.04115907843930765,-0.05935304212673642,-0.0807252935033701,-0.3404014335074896,0.6499819255331968,0.0,0.0,-0.3118999970243877,1.1864717445317716,0.02010075815686565,0.025593819940798568,-0.07374082189146314,-0.019632461211454313,2200466547.5,43.09304295781211,34.44070119516971,-92.26690388305556,1.2675358583736305,8.0,43.34972692495944,1.9699999999999989,1.0,27.107078967544084,-0.38000000000000256,20666.0,True,True,29.765418502202643,Non Banking Financial Company (NBFC),Financial Services,37.0,93,"Uptrend (price > 50 > 150 > 200-day, 200-day rising); Within 15% of 52-week high; RS rating >= 80",3
MUTHOOTMF,-0.003412940721460145,0.18828730620155043,0.3467636762989912,0.12418772224140807,0.6625185523461583,0.0,0.0,-1.0254654834938366,0.6356382367125284,0.02784465205622443,0.03562509556087856,-0.166791104780721,-0.03762721647765465,55651067.655,300.0,19.694962586373556,200.0,0.2761595125558219,3.0,-0.8278371829523179,11.05,1.0,5.954465849387041,0.16999999999999815,20679.0,True,True,44.04845814977974,Microfinance Institutions,Financial Services,48.0,93,"Uptrend (price > 50 > 150 > 200-day, 200-day rising); Within 15% of 52-week high; 3-year profit growth >= 15%/yr; ROE >= 20%; RS rating >= 80",5
NACLIND,-0.09641920688605626,-0.1624776475263261,0.345435684647303,-0.6401456268044494,0.5322857142857143,0.0,0.0,-0.46018857962095805,1.2645567585027788,0.027716634571948052,0.02062111801242228,-0.21617112124614413,-0.06865099057013453,72435324.50999999,59.82762992060564,-14.503970024087797,-91.92466469629585,0.18116142431718238,1.0,-14.789841626587375,2.5300000000000002,1.0,0.7320644216691069,-0.09999999999999987,20637.0,True,True,10.357929515418501,Pesticides & Agrochemicals,Commodities,93.0,93,"Uptrend (price > 50 > 150 > 200-day, 200-day rising); Within 15% of 52-week high; Sales growth >= 20% or 2+ strong quarters; 3-year profit growth >= 15%/yr; ROE >= 20%; RS rating >= 80",6
NAM-INDIA,0.03593766623343986,0.38441665198755226,0.47059190419759256,0.5835420000113728,0.8239464356045687,0.0,0.0,-0.2628426617570502,0.8660524318773891,0.02010862134292853,0.03217158176943702,-0.10397949603558043,-0.04194231483412382,1090869646.05,27.15462046212538,26.418951220718423,-1.6801586830231372,1.7638322269489588,3.0,24.660623836302253,0.38000000000000966,1.0,32.818201330757674,0.4100000000000037,20656.0,True,True,57.56828193832599,Asset Management Company,Financial Services,71.0,93,"Uptrend (price > 50 > 150 > 200-day, 200-day rising); Within 15% of 52-week high; RS rating >= 80",3
NATCOPHARM,-0.028893304374983962,-0.005853430110044466,-0.12831040854034081,-0.10524837061254509,0.6694652755135311,0.0,0.0,-0.5784526209125357,1.639179346305965,0.013703468523006246,0.027667014293601744,-0.05544393445036244,-0.013295049290858096,306406593.15,-56.999174996209376,-44.676047859131614,-23.266169263203636,-1.4706134106549995,0.0,11.981172333792811,-8.05,1.0,15.377941654918123,-0.2100000000000044,20679.0,True,True,34.67180616740088,Pharmaceuticals,Healthcare,21.0,93,"Uptrend (price > 50 > 150 > 200-day, 200-day rising); Within 15% of 52-week high; Quarterly profit growth >= 25%; Sales growth >= 20% or 2+ strong quarters; 3-year profit growth >= 15%/yr; ROE >= 20%; RS rating >= 80; Net profit margin up vs a year ago",8
NATIONALUM,0.1148789053896465,0.8050366344800814,-0.03651903651903654,1.466701359824013,0.7523306750533528,0.0,0.0,0.32752154333460637,1.1546942840094525,0.023384453490342388,0.03194207836456564,-0.09384605394172918,-0.0276713948176141,1948830078.9,90.86223451948557,39.2819429778247,107.53738932401514,1.6724073952586205,1.0,77.35313163374889,10.21,1.0,26.834235985742723,0.19000000000000483,20665.0,True,True,78.5022026431718,Aluminium,Commodities,3.0,93,"Uptrend (price > 50 > 150 > 200-day, 200-day rising); Within 15% of 52-week high; RS rating >= 80",3
NAUKRI,0.016651152589628904,-0.0211506532880964,0.4012607212979229,-0.4298902499991969,0.8451299387280794,0.0,0.0,0.015816963166945898,1.327099979148517,0.01947992269987054,0.036125319693094626,-0.06652778674516135,-0.02386040476070401,1592840751.6999998,11.03571996735453,11.366107781402523,4.908147023734233,0.2049582254149254,0.0,99.4923901699127,-0.13000000000000256,1.0,4.649997362451865,0.14999999999999858,20668.0,True,True,51.353524229074885,Internet & Catalogue Retail,Consumer Discretionary,66.0,93,"Uptrend (price > 50 > 150 > 200-day, 200-day rising); Within 15% of 52-week high; Quarterly profit growth >= 25%; Sales growth >= 20% or 2+ strong quarters; ROE >= 20%; RS rating >= 80; Net profit margin up vs a year ago",7
NAVA,-0.06132139965980923,-0.19840705447304796,0.06049487251858121,-0.5960457305638689,0.747227481741953,0.0,0.0,-0.12934494301490668,1.5592363414960622,0.015770524453941375,0.02872301500182939,-0.015493723215638133,-0.011520891938766424,136237152.45000002,-16.557481149833087,1.5571311241849628,38.402418257844424,-0.6018506072598524,0.0,-7.313085108835271,-5.969999999999999,1.0,11.881074899942824,-0.34999999999999787,20655.0,True,True,21.588105726872246,Power Generation,Utilities,73.0,93,"Uptrend (price > 50 > 150 > 200-day, 200-day rising); Within 15% of 52-week high; Quarterly profit growth >= 25%; Sales growth >= 20% or 2+ strong quarters; 3-year profit growth >= 15%/yr; ROE >= 20%; RS rating >= 80; Net profit margin up vs a year ago",8
NAVINFLUOR,0.13892933064689636,0.8653073566892737,0.40137931034482754,2.0664661525944363,0.9091569361416839,0.0,0.0,0.6815738462146834,0.7372095027118538,0.025136454447944902,0.045012165450121655,-0.013123582422647329,-0.021733615672479643,997212092.25,107.67414668623098,44.06947890818857,-5.286105845503684,2.601942234343043,7.0,29.962269331566294,7.130000000000003,1.0,16.708605938600908,0.7999999999999972,20651.0,True,True,82.64537444933922,Specialty Chemicals,Commodities,39.0,93,"Uptrend (price > 50 > 150 > 200-day, 200-day rising); ROE >= 20%",2
NAZARA,0.1318141529647587,0.3142091152815012,0.5775584638489593,0.9545753414808869,0.9572032843991043,1.0,1.0,1.1413143422403027,1.0445547339523213,0.019481099057223825,0.03246475865014964,0.08101880472534773,-0.028804970822029256,566603868.45,-100.0,-14.034524931331072,-400.0,-1.397553033762457,0.0,15.074290005029823,-26.53,0.0,2.361071120069105,2.3599999999999994,20668.0,True,True,81.22797356828194,Digital Entertainment,Consumer Discretionary,,93,Quarterly profit growth >= 25%; Sales growth >= 20% or 2+ strong quarters; ROE >= 20%; Net profit margin up vs a year ago,4
NBCC,-0.08462562742733254,-0.2258767944757405,0.09907120743034059,-0.8508018141687698,0.6150178784266985,0.0,0.0,-0.3715986872720294,1.5792508164317043,0.014549219272547933,0.025518925518925428,-0.11879628027287714,-0.026979032944942315,462229217.84499997,16.90491056643142,-5.506045107247848,16.733013098803106,1.247423988788924,0.0,20.83023983654162,1.3399999999999999,1.0,24.593967517401392,0.30999999999999694,20676.0,True,True,13.519823788546256,Civil Construction,Industrials,77.0,93,"Uptrend (price > 50 > 150 > 200-day, 200-day rising); Within 15% of 52-week high; Quarterly profit growth >= 25%; Sales growth >= 20% or 2+ strong quarters; RS rating >= 80",5
NCC,-0.10628210402794032,-0.29711570763545614,0.11852756987933422,-1.2469423044751298,0.5986651323360184,0.0,0.0,-0.02465874960160925,10.222716197622107,0.017596075884251765,0.033045674594822216,-0.07974635358514015,-0.032427788687887045,243667562.005,11.935271285117622,12.219370958430131,30.04173941584818,0.5334793265515388,0.0,3.2264683437418284,-0.010000000000000231,1.0,9.200660820942941,0.6600000000000001,20663.0,True,True,7.632158590308371,Civil Construction,Industrials,77.0,93,"Uptrend (price > 50 > 150 > 200-day, 200-day rising); Within 15% of 52-week high; Quarterly profit growth >= 25%; Sales growth >= 20% or 2+ strong quarters; 3-year profit growth >= 15%/yr; ROE >= 20%; RS rating >= 80; Net profit margin up vs a year ago",8
NELCO,0.058961970122248415,0.07451322290031981,0.826417704011065,0.07217792317488929,0.7939285714285714,0.0,0.0,0.22366257712678125,0.6596263520705861,0.03245862014621133,0.048277648277648355,-0.07257816386746996,-0.04640057612788607,243057633.3,15.44246434969503,7.006284262601947,-84.55753565030497,0.06634856037589151,0.0,-34.07923228462475,0.18999999999999995,1.0,2.3255813953488373,0.6799999999999997,20650.0,True,True,65.52753303964758,Computers Hardware & Equipments,Information Technology,9.0,93,"Uptrend (price > 50 > 150 > 200-day, 200-day rising); Within 15% of 52-week high; Quarterly profit growth >= 25%; Sales growth >= 20% or 2+ strong quarters; 3-year profit growth >= 15%/yr; ROE >= 20%; RS rating >= 80",7
NEOGEN,0.18607518070926005,0.4019135641759959,0.9369604316546762,1.1380615747763954,0.96295555466656,1.0,1.0,0.5511350208516685,0.8292376934422403,0.027320954248404413,0.05928520752039734,0.08692805440284657,-0.020806975032721137,356761235.04999995,66.9987261347804,34.03845123975795,43.29067485604838,1.1500046912330233,2.0,-9.878353632104886,1.3499999999999996,1.0,3.553921568627451,-3.3999999999999986,20658.0,True,True,88.42400881057269,Specialty Chemicals,Commodities,39.0,93,3-year profit growth >= 15%/yr; ROE >= 20%,2
NESTLEIND,0.007422974804724427,0.2202613269981335,0.22420837589376919,0.5251149916585965,0.8420476497102383,0.0,0.0,-0.1969102668366005,0.9615524626313284,0.013678097719783535,0.017083363882982594,-0.09159112222569543,-0.01958319188743596,2254433342.85,48.92549142642832,25.156588490157294,18.676837007513722,2.2782421536582422,3.0,13.480194559520097,2.41,1.0,67.84952491758774,0.05000000000000071,20656.0,True,True,47.75550660792951,Packaged Foods,Fast Moving Consumer Goods,74.0,93,"Uptrend (price > 50 > 150 > 200-day, 200-day rising); Within 15% of 52-week high; 3-year profit growth >= 15%/yr; RS rating >= 80",4
NETWEB,0.0753058726888161,0.5034831986886781,0.6575771266296631,0.593433836779663,0.7776191295372441,0.0,0.0,0.28364903548366077,0.5284709380580596,0.028912919955056765,0.03131115459882583,-0.07180774389507683,-0.03560532234636167,6455877313.2,179.9306597776321,172.1323993227317,114.39458580215886,4.123333429809027,6.0,77.73570211931214,0.2900000000000009,1.0,28.492392807745503,1.2100000000000009,20679.0,True,True,69.01651982378856,IT Enabled Services,Information Technology,38.0,93,"Uptrend (price > 50 > 150 > 200-day, 200-day rising); Within 15% of 52-week high; RS rating >= 80",3
NETWORK18,-0.1634534214331848,-0.4793020233896417,0.01925872093023262,-1.4234812625733122,0.46884218289085544,0.0,0.0,0.07129060666192662,0.6850444401494357,0.021216805490492575,0.030127041742286753,-0.09709351455373061,-0.020829969247831176,84883165.195,-40.32386699936169,10.344974992519118,-140.32386699936168,-0.24861840261687637,0.0,-46.12731586197791,-7.05,0.0,3.1516876779178524,-1.9699999999999998,20649.0,True,True,1.4174008810572687,Media & Entertainment,Consumer Discretionary,40.0,93,"Uptrend (price > 50 > 150 > 200-day, 200-day rising); Within 15% of 52-week high; Quarterly profit growth >= 25%; Sales growth >= 20% or 2+ strong quarters; 3-year profit growth >= 15%/yr; ROE >= 20%; RS rating >= 80; Net profit margin up vs a year ago",8
NEULANDLAB,0.1290961557809365,0.532649936763629,0.9144425043651783,1.1124827642526696,0.887719298245614,0.0,0.0,0.6520444879626717,1.2024294491609218,0.023332034038361933,0.049191080017490174,-0.025479375327974507,-0.03517524981718564,1030680324.0,300.0,119.15627668659266,0.0,1.60741118682074,2.0,32.20307218942571,18.27,1.0,19.413333333333334,1.2999999999999972,20644.0,True,True,80.57378854625551,Pharmaceuticals,Healthcare,21.0,93,"Uptrend (price > 50 > 150 > 200-day, 200-day rising); ROE >= 20%",2
NEWGEN,-0.09410770200933241,-0.3922901199314678,0.3225205070842654,-0.898920195404866,0.4379768702912808,0.0,0.0,0.4927221890920227,1.7595692874325775,0.032827064239020556,0.01704660076659259,-0.12322329515107044,-0.032148751327990235,323786348.725,26.293653768502836,11.233081768851738,22.666036958444003,1.3658686823056,1.0,22.28029385057797,2.0999999999999996,1.0,16.938660664040516,-1.3999999999999986,20640.0,True,True,11.12114537444934,Computers - Software & Consulting,Information Technology,80.0,93,"Uptrend (price > 50 > 150 > 200-day, 200-day rising); Within 15% of 52-week high; Sales growth >= 20% or 2+ strong quarters; ROE >= 20%; RS rating >= 80",5
NH,-0.013953956151915282,0.126365326516384,0.20768703669096134,0.03857311048233629,0.8318922275832418,0.0,0.0,-0.46089056777863063,3.2879940799714205,0.0169049567391066,0.03205608476934607,-0.07916319867844523,-0.03054986839002773,430230564.5,5.650507289989393,78.0457383216013,-6.8148453591618585,0.39489188608474,0.0,8.239466314189947,-5.29,1.0,17.765042979942695,-0.6699999999999982,20659.0,True,True,39.68722466960352,Hospital,Healthcare,50.0,93,"Uptrend (price > 50 > 150 > 200-day, 200-day rising); Within 15% of 52-week high; Quarterly profit growth >= 25%; 3-year profit growth >= 15%/yr; ROE >= 20%; RS rating >= 80; Net profit margin up vs a year ago",7
NHPC,-0.05535842334704542,-0.11577239541082407,0.03499728703201299,-0.7248400821356938,0.8142305946436676,0.0,0.0,-0.5244588449988828,1.0615668158507265,0.010285823916128388,0.023271276595744572,-0.06401486096544096,-0.021444625124641715,677931888.63,4.124938351219876,18.499768185028785,-64.37032706678767,0.12324303297529124,0.0,-0.27338460119561425,-4.270000000000003,1.0,10.184134951854624,5.710000000000001,20669.0,True,True,23.986784140969164,Power Generation,Utilities,73.0,93,"Uptrend (price > 50 > 150 > 200-day, 200-day rising); Within 15% of 52-week high; Quarterly profit growth >= 25%; Sales growth >= 20% or 2+ strong quarters; 3-year profit growth >= 15%/yr; ROE >= 20%; RS rating >= 80; Net profit margin up vs a year ago",8
NIACL,-0.029410819090741995,-0.05137108716744121,0.5767272109998305,-0.3763075054926273,0.6603874690849135,0.0,0.0,0.8961997828088988,0.599449288352153,0.038278934300453954,0.1770337377770952,-0.12898578302117591,-0.07415767880026654,354202450.21,-100.0,1.541768459963766,-162.8981856832121,-3.2135998615958474,0.0,-12.92347148540931,-5.4399999999999995,0.0,4.966527636605797,0.009999999999999787,20642.0,True,True,34.34471365638766,General Insurance,Financial Services,79.0,93,"Uptrend (price > 50 > 150 > 200-day, 200-day rising); Within 15% of 52-week high; Quarterly profit growth >= 25%; Sales growth >= 20% or 2+ strong quarters; 3-year profit growth >= 15%/yr; ROE >= 20%; RS rating >= 80; Net profit margin up vs a year ago",8
NIBE,0.015724401904022776,0.006906282489232307,0.6592021536955457,-0.15914597948478484,0.6680194805194806,0.0,0.0,-0.251627516562945,0.811639112701672,0.025445256152453095,0.0653457653457652,-0.09844972789175277,-0.04210104175079336,59938653.3,-100.0,-23.624242424242425,-315.8350738763827,-0.9823405040522275,0.0,-80.04984683589245,-20.3,0.0,0.0,0.9100000000000001,20679.0,True,True,50.91740088105726,Aerospace & Defense,Industrials,22.0,93,"Uptrend (price > 50 > 150 > 200-day, 200-day rising); Within 15% of 52-week high; Quarterly profit growth >= 25%; Sales growth >= 20% or 2+ strong quarters; 3-year profit growth >= 15%/yr; ROE >= 20%; RS rating >= 80; Net profit margin up vs a year ago",8
NILKAMAL,0.1541696685939589,0.2983531214094217,0.9068154120183742,0.5456968126650914,0.8708071644568504,0.0,0.0,1.011168724663374,0.2905484664922947,0.03430352246524711,0.023652578518805756,-0.02494165694282391,-0.03601009643105513,65374390.8,58.96747993510096,-7.180062051316893,37.19450661861276,1.0037221137886996,3.0,-0.6224876010598734,1.24,1.0,7.3557387444514895,-0.8300000000000001,20666.0,True,True,84.17180616740087,Plastic Products - Consumer,Consumer Discretionary,33.0,93,"Uptrend (price > 50 > 150 > 200-day, 200-day rising); 3-year profit growth >= 15%/yr; ROE >= 20%",3
NIVABUPA,-0.04427119036436187,0.013671634437738556,0.17219769263637663,-0.4357726511194765,0.7984682713347921,0.0,0.0,0.1904211481837793,6.8629341637394505,0.014026714253813787,0.020878820960698707,-0.111376283073776,-0.03866451370061075,63076337.975,92.9301018891287,27.92856218454771,115.56673098553252,1.0166067531407734,1.0,,1.88,1.0,3.4601162176439515,1.1700000000000053,20679.0,True,True,27.911894273127757,General Insurance,Financial Services,79.0,93,"Uptrend (price > 50 > 150 > 200-day, 200-day rising); Within 15% of 52-week high; 3-year profit growth >= 15%/yr; ROE >= 20%; RS rating >= 80",5
NLCINDIA,-0.05026644686279495,-0.021580167647583415,0.02122114668652264,-0.26543728563594754,0.6529138731304795,0.0,0.0,-0.1426278838358526,1.4231048212796642,0.017681582434514048,0.027217544546700667,-0.08326635239936564,-0.020694724031968974,425428324.7,-48.01868359637938,23.29406290761473,-264.3192654371071,-1.0306530213788696,0.0,38.05035821199267,-12.690000000000001,1.0,17.509872241579558,-0.020000000000003126,20672.0,True,True,25.18612334801762,Power Generation,Utilities,73.0,93,"Uptrend (price > 50 > 150 > 200-day, 200-day rising); Within 15% of 52-week high; Quarterly profit growth >= 25%; ROE >= 20%; RS rating >= 80; Net profit margin up vs a year ago",6
NMDC,-0.027790552441666644,0.10997409326424856,0.12350858791136754,-0.11648183525948243,0.7656169863575751,0.0,0.0,0.23232183768094328,1.5186071880200196,0.013691009663647263,0.02244389027431426,-0.10585292574410432,-0.03372098172543985,1302232152.15,0.42239065759628325,0.8367884182191032,-36.85661840627066,0.03523189497908522,0.0,14.614643292885532,-0.120000000000001,1.0,21.871880688156892,0.030000000000001137,20679.0,True,True,34.889867841409696,Industrial Minerals,Commodities,76.0,93,"Uptrend (price > 50 > 150 > 200-day, 200-day rising); Within 15% of 52-week high; Quarterly profit growth >= 25%; Sales growth >= 20% or 2+ strong quarters; 3-year profit growth >= 15%/yr; RS rating >= 80; Net profit margin up vs a year ago",7
NOCIL,-0.02428519329511878,-0.06297646668876367,0.10422498535251612,-0.15502814705726445,0.7994791666666666,1.0,0.0,0.633335759168061,1.6982685067254502,0.026968795522995446,0.07455147186901234,-0.02371756325454466,-0.06506935212591507,98991173.42000002,60.992228355076584,19.867943608351666,79.15567014754517,0.7632877403036089,1.0,-15.897213431930602,1.7599999999999998,1.0,3.1584884376762554,-0.2099999999999973,20641.0,True,True,35.87114537444934,Specialty Chemicals,Commodities,39.0,93,"Uptrend (price > 50 > 150 > 200-day, 200-day rising); Within 15% of 52-week high; Sales growth >= 20% or 2+ strong quarters; 3-year profit growth >= 15%/yr; ROE >= 20%; RS rating >= 80",6
NORTHARC,0.020106164626259828,0.08750907770515615,0.44790911288373225,0.1250450909917101,0.8643712574850299,0.0,0.0,0.4568991701530059,0.7634743806786818,0.024083916003711136,0.04950996958431908,-0.020120287277516247,-0.037335362358422955,233663778.55,45.84259996055309,28.796062302826098,-199.86131486874942,0.865300575670038,3.0,,1.7100000000000009,1.0,10.369609856262834,-0.3500000000000014,20661.0,True,True,52.33480176211454,Non Banking Financial Company (NBFC),Financial Services,37.0,93,"Uptrend (price > 50 > 150 > 200-day, 200-day rising); 3-year profit growth >= 15%/yr; ROE >= 20%; RS rating >= 80",4
NPST,0.04994204281780394,-0.14725727530260113,0.7258417596163869,-0.15016803215448374,0.858357628765792,0.0,1.0,1.7008841367443754,1.0081023917338967,0.030141949178458104,0.11899969502897223,0.07139174788784497,-0.04641077326007433,64759567.400000006,53.622576556898174,67.99524092801903,-80.88321709762047,0.45034982595979867,3.0,57.602986647437234,-1.8300000000000018,1.0,9.297052154195011,-0.03999999999999915,20676.0,True,True,62.47466960352423,Financial Technology (Fintech),Financial Services,53.0,93,ROE >= 20%; RS rating >= 80; Net profit margin up vs a year ago,3
NRBBEARING,0.24681607795039706,0.544229149115417,1.1195652173913047,1.971966000645323,0.9691016252902305,1.0,1.0,1.2169662983228882,1.9973729118112065,0.03079317233659184,0.11287590004235493,0.14218353664312566,-0.045913549265358844,178956533.85,9.383427698867997,19.184002580228988,14.16709242014256,0.462541558642771,0.0,15.137849380587355,-0.8699999999999992,1.0,15.176715176715177,8.020000000000003,20641.0,True,True,93.54845814977973,Auto Components & Equipments,Consumer Discretionary,20.0,93,Quarterly profit growth >= 25%; Sales growth >= 20% or 2+ strong quarters; ROE >= 20%; Net profit margin up vs a year ago,4
NSLNISP,-0.02483667307223359,-0.017237664296487765,0.3737951807228914,-0.29896896642170984,0.7618604651162791,0.0,0.0,0.44670871023242203,0.986598220105928,0.02512983014489961,0.03387438249823593,-0.04998538439052902,-0.02348857949393352,179106733.83,97.58382888238475,8.814282572907572,-2.4161711176152494,0.05356082924000277,3.0,,0.6199999999999999,1.0,0.4478518293608623,0.5599999999999987,20679.0,True,True,35.65308370044053,Iron & Steel,Commodities,47.0,93,"Uptrend (price > 50 > 150 > 200-day, 200-day rising); Within 15% of 52-week high; 3-year profit growth >= 15%/yr; ROE >= 20%; RS rating >= 80",5
NTPC,-0.03885982184019631,-0.05782508630609906,-0.11641710508566028,-0.4839663761376975,0.760376447876448,0.0,0.0,-0.16979298007325455,1.4215938284391247,0.009791346577431892,0.011185006045949075,-0.060140844650319214,-0.015412101641197804,2513798487.625,12.878538788080252,7.811878842478448,-21.48628689976002,0.8587561338762487,0.0,16.21680575230331,0.6099999999999994,1.0,13.5577036657873,0.07000000000000028,20658.0,True,True,30.528634361233483,Power Generation,Utilities,73.0,93,"Uptrend (price > 50 > 150 > 200-day, 200-day rising); Within 15% of 52-week high; Quarterly profit growth >= 25%; Sales growth >= 20% or 2+ strong quarters; ROE >= 20%; RS rating >= 80",6
NTPCGREEN,-0.03116612178046301,-0.12821264536304122,-0.03368717504332752,-0.3764946656535223,0.75939974989579,0.0,0.0,0.7600020767137833,0.6258568743548779,0.01495659031265137,0.03755972885876213,0.0003272560350189302,-0.03471027725005999,202572061.70499998,38.27210856316625,62.72327663515678,53.750053901831336,0.8088800083490145,1.0,,-4.869999999999997,1.0,2.7471658317954124,0.1999999999999993,20656.0,True,True,33.47246696035243,Power Generation,Utilities,73.0,93,"Uptrend (price > 50 > 150 > 200-day, 200-day rising); Within 15% of 52-week high; 3-year profit growth >= 15%/yr; ROE >= 20%; RS rating >= 80; Net profit margin up vs a year ago",6
NUVAMA,0.08299461519315839,0.4451101036269429,0.5373352855051245,1.039510823259989,0.8235237173281704,0.0,0.0,0.45878650924857717,2.0571537158460282,0.021107541454879624,0.031372549019607954,-0.025659057407888652,-0.018440660605631272,475943478.9,15.857507360528999,22.58673673896583,10.574980578495019,0.9379299215941416,0.0,41.60999139153496,-1.2899999999999991,1.0,25.236593059936908,2.25,20664.0,True,True,71.19713656387665,Stockbroking & Allied,Financial Services,11.0,93,"Uptrend (price > 50 > 150 > 200-day, 200-day rising); Within 15% of 52-week high; Quarterly profit growth >= 25%; RS rating >= 80; Net profit margin up vs a year ago",5
NUVOCO,-0.054804522130717015,-0.28351087438970257,0.14852365706154402,-0.7885517087672432,0.7111945241775227,0.0,0.0,0.13772654699607553,3.1484007303841333,0.026338419170988298,0.04155575273587675,-0.03767152959735165,-0.02705656252841257,96666923.175,19.70911811908298,8.911825112263738,17.009061804339165,0.2906324663295272,0.0,0.03754828469326732,0.45999999999999996,1.0,3.8535645472061653,-0.5199999999999996,20647.0,True,True,24.422907488986784,Cement & Cement Products,Commodities,89.0,93,"Uptrend (price > 50 > 150 > 200-day, 200-day rising); Within 15% of 52-week high; Quarterly profit growth >= 25%; Sales growth >= 20% or 2+ strong quarters; 3-year profit growth >= 15%/yr; ROE >= 20%; RS rating >= 80",7
NYKAA,0.08302146074338712,0.4279687829571819,0.44042553191489353,1.31208207080681,0.9296238020311829,0.0,0.0,0.006270650350198704,1.5454723549908735,0.01583361456097972,0.025945945945945903,-0.023100464775098195,-0.022522674446749408,1373646505.0,225.01169487521048,29.098722006181134,-74.98830512478952,2.579857619179382,12.0,133.2476481909774,1.7300000000000002,1.0,14.186369958275383,0.060000000000002274,20668.0,True,True,71.30616740088107,E-Retail/ E-Commerce,Consumer Discretionary,19.0,93,"Uptrend (price > 50 > 150 > 200-day, 200-day rising); ROE >= 20%; RS rating >= 80",3
OBEROIRLTY,0.011800155059990575,0.160854268255046,0.32536997885835106,0.2978790248759541,0.8834399073561251,0.0,0.0,0.259140220545026,1.4352437144785906,0.01745667887067207,0.025449531797552716,-0.03913133003588065,-0.03222483262188146,613402178.1500001,29.011690625645127,31.72902637841124,-33.3497293020736,0.5361059360349748,2.0,13.236457142717795,-0.8799999999999955,1.0,13.988394152438344,-0.060000000000002274,20651.0,True,True,49.82709251101321,"Residential, Commercial Projects",Consumer Discretionary,55.0,93,"Uptrend (price > 50 > 150 > 200-day, 200-day rising); 3-year profit growth >= 15%/yr; ROE >= 20%; RS rating >= 80; Net profit margin up vs a year ago",5
OFSS,0.049519044809793564,0.3449208188489765,0.8105779230426386,0.4491926929436865,0.8309409888357256,0.0,0.0,-0.20149984592232653,1.7458002145105345,0.021988311773576328,0.02375215146299481,-0.0951797917697832,-0.05054977930763643,2548264462.5,120.47720671906643,68.72907893316057,89.75774238816274,6.192213932750556,2.0,23.41820839367914,10.630000000000003,1.0,33.71662194966143,1.3300000000000018,20656.0,True,True,62.25660792951541,Software Products,Information Technology,57.0,93,"Uptrend (price > 50 > 150 > 200-day, 200-day rising); Within 15% of 52-week high; RS rating >= 80",3
OIL,0.032519525877060196,0.20511559272011803,0.030602587022820593,0.29629222602882105,0.8361581920903954,0.0,0.0,0.30594371353905736,1.143885208545021,0.015931689982440548,0.01914893617021285,-0.05629096844951165,-0.0339165309888373,950716735.5,96.80144003406481,57.69776986275108,34.7864548993775,2.872902356169706,2.0,5.889968812842894,6.400000000000002,1.0,13.019189986034242,0.3099999999999987,20672.0,True,True,57.02312775330396,Oil Exploration & Production,Energy,26.0,93,"Uptrend (price > 50 > 150 > 200-day, 200-day rising); Within 15% of 52-week high; 3-year profit growth >= 15%/yr; ROE >= 20%; RS rating >= 80",5
OLECTRA,-0.09068400568849982,-0.24171682169128827,0.2908667529107374,-0.7651573307385247,0.6651699029126213,0.0,0.0,0.07869480518786724,1.663490683664623,0.017836693706430456,0.0482254354255669,-0.14123482942206866,-0.04073745118202309,311077368.95,2.3217287790641805,65.74794078682102,-174.94085736888152,0.043074505014460314,0.0,38.14638092070353,-2.87,1.0,14.65798045602606,0.7399999999999993,20678.0,True,True,11.666299559471366,Passenger Cars & Utility Vehicles,Consumer Discretionary,92.0,93,"Uptrend (price > 50 > 150 > 200-day, 200-day rising); Within 15% of 52-week high; Quarterly profit growth >= 25%; ROE >= 20%; RS rating >= 80; Net profit margin up vs a year ago",6
OMAXE,0.14569302417490984,0.49246526960207215,0.9428352490421454,0.49655701130002,0.7832097343221255,0.0,1.0,1.8205012351779044,0.28219647085077737,0.04667874374588667,0.07141173697855274,0.02136433543715488,-0.04679837160892978,91064962.65,100.0,43.90943877551021,200.0,2.8570871223105203,1.0,-25.050660879350673,66.13999999999999,1.0,77.35849056603774,-1.0099999999999998,20677.0,True,True,83.29955947136564,"Residential, Commercial Projects",Consumer Discretionary,55.0,93,Within 15% of 52-week high; 3-year profit growth >= 15%/yr,2
ONEPOINT,0.19424733666246985,0.23455119530897606,0.32254167673351053,1.7443427685931805,0.998255033557047,1.0,1.0,1.583312417424975,3.5508297165156284,0.021122732186401854,0.08243670886075938,0.2619201140258596,-0.090182473249615,53746045.19,72.73282709260714,129.41602666280247,55.22414617963585,6.064296088288045,1.0,67.26091391925395,-3.379999999999999,1.0,8.501118568232663,-0.9800000000000004,20677.0,True,True,89.07819383259913,Business Process Outsourcing (BPO)/ Knowledge Process Outsourcing (KPO),Services,24.0,93,ROE >= 20%; Net profit margin up vs a year ago,2
ONESOURCE,-0.04411862601017678,-0.12830899132816054,0.037059661983302794,-0.33048199850026944,0.7833766233766234,0.0,0.0,0.05571589106130148,2.1424183480372085,0.017823193734522763,0.03262208962967761,-0.04207014485830518,-0.019926236822244585,279829966.0,300.0,37.201698903046406,395.3381038852814,0.2958579428370663,1.0,,5.7299999999999995,1.0,-1.2690790601955069,4.450000000000003,20658.0,True,True,28.020925110132158,Pharmaceuticals,Healthcare,21.0,93,"Uptrend (price > 50 > 150 > 200-day, 200-day rising); Within 15% of 52-week high; 3-year profit growth >= 15%/yr; ROE >= 20%; RS rating >= 80",5
ONGC,-0.019511834830795768,-0.008678517524735918,-0.16933075707008605,-0.2831701501348132,0.7231544715447155,0.0,0.0,-0.16421351138705736,1.1761421362407798,0.010759538843488809,0.014838709677419404,-0.060459794591506744,-0.020803794150006747,2563966180.575,-43.631415396826135,25.67712730707632,-98.56291771612642,-1.086494480595872,0.0,-2.7496146295257873,-3.9099999999999997,1.0,13.393568031675668,0.05000000000000071,20669.0,True,True,37.397577092511014,Oil Exploration & Production,Energy,26.0,93,"Uptrend (price > 50 > 150 > 200-day, 200-day rising); Within 15% of 52-week high; Quarterly profit growth >= 25%; 3-year profit growth >= 15%/yr; ROE >= 20%; RS rating >= 80; Net profit margin up vs a year ago",7
OPTIEMUS,0.238862005186999,-0.13008433465183977,0.9907771135781382,0.35478325132508065,0.9448069123611357,1.0,1.0,1.35622676495815,4.07000836906541,0.04503866866775786,0.19999999999999996,0.31012054673936973,-0.1300395700807795,105915113.5,45.74108931556893,102.82301596416676,45.778599888511096,1.7583801629601696,1.0,16.20693259900743,-0.94,1.0,8.494208494208493,1.4899999999999993,20669.0,True,True,93.11233480176212,Telecom -  Equipment & Accessories,Telecommunication,8.0,93,ROE >= 20%; Net profit margin up vs a year ago,2
ORCHPHARMA,0.14363937487149311,0.2838954354598402,0.9647631878951186,0.7771588183218472,0.8657630083078268,1.0,0.0,0.05652881582562542,1.4873826786384086,0.030282022450103318,0.09305850257653825,-0.013107723777823543,-0.05183851486679381,61868654.3,100.0,15.570500398951337,83.05606095095413,0.44453298267276187,1.0,-22.13692951593694,3.22,1.0,0.6583278472679395,0.4400000000000013,20679.0,True,True,83.19052863436124,Pharmaceuticals,Healthcare,21.0,93,"Uptrend (price > 50 > 150 > 200-day, 200-day rising); Sales growth >= 20% or 2+ strong quarters; 3-year profit growth >= 15%/yr; ROE >= 20%",4
ORIENTHOT,0.05382164021056682,0.02833197359638051,0.6906474820143884,0.081546444539764,0.9408602150537634,0.0,1.0,1.1055285009697355,0.5279255442048916,0.033584288993673155,0.021673604133773505,0.02702242723546111,-0.013734250632140156,60278706.165,-20.14615667657934,3.557826288899202,-87.06953212972552,-0.19829657655518307,0.0,9.095262787896097,-1.4100000000000001,1.0,8.923884514435695,-0.009999999999999787,20642.0,True,True,63.56497797356829,Hotels & Resorts,Consumer Discretionary,54.0,93,Quarterly profit growth >= 25%; Sales growth >= 20% or 2+ strong quarters; 3-year profit growth >= 15%/yr; ROE >= 20%; RS rating >= 80; Net profit margin up vs a year ago,6
OSWALPUMPS,-0.21064370631858712,-0.6185270049099836,0.003616947984843355,-1.4448592807005034,0.33449367088607596,0.0,0.0,-0.17896073497139328,0.5638687615234355,0.022928653992101047,0.038925438596491224,-0.11371602019084026,-0.024432035501041102,126899277.25,-42.82439799306199,-7.858741122677316,-86.76616779516618,-4.635872254406003,0.0,,-6.990000000000002,1.0,22.341057635175282,-1.88,20673.0,True,True,0.1090308370044053,"Compressors, Pumps & Diesel Engines",Industrials,52.0,93,"Uptrend (price > 50 > 150 > 200-day, 200-day rising); Within 15% of 52-week high; Quarterly profit growth >= 25%; Sales growth >= 20% or 2+ strong quarters; 3-year profit growth >= 15%/yr; RS rating >= 80; Net profit margin up vs a year ago",7
PACEDIGITK,,,0.17393451876940458,,0.7214917007975857,0.0,0.0,0.9099180717151794,12.77723723990876,0.022980522247729906,0.08317189719746865,-0.04707185994945817,-0.035180527353008244,101346587.11,14.229986989650945,51.291271657404394,-73.95158162648839,0.22629860481281466,0.0,,-3.6500000000000004,1.0,13.910285455369278,-0.21000000000000085,20670.0,True,True,,Telecom - Infrastructure,Telecommunication,,93,"Uptrend (price > 50 > 150 > 200-day, 200-day rising); Within 15% of 52-week high; Quarterly profit growth >= 25%; 3-year profit growth >= 15%/yr; ROE >= 20%; RS rating >= 80; Net profit margin up vs a year ago",7
PAGEIND,-0.041728171305730755,-0.15870769956373065,0.12273800157356418,-0.5544204352988635,0.8359366092805838,0.0,0.0,-0.20576269148722598,3.068597493793245,0.01580324510093243,0.03940605368360939,-0.014870987332520014,-0.029920165351004755,763165365.0,-3.9946801251547814,7.891019019262324,-12.951835559694812,-0.3612210815299334,0.0,14.371291756288018,-1.6799999999999997,1.0,50.86551264980027,0.3400000000000034,20679.0,True,True,29.438325991189426,Garments & Apparels,Consumer Discretionary,16.0,93,"Uptrend (price > 50 > 150 > 200-day, 200-day rising); Within 15% of 52-week high; Quarterly profit growth >= 25%; Sales growth >= 20% or 2+ strong quarters; 3-year profit growth >= 15%/yr; RS rating >= 80; Net profit margin up vs a year ago",7
PAISALO,0.24133228964480063,0.7014205986808724,0.9896173242361315,2.3174328802908186,0.842116357504216,1.0,1.0,0.2565720086165351,2.666672938288001,0.026439338576468213,0.07165991902834001,0.0659814500549667,-0.06699743497983462,775327431.22,29.93603471716093,19.011476384253136,-28.06465234834632,1.7418552321276959,2.0,30.266193288810108,1.9800000000000004,1.0,13.218070273284996,-10.77,20670.0,True,True,93.33039647577093,Non Banking Financial Company (NBFC),Financial Services,37.0,93,Within 15% of 52-week high; ROE >= 20%,2
PANAMAPET,0.18463495482412925,0.6809318377911993,1.0984489444205083,1.3513772003196118,0.8123749166110741,0.0,1.0,-0.11366911614201303,0.33655880137484734,0.03361506853917999,0.031563696574562705,0.014385912301746018,-0.025497616512851092,105839198.85,300.0,150.3029341334641,239.48181001324767,20.51200595189808,2.0,30.730550170378045,11.65,1.0,14.431586113002043,0.4400000000000013,20663.0,True,True,87.98788546255506,Lubricants,Energy,4.0,93,Within 15% of 52-week high; ROE >= 20%,2
PARACABLES,0.13145821876585684,0.3754606546715804,1.221638655462185,0.3761574809408263,0.7464993394980184,0.0,0.0,-0.018908505871711105,1.0979723353608826,0.024880659036838466,0.05243103185490017,-0.10602134411613029,-0.05007395328433415,87804568.58,6.475806556256747,17.352367441035632,-2.9313494064591383,0.14506592613797517,0.0,3.307243677728011,-0.37999999999999945,1.0,7.712082262210797,3.9600000000000004,20679.0,True,True,81.11894273127754,Cables - Electricals,Industrials,2.0,93,"Uptrend (price > 50 > 150 > 200-day, 200-day rising); Within 15% of 52-week high; Quarterly profit growth >= 25%; Sales growth >= 20% or 2+ strong quarters; 3-year profit growth >= 15%/yr; ROE >= 20%; Net profit margin up vs a year ago",7
PARADEEP,-0.014079100155429743,-0.18274269703730606,0.46876165609847065,-0.5381328066171788,0.7486509233130353,0.0,0.0,1.27625499860582,0.25758624273154435,0.025294023871303185,0.047466630345954774,-0.0040045314434755674,-0.018125635786023876,408087805.365,18.772470471441437,35.98867547463085,29.300378535451664,0.5807532274333064,0.0,107.81097066930876,-0.8900000000000006,1.0,14.683768244139761,-0.6799999999999997,20662.0,True,True,39.57819383259912,Fertilizers,Commodities,63.0,93,"Uptrend (price > 50 > 150 > 200-day, 200-day rising); Within 15% of 52-week high; Quarterly profit growth >= 25%; ROE >= 20%; RS rating >= 80; Net profit margin up vs a year ago",6
PARAGMILK,0.03869097269157536,-0.07787031105416753,0.4405648837985099,-0.1284467828048328,0.700358137684043,0.0,0.0,0.6625546082607676,2.1085350234734834,0.02889087528400811,0.06722189173111248,0.09535296504579316,-0.024666423967791763,224687726.15,-20.228050434720068,10.927517850432178,-43.40703410407587,-0.8196192894358826,0.0,27.851022577631813,-0.9100000000000001,1.0,10.722795869737887,-0.7599999999999998,20671.0,True,True,58.440528634361236,Dairy Products,Fast Moving Consumer Goods,18.0,93,"Uptrend (price > 50 > 150 > 200-day, 200-day rising); Within 15% of 52-week high; Quarterly profit growth >= 25%; Sales growth >= 20% or 2+ strong quarters; ROE >= 20%; RS rating >= 80; Net profit margin up vs a year ago",7
PARAS,0.19657845912283756,0.9457211335119131,1.3183268940030235,1.561371411964158,0.8050473186119874,0.0,0.0,0.23294945528474154,0.5842043363058339,0.027365284735396685,0.05265389780196483,-0.06372262709451704,-0.038612588734170915,1156659542.1999998,45.325896700510505,37.25721643953215,-30.553556748193593,1.3112385548592251,4.0,38.91432681798326,0.9000000000000004,1.0,12.275862068965518,5.0299999999999985,20672.0,True,True,89.40528634361233,Aerospace & Defense,Industrials,22.0,93,"Uptrend (price > 50 > 150 > 200-day, 200-day rising); Within 15% of 52-week high; ROE >= 20%",3
PATANJALI,-0.12656445855583928,-0.4244340878828229,-0.24785209352909188,-1.4192746710228412,0.578373096653367,0.0,0.0,0.392230793420712,0.9370071638670888,0.027940284728565083,0.07956403269754775,-0.0051012547237732075,-0.07254245602878923,916244158.6500001,85.83902695255354,29.333917406169043,-7.340008972564036,1.0468850913484444,4.0,-7.246982917678546,0.8999999999999999,1.0,13.850500114530046,-1.6799999999999997,20679.0,True,True,4.361233480176212,Edible Oil,Fast Moving Consumer Goods,82.0,93,"Uptrend (price > 50 > 150 > 200-day, 200-day rising); Within 15% of 52-week high; 3-year profit growth >= 15%/yr; ROE >= 20%; RS rating >= 80",5
PATELENG,-0.08172041512106792,-0.26346511010878204,0.25045045045045056,-0.7447405820360001,0.679245283018868,0.0,0.0,0.043261714504431635,0.6356674122185648,0.018846400944723434,0.042718446601941906,-0.062194724845327176,-0.026425745909307866,68682842.78,21.71999468079322,3.833961652276141,29.08703413860745,0.5536227881509854,1.0,32.96557417182739,1.1300000000000008,1.0,6.058558558558558,-0.9900000000000002,20675.0,True,True,14.392070484581497,Civil Construction,Industrials,77.0,93,"Uptrend (price > 50 > 150 > 200-day, 200-day rising); Within 15% of 52-week high; Quarterly profit growth >= 25%; Sales growth >= 20% or 2+ strong quarters; ROE >= 20%; RS rating >= 80",6
PAYTM,0.16922097595015964,0.40552400619514706,0.7033368091762253,1.0760386479093773,0.8924818108326596,0.0,1.0,0.7252052978596893,1.1342068325860175,0.027926359702895493,0.04929098128190579,0.03330280015075249,-0.03976049069564724,5230614434.5,57.612668874399844,27.632950990615225,-42.387331125600156,0.1737547391927795,5.0,,1.71,1.0,3.4444028453762634,0.4800000000000182,20654.0,True,True,86.13436123348018,Financial Technology (Fintech),Financial Services,53.0,93,3-year profit growth >= 15%/yr; ROE >= 20%,2
PCBL,-0.018903405093244535,-0.18527072106748776,0.31225459805745004,-0.3749575295198512,0.815989847715736,0.0,0.0,0.37554009158688106,0.44782756850293143,0.030393885471911814,0.03878902554399222,-0.012686138604739772,-0.03070683001119154,308936310.1,64.58420588417404,16.9967597738937,121.28333977224057,1.7577999049477842,1.0,-14.628668579076653,1.8099999999999996,1.0,4.942586120818772,0.5,20663.0,True,True,37.942731277533035,Carbon Black,Commodities,,93,"Uptrend (price > 50 > 150 > 200-day, 200-day rising); Within 15% of 52-week high; Sales growth >= 20% or 2+ strong quarters; 3-year profit growth >= 15%/yr; ROE >= 20%; RS rating >= 80",6
PENIND,-0.03687077830383898,-0.3154828312879633,0.2653528872593951,-0.6155707307505766,0.6202929617720615,0.0,0.0,0.07560695672704848,2.876457733453984,0.021036030025962497,0.05265878029171933,0.03806062867180593,-0.03470420648099134,62583502.05,10.823164351136283,2.926673525133916,-4.230976308100942,3.1791175231483417,0.0,19.640124176750206,0.2900000000000005,1.0,11.951848667239897,0.5500000000000007,20677.0,True,True,31.073788546255507,Industrial Products,Industrials,6.0,93,"Uptrend (price > 50 > 150 > 200-day, 200-day rising); Within 15% of 52-week high; Quarterly profit growth >= 25%; Sales growth >= 20% or 2+ strong quarters; ROE >= 20%; RS rating >= 80",6
PERSISTENT,0.04802071025119936,0.11721082538765293,0.1892069220044288,0.0978731163374858,0.8133050462191241,0.0,0.0,0.43838604741955817,1.1748715783374832,0.01851000554890752,0.022665633475397184,-0.022297518854519582,-0.01954455743390715,2278480874.0,13.697769742318089,29.086960304056575,-20.010609284696024,1.8308082394509941,0.0,27.496963903458614,-1.5199999999999996,1.0,23.7943352896147,-1.5399999999999991,20647.0,True,True,61.8204845814978,Computers - Software & Consulting,Information Technology,80.0,93,"Uptrend (price > 50 > 150 > 200-day, 200-day rising); Within 15% of 52-week high; Quarterly profit growth >= 25%; RS rating >= 80; Net profit margin up vs a year ago",5
PETRONET,0.02030870807129759,0.0787968259826537,0.1764942644395251,0.1813625614826223,0.8746936274509804,0.0,0.0,0.6275794621311783,1.615098620387419,0.013233273829147239,0.03228082554242384,0.0016911212625168037,-0.010495711965219544,435214017.3,35.006323784115125,-53.21628369357888,9.786777274868033,1.19147300944232,2.0,7.149430678133828,13.370000000000001,1.0,17.558896118465338,-0.11999999999999744,20677.0,True,True,52.66189427312775,LPG/CNG/PNG/LNG Supplier,Energy,68.0,93,"Uptrend (price > 50 > 150 > 200-day, 200-day rising); 3-year profit growth >= 15%/yr; ROE >= 20%; RS rating >= 80",4
PFC,-0.09014289189531072,-0.1580228877526174,-0.08880105401844529,-0.7929573280680337,0.6536485097636177,0.0,0.0,-0.5509551340899345,1.5644630774865043,0.016672105514821105,0.029232995658466043,-0.13929134987806624,-0.033300348295781226,2782302795.3999996,0.17966075272066728,-0.04267838021181358,-2.68798788899991,0.02995341118810279,0.0,14.229065052190371,0.07000000000000028,1.0,25.308405024800358,0.3500000000000014,20672.0,True,True,11.884361233480176,Financial Institution,Financial Services,78.0,93,"Uptrend (price > 50 > 150 > 200-day, 200-day rising); Within 15% of 52-week high; Quarterly profit growth >= 25%; Sales growth >= 20% or 2+ strong quarters; 3-year profit growth >= 15%/yr; RS rating >= 80",6
PFIZER,-0.07981745838352834,-0.06775224775224786,-0.01156657133778205,-0.970358815754365,0.6917450927668728,0.0,0.0,-0.3249010121435085,3.2351167047409746,0.014663816784860305,0.008320007995202827,-0.14918470424197205,-0.017364200297446362,130827010.44999999,6.608080830203278,8.311085316308775,9.249058559961998,0.5399767194848741,0.0,11.389124299434084,-0.5,1.0,17.178206043302403,-0.25,20679.0,True,True,15.48237885462555,Pharmaceuticals,Healthcare,21.0,93,"Uptrend (price > 50 > 150 > 200-day, 200-day rising); Within 15% of 52-week high; Quarterly profit growth >= 25%; Sales growth >= 20% or 2+ strong quarters; 3-year profit growth >= 15%/yr; ROE >= 20%; RS rating >= 80; Net profit margin up vs a year ago",8
PFOCUS,0.17938196488842265,0.4973345876450297,-0.13010475178381664,1.0742913155484737,0.8216621253405995,0.0,0.0,0.2943130048208549,2.6700037117280426,0.032505619929845846,0.052631578947368585,-0.00013461958031846244,-0.054202048669247445,259155890.11,-94.15319519783675,23.814689928163023,-92.85189414558138,-0.6681895035577621,0.0,7.595064468366974,-10.290000000000001,1.0,14.408808042125418,-0.34999999999999964,20671.0,True,True,87.44273127753304,Media & Entertainment,Consumer Discretionary,40.0,93,"Uptrend (price > 50 > 150 > 200-day, 200-day rising); Within 15% of 52-week high; Quarterly profit growth >= 25%; 3-year profit growth >= 15%/yr; ROE >= 20%; Net profit margin up vs a year ago",6
PGEL,-0.043226546319180506,0.047032886275950814,0.2128112364332837,-0.2710388041866234,0.7465859714463067,0.0,0.0,0.06790275269937064,1.325432131705056,0.018886199511482963,0.015165192272973416,-0.15692631210023655,-0.03794807188293855,571295234.45,13.974880204478923,35.25019117598165,69.26885876559692,0.19748744828211667,0.0,29.46018848522791,-0.7000000000000002,1.0,6.461134798294522,-0.4099999999999966,20671.0,True,True,28.784140969162994,Consumer Electronics,Consumer Discretionary,88.0,93,"Uptrend (price > 50 > 150 > 200-day, 200-day rising); Within 15% of 52-week high; Quarterly profit growth >= 25%; ROE >= 20%; RS rating >= 80; Net profit margin up vs a year ago",6
PGHH,-0.17675169115615227,-0.4218807305802098,-0.1546176123565376,-2.5558077483261328,0.4575780550003446,0.0,0.0,-1.9242201823689362,2.339427021359805,0.01012749066417082,0.013853736512588144,-0.16824940240241748,-0.04961314695545943,101234050.25,-34.286022026522275,-4.86323810336915,-32.408939819222276,-1.285602267519393,0.0,5.252428176874258,-6.34,1.0,113.67861885790174,-0.370000000000001,20679.0,True,True,0.6541850220264317,Personal Care,Fast Moving Consumer Goods,72.0,93,"Uptrend (price > 50 > 150 > 200-day, 200-day rising); Within 15% of 52-week high; Quarterly profit growth >= 25%; Sales growth >= 20% or 2+ strong quarters; 3-year profit growth >= 15%/yr; RS rating >= 80; Net profit margin up vs a year ago",7
PGHL,-0.0481770339515058,-0.08164400985769937,0.20363424189380663,-0.5882417032573592,0.7684587813620072,0.0,0.0,-0.49534106016456336,6.358858962819359,0.017825651913616996,0.054912491897398,-0.08632210555025221,-0.015410525201600446,51605612.25,9.514468060907767,7.371435319123809,-45.153260577743005,0.35134358623015605,0.0,13.243270722603917,0.39000000000000057,1.0,62.28571428571429,-1.1000000000000014,20679.0,True,True,25.949339207048457,Pharmaceuticals,Healthcare,21.0,93,"Uptrend (price > 50 > 150 > 200-day, 200-day rising); Within 15% of 52-week high; Quarterly profit growth >= 25%; Sales growth >= 20% or 2+ strong quarters; 3-year profit growth >= 15%/yr; RS rating >= 80",6
PGIL,0.2044629809905348,0.7363011166161355,0.7341211225997046,1.7216024974701019,0.9301126739818837,1.0,1.0,0.9828412563885697,1.5677654156370693,0.030489527254862474,0.08862666331910618,0.08602841215423163,-0.05435940200010282,166663032.8,54.18085966026271,24.45924815948921,23.73854785784961,6.530096737303942,2.0,27.02697597954007,1.2799999999999994,1.0,18.493150684931507,0.6999999999999993,20636.0,True,True,90.7136563876652,Garments & Apparels,Consumer Discretionary,16.0,93,ROE >= 20%,1
PHOENIXLTD,0.0462755874450216,0.1995943462001648,0.256456217221005,0.8579363424633107,0.8894829016499216,0.0,1.0,-0.4599675807600693,1.182943067220726,0.015260794279631262,0.02721124660525054,0.002349548890767883,-0.024038880704394923,767579846.2,22.94725257085828,12.796566595662085,-16.680563792140358,1.2383429304581073,2.0,19.224848902148818,3.030000000000001,1.0,14.16871416871417,0.0,20662.0,True,True,61.38436123348018,"Residential, Commercial Projects",Consumer Discretionary,55.0,93,Quarterly profit growth >= 25%; ROE >= 20%; RS rating >= 80,3
PICCADIL,-0.04917457669100401,-0.11247987681108707,0.22547598337682406,-0.46206165602320615,0.7176114610349511,0.0,0.0,-0.4474670096347474,0.38288860293702665,0.02815821006089396,0.039918809201623606,-0.12688132618469472,-0.01910809419168611,107147433.175,16.333440750338333,17.423215370950395,4.249042770920484,0.36780074816147224,0.0,76.1741052928222,-0.08000000000000007,1.0,15.316315205327413,0.1399999999999999,20676.0,True,True,25.622246696035244,Breweries & Distilleries,Fast Moving Consumer Goods,51.0,93,"Uptrend (price > 50 > 150 > 200-day, 200-day rising); Within 15% of 52-week high; Quarterly profit growth >= 25%; Sales growth >= 20% or 2+ strong quarters; ROE >= 20%; RS rating >= 80; Net profit margin up vs a year ago",7
PIDILITIND,-0.016645416104226755,0.08160579137874291,0.2789883268482489,-0.16230470648178774,0.857393850658858,0.0,0.0,0.13163368601407374,1.1657507357940364,0.014827698123165202,0.014923410689632544,-0.09054087969048563,-0.029789273876443048,1172902584.0,28.72403122586713,21.274413151794526,-3.591500669927065,5.942386901103422,2.0,23.951647356855176,1.1099999999999994,1.0,22.812038404726735,0.18999999999999773,20641.0,True,True,38.48788546255507,Specialty Chemicals,Commodities,39.0,93,"Uptrend (price > 50 > 150 > 200-day, 200-day rising); RS rating >= 80",2
PIIND,-0.12096817159903778,-0.33945990631027834,-0.11832426070325153,-1.3361596228551962,0.5833702940332385,0.0,0.0,-0.2652251674697458,1.629563931377053,0.019114111775777286,0.037987768110948394,-0.10653706392735307,-0.026441705416729883,390604791.0,-38.9384216305123,-10.42883451723231,0.05173131312898249,-2.1104366280208264,0.0,-7.164526871090882,-6.700000000000001,1.0,11.76313446126447,-0.740000000000002,20655.0,True,True,5.3425110132158595,Pesticides & Agrochemicals,Commodities,93.0,93,"Uptrend (price > 50 > 150 > 200-day, 200-day rising); Within 15% of 52-week high; Quarterly profit growth >= 25%; Sales growth >= 20% or 2+ strong quarters; 3-year profit growth >= 15%/yr; ROE >= 20%; RS rating >= 80; Net profit margin up vs a year ago",8
PINELABS,,,0.0237546420796515,,0.5901056338028169,0.0,0.0,0.4006221434281209,0.7129762822281605,0.036857917818737033,0.16746549633308305,0.009526012507785842,-0.06524267686925565,3397095017.335,300.0,19.64735107402056,200.0,,5.0,,1.8800000000000001,1.0,1.9165535956580733,17.700000000000003,20662.0,True,True,,Financial Technology (Fintech),Financial Services,53.0,93,"Uptrend (price > 50 > 150 > 200-day, 200-day rising); Within 15% of 52-week high; 3-year profit growth >= 15%/yr; ROE >= 20%; RS rating >= 80",5
PIRAMALFIN,,,0.21346415917143635,,0.8697128610729022,0.0,0.0,-0.12248542048065474,4.779480396751861,0.017886567786424827,0.023942574167461927,-0.06019176119868863,-0.041653788878177785,632081423.4,66.871870255607,27.622241166998208,166.871870255607,0.15232097056905217,1.0,39.79191592985607,3.219999999999999,1.0,5.350291317322723,2.8500000000000014,20650.0,True,True,,Housing Finance Company,Financial Services,85.0,93,"Uptrend (price > 50 > 150 > 200-day, 200-day rising); ROE >= 20%; RS rating >= 80",3
PITTIENG,0.07740110152602465,0.08129590502062589,0.5613831178265294,0.3274566584198771,0.9151465798045603,0.0,1.0,0.9222972346924599,0.6234564724909172,0.02325870292439708,0.08415522167941747,0.055943983665661,-0.019457992253563955,87032427.20000002,29.07084901512902,15.886192395304022,55.45237616159399,0.7117478802405905,1.0,26.762006461562816,0.5700000000000003,1.0,11.955420466058763,0.28999999999999915,20675.0,True,True,69.34361233480176,Industrial Products,Industrials,6.0,93,Sales growth >= 20% or 2+ strong quarters; ROE >= 20%; RS rating >= 80,3
PNB,0.009497599405261316,0.037924511305287734,0.14578361177406518,-0.047743230545543004,0.8107288198298186,0.0,0.0,0.2697543420491909,1.9210706082410034,0.014173371128506557,0.018308631211856996,-0.04820064142433744,-0.023591636970276355,1320577216.6399999,169.35721896653226,3.121790796052948,157.5840040488166,2.398332550156229,1.0,70.67774903432411,10.72,1.0,12.313549772292346,-0.45000000000000284,20652.0,True,True,48.62775330396476,Public Sector Bank,Financial Services,58.0,93,"Uptrend (price > 50 > 150 > 200-day, 200-day rising); Within 15% of 52-week high; Sales growth >= 20% or 2+ strong quarters; ROE >= 20%; RS rating >= 80",5
PNBHOUSING,0.06442947359401155,0.2945274749971907,0.5257267730613868,0.7026658741504289,0.9013619479983491,0.0,0.0,0.3560219946075608,1.172755981088544,0.016631206366509752,0.03239929947460585,-0.034791693551666114,-0.02739749040707386,1003347983.0999999,4.441608442847489,9.023124978926923,-14.71362249602992,0.7713910237858748,0.0,25.96442584180172,-1.0799999999999983,1.0,11.91987513007284,1.8499999999999943,20659.0,True,True,66.50881057268722,Housing Finance Company,Financial Services,85.0,93,"Uptrend (price > 50 > 150 > 200-day, 200-day rising); Quarterly profit growth >= 25%; Sales growth >= 20% or 2+ strong quarters; ROE >= 20%; RS rating >= 80; Net profit margin up vs a year ago",6
PNCINFRA,-0.17894397481061053,-0.3801674601871614,0.17577078791653689,-1.3725760677194152,0.4442443729903537,0.0,0.0,-1.0506977287164385,1.5272288406113703,0.034226424002329225,0.03800952097590016,-0.28311395042818066,-0.10396963877287187,112106027.1,103.58501855349012,18.671633398931696,68.64404269765421,0.6926533242262075,2.0,0.4460546670586263,8.2,1.0,12.211947746954351,-0.620000000000001,20673.0,True,True,0.5451541850220265,Civil Construction,Industrials,77.0,93,"Uptrend (price > 50 > 150 > 200-day, 200-day rising); Within 15% of 52-week high; 3-year profit growth >= 15%/yr; ROE >= 20%; RS rating >= 80",5
PNGJL,-0.003432836836622563,-0.04360939028366484,0.10490630002825108,-0.15020562500349333,0.7902634437805541,0.0,0.0,-0.11231805792854581,1.1784561186997098,0.018425133436356416,0.030105708245242946,-0.05839884927100536,-0.017941577878556964,259637142.0,52.230301155115534,40.73464912280702,6.316418850493925,1.4123273904919988,5.0,,0.33000000000000007,1.0,20.88639836984208,7.369999999999999,20661.0,True,True,43.93942731277533,"Gems, Jewellery And Watches",Consumer Discretionary,12.0,93,"Uptrend (price > 50 > 150 > 200-day, 200-day rising); Within 15% of 52-week high; 3-year profit growth >= 15%/yr; RS rating >= 80",4
POCL,-0.03429950417682399,-0.007392087804078962,0.19845233386075933,-0.2363433848446733,0.6747992588017294,0.0,0.0,-0.6892024327867122,0.8272805326984062,0.021186817413230547,0.04043188605559367,-0.1065623709422191,-0.03202221652265613,188400019.425,42.469073501563216,55.083522717847465,-86.80909818386458,1.4511655013250628,9.0,50.26859372643446,-0.33999999999999986,1.0,16.751269035532996,1.2699999999999996,20669.0,True,True,31.94603524229075,Diversified Metals,Commodities,,93,"Uptrend (price > 50 > 150 > 200-day, 200-day rising); Within 15% of 52-week high; ROE >= 20%; RS rating >= 80; Net profit margin up vs a year ago",5
POLICYBZR,-0.1611234769368696,0.05417242969110192,0.2811318111780363,-0.8620025951871618,0.4989308624376336,0.0,0.0,-1.6270905274925829,15.98316505464301,0.052475182807070184,0.05247695852534551,-0.4100010836714789,-0.3604999276480295,1903014945.0,92.50006248983209,40.08115787209103,38.676860455263395,2.5260700608948046,11.0,,2.3500000000000005,1.0,9.163019693654267,1.0500000000000114,20670.0,True,True,1.85352422907489,Financial Technology (Fintech),Financial Services,53.0,93,"Uptrend (price > 50 > 150 > 200-day, 200-day rising); Within 15% of 52-week high; 3-year profit growth >= 15%/yr; ROE >= 20%; RS rating >= 80",5
POLYCAB,-0.004468557317376272,0.1809492200464653,0.2998465697377073,0.19753683060490107,0.7890578708275726,0.0,0.0,-0.47960377111026203,4.656240456923561,0.017492180425603604,0.02332947554364373,-0.09048584447649433,-0.018244099001910215,2400386770.5,32.84419897561621,39.00707418582521,25.87268991001925,2.0698940290042596,1.0,25.670475378456594,-0.45000000000000107,1.0,22.549754350903488,0.46000000000000085,20650.0,True,True,43.503303964757706,Cables - Electricals,Industrials,2.0,93,"Uptrend (price > 50 > 150 > 200-day, 200-day rising); Within 15% of 52-week high; RS rating >= 80; Net profit margin up vs a year ago",4
POLYMED,-0.014966035115901343,-0.11431596994604398,0.47460330786667804,-0.4071137144398337,0.7821706536790335,0.0,0.0,0.6032453490298546,1.3727513794864485,0.019235170257930746,0.017693196327597693,-0.049475328485450776,-0.021778677305247827,182765856.3,-8.372685713612704,30.299347734431194,20.786099329949938,-0.4256401264721972,0.0,13.910086047120785,-6.849999999999998,1.0,10.33483580167418,0.11999999999999744,20672.0,True,True,38.92400881057269,Medical Equipment & Supplies,Healthcare,,93,"Uptrend (price > 50 > 150 > 200-day, 200-day rising); Within 15% of 52-week high; Quarterly profit growth >= 25%; 3-year profit growth >= 15%/yr; ROE >= 20%; RS rating >= 80; Net profit margin up vs a year ago",7
POLYPLEX,0.00961599191164663,0.08993300908506918,0.5882588927520729,-0.168580122440023,0.8132911392405063,0.0,0.0,-0.026484632529769965,0.5670695240056788,0.01999746038783196,0.026313351246178174,-0.09707973804772485,-0.02734027907595634,56976634.8,100.0,29.61746622418284,0.0,2.112479787715425,2.0,-2.607228005677953,11.03,1.0,0.9669811320754716,0.25,20676.0,True,True,48.736784140969164,Packaging,Industrials,29.0,93,"Uptrend (price > 50 > 150 > 200-day, 200-day rising); Within 15% of 52-week high; 3-year profit growth >= 15%/yr; ROE >= 20%; RS rating >= 80",5
POONAWALLA,-0.023040509003206405,-0.05056642636457265,0.25122149837133545,-0.2943775146649791,0.7598176718092566,0.0,0.0,-0.1247675773102897,1.1224666811685258,0.02221347482262958,0.10767097966728278,-0.07581356767096059,-0.03986552750154187,417897950.4,300.0,77.34194844631155,0.0,0.6060714454886128,4.0,6.099981093564399,8.450000000000001,1.0,5.237220987535028,5.349999999999998,20637.0,True,True,36.08920704845815,Non Banking Financial Company (NBFC),Financial Services,37.0,93,"Uptrend (price > 50 > 150 > 200-day, 200-day rising); Within 15% of 52-week high; 3-year profit growth >= 15%/yr; ROE >= 20%; RS rating >= 80",5
POWERGRID,-0.04774447606630017,-0.09802250255710876,-0.10655184059439382,-0.6129247930477458,0.7833512848130483,0.0,0.0,-0.3527473724506773,2.7789332833492897,0.012512971954611473,0.024834123222748916,-0.058240717446317425,-0.018318672683390578,2194121827.35,-0.8940064648586321,2.6839415445570003,-10.625224013306001,-0.14405109596112628,0.0,1.464467799675484,-1.129999999999999,1.0,15.849702469799192,-0.11999999999999744,20668.0,True,True,26.38546255506608,Power - Transmission,Utilities,,93,"Uptrend (price > 50 > 150 > 200-day, 200-day rising); Within 15% of 52-week high; Quarterly profit growth >= 25%; Sales growth >= 20% or 2+ strong quarters; 3-year profit growth >= 15%/yr; ROE >= 20%; RS rating >= 80; Net profit margin up vs a year ago",8
POWERINDIA,0.11671018555082564,0.7181660262146654,0.3468124613162782,1.4457548714478126,0.8067551888616733,0.0,0.0,0.11561707185254659,3.3588660242789974,0.024357107076117348,0.047070124879923236,-0.03593744223019191,-0.020114379852435756,2813243902.5,123.56080019996641,68.61789167624586,43.79953240605619,2.3469172815359536,11.0,132.42215961243593,2.9000000000000004,1.0,19.088098918083464,0.129999999999999,20679.0,True,True,79.04735682819384,Heavy Electrical Equipment,Industrials,32.0,93,"Uptrend (price > 50 > 150 > 200-day, 200-day rising); Within 15% of 52-week high; ROE >= 20%; RS rating >= 80",4
POWERMECH,-0.007148395036384737,-0.12742236134069573,0.43178670360110805,-0.33555556347934856,0.8233416458852867,0.0,0.0,0.10236523890206074,4.474889046039797,0.018235359321674555,0.038920407141665336,-0.001481526884027362,-0.022351294793824382,124375430.80000001,10.825288281032153,25.53482654378736,-7.45925973268251,0.7535983349733393,0.0,24.314940436506195,-0.7300000000000004,1.0,16.355696705041684,0.4800000000000004,20673.0,True,True,42.19493392070484,Civil Construction,Industrials,77.0,93,"Uptrend (price > 50 > 150 > 200-day, 200-day rising); Within 15% of 52-week high; Quarterly profit growth >= 25%; ROE >= 20%; RS rating >= 80; Net profit margin up vs a year ago",6
PPLPHARMA,0.04199835391954301,0.08587144748904962,0.5614471949611834,0.024327581074413494,0.8535765101539258,0.0,0.0,0.9534599903297223,0.8910921896722155,0.020956887649903513,0.03168533187653644,-0.047242745434734834,-0.021824024171220854,753888870.845,-25.01778875343489,17.386784988441907,74.98221124656511,0.39090549447381945,0.0,-33.57708958363569,1.77,0.0,-3.9941190884587114,-18.700000000000003,20638.0,True,True,59.63986784140969,Pharmaceuticals,Healthcare,21.0,93,"Uptrend (price > 50 > 150 > 200-day, 200-day rising); Quarterly profit growth >= 25%; Sales growth >= 20% or 2+ strong quarters; 3-year profit growth >= 15%/yr; ROE >= 20%; RS rating >= 80",6
PRAJIND,-0.06332595931545351,-0.0787763941526799,0.06995755384373537,-0.44416242526667543,0.7091079153513388,0.0,0.0,0.5398375021571373,0.4801644447070419,0.017744192259403477,0.021225710014947774,-0.07092809151932744,-0.02036356823517447,154553105.95,118.23534061268508,11.811933770696648,192.5610729460582,0.3134219086078649,1.0,-41.88093074479527,0.7900000000000001,1.0,1.8334606569900689,1.4200000000000017,20656.0,True,True,21.151982378854626,Industrial Products,Industrials,6.0,93,"Uptrend (price > 50 > 150 > 200-day, 200-day rising); Within 15% of 52-week high; Sales growth >= 20% or 2+ strong quarters; 3-year profit growth >= 15%/yr; ROE >= 20%; RS rating >= 80",6
PRECWIRE,0.2717430895773824,1.6269082457345094,0.7024991441287229,2.701370394509579,0.9552295675366737,0.0,1.0,0.675911388221518,1.7403215585648124,0.041193011082116565,0.06488592097941015,0.12842533578193072,-0.0438222113769754,228660972.02499998,72.7835642238787,-6.160650464617579,50.33019152833617,1.1073603000452266,3.0,-6.838401491407353,1.0599999999999998,1.0,20.077720207253886,0.8600000000000001,16951.0,True,True,94.42070484581498,"Aluminium, Copper & Zinc Products",Industrials,,93,3-year profit growth >= 15%/yr,1
PREMEXPLN,0.07794449788544036,0.09907300115874862,0.7403669724770643,0.2464020808983534,0.821945046999277,0.0,1.0,-0.1950088472437352,1.8836769461670562,0.012676854535979143,0.021786656615152777,0.024085260109097728,-0.008628131406656343,121217976.07499999,-83.3373814701479,-27.85086176574042,-158.9753521716222,-2.4956450185740784,0.0,35.18501577104827,-9.99,1.0,15.916955017301039,0.6899999999999995,20678.0,True,True,69.56167400881057,Explosives,Commodities,,93,Within 15% of 52-week high; Quarterly profit growth >= 25%; Sales growth >= 20% or 2+ strong quarters; ROE >= 20%; RS rating >= 80; Net profit margin up vs a year ago,6
PREMIERENE,-0.058445556578330976,-0.030439360581985375,0.13598385016542358,-0.4641952766926516,0.774294532627866,0.0,0.0,-0.051686826286847704,2.6984693530385386,0.01994640004188651,0.02499999999999991,-0.1105264917333314,-0.036579599857787685,891614096.5,53.339124159999194,35.25215022463395,-11.07619247847429,5.334646289217041,13.0,,2.2600000000000016,1.0,35.0592059438124,6.48,20671.0,True,True,22.24229074889868,Other Electrical Equipment,Industrials,49.0,93,"Uptrend (price > 50 > 150 > 200-day, 200-day rising); Within 15% of 52-week high; 3-year profit growth >= 15%/yr; RS rating >= 80",4
PRESTIGE,-0.002817390154507547,-0.0017167927767534064,0.3936972924988904,-0.1631283912629924,0.823232882783071,0.0,0.0,-0.08323887570021699,2.4711481539988807,0.021562321787791345,0.045432098765432194,-0.049082227736520156,-0.02336937726029984,779357689.2,-12.829762541113476,15.940709920686501,-312.8297625411135,-0.13065979518004084,0.0,6.5294045065865,-3.3499999999999996,1.0,8.019418668960855,-0.01999999999999602,20663.0,True,True,44.37555066079295,"Residential, Commercial Projects",Consumer Discretionary,55.0,93,"Uptrend (price > 50 > 150 > 200-day, 200-day rising); Within 15% of 52-week high; Quarterly profit growth >= 25%; Sales growth >= 20% or 2+ strong quarters; 3-year profit growth >= 15%/yr; ROE >= 20%; RS rating >= 80; Net profit margin up vs a year ago",8
PRICOLLTD,0.10521195250883997,0.4441021924261641,0.5508853862619187,0.857362872420666,0.8924665856622114,0.0,0.0,0.3730627333126364,1.7981507374443035,0.021247843371480373,0.02947539210383976,-0.023493327979940637,-0.014418310869725615,254899659.25,34.327402538554,23.465945897647835,-75.26206000002146,1.2833375530166127,4.0,27.733394086282836,0.4899999999999993,1.0,20.0,-2.3099999999999987,20649.0,True,True,76.6486784140969,Auto Components & Equipments,Consumer Discretionary,20.0,93,"Uptrend (price > 50 > 150 > 200-day, 200-day rising); RS rating >= 80",2
PRIVISCL,0.09104504594691964,0.39238451935081153,0.15463455034854023,1.4189014845611112,0.9439146170713021,0.0,1.0,-0.07752846070913408,4.907137782759629,0.013170193007660648,0.025719860462366295,0.014300127234625704,-0.015346453557800996,239428974.39999998,43.87568381701548,19.2212021975269,-3.149488285079947,2.5961620764217668,12.0,365.8344414973996,2.129999999999999,1.0,22.45042492917847,-0.02999999999999936,20645.0,True,True,73.15969162995594,Specialty Chemicals,Commodities,39.0,93,RS rating >= 80,1
PROTEAN,-0.018422719385080805,-0.4375068946497518,0.14224910394265233,-0.6211822320890604,0.7020576131687243,0.0,0.0,1.431102756286053,4.1495325743302836,0.03536564114919447,0.1999796043238833,0.12790306116152417,-0.131649732072191,141061115.05,-75.3733833140345,19.028647315499914,-126.78051219954972,-2.559574367953528,0.0,-9.991509428684175,-8.97,1.0,9.369202226345083,-2.6999999999999957,20669.0,True,True,38.16079295154185,IT Enabled Services,Information Technology,38.0,93,"Uptrend (price > 50 > 150 > 200-day, 200-day rising); Within 15% of 52-week high; Quarterly profit growth >= 25%; Sales growth >= 20% or 2+ strong quarters; 3-year profit growth >= 15%/yr; ROE >= 20%; RS rating >= 80; Net profit margin up vs a year ago",8
PRUDENT,0.04625236555123187,0.20829728950403692,0.5412873563218392,0.33287052295655234,0.7597369382535623,0.0,0.0,-0.006146008241802235,2.178064676253094,0.027148886563602013,0.054635262935967654,-0.05164838840123198,-0.041805996962796084,92732208.4,44.38187817668195,18.338099128540296,30.15088063530586,3.8415476074201966,1.0,25.025953506334364,3.8800000000000026,1.0,25.141562853907136,-0.240000000000002,20647.0,True,True,61.27533039647577,Financial Products Distributor,Financial Services,,93,"Uptrend (price > 50 > 150 > 200-day, 200-day rising); Within 15% of 52-week high; Sales growth >= 20% or 2+ strong quarters; RS rating >= 80",4
PTC,-0.04284045907710663,-0.09678170284583609,-0.014915899714376568,-0.28669006969518906,0.6744368437105137,0.0,0.0,0.35710917383471313,0.5715736083702306,0.02467087544339589,0.026125296130560693,-0.04686430116107809,-0.00991784115402975,202366169.765,-53.82520390486657,19.072027377237678,-50.23061975501755,-3.0534656386144747,0.0,5.151744974958894,-3.7099999999999995,1.0,11.9879618792844,2.8499999999999943,20669.0,True,True,28.893171806167402,Power Trading,Utilities,,93,"Uptrend (price > 50 > 150 > 200-day, 200-day rising); Within 15% of 52-week high; Quarterly profit growth >= 25%; Sales growth >= 20% or 2+ strong quarters; 3-year profit growth >= 15%/yr; ROE >= 20%; RS rating >= 80; Net profit margin up vs a year ago",8
PTCIL,0.13920897950805547,0.4967440636716438,0.5185185185185186,1.2254198002896874,0.9129533678756476,0.0,1.0,0.7628229214727266,0.6075240441003987,0.025047991965821963,0.05561760107214653,0.05974508379323784,-0.02185969732850436,405655210.0,300.0,97.42665980442615,159.9578419285889,1.945598281097424,3.0,54.27042087564726,9.91,1.0,6.768414067684141,0.14000000000000057,20679.0,True,True,82.86343612334801,Castings & Forgings,Industrials,14.0,93,ROE >= 20%,1
PVP,0.32793226548559296,1.248876598686485,1.7696892294593445,1.2291160953184648,0.7005830094392004,1.0,1.0,0.7737930232830463,1.1799943133985307,0.04987278944981909,0.0499919106940625,0.035660200032011646,-0.10099259148075884,101277050.17499998,100.0,165.1946542707728,200.0,6.225989290602396,1.0,,46.78,1.0,-4.587155963302752,-0.37,20679.0,True,True,96.6013215859031,"Residential, Commercial Projects",Consumer Discretionary,55.0,93,Within 15% of 52-week high; 3-year profit growth >= 15%/yr; ROE >= 20%,3
PVRINOX,0.06675747748751192,0.10251346499102332,0.33703461789679956,0.28620372296649804,0.8950508174988953,1.0,1.0,0.26241151797817935,1.2928708095738186,0.024673764016718558,0.06467790747946389,0.010158102668237134,-0.04008448661226139,536702891.45,100.0,11.906732891832238,0.0,0.8911441383153915,5.0,-34.95224480129866,6.75,1.0,4.51341827053402,-0.490000000000002,20657.0,True,True,66.94493392070486,"Film Production, Distribution & Exhibition",Consumer Discretionary,,93,3-year profit growth >= 15%/yr; ROE >= 20%; RS rating >= 80,3
PWL,,,0.3166093928980527,,0.7418359157972714,0.0,0.0,0.8003436087192071,0.5775271760192902,0.026957237132138757,0.07393671585259987,-0.0441092246601843,-0.044074042921960224,826750274.885,55.11962427621562,24.420073427852994,-14.42202428623014,,4.0,,6.609999999999999,0.0,-0.6491750067622396,0.10999999999999588,20679.0,True,True,,E-Learning,Consumer Discretionary,,93,"Uptrend (price > 50 > 150 > 200-day, 200-day rising); Within 15% of 52-week high; 3-year profit growth >= 15%/yr; ROE >= 20%; RS rating >= 80",5
QPOWER,0.2036826305942833,0.5305492696975931,0.8472998137802608,1.11013723947974,0.934089552238806,1.0,1.0,0.4052698563729148,1.4075402517309963,0.02936662926438848,0.04999648901060327,0.16139069966997677,-0.04568590379710376,331565557.15,26.07238390310762,31.660253508374826,-37.946613378915586,0.6918839297719039,4.0,,-0.8900000000000006,1.0,34.31734317343174,1.5700000000000003,20674.0,True,True,90.60462555066078,Heavy Electrical Equipment,Industrials,32.0,93,3-year profit growth >= 15%/yr; Net profit margin up vs a year ago,2
QUADFUTURE,0.12334590449217031,0.0034713909504429097,0.5631176580272237,0.446237529142578,0.9368829337094499,1.0,1.0,1.328345984338929,1.3027247634901304,0.04409253092945005,0.09798072510325828,0.25666881077604176,-0.0584506028365531,186616120.27499998,-27.629110211631147,41.280891054646716,,0.6399641369512572,0.0,,24.500000000000004,0.0,-16.666666666666664,2.21,20679.0,True,True,79.91960352422907,Cables - Electricals,Industrials,2.0,93,Quarterly profit growth >= 25%; 3-year profit growth >= 15%/yr; ROE >= 20%; RS rating >= 80,4
QUESS,0.12976254813652377,0.47264260768335276,1.2360358237096394,0.8147657289477239,0.8648231511254019,0.0,0.0,1.1035731596185847,1.4742517665504773,0.025862791732471135,0.051851851851851816,-0.011051397676765218,-0.02675258096135295,149775961.75,54.802551071770054,14.522295435748278,49.629922871284535,1.6043636341787346,1.0,16.856539938691164,0.51,1.0,19.039451114922812,-0.2700000000000031,20663.0,True,True,81.00991189427313,Diversified Commercial Services,Services,62.0,93,"Uptrend (price > 50 > 150 > 200-day, 200-day rising); Sales growth >= 20% or 2+ strong quarters; ROE >= 20%",3
RACLGEAR,0.13484643464313592,0.6643038796601917,0.27573620904189133,1.1404555969095405,0.7979457384447788,0.0,1.0,0.9074381179260613,0.542732437092868,0.029442786835964782,0.10609495025815385,0.01625935689321434,-0.061014965710425834,50625011.25,7.6307291279037015,31.49528067560854,-84.90600524744464,0.10877628763301372,0.0,7.398877206337029,-1.490000000000001,1.0,13.920454545454545,-0.2699999999999996,20672.0,True,True,81.77312775330397,Auto Components & Equipments,Consumer Discretionary,20.0,93,Within 15% of 52-week high; Quarterly profit growth >= 25%; 3-year profit growth >= 15%/yr; ROE >= 20%; Net profit margin up vs a year ago,5
RADICO,0.1132225770898977,0.506853467147139,0.7017076788498839,1.284987587872966,0.8925637244575522,0.0,0.0,0.1942622767244614,1.2298508828604413,0.015737722976516523,0.035479452054794525,-0.054185335921581035,-0.022083093896519797,1187716915.0,69.24474976101416,11.795835435977796,-25.60309039304238,3.3158296398027955,8.0,46.35011034328056,4.630000000000001,1.0,18.21471652593486,1.2999999999999972,20649.0,True,True,77.84801762114537,Breweries & Distilleries,Fast Moving Consumer Goods,51.0,93,"Uptrend (price > 50 > 150 > 200-day, 200-day rising); ROE >= 20%; RS rating >= 80",3
RAILTEL,-0.08497321108217867,-0.25724976613657624,0.12921576594880113,-0.8019429133436352,0.6417165668662674,0.0,0.0,0.7033334265122313,7.2591189386667905,0.015401259807489593,0.02734297602536162,-0.06731166730731575,-0.017914844518144176,118832735.025,23.27627333259994,39.756478738541205,-25.22641370290344,0.601953047412495,2.0,10.1012978220967,-1.5200000000000014,1.0,11.461491813220134,0.2599999999999998,19656.0,True,True,13.301762114537445,Other Telecom Services,Telecommunication,,93,"Uptrend (price > 50 > 150 > 200-day, 200-day rising); Within 15% of 52-week high; Quarterly profit growth >= 25%; 3-year profit growth >= 15%/yr; ROE >= 20%; RS rating >= 80; Net profit margin up vs a year ago",7
RAIN,0.1563346351905322,0.5337491646246382,0.9396187435439949,1.0023535010756406,0.8274603174603175,0.0,0.0,0.09889859664344385,0.8857785843093704,0.030684162021884044,0.03468752945612219,-0.023814762624820296,-0.03692399353724024,875710818.585,300.0,17.39863406477058,200.0,0.7198232380472237,5.0,-9.632868927147186,4.71,1.0,1.8257484226070615,0.47999999999999865,20671.0,True,True,84.71696035242292,Petrochemicals,Commodities,25.0,93,"Uptrend (price > 50 > 150 > 200-day, 200-day rising); Within 15% of 52-week high; 3-year profit growth >= 15%/yr; ROE >= 20%",4
RAINBOW,-0.030700947759195435,0.03900581854751817,0.24357320952626615,-0.3529656037202846,0.7949068322981366,0.0,0.0,-0.07066778479750385,4.296425979821094,0.013976071935743527,0.01568546158098405,-0.12257126794553608,-0.04468337691801028,131114683.75,16.22732785445311,33.16805032159351,-23.972182663220895,0.9766744679107033,0.0,10.63713453593329,-1.9399999999999995,1.0,17.101273499090357,0.23000000000000398,20640.0,True,True,33.79955947136564,Hospital,Healthcare,50.0,93,"Uptrend (price > 50 > 150 > 200-day, 200-day rising); Within 15% of 52-week high; Quarterly profit growth >= 25%; 3-year profit growth >= 15%/yr; ROE >= 20%; RS rating >= 80; Net profit margin up vs a year ago",7
RALLIS,-0.10972062826711916,-0.3509711779448622,-0.05076746849942737,-1.116868879695728,0.6236414740787009,0.0,0.0,-0.6002316651400302,0.8657546231326274,0.01212338853086847,0.011246802143167534,-0.046529039109068804,-0.007833286620840098,119719716.09,-100.0,7.698510376437651,-96.20273931850777,-1.318104918565385,0.0,2.001277043508254,-4.26,0.0,9.669811320754718,-2.030000000000001,19103.0,True,True,7.1960352422907485,Pesticides & Agrochemicals,Commodities,93.0,93,"Uptrend (price > 50 > 150 > 200-day, 200-day rising); Within 15% of 52-week high; Quarterly profit growth >= 25%; Sales growth >= 20% or 2+ strong quarters; 3-year profit growth >= 15%/yr; ROE >= 20%; RS rating >= 80; Net profit margin up vs a year ago",8
RAMCOCEM,-0.06575434577229718,-0.15831730769230767,-0.0486360178241495,-0.7809164560016028,0.6841086867023467,0.0,0.0,-0.01866851821416893,1.3684963393521181,0.014286887403691148,0.0176487496407014,-0.07157328017289055,-0.01909772272098756,184399929.10000002,-74.48124448475642,9.5963394759935,-374.4812444847564,-0.9689977303450347,0.0,-11.92279017278075,-3.13,1.0,8.636026686434397,0.05999999999999517,20657.0,True,True,19.84361233480176,Cement & Cement Products,Commodities,89.0,93,"Uptrend (price > 50 > 150 > 200-day, 200-day rising); Within 15% of 52-week high; Quarterly profit growth >= 25%; Sales growth >= 20% or 2+ strong quarters; 3-year profit growth >= 15%/yr; ROE >= 20%; RS rating >= 80; Net profit margin up vs a year ago",8
RAMCOSYS,0.09617598807862021,0.2248937713752721,0.7176282517076007,0.2058403553106252,0.5645994832041343,0.0,0.0,-0.4741026328636558,0.4037329978568502,0.03662939628924837,0.04998227578872738,-0.07961867148325874,-0.034323782770713435,63142603.075,-48.848862555558426,7.097694024299539,-348.8488625555584,-0.01319423956528584,0.0,-39.74432262882739,-0.35000000000000003,1.0,12.0,1.200000000000001,20657.0,True,True,74.79515418502203,Software Products,Information Technology,57.0,93,"Uptrend (price > 50 > 150 > 200-day, 200-day rising); Within 15% of 52-week high; Quarterly profit growth >= 25%; Sales growth >= 20% or 2+ strong quarters; 3-year profit growth >= 15%/yr; ROE >= 20%; RS rating >= 80; Net profit margin up vs a year ago",8
RAMRAT,0.27896403459338187,0.7922363664937926,0.972327914216534,2.1839150183517786,0.9944354838709677,1.0,1.0,1.0265666405531297,2.4824829503315864,0.03070757197289632,0.06047926968429085,0.2141304262207273,-0.04122243771058118,124184648.75,121.23830753101869,88.63476747381598,10.783093900471869,2.537937540858459,4.0,41.72796425866336,0.2799999999999998,1.0,18.79310344827586,0.47999999999999987,20647.0,True,True,94.63876651982379,Other Electrical Equipment,Industrials,49.0,93,ROE >= 20%,1
RATEGAIN,0.11857111807808363,0.3827769347496206,1.079767203012667,0.6418012871400445,0.8006190476190476,0.0,0.0,-0.339154011539477,0.8353746731100746,0.023000578473011395,0.02977180888994546,-0.06453917440421608,-0.02167510790583986,301237927.875,102.17976176680108,187.63373882456395,74.47068741865843,4.070585881051366,2.0,45.48423490572298,-5.109999999999999,1.0,9.67098703888335,0.3999999999999986,20671.0,True,True,79.26541850220264,Computers - Software & Consulting,Information Technology,80.0,93,"Uptrend (price > 50 > 150 > 200-day, 200-day rising); Within 15% of 52-week high; ROE >= 20%; RS rating >= 80; Net profit margin up vs a year ago",5
RATNAMANI,0.023813617106193806,0.059759173378895136,0.1831683168316831,0.14205162893115755,0.7830792227204784,0.0,1.0,0.8900175471491331,0.7558205959516867,0.02950091755117219,0.05790720047361808,0.02406798241327257,-0.025336934391629862,108205701.6,-15.858555679220853,-15.629287438564798,30.01927690507907,-0.41007558542820693,0.0,-2.3308837764076884,-0.02999999999999936,1.0,12.989540257844807,-0.19999999999999574,20656.0,True,True,54.515418502202635,Iron & Steel Products,Industrials,10.0,93,Within 15% of 52-week high; Quarterly profit growth >= 25%; Sales growth >= 20% or 2+ strong quarters; 3-year profit growth >= 15%/yr; ROE >= 20%; RS rating >= 80; Net profit margin up vs a year ago,7
RATNAVEER,0.4292372199416307,0.8560871504109067,1.2279574826030437,2.3350308033621316,0.9744710860366713,1.0,1.0,0.8974532674294576,1.2314842795369108,0.03952744955708641,0.1179615705931496,0.30681001414812403,-0.05724926398793884,1966256149.175,70.49042979393391,54.911131898970986,19.825371272181506,2.540800837009139,3.0,37.922321418201754,0.5300000000000002,1.0,9.566517189835576,-4.290000000000001,20658.0,True,True,98.34581497797356,Iron & Steel Products,Industrials,10.0,93,ROE >= 20%,1
RAYMOND,0.4544328511917741,0.026498626595572672,0.9739008855056701,1.8279824599336052,0.9647058823529412,1.0,1.0,0.22523100646271388,1.6133640563633576,0.04105085465072228,0.17444516015693612,0.5413811661040344,-0.09362340933767116,532381693.47499996,49.605202178911846,15.510499914169639,40.266262118071985,0.14950049067962307,1.0,-26.145470460248543,1.1599999999999997,1.0,188.50210970464133,-1.6500000000000004,20672.0,True,True,98.45484581497797,Industrial Products,Industrials,6.0,93,Sales growth >= 20% or 2+ strong quarters; 3-year profit growth >= 15%/yr,2
RAYMONDLSL,-0.16128883680207734,-0.4957660652105096,-0.15681863296499698,-1.218743075099887,0.49538315839318137,0.0,0.0,0.031417169135016125,0.9261100187603376,0.018753373632314427,0.03776041666666674,-0.09957984217902549,-0.031197379194291597,132993977.1,100.0,5.947861831756884,71.92677321993162,-0.03481133899095763,2.0,,-0.10000000000000009,0.0,0.4773765047737651,-0.7699999999999996,20665.0,True,True,1.7444933920704848,Other Textile Products,Consumer Discretionary,15.0,93,"Uptrend (price > 50 > 150 > 200-day, 200-day rising); Within 15% of 52-week high; 3-year profit growth >= 15%/yr; ROE >= 20%; RS rating >= 80; Net profit margin up vs a year ago",6
RAYMONDREL,0.05110471598511977,-0.18119157027412458,0.3681493248610008,0.04644528503205474,0.8739807264640475,1.0,1.0,1.3068420290057001,7.081636449795989,0.03526983003269333,0.13901611535199332,0.06543438077634023,-0.08157315204413088,237143496.375,-18.673071449765967,38.415243101182654,-318.673071449766,-0.04910611302587895,0.0,,-1.79,1.0,19.4515306122449,-2.789999999999999,20672.0,True,True,62.692731277533035,"Residential, Commercial Projects",Consumer Discretionary,55.0,93,Quarterly profit growth >= 25%; 3-year profit growth >= 15%/yr; ROE >= 20%; RS rating >= 80; Net profit margin up vs a year ago,5
RBLBANK,0.12040326550512112,0.40743480673201393,0.3132010353753236,1.6675930298870485,0.9576350093109869,1.0,1.0,0.9171452980901152,1.4507670207014094,0.017887694636178786,0.05168986083499005,0.046015530050698805,-0.019038517869966284,1062061507.35,9.267942422639596,11.596603490663092,-171.99669429139132,0.12175430926059036,0.0,-4.4307011836591474,-0.13000000000000078,1.0,5.25591963645061,-37.510000000000005,20651.0,True,True,79.59251101321586,Private Sector Bank,Financial Services,23.0,93,Quarterly profit growth >= 25%; Sales growth >= 20% or 2+ strong quarters; 3-year profit growth >= 15%/yr; ROE >= 20%; RS rating >= 80; Net profit margin up vs a year ago,6
RCF,-0.09066766009702974,-0.23979286994622584,0.07349770319677518,-0.859196176738618,0.6793893129770993,0.0,0.0,0.1756958781300936,1.7002575185877182,0.014092031148385243,0.01858217968967768,-0.09518823134715282,-0.013566141598821652,101082826.965,35.456081447765996,6.3825810394650295,-88.583409709349,0.46101271587675613,2.0,-13.370258692295689,0.4399999999999997,1.0,8.336587270597423,-0.26000000000000023,20678.0,True,True,11.77533039647577,Fertilizers,Commodities,63.0,93,"Uptrend (price > 50 > 150 > 200-day, 200-day rising); Within 15% of 52-week high; 3-year profit growth >= 15%/yr; ROE >= 20%; RS rating >= 80",5
RECLTD,-0.08758307493535762,-0.17787958115183244,0.029334644378892216,-0.8752943975211357,0.7372533948244939,0.0,0.0,-0.41460877726826956,6.721419048716381,0.016108192196901794,0.02239699093862213,-0.13049653105132109,-0.027514353139876744,1538352187.475,-6.093523642149757,-2.0527974649617198,15.617960440501575,-0.4663649583547705,0.0,11.173811054006343,-1.25,1.0,19.300321908729405,0.5900000000000034,20658.0,True,True,12.865638766519824,Financial Institution,Financial Services,78.0,93,"Uptrend (price > 50 > 150 > 200-day, 200-day rising); Within 15% of 52-week high; Quarterly profit growth >= 25%; Sales growth >= 20% or 2+ strong quarters; 3-year profit growth >= 15%/yr; ROE >= 20%; RS rating >= 80; Net profit margin up vs a year ago",8
REDINGTON,0.19922736142929218,0.2756330730496972,0.7484371092773194,0.9738136672193991,0.9486293206197854,1.0,1.0,1.5044587256890396,0.5184216688322608,0.026878324537399297,0.04667771967861234,0.11199597619247204,-0.021686201097439517,1580169856.9,94.37263877559208,34.565672998486804,102.14667434100845,4.4462889020350636,1.0,5.448620889676281,0.4,1.0,12.637795275590552,-0.28000000000000114,20643.0,True,True,89.84140969162995,Trading & Distributors,Services,17.0,93,3-year profit growth >= 15%/yr; ROE >= 20%,2
REFEX,-0.043465468651642226,-0.3067798726432762,0.4649849596284765,-0.63144063118101,0.67748782619553,0.0,0.0,0.2064108701803088,0.6370685058370843,0.02277875989055143,0.07853595732940954,-0.06370143361011593,-0.036146253833814916,79243224.25,155.08503518992697,160.4189166145626,80.54973154321003,2.614720579380452,2.0,49.44347427581213,-0.16999999999999993,1.0,13.563829787234042,-0.18999999999999995,20644.0,True,True,28.566079295154186,Waste Management,Utilities,,93,"Uptrend (price > 50 > 150 > 200-day, 200-day rising); Within 15% of 52-week high; ROE >= 20%; RS rating >= 80; Net profit margin up vs a year ago",5
RELAXO,-0.07821118239667248,-0.18671494851193848,0.5105086170659943,-0.8017420429853996,0.603149439864722,0.0,0.0,-0.4408847111998386,0.46268809219588897,0.03368100469704823,0.01930633862976272,-0.2058500201772817,-0.048129826255687326,70338387.825,12.339828738985847,7.7250989319928465,-7.9961526727502665,0.8053968665018343,0.0,2.4725677414382696,0.3200000000000003,1.0,8.114233907524932,-1.7763568394002505e-15,20679.0,True,True,15.918502202643172,Footwear,Consumer Discretionary,,93,"Uptrend (price > 50 > 150 > 200-day, 200-day rising); Within 15% of 52-week high; Quarterly profit growth >= 25%; Sales growth >= 20% or 2+ strong quarters; 3-year profit growth >= 15%/yr; ROE >= 20%; RS rating >= 80",7
RELIANCE,-0.0498836455321639,-0.053506869125090395,-0.025969194136468587,-0.7309174311884584,0.7244695371634198,0.0,0.0,-0.2937741288539062,2.1341305820879524,0.012055186663383049,0.017123287671232834,-0.0877771354467759,-0.02585103230093525,13186145233.0,-0.8667616063721573,27.022722795035126,8.093549957567824,-0.08046533993150855,0.0,6.73353972364894,-2.1099999999999994,1.0,10.591905135891508,-0.8399999999999963,20651.0,True,True,25.513215859030836,Refineries & Marketing,Energy,46.0,93,"Uptrend (price > 50 > 150 > 200-day, 200-day rising); Within 15% of 52-week high; Quarterly profit growth >= 25%; 3-year profit growth >= 15%/yr; ROE >= 20%; RS rating >= 80; Net profit margin up vs a year ago",7
RELIGARE,-0.04137664312978282,-0.02410627075600702,0.23561711600296809,-0.32366920468435184,0.8021071428571429,0.0,0.0,-0.01105085662492564,1.473660727139803,0.02179099703337318,0.02060423200603445,-0.07907210948622556,-0.04680268578658774,197971045.10999998,-100.0,26.43307653461411,-63.53199353254539,-0.743402489009629,0.0,-40.25848399361115,-2.44,0.0,2.5103163686382395,2.6000000000000014,20677.0,True,True,29.65638766519824,Investment Company,Financial Services,84.0,93,"Uptrend (price > 50 > 150 > 200-day, 200-day rising); Within 15% of 52-week high; Quarterly profit growth >= 25%; 3-year profit growth >= 15%/yr; ROE >= 20%; RS rating >= 80; Net profit margin up vs a year ago",7
RENUKA,-0.08515356653416692,-0.2338607594936709,-0.11963636363636365,-0.9511358475110699,0.6717028643374252,0.0,0.0,0.5599910004751247,1.3960296822439506,0.02263503242098879,0.04617304492512475,-0.0802517024394449,-0.04226674984859309,262537970.62499997,-100.0,5.47209232912147,0.0,0.060830026199725794,0.0,-22.4026190962757,1.25,0.0,29.585356742622338,-2.3099999999999987,20670.0,True,True,13.19273127753304,Sugar,Fast Moving Consumer Goods,30.0,93,"Uptrend (price > 50 > 150 > 200-day, 200-day rising); Within 15% of 52-week high; Quarterly profit growth >= 25%; Sales growth >= 20% or 2+ strong quarters; 3-year profit growth >= 15%/yr; RS rating >= 80",6
RGL,0.15189363116844468,0.1608747245295814,0.4078947368421053,0.6553876523252878,0.9349827387802071,1.0,0.0,1.1346739662851602,0.3288025226671629,0.040384662633526046,0.08853558926487737,0.18011024045200053,-0.03838731733828461,87892173.27000001,61.93166768496183,47.16586212098355,28.928093692857487,2.117961986965224,4.0,12.01024465153151,0.2999999999999998,1.0,5.968169761273209,2.27,20672.0,True,True,83.84471365638767,"Gems, Jewellery And Watches",Consumer Discretionary,12.0,93,"Uptrend (price > 50 > 150 > 200-day, 200-day rising); 3-year profit growth >= 15%/yr; ROE >= 20%",3
RHIM,-0.026793114318741165,-0.20216684723726974,0.08983276602042323,-0.41069293479487157,0.7571316151878812,0.0,0.0,0.7683714988374273,0.8833609254011839,0.019333945538700426,0.0304347826086957,0.002725349397088017,-0.02631969358621685,107610786.375,83.26625287029663,5.586679440186604,120.37327377478744,1.4013029095857856,1.0,6.059475445469165,2.7,1.0,-10.755405784891884,0.4800000000000004,20676.0,True,True,35.32599118942731,Electrodes & Refractories,Industrials,7.0,93,"Uptrend (price > 50 > 150 > 200-day, 200-day rising); Within 15% of 52-week high; Sales growth >= 20% or 2+ strong quarters; 3-year profit growth >= 15%/yr; ROE >= 20%; RS rating >= 80",6
RICOAUTO,0.04436685784076982,0.25532124556562863,0.2676883271967361,0.3475224165832687,0.7698588518260648,0.0,0.0,0.5081336322548815,0.4904283599221617,0.029699604797569612,0.0384025755020696,-0.08906943233664977,-0.024306982700520282,142344238.39,-100.0,38.93938836344901,-89.6380887754728,-2.2452508271734155,0.0,-9.401590026488925,-3.6,0.0,6.666666666666667,1.5900000000000003,20677.0,True,True,60.07599118942731,Auto Components & Equipments,Consumer Discretionary,20.0,93,"Uptrend (price > 50 > 150 > 200-day, 200-day rising); Within 15% of 52-week high; Quarterly profit growth >= 25%; 3-year profit growth >= 15%/yr; ROE >= 20%; RS rating >= 80; Net profit margin up vs a year ago",7
RISHABH,0.1710262880948756,0.6906439854191981,0.9928387281581208,1.3784935403800216,0.82018779342723,0.0,0.0,0.15268497092580138,0.7156581798273984,0.028656227837140617,0.09682442954837844,-0.0016329901149093606,-0.05718016435208003,129610634.525,-1.2794511834389732,4.1769558135869245,-229.14288143150523,-0.019982206452933346,0.0,20.305183703020614,-0.5400000000000009,1.0,11.006711409395974,0.5600000000000005,20645.0,True,True,86.35242290748899,Other Electrical Equipment,Industrials,49.0,93,"Uptrend (price > 50 > 150 > 200-day, 200-day rising); Within 15% of 52-week high; Quarterly profit growth >= 25%; Sales growth >= 20% or 2+ strong quarters; ROE >= 20%; Net profit margin up vs a year ago",6
RITES,-0.03281911140153295,-0.16222704042124814,0.2320218641462164,-0.5526862731654401,0.7758518518518518,0.0,0.0,2.0131749363514277,33.73752842876632,0.017743349947787777,0.08704695543653473,-0.024079355747021025,-0.025073093806654057,73171487.12,7.557445153867737,8.66990648098993,8.968830840663777,0.3598360057083766,0.0,-5.454672201112998,-0.18999999999999773,1.0,16.927665920954514,0.0,20669.0,True,True,32.709251101321584,Civil Construction,Industrials,77.0,93,"Uptrend (price > 50 > 150 > 200-day, 200-day rising); Within 15% of 52-week high; Quarterly profit growth >= 25%; Sales growth >= 20% or 2+ strong quarters; 3-year profit growth >= 15%/yr; ROE >= 20%; RS rating >= 80; Net profit margin up vs a year ago",8
RKFORGE,0.09384639927907071,0.34152202937249676,0.6150878696956708,0.6628490327134612,0.8999094202898552,0.0,0.0,0.7501376307740605,0.6524591435669912,0.0226244028333969,0.02766291173534885,-0.015717106240844547,-0.016381624821841294,567791231.3,297.7390792370497,19.83826802986428,369.61195648377645,0.4438911961240027,1.0,-25.251174320708934,2.6900000000000004,1.0,2.188449848024316,-0.6799999999999997,20658.0,True,True,74.03193832599119,Auto Components & Equipments,Consumer Discretionary,20.0,93,"Uptrend (price > 50 > 150 > 200-day, 200-day rising); Sales growth >= 20% or 2+ strong quarters; 3-year profit growth >= 15%/yr; ROE >= 20%; RS rating >= 80",5
ROLEXRINGS,0.16814575253463732,0.2976977267775438,0.6097297297297297,0.9325400493439988,0.9894683799445706,1.0,1.0,1.0756082016716249,1.7785917579938377,0.031156093137210444,0.07684251143817877,0.15883252757214072,-0.05485822852221892,245849690.665,22.329351835058773,4.376157486796073,50.002605560093116,1.039562482198941,1.0,-0.5495115638293746,2.900000000000002,1.0,11.624072547403133,-2.1199999999999974,20679.0,True,True,86.02533039647578,Auto Components & Equipments,Consumer Discretionary,20.0,93,Quarterly profit growth >= 25%; Sales growth >= 20% or 2+ strong quarters; 3-year profit growth >= 15%/yr; ROE >= 20%,4
ROSSTECH,0.2866041228538355,0.4544290834613416,0.7016624232439719,1.5315143792485333,0.9905648099947943,1.0,1.0,0.9415832075500867,0.8345879234208449,0.031221708079610305,0.09884533352945502,0.30606634916576647,-0.06519997382754643,246279203.825,116.44627888608632,77.09240999770697,106.7268542124451,0.7841265933509917,1.0,,0.8400000000000003,1.0,14.193548387096774,-2.6499999999999995,20662.0,True,True,95.18392070484582,Aerospace & Defense,Industrials,22.0,93,3-year profit growth >= 15%/yr; ROE >= 20%,2
ROUTE,-0.13329486847940236,-0.40350564468211525,0.2077718960538979,-1.2884933819489963,0.5160527404954769,0.0,0.0,1.1084324656683286,0.19044842328142558,0.02187536904124576,0.024755564801331564,-0.13680733436847892,-0.04307806447319418,86644719.9,16.638092553365745,9.580997877867969,-29.61081167000657,0.46378776572869274,0.0,1.705367822555326,0.3600000000000003,1.0,9.277978339350181,-0.6400000000000006,20657.0,True,True,3.5980176211453743,Other Telecom Services,Telecommunication,,93,"Uptrend (price > 50 > 150 > 200-day, 200-day rising); Within 15% of 52-week high; Quarterly profit growth >= 25%; Sales growth >= 20% or 2+ strong quarters; 3-year profit growth >= 15%/yr; ROE >= 20%; RS rating >= 80",7
RPEL,0.4187353990671151,1.523893029373082,2.049258474576271,3.1425577593041374,0.9357925605803366,0.0,1.0,0.5943211196578135,1.6530749699043623,0.03731588037604049,0.06936005171299287,0.1660063848609563,-0.042441260514288606,128471243.15,67.53869748015696,48.716632443531836,17.85119501223989,6.837658333985101,9.0,34.737847458577484,2.530000000000001,1.0,22.448979591836736,0.4600000000000001,20649.0,True,True,98.01872246696036,Electrodes & Refractories,Industrials,7.0,93,,0
RPTECH,0.36045749803611093,1.4876249039200617,1.3944954128440368,4.303331927130659,0.9486911515875385,1.0,1.0,0.20111647806363842,2.9846693583460984,0.03121258469826117,0.08824978445621379,0.13207031746427655,-0.061207919093573517,282317701.55,69.28558447432474,61.85353442423245,-1.1372656362164832,2.0402541989293344,3.0,23.289581652072687,0.08999999999999986,1.0,13.925925925925926,-2.280000000000001,20669.0,True,True,97.47356828193833,Computers Hardware & Equipments,Information Technology,9.0,93,ROE >= 20%,1
RRKABEL,0.2011170928240933,1.2723889460764908,1.2188031544765732,2.541712823209637,0.8439573697969032,0.0,0.0,0.3382502047872353,0.6406279031069372,0.02600139635086905,0.025774453207577652,-0.041823115874641825,-0.021204320928548424,924818713.6000001,117.0847159867265,53.90070921985814,87.11083532912127,3.02275630870609,6.0,35.42092794879104,1.79,1.0,19.106796116504853,0.11999999999999744,20661.0,True,True,90.05947136563876,Cables - Electricals,Industrials,2.0,93,"Uptrend (price > 50 > 150 > 200-day, 200-day rising); Within 15% of 52-week high; ROE >= 20%",3
RUBICON,,,1.3579192546583854,,0.8588204318062138,0.0,0.0,0.6322876657247756,2.0057671761986944,0.02798280702947888,0.06417295813315027,-0.03347773780809393,-0.04826023809487251,402885245.8,95.90677047414104,51.590116031660486,-15.929659489015023,,8.0,,3.59,1.0,19.162141194724594,-0.6099999999999994,20670.0,True,True,,Pharmaceuticals,Healthcare,21.0,93,"Uptrend (price > 50 > 150 > 200-day, 200-day rising); 3-year profit growth >= 15%/yr; ROE >= 20%; RS rating >= 80",4
RVNL,-0.1250091461396504,-0.4006040558032503,-0.16531143601041465,-1.2788143481223673,0.49163963064636884,0.0,0.0,-0.3145485053421617,3.696703417296075,0.016456401113275298,0.062419434804164675,-0.09096446363211841,-0.0280465457274764,871762417.175,18.58648316240088,10.55216858500243,78.76504593714793,0.287063542097681,0.0,-15.15302106093519,0.25,1.0,8.867847688861739,-2.2700000000000014,20669.0,True,True,4.797356828193832,Civil Construction,Industrials,77.0,93,"Uptrend (price > 50 > 150 > 200-day, 200-day rising); Within 15% of 52-week high; Quarterly profit growth >= 25%; Sales growth >= 20% or 2+ strong quarters; 3-year profit growth >= 15%/yr; ROE >= 20%; RS rating >= 80",7
SAGILITY,0.021329737246668114,0.07225300092336107,0.16270337922403,-0.0099290143630674,0.7457246501986526,0.0,0.0,0.7634640251264809,0.5049652564631771,0.019560291087580173,0.024685816876121924,-0.02355501069859811,-0.027211513570702672,649003191.475,52.97161069953875,27.58652059209585,11.82750984220251,1.502582097033385,8.0,,1.92,1.0,9.576560720571488,-0.8899999999999935,20655.0,True,True,52.98898678414098,IT Enabled Services,Information Technology,38.0,93,"Uptrend (price > 50 > 150 > 200-day, 200-day rising); Within 15% of 52-week high; 3-year profit growth >= 15%/yr; ROE >= 20%; RS rating >= 80",5
SAIL,0.058233164576152116,0.41557870030805333,0.2746004490820235,0.7673940232852076,0.8321411540295661,0.0,0.0,0.32283195524414265,1.2771620424344539,0.021574177992686967,0.06568588012183207,-0.02295960931822183,-0.0264121278330962,2737874034.59,134.60265740010735,1.249567930572626,71.61322854806392,2.1244383166726895,3.0,51.35491282133713,3.7800000000000002,1.0,5.588508184770363,0.5500000000000043,20658.0,True,True,65.20044052863436,Iron & Steel,Commodities,47.0,93,"Uptrend (price > 50 > 150 > 200-day, 200-day rising); Within 15% of 52-week high; ROE >= 20%; RS rating >= 80",4
SAILIFE,0.1668868659844454,0.7020012332529848,0.5618312757201644,2.158030423996542,0.9081909251620507,0.0,1.0,0.4678856167328005,0.8822640852385424,0.020333980141806825,0.045385679467755846,0.042890319227833595,-0.018904194699746284,636125974.8,21.19143841663287,11.657467467064176,3.300512542958245,0.5890800415035442,1.0,,1.040000000000001,1.0,14.049919484702095,-0.3500000000000014,20671.0,True,True,85.80726872246696,Pharmaceuticals,Healthcare,21.0,93,Quarterly profit growth >= 25%; Sales growth >= 20% or 2+ strong quarters; 3-year profit growth >= 15%/yr; ROE >= 20%,4
SAKAR,0.31285468862084476,1.625747688961392,0.9375062694352494,3.5193544272156716,0.8740903362198643,1.0,1.0,0.41201218619585933,0.6069942176450138,0.033232816529047984,0.0939934904822961,0.09233203235741505,-0.030911751612469403,103721227.35,120.2784151653244,38.35798255593477,28.8673453684124,2.4895455223267127,3.0,41.57144784435127,5.24,1.0,9.25925925925926,-0.759999999999998,20658.0,True,True,96.27422907488986,Pharmaceuticals,Healthcare,21.0,93,ROE >= 20%,1
SAMBHV,0.16245886146048336,0.0490949665261593,0.4033167495854064,0.7188885290527448,0.9649751957444265,1.0,1.0,1.2251071554882293,2.2654916703894945,0.03180944694354674,0.14315593771787127,0.23444613166100092,-0.08519716495213085,209635313.825,66.96765643483415,31.06528471439056,-170.08609672723173,1.4760846249023227,5.0,,1.6600000000000001,1.0,13.472485768500949,0.09000000000000075,20668.0,True,True,85.26211453744494,Iron & Steel Products,Industrials,10.0,93,3-year profit growth >= 15%/yr; ROE >= 20%,2
SAMHI,-0.055265116405864116,-0.24772671418038816,0.19430355052672654,-0.649692132185071,0.7104003681546249,0.0,0.0,0.416897622840837,1.1704632795665006,0.022322779720903012,0.05097421767368626,-0.05070724984903063,-0.025798941214403345,136951806.06,13.091957416682188,12.122993277249194,-286.9080425833178,0.029303183176174606,0.0,,0.07000000000000028,1.0,25.98533455545371,1.2999999999999972,20668.0,True,True,24.095814977973568,Hotels & Resorts,Consumer Discretionary,54.0,93,"Uptrend (price > 50 > 150 > 200-day, 200-day rising); Within 15% of 52-week high; Quarterly profit growth >= 25%; Sales growth >= 20% or 2+ strong quarters; 3-year profit growth >= 15%/yr; RS rating >= 80",6
SAMMAANCAP,-0.0428001078508356,0.08750923872875083,-0.015917602996254887,-0.05262344257838917,0.6866027468256025,0.0,0.0,-0.11081931419359059,1.0444069649550953,0.018189542385415466,0.03513660459426404,-0.12665828132045476,-0.03257031747797823,732480046.52,-27.226658344527866,-31.179046214478834,72.77334165547214,-0.05128872525086128,0.0,2.963715331294803,0.8000000000000007,1.0,-37.62110362257793,-30.749999999999996,20678.0,True,True,29.002202643171806,Housing Finance Company,Financial Services,85.0,93,"Uptrend (price > 50 > 150 > 200-day, 200-day rising); Within 15% of 52-week high; Quarterly profit growth >= 25%; Sales growth >= 20% or 2+ strong quarters; 3-year profit growth >= 15%/yr; ROE >= 20%; RS rating >= 80",7
SANDHAR,0.031237042631482477,0.36470956957793543,0.4946224256292906,0.4047219756382901,0.7387971698113207,0.0,0.0,0.205052703582943,0.9229661797542628,0.020819117002057103,0.022099447513812098,-0.0926061522863878,-0.030744149982909866,96190505.55000001,33.18084291972754,26.768431964333228,-22.887501392847653,0.8136988582604279,2.0,36.19292258063243,0.13000000000000034,1.0,14.928732183045762,-1.25,20676.0,True,True,56.587004405286336,Auto Components & Equipments,Consumer Discretionary,20.0,93,"Uptrend (price > 50 > 150 > 200-day, 200-day rising); Within 15% of 52-week high; ROE >= 20%; RS rating >= 80",4
SANDUMA,0.009194695224368263,0.17571135230272827,0.16592971840819182,0.08272289626902939,0.6508058608058608,0.0,0.0,-0.19932506140991302,1.049345781767328,0.016712634181351042,0.026304300371097877,-0.10003596411692894,-0.025696915346058988,99680480.44999999,36.30339215102853,21.085451566876266,-14.701927081143488,1.100953466892562,2.0,38.97286005507892,1.8499999999999996,1.0,20.221266133988934,0.020000000000000018,20662.0,True,True,48.40969162995595,Iron & Steel,Commodities,47.0,93,"Uptrend (price > 50 > 150 > 200-day, 200-day rising); Within 15% of 52-week high; RS rating >= 80",3
SANGHVIMOV,0.0813554469986556,0.17178306472243543,0.9637727759914256,0.1959760551915159,0.8134469696969697,0.0,0.0,0.2778787784446149,1.6204909671377195,0.029826439625976208,0.027924066135946113,-0.05640687647608067,-0.03777559038756428,130778666.375,29.82713221150748,38.89010828211881,2.728051867577431,1.6080173055270628,2.0,22.306316868049247,-1.1999999999999993,1.0,14.035087719298245,0.4299999999999997,20665.0,True,True,70.54295154185023,Diversified Commercial Services,Services,62.0,93,"Uptrend (price > 50 > 150 > 200-day, 200-day rising); Within 15% of 52-week high; ROE >= 20%; RS rating >= 80; Net profit margin up vs a year ago",5
SANOFI,-0.11092796706094568,-0.3676087392262979,-0.017042091161167616,-2.0419868379096813,0.6062674650698603,0.0,0.0,-0.023815895721145928,0.8227215517879618,0.010785973247932925,0.026307168129996006,-0.054712402145896566,-0.010322078421995097,50283767.5,22.368204406228532,9.73998294970162,20.391585366341047,0.3966936323154757,1.0,-13.83726535575176,1.7100000000000009,1.0,47.96747967479675,-1.2100000000000009,20146.0,True,True,6.977973568281939,Pharmaceuticals,Healthcare,21.0,93,"Uptrend (price > 50 > 150 > 200-day, 200-day rising); Within 15% of 52-week high; Quarterly profit growth >= 25%; Sales growth >= 20% or 2+ strong quarters; 3-year profit growth >= 15%/yr; RS rating >= 80",6
SANSERA,0.31033406638827343,1.6021734782318822,0.8814172089660159,4.340219968537786,0.9015705702540319,1.0,1.0,0.3425052059254252,3.6739634031478543,0.028116466353629768,0.06737258552478465,0.09620207480196297,-0.06025995572683507,820178684.4,58.56190920428514,33.26982552752804,-49.1118449997893,1.8870269107491697,6.0,33.23786873819699,1.5599999999999987,1.0,10.592808551992224,-1.6099999999999994,20677.0,True,True,95.94713656387665,Auto Components & Equipments,Consumer Discretionary,20.0,93,ROE >= 20%,1
SAPPHIRE,-0.01863901114417759,-0.2530128309241514,0.5287860656827552,-0.6914446761527522,0.6703514376996805,0.0,0.0,0.6312990743674193,1.8581872058369053,0.02788305069888235,0.044420562421637166,-0.05215539555865567,-0.04286525892356311,216398776.275,100.0,14.691760101952811,200.0,2.002493185764674,1.0,-77.82899845817543,1.79,1.0,-2.302158273381295,0.7000000000000028,20658.0,True,True,38.051762114537446,Restaurants,Consumer Discretionary,67.0,93,"Uptrend (price > 50 > 150 > 200-day, 200-day rising); Within 15% of 52-week high; Sales growth >= 20% or 2+ strong quarters; 3-year profit growth >= 15%/yr; ROE >= 20%; RS rating >= 80",6
SARDAEN,-0.035899798387639396,-0.14323881754718604,-0.02663272300009789,-0.45011697792737415,0.7928685897435898,0.0,0.0,1.3707605483707421,0.6125351730428568,0.017390855264325718,0.05001442723862648,-0.026559816153106097,-0.023298928714852358,146202061.4,9.474990399103934,-1.5351078616872016,-44.80087318088897,0.5160640386234829,0.0,23.74934725711375,2.990000000000002,1.0,15.047489823609226,0.16000000000000014,20666.0,True,True,31.400881057268723,Iron & Steel,Commodities,47.0,93,"Uptrend (price > 50 > 150 > 200-day, 200-day rising); Within 15% of 52-week high; Quarterly profit growth >= 25%; Sales growth >= 20% or 2+ strong quarters; ROE >= 20%; RS rating >= 80",6
SAREGAMA,0.041047838195581776,0.036418975650713836,0.546351393673661,0.09122705181244699,0.86118363794604,0.0,0.0,0.7668949138994802,2.10605442743954,0.024222212638631252,0.03425518541797601,-0.023738111211965673,-0.015567534016421506,205165787.8,42.0666936104154,27.484644774387014,8.241645109993861,1.7712558178247215,2.0,6.8280165695524975,2.0199999999999996,1.0,12.174940898345152,0.8200000000000003,20669.0,True,True,59.530837004405285,Media & Entertainment,Consumer Discretionary,40.0,93,"Uptrend (price > 50 > 150 > 200-day, 200-day rising); 3-year profit growth >= 15%/yr; ROE >= 20%; RS rating >= 80",4
SATIN,0.11584801428728884,0.509662171555679,0.552727532708944,1.7317713953508946,0.8297585175457796,0.0,0.0,-0.421351999080983,1.1507448824191566,0.020635845480625054,0.046429361043555106,-0.007422405103612695,-0.03329821396421968,55373764.555,172.0725888837872,8.389390599445345,-127.9274111162128,0.9126548703256082,3.0,10.65849861854893,9.68,1.0,11.59622773314705,2.379999999999999,20648.0,True,True,78.72026431718061,Microfinance Institutions,Financial Services,48.0,93,"Uptrend (price > 50 > 150 > 200-day, 200-day rising); Within 15% of 52-week high; 3-year profit growth >= 15%/yr; ROE >= 20%; RS rating >= 80",5
SBC,0.3111439575647788,0.9535315985130111,0.39159218801721285,6.086179847919526,0.9838655462184874,1.0,1.0,0.5174530282916129,3.4188754609852654,0.021119207938549534,0.10435325973755472,0.31724615896960473,-0.06502030074920151,392883412.895,268.08216027233425,67.09908915263595,216.44664625364268,2.1457132134025634,4.0,49.13649500395672,4.33,1.0,30.864197530864196,2.1,20677.0,True,True,96.05616740088107,Garments & Apparels,Consumer Discretionary,16.0,93,,0
SBCL,0.2794283252127145,0.8619402985074629,1.7018177130333894,1.6094153448046624,0.877190096240849,0.0,1.0,1.0850758422823819,0.44544032453112475,0.04461035194870979,0.09991435912075364,0.06603221888448485,-0.036540194103371684,283048812.625,44.01752390181559,33.382137628111266,20.217677897716513,2.51196287512485,5.0,10.645387412851793,1.3300000000000018,1.0,19.91701244813278,-5.150000000000002,20671.0,True,True,94.7477973568282,Iron & Steel Products,Industrials,10.0,93,3-year profit growth >= 15%/yr; ROE >= 20%,2
SBFC,-0.06420074087626298,-0.10870340645621546,0.23471278567016673,-0.8004960159982449,0.6844715447154471,0.0,0.0,0.07190133848160822,2.965707132275755,0.017292049939064955,0.023009758602978936,-0.10042462436664301,-0.05300843508654304,81899988.84,27.554945564785903,29.317701050518075,-10.70417027802391,2.904336425765002,12.0,,-0.35999999999999943,1.0,10.815047021943574,-0.240000000000002,20204.0,True,True,20.933920704845814,Non Banking Financial Company (NBFC),Financial Services,37.0,93,"Uptrend (price > 50 > 150 > 200-day, 200-day rising); Within 15% of 52-week high; 3-year profit growth >= 15%/yr; ROE >= 20%; RS rating >= 80; Net profit margin up vs a year ago",6
SBICARD,-0.09441989790545927,-0.2852218140717717,-0.004799748209930121,-1.3288597187232754,0.5836269430051814,0.0,0.0,0.4818734787227666,0.6368013276342831,0.019722569793155176,0.0406990474691018,-0.12069108185285615,-0.05371005914213329,927233634.9,19.493107240103093,3.3551913912879483,5.420907006903121,0.8462060614921432,0.0,0.7539244290301061,1.7799999999999994,1.0,13.779727839247109,-0.5500000000000007,20679.0,True,True,11.012114537444935,Non Banking Financial Company (NBFC),Financial Services,37.0,93,"Uptrend (price > 50 > 150 > 200-day, 200-day rising); Within 15% of 52-week high; Quarterly profit growth >= 25%; Sales growth >= 20% or 2+ strong quarters; 3-year profit growth >= 15%/yr; ROE >= 20%; RS rating >= 80",7
SBILIFE,-0.015440502999442485,-0.04281547520774853,-0.021380746075507773,-0.24999653606819883,0.8075046904315196,0.0,0.0,-0.2288165689870284,3.1994276530952064,0.013703353344231017,0.04063843571470649,-0.03382726968655514,-0.019050051821982564,1679647426.0500002,21.949838953158405,18.82292000564152,23.123936540913125,1.4058533471399,1.0,12.212579556278147,0.040000000000000036,1.0,12.941423032589332,-0.01999999999999602,20679.0,True,True,38.70594713656388,Life Insurance,Financial Services,87.0,93,"Uptrend (price > 50 > 150 > 200-day, 200-day rising); Within 15% of 52-week high; Quarterly profit growth >= 25%; Sales growth >= 20% or 2+ strong quarters; 3-year profit growth >= 15%/yr; ROE >= 20%; RS rating >= 80",7
SBIN,0.005160280326341835,0.19429692911567753,0.05625893404124982,0.42757556429235927,0.772738317000081,0.0,0.0,0.06306211690596174,2.9121077883959186,0.01208186219200108,0.0241735537190082,-0.06843820604299589,-0.017381696129593605,7711918052.9,13.597014649394112,8.360709744188831,12.955226836732692,1.520017302203885,0.0,8.173757413715865,0.8500000000000014,1.0,14.538079717377556,-0.18999999999999773,20672.0,True,True,46.88325991189428,Public Sector Bank,Financial Services,58.0,93,"Uptrend (price > 50 > 150 > 200-day, 200-day rising); Within 15% of 52-week high; Quarterly profit growth >= 25%; Sales growth >= 20% or 2+ strong quarters; 3-year profit growth >= 15%/yr; ROE >= 20%; RS rating >= 80",7
SCHAEFFLER,-0.021706766704629586,-0.02090268259252004,0.040418227215979874,-0.16788049994765591,0.8697092463683774,0.0,0.0,-0.1929551700195398,1.5377265573981094,0.012944557422289256,0.05677774993735918,-0.03641611071791162,-0.02445085621587413,196472545.4,13.493645893862771,17.340888127553033,-12.099074621463357,1.3915502113895415,0.0,11.54928982291139,-0.3999999999999986,1.0,19.014550264550266,0.0,20656.0,True,True,36.525330396475766,Auto Components & Equipments,Consumer Discretionary,20.0,93,"Uptrend (price > 50 > 150 > 200-day, 200-day rising); Quarterly profit growth >= 25%; Sales growth >= 20% or 2+ strong quarters; 3-year profit growth >= 15%/yr; ROE >= 20%; RS rating >= 80; Net profit margin up vs a year ago",7
SCHNEIDER,0.09742136358739682,0.38974328986608975,0.4049420666824308,1.0011079561907494,0.8239018087855298,0.0,1.0,0.152591660277135,3.904266516712144,0.029379724049204786,0.05983048030580029,0.01286692005546386,-0.01840379359174989,325593070.9,-69.81376432402246,4.782587712948216,1.7717464703470682,-1.135347708722775,0.0,14.422809220698785,-4.72,1.0,30.869565217391305,0.8200000000000003,20679.0,True,True,75.23127753303964,Heavy Electrical Equipment,Industrials,32.0,93,Within 15% of 52-week high; Quarterly profit growth >= 25%; Sales growth >= 20% or 2+ strong quarters; 3-year profit growth >= 15%/yr; RS rating >= 80; Net profit margin up vs a year ago,6
SCI,0.01754915134963062,0.2366655196145906,0.30860263996358683,0.3253669980696173,0.7242033898305085,0.0,0.0,-0.041627759435860945,0.6399725233086353,0.017505559423184634,0.026111111111111196,-0.06633709059379633,-0.02121224512727461,437173607.375,74.8814295323388,40.31184462478343,-43.68630432668617,1.5766269574991465,3.0,20.166461283747527,6.629999999999999,1.0,14.87467018469657,-0.40000000000000036,20671.0,True,True,51.4625550660793,Shipping,Services,1.0,93,"Uptrend (price > 50 > 150 > 200-day, 200-day rising); Within 15% of 52-week high; ROE >= 20%; RS rating >= 80",4
SEAMECLTD,0.14170368023515362,0.7948361575880685,0.19165247018739362,1.952820563390586,0.862466197944835,0.0,0.0,0.5046133006355602,1.0779452506623985,0.01657418501103167,0.03389325708839652,-0.01811079764105228,-0.032142606302543744,96403311.35,7.3140299724124835,40.77375308173716,-145.88121496958553,0.10833038184186745,0.0,91.83160905577985,-8.54,1.0,19.52344350499616,2.0999999999999996,20678.0,True,True,83.08149779735683,Shipping,Services,1.0,93,"Uptrend (price > 50 > 150 > 200-day, 200-day rising); Quarterly profit growth >= 25%; ROE >= 20%; Net profit margin up vs a year ago",4
SENCO,-0.022089105113050428,-0.005777903043968413,0.2650170342478033,-0.24667665099498134,0.7381395348837209,0.0,0.0,0.19768219959976366,1.5615714676695454,0.03179094483341446,0.03141690229343386,-0.1187299048761391,-0.033004836171748854,327889323.725,-3.3362538506545913,67.33633396850429,-154.79726115325158,-0.03969013266080448,0.0,51.032246329498406,-2.4200000000000004,1.0,22.8321400159109,0.2099999999999973,20675.0,True,True,36.307268722466965,"Gems, Jewellery And Watches",Consumer Discretionary,12.0,93,"Uptrend (price > 50 > 150 > 200-day, 200-day rising); Within 15% of 52-week high; Quarterly profit growth >= 25%; RS rating >= 80; Net profit margin up vs a year ago",5
SENORES,0.17267986516248301,1.0689802304081923,0.915086887835703,2.2587276828802327,0.8440275171982489,0.0,0.0,0.11459588757645237,1.985658720071954,0.022019080493537024,0.048375805096611435,-0.05201152533705711,-0.027444859536935384,292523772.45,43.783680684976225,30.596420030436988,-60.31757978851717,1.5840596091691264,11.0,,1.549999999999999,1.0,13.062098501070663,3.130000000000001,20661.0,True,True,86.5704845814978,Pharmaceuticals,Healthcare,21.0,93,"Uptrend (price > 50 > 150 > 200-day, 200-day rising); Within 15% of 52-week high; 3-year profit growth >= 15%/yr; ROE >= 20%",4
SETL,0.42850615704607686,1.0956738318263035,2.6635115948887838,2.4372504441328973,0.8906333440136709,0.0,1.0,1.0793267703779577,0.9913603168970895,0.03171516446871666,0.04993819530284305,0.195857305929525,-0.04784240710344147,232159528.475,26.588650769617985,43.1155023978737,-1.305861634843673,1.1131748531132708,3.0,,-1.4100000000000001,1.0,10.532994923857867,0.19999999999999973,20671.0,True,True,98.23678414096916,Industrial Products,Industrials,6.0,93,3-year profit growth >= 15%/yr; ROE >= 20%; Net profit margin up vs a year ago,3
SFL,-0.01994079655910462,-0.06476646359152882,0.3864100634340393,-0.2700812626338464,0.7407652111237911,0.0,0.0,0.4141379174823396,0.7172699473113854,0.021803652698409632,0.05173486852341691,-0.09641202380847724,-0.03777087841016941,102850372.55000001,300.0,25.63031859850746,0.0,1.482505927928587,3.0,-0.6035635782596915,4.79,1.0,4.950799507995081,-2.010000000000005,20669.0,True,True,37.28854625550661,"Furniture, Home Furnishing",Consumer Discretionary,,93,"Uptrend (price > 50 > 150 > 200-day, 200-day rising); Within 15% of 52-week high; 3-year profit growth >= 15%/yr; ROE >= 20%; RS rating >= 80",5
SGFIN,0.1227181210600048,0.8348796557751779,0.6452857487340244,1.6388109227397252,0.8685820331294247,0.0,0.0,0.31962384547238687,4.008953079206359,0.02251245538438397,0.04550343344088681,-0.04734694000630235,-0.035132525303657465,139697133.3,118.91585444569554,101.37594318686199,41.22953994670186,3.9711718507946596,5.0,65.07948610273031,3.1599999999999966,1.0,8.767123287671232,-0.8199999999999998,20679.0,True,True,79.70154185022027,Non Banking Financial Company (NBFC),Financial Services,37.0,93,"Uptrend (price > 50 > 150 > 200-day, 200-day rising); ROE >= 20%; RS rating >= 80",3
SGMART,0.19881724392589248,1.205043570108265,0.8008410610308387,2.343762072680361,0.8624215663490589,0.0,0.0,0.419991266616312,1.4100091404927269,0.025845521192037573,0.03625771076079509,-0.015165286898460417,-0.024357265932395993,163547582.575,41.184946609002424,14.408491217639895,15.913755664438597,1.1122508951679706,2.0,314.82618269731233,0.6600000000000001,1.0,6.950532247964934,-1.12,20654.0,True,True,89.62334801762115,Trading - Metals,Commodities,,93,"Uptrend (price > 50 > 150 > 200-day, 200-day rising); ROE >= 20%",2
SHAILY,0.07294041341615716,0.4070388558628415,0.5670216848973326,0.5769440378655181,0.8323467581323302,0.0,0.0,0.725783097533898,0.6275728224254247,0.022535149213165545,0.03660549876182606,-0.06457483245907625,-0.03422739889322966,402889745.79999995,16.777415525042837,13.774372694474856,-23.76023802667517,0.8469102193548284,0.0,66.54813763384276,0.4399999999999977,1.0,23.743016759776538,5.679999999999996,20673.0,True,True,68.1442731277533,Plastic Products - Consumer,Consumer Discretionary,33.0,93,"Uptrend (price > 50 > 150 > 200-day, 200-day rising); Within 15% of 52-week high; Quarterly profit growth >= 25%; Sales growth >= 20% or 2+ strong quarters; RS rating >= 80",5
SHAKTIPUMP,-0.13605534000252262,-0.43830062286990246,0.03913468855310365,-1.023446090423945,0.5306456324861233,0.0,0.0,0.4106285593975248,0.7093056614655566,0.016724187090532486,0.07567336468576302,-0.07912881245944192,-0.02880982799801214,171278543.0,-46.72152156182572,37.93895582329316,18.498821902521463,-0.6879513561698564,0.0,134.8367416355814,-9.55,1.0,15.131964809384163,-2.33,20649.0,True,True,2.9438325991189425,"Compressors, Pumps & Diesel Engines",Industrials,52.0,93,"Uptrend (price > 50 > 150 > 200-day, 200-day rising); Within 15% of 52-week high; Quarterly profit growth >= 25%; ROE >= 20%; RS rating >= 80; Net profit margin up vs a year ago",6
SHANTIGOLD,0.16603344383193142,0.05273069679849329,0.499808355691836,0.7236685170771577,0.9113152601399023,1.0,1.0,0.8757091970377526,12.528298410318621,0.037984267031763684,0.14829701713560395,0.21320614152885953,-0.0938582133924749,385851034.58,186.68079083698424,136.25750280324516,-113.31920916301576,,7.0,,1.2400000000000002,1.0,23.411371237458194,2.9299999999999997,20678.0,True,True,85.69823788546255,"Gems, Jewellery And Watches",Consumer Discretionary,12.0,93,3-year profit growth >= 15%/yr,1
SHARDACROP,-0.07557176574121259,-0.07768807768807784,-0.09401218250775778,-0.34020722180807905,0.5468003084040093,0.0,0.0,-0.9383822519277392,0.860685049026495,0.015748840218220744,0.03707081894585951,-0.09640856806494846,-0.025473550311082265,94006539.75,-38.33983730101623,9.033214528690813,-94.85594508362537,-1.4071212252652834,0.0,39.50100713604927,-6.300000000000001,1.0,21.715561224489797,-1.9999999999999982,20649.0,True,True,16.572687224669604,Pesticides & Agrochemicals,Commodities,93.0,93,"Uptrend (price > 50 > 150 > 200-day, 200-day rising); Within 15% of 52-week high; Quarterly profit growth >= 25%; Sales growth >= 20% or 2+ strong quarters; RS rating >= 80; Net profit margin up vs a year ago",6
SHAREINDIA,0.21300973599757755,0.23499638467100503,0.4551030840006818,0.9002749116159122,0.8788943646882366,1.0,1.0,1.778970886700894,0.3229090379037054,0.02797433204228055,0.11420555980617175,0.1065310636920338,-0.0541222686564512,108429777.5,47.44692870382758,31.24688790603671,-164.00947836253206,0.9387317343786081,2.0,1.102521401366885,3.0500000000000007,1.0,12.296015180265654,0.3400000000000003,20658.0,True,True,91.36784140969162,Stockbroking & Allied,Financial Services,11.0,93,3-year profit growth >= 15%/yr; ROE >= 20%,2
SHILCTECH,,,0.1297666957476149,,0.7469901833672903,0.0,0.0,-0.2855943778457917,1.6022632624597613,0.028437074044714752,0.039759338179994996,-0.03023651841204056,-0.014537163223709047,76768042.7,-49.72064413906945,-15.206299212598417,-0.9935704890978627,-1.2722375871387985,0.0,36.823757381474124,-10.64,1.0,32.244897959183675,0.05999999999999961,20679.0,True,True,,Other Electrical Equipment,Industrials,49.0,93,"Uptrend (price > 50 > 150 > 200-day, 200-day rising); Within 15% of 52-week high; Quarterly profit growth >= 25%; Sales growth >= 20% or 2+ strong quarters; RS rating >= 80; Net profit margin up vs a year ago",6
SHILPAMED,0.4234489378580397,1.1905699864582053,1.5500143307537981,3.820831607371439,0.9717808219178081,1.0,1.0,1.9839067491421578,0.8584638020991894,0.030578675944804415,0.0654771221370063,0.24096478276993705,-0.04877487640032144,786476327.4000001,115.10824478123224,44.89516580601007,-32.5977869127113,4.314482506717213,12.0,198.00450994952726,7.07,1.0,9.375,-0.2099999999999973,20670.0,True,True,98.12775330396477,Pharmaceuticals,Healthcare,21.0,93,ROE >= 20%,1
SHK,-0.07222706235280836,-0.3773245099681689,0.3233932704290545,-0.9031928546775492,0.5650463152717436,0.0,0.0,0.907910155967655,0.29425804066606487,0.02932970801272211,0.0446196123806768,-0.09455960761184667,-0.022191247059248832,60600191.68,2.781705670704482,14.11197243755382,97.60187022567155,0.032570878191574615,0.0,-12.474211162923766,-0.4200000000000004,1.0,5.069801616458487,-0.6699999999999999,20637.0,True,True,17.33590308370044,Specialty Chemicals,Commodities,39.0,93,"Uptrend (price > 50 > 150 > 200-day, 200-day rising); Within 15% of 52-week high; Quarterly profit growth >= 25%; Sales growth >= 20% or 2+ strong quarters; 3-year profit growth >= 15%/yr; ROE >= 20%; RS rating >= 80; Net profit margin up vs a year ago",8
SHREECEM,-0.08769556721077876,-0.2077571669477234,0.020417028670721038,-1.1445344895477465,0.7231302625061912,0.0,0.0,-0.7910878604714764,13.895751232135273,0.014625866666138498,0.02914389799635697,-0.09694817967020042,-0.014509589829458115,414652767.5,-17.50345223617179,18.032032540031206,-9.319341183604333,-0.3741712327029493,0.0,1.5518085897672007,-3.67,1.0,7.517084282460136,-0.09999999999999432,20643.0,True,True,12.756607929515418,Cement & Cement Products,Commodities,89.0,93,"Uptrend (price > 50 > 150 > 200-day, 200-day rising); Within 15% of 52-week high; Quarterly profit growth >= 25%; Sales growth >= 20% or 2+ strong quarters; 3-year profit growth >= 15%/yr; ROE >= 20%; RS rating >= 80; Net profit margin up vs a year ago",8
SHREEJISPG,0.38127003395587106,1.5489097819563913,0.9693972179289028,4.860488487256019,0.9940384615384615,1.0,1.0,0.5074461242746727,1.1725942598597632,0.023647012119332237,0.03807684348485907,0.15538329488761327,-0.0399671108567915,541133146.5,19.069696966764617,29.567591041627892,37.139263190208254,0.5968663114665939,0.0,,-1.8699999999999974,1.0,19.89596879063719,0.18000000000000016,20679.0,True,True,97.58259911894274,Shipping,Services,1.0,93,Quarterly profit growth >= 25%; 3-year profit growth >= 15%/yr; ROE >= 20%; Net profit margin up vs a year ago,4
SHRINGARMS,0.04584600581562628,0.13890207245688968,0.29408592486068685,0.4156554028353981,0.8304315196998124,0.0,0.0,0.06929046149726262,4.519216226644587,0.012855338936292093,0.04024825158630918,0.0019975659758193487,-0.022409147491629425,80076585.64,19.30105364814345,64.9048435104176,-104.36803080942583,0.9975949210630748,0.0,,-2.37,1.0,16.986706056129986,-1.6599999999999993,20679.0,True,True,61.057268722466965,"Gems, Jewellery And Watches",Consumer Discretionary,12.0,93,"Uptrend (price > 50 > 150 > 200-day, 200-day rising); Within 15% of 52-week high; Quarterly profit growth >= 25%; 3-year profit growth >= 15%/yr; ROE >= 20%; RS rating >= 80; Net profit margin up vs a year ago",7
SHRIPISTON,0.14065536507357446,0.7677905501518589,0.5243494115696998,1.856847374881628,0.9272145364443527,1.0,1.0,0.4652028245741276,3.6171994977876976,0.01957074565236331,0.04862261691740133,0.0025196384901458035,-0.03213924194725289,269015588.85,9.545224006762476,53.05719921104539,3.570489823438816,1.5894024997026457,0.0,20.411048013373478,-3.9800000000000004,1.0,19.33815925542916,4.02,20638.0,True,True,82.97246696035242,Auto Components & Equipments,Consumer Discretionary,20.0,93,Quarterly profit growth >= 25%; ROE >= 20%; Net profit margin up vs a year ago,3
SHRIRAMFIN,0.08816021605908934,0.6941534031832359,0.2144249512670564,1.437508068786896,0.8191037531420646,0.0,0.0,-0.23004852818462548,1.3319874216662533,0.018418775901497816,0.01634320735444339,-0.10673774954627957,-0.025167758431186245,4259413091.8,59.904252812655386,16.15861903969378,18.968311741551354,5.796321841715003,2.0,21.280822018888436,7.050000000000001,1.0,15.20677205012288,6.210000000000008,20658.0,True,True,72.0693832599119,Non Banking Financial Company (NBFC),Financial Services,37.0,93,"Uptrend (price > 50 > 150 > 200-day, 200-day rising); Within 15% of 52-week high; ROE >= 20%; RS rating >= 80",4
SHYAMMETL,0.05313598500397365,0.1732694819329561,0.39800285306704697,0.49557696092653947,0.9127177700348431,1.0,1.0,-0.11173170932372804,1.029248626875633,0.016854515279113903,0.027671755725190872,0.0036071622188547092,-0.01850995350173574,422137690.54999995,20.63649837932131,23.450724624562103,-20.953722025968922,0.5235980338622644,2.0,21.06155561891674,-0.15000000000000036,1.0,9.198993317712402,4.459999999999999,20654.0,True,True,63.23788546255506,Iron & Steel Products,Industrials,10.0,93,Quarterly profit growth >= 25%; ROE >= 20%; RS rating >= 80; Net profit margin up vs a year ago,4
SIEMENS,0.05430026788974729,0.2589815682599188,0.373083475298126,0.6122954266916024,0.9167590495011327,0.0,0.0,0.46065310201678716,0.9782204982877393,0.015686863866610348,0.03996280058456225,-0.024154985942085427,-0.02129159465144859,1020527723.1500001,-18.623757186015546,14.752781361832646,-9.011554470963636,-0.9946854701506028,0.0,-5.290673322755413,-2.9899999999999993,1.0,17.698769290877124,0.17999999999999972,20648.0,True,True,63.67400881057269,Heavy Electrical Equipment,Industrials,32.0,93,"Uptrend (price > 50 > 150 > 200-day, 200-day rising); Quarterly profit growth >= 25%; Sales growth >= 20% or 2+ strong quarters; 3-year profit growth >= 15%/yr; ROE >= 20%; RS rating >= 80; Net profit margin up vs a year ago",7
SIGACHI,0.030759015338930336,-0.23676612127045238,0.874704491725768,-0.5900451408517211,0.6815776815776816,0.0,0.0,0.4133627446558031,1.1161835324075853,0.03993728548648704,0.06728110599078363,-0.04617020846936226,-0.10383151133875004,72204105.33,-59.11026816289975,-5.44249512670566,-12.153378793822625,-1.156787525809128,0.0,-17.414874773584078,-8.82,1.0,-15.900383141762454,-0.06000000000000005,20678.0,True,True,56.368942731277535,Pharmaceuticals,Healthcare,21.0,93,"Uptrend (price > 50 > 150 > 200-day, 200-day rising); Within 15% of 52-week high; Quarterly profit growth >= 25%; Sales growth >= 20% or 2+ strong quarters; 3-year profit growth >= 15%/yr; ROE >= 20%; RS rating >= 80; Net profit margin up vs a year ago",8
SIGNATURE,-0.06510030496803561,-0.290293123915624,0.0882105852702324,-0.8958960343946742,0.6390935089695814,0.0,0.0,0.06699141889273091,6.16866912378736,0.019676590646084773,0.03776296877041685,-0.062280256704673964,-0.022523861037955225,160245883.075,-100.0,-36.2355169983943,-161.33591167042314,-1.2232223096493469,0.0,,-6.970000000000001,0.0,59.189189189189186,-0.02999999999999936,20671.0,True,True,20.170704845814978,"Residential, Commercial Projects",Consumer Discretionary,55.0,93,"Uptrend (price > 50 > 150 > 200-day, 200-day rising); Within 15% of 52-week high; Quarterly profit growth >= 25%; Sales growth >= 20% or 2+ strong quarters; 3-year profit growth >= 15%/yr; RS rating >= 80; Net profit margin up vs a year ago",7
SILVERTUC,0.12960460304376129,1.3158749492488835,0.6485549132947979,1.6604618950276775,0.6396678966789668,0.0,0.0,-0.7212581578117119,0.7456444457326712,0.026246242556212294,0.09857806945583802,-0.2175413374920021,-0.04347971898032541,78131836.855,147.6715001683802,23.449367088607588,104.12777777227394,3.2505537109532714,6.0,61.652456706404735,6.430000000000001,1.0,21.301775147928996,-0.6599999999999999,20664.0,True,True,80.79185022026431,Computers - Software & Consulting,Information Technology,80.0,93,"Uptrend (price > 50 > 150 > 200-day, 200-day rising); Within 15% of 52-week high",2
SIRCA,-0.043659941295647126,-0.15082257905625063,0.0738756696150491,-0.7515031934260248,0.7449907235621521,0.0,0.0,0.34745028046165966,0.40387225002955074,0.014116876354561717,0.02422145328719716,-0.05558312538365817,-0.021628380069409495,131628234.82499999,14.170496235501462,13.80427170868348,-11.185477731044925,0.7030899346591413,0.0,12.296755073237907,0.040000000000000924,1.0,13.684210526315791,3.3199999999999994,20655.0,True,True,28.45704845814978,Paints,Consumer Discretionary,61.0,93,"Uptrend (price > 50 > 150 > 200-day, 200-day rising); Within 15% of 52-week high; Quarterly profit growth >= 25%; Sales growth >= 20% or 2+ strong quarters; 3-year profit growth >= 15%/yr; ROE >= 20%; RS rating >= 80",7
SIS,0.05548949995177667,0.2512437810945274,0.5253300035676061,0.679591316480441,0.8584052396298992,0.0,0.0,-0.3946704115613727,6.897498871785714,0.015402837864167702,0.06202435312024357,-0.027634172823688186,-0.018291511973587797,80460051.225,9.431686231272796,29.73349227417861,-81.97827433854506,0.2656653712301982,0.0,4.331814749318941,-0.41000000000000014,1.0,5.420267085624509,0.33999999999999986,20670.0,True,True,64.11013215859032,Other Consumer Services,Consumer Discretionary,,93,"Uptrend (price > 50 > 150 > 200-day, 200-day rising); Quarterly profit growth >= 25%; 3-year profit growth >= 15%/yr; ROE >= 20%; RS rating >= 80; Net profit margin up vs a year ago",6
SJS,0.0846341043128621,0.6200631911532384,0.586949513185892,1.1307351674293031,0.833899613899614,0.0,0.0,0.24377122784611194,1.7887097207841578,0.022485394436003267,0.06919682259488091,-0.09718076950729926,-0.02709894511541007,340971239.65,57.814564412873935,24.487265095869514,12.891170197730183,4.69731758920744,11.0,40.581606773873126,4.419999999999998,1.0,19.81566820276498,1.9400000000000048,20671.0,True,True,71.52422907488986,Auto Components & Equipments,Consumer Discretionary,20.0,93,"Uptrend (price > 50 > 150 > 200-day, 200-day rising); Within 15% of 52-week high; ROE >= 20%; RS rating >= 80",4
SJVN,-0.12037210327117015,-0.2977066205106015,0.02478295185477508,-1.201297607135,0.6213519313304721,0.0,0.0,-0.5369250072438567,5.116621317440406,0.009068324751093922,0.0165832290362955,-0.1174085860248485,-0.04390730461716387,109653869.74,-1.2500207308829392,51.9843043217614,80.80736165210386,-0.03297001974379829,0.0,-15.076533010399906,-8.689999999999998,1.0,4.50874359154435,0.040000000000000036,20665.0,True,True,5.56057268722467,Power Generation,Utilities,73.0,93,"Uptrend (price > 50 > 150 > 200-day, 200-day rising); Within 15% of 52-week high; Quarterly profit growth >= 25%; 3-year profit growth >= 15%/yr; ROE >= 20%; RS rating >= 80; Net profit margin up vs a year ago",7
SKFINDIA,-0.09803121557105574,-0.3252447287497908,0.08339817500176827,-1.2771326859361585,0.597343219029966,0.0,0.0,1.0659923762962331,1.8709797891637963,0.01606935048992709,0.025058004640371223,-0.055990897101575676,-0.017204383680090345,59029088.0,-47.626269889310734,-54.19163776643416,52.373730110689266,-0.6797066601821902,0.0,-24.98465162690433,1.3199999999999985,1.0,20.0150489089541,-0.03999999999999915,20652.0,True,True,9.812775330396475,Abrasives & Bearings,Industrials,56.0,93,"Uptrend (price > 50 > 150 > 200-day, 200-day rising); Within 15% of 52-week high; Quarterly profit growth >= 25%; Sales growth >= 20% or 2+ strong quarters; 3-year profit growth >= 15%/yr; RS rating >= 80",6
SKFINDUS,,,0.4175307219662059,,0.849473389877901,1.0,0.0,0.5560202290426116,2.5820518549750484,0.021229509030484862,0.03853482955748455,-0.03242244728963606,-0.02735396075917754,106550550.44999999,-13.843999573331478,18.295699645394393,-11.941697104842032,,0.0,,-2.38,1.0,14.769647696476964,-0.3299999999999983,20679.0,True,True,,Abrasives & Bearings,Industrials,56.0,93,"Uptrend (price > 50 > 150 > 200-day, 200-day rising); Within 15% of 52-week high; Quarterly profit growth >= 25%; Sales growth >= 20% or 2+ strong quarters; 3-year profit growth >= 15%/yr; ROE >= 20%; RS rating >= 80; Net profit margin up vs a year ago",8
SKIPPER,0.03627351353547138,-0.0032630990117471503,0.5987737400927169,0.02250504157757015,0.8774319066147861,0.0,0.0,0.660792274311791,0.9658617299342654,0.025400083829708143,0.08081916255256916,-0.009261174644262127,-0.030843668085416068,378585650.1,25.588077645040986,4.46381573700414,-37.22808708338627,1.8796297000660165,9.0,64.16301326874351,0.73,1.0,14.285714285714285,6.8500000000000005,20676.0,True,True,57.6773127753304,Heavy Electrical Equipment,Industrials,32.0,93,"Uptrend (price > 50 > 150 > 200-day, 200-day rising); ROE >= 20%; RS rating >= 80",3
SKMEGGPROD,0.09369876001539369,0.6431660086482422,0.769708423326134,0.49984480446484664,0.5518548387096774,0.0,0.0,-0.1225783843474818,0.49722282603108114,0.03789177436493762,0.03841807909604511,-0.18034095963471686,-0.0552913811030748,60555376.35,46.27769090075206,4.871940808195796,-253.72230909924792,0.40682852521419866,5.0,2.2129236225232107,3.66,1.0,26.329113924050635,0.65,20663.0,True,True,73.81387665198237,Meat Products including Poultry,Fast Moving Consumer Goods,,93,"Uptrend (price > 50 > 150 > 200-day, 200-day rising); Within 15% of 52-week high; 3-year profit growth >= 15%/yr; RS rating >= 80",4
SKYGOLD,0.3559023079825874,1.7321397226610493,1.4454045561665358,3.785979289497392,0.9330686003683242,0.0,1.0,0.4648825939810202,1.3200661751140665,0.029520259253427987,0.05316711590296497,0.05594770867227905,-0.01862498037089758,623693409.15,140.78016446267213,77.92776068738729,3.0920106837797334,4.721838517679966,15.0,142.8562332390038,1.3599999999999999,1.0,23.519599666388658,2.6499999999999986,20674.0,True,True,97.25550660792952,"Gems, Jewellery And Watches",Consumer Discretionary,12.0,93,,0
SMCGLOBAL,0.19627853041999957,0.1281869688385271,0.43281165677280087,0.8170012668869538,0.9257943925233645,1.0,0.0,1.0930500276238535,13.260000432043553,0.027610106130914042,0.1358644859813085,0.20668316831683198,-0.061626234187002936,50970351.14,22.59075128435841,21.21525898383263,-277.4092487156416,0.24804195637419085,2.0,-1.038568016442032,0.08000000000000007,1.0,7.898773006134969,-0.2699999999999996,20660.0,True,True,89.29625550660792,Stockbroking & Allied,Financial Services,11.0,93,"Uptrend (price > 50 > 150 > 200-day, 200-day rising); Quarterly profit growth >= 25%; 3-year profit growth >= 15%/yr; ROE >= 20%",4
SMLMAH,0.2656498718046806,0.6117745153509426,0.43161319332398773,1.4396772661340742,0.9061390157280568,1.0,1.0,1.0102107323875766,0.39741048595440065,0.04954145702368368,0.09998253580160665,0.11011739433728263,-0.03901192372725601,438879404.75,-5.095690857432933,13.199115724266752,-7.4802023024933995,-0.36945244042801834,0.0,46.968848630775724,-1.2800000000000002,1.0,30.828516377649322,1.3399999999999999,20679.0,True,True,94.31167400881057,Commercial Vehicles,Industrials,,93,Quarterly profit growth >= 25%; Sales growth >= 20% or 2+ strong quarters; Net profit margin up vs a year ago,3
SMSPHARMA,0.13614097489154225,0.31767273768204096,-0.017607042817126883,1.3889010219230646,0.9531803013449287,1.0,1.0,0.9441622814603323,0.8406910416596535,0.03133537763300911,0.11019283746556474,0.18794960855384213,-0.06187876454206649,87812136.35,2.0292401728394083,5.5649069115021765,-58.925113468863174,0.11342905230180612,0.0,80.85220431904307,-0.34999999999999964,1.0,12.993630573248408,0.1499999999999999,20665.0,True,True,81.99118942731278,Pharmaceuticals,Healthcare,21.0,93,Quarterly profit growth >= 25%; Sales growth >= 20% or 2+ strong quarters; ROE >= 20%; Net profit margin up vs a year ago,4
SOBHA,-0.07216191430259355,-0.20908513341804313,0.04842513053730846,-0.7455521713854506,0.7004041570438798,0.0,0.0,-0.7910650159637194,1.2543460994548505,0.012887123777993234,0.023575319079749635,-0.054531794106002285,-0.014112945247995785,94551711.2,273.1994559412159,50.0299320366697,148.1962403218464,1.642659722589174,2.0,27.361942061660717,2.38,1.0,4.088983050847458,-0.21999999999999886,20654.0,True,True,17.55396475770925,"Residential, Commercial Projects",Consumer Discretionary,55.0,93,"Uptrend (price > 50 > 150 > 200-day, 200-day rising); Within 15% of 52-week high; ROE >= 20%; RS rating >= 80",4
SOLARA,0.0933179328207296,0.00046645417087787244,0.5120432381623781,0.24317017403157254,0.923578811369509,0.0,1.0,0.8583918115644471,0.7486330603865764,0.03326319115058927,0.09058906360009389,0.15630732201262343,-0.02122783544296885,194729560.27499998,54.713229743779635,19.56760144132854,-45.286770256220365,0.0599063288788695,2.0,,0.9699999999999998,1.0,-0.5586592178770949,-0.08000000000000007,20657.0,True,True,73.59581497797356,Pharmaceuticals,Healthcare,21.0,93,3-year profit growth >= 15%/yr; ROE >= 20%; RS rating >= 80,3
SOLARINDS,0.09735439104365866,0.43060904293253466,0.6611460748592248,1.058985907392807,0.8546255506607929,0.0,0.0,-0.256473713848787,1.609918393477616,0.02815571145485253,0.05630026809651478,-0.014382897003012651,-0.0593167470788337,2362554217.5,88.98304177656868,70.26155167212049,28.416263110995608,6.413015032636863,3.0,35.174833554430386,1.8000000000000007,1.0,27.67245499442409,0.2699999999999996,20656.0,True,True,75.12224669603523,Explosives,Commodities,,93,"Uptrend (price > 50 > 150 > 200-day, 200-day rising); RS rating >= 80",2
SOMANYCERA,0.1074281807680061,0.2018994771102336,0.5772300798207533,0.8690302468187521,0.9791168499920295,1.0,1.0,0.8627088636460409,1.4339752703640765,0.017384306981355086,0.02942717429269992,0.13023876339881335,-0.04122028895364546,57768218.474999994,300.0,24.009000066176945,186.83390329156566,2.296640150837798,3.0,17.11692715488191,3.3500000000000005,1.0,8.788598574821853,-2.1799999999999997,20655.0,True,True,76.97577092511014,Ceramics,Consumer Discretionary,34.0,93,ROE >= 20%; RS rating >= 80,2
SONACOMS,0.1930747792077191,0.9421785028790786,0.6812045690550363,2.9701279262394173,0.9537914691943128,0.0,1.0,0.059148358259619664,1.7359150498281504,0.018732835270927197,0.038693919526931575,0.013039899929276011,-0.02294871658494928,1650916703.9,39.00749917089772,52.38139850803949,26.16636200044817,3.870228383514389,1.0,18.021605429143015,-1.3199999999999985,1.0,10.5131205081063,0.05000000000001137,20657.0,True,True,88.7511013215859,Auto Components & Equipments,Consumer Discretionary,20.0,93,ROE >= 20%; Net profit margin up vs a year ago,2
SONATSOFTW,-0.06027408083866862,-0.23311662465171823,0.3788167938931297,-0.6979971225437747,0.6343320848938827,0.0,0.0,0.32730897480144405,1.686976465037125,0.03104188825796708,0.05811547865337596,-0.1433061201091227,-0.03928717955199235,275170223.05,-1.1011656869211128,10.586878368260955,-43.74678108615351,-0.0544859618116285,0.0,2.934992427738714,-0.3900000000000001,1.0,24.35695538057743,-0.4399999999999977,20642.0,True,True,21.697136563876654,Computers - Software & Consulting,Information Technology,80.0,93,"Uptrend (price > 50 > 150 > 200-day, 200-day rising); Within 15% of 52-week high; Quarterly profit growth >= 25%; Sales growth >= 20% or 2+ strong quarters; 3-year profit growth >= 15%/yr; RS rating >= 80; Net profit margin up vs a year ago",7
SOTL,0.2586685894275674,0.9110615632354764,1.6775425199583474,1.6453932662555544,0.847861459786146,1.0,1.0,0.8197093188411109,2.684171128935853,0.0381358981586688,0.027470951083058415,0.05271208649122916,-0.018726118043000384,178100003.85000002,300.0,49.60469912649628,238.1323967226829,8.864586241929329,5.0,29.492761785669085,13.809999999999999,1.0,10.02754820936639,0.1399999999999988,20670.0,True,True,93.98458149779736,Lubricants,Energy,4.0,93,Within 15% of 52-week high; ROE >= 20%,2
SOUTHBANK,0.11482891856259707,0.536479250334672,0.34161309175920507,1.3805281688953215,0.9360694554064719,1.0,1.0,0.24782302119283506,2.5689032009761026,0.017269254852560968,0.05989804587935432,0.020408163265305923,-0.03594108126839465,385120504.37,17.185957112982386,11.232877872030599,-1.7875366616439052,2.500365610053531,0.0,20.55483989054658,0.7299999999999986,1.0,12.752912323727776,2.6700000000000017,20650.0,True,True,78.3931718061674,Private Sector Bank,Financial Services,23.0,93,Quarterly profit growth >= 25%; Sales growth >= 20% or 2+ strong quarters; ROE >= 20%; RS rating >= 80,4
SPAL,0.050839380600536235,0.4304923313957558,0.4660159333955358,0.6238829509965166,0.7656927735493902,0.0,0.0,0.626166563667194,0.6512881069157814,0.029197462284985154,0.05003427004797811,-0.05798582548573239,-0.02935909358137457,54772789.45,16.51667118358675,-0.5849692643267956,55.37779114649904,0.4636096544085463,0.0,13.656071132836844,0.9100000000000001,1.0,10.676532769556026,-0.4100000000000037,20676.0,True,True,62.58370044052864,Garments & Apparels,Consumer Discretionary,16.0,93,"Uptrend (price > 50 > 150 > 200-day, 200-day rising); Within 15% of 52-week high; Quarterly profit growth >= 25%; Sales growth >= 20% or 2+ strong quarters; 3-year profit growth >= 15%/yr; ROE >= 20%; RS rating >= 80",7
SPARC,0.10789978269704215,0.4356096494424604,0.7145095308556009,0.7172943949354686,0.6717301038062283,0.0,0.0,0.02228494263614672,2.1277016051128737,0.025953545943404436,0.040788835605366724,-0.03957468787290519,-0.03579652004957918,167633910.225,100.0,300.0,0.0,0.04876399790056815,1.0,114.30766928432301,486.02000000000004,0.0,116.06875934230195,1.0699999999999998,20652.0,True,True,77.19383259911893,Pharmaceuticals,Healthcare,21.0,93,"Uptrend (price > 50 > 150 > 200-day, 200-day rising); Within 15% of 52-week high; RS rating >= 80",3
SPLPETRO,0.006365730088873291,-0.16468057896878452,-0.026950162513542764,-0.22350101178136636,0.7971910112359551,0.0,1.0,0.6145368702900179,3.05935631894004,0.023338314474569948,0.07273853779429995,0.029237221079284836,-0.046617469114996,108966010.875,189.75254090161607,22.29815038055223,130.02902816263955,3.7260623993772493,2.0,9.241517811489853,8.01,1.0,13.883045856121162,0.009999999999999787,20661.0,True,True,46.99229074889868,Petrochemicals,Commodities,25.0,93,Within 15% of 52-week high; 3-year profit growth >= 15%/yr; ROE >= 20%; RS rating >= 80,4
SPORTKING,0.19886046557220774,1.1019381971109894,1.0472840605520926,1.8915140296325343,0.8634839137095772,0.0,0.0,0.8718397634031978,0.36787192018444353,0.031858968653196325,0.03683472712331426,-0.022376486780939953,-0.02517313299712301,65613759.16,122.90849063576816,20.12290884260839,130.2901963838623,6.210245643451419,1.0,21.51305483535282,4.98,1.0,11.549566891241577,0.12999999999999998,20679.0,True,True,89.73237885462555,Other Textile Products,Consumer Discretionary,15.0,93,"Uptrend (price > 50 > 150 > 200-day, 200-day rising); ROE >= 20%",2
SRF,-0.044294042147610846,-0.10838980427229883,0.06316652994257588,-0.4844051990334756,0.7745171339563862,0.0,0.0,-0.5649924035033741,1.0638734493666493,0.016662839836098852,0.02253941373331725,-0.03290503471303785,-0.015205814031773622,632059475.15,75.58921485576174,31.808349613211064,63.24174166793049,2.539668780735591,1.0,5.408575860735421,3.76,1.0,13.067939040022788,0.04999999999999716,20656.0,True,True,27.693832599118945,Commodity Chemicals,Commodities,43.0,93,"Uptrend (price > 50 > 150 > 200-day, 200-day rising); Within 15% of 52-week high; 3-year profit growth >= 15%/yr; ROE >= 20%; RS rating >= 80",5
SSWL,0.25485810212822724,0.503071356445641,1.0961685149328169,1.526974324919507,0.9309194854692711,1.0,1.0,1.2429775348703553,1.9333114694159954,0.03235863353149237,0.06934673366834154,0.17235263695346692,-0.04882634578318363,271850491.8,47.03804331487396,27.219872259390954,46.72036081466755,3.209457366817634,1.0,3.249746211852411,0.6199999999999997,1.0,10.526315789473683,-1.5500000000000007,20649.0,True,True,93.65748898678414,Auto Components & Equipments,Consumer Discretionary,20.0,93,3-year profit growth >= 15%/yr; ROE >= 20%,2
STAR,0.04672645822171378,0.2110677545228805,0.0921887496667555,0.7307466522731931,0.860337853913871,1.0,1.0,0.853721458525083,1.066535652226637,0.024009114522654678,0.11249528123820318,0.011951626324175235,-0.03855732699619826,244764833.5,0.22845971045999391,13.009270009109253,-24.95600488234555,0.008958786136863467,0.0,45.83566761776186,-1.1400000000000006,1.0,18.506598004505953,0.7000000000000028,20657.0,True,True,61.49339207048459,Pharmaceuticals,Healthcare,21.0,93,Quarterly profit growth >= 25%; Sales growth >= 20% or 2+ strong quarters; ROE >= 20%; RS rating >= 80; Net profit margin up vs a year ago,5
STARHEALTH,0.025022010040567262,0.22813938198553574,0.22491803278688516,0.7528517019336786,0.8604576732277165,0.0,0.0,0.7373498091056296,1.916106832293454,0.01445016054697835,0.027212754260582672,-0.05771970622304534,-0.02079258851249815,202601390.125,25.495886550611367,13.147897713302182,-274.5041134493886,1.1817247250052196,2.0,6.809951572196393,0.9800000000000004,1.0,7.353135313531353,0.0800000000000054,20679.0,True,True,55.06057268722468,General Insurance,Financial Services,79.0,93,"Uptrend (price > 50 > 150 > 200-day, 200-day rising); 3-year profit growth >= 15%/yr; ROE >= 20%; RS rating >= 80",4
STOVEKRAFT,0.08080256670416092,0.20997000428510204,0.8679162072767366,0.36016019430306684,0.9226339794754845,0.0,1.0,0.8098808232655659,0.750405195962972,0.02241068103923576,0.02963837454952145,0.007011683650356648,-0.016384241309626908,84025983.05,112.60958655794293,17.508484727490515,-187.39041344205708,,5.0,,3.6500000000000004,1.0,26.82119205298013,-0.46999999999999886,18772.0,True,True,70.43392070484582,Household Appliances,Consumer Discretionary,90.0,93,3-year profit growth >= 15%/yr; RS rating >= 80,2
STYLAMIND,0.14867732363280828,0.9325628431089281,0.5454251386321627,2.491144144314789,0.7758795180722892,0.0,0.0,-0.35079518111259833,1.0204039719036428,0.02232086520281696,0.04520349285692249,-0.06037922171303445,-0.01730009881273193,118522886.0,70.3389904852906,15.36857728461376,41.006686720962705,2.6991282428541763,3.0,18.212953457766723,4.76,1.0,18.610421836228287,-1.3599999999999994,20656.0,True,True,83.62665198237885,Plywood Boards/ Laminates,Consumer Discretionary,,93,"Uptrend (price > 50 > 150 > 200-day, 200-day rising); Within 15% of 52-week high; ROE >= 20%",3
STYLEBAAZA,0.04343632170226283,0.09910282953761218,0.4589593257603519,0.029199901543534128,0.8238649071796019,0.0,1.0,0.3040466871138863,3.794945350638143,0.03186740801924236,0.04976051091005851,0.015614014287801847,-0.02841619674780626,264315100.55,13.867366423868832,28.719631609590856,-134.82183130356339,0.027713898894986173,0.0,,-0.06,1.0,10.444444444444445,-0.6999999999999993,20678.0,True,True,59.7488986784141,Speciality Retail,Consumer Discretionary,81.0,93,Within 15% of 52-week high; Quarterly profit growth >= 25%; 3-year profit growth >= 15%/yr; ROE >= 20%; RS rating >= 80; Net profit margin up vs a year ago,6
STYRENIX,-0.043260937137985137,-0.1785626786443446,0.11885428253615138,-0.5200290481670742,0.7745947983415001,0.0,0.0,0.16651315728602817,1.2968778573871795,0.019195488507290796,0.02492421690804969,-0.05439941248524094,-0.019463021012650964,86467447.8,166.484844630727,7.139374668786425,132.65606708251727,4.083104792298811,2.0,28.660458335613104,8.18,1.0,13.386978785662034,0.010000000000001563,20669.0,True,True,28.675110132158586,Specialty Chemicals,Commodities,39.0,93,"Uptrend (price > 50 > 150 > 200-day, 200-day rising); Within 15% of 52-week high; ROE >= 20%; RS rating >= 80",4
SUDARSCHEM,0.07169134044496434,-0.18401841499506744,0.6595773140716961,-0.45471840505811584,0.8115439926787815,0.0,1.0,0.9666017841405786,1.0090506937906953,0.02518220605845259,0.04819976771196277,0.06297813681294939,-0.021963524027796867,295740540.0,88.16761628316807,5.39311500259283,-79.502264885646,1.0810863625495202,2.0,25.16740231354202,1.7200000000000002,1.0,1.1884057971014492,2.039999999999999,20662.0,True,True,67.81718061674009,Dyes And Pigments,Commodities,,93,Within 15% of 52-week high; ROE >= 20%; RS rating >= 80,3
SUDEEPPHRM,,,1.0772930554383597,,0.8706821480406386,0.0,1.0,0.7566757027190608,1.0290830789180339,0.03179268049923551,0.04952581664910438,0.08893251395654245,-0.030520617553901085,256547943.02499998,29.835407885177556,26.69708613512649,20.000920234198418,,1.0,,0.6199999999999974,1.0,19.70554926387316,-2.210000000000001,20648.0,True,True,,Pharmaceuticals,Healthcare,21.0,93,3-year profit growth >= 15%/yr; ROE >= 20%; RS rating >= 80,3
SUMICHEM,-0.06996774860289051,-0.08700284090909094,0.4108931266291673,-0.7289287000067382,0.7300061183462985,0.0,0.0,-0.04075438611929025,2.1094759135645726,0.02184882436575484,0.014644808743169424,-0.16950392974194162,-0.04068035007728895,132345487.725,9.280540523328696,0.621699880769877,-2.2478064736364036,0.5422092554066743,0.0,10.304576213867488,1.4499999999999993,1.0,16.01769911504425,-0.040000000000000924,20637.0,True,True,18.31718061674009,Pesticides & Agrochemicals,Commodities,93.0,93,"Uptrend (price > 50 > 150 > 200-day, 200-day rising); Within 15% of 52-week high; Quarterly profit growth >= 25%; Sales growth >= 20% or 2+ strong quarters; 3-year profit growth >= 15%/yr; ROE >= 20%; RS rating >= 80",7
SUNDARMFIN,-0.01488195506142223,-0.02252029194565841,0.03761855787909951,-0.18010025984646963,0.7791386033321517,0.0,0.0,0.35604729220911063,1.0074033920456233,0.013786877929003405,0.015471738433593174,-0.039331485381159936,-0.03284787321030438,172839488.95,33.87900291930232,12.567424316603738,32.48562590979247,2.9706332777198248,1.0,11.305723451958215,3.8299999999999983,1.0,13.825287047606258,-0.08000000000000185,20635.0,True,True,39.03303964757709,Non Banking Financial Company (NBFC),Financial Services,37.0,93,"Uptrend (price > 50 > 150 > 200-day, 200-day rising); Within 15% of 52-week high; Sales growth >= 20% or 2+ strong quarters; 3-year profit growth >= 15%/yr; ROE >= 20%; RS rating >= 80",6
SUNDRMFAST,0.07438967489797611,0.1801528213166146,0.6083038515452908,0.37810464415028433,0.8340261282660332,0.0,0.0,0.3783734655239167,2.806155833723896,0.018886222581971344,0.045397750937109516,-0.02714234753426148,-0.03877455405218644,166872401.77499998,14.028764942804939,20.391420317075237,-15.652545917174445,1.558078299578719,0.0,8.272746903278772,-0.5099999999999998,1.0,13.871345029239764,0.060000000000002274,20669.0,True,True,68.68942731277532,Auto Components & Equipments,Consumer Discretionary,20.0,93,"Uptrend (price > 50 > 150 > 200-day, 200-day rising); Within 15% of 52-week high; Quarterly profit growth >= 25%; 3-year profit growth >= 15%/yr; ROE >= 20%; RS rating >= 80; Net profit margin up vs a year ago",7
SUNFLAG,0.19740686862443613,0.2572644826947992,0.7498712004121586,1.3220731809224457,0.9203821656050956,1.0,1.0,1.3741629524752539,12.385329976725997,0.02620259982881385,0.09998591747641172,0.18999906666739852,-0.11140758777395586,63850438.5,5.445501011502785,5.445501011502785,26.125484252548613,0.2550436067371134,0.0,-1.191532572017151,0.0,1.0,2.276825969341749,0.49,20676.0,True,True,89.51431718061674,Iron & Steel Products,Industrials,10.0,93,Quarterly profit growth >= 25%; Sales growth >= 20% or 2+ strong quarters; 3-year profit growth >= 15%/yr; ROE >= 20%; Net profit margin up vs a year ago,5
SUNPHARMA,0.010744515405363142,0.18554483436789382,0.09776917823810605,0.5470710148398749,0.8798671161268259,0.0,0.0,-0.1798578033159234,1.6336992420846381,0.011335401448918746,0.01719915092799229,-0.055233930583562296,-0.0107193397625255,2989793663.5,5.528046570096645,10.45728229637437,-7.654673917677135,0.4396496830746933,0.0,12.694988615581138,-0.9299999999999997,1.0,13.77168840493,-0.3400000000000034,20641.0,True,True,49.5,Pharmaceuticals,Healthcare,21.0,93,"Uptrend (price > 50 > 150 > 200-day, 200-day rising); Quarterly profit growth >= 25%; Sales growth >= 20% or 2+ strong quarters; 3-year profit growth >= 15%/yr; ROE >= 20%; RS rating >= 80; Net profit margin up vs a year ago",7
SUNTV,0.056348627730181844,-0.14897339103213325,-0.1848487520945411,0.2801850112784219,0.9035999397499623,1.0,0.0,1.4963025860478845,24.819256391035346,0.02304615716368886,0.09353818346136467,0.23286291772761913,-0.08348096612988055,138546205.5,16.955902987021876,12.989428651145495,49.313139505421105,2.1934597816063306,0.0,-4.318487915594272,1.4399999999999977,1.0,11.39761132642569,-0.4499999999999993,20677.0,True,True,64.32819383259913,TV Broadcasting & Software Production,Consumer Discretionary,,93,"Uptrend (price > 50 > 150 > 200-day, 200-day rising); Quarterly profit growth >= 25%; Sales growth >= 20% or 2+ strong quarters; 3-year profit growth >= 15%/yr; ROE >= 20%; RS rating >= 80",6
SUPREMEIND,-0.029466401497027686,-0.17105474947687915,-0.037408880937758626,-0.8061837661934071,0.7710029882068479,0.0,0.0,0.125465146222894,1.0747229810501207,0.018973282043999583,0.07053582107403433,-0.0336523424210039,-0.025666694133360885,531552473.5,38.83044218921285,4.156430490454954,-8.6712183932246,1.0526128636227545,2.0,5.9957441306345505,2.58,1.0,15.464418868536228,-0.20000000000000284,20662.0,True,True,34.235682819383264,Plastic Products - Industrial,Industrials,35.0,93,"Uptrend (price > 50 > 150 > 200-day, 200-day rising); Within 15% of 52-week high; 3-year profit growth >= 15%/yr; ROE >= 20%; RS rating >= 80",5
SUPRIYA,0.08026352010825366,0.08343450694725485,0.42934685887168533,0.5332452672040561,0.8580645161290322,0.0,1.0,0.13203772078099651,1.6557772186816089,0.02648688345153887,0.06595532625901379,0.06935778804892179,-0.04397321921703964,205505325.775,-30.891477255839174,30.79892465706211,-78.2350831791986,-0.9480263194738191,0.0,28.746278502571453,-11.31,1.0,17.445742904841403,0.620000000000001,20679.0,True,True,70.3248898678414,Pharmaceuticals,Healthcare,21.0,93,Quarterly profit growth >= 25%; ROE >= 20%; RS rating >= 80; Net profit margin up vs a year ago,4
SURYAROSNI,-0.06009408890786279,-0.24687661331956634,0.16344108889834108,-0.6326409096101878,0.7016534181240063,0.0,0.0,-0.3348287588565658,2.343196644375227,0.015285402954656462,0.04574712643678147,-0.016944531561840726,-0.024695196890982995,91408085.35,76.74049381924632,27.54468626131179,101.21481656317168,0.7026672661151018,1.0,-5.775393463206823,0.81,1.0,10.858010630220196,-1.0699999999999994,20676.0,True,True,21.915198237885463,Iron & Steel Products,Industrials,10.0,93,"Uptrend (price > 50 > 150 > 200-day, 200-day rising); Within 15% of 52-week high; 3-year profit growth >= 15%/yr; ROE >= 20%; RS rating >= 80",5
SURYODAY,-0.0018405282913670495,0.10886001614915952,0.2717629230510188,0.12499503326304372,0.6584862385321102,0.0,0.0,-2.3845043932110825,0.0884042242102058,0.026238452819495852,0.02600798128526205,-0.07970504402414103,-0.015198940441716272,56558960.6,113.24275648835163,25.686127996445673,13.242756488351631,0.7883542421639741,2.0,17.724833203298406,4.96,1.0,7.314725697786333,-0.129999999999999,20679.0,True,True,44.59361233480176,Other Bank,Financial Services,28.0,93,"Uptrend (price > 50 > 150 > 200-day, 200-day rising); Within 15% of 52-week high; ROE >= 20%; RS rating >= 80",4
SUVEN,0.182273857409679,0.7203913259095622,1.8974943052391802,0.6673414139429154,0.7643485806371637,0.0,0.0,-0.1512172885321282,1.4721814231975106,0.03646347082906962,0.039827611829395204,-0.09553104913117594,-0.04429378564553298,190784593.97500002,-100.0,90.90909090909089,0.0,-3.613098836399792,0.0,-1.3875381400049513,-819.4300000000003,0.0,-46.7005076142132,-0.28000000000000025,20666.0,True,True,87.76982378854625,"Healthcare Research, Analytics & Technology",Healthcare,41.0,93,"Uptrend (price > 50 > 150 > 200-day, 200-day rising); Within 15% of 52-week high; Quarterly profit growth >= 25%; 3-year profit growth >= 15%/yr; ROE >= 20%; Net profit margin up vs a year ago",6
SUZLON,-0.10504527144628778,-0.19130434782608696,0.17542972699696646,-0.9936851443188764,0.6326829268292682,0.0,0.0,-1.0118159021263071,1.2060096031700844,0.018088424749816433,0.014104372355430161,-0.15122615209434032,-0.04595102555764752,2271341812.66,-5.938648526347934,22.2679549895904,-0.3190081606836985,-0.04447833995409202,0.0,119.21911456226644,-2.3899999999999997,1.0,33.421386306001686,2.239999999999995,20662.0,True,True,7.959251101321586,Heavy Electrical Equipment,Industrials,32.0,93,"Uptrend (price > 50 > 150 > 200-day, 200-day rising); Within 15% of 52-week high; Quarterly profit growth >= 25%; RS rating >= 80; Net profit margin up vs a year ago",5
SWANCORP,-0.12181641231257163,-0.40714944176994783,-0.03533333333333344,-1.2671904844160944,0.5462555066079295,0.0,0.0,0.8050130713025848,0.45390198283843225,0.01435033972857674,0.07383396362326677,-0.08678550506318528,-0.030131992415522543,232892383.275,-100.0,-16.438615869038397,-200.0,-0.21675081021532433,0.0,16.033968677334553,-5.77,0.0,3.5960721868365177,-0.03999999999999915,20678.0,True,True,5.233480176211454,Petrochemicals,Commodities,25.0,93,"Uptrend (price > 50 > 150 > 200-day, 200-day rising); Within 15% of 52-week high; Quarterly profit growth >= 25%; Sales growth >= 20% or 2+ strong quarters; ROE >= 20%; RS rating >= 80; Net profit margin up vs a year ago",7
SWSOLAR,-0.09615005838836621,-0.27398799147782293,0.2588662009672218,-0.8368760036639291,0.6316152519639777,0.0,0.0,0.05309711149983973,1.4737084245389263,0.018788728768097306,0.02972239856870762,-0.14085997404127337,-0.02879910816369286,141060562.48000002,37.44851746290754,-9.735301964657728,-120.47060564082145,0.46022032491352927,10.0,,1.15,1.0,-45.60862865947612,-0.27999999999999936,20650.0,True,True,10.685022026431719,Civil Construction,Industrials,77.0,93,"Uptrend (price > 50 > 150 > 200-day, 200-day rising); Within 15% of 52-week high; 3-year profit growth >= 15%/yr; ROE >= 20%; RS rating >= 80",5
SYNCOMF,0.2604962103108623,0.16958041958041958,0.9485436893203882,0.8424569965485744,0.8715896689705348,1.0,1.0,0.9038960364308785,15.419491800212072,0.04213430385195776,0.17927927927927922,0.3678141234229606,-0.10084581443510619,123756146.69,58.079634676478165,7.382378100940978,15.75590141877126,4.159870791803651,9.0,60.755329777928104,6.350000000000001,1.0,18.313253012048193,0.13999999999999999,20676.0,True,True,94.09361233480176,Pharmaceuticals,Healthcare,21.0,93,ROE >= 20%,1
SYNGENE,-0.12251828889633033,-0.37292365281135453,0.031161836368299722,-1.3574739664779383,0.5321452242433169,0.0,0.0,-0.7071098634211521,0.5382669033696827,0.01563719981791149,0.043625524996612874,-0.08420126787303006,-0.020245159478622776,199031112.1,-94.90439686163464,-15.837621497998855,-78.06554723759909,-2.6018652088330056,0.0,-15.091365168758408,-9.31,1.0,6.550940276916719,-0.5200000000000031,20637.0,True,True,5.015418502202643,"Healthcare Research, Analytics & Technology",Healthcare,41.0,93,"Uptrend (price > 50 > 150 > 200-day, 200-day rising); Within 15% of 52-week high; Quarterly profit growth >= 25%; Sales growth >= 20% or 2+ strong quarters; 3-year profit growth >= 15%/yr; ROE >= 20%; RS rating >= 80; Net profit margin up vs a year ago",8
SYRMA,0.23683431814291017,0.6867427772600188,0.8728495666796017,2.2362922405203536,0.9425545923406125,1.0,1.0,1.0583949758607594,1.8735081570890857,0.03081638307133005,0.1218005901324366,0.13340221230822413,-0.05035906891901624,1661843603.6,111.5549570893395,68.28958240640691,43.429373944003814,2.6550387892267104,8.0,44.51089240797535,1.3600000000000003,1.0,12.085225288159274,0.22000000000000242,20663.0,True,True,92.8942731277533,Industrial Products,Industrials,6.0,93,ROE >= 20%,1
TALBROAUTO,0.10766994915382336,0.31519129182007366,0.7722174288179464,0.8375509727965452,0.8639357760395224,1.0,0.0,0.10944387324537438,1.8185202765323991,0.02367312889774835,0.09535845588235303,-0.006876381310251256,-0.0529742081202374,71225504.625,35.16971340749699,15.307603017991877,16.16719592270612,3.5668408060231513,1.0,22.360222118975635,1.8499999999999996,1.0,13.997308209959622,0.87,20675.0,True,True,77.08480176211454,Auto Components & Equipments,Consumer Discretionary,20.0,93,"Uptrend (price > 50 > 150 > 200-day, 200-day rising); Sales growth >= 20% or 2+ strong quarters; ROE >= 20%; RS rating >= 80",4
TANLA,-0.06843433748779956,-0.2747362798771532,0.43899854285335804,-0.7627047200670937,0.6513320424651131,0.0,0.0,0.7166078926722859,0.5994400163163995,0.025514886176039822,0.031008550530544854,-0.11101268914332774,-0.0115784020276918,251892679.2,20.022014723183123,17.847327657448165,5.469872591109937,1.5536355021415074,1.0,3.3613883959716873,0.20999999999999908,1.0,20.458199356913184,0.1299999999999999,20656.0,True,True,19.080396475770925,Software Products,Information Technology,57.0,93,"Uptrend (price > 50 > 150 > 200-day, 200-day rising); Within 15% of 52-week high; Quarterly profit growth >= 25%; Sales growth >= 20% or 2+ strong quarters; 3-year profit growth >= 15%/yr; RS rating >= 80",6
TARC,-0.045162437757893685,-0.26555941959467566,0.09767900349493663,-0.5941796041967171,0.674074074074074,0.0,0.0,0.5594565407117209,0.510047107336116,0.021419255604914485,0.06228836916292635,-0.018200581668074034,-0.017336743113668517,60012813.004999995,-58.22283765156164,186.11147713796282,-158.22283765156163,-0.49063406961431427,0.0,-2.2406743732197754,-61.00000000000001,1.0,1.7890772128060264,0.11000000000000032,20676.0,True,True,27.148678414096917,"Residential, Commercial Projects",Consumer Discretionary,55.0,93,"Uptrend (price > 50 > 150 > 200-day, 200-day rising); Within 15% of 52-week high; Quarterly profit growth >= 25%; 3-year profit growth >= 15%/yr; ROE >= 20%; RS rating >= 80; Net profit margin up vs a year ago",7
TARIL,-0.11529081766042103,-0.4107210988172454,0.21446825240809897,-0.7788907097990695,0.5353670162059104,0.0,0.0,1.3358599811441112,22.908404040056624,0.019890975176275687,0.039614957423176556,-0.04044943052313954,-0.0217865101674813,267811258.625,-4.690120839646783,8.125366028753334,-4.420454897954251,-0.14260355919622417,0.0,124.73922333456184,-1.5099999999999998,1.0,17.953795379537954,-0.7599999999999998,20654.0,True,True,6.323788546255506,Heavy Electrical Equipment,Industrials,32.0,93,"Uptrend (price > 50 > 150 > 200-day, 200-day rising); Within 15% of 52-week high; Quarterly profit growth >= 25%; Sales growth >= 20% or 2+ strong quarters; ROE >= 20%; RS rating >= 80; Net profit margin up vs a year ago",7
TATACAP,,,0.20606557377049195,,0.818298308559713,0.0,0.0,0.3201844325972118,1.8765350277589044,0.016350883785085545,0.026238639695103982,-0.10860850241761677,-0.03955136024240626,429328950.92499995,56.456690843213785,15.096525549883166,9.793583410197492,1.4168001174435738,3.0,,4.880000000000001,1.0,10.664602503161658,0.2599999999999998,20658.0,True,True,,Non Banking Financial Company (NBFC),Financial Services,37.0,93,"Uptrend (price > 50 > 150 > 200-day, 200-day rising); Within 15% of 52-week high; 3-year profit growth >= 15%/yr; ROE >= 20%; RS rating >= 80",5
TATACHEM,-0.10040238464598059,-0.3428408442669709,0.08632661808829845,-0.986536571627774,0.627892561983471,0.0,0.0,-0.6334807387279182,1.777490176981627,0.033742636588206504,0.1999346885460036,-0.0745210059977981,-0.08777775858641008,328467061.525,-81.02098919696947,14.412476472169944,-73.582729514714,-1.4498356341151974,0.0,-68.10252855938243,-7.09,1.0,-8.08733377346034,-1.5599999999999952,20661.0,True,True,9.158590308370044,Commodity Chemicals,Commodities,43.0,93,"Uptrend (price > 50 > 150 > 200-day, 200-day rising); Within 15% of 52-week high; Quarterly profit growth >= 25%; Sales growth >= 20% or 2+ strong quarters; 3-year profit growth >= 15%/yr; ROE >= 20%; RS rating >= 80; Net profit margin up vs a year ago",8
TATACOMM,0.002506470400709778,0.04786655384987304,0.28629720305660644,0.0510887894206548,0.7976303317535545,0.0,0.0,-0.27510089955973294,0.7569252616282562,0.01440801241307189,0.03519217165762778,-0.02534903276170808,-0.031740215707139655,364495801.85,-27.26280351220166,10.452779851841898,-11.323091939503515,-0.5631261521156345,0.0,-13.122952415782251,-1.3999999999999995,1.0,28.923701769654777,0.020000000000003126,20656.0,True,True,46.66519823788546,Telecom - Cellular & Fixed line services,Telecommunication,70.0,93,"Uptrend (price > 50 > 150 > 200-day, 200-day rising); Within 15% of 52-week high; Quarterly profit growth >= 25%; Sales growth >= 20% or 2+ strong quarters; 3-year profit growth >= 15%/yr; RS rating >= 80; Net profit margin up vs a year ago",7
TATACONSUM,-0.05824734936385678,-0.09613191825278478,0.015471028774142637,-0.6881734082529548,0.7460824822639744,0.0,0.0,-0.4909290684070292,1.8328251712128845,0.012483336394129916,0.014197343068654389,-0.08010135226062454,-0.019196541405407958,1290602616.0,28.86094502504242,11.926778282076889,-5.499263025831809,1.4102647369376562,3.0,9.902122592980934,1.0499999999999998,1.0,7.100238663484487,0.09999999999999432,20658.0,True,True,22.351321585903083,Tea & Coffee,Fast Moving Consumer Goods,44.0,93,"Uptrend (price > 50 > 150 > 200-day, 200-day rising); Within 15% of 52-week high; 3-year profit growth >= 15%/yr; ROE >= 20%; RS rating >= 80",5
TATAELXSI,-0.1356708787206336,-0.3390862021982015,-0.08514811648141629,-1.3810000672103278,0.5197983193277311,0.0,0.0,0.36516274101343016,1.897694891556553,0.017467162871273537,0.01684895063553049,-0.12483050099265847,-0.0364003387999052,699431046.55,36.545071637476156,9.341906202723148,7.779726387801443,1.3697512573461579,2.0,43.41815082906309,2.5700000000000003,1.0,36.042402826855124,-1.5899999999999999,16626.0,True,True,3.052863436123348,Computers - Software & Consulting,Information Technology,80.0,93,"Uptrend (price > 50 > 150 > 200-day, 200-day rising); Within 15% of 52-week high; RS rating >= 80",3
TATAINVEST,-0.07208043919118903,-0.2851018220793141,0.17093227386122156,-0.7151620648106363,0.5191609690216932,0.0,0.0,1.1177553403065126,0.4339057280220404,0.02264161933287642,0.10362574896297438,-0.06434501108242685,-0.05395650138885165,147888001.875,-1.9054956298156567,4.262340162243916,-71.12097853789884,-0.09327058422931615,0.0,11.632092321602139,-5.950000000000003,1.0,1.4851823968243103,0.06000000000000005,20669.0,True,True,17.662995594713657,Investment Company,Financial Services,84.0,93,"Uptrend (price > 50 > 150 > 200-day, 200-day rising); Within 15% of 52-week high; Quarterly profit growth >= 25%; Sales growth >= 20% or 2+ strong quarters; 3-year profit growth >= 15%/yr; ROE >= 20%; RS rating >= 80; Net profit margin up vs a year ago",8
TATAPOWER,-0.03451047936725942,-0.10184473481936973,-0.07445544554455441,-0.4745448840174931,0.7531727253172725,0.0,0.0,-0.7653037500140619,2.5399959517738107,0.011992005781534129,0.0383682784196262,-0.05395547390035671,-0.016496838819164066,1283730265.125,10.916248176469479,5.634522072828108,-4.52305204329455,1.5176513647355325,0.0,11.089248535852603,0.34999999999999964,1.0,12.967467315293401,0.129999999999999,20661.0,True,True,31.837004405286343,Integrated Power Utilities,Utilities,64.0,93,"Uptrend (price > 50 > 150 > 200-day, 200-day rising); Within 15% of 52-week high; Quarterly profit growth >= 25%; Sales growth >= 20% or 2+ strong quarters; 3-year profit growth >= 15%/yr; ROE >= 20%; RS rating >= 80",7
TATASTEEL,-0.004224078382791797,0.06608363257268612,-0.040602522672782304,0.11714487972413593,0.7932263814616756,0.0,0.0,-0.39990619133456146,1.8509116044372949,0.013146565597139372,0.031626750283829885,-0.04340676171692359,-0.017162050673368994,4433994612.785,24.187349546199567,14.321999348604276,-111.73132022113107,0.49878881427656147,6.0,85.80006119551788,0.3400000000000003,1.0,10.65510389851909,0.09000000000000341,20664.0,True,True,43.61233480176211,Iron & Steel,Commodities,47.0,93,"Uptrend (price > 50 > 150 > 200-day, 200-day rising); Within 15% of 52-week high; Quarterly profit growth >= 25%; ROE >= 20%; RS rating >= 80",5
TATATECH,0.018531193453784456,0.19049010298736402,0.6004516889238021,0.06265646052528413,0.7842873176206508,0.0,0.0,0.611818290519311,0.5846846220352222,0.024042927859094492,0.030214779759737853,-0.10132358009640052,-0.039327548232837115,677294324.775,6.203745728029508,33.78151395574989,14.881749933057852,0.4774837065198509,0.0,-7.238215913067336,-2.8200000000000003,1.0,13.943410655110885,1.570000000000002,20651.0,True,True,51.89867841409691,IT Enabled Services,Information Technology,38.0,93,"Uptrend (price > 50 > 150 > 200-day, 200-day rising); Within 15% of 52-week high; Quarterly profit growth >= 25%; 3-year profit growth >= 15%/yr; ROE >= 20%; RS rating >= 80; Net profit margin up vs a year ago",7
TATVA,0.19954178546227172,0.4901123386872157,0.525085518814139,1.1725453240081123,0.9272340425531915,1.0,1.0,0.0017670796384427938,1.1611453929285012,0.03697922213150689,0.06430556453176495,0.026725973952541837,-0.04298748832976752,109646649.30000001,155.26309852986785,42.95738490501455,-144.73690147013215,1.1306843836324543,5.0,2.4060037516586474,4.47,1.0,5.377720870678617,0.23999999999999932,20651.0,True,True,89.95044052863436,Specialty Chemicals,Commodities,39.0,93,3-year profit growth >= 15%/yr; ROE >= 20%,2
TBOTEK,0.06606349741400427,0.08648205386993002,0.6290551404520952,0.14961872614205432,0.9471328195829556,0.0,0.0,0.13316024475018748,1.8587239829762794,0.020574464260450103,0.03817442495599921,0.012701328538123446,-0.014169427500676027,244602104.2,47.079362506051226,81.07103739633861,30.24191518589754,4.664598153023456,1.0,,-2.08,1.0,15.731785944551902,-0.030000000000001137,20663.0,True,True,66.61784140969162,"Tour, Travel Related Services",Consumer Discretionary,91.0,93,"Uptrend (price > 50 > 150 > 200-day, 200-day rising); 3-year profit growth >= 15%/yr; ROE >= 20%; RS rating >= 80; Net profit margin up vs a year ago",5
TCS,-0.06608490615437763,-0.21954272912960404,0.004281656704396175,-1.1162914561920543,0.6194029850746269,0.0,0.0,-0.20593268487631614,1.4107464705946418,0.019349421512585376,0.022809887313703925,-0.08848744265158348,-0.031831920039781726,6410257069.5,8.520024741085596,13.93193246843325,-3.5973068587613852,2.2459718117929306,0.0,7.122419730238172,-0.9600000000000009,1.0,46.115255501678476,-0.5199999999999996,20643.0,True,True,19.734581497797357,Computers - Software & Consulting,Information Technology,80.0,93,"Uptrend (price > 50 > 150 > 200-day, 200-day rising); Within 15% of 52-week high; Quarterly profit growth >= 25%; Sales growth >= 20% or 2+ strong quarters; 3-year profit growth >= 15%/yr; RS rating >= 80; Net profit margin up vs a year ago",7
TDPOWERSYS,0.32406376761464223,1.6405531559147275,0.7807977823717345,3.208244047091877,0.9689315638187267,0.0,1.0,0.9751314974083207,2.633616545135621,0.04002084953379533,0.07666204986149583,0.12491106790932527,-0.03747758264277933,1474326127.65,72.35844047294184,72.10271578381284,36.26088853000917,6.633839277625925,9.0,39.6452580204149,0.019999999999999574,1.0,22.294776119402986,1.1300000000000026,20656.0,True,True,96.38325991189427,Heavy Electrical Equipment,Industrials,32.0,93,,0
TECHM,0.03233338801143062,0.12778848801982923,0.1835260115606936,0.20198649860699375,0.8268608414239482,0.0,0.0,0.06456238285450526,1.4166727617685442,0.014219966452350677,0.022647631408176494,-0.03602730061233983,-0.011009673790754933,3166125782.5,31.74763627390187,17.68155671400322,12.898354984770076,1.4736989846659831,1.0,6.614090517992888,1.0100000000000016,1.0,16.227714748784443,-0.3500000000000085,20650.0,True,True,56.80506607929515,Computers - Software & Consulting,Information Technology,80.0,93,"Uptrend (price > 50 > 150 > 200-day, 200-day rising); Within 15% of 52-week high; Sales growth >= 20% or 2+ strong quarters; 3-year profit growth >= 15%/yr; ROE >= 20%; RS rating >= 80",6
TECHNOE,-0.0719585654716014,-0.2909071101750309,-0.008882346969850796,-0.6900512954110081,0.7152270448359834,0.0,0.0,-0.12371935469667371,1.4621276801148824,0.02102861094726884,0.04646085102061548,0.005135390307781096,-0.02100332951599917,143277202.39999998,-15.842587859502977,19.843337072456602,-0.8831607275650128,-0.6733596430652432,0.0,62.43287423679354,-6.279999999999999,1.0,11.402453692566755,-1.6799999999999997,20676.0,True,True,17.77202643171806,Civil Construction,Industrials,77.0,93,"Uptrend (price > 50 > 150 > 200-day, 200-day rising); Within 15% of 52-week high; Quarterly profit growth >= 25%; Sales growth >= 20% or 2+ strong quarters; ROE >= 20%; RS rating >= 80; Net profit margin up vs a year ago",7
TEGA,0.08179274145817736,-0.1774903110924898,-0.05437138728323698,0.2655220916837626,0.9524112829845315,1.0,0.0,1.520940838951019,3.0172729327965464,0.02883772739745742,0.11816434686389843,0.2172996811086534,-0.07961312989806377,308770552.79999995,-100.0,300.0,-41.86761981323739,-4.205811773349667,0.0,-8.140922449249288,-16.2,0.0,4.197240974464338,0.370000000000001,20678.0,True,True,70.87004405286343,Industrial Products,Industrials,6.0,93,"Uptrend (price > 50 > 150 > 200-day, 200-day rising); Quarterly profit growth >= 25%; 3-year profit growth >= 15%/yr; ROE >= 20%; RS rating >= 80; Net profit margin up vs a year ago",6
TEJASNET,-0.0549437960082824,-0.08020028855130268,0.40297734627831705,-0.36037001313280187,0.7208995734780923,0.0,0.0,0.814684120241081,0.5690899446100067,0.02693152441556284,0.08229799982377295,-0.11448112937948896,-0.049331825806157914,682771087.125,-100.0,99.10882265570851,0.0,-0.02792778148846611,0.0,219.14448452127706,45.690000000000005,0.0,-31.013306038894573,0.25,20661.0,True,True,24.204845814977975,Telecom -  Equipment & Accessories,Telecommunication,8.0,93,"Uptrend (price > 50 > 150 > 200-day, 200-day rising); Within 15% of 52-week high; Quarterly profit growth >= 25%; ROE >= 20%; RS rating >= 80",5
TEMBO,0.012986908093450544,-0.05926796507723309,0.19773407439076518,-0.0910460030075565,0.6829151732377539,0.0,0.0,0.12921785151016085,1.72022103488218,0.026602898623633704,0.04522702895959951,-0.01439099502367469,-0.01926993668828254,73148215.505,55.25402881520891,21.856359825890713,-37.92617360813438,2.5921803079910273,13.0,151.1153505631663,2.2200000000000006,1.0,21.63355408388521,-0.3200000000000003,20676.0,True,True,50.15418502202644,Iron & Steel Products,Industrials,10.0,93,"Uptrend (price > 50 > 150 > 200-day, 200-day rising); Within 15% of 52-week high; RS rating >= 80",3
TENNIND,,,0.019607843137255054,,0.7540334855403348,0.0,0.0,-1.1506465335015874,0.4200663797033688,0.01703599438261258,0.036276988912662844,-0.07114531869615359,-0.017119226920735454,399027946.45,-1.6320152859837012,20.156033664690987,-20.378762862728074,,0.0,,-2.370000000000001,1.0,50.41736227045075,-0.379999999999999,20670.0,True,True,,Auto Components & Equipments,Consumer Discretionary,20.0,93,"Uptrend (price > 50 > 150 > 200-day, 200-day rising); Within 15% of 52-week high; Quarterly profit growth >= 25%; 3-year profit growth >= 15%/yr; RS rating >= 80; Net profit margin up vs a year ago",6
TEXRAIL,0.04465346302830538,-0.20669332772048,0.4348984771573603,-0.24814734980626996,0.8818908585331944,0.0,0.0,0.8839299827120164,6.325811058379782,0.022655795585741993,0.048221532585342564,0.1251640827331748,-0.05501788607518841,176594479.57,70.83888447041267,-16.903140786294756,22.50688705424082,0.6028271627182745,2.0,54.08455393737916,3.4,1.0,8.171861836562764,-2.869999999999999,20668.0,True,True,60.62114537444934,Railway Wagons,Industrials,60.0,93,"Uptrend (price > 50 > 150 > 200-day, 200-day rising); ROE >= 20%; RS rating >= 80",3
TFCILTD,0.3240714061446905,0.9351165980795608,1.2180817610062893,1.8139138290686836,0.9346127946127946,1.0,1.0,1.4142824198863095,2.0297924588151397,0.025444567563215843,0.03593960445169064,0.08923587893856189,-0.012377098870706309,1567211497.6350002,-8.246264860611753,-17.462372552192907,0.7998938180744251,-0.4161557317956103,0.0,-3.2476760872503063,3.6199999999999974,1.0,9.071504802561366,2.64,19398.0,True,True,96.49229074889868,Financial Institution,Financial Services,78.0,93,Quarterly profit growth >= 25%; Sales growth >= 20% or 2+ strong quarters; 3-year profit growth >= 15%/yr; ROE >= 20%,4
THANGAMAYL,0.20128030719904094,1.5864335800545386,0.5503955165066114,2.2337251116598145,0.6542395693135935,0.0,0.0,-0.12345175839680575,0.9533519990654573,0.03560140902722878,0.048534608189565676,-0.10044783300640292,-0.027939980437812734,489078058.0,86.34454308962995,71.1565865995661,-213.65545691037005,0.8210498380673654,4.0,48.75287613691863,0.2599999999999998,1.0,24.858757062146893,0.18999999999999773,20679.0,True,True,90.27753303964758,"Gems, Jewellery And Watches",Consumer Discretionary,12.0,93,"Uptrend (price > 50 > 150 > 200-day, 200-day rising); Within 15% of 52-week high",2
THELEELA,0.10113610081802939,0.33677973977695186,0.4046630859375,1.0216349296739096,0.9693329925888066,1.0,1.0,0.7682096641108198,2.659404103383575,0.021347177344614103,0.07533733133433262,0.0767594451835858,-0.025648865963037514,197713254.6,300.0,28.083263583099804,253.76866094867052,1.3467151000710402,7.0,,10.68,1.0,6.292941911305435,0.25,20665.0,True,True,76.10352422907489,Hotels & Resorts,Consumer Discretionary,54.0,93,3-year profit growth >= 15%/yr; ROE >= 20%; RS rating >= 80,3
THERMAX,-0.02753331398563319,0.17966960086820216,0.2001104057410985,0.03681155207999913,0.6367425821364963,0.0,0.0,0.17589037720312944,1.7179949626667406,0.01986182335697253,0.030750531753266364,-0.13225393979330669,-0.033029629981437665,510927378.4,-85.55649257725243,6.7299180080925725,-103.58541414587988,-2.9565926736541694,0.0,4.136472695618809,-6.069999999999999,1.0,12.972972972972974,-0.060000000000002274,20640.0,True,True,35.1079295154185,Heavy Electrical Equipment,Industrials,32.0,93,"Uptrend (price > 50 > 150 > 200-day, 200-day rising); Within 15% of 52-week high; Quarterly profit growth >= 25%; Sales growth >= 20% or 2+ strong quarters; 3-year profit growth >= 15%/yr; ROE >= 20%; RS rating >= 80; Net profit margin up vs a year ago",8
THOMASCOOK,-0.08445902036790981,-0.36666466958240973,0.1767783591227874,-0.9179931171512641,0.5958579881656805,0.0,0.0,1.00673159709967,0.4436378841612323,0.023684898971460505,0.05023045809425275,-0.044408890508427445,-0.021972678288292857,77133660.47999999,-13.126048605458573,-13.126048605458573,40.7402578552997,-0.4051367108939148,0.0,35.55293604910097,0.0,1.0,8.64100549882168,-1.3899999999999988,20668.0,True,True,13.628854625550659,"Tour, Travel Related Services",Consumer Discretionary,91.0,93,"Uptrend (price > 50 > 150 > 200-day, 200-day rising); Within 15% of 52-week high; Quarterly profit growth >= 25%; Sales growth >= 20% or 2+ strong quarters; ROE >= 20%; RS rating >= 80; Net profit margin up vs a year ago",7
THYROCARE,0.08292483759669213,0.46866451131559295,0.6894578744099555,0.8147119703251716,0.8060422960725075,0.0,0.0,0.3912337586222467,0.5644670345548887,0.024756035433761224,0.03316090892296342,-0.08072907693897946,-0.02631082833705688,179672180.4,34.05769180956328,24.343366316116665,-91.85717548312739,1.532735922862619,10.0,44.423469500263366,1.5500000000000007,1.0,27.863247863247864,-0.019999999999999574,20657.0,True,True,71.08810572687224,Healthcare Service Provider,Healthcare,13.0,93,"Uptrend (price > 50 > 150 > 200-day, 200-day rising); Within 15% of 52-week high; RS rating >= 80",3
TI,0.07780994294314585,0.18065772392903523,0.3113060194641357,0.4979766830769284,0.8926456071076012,1.0,1.0,0.7321254014290282,1.3264932234385867,0.02091445595481945,0.046724092926129,0.016471884262156067,-0.04904024980847723,472570067.475,-30.26228849250474,155.66554235713937,8.10305414698416,-1.0907248466190729,0.0,32.62189331190493,-15.729999999999999,1.0,0.7042253521126761,0.370000000000001,20661.0,True,True,69.45264317180616,Breweries & Distilleries,Fast Moving Consumer Goods,51.0,93,Quarterly profit growth >= 25%; ROE >= 20%; RS rating >= 80; Net profit margin up vs a year ago,4
TIIL,0.07115459456625564,0.350206611570248,0.4933046935697638,0.4927225000484052,0.8116568030740752,0.0,0.0,0.9037792708876987,0.6056810527803125,0.024516861104649967,0.029489088087168547,-0.03221663792768992,-0.03475464877520614,88853947.4,67.28292887300151,27.197598167022207,50.30116449359145,5.175139286723939,1.0,5.879343501264334,4.1,1.0,14.483440434997528,0.33000000000000007,20678.0,True,True,67.59911894273128,Iron & Steel Products,Industrials,10.0,93,"Uptrend (price > 50 > 150 > 200-day, 200-day rising); Within 15% of 52-week high; 3-year profit growth >= 15%/yr; ROE >= 20%; RS rating >= 80",5
TIINDIA,-0.09670114630009216,-0.15666107126506945,0.0976840265363681,-0.8507103861962285,0.7016071000239866,0.0,0.0,0.028555864919376815,1.9952684296710759,0.01749137509810801,0.01647524752475249,-0.137839558573854,-0.03933754753400879,612087802.7,-3.022364445992176,17.070253491201814,-49.36535222324352,-0.15907129583044727,0.0,-1.835346795917514,-0.9799999999999995,1.0,14.423945297380984,0.18999999999999773,20648.0,True,True,10.139867841409693,Auto Components & Equipments,Consumer Discretionary,20.0,93,"Uptrend (price > 50 > 150 > 200-day, 200-day rising); Within 15% of 52-week high; Quarterly profit growth >= 25%; Sales growth >= 20% or 2+ strong quarters; 3-year profit growth >= 15%/yr; ROE >= 20%; RS rating >= 80; Net profit margin up vs a year ago",8
TIMETECHNO,-0.03422040556088468,-0.13,0.20268905441232188,-0.49775983708012705,0.7898021978021978,0.0,0.0,0.41948281820979183,1.331703070804921,0.02139486893568612,0.026927924830984384,-0.06261607742807906,-0.01816321303678452,616465568.93,21.98548321113829,25.140280190736686,1.8280810043391327,3.4434692963565685,3.0,28.31531820036439,-0.17999999999999972,1.0,11.66829745596869,-2.150000000000002,20670.0,True,True,32.05506607929516,Plastic Products - Industrial,Industrials,35.0,93,"Uptrend (price > 50 > 150 > 200-day, 200-day rising); Within 15% of 52-week high; Quarterly profit growth >= 25%; ROE >= 20%; RS rating >= 80; Net profit margin up vs a year ago",6
TIMKEN,-0.010892077298966463,0.06278145695364246,-0.004867764238985606,0.09169391686353451,0.7895031847133759,0.0,0.0,0.3096864968237008,1.9052813571817802,0.016324104131776016,0.03901178546669182,-0.02692932582794838,-0.023095531641679948,103412329.65,10.297734507150146,14.733999854046576,27.082308214925575,0.4543982811524181,0.0,5.512837143485383,-0.5099999999999998,1.0,14.241592312971859,-0.00999999999999801,20655.0,True,True,40.99559471365639,Abrasives & Bearings,Industrials,56.0,93,"Uptrend (price > 50 > 150 > 200-day, 200-day rising); Within 15% of 52-week high; Quarterly profit growth >= 25%; Sales growth >= 20% or 2+ strong quarters; 3-year profit growth >= 15%/yr; ROE >= 20%; RS rating >= 80; Net profit margin up vs a year ago",8
TINNARUBR,0.04685894221310627,0.040118264770352186,0.9033582089552239,-0.08880722708020375,0.7101739788199698,0.0,0.0,-0.10453420151410157,0.5151723084022257,0.03658670681697981,0.03886010362694292,-0.0990182624300644,-0.03439573412491789,50823102.3,75.24352861601284,19.889460351577483,44.14300380411626,1.8516365603748954,3.0,39.519774420933416,4.16,1.0,17.666666666666668,-1.3100000000000005,20654.0,True,True,61.602422907488986,Rubber,Industrials,,93,"Uptrend (price > 50 > 150 > 200-day, 200-day rising); Within 15% of 52-week high; ROE >= 20%; RS rating >= 80",4
TIPSMUSIC,0.021997487550745716,0.1046262123422883,0.30342313145635,0.280064495258018,0.869365721997301,0.0,0.0,1.2920190647991427,0.49583235940373926,0.028045734393806327,0.03262332726264927,-0.024889388065869156,-0.010515615625442107,142051808.625,-4.667019412010376,20.937890314522555,-97.61473772334193,-0.25226025165189364,0.0,35.40965608220154,-11.019999999999996,1.0,83.46153846153847,0.9299999999999997,20679.0,True,True,53.425110132158586,Media & Entertainment,Consumer Discretionary,40.0,93,"Uptrend (price > 50 > 150 > 200-day, 200-day rising); Quarterly profit growth >= 25%; RS rating >= 80; Net profit margin up vs a year ago",4
TIRUMALCHM,-0.1649564176900875,-0.4794905290659699,-0.035930316961045206,-1.1844773967004332,0.4751786874593892,0.0,0.0,-0.0499225560088541,0.7612842045878307,0.02454231367787521,0.050216120010170284,-0.09125364250343293,-0.03181682216875673,67032246.81999999,-100.0,21.46872569714475,0.0,0.6436855891527604,0.0,57.1216173004919,5.33,0.0,-10.741687979539643,-0.4599999999999991,20647.0,True,True,1.3083700440528634,Commodity Chemicals,Commodities,43.0,93,"Uptrend (price > 50 > 150 > 200-day, 200-day rising); Within 15% of 52-week high; Quarterly profit growth >= 25%; ROE >= 20%; RS rating >= 80",5
TITAGARH,0.0004990027990693036,-0.07049710209540794,0.45072627641993557,-0.28553658019402706,0.8291452111225541,0.0,0.0,0.2631443779183869,1.874895027565731,0.016854131435874352,0.03275290215588722,-0.03758337915700383,-0.01836756898686646,309057667.2,66.99751772869638,12.626232886795252,-204.57648896705177,0.6305039927433205,2.0,3.6317295191244714,2.24,1.0,5.00814332247557,3.1199999999999974,20677.0,True,True,45.574889867841414,Railway Wagons,Industrials,60.0,93,"Uptrend (price > 50 > 150 > 200-day, 200-day rising); Within 15% of 52-week high; 3-year profit growth >= 15%/yr; ROE >= 20%; RS rating >= 80",5
TITAN,0.062226429235269845,0.4773425386888219,0.2780280406944373,1.3576198077559123,0.8706306514739622,0.0,0.0,0.028298226690217497,1.6136725938156116,0.011512622978276352,0.015942482025633087,-0.08739224207619523,-0.031079040952766288,2848359304.8999996,62.93350499487404,29.25013617381831,31.90201173765645,2.226461466176476,5.0,21.68623876486404,1.7200000000000006,1.0,32.30592880341336,0.04999999999999716,20638.0,True,True,66.29074889867842,"Gems, Jewellery And Watches",Consumer Discretionary,12.0,93,"Uptrend (price > 50 > 150 > 200-day, 200-day rising); RS rating >= 80",2
TMB,0.18198360521993448,1.1197478991596639,0.5673110113910944,2.6631460907436204,0.9139069377488995,0.0,0.0,0.5565609889392856,0.549774908394442,0.02491542497639392,0.04260254596888258,-0.00947194933148865,-0.022798587144334168,126579793.625,34.97549074025088,19.923678439519854,6.993941543370433,4.832273150040471,2.0,10.981762647668347,2.7600000000000016,1.0,13.234421364985163,0.5900000000000016,20679.0,True,True,87.66079295154185,Private Sector Bank,Financial Services,23.0,93,"Uptrend (price > 50 > 150 > 200-day, 200-day rising); 3-year profit growth >= 15%/yr; ROE >= 20%",3
TMPV,-0.10439075181654209,-0.2510449131453698,0.04659014179608367,-1.0444586221053584,0.6232433638188712,0.0,0.0,-0.7643298772773591,2.489363790041303,0.015210644631911007,0.04485049833887045,-0.1194231181372365,-0.03696713799548358,2512000994.6000004,-67.29281984773058,9.263546882306638,-43.12460450655779,-0.476760875790601,0.0,-53.08312170464943,-2.13,1.0,73.74540457579327,0.0,20678.0,True,True,8.06828193832599,Passenger Cars & Utility Vehicles,Consumer Discretionary,92.0,93,"Uptrend (price > 50 > 150 > 200-day, 200-day rising); Within 15% of 52-week high; Quarterly profit growth >= 25%; Sales growth >= 20% or 2+ strong quarters; 3-year profit growth >= 15%/yr; RS rating >= 80; Net profit margin up vs a year ago",7
TNPETRO,0.09074083784239989,0.18710198224055974,0.6547886971742933,0.2773990783451083,0.8380161915776584,0.0,0.0,1.2639655323198402,3.89805469318345,0.027450462625183192,0.05655507477415944,0.060906981591308806,-0.02398296277146641,87434852.32,125.9068583070602,68.49528087946264,214.94278249005384,2.6475839621945823,1.0,19.05793963042981,2.6099999999999994,1.0,9.528487229862476,0.33000000000000007,20676.0,True,True,72.94162995594714,Petrochemicals,Commodities,25.0,93,"Uptrend (price > 50 > 150 > 200-day, 200-day rising); Within 15% of 52-week high; ROE >= 20%; RS rating >= 80",4
TORNTPHARM,0.058217793046492265,0.3737342997842086,0.17660300459693867,1.4319457879594593,0.9080571428571429,0.0,0.0,-0.24639251838549006,1.7919164645194239,0.016246508608522815,0.026859504132231482,-0.03414498947898159,-0.014793810330487153,1779272320.0,5.805319051074775,54.84581497797356,26.418121883818802,0.397625584192525,0.0,20.6987537912392,-5.459999999999999,1.0,25.48879351454459,5.569999999999997,20664.0,True,True,65.09140969162995,Pharmaceuticals,Healthcare,21.0,93,"Uptrend (price > 50 > 150 > 200-day, 200-day rising); Quarterly profit growth >= 25%; RS rating >= 80; Net profit margin up vs a year ago",4
TORNTPOWER,-0.020346187836666196,-0.03559281816024673,-0.06624291621994183,-0.05440899181641199,0.6813771174825942,0.0,0.0,-0.01634148662763131,0.6395578298123169,0.014152939684729453,0.032348466650652385,-0.042893819661451116,-0.02027501849152186,324073448.70000005,-10.719714725827966,2.7544878370225456,58.52641459145627,-0.18480312151631798,0.0,2.8910617273345096,-1.2300000000000004,1.0,12.943643512450853,0.0,20645.0,True,True,37.0704845814978,Integrated Power Utilities,Utilities,64.0,93,"Uptrend (price > 50 > 150 > 200-day, 200-day rising); Within 15% of 52-week high; Quarterly profit growth >= 25%; Sales growth >= 20% or 2+ strong quarters; 3-year profit growth >= 15%/yr; ROE >= 20%; RS rating >= 80; Net profit margin up vs a year ago",8
TRANSRAILL,-0.09620073084539335,-0.4313545424729419,-0.04103982300884956,-0.916665511513346,0.6193270735524257,0.0,0.0,1.2776604109721155,5.63060914415481,0.02701471367760413,0.15197971994205695,0.036899563318777195,-0.06682889840113516,151557606.3,1.8033152192634905,4.59020146520146,25.491957837372404,0.06391218850561313,0.0,,-0.16999999999999993,1.0,17.711530030688294,-1.3100000000000005,20671.0,True,True,10.575991189427313,Heavy Electrical Equipment,Industrials,32.0,93,"Uptrend (price > 50 > 150 > 200-day, 200-day rising); Within 15% of 52-week high; Quarterly profit growth >= 25%; Sales growth >= 20% or 2+ strong quarters; 3-year profit growth >= 15%/yr; ROE >= 20%; RS rating >= 80; Net profit margin up vs a year ago",8
TRENT,-0.0581594697493519,-0.12548588371872194,0.29938103040233033,-0.6393647782923915,0.7588904903373828,0.0,0.0,-0.6390103311567941,1.8496453414136975,0.011804592841770134,0.014542124542124446,-0.10349553346185536,-0.03238129762708912,1964934126.6,21.903811950946263,17.840351552581367,-10.720872201219379,1.4032580641808248,2.0,60.06903545188682,0.3000000000000007,1.0,24.63851109520401,0.4299999999999997,20671.0,True,True,22.460352422907487,Speciality Retail,Consumer Discretionary,81.0,93,"Uptrend (price > 50 > 150 > 200-day, 200-day rising); Within 15% of 52-week high; Quarterly profit growth >= 25%; RS rating >= 80",4
TRIDENT,-0.08154062517593597,-0.18335588633288225,0.07241226121723665,-0.8483154898417715,0.7162249515190692,0.0,0.0,-0.44377624399094723,0.9433622288257921,0.007777802516190029,0.021369385085041603,-0.0801773232163907,-0.017467260720571802,61033370.225,12.981443643974355,4.683371511931056,36.54454665890743,0.415960713539526,0.0,-0.6891255049870981,0.6500000000000004,1.0,7.900251466890193,0.14000000000000012,20644.0,True,True,14.501101321585903,Other Textile Products,Consumer Discretionary,15.0,93,"Uptrend (price > 50 > 150 > 200-day, 200-day rising); Within 15% of 52-week high; Quarterly profit growth >= 25%; Sales growth >= 20% or 2+ strong quarters; 3-year profit growth >= 15%/yr; ROE >= 20%; RS rating >= 80",7
TRITURBINE,-0.008467373508577448,0.10791918031217085,0.31522109810162546,0.040353191731736224,0.6729304215337735,0.0,0.0,-0.19918422005913297,1.0465134499852438,0.018635992816402668,0.029585798816567976,-0.08880537226598628,-0.020490987554349204,236591955.2,-20.651030964183025,19.229733369243185,-28.360492966881267,-0.9357069323863402,0.0,17.207469585346136,-5.800000000000001,1.0,24.13554633471646,-0.759999999999998,20675.0,True,True,41.540748898678416,Heavy Electrical Equipment,Industrials,32.0,93,"Uptrend (price > 50 > 150 > 200-day, 200-day rising); Within 15% of 52-week high; Quarterly profit growth >= 25%; Sales growth >= 20% or 2+ strong quarters; RS rating >= 80; Net profit margin up vs a year ago",6
TRIVENI,-0.01174503116107586,0.2940546580380836,0.19414847912012378,0.19590614336201276,0.7333121625912988,0.0,0.0,0.16827167675002092,1.3604497616246696,0.029227333154820585,0.030599500416319758,-0.09950030300028789,-0.036781081365468586,178349366.8,100.0,2.1053923627037285,126.06852350962048,0.19624171543436686,1.0,-18.15931571563706,0.66,1.0,8.046664672449895,-0.32000000000000206,20663.0,True,True,40.55947136563877,Sugar,Fast Moving Consumer Goods,30.0,93,"Uptrend (price > 50 > 150 > 200-day, 200-day rising); Within 15% of 52-week high; Sales growth >= 20% or 2+ strong quarters; 3-year profit growth >= 15%/yr; ROE >= 20%; RS rating >= 80",6
TRUALT,,,0.061353495290034754,,0.8092896174863388,0.0,0.0,0.6396122242225399,1.7871360275839896,0.021482298212789783,0.05899384726746293,0.006734220353115994,-0.04120671655970449,109367351.625,300.0,106.28516897561617,338.34140365321707,1.8909214542585064,1.0,,7.889999999999999,1.0,6.377383300460224,-1.1300000000000008,20662.0,True,True,,Other Agricultural Products,Fast Moving Consumer Goods,65.0,93,"Uptrend (price > 50 > 150 > 200-day, 200-day rising); Within 15% of 52-week high; 3-year profit growth >= 15%/yr; ROE >= 20%; RS rating >= 80",5
TVSHLTD,-0.0452310877069242,0.022205088666152673,-0.05008239593035757,-0.28972808944392053,0.7293366877339388,0.0,0.0,-0.6371856793232121,3.1056316937864548,0.013534267728762556,0.0279647076416929,-0.12913634591882495,-0.027810769423993135,66636583.0,73.71107780456623,34.01291300788954,37.18921196443523,5.987261656816189,8.0,41.88010124397059,1.5700000000000003,1.0,52.428085369625734,-0.08000000000000185,20655.0,True,True,27.039647577092513,Investment Company,Financial Services,84.0,93,"Uptrend (price > 50 > 150 > 200-day, 200-day rising); Within 15% of 52-week high; RS rating >= 80",3
TVSMOTOR,0.05468940874258717,0.21720243266724593,0.24947975503894404,0.6031787932828223,0.8966439959861746,0.0,0.0,0.20362089268723443,1.2312209173653452,0.01583630631517623,0.017034465658318787,-0.04760957345414807,-0.011155763791325088,3401063413.6,64.35573498351637,33.45989574162269,45.11733609250963,4.275100169039827,1.0,35.68912166124891,1.2200000000000006,1.0,33.30893883951908,0.1700000000000017,20655.0,True,True,63.8920704845815,2/3 Wheelers,Consumer Discretionary,36.0,93,"Uptrend (price > 50 > 150 > 200-day, 200-day rising); RS rating >= 80",2
TVSSCS,0.013187061856226853,-0.02640598224022439,0.3739694404748819,0.0007696305905789792,0.8765870307167235,0.0,0.0,1.3968880888898807,0.5063167853861735,0.02233135115074998,0.0413216496502935,-0.011722044708765034,-0.016688678598172798,64353640.62,-83.32669053963633,28.658223746388355,-183.32669053963633,-2.334226053014948,0.0,85.97856709765843,-4.5,1.0,5.755041810132808,-0.08000000000000096,20648.0,True,True,50.263215859030836,Logistics Solution Provider,Services,59.0,93,"Uptrend (price > 50 > 150 > 200-day, 200-day rising); Quarterly profit growth >= 25%; ROE >= 20%; RS rating >= 80; Net profit margin up vs a year ago",5
UBL,-0.10133655867760935,-0.2714571969275297,-0.150064935064935,-1.486257917242942,0.6446854663774403,0.0,0.0,-0.31679351518694565,2.38414612947584,0.01476408386562008,0.028517422748191912,-0.10202663403506385,-0.024644850049866853,139102196.75,-9.606609940378064,7.071137303094632,48.749907874226075,-0.3755563387035199,0.0,3.519032280604395,-1.0,1.0,9.13312693498452,-0.35999999999999943,20655.0,True,True,8.722466960352424,Breweries & Distilleries,Fast Moving Consumer Goods,51.0,93,"Uptrend (price > 50 > 150 > 200-day, 200-day rising); Within 15% of 52-week high; Quarterly profit growth >= 25%; Sales growth >= 20% or 2+ strong quarters; 3-year profit growth >= 15%/yr; ROE >= 20%; RS rating >= 80; Net profit margin up vs a year ago",8
UCOBANK,-0.07504790465728181,-0.19377049180327865,0.09532293986636975,-0.9044078919932375,0.6704678362573099,0.0,0.0,-0.0893420684301039,0.9847635521885214,0.01165072657169592,0.013490725126475533,-0.08643234499629471,-0.01500231336274262,85683905.975,23.75268882689463,15.101285048722634,-2.931005998027757,0.7577401740961958,4.0,39.24167231788469,0.6899999999999995,1.0,7.990934110409584,-0.11000000000000032,20206.0,True,True,16.681718061674008,Public Sector Bank,Financial Services,58.0,93,"Uptrend (price > 50 > 150 > 200-day, 200-day rising); Within 15% of 52-week high; Quarterly profit growth >= 25%; ROE >= 20%; RS rating >= 80",5
UDS,0.019303644899817986,-0.10154673839946193,0.7817525692319762,-0.3962364357309649,0.7934182994103101,0.0,0.0,0.977279660416553,0.45697826755224474,0.025616041474847362,0.045622168370034855,-0.009050874582095525,-0.03832185846596133,58682875.915,4.401348109219705,9.146863932366035,24.41315565235298,0.09675802863591862,0.0,34.70723132358664,-0.17999999999999972,1.0,7.889733840304182,-4.080000000000002,20664.0,True,True,52.11674008810572,Diversified Commercial Services,Services,62.0,93,"Uptrend (price > 50 > 150 > 200-day, 200-day rising); Within 15% of 52-week high; Quarterly profit growth >= 25%; Sales growth >= 20% or 2+ strong quarters; ROE >= 20%; RS rating >= 80; Net profit margin up vs a year ago",7
UFLEX,0.17051642925213992,0.17989756722151062,0.9292657394945414,0.457777512796537,0.8982031789910159,0.0,1.0,1.0258289564680345,0.3131247941851399,0.03644404762780304,0.08797767614913576,0.09680250466248674,-0.015681587569356937,102527103.875,300.0,37.57075907049243,223.4836666421972,4.559044723693316,2.0,73.75103813077352,6.39,1.0,3.9029795616843144,0.9000000000000004,20645.0,True,True,86.24339207048459,Packaging,Industrials,29.0,93,ROE >= 20%,1
UJJIVANSFB,0.10239379998205125,0.45212175072206184,0.29400118788358753,1.168487532218959,0.8872058425750609,0.0,0.0,0.2281166621530282,1.5481430693148055,0.02294788324088527,0.037429819089207506,-0.03593493736516318,-0.018849397312496862,844009997.805,206.4377340824333,25.08462849941935,-31.67034563351652,1.408934707567808,3.0,-9.469251957480074,9.25,1.0,10.16725352112676,1.9100000000000037,20679.0,True,True,76.3215859030837,Other Bank,Financial Services,28.0,93,"Uptrend (price > 50 > 150 > 200-day, 200-day rising); 3-year profit growth >= 15%/yr; ROE >= 20%; RS rating >= 80",4
ULTRACEMCO,-0.041026775513070185,-0.06664483379728181,0.06095858538855281,-0.5258365656304702,0.816933638443936,0.0,0.0,-0.18045251707336551,2.137818740403989,0.012100851575232444,0.02322556670382747,-0.06518236363096797,-0.015095293554008501,2762454603.5,16.18159450563801,15.852778672131485,-5.038673149672455,0.7689583433548072,0.0,18.642910555516433,0.02999999999999936,1.0,10.68594696178743,0.01999999999999602,20654.0,True,True,29.87444933920705,Cement & Cement Products,Commodities,89.0,93,"Uptrend (price > 50 > 150 > 200-day, 200-day rising); Within 15% of 52-week high; Quarterly profit growth >= 25%; Sales growth >= 20% or 2+ strong quarters; ROE >= 20%; RS rating >= 80",6
UNIMECH,0.2719679576095844,0.42219436945622824,1.0884893104912927,1.4662342533104227,0.9490418584733968,1.0,1.0,0.8049269907233004,2.251356055515876,0.029693669145882513,0.0895233001270308,0.19518367269898507,-0.04424196344246289,282415977.15,45.74535902118819,70.8525162724242,56.35617836544857,1.2030149300075192,1.0,,-4.460000000000001,1.0,8.548168249660787,-0.34000000000000075,20668.0,True,True,94.52973568281939,Aerospace & Defense,Industrials,22.0,93,3-year profit growth >= 15%/yr; ROE >= 20%; Net profit margin up vs a year ago,3
UNIONBANK,0.0441774016107241,0.3285909319537259,0.12606577344701586,0.6093036817915803,0.815562801109543,0.0,0.0,0.3758471936025353,1.8979486072145406,0.01811332719011142,0.030120481927710774,-0.06784761180099719,-0.027267660482253438,1472437369.755,27.413402895244012,1.2122023970971174,17.586673729220117,2.007734346148358,1.0,26.47783227482272,4.23,1.0,14.548640230022764,-0.2799999999999976,20649.0,True,True,59.96696035242291,Public Sector Bank,Financial Services,58.0,93,"Uptrend (price > 50 > 150 > 200-day, 200-day rising); Within 15% of 52-week high; Sales growth >= 20% or 2+ strong quarters; ROE >= 20%; RS rating >= 80",5
UNIPARTS,0.21206641651917318,1.1620681381957771,1.0344282650412011,2.2595457597507522,0.8944811398002074,0.0,0.0,0.4826542861266392,0.73775605709124,0.02714568148430846,0.03209198558434889,-0.0023805030106361924,-0.0267818919127911,114556052.3,64.35057681532,26.943175589256363,-59.69399770421404,1.418025778885585,5.0,-1.499154562787186,3.710000000000001,1.0,18.160919540229887,0.16000000000000014,20669.0,True,True,91.25881057268722,Auto Components & Equipments,Consumer Discretionary,20.0,93,"Uptrend (price > 50 > 150 > 200-day, 200-day rising); 3-year profit growth >= 15%/yr; ROE >= 20%",3
UNITDSPR,-0.005947500461563938,0.08816344659116138,0.20610436494913031,-0.04820910174723578,0.8539721120634514,0.0,0.0,-0.3641579607076164,10.341585204149371,0.013277871541879961,0.030758226037195913,-0.09306063335629411,-0.0214609362173168,807474192.5,-20.567250369525535,-10.3608076795763,-50.63306526268276,-1.0205471502437826,0.0,14.535086378160788,-1.6100000000000012,1.0,20.52943147548308,0.26000000000000156,20645.0,True,True,42.958149779735685,Breweries & Distilleries,Fast Moving Consumer Goods,51.0,93,"Uptrend (price > 50 > 150 > 200-day, 200-day rising); Quarterly profit growth >= 25%; Sales growth >= 20% or 2+ strong quarters; 3-year profit growth >= 15%/yr; RS rating >= 80; Net profit margin up vs a year ago",6
UNIVCABLES,0.2381822704113539,1.1875498802873103,1.5317118226600983,1.5810178351746647,0.8176798692884105,0.0,0.0,0.37393746855044463,0.45542212219982764,0.036415305346473484,0.028939808002242495,-0.04246713985799,-0.028164946912594392,191605130.25,108.63468235058895,57.46013762308599,97.84139623105732,2.226548483065741,1.0,20.12085808134274,1.8200000000000003,1.0,8.619777895293495,-0.8099999999999996,20647.0,True,True,93.0033039647577,Cables - Electricals,Industrials,2.0,93,"Uptrend (price > 50 > 150 > 200-day, 200-day rising); Within 15% of 52-week high; ROE >= 20%",3
UNOMINDA,-0.03047994469280726,-0.026283618581906976,0.23536254362155895,-0.44840502786551373,0.8039073806078147,0.0,0.0,0.27642516660756467,1.0798304486144064,0.01895092691139438,0.06556016597510372,-0.09380984851698027,-0.036796036884571906,717488338.7,2.1951437093973514,23.78566702828413,-19.338532955843824,0.23243690389087052,0.0,21.54787255059647,-1.2000000000000002,1.0,18.802167227998243,-0.17999999999999972,20638.0,True,True,34.01762114537445,Auto Components & Equipments,Consumer Discretionary,20.0,93,"Uptrend (price > 50 > 150 > 200-day, 200-day rising); Within 15% of 52-week high; Quarterly profit growth >= 25%; ROE >= 20%; RS rating >= 80; Net profit margin up vs a year ago",6
UPL,-0.07006637672571098,-0.16128078089181386,-0.0014966106171317994,-0.7095801609478214,0.6362964786998275,0.0,0.0,-0.21551479163061443,1.5840942630325592,0.017804430430901498,0.045515998197386276,-0.09771180551918235,-0.030662632455399363,1003070503.5,0.8759413663207649,10.470920138888884,43.840079915411216,0.08154995656656301,0.0,-12.851696372364819,1.04,0.0,6.398432095918838,0.29999999999999716,20654.0,True,True,18.208149779735685,Pesticides & Agrochemicals,Commodities,93.0,93,"Uptrend (price > 50 > 150 > 200-day, 200-day rising); Within 15% of 52-week high; Quarterly profit growth >= 25%; Sales growth >= 20% or 2+ strong quarters; 3-year profit growth >= 15%/yr; ROE >= 20%; RS rating >= 80",7
URBANCO,0.02760693208522569,-0.04429874572405934,0.41031465589769467,-0.243132344125504,0.8498124694243627,0.0,1.0,1.1099207230745414,0.4580837260457792,0.029777135119389675,0.040070787511060635,0.00398021579730834,-0.03753532612369242,876477076.395,-100.0,43.856018732812394,,,0.0,,-18.43,0.0,-10.965935604293048,0.18999999999999773,20665.0,True,True,55.6057268722467,E-Retail/ E-Commerce,Consumer Discretionary,19.0,93,Within 15% of 52-week high; Quarterly profit growth >= 25%; 3-year profit growth >= 15%/yr; ROE >= 20%; RS rating >= 80; Net profit margin up vs a year ago,6
USHAMART,0.020632368798191792,0.12030496692454329,0.27628049559330714,0.3043583275102113,0.9061924069295981,1.0,0.0,0.19833041377127822,0.9682800358136351,0.01710787222848522,0.052641955835962095,-0.02211915946398524,-0.037582818547275916,243712746.10000002,40.93149219826675,16.43503646344073,-15.42228624038124,1.7903646914254145,3.0,13.914859728284457,2.3900000000000006,1.0,14.112658994548758,0.7800000000000011,20661.0,True,True,52.77092511013216,Iron & Steel Products,Industrials,10.0,93,"Uptrend (price > 50 > 150 > 200-day, 200-day rising); 3-year profit growth >= 15%/yr; ROE >= 20%; RS rating >= 80",4
UTIAMC,-0.10056457492363718,-0.36507363557609007,-0.06171654131327686,-1.2650583721829702,0.6271823988644429,0.0,0.0,-0.7236015635934832,0.7819064574405513,0.013568223120367116,0.03329608938547479,-0.01671594028415857,-0.016437223409317817,86363901.25,15.752107315622133,6.696044908482501,115.75210731562214,0.46863206203218216,0.0,0.728427351720784,3.9399999999999977,1.0,10.477247502774695,-0.6700000000000159,20656.0,True,True,8.940528634361232,Asset Management Company,Financial Services,71.0,93,"Uptrend (price > 50 > 150 > 200-day, 200-day rising); Within 15% of 52-week high; Quarterly profit growth >= 25%; Sales growth >= 20% or 2+ strong quarters; 3-year profit growth >= 15%/yr; ROE >= 20%; RS rating >= 80",7
UTLSOLAR,,,1.2236568940199501,,0.8126454223571067,0.0,0.0,0.41179140355580235,0.9626821232289512,0.03005770567476591,0.042894799904145575,-0.04598918795663798,-0.04040890045094734,112823183.15,300.0,297.42764323685765,66.64248597574809,,6.0,,4.630000000000001,1.0,23.861852433281005,0.08000000000000096,20678.0,True,True,,Other Electrical Equipment,Industrials,49.0,93,"Uptrend (price > 50 > 150 > 200-day, 200-day rising); Within 15% of 52-week high; 3-year profit growth >= 15%/yr; RS rating >= 80",4
UTTAMSUGAR,0.05152117481588766,0.15877982010168168,0.18586408388697673,0.17960888686781845,0.7684386306707487,0.0,1.0,0.8890700747599048,7.251528752163591,0.036940632424592355,0.12749999999999995,0.012853444031868388,-0.05801400698706916,60894956.65,-91.23295553945871,-3.562510934045837,-78.21066747003749,-0.7101673326028111,0.0,-8.948907734736999,-2.1,1.0,11.529680365296803,-0.22,20675.0,True,True,62.91079295154185,Sugar,Fast Moving Consumer Goods,30.0,93,Within 15% of 52-week high; Quarterly profit growth >= 25%; Sales growth >= 20% or 2+ strong quarters; 3-year profit growth >= 15%/yr; ROE >= 20%; RS rating >= 80; Net profit margin up vs a year ago,7
V2RETAIL,-0.005756446457394683,0.12366683595733874,0.17001586462189322,0.059148098747434756,0.7768177434908389,0.0,0.0,-0.5992176298400845,1.8020565467923915,0.01249420641915614,0.02734411085450339,-0.07431155972917458,-0.020893896130132348,153157521.35,69.8629736970821,57.72990414729049,-102.80134893008334,1.6301565774654463,11.0,,0.30000000000000027,1.0,17.96008869179601,1.8600000000000012,20645.0,True,True,43.06718061674009,Speciality Retail,Consumer Discretionary,81.0,93,"Uptrend (price > 50 > 150 > 200-day, 200-day rising); Within 15% of 52-week high; 3-year profit growth >= 15%/yr; ROE >= 20%; RS rating >= 80",5
VADILALIND,0.10097232991856145,0.35292578704107447,0.8965770171149143,0.6841618767185942,0.8508346158399431,0.0,0.0,0.5401060081336274,0.4459876785126428,0.023580490717251552,0.03675538656527255,-0.022087727724840245,-0.025839431656430205,111334208.25,95.47440378772973,34.24268145837856,-53.83458257590658,4.464479783154836,2.0,22.963380785681565,6.029999999999999,1.0,18.235294117647058,1.2800000000000002,20677.0,True,True,75.88546255506607,Dairy Products,Fast Moving Consumer Goods,18.0,93,"Uptrend (price > 50 > 150 > 200-day, 200-day rising); ROE >= 20%; RS rating >= 80",3
VAIBHAVGBL,-0.04508571144774812,-0.10949410949410954,0.24572308394160558,-0.41043020312692147,0.6940494458653026,0.0,0.0,-0.49110806752270136,0.831830872787164,0.020124622693840872,0.015977705527171482,-0.10453211550053021,-0.020685827151067458,53206525.25,50.02027674687248,12.698159117162744,-117.14176049938588,0.9983612589758578,7.0,35.23907044724497,1.5300000000000002,1.0,16.14077669902913,0.2099999999999973,20648.0,True,True,27.366740088105725,"Gems, Jewellery And Watches",Consumer Discretionary,12.0,93,"Uptrend (price > 50 > 150 > 200-day, 200-day rising); Within 15% of 52-week high; ROE >= 20%; RS rating >= 80",4
VARROC,0.12520904589739026,0.3574800712019195,0.8763371844244758,0.7996264278874977,0.9105459329094496,1.0,1.0,1.494028838230577,0.51123802200306,0.024699894596654306,0.053609721229449514,0.03325421586628652,-0.020581229784517648,226401701.675,25.66257184334968,29.922320041429295,-2.1586803591913544,0.1190102519070095,3.0,44.92367257801584,-0.09999999999999964,1.0,12.921348314606742,-0.33000000000000185,20663.0,True,True,80.13766519823788,Auto Components & Equipments,Consumer Discretionary,20.0,93,ROE >= 20%; Net profit margin up vs a year ago,2
VBL,-0.029142109755404808,-0.10329209014582408,0.056625878677427854,-0.20450099697484636,0.765203310543361,0.0,0.0,-0.18503920254414996,1.3117615331386567,0.017149813351459986,0.022545275348034854,-0.009275953801929693,-0.021764638920915885,2077440210.3249998,15.077599399827935,20.43301122785317,-5.082907825751693,2.864938196840588,0.0,21.069445426898923,-0.8399999999999999,1.0,15.640004086219225,0.3299999999999983,20662.0,True,True,34.45374449339207,Other Beverages,Fast Moving Consumer Goods,,93,"Uptrend (price > 50 > 150 > 200-day, 200-day rising); Within 15% of 52-week high; Quarterly profit growth >= 25%; ROE >= 20%; RS rating >= 80; Net profit margin up vs a year ago",6
VEDL,0.07415932613675986,0.6313407954274826,0.11727287555048105,1.360080593175551,0.7001388888888889,0.0,0.0,0.041537845473432304,0.9896464392518576,0.018682002870762285,0.03942513109341639,-0.06284392754097379,-0.02173167626216591,2363065906.5,151.88783829489344,53.64351910625873,83.64087582399125,1.2182072959954688,3.0,15.011174927037363,8.530000000000001,1.0,50.543784741802945,-0.75,20664.0,True,True,68.58039647577093,Diversified Metals,Commodities,,93,"Uptrend (price > 50 > 150 > 200-day, 200-day rising); Within 15% of 52-week high; RS rating >= 80",3
VENKEYS,0.05372218869733929,0.11118598382749334,0.4084386744106594,0.2262514964094538,0.8887542013334068,0.0,0.0,0.3192057733224988,0.5644733345822317,0.021905433855028533,0.04716704751860323,0.009319782292288581,-0.029538356810035683,81498265.6,215.510048824562,29.168543478511943,-84.489951175438,0.6773219510619275,3.0,62.109065683422536,2.6399999999999997,1.0,8.709273182957393,0.1299999999999999,20679.0,True,True,63.45594713656388,Meat Products including Poultry,Fast Moving Consumer Goods,,93,"Uptrend (price > 50 > 150 > 200-day, 200-day rising); ROE >= 20%; RS rating >= 80",3
VENUSPIPES,0.21561958804182962,0.1635165471793758,0.7972035794183445,1.3246328763906736,0.9390945099876485,1.0,1.0,0.6155237870042746,1.2574168691280811,0.03116606009756583,0.10692826486817908,0.23434190078240125,-0.052494002761783745,209106546.2,6.646764382103165,15.965413697044252,-0.3469916871659873,0.3128716700039268,0.0,25.557729941392893,-0.7200000000000006,1.0,15.246636771300448,0.23999999999999844,20679.0,True,True,91.58590308370044,Iron & Steel Products,Industrials,10.0,93,Quarterly profit growth >= 25%; Sales growth >= 20% or 2+ strong quarters; ROE >= 20%; Net profit margin up vs a year ago,4
VERANDA,0.02878758910052321,0.11379057399596548,0.8148812191842221,-0.03776778617821697,0.7845871559633028,0.0,0.0,0.47791311868857395,3.203172879824764,0.02962693567834543,0.033508878221559346,-0.1040973508435229,-0.03440863893705311,62168306.76,300.0,41.51604050345414,192.3055610083264,0.28289265898767035,6.0,,20.049999999999997,1.0,13.569937369519833,0.45999999999999996,20651.0,True,True,55.7147577092511,E-Learning,Consumer Discretionary,,93,"Uptrend (price > 50 > 150 > 200-day, 200-day rising); Within 15% of 52-week high; 3-year profit growth >= 15%/yr; ROE >= 20%; RS rating >= 80",5
VGUARD,-0.04714427349087389,-0.06142270861833099,0.08887478178066965,-0.7760886553812297,0.7510198878123407,0.0,0.0,0.8104155961109167,0.6500639262714607,0.0169168786560555,0.016309412861136963,-0.08471690080885474,-0.04015995111324369,137815876.39999998,76.1875407630585,23.502810214995094,53.006418449454465,3.2276365525280144,3.0,23.86356642644374,2.1500000000000004,1.0,12.979351032448378,-0.21000000000000085,20649.0,True,True,26.60352422907489,Household Appliances,Consumer Discretionary,90.0,93,"Uptrend (price > 50 > 150 > 200-day, 200-day rising); Within 15% of 52-week high; ROE >= 20%; RS rating >= 80",4
VIDYAWIRES,,,0.8193419740777665,,0.7752023860247125,0.0,1.0,0.5000118961755534,2.5538735066239746,0.02159058654126582,0.0499826046619507,0.015559936679608866,-0.03541713866726628,76403889.14,41.676149768242276,33.50252574315136,-12.74951762622436,,8.0,,0.18000000000000016,1.0,12.083333333333334,-6.220000000000001,20676.0,True,True,,"Aluminium, Copper & Zinc Products",Industrials,,93,Within 15% of 52-week high; 3-year profit growth >= 15%/yr; ROE >= 20%; RS rating >= 80,4
VIJAYA,0.09855737080806179,0.4246340999809921,0.7401903877408871,1.0993124861064132,0.8960843373493976,1.0,0.0,0.11529201940610831,1.0747660305682938,0.02041019047677465,0.047138983522213795,-0.02044713707154855,-0.032101930922545194,159508942.3,37.61401124602397,22.82903483116192,3.0350449753502318,3.980205009379819,3.0,25.870002894662992,2.469999999999999,1.0,18.0773249738767,-0.05000000000000426,20671.0,True,True,75.34030837004406,Healthcare Service Provider,Healthcare,13.0,93,"Uptrend (price > 50 > 150 > 200-day, 200-day rising); ROE >= 20%; RS rating >= 80",3
VIKRAMSOLR,-0.16563348200182887,-0.48129012534393156,-0.04502729779929082,-1.1647546873436998,0.43552483069977427,0.0,0.0,0.14333934831696787,1.2044438845706538,0.028100242137068063,0.020927567697967442,-0.0871919457625836,-0.020154791567542338,301329621.02,-85.10885100877805,37.88969459588208,-106.99487921502235,-2.4951916844159183,0.0,,-10.49,1.0,14.780964387015445,-0.33000000000000007,20648.0,True,True,1.199339207048458,Other Electrical Equipment,Industrials,49.0,93,"Uptrend (price > 50 > 150 > 200-day, 200-day rising); Within 15% of 52-week high; Quarterly profit growth >= 25%; 3-year profit growth >= 15%/yr; ROE >= 20%; RS rating >= 80; Net profit margin up vs a year ago",7
VIKRAN,-0.10136776888729629,-0.43833754127014957,0.11445086705202323,-0.8637379236731783,0.4921452702702703,0.0,0.0,0.5343924027684959,3.172348184744154,0.025982912214206396,0.08639116494478083,-0.074021103483346,-0.03239248889555413,64578954.11,-89.42958335699399,-60.154776980441824,-155.69868942461795,,0.0,,-7.8100000000000005,1.0,7.431340872374798,-0.9300000000000006,20676.0,True,True,8.613436123348018,Civil Construction,Industrials,77.0,93,"Uptrend (price > 50 > 150 > 200-day, 200-day rising); Within 15% of 52-week high; Quarterly profit growth >= 25%; Sales growth >= 20% or 2+ strong quarters; 3-year profit growth >= 15%/yr; ROE >= 20%; RS rating >= 80; Net profit margin up vs a year ago",8
VIMTALABS,-0.0016049961271708962,-0.09584642710752833,0.7382453375361178,-0.45346701407028056,0.754,0.0,0.0,0.7536318753323006,0.7113858344641134,0.02661015615750626,0.021472392638036686,-0.05670428442056763,-0.02500104977462547,103164691.625,42.950378071756546,20.56851702869402,-66.9320266455734,1.330420002759987,2.0,16.873028542544045,3.0500000000000007,1.0,12.852664576802509,-0.23999999999999932,20112.0,True,True,44.81167400881058,"Healthcare Research, Analytics & Technology",Healthcare,41.0,93,"Uptrend (price > 50 > 150 > 200-day, 200-day rising); Within 15% of 52-week high; ROE >= 20%; RS rating >= 80",4
VINATIORGA,-0.08348590407946276,-0.23514362135131983,-0.006720531601600688,-1.260732979911893,0.6530623276933888,0.0,0.0,0.1098849632671255,1.16490321037577,0.01211148096944298,0.03764723997228403,-0.06591265459876228,-0.03445698065812932,52508348.900000006,4.486743807042859,28.403786187427336,3.7948405489916848,0.500461804658068,0.0,4.145068212554115,-3.5799999999999983,1.0,14.046187915216704,-0.7800000000000011,20663.0,True,True,14.174008810572687,Specialty Chemicals,Commodities,39.0,93,"Uptrend (price > 50 > 150 > 200-day, 200-day rising); Within 15% of 52-week high; Quarterly profit growth >= 25%; 3-year profit growth >= 15%/yr; ROE >= 20%; RS rating >= 80; Net profit margin up vs a year ago",7
VINCOFE,0.07337474596011136,0.17274535809018565,0.33713896869801907,0.4647033509494717,0.9351972824666841,1.0,0.0,0.4686769656700757,0.4952049110874598,0.026386084296747055,0.05505166475315737,0.08235712523044292,-0.030696797374841184,341128150.805,46.1125873437654,58.44897155791753,11.813280070922815,2.207057529591676,17.0,147.24899239513925,-1.0899999999999999,1.0,12.631578947368421,2.5199999999999996,20663.0,True,True,68.36233480176212,Tea & Coffee,Fast Moving Consumer Goods,44.0,93,"Uptrend (price > 50 > 150 > 200-day, 200-day rising); ROE >= 20%; RS rating >= 80; Net profit margin up vs a year ago",4
VINDHYATEL,0.2615904778868361,0.7478632478632476,1.6427692307692308,1.3011938711480557,0.8863374652848337,0.0,1.0,0.5432105732932188,0.7144016956919254,0.04028815091941484,0.07263157894736838,0.05217873770715897,-0.03991790262611812,155184094.85000002,22.668127877914213,-20.784114950634702,29.860364102136174,0.4898493110527282,1.0,4.602501895542277,3.7299999999999995,1.0,5.231866825208085,0.120000000000001,20648.0,True,True,94.20264317180616,Civil Construction,Industrials,77.0,93,Quarterly profit growth >= 25%; Sales growth >= 20% or 2+ strong quarters; 3-year profit growth >= 15%/yr; ROE >= 20%,4
VIPIND,-0.09926647852776377,-0.3080077457569199,0.00496277915632759,-0.9681478703840449,0.6276548177956629,0.0,0.0,-0.1353576202053734,1.2115528395220454,0.018191856523956624,0.02267651606253218,-0.07330083147113287,-0.020736009002612344,74816734.30000001,-100.0,3.015513955435245,0.0,-0.8908114424609231,0.0,86.9348015642083,-6.609999999999999,0.0,-116.95501730103805,-2.1300000000000026,20665.0,True,True,9.70374449339207,Plastic Products - Consumer,Consumer Discretionary,33.0,93,"Uptrend (price > 50 > 150 > 200-day, 200-day rising); Within 15% of 52-week high; Quarterly profit growth >= 25%; Sales growth >= 20% or 2+ strong quarters; ROE >= 20%; RS rating >= 80; Net profit margin up vs a year ago",7
VISHNU,0.08021895207533618,0.3496838670201916,0.35437986082685224,1.047899811006514,0.884744623655914,0.0,1.0,0.6889996536696396,1.0299684137128828,0.01884399181667032,0.04381775452960368,0.007361043095004849,-0.03327068822507461,59103486.474999994,23.048116365737737,24.930819785541345,11.594677480075855,1.2971585395384126,1.0,4.523573620749155,-0.1399999999999988,1.0,13.283442469597755,0.4299999999999997,20666.0,True,True,70.215859030837,Specialty Chemicals,Commodities,39.0,93,Quarterly profit growth >= 25%; 3-year profit growth >= 15%/yr; ROE >= 20%; RS rating >= 80; Net profit margin up vs a year ago,5
VIYASH,0.02435344025414181,0.32776512275373326,0.4347445574882398,0.40031994275992894,0.7776845637583892,0.0,0.0,-1.2216561406641169,0.7726158797304413,0.02327723184225176,0.023655013606866282,-0.10202610808234613,-0.035186090889837575,593482346.0999999,111.79296160735927,19.54423727957153,-188.20703839264073,1.8684240572573694,12.0,140.07011067381248,3.6500000000000004,1.0,7.729302645139128,-2.66,20652.0,True,True,54.73348017621145,Pharmaceuticals,Healthcare,21.0,93,"Uptrend (price > 50 > 150 > 200-day, 200-day rising); Within 15% of 52-week high; ROE >= 20%; RS rating >= 80",4
VMART,0.04368862950690391,0.1859135285913529,0.7818524727577536,0.09967892560474971,0.8402027027027027,0.0,0.0,-0.345907217249234,1.3517820282512727,0.01852869579619732,0.02290994240870825,-0.06606048012577692,-0.03015971078112347,66064069.05,40.477579763103776,22.99880255755631,-103.99803262829927,0.8221375840537675,8.0,64.83947983943281,0.54,1.0,13.038906414300735,-1.4200000000000088,20679.0,True,True,59.8579295154185,Diversified Retail,Consumer Discretionary,45.0,93,"Uptrend (price > 50 > 150 > 200-day, 200-day rising); Within 15% of 52-week high; ROE >= 20%; RS rating >= 80",4
VMM,-0.10150648052009532,-0.27733315246880086,0.01187084520417847,-1.0503523358237001,0.6538309896175581,0.0,0.0,-0.028349755245601998,1.2159787076161956,0.020958311193753444,0.034619581390735066,-0.06276727616621891,-0.019641818448399066,1032997622.0999999,25.557391347099024,18.682490956335652,-20.190476652787215,0.9629478869405269,2.0,,0.3800000000000008,1.0,11.317954944017266,0.4799999999999969,20657.0,True,True,8.395374449339208,Diversified Retail,Consumer Discretionary,45.0,93,"Uptrend (price > 50 > 150 > 200-day, 200-day rising); Within 15% of 52-week high; 3-year profit growth >= 15%/yr; ROE >= 20%; RS rating >= 80",5
VOLTAMP,0.09393023317692598,0.5063918966119456,0.24137931034482762,1.1410826719341907,0.8105418642618363,0.0,0.0,1.063220753792622,0.37109248621406127,0.021367481225303186,0.0468077139112526,-0.0007226693912134596,-0.019644242927030816,239422084.0,14.705476384392458,28.377166060720516,65.24832734656883,0.4665995676308233,0.0,12.27334678054941,-2.0,1.0,17.020089285714285,0.8999999999999986,20679.0,True,True,74.1409691629956,Heavy Electrical Equipment,Industrials,32.0,93,"Uptrend (price > 50 > 150 > 200-day, 200-day rising); Within 15% of 52-week high; Quarterly profit growth >= 25%; 3-year profit growth >= 15%/yr; ROE >= 20%; RS rating >= 80; Net profit margin up vs a year ago",7
VOLTAS,-0.08416425976121866,-0.12191211834147053,-0.053268384663733515,-0.7369453230585916,0.6655292259083728,0.0,0.0,-0.4797206011834546,1.6293110897111758,0.018287732905399937,0.02808533621388043,-0.13198279130334434,-0.029293215099844033,759279415.2,51.23271759434749,18.659516881718787,103.08441722032514,0.4858958220367737,1.0,11.657532324999288,0.98,1.0,5.803011292346299,-0.8499999999999943,20679.0,True,True,13.955947136563879,Household Appliances,Consumer Discretionary,90.0,93,"Uptrend (price > 50 > 150 > 200-day, 200-day rising); Within 15% of 52-week high; Sales growth >= 20% or 2+ strong quarters; 3-year profit growth >= 15%/yr; ROE >= 20%; RS rating >= 80",6
VTL,0.021416218140624773,0.44783653846153837,0.15008592705747548,0.8472094702378347,0.7692587209302325,0.0,0.0,1.2557478715302641,0.7113211189843501,0.01913698175068097,0.045246800731261416,-0.09601769533618587,-0.030001869613116985,118668721.05,51.4206742346369,13.305332696193094,71.80041249189104,1.915433951773492,1.0,12.217948559714142,2.9299999999999997,1.0,7.161879398896708,-0.9400000000000048,20664.0,True,True,53.098017621145374,Other Textile Products,Consumer Discretionary,15.0,93,"Uptrend (price > 50 > 150 > 200-day, 200-day rising); Within 15% of 52-week high; Sales growth >= 20% or 2+ strong quarters; 3-year profit growth >= 15%/yr; ROE >= 20%; RS rating >= 80",6
WAAREEENER,-0.11000931631043465,-0.25843147368119435,-0.1677921409736961,-0.9008691152500246,0.6292352371732817,0.0,0.0,-0.686152338140295,1.2568470808796783,0.01489959178314898,0.03546300040436701,-0.10308194841264662,-0.032482947735082736,1259594556.0,15.371503151683275,79.21587589220553,-58.572809918795485,0.4835280664054996,0.0,,-6.220000000000001,1.0,26.901232857736527,1.2700000000000014,20663.0,True,True,7.0870044052863435,Other Electrical Equipment,Industrials,49.0,93,"Uptrend (price > 50 > 150 > 200-day, 200-day rising); Within 15% of 52-week high; Quarterly profit growth >= 25%; 3-year profit growth >= 15%/yr; RS rating >= 80; Net profit margin up vs a year ago",6
WAAREERTL,-0.07738276157218078,-0.18309059958388507,0.1041799821040521,-0.61683201564364,0.5955817378497791,0.0,0.0,-1.0520738537785745,0.9229842439040121,0.014459010201517518,0.03800722198420958,-0.06980595655414157,-0.015595812947200891,88690785.15,37.71170497525216,53.22700973159369,-22.945685936139277,1.2196125977000474,6.0,110.85658312998339,-1.450000000000001,1.0,51.2847965738758,0.12999999999999967,20656.0,True,True,16.13656387665198,Other Electrical Equipment,Industrials,49.0,93,"Uptrend (price > 50 > 150 > 200-day, 200-day rising); Within 15% of 52-week high; RS rating >= 80; Net profit margin up vs a year ago",4
WABAG,0.09383888622860714,0.32223754185542663,0.7400207361327111,0.7539286571183185,0.8645536869340233,0.0,0.0,0.103567414934297,1.096704983807341,0.029032893670974443,0.060993825931089374,-0.007040704942162801,-0.039128679105170025,941910082.4000001,36.99834565978979,20.81743869209809,8.415003335892806,2.866616685834843,4.0,11.457601947465657,1.1999999999999993,1.0,14.40809968847352,2.2099999999999973,20655.0,True,True,73.92290748898678,Water Supply & Management,Utilities,42.0,93,"Uptrend (price > 50 > 150 > 200-day, 200-day rising); 3-year profit growth >= 15%/yr; ROE >= 20%; RS rating >= 80",4
WALCHANNAG,0.019911334571677146,0.0471180694056641,0.5952145841245726,-0.03843472236544958,0.6208993033565547,0.0,0.0,-0.33439759221415377,0.9806221137710258,0.024829273067611207,0.0707061022961506,-0.10137488542621442,-0.0269754634140581,104483222.55,100.0,83.7548047744285,0.0,0.37024305947401487,3.0,-40.7907157182158,22.32,1.0,-4.178272980501393,1.62,20679.0,True,True,52.22577092511014,Industrial Products,Industrials,6.0,93,"Uptrend (price > 50 > 150 > 200-day, 200-day rising); Within 15% of 52-week high; 3-year profit growth >= 15%/yr; ROE >= 20%; RS rating >= 80",5
WEBELSOLAR,-0.12617087510717742,-0.409152192878103,0.14862781375269818,-0.7657431688436951,0.49818709209572154,0.0,0.0,-0.7224262159553939,1.1671103916868462,0.02332675979447795,0.046980774438126094,-0.16516388063909315,-0.02710582627107795,138528328.70999998,15.754376889798593,70.33142857142857,-136.60638898619936,0.2957216358195241,0.0,157.36698594428105,-9.84,1.0,48.095238095238095,-0.27000000000000046,20675.0,True,True,4.688325991189427,Other Electrical Equipment,Industrials,49.0,93,"Uptrend (price > 50 > 150 > 200-day, 200-day rising); Within 15% of 52-week high; Quarterly profit growth >= 25%; RS rating >= 80; Net profit margin up vs a year ago",5
WEL,-0.18369230326999691,-0.4742797684854003,-0.1573900354388159,-0.8623217048332269,0.3906718247697924,0.0,0.0,-1.115161595091092,0.10157074637645663,0.055541965012825704,0.04994961854037716,-0.3059387251343111,-0.042338189692568425,85347344.94999999,256.3791593066506,50.93705570634612,294.61746542951516,0.8864676750756676,1.0,29.422333622721908,0.98,1.0,8.653846153846153,1.0,20677.0,True,True,0.4361233480176212,Household Appliances,Consumer Discretionary,90.0,93,"Uptrend (price > 50 > 150 > 200-day, 200-day rising); Within 15% of 52-week high; ROE >= 20%; RS rating >= 80",4
WELCORP,0.4632739141904427,1.9028077753779695,2.1421188630490953,4.563507648559728,0.898551724137931,1.0,1.0,1.0233181385591796,1.4904270531348847,0.03684967820393337,0.0812096085843188,0.16087919960012065,-0.054014858728156444,3132145858.5,200.19971128590862,14.912895714193208,180.29811721109596,4.00407822282526,1.0,84.60127890629052,15.85,1.0,17.693315858453474,1.8500000000000014,20658.0,True,True,98.56387665198237,Iron & Steel Products,Industrials,10.0,93,Sales growth >= 20% or 2+ strong quarters; ROE >= 20%,2
WELENT,0.12352919492080036,0.3152204306086306,0.6970535177390258,0.9330937437585108,0.8604941204418578,1.0,1.0,0.28054876789799515,0.8368287518125801,0.026290932119135052,0.06387708401438386,0.07062472936965469,-0.03659872519138878,255610897.425,-20.481007612463564,-8.440920655582506,-68.66696958619647,-0.9319046342332229,0.0,11.51716054265728,-1.7700000000000014,1.0,12.910643889618923,0.379999999999999,20665.0,True,True,80.02863436123347,Civil Construction,Industrials,77.0,93,Quarterly profit growth >= 25%; Sales growth >= 20% or 2+ strong quarters; 3-year profit growth >= 15%/yr; ROE >= 20%; Net profit margin up vs a year ago,5
WELSPUNLIV,0.255698509613598,0.6237826336034045,0.8317023633677991,2.1012133634459156,0.9766425742169954,1.0,1.0,2.2329627113568735,3.3323764803834073,0.022181489186913542,0.05208287511547072,0.25719085625856786,-0.04329921281935205,636778908.96,82.20473462977269,23.661288966941953,102.26089609073559,1.0227419328495304,1.0,-5.1282862778282094,1.87,1.0,4.331909701037217,0.41999999999999815,20678.0,True,True,93.76651982378856,Other Textile Products,Consumer Discretionary,15.0,93,3-year profit growth >= 15%/yr; ROE >= 20%,2
WENDT,-0.0044832597947864275,-0.12543835985972485,0.36804793653472867,-0.3528938511723834,0.8689972696611168,0.0,0.0,0.6033250888698021,1.1788176133644677,0.019530263271258955,0.05333819330538847,-0.01819057216166231,-0.022759758793332908,51298096.25,63.390930181832594,36.63024726854513,123.91292431672996,0.6792581242958999,1.0,-26.035340162376073,1.42,1.0,5.905511811023622,-0.6399999999999988,20641.0,True,True,43.39427312775331,Abrasives & Bearings,Industrials,56.0,93,"Uptrend (price > 50 > 150 > 200-day, 200-day rising); 3-year profit growth >= 15%/yr; ROE >= 20%; RS rating >= 80",4
WESTLIFE,0.006498804478328041,-0.20933552208978656,0.1508414710159982,-0.4049595740780144,0.7699004975124378,0.0,0.0,1.176509726586458,1.2127979138377534,0.030880128975650623,0.04319554110543433,0.05540210452258765,-0.026767656870147753,58555182.2,-52.90008699500679,11.86229338685887,-109.3676401335816,-0.06449710616893546,0.0,-43.220779668710044,-0.11,1.0,5.169628432956381,0.28000000000000114,20664.0,True,True,47.21035242290749,Restaurants,Consumer Discretionary,67.0,93,"Uptrend (price > 50 > 150 > 200-day, 200-day rising); Within 15% of 52-week high; Quarterly profit growth >= 25%; Sales growth >= 20% or 2+ strong quarters; 3-year profit growth >= 15%/yr; ROE >= 20%; RS rating >= 80; Net profit margin up vs a year ago",8
WEWORK,,,0.4838036675085098,,0.8302076777847703,0.0,0.0,-0.3153170999139588,1.233680023995162,0.018933723701960083,0.025359256128486996,-0.045589177942055414,-0.01588760467681025,118058408.25,79.26847107234506,27.744671311950107,-20.731528927654935,,2.0,,2.0500000000000003,0.0,25.16778523489933,-0.44000000000000483,20650.0,True,True,,Diversified Commercial Services,Services,62.0,93,"Uptrend (price > 50 > 150 > 200-day, 200-day rising); Within 15% of 52-week high; 3-year profit growth >= 15%/yr; RS rating >= 80",4
WHEELS,0.33155672941732556,0.7880088136379451,0.5460516420155428,3.133199432081146,0.8972377902321859,0.0,1.0,1.010656954890075,1.5073198823771232,0.04030824778521704,0.19995442634157445,0.2971657163493928,-0.029636643098491924,211263912.6,27.06929936555309,17.819043856183335,-25.394835864265634,1.1399431009577958,5.0,48.43252004607352,0.18999999999999995,1.0,15.177713736791546,-2.4200000000000017,20638.0,True,True,96.71035242290749,Auto Components & Equipments,Consumer Discretionary,20.0,93,ROE >= 20%,1
WHIRLPOOL,-0.05481058060962683,-0.3818287037037037,0.014499176902621258,-0.7882427025559133,0.5996172581767572,0.0,0.0,0.8200407492204852,20.57926016462062,0.0338630021693684,0.19998613133624588,0.07877910725441861,-0.09103241216646682,224084779.125,-29.67795541943098,12.104903960005252,-0.10159779343503672,-1.4342688121250997,0.0,8.241516412552574,-2.2399999999999998,1.0,7.089641913001682,-0.6500000000000057,20670.0,True,True,24.31387665198238,Household Appliances,Consumer Discretionary,90.0,93,"Uptrend (price > 50 > 150 > 200-day, 200-day rising); Within 15% of 52-week high; Quarterly profit growth >= 25%; Sales growth >= 20% or 2+ strong quarters; 3-year profit growth >= 15%/yr; ROE >= 20%; RS rating >= 80; Net profit margin up vs a year ago",8
WINDLAS,0.08862366815463202,0.0784491978609625,0.3686460807600951,0.4430857231018001,0.9158135206024198,0.0,1.0,1.0169322085616157,0.6823546102949711,0.02740845650691316,0.08751921455843692,0.0824075768530379,-0.016532726580475755,75788383.625,-1.8314294608183568,17.655764392481863,1.8295538034378445,-0.13581972127680766,0.0,15.96042947129046,-1.3299999999999992,1.0,11.359724612736661,-0.5200000000000014,20594.0,True,True,72.39647577092511,Pharmaceuticals,Healthcare,21.0,93,Quarterly profit growth >= 25%; Sales growth >= 20% or 2+ strong quarters; ROE >= 20%; RS rating >= 80; Net profit margin up vs a year ago,5
WIPRO,-0.09165099185113636,-0.2571241669733023,-0.03165636324877419,-1.3884105075721256,0.5834859025997803,0.0,0.0,-0.1299769720214213,11.47557233062385,0.01294508994419383,0.015531660692950977,-0.09348561182183512,-0.02308023154198289,1655114165.55,0.6095253225139041,10.58975540556415,2.4392434433315513,0.05752481978556504,0.0,4.3473852571746185,-1.3599999999999994,1.0,15.071745873050139,-2.1099999999999994,20650.0,True,True,11.557268722466961,Computers - Software & Consulting,Information Technology,80.0,93,"Uptrend (price > 50 > 150 > 200-day, 200-day rising); Within 15% of 52-week high; Quarterly profit growth >= 25%; Sales growth >= 20% or 2+ strong quarters; 3-year profit growth >= 15%/yr; ROE >= 20%; RS rating >= 80; Net profit margin up vs a year ago",8
WOCKPHARMA,0.11621474072624466,0.24193007180726123,0.5740409968529385,0.756029964143954,0.8602980638236387,0.0,1.0,0.4411085361085101,1.3439224786191588,0.02614678584893497,0.07079872859632919,0.03589107311336015,-0.04300023309386034,1480938305.1,100.0,25.880758807588066,0.0,2.213655832645011,5.0,-51.3208453727904,13.49,1.0,4.02834008097166,-1.5800000000000018,20654.0,True,True,78.82929515418502,Pharmaceuticals,Healthcare,21.0,93,3-year profit growth >= 15%/yr; ROE >= 20%; RS rating >= 80,3
WSTCSTPAPR,0.17867592032605706,0.3594009983361066,0.6070813867715763,1.3830760384838479,0.9364864864864865,1.0,1.0,0.6216428207886632,0.8302573045234098,0.026028957974012126,0.07237071672831319,0.12756264236902037,-0.02706742398870783,145970083.25,135.42281781484456,10.119939244749387,118.53036801515498,1.636317312881263,1.0,-41.21329398515442,7.180000000000001,1.0,4.323725055432372,-0.14000000000000057,20657.0,True,True,87.33370044052863,Paper & Paper Products,Commodities,,93,Sales growth >= 20% or 2+ strong quarters; 3-year profit growth >= 15%/yr; ROE >= 20%,3
XPROINDIA,-0.031000878932415685,-0.0533422237039507,0.12177777777777776,-0.10523916652581035,0.721488442976886,0.0,0.0,0.4301375109315701,0.38998603424907974,0.03612337642472288,0.13188941715090685,-0.06634673854093054,-0.04210265521631517,66607445.3,100.0,20.372670807453396,-1.7888683867635962,1.654266477000816,2.0,-5.031790431248351,8.15,1.0,2.635046113306983,-0.030000000000001137,20665.0,True,True,33.69052863436123,Packaging,Industrials,29.0,93,"Uptrend (price > 50 > 150 > 200-day, 200-day rising); Within 15% of 52-week high; 3-year profit growth >= 15%/yr; ROE >= 20%; RS rating >= 80",5
YASHO,0.3604141261315609,1.5259110269758636,2.3903446085437507,2.2924567977931365,0.8081698037645174,0.0,0.0,0.5825666547374754,0.7028473804448503,0.04481004894535774,0.05744949494949503,-0.0010098809924555807,-0.023713305939409034,150491328.6,300.0,54.923479661699574,156.03425775916128,3.2203546259018765,3.0,-3.056534100352526,9.88,1.0,5.63063063063063,0.28000000000000025,20650.0,True,True,97.36453744493393,Specialty Chemicals,Commodities,39.0,93,"Uptrend (price > 50 > 150 > 200-day, 200-day rising); Within 15% of 52-week high; 3-year profit growth >= 15%/yr; ROE >= 20%",4
YATHARTH,0.11292371443302988,0.2418625390152238,0.5795187555699586,0.8078130923116479,0.8730574324324325,1.0,1.0,0.8943304389971788,1.4872512780779144,0.02481976831201649,0.0917235060572128,0.09115705715881184,-0.06836873526353902,305077190.1,8.056930870578016,52.32571672421151,-7.382517554972967,0.6737093189938587,0.0,33.200772850420556,-4.739999999999998,1.0,9.550561797752808,-0.7899999999999991,20675.0,True,True,77.73898678414098,Hospital,Healthcare,50.0,93,Quarterly profit growth >= 25%; ROE >= 20%; RS rating >= 80; Net profit margin up vs a year ago,4
YATRA,-0.06230452879005932,-0.23568887994094356,0.2601239212215092,-0.5690463309876197,0.48925742574257425,0.0,0.0,0.14238202101223055,1.1790663890813973,0.02682856871273309,0.04947439483074545,-0.0989159273881054,-0.048601640748757356,96674241.525,-97.88724779574954,-10.44278156427243,-51.78927372946208,-1.632732999322235,0.0,64.07438086761088,-7.45,1.0,5.6558363417569195,0.14000000000000057,20677.0,True,True,21.370044052863438,"Tour, Travel Related Services",Consumer Discretionary,91.0,93,"Uptrend (price > 50 > 150 > 200-day, 200-day rising); Within 15% of 52-week high; Quarterly profit growth >= 25%; Sales growth >= 20% or 2+ strong quarters; ROE >= 20%; RS rating >= 80; Net profit margin up vs a year ago",7
YESBANK,-0.013483326405897316,0.042944785276073594,0.2811594202898551,-0.07236900610189993,0.8048875096974398,0.0,0.0,-0.13655881684839313,2.1496696952097514,0.015993986150607743,0.05291479820627809,-0.08142757222414054,-0.04883625478073081,1122322401.15,32.61886911133609,5.9157459544329605,-12.748769464995014,2.7380498187296327,3.0,69.978876819556,2.6799999999999997,1.0,6.865006450604011,1.9299999999999926,20652.0,True,True,39.90528634361234,Private Sector Bank,Financial Services,23.0,93,"Uptrend (price > 50 > 150 > 200-day, 200-day rising); Within 15% of 52-week high; ROE >= 20%; RS rating >= 80",4
ZAGGLE,-0.14462174751909157,-0.47756373937677055,-0.016269269749826676,-0.9087146141729774,0.42360631475086336,0.0,0.0,0.9954261136009619,0.2886077512412118,0.035558701563550225,0.03880040664181639,-0.09283863906250678,-0.023193791916148756,144447367.74,-32.84220247070061,27.502485164322053,-63.320270356195735,-2.1413211664935026,0.0,91.05533036684368,-3.7200000000000006,1.0,9.9002849002849,-3.710000000000001,20679.0,True,True,2.398678414096916,IT Enabled Services,Information Technology,38.0,93,"Uptrend (price > 50 > 150 > 200-day, 200-day rising); Within 15% of 52-week high; Quarterly profit growth >= 25%; ROE >= 20%; RS rating >= 80; Net profit margin up vs a year ago",6
ZEEL,-0.11958242094897659,-0.1953656645705918,0.29484336013307444,-0.8243965904215576,0.607689057879172,0.0,0.0,-0.20128872843116974,0.5788450788567319,0.03314964145459863,0.02829091848598364,-0.22622736349239136,-0.03220894526013397,1703639591.315,-48.204311401796076,4.521043402016667,51.795688598203924,-0.4456887394566778,0.0,-11.49420965833885,-3.97,1.0,2.310315430520034,-8.2,20675.0,True,True,5.778634361233481,TV Broadcasting & Software Production,Consumer Discretionary,,93,"Uptrend (price > 50 > 150 > 200-day, 200-day rising); Within 15% of 52-week high; Quarterly profit growth >= 25%; Sales growth >= 20% or 2+ strong quarters; 3-year profit growth >= 15%/yr; ROE >= 20%; RS rating >= 80; Net profit margin up vs a year ago",8
ZENSARTECH,-0.14144678652559278,-0.4146658415841584,-0.0808473423379652,-1.203962965402005,0.5284063260340632,0.0,0.0,1.0804651696325331,1.075572398035399,0.02718151281043812,0.035155790711346224,-0.07781316348195322,-0.01746231383718411,407998880.075,1.0290567012291918,8.902527075812273,-18.120926500311185,0.07621813107635127,0.0,24.833459403885037,-0.9500000000000011,1.0,16.422970968425513,-1.4600000000000009,20647.0,True,True,2.5077092511013217,Computers - Software & Consulting,Information Technology,80.0,93,"Uptrend (price > 50 > 150 > 200-day, 200-day rising); Within 15% of 52-week high; Quarterly profit growth >= 25%; Sales growth >= 20% or 2+ strong quarters; ROE >= 20%; RS rating >= 80; Net profit margin up vs a year ago",7
ZENTEC,-0.0005319337061930537,0.16142708061570565,0.3922595777951525,0.07527956545183516,0.7711992953956059,0.0,0.0,-0.040216576062962264,0.7414979051984284,0.02152340315990437,0.027180322345145003,-0.09991970605334122,-0.0279972121619765,525726858.0,-35.808642465255424,-10.479079762356225,22.653787912933332,-0.4253292714421553,0.0,30.119303337071624,-9.489999999999998,1.0,11.540497617787189,0.8399999999999999,20659.0,True,True,45.247797356828194,Aerospace & Defense,Industrials,22.0,93,"Uptrend (price > 50 > 150 > 200-day, 200-day rising); Within 15% of 52-week high; Quarterly profit growth >= 25%; Sales growth >= 20% or 2+ strong quarters; ROE >= 20%; RS rating >= 80; Net profit margin up vs a year ago",7
ZFCVINDIA,-0.003787121527155879,0.18099688040309103,0.11031215817524975,0.1272057405946643,0.7362023653088042,0.0,0.0,-0.6610680628920071,1.3246741163480233,0.016585599935786236,0.023685169440058385,-0.10156018223775265,-0.03942848040930529,210497970.0,-14.5907150993568,9.289023740210766,-30.125226604275802,-1.5238506410545158,0.0,12.469646359535048,-2.7399999999999984,1.0,14.010840108401085,-0.620000000000001,20638.0,True,True,43.72136563876652,Auto Components & Equipments,Consumer Discretionary,20.0,93,"Uptrend (price > 50 > 150 > 200-day, 200-day rising); Within 15% of 52-week high; Quarterly profit growth >= 25%; Sales growth >= 20% or 2+ strong quarters; 3-year profit growth >= 15%/yr; ROE >= 20%; RS rating >= 80; Net profit margin up vs a year ago",8
ZOTA,-0.028937628379807706,-0.29712176112668365,-0.03446656649135993,-0.30101593807113364,0.7286206896551723,0.0,0.0,0.23001082596473774,2.225886175482707,0.028862384486575646,0.12520751419833975,0.06572742327317371,-0.08740065874829143,58444665.75,-100.0,67.59992276501254,-28.3945813432494,-4.792002218019634,0.0,-7.573606611811867,-12.02,0.0,-10.662824207492795,0.05999999999999872,20678.0,True,True,34.56277533039648,Pharmaceuticals,Healthcare,21.0,93,"Uptrend (price > 50 > 150 > 200-day, 200-day rising); Within 15% of 52-week high; Quarterly profit growth >= 25%; 3-year profit growth >= 15%/yr; ROE >= 20%; RS rating >= 80; Net profit margin up vs a year ago",7
ZYDUSLIFE,0.030756113360839304,0.1272200772200771,0.3404499540863175,0.4458272185238491,0.9298758217677138,1.0,1.0,0.43917933673031706,2.7460241788626942,0.017129522508368855,0.03294642857142871,0.003952015001883913,-0.030970595584244663,1241436007.3,-34.068044305673205,21.955671843862667,-55.073266537276155,-4.042075757319736,0.0,17.936103340179322,-10.63,1.0,18.899380348185304,0.010000000000001563,20645.0,True,True,56.259911894273124,Pharmaceuticals,Healthcare,21.0,93,Quarterly profit growth >= 25%; ROE >= 20%; RS rating >= 80; Net profit margin up vs a year ago,4
ZYDUSWELL,-0.013893871004599004,0.08873790405600168,0.24029553184003727,0.040113497479075215,0.8061616409250633,0.0,0.0,0.5577650570478303,0.715116427181626,0.0232487867879118,0.04447996990784264,-0.0726744951175583,-0.04025796349331757,110978320.275,-7.105337664252254,66.91834127076315,-1.3148588061281163,-0.3537777087835326,0.0,-10.138550264254375,-6.59,1.0,3.381393752145554,0.41000000000000014,20647.0,True,True,39.79625550660793,Packaged Foods,Fast Moving Consumer Goods,74.0,93,"Uptrend (price > 50 > 150 > 200-day, 200-day rising); Within 15% of 52-week high; Quarterly profit growth >= 25%; 3-year profit growth >= 15%/yr; ROE >= 20%; RS rating >= 80; Net profit margin up vs a year ago",7
