,rs_ibd,mom_12_1,mom_6_1,ram,prox_high,new_high,trend,ud_vol,vol_surge,vol60,max_ret21,ext50,tight,turnover,np_yoy,sales_yoy,accel,sue,streak,ttm_cagr3,npm_chg,np_pos,roe,inst_chg,last_ann,universe,has_f,rs,industry,sector,group_rank,groups_total,failed,n_fail
360ONE,0.0020415796526944696,0.15241271086700658,0.20216901984857794,0.03608383487250249,0.8331985115677074,0.0,0.0,-0.4618694402405905,2.6590010023361486,0.01724657625469667,0.03213786679087094,-0.09162424640089184,-0.02287767969713747,879741671.0999999,16.126848424999316,34.519342593202104,0.42186864039468297,1.0316970984205642,0.0,22.60072621253815,-4.27,1.0,12.3627490849939,1.1700000000000017,20650.0,True,True,45.28839779005525,Stockbroking & Allied,Financial Services,21.0,93,"Uptrend (price > 50 > 150 > 200-day, 200-day rising); Within 15% of 52-week high; Quarterly profit growth >= 25%; ROE >= 20%; RS rating >= 80",5
3MINDIA,0.009167833412966116,0.11680911680911676,0.0795399319617689,0.2453318629112155,0.8456481724953984,0.0,0.0,-0.14364795128843275,6.707595920793891,0.017082810557702697,0.04810943744236096,-0.059910258846226916,-0.03379723179434831,88001152.5,21.655434347214133,-0.29438103766935564,-5.732843717723156,1.8173347070849244,2.0,37.526891767001835,2.709999999999999,1.0,27.154168607359107,-0.1999999999999993,19920.0,True,True,47.91381215469613,Diversified,Diversified,74.0,93,"Uptrend (price > 50 > 150 > 200-day, 200-day rising); Within 15% of 52-week high; Quarterly profit growth >= 25%; RS rating >= 80",4
63MOONS,0.053528447612394656,-0.1587730193875898,0.5964948242287589,-0.23369419303082506,0.8466517041599247,0.0,0.0,1.0378845640577345,0.6068143578602708,0.034551603265550075,0.05732207179232396,-0.01462660781519387,-0.036039240231474715,231202552.825,-100.0,300.0,0.0,-0.6394650783691775,0.0,,26.909999999999997,0.0,-1.5202702702702704,0.30000000000000004,20677.0,True,True,63.11933701657458,Computers - Software & Consulting,Information Technology,82.0,93,"Uptrend (price > 50 > 150 > 200-day, 200-day rising); Within 15% of 52-week high; Quarterly profit growth >= 25%; 3-year profit growth >= 15%/yr; ROE >= 20%; RS rating >= 80",6
AADHARHFC,-0.07031779853001896,-0.1256187540861119,0.02574778130820632,-0.6964985931286566,0.7744227353463587,0.0,0.0,-0.6559355812393338,1.2713451662323363,0.01442489226849642,0.02321778940483976,-0.08782412579658472,-0.028296637549257878,113141639.0,18.985760554858167,17.061237001579865,-7.989077065604079,3.7255947118680783,0.0,,0.46000000000000085,1.0,14.533881448083807,0.4399999999999977,20648.0,True,True,17.721546961325966,Housing Finance Company,Financial Services,85.0,93,"Uptrend (price > 50 > 150 > 200-day, 200-day rising); Within 15% of 52-week high; Quarterly profit growth >= 25%; Sales growth >= 20% or 2+ strong quarters; 3-year profit growth >= 15%/yr; ROE >= 20%; RS rating >= 80",7
AARTIDRUGS,0.0011788964688299527,-0.20189977706697693,0.24493498639250078,-0.5242885701444652,0.8069288389513108,0.0,0.0,0.40975686053406263,2.8602391771012323,0.01719956022005303,0.03740587806655338,0.022920153354935913,-0.010660978692680106,59792534.25,-4.295296870372067,19.012379129904655,7.736419028505126,-0.19266709346147917,0.0,2.3684550708781504,-1.790000000000001,1.0,12.588766946417044,0.019999999999997797,20679.0,True,True,44.63204419889503,Pharmaceuticals,Healthcare,17.0,93,"Uptrend (price > 50 > 150 > 200-day, 200-day rising); Within 15% of 52-week high; Quarterly profit growth >= 25%; Sales growth >= 20% or 2+ strong quarters; 3-year profit growth >= 15%/yr; ROE >= 20%; RS rating >= 80",7
AARTIIND,0.042021926335014295,0.356616220411331,0.25634882606612375,0.6117933678303256,0.8621658359764386,0.0,0.0,0.6415771616164109,0.6573013365159601,0.01924746636165704,0.03052874527905991,-0.05257539364825192,-0.02421083873905033,334076960.85,255.9914048434868,42.50746268656715,213.48268606431364,1.5462996257128354,4.0,2.8660233418485337,3.85,1.0,7.036104114189756,0.6099999999999994,20679.0,True,True,59.07182320441989,Specialty Chemicals,Commodities,37.0,93,"Uptrend (price > 50 > 150 > 200-day, 200-day rising); 3-year profit growth >= 15%/yr; ROE >= 20%; RS rating >= 80",4
AARTIPHARM,0.11081257040926279,-0.030115298571674387,0.3885193397388518,0.20738181826278362,0.9514664804469274,1.0,0.0,1.3167906522399184,1.0197444954589545,0.03558673418159914,0.06433260393873086,0.17241184323424608,-0.06471454933105977,326264399.25,53.78279078960875,38.73999844636058,84.60015194079348,1.2814531698623302,1.0,4.481237636644475,1.3900000000000006,1.0,8.239171374764595,-0.40000000000000036,20679.0,True,True,77.77790055248619,Pharmaceuticals,Healthcare,17.0,93,"Uptrend (price > 50 > 150 > 200-day, 200-day rising); 3-year profit growth >= 15%/yr; ROE >= 20%; RS rating >= 80",4
AAVAS,-0.0772409214609221,-0.2381297571583907,0.135806916426513,-0.8776319608162341,0.6839550764715842,0.0,0.0,-0.7062159246124899,0.8480987598455817,0.01858390031758282,0.031063795979979325,-0.08983034299404424,-0.02153416755134051,101777265.6,12.336345495060508,21.42142364740154,3.390430554287338,2.1086360575879244,0.0,19.30887173379423,-2.1099999999999994,1.0,13.013517095149748,-0.44999999999999574,19838.0,True,True,15.205524861878454,Housing Finance Company,Financial Services,85.0,93,"Uptrend (price > 50 > 150 > 200-day, 200-day rising); Within 15% of 52-week high; Quarterly profit growth >= 25%; ROE >= 20%; RS rating >= 80",5
ABB,0.05078408408995139,0.4415800101911791,0.2511875511875512,0.917564431425773,0.855069720487097,0.0,0.0,0.0917034471792035,0.9866610950873683,0.01799605096272713,0.021561604584527272,-0.08293385376205542,-0.02989801616480353,1400079464.75,8.04453015021933,21.03065156250532,33.25321757577821,0.12805219921567482,0.0,85.52828342535965,-1.25,1.0,21.286370597243494,0.09000000000000341,20665.0,True,True,62.35359116022099,Heavy Electrical Equipment,Industrials,34.0,93,"Uptrend (price > 50 > 150 > 200-day, 200-day rising); Quarterly profit growth >= 25%; RS rating >= 80",3
ABBOTINDIA,-0.009376952609313993,-0.14474772539288672,-0.01090491677826666,-0.5068679991851336,0.8848474963301256,0.0,0.0,-0.1781226202367136,2.1871035064639734,0.012510036091800842,0.052489386337321475,0.008218139377562217,-0.027148572853527855,189478520.0,17.121078654117294,4.333419622055401,9.51089326588528,3.2187192192161156,0.0,16.01767810745125,2.5799999999999983,1.0,32.50942605781316,-0.049999999999998934,20679.0,True,True,40.25635359116022,Pharmaceuticals,Healthcare,17.0,93,"Uptrend (price > 50 > 150 > 200-day, 200-day rising); Quarterly profit growth >= 25%; Sales growth >= 20% or 2+ strong quarters; RS rating >= 80",4
ABCAPITAL,0.058884603938357885,0.40470063475724816,0.3390024529844644,0.9368200708553798,0.8836777339215232,0.0,0.0,0.05159904471504491,1.3661689595842221,0.019670417261349122,0.05141025641025654,-0.05148781338782826,-0.026644518485131666,1003272474.025,43.28168965014956,28.169392035307904,26.247098932107594,1.6196499347397018,1.0,18.479147486326376,1.0600000000000005,1.0,11.224726934696722,0.5800000000000018,20654.0,True,True,64.21325966850829,Investment Company,Financial Services,83.0,93,"Uptrend (price > 50 > 150 > 200-day, 200-day rising); ROE >= 20%; RS rating >= 80",3
ABDL,0.12782895864899158,0.1630618769983072,0.5574864626621332,0.8563040269173031,0.9537012470151234,1.0,1.0,1.1923505709139672,12.313493959660725,0.022116283102300675,0.08493296770262027,0.1426291755872484,-0.05715387875532842,215227835.75,-18.64526069962529,6.076761372255812,33.7146530208382,-0.2815469472173626,0.0,,-1.4100000000000001,1.0,13.2291040288635,0.2599999999999998,20657.0,True,True,80.40331491712708,Breweries & Distilleries,Fast Moving Consumer Goods,47.0,93,Quarterly profit growth >= 25%; Sales growth >= 20% or 2+ strong quarters; 3-year profit growth >= 15%/yr; ROE >= 20%,4
ABFRL,-0.16788093158067083,-0.433880256438118,-0.08676599474145474,-1.358625565694786,0.49946085831356485,0.0,0.0,-0.32403870946777047,2.250588510157551,0.017865109428734254,0.050783574687562005,-0.1437792754657271,-0.03320113117580006,196034506.465,-100.0,10.59810206065106,0.0,-0.24741569127391028,0.0,-3.1632074751821393,0.4800000000000004,0.0,-14.212328767123289,-3.59,20669.0,True,True,1.0939226519337015,Speciality Retail,Consumer Discretionary,68.0,93,"Uptrend (price > 50 > 150 > 200-day, 200-day rising); Within 15% of 52-week high; Quarterly profit growth >= 25%; Sales growth >= 20% or 2+ strong quarters; 3-year profit growth >= 15%/yr; ROE >= 20%; RS rating >= 80",7
ABREL,-0.11346296195839707,-0.2660674643998051,0.1988148934288494,-0.9955360174221201,0.5907523510971787,0.0,0.0,0.14715848470778747,2.8745772300686956,0.01891132242607847,0.034407632784914766,-0.15998662753983872,-0.050450940041961316,161273950.0,-100.0,29.74031327287716,0.0,-0.3694693997859015,0.0,29.931288670654222,-2.960000000000001,0.0,-3.10726830586328,0.45000000000000284,20636.0,True,True,6.125966850828729,"Residential, Commercial Projects",Consumer Discretionary,53.0,93,"Uptrend (price > 50 > 150 > 200-day, 200-day rising); Within 15% of 52-week high; Quarterly profit growth >= 25%; ROE >= 20%; RS rating >= 80",5
ABSLAMC,0.022329169385544197,0.29731729879740976,0.16484855196854742,0.6049593807151391,0.812556127030778,0.0,0.0,0.001731897877191541,0.9001959540627713,0.022225450492942382,0.04121770059629659,-0.029074123210913294,-0.04182600519834903,185263530.85000002,11.683086408758768,3.4801850734258677,29.65971408042255,0.9491374793757581,0.0,14.183754570312622,4.909999999999997,1.0,24.12769116555308,1.370000000000001,20679.0,True,True,52.61767955801105,Asset Management Company,Financial Services,73.0,93,"Uptrend (price > 50 > 150 > 200-day, 200-day rising); Within 15% of 52-week high; Quarterly profit growth >= 25%; Sales growth >= 20% or 2+ strong quarters; 3-year profit growth >= 15%/yr; RS rating >= 80",6
ACC,-0.10157806507627362,-0.3205046311082721,-0.028834449178332333,-1.5915841957465022,0.6059889280322093,0.0,0.0,-0.42202871027685185,4.419587305039083,0.012356795045147828,0.022068965517241468,-0.07276353583502104,-0.015676944905156528,154832674.60000002,-56.39153092632417,-4.587143906177349,6.462332886896284,-0.4142676033238289,0.0,30.762542024804574,-3.35,1.0,10.398520753248016,-0.5999999999999979,20658.0,True,True,8.204419889502763,Cement & Cement Products,Commodities,87.0,93,"Uptrend (price > 50 > 150 > 200-day, 200-day rising); Within 15% of 52-week high; Quarterly profit growth >= 25%; Sales growth >= 20% or 2+ strong quarters; ROE >= 20%; RS rating >= 80",6
ACE,0.07398869233565249,-0.03886100051930075,0.4224413987447162,0.1979887852218412,0.9716088328075709,1.0,1.0,0.665802696481765,0.7991155841615515,0.022909493872272223,0.05005041708680902,0.08711765577901875,-0.039733506307471786,336916772.0,22.256624033247064,20.488283646178363,28.758304001549607,1.8109562724474153,1.0,30.7946636089506,0.22000000000000064,1.0,20.636499254102436,-1.0099999999999998,20654.0,True,True,67.8232044198895,Construction Vehicles,Industrials,,93,Quarterly profit growth >= 25%; RS rating >= 80,2
ACI,-0.07930718109921771,-0.31380309562513253,-0.2020874424720579,-0.9575123729165148,0.6747916666666667,0.0,0.0,0.22541889755429606,1.41226854196768,0.02103689077430939,0.03539823008849541,-0.03640002141994381,-0.02363015443148409,131505839.7,-24.356297003654216,11.916814885757265,52.907027862003375,-0.5072425468939659,0.0,-37.52001353538302,-4.450000000000001,1.0,5.426356589147287,-1.740000000000002,20664.0,True,True,14.22099447513812,Specialty Chemicals,Commodities,37.0,93,"Uptrend (price > 50 > 150 > 200-day, 200-day rising); Within 15% of 52-week high; Quarterly profit growth >= 25%; Sales growth >= 20% or 2+ strong quarters; 3-year profit growth >= 15%/yr; ROE >= 20%; RS rating >= 80",7
ACMESOLAR,0.13064480717304333,0.39784385324291427,0.49196392116105536,1.3908739974288187,0.920528412665129,1.0,1.0,0.6576951176865555,1.2694906021232633,0.020290967690016315,0.058230002431315375,0.10577116833917688,-0.04720310392676938,648537987.3,64.8116593675891,67.81478727151746,63.7034300720366,1.1593850984068483,1.0,,-0.5,1.0,9.83995257854179,12.840000000000002,20663.0,True,True,80.73149171270718,Power Generation,Utilities,75.0,93,3-year profit growth >= 15%/yr; ROE >= 20%,2
ACUTAAS,0.18133376058003461,1.1795738224950005,0.24188605108055006,2.7585397401238088,0.8768449197860962,0.0,1.0,-0.099566040082873,2.844522687621641,0.026594144127354884,0.06465543833672638,0.0037580476027525567,-0.024024290378388345,957152921.0,70.3855392421462,59.076433121019114,-43.73309337414558,1.307758893454357,8.0,62.22915603650048,1.5100000000000016,1.0,21.5235792019347,2.0799999999999983,20658.0,True,True,86.96685082872928,Pharmaceuticals,Healthcare,17.0,93,,0
ADANIENSOL,0.07076828856419967,0.5321586855475084,0.48263598326359847,1.0536284034567185,0.734823923979877,0.0,0.0,-0.6881113097570842,0.8959385929208042,0.021585649867262593,0.035549466397461815,-0.13122207829971722,-0.03221101298988569,2702171544.45,129.4723278258412,42.40623643551813,128.24135639041214,2.82027856572569,1.0,33.66322974792981,4.83,1.0,9.41125575175994,1.4499999999999993,20655.0,True,True,67.27624309392266,Power Distribution,Utilities,,93,"Uptrend (price > 50 > 150 > 200-day, 200-day rising); Within 15% of 52-week high; ROE >= 20%; RS rating >= 80",4
ADANIENT,0.04945500927022792,0.10188728692388027,0.5683488754799779,0.32741404290924386,0.8947303543913714,0.0,0.0,-0.04193134289729003,2.62405540346259,0.021574324028046786,0.051335884324946734,-0.03181982791909621,-0.02593530942026735,3096383828.3999996,-26.893501245403804,49.918856893065964,73.1064987545962,-0.20026197199746076,0.0,-4.153644735699668,-2.2800000000000002,1.0,12.296418950646268,3.1499999999999986,20663.0,True,True,61.69723756906078,Trading - Minerals,Commodities,,93,"Uptrend (price > 50 > 150 > 200-day, 200-day rising); Quarterly profit growth >= 25%; 3-year profit growth >= 15%/yr; ROE >= 20%; RS rating >= 80",5
ADANIGREEN,0.04578052808511282,0.0737549162578992,0.45933933933933946,0.30469316355025206,0.7833282255593013,0.0,0.0,-0.21305714016740313,1.2972218483637663,0.022414585658373284,0.04732381101867844,-0.03380912059997587,-0.019927669065774284,1704850362.0,17.664348200200774,16.605263157894747,-3.422836857129898,0.6144667432771809,0.0,23.889305629670066,0.1999999999999993,1.0,9.952416729276234,1.0,20679.0,True,True,60.60331491712707,Power Generation,Utilities,75.0,93,"Uptrend (price > 50 > 150 > 200-day, 200-day rising); Within 15% of 52-week high; Quarterly profit growth >= 25%; Sales growth >= 20% or 2+ strong quarters; ROE >= 20%; RS rating >= 80",6
ADANIPORTS,0.049868774748793636,0.10509156492785787,0.19083570040364783,0.826848918071042,0.9509280313045317,0.0,1.0,-0.26755785458209463,1.8456696552562373,0.018696938665749025,0.049301041247195476,0.04352478451152275,-0.01871810198601321,3066894300.65,10.23545679628841,18.569296548157265,-0.20640185565574853,1.0725154125767125,0.0,21.182043805515583,-2.5500000000000043,1.0,13.32027219958524,2.0700000000000003,20663.0,True,True,61.91602209944751,Port & Port services,Services,28.0,93,Quarterly profit growth >= 25%; Sales growth >= 20% or 2+ strong quarters; ROE >= 20%; RS rating >= 80,4
ADANIPOWER,0.046560250140709566,0.2195873113643363,0.2863825363825365,0.6961302305102454,0.8025177025963809,0.0,0.0,0.05678217114031991,1.7528490105780379,0.019495440072109998,0.03922567498726437,-0.01551243542919789,-0.02655767394906195,3205802565.13,47.2344117659991,33.96902010397509,-17.058123117096017,0.7514790987514973,2.0,-0.393849839910676,2.3200000000000003,1.0,19.974744752606373,0.41000000000000014,20656.0,True,True,60.71270718232044,Integrated Power Utilities,Utilities,69.0,93,"Uptrend (price > 50 > 150 > 200-day, 200-day rising); Within 15% of 52-week high; 3-year profit growth >= 15%/yr; ROE >= 20%; RS rating >= 80",5
ADOR,0.15733211470441033,0.6792555024865823,0.8744641090469385,1.506683453037908,0.9011548913043478,0.0,1.0,0.23441407930140384,0.6247638004381821,0.02365907384453066,0.018291889076943013,0.014399657405920419,-0.018207510807283337,54649917.150000006,100.0,22.87960609911053,30.767029337951968,2.2581282697047156,4.0,32.47849581731281,10.49,1.0,14.801444043321299,-1.4799999999999986,20635.0,True,True,84.77900552486189,Other Industrial Products,Industrials,5.0,93,ROE >= 20%,1
ADVENZYMES,-0.04688419586142718,-0.11508951406649615,0.10605490786009786,-0.40595863570289975,0.6720763723150358,0.0,0.0,0.13094700213889673,0.7678398644069518,0.018008680489490583,0.021716469770673985,-0.06662556637200401,-0.02281665482813751,58229097.55,-4.577961032930922,2.08703135925985,-73.54526032521949,-0.18550733500863065,0.0,11.276133369782704,-1.4200000000000017,1.0,10.661764705882353,0.5599999999999987,20643.0,True,True,26.36353591160221,Biotechnology,Healthcare,,93,"Uptrend (price > 50 > 150 > 200-day, 200-day rising); Within 15% of 52-week high; Quarterly profit growth >= 25%; Sales growth >= 20% or 2+ strong quarters; 3-year profit growth >= 15%/yr; ROE >= 20%; RS rating >= 80",7
AEGISLOG,0.2038404868350282,0.6168254171194782,1.0663398692810455,1.603210686617741,0.9027932229999345,1.0,1.0,0.2723377851869311,1.0711199685951929,0.036717430341464366,0.06177873519002919,0.0385734346144988,-0.03669548436416789,1014492797.3,210.70053099609757,37.0737636747489,167.68312931757984,7.6294958177331,4.0,40.1700887056508,12.920000000000002,1.0,18.28241123038811,-0.0899999999999963,20649.0,True,True,90.2486187845304,Trading - Gas,Energy,,93,ROE >= 20%,1
AEGISVOPAK,0.11808823076289035,0.08788050518134716,0.5634999127348888,0.4210634977960509,0.9247546346782989,1.0,1.0,0.6635702793221937,1.536051771773936,0.028343288935892608,0.05997778600518311,0.034341677069328114,-0.030029365348856002,257055004.3,-11.876284260072012,12.394826674359338,-27.155329537638217,-0.4627522734524051,0.0,,-8.180000000000003,1.0,7.9701701235143325,-0.13000000000000078,20649.0,True,True,78.76243093922652,Oil Storage & Transportation,Energy,,93,Quarterly profit growth >= 25%; Sales growth >= 20% or 2+ strong quarters; 3-year profit growth >= 15%/yr; ROE >= 20%; RS rating >= 80,5
AEQUS,,,0.9855355111327808,,0.9773736667249521,1.0,0.0,0.5833148835872375,9.904077286038728,0.025160909563437275,0.05710221499695178,0.15572706844461504,-0.06330922892299184,554475197.5999999,-100.0,54.771686817701614,0.0,,0.0,,-14.99,0.0,-7.599193006052454,-1.2700000000000014,20663.0,True,True,,Aerospace & Defense,Industrials,26.0,93,"Uptrend (price > 50 > 150 > 200-day, 200-day rising); Quarterly profit growth >= 25%; 3-year profit growth >= 15%/yr; ROE >= 20%; RS rating >= 80",5
AEROENTER,0.13319600845404403,0.6217640857444064,1.0822680102271018,0.805228869116786,0.7769423558897244,0.0,0.0,0.2576018616689367,0.6024016685043394,0.03817467763328355,0.09110782032296716,-0.050281469000114876,-0.06050272721945026,75495081.225,300.0,40.54134443783464,258.54820343620383,1.6069739615586245,2.0,19.4906826524732,44.22,1.0,10.278113663845224,0.72,20676.0,True,True,81.60662983425415,Iron & Steel Products,Industrials,8.0,93,"Uptrend (price > 50 > 150 > 200-day, 200-day rising); Within 15% of 52-week high; ROE >= 20%",3
AEROFLEX,0.2937342092613962,1.7259520597696376,1.1839797148439124,2.968379919826856,0.9185996747410768,0.0,1.0,0.61243250781471,0.9392422676178845,0.03359629832544324,0.051032333463186585,0.09308763645771156,-0.04510500813988506,528451192.90000004,162.03913198150124,72.39416577730344,104.9635556717975,3.199609769734618,2.0,22.904695697689004,4.42,1.0,12.527964205816556,-0.20000000000000018,20661.0,True,True,95.28066298342542,Iron & Steel Products,Industrials,8.0,93,ROE >= 20%,1
AETHER,0.23539821659190857,1.2827642056957753,0.4451232537275174,3.243089197583871,0.9451056729699666,1.0,1.0,0.8445412254625415,5.477121158908246,0.022546810719754565,0.07338112015550968,0.05378893958805908,-0.032529840661067094,347301884.25,27.981813463412863,27.249347309355887,23.189950497298373,0.824378474337764,1.0,22.78741337619725,0.10999999999999943,1.0,8.916938110749186,-1.0399999999999991,20665.0,True,True,92.87403314917127,Specialty Chemicals,Commodities,37.0,93,ROE >= 20%,1
AFCONS,-0.1460248513427105,-0.3726803557702867,0.012584190003544604,-1.3713768003158333,0.5168961201501878,0.0,0.0,0.5509079650014775,0.4352568611774994,0.01972701193944379,0.0344427244582044,-0.09370531158908801,-0.030234222036183266,207248993.52499998,-78.05107273061314,-20.750775876904093,21.948927269386857,-1.3507338731115952,0.0,,-2.95,1.0,4.605504587155964,-0.9299999999999997,20647.0,True,True,2.187845303867403,Civil Construction,Industrials,81.0,93,"Uptrend (price > 50 > 150 > 200-day, 200-day rising); Within 15% of 52-week high; Quarterly profit growth >= 25%; Sales growth >= 20% or 2+ strong quarters; 3-year profit growth >= 15%/yr; ROE >= 20%; RS rating >= 80",7
AFFLE,-0.05054800905376875,-0.23332693599462617,0.10497199363806109,-0.8298818500534109,0.7198666031443545,0.0,0.0,1.0325873390276932,0.5660953759465649,0.02424037709534469,0.06404686677198512,-0.06125512240338571,-0.021855777126473762,236468081.7,21.7112819803309,20.366014756580842,5.720473112649561,7.02353075836963,1.0,23.023586972227772,0.19000000000000128,1.0,12.458926615553121,-0.4200000000000017,20673.0,True,True,24.83204419889503,IT Enabled Services,Information Technology,40.0,93,"Uptrend (price > 50 > 150 > 200-day, 200-day rising); Within 15% of 52-week high; Quarterly profit growth >= 25%; ROE >= 20%; RS rating >= 80",5
AGARWALEYE,0.016624784529208143,0.11444082519001086,0.25247101891397206,0.14986381052866884,0.8438380281690141,0.0,0.0,-1.8604647670291974,0.47016835439501387,0.01718473600337732,0.01475343573160881,-0.047783658354392244,-0.017583992169474004,125607775.19999999,44.522727023170596,25.973493086044886,33.900975852748964,1.6897576914264822,1.0,,1.1500000000000012,1.0,8.292201382033564,-0.0799999999999983,20669.0,True,True,51.08618784530386,Hospital,Healthcare,51.0,93,"Uptrend (price > 50 > 150 > 200-day, 200-day rising); Within 15% of 52-week high; 3-year profit growth >= 15%/yr; ROE >= 20%; RS rating >= 80",5
AGI,0.04806909174421589,-0.09975640876928427,0.5772787318361956,-0.15345171972253305,0.8566560170394036,0.0,0.0,0.7119491275726765,0.9705992392525741,0.025853129097781466,0.09972485068116232,0.08485877550139653,-0.04911958278575034,82357303.9,11.808096853609262,14.194514731117124,-7.580072263074223,0.667268583030262,0.0,14.074337560128303,-0.2699999999999996,1.0,14.624013294557543,-1.4900000000000002,20662.0,True,True,61.15027624309392,Packaging,Industrials,23.0,93,"Uptrend (price > 50 > 150 > 200-day, 200-day rising); Quarterly profit growth >= 25%; Sales growth >= 20% or 2+ strong quarters; 3-year profit growth >= 15%/yr; ROE >= 20%; RS rating >= 80",6
AGIIL,-0.015250971383370088,0.19999999999999996,-0.03242233916143278,0.2129749288026847,0.6093462246777164,0.0,0.0,-0.06901382977973995,2.020830519438908,0.016092569064853558,0.042517945886250796,-0.08290255969621796,-0.020771353181427945,252998992.7,37.66384254322253,5.27235018011134,-31.914833841409674,2.542278611856563,8.0,26.629456128326346,6.719999999999999,1.0,20.474137931034484,0.6999999999999997,20678.0,True,True,37.84972375690607,"Residential, Commercial Projects",Consumer Discretionary,53.0,93,"Uptrend (price > 50 > 150 > 200-day, 200-day rising); Within 15% of 52-week high; RS rating >= 80",3
AIAENG,0.03347343590930235,0.3932977713780803,0.23106060606060597,0.8606839058613254,0.7469111969111969,0.0,0.0,-0.5125430927868473,5.403372272648553,0.016435319275838547,0.04666561563928728,-0.10225686452130267,-0.027360907930192836,182613277.35000002,-1.3560886967511676,12.424201590082195,-39.199598850103285,-0.0792596221858678,0.0,3.666593177569255,-3.6000000000000014,1.0,15.811113879890357,0.14999999999999858,20677.0,True,True,56.22762430939226,Castings & Forgings,Industrials,13.0,93,"Uptrend (price > 50 > 150 > 200-day, 200-day rising); Within 15% of 52-week high; Quarterly profit growth >= 25%; Sales growth >= 20% or 2+ strong quarters; 3-year profit growth >= 15%/yr; ROE >= 20%; RS rating >= 80",7
AIIL,-0.0065540526526225665,-0.06978672592789159,0.15435274747890504,-0.182938686590063,0.8002928257686677,0.0,0.0,0.707409687173379,0.562133007374961,0.0282122666329568,0.06256099941440585,-0.0036601726551563907,-0.02961104437853075,95274614.6,17.508674105298528,20.9368544929349,114.24405911306778,0.20357164683480644,0.0,74.18342654815216,-2.200000000000003,1.0,13.097501357957631,0.05999999999999872,20654.0,True,True,42.00662983425414,Non Banking Financial Company (NBFC),Financial Services,38.0,93,"Uptrend (price > 50 > 150 > 200-day, 200-day rising); Within 15% of 52-week high; Quarterly profit growth >= 25%; ROE >= 20%; RS rating >= 80",5
AJANTPHARM,0.0914882849125145,0.41534048489135134,0.2827736030485417,1.6652768481217708,0.9538461538461539,0.0,1.0,0.29550767784343424,3.621591534897664,0.012943654100792672,0.01869877049180335,0.02549345925045632,-0.008340584962369234,294693299.35,30.933010182539956,24.81940659425017,12.559722189443502,6.30232400102331,1.0,22.237269152285055,0.9599999999999973,1.0,23.326706428098078,2.860000000000003,20664.0,True,True,72.9646408839779,Pharmaceuticals,Healthcare,17.0,93,RS rating >= 80,1
AKUMS,0.1845993262624622,0.65027090194412,0.6373985453778857,2.2387891651745973,0.9757987601335242,1.0,1.0,0.6905504609177587,0.6131245258158713,0.02199484980174804,0.048168942197269304,0.09715263088756099,-0.034971182342186186,198699516.07500002,56.106603260362384,13.9253732800797,98.64041434554312,0.2906296537168519,1.0,,2.34,1.0,7.724803862401932,-0.3899999999999988,20673.0,True,True,87.40441988950276,Pharmaceuticals,Healthcare,17.0,93,Sales growth >= 20% or 2+ strong quarters; 3-year profit growth >= 15%/yr; ROE >= 20%,3
ALEMBICLTD,0.05016351682241465,-0.053579986581040906,0.3097227749038334,0.08765232117681607,0.9108902480462114,0.0,0.0,1.5387145501438315,1.31339765581789,0.02335923337238461,0.09356900339524676,0.10983001167479478,-0.025500707195157405,64581920.84,5.2760752917127896,-2.0301507537688446,7.201482457222685,0.2864102955408002,0.0,6.668310159136537,9.23999999999998,1.0,12.96523517382413,0.010000000000000009,20647.0,True,True,62.02541436464088,"Residential, Commercial Projects",Consumer Discretionary,53.0,93,"Uptrend (price > 50 > 150 > 200-day, 200-day rising); Quarterly profit growth >= 25%; Sales growth >= 20% or 2+ strong quarters; 3-year profit growth >= 15%/yr; ROE >= 20%; RS rating >= 80",6
ALIVUS,0.1131748414268956,0.42964658021866264,0.43321778140293654,1.4146186143447106,0.9233498460302584,0.0,1.0,0.8959935442240404,1.4704310006794719,0.02304328259456582,0.030984291684680754,0.03628071915312425,-0.015988505002330806,112957207.19999999,31.756949010980364,6.406912021267752,17.11550803592379,1.5109898873667627,1.0,7.982323192076368,4.809999999999999,1.0,16.92169216921692,0.14999999999999858,20679.0,True,True,78.21546961325967,Pharmaceuticals,Healthcare,17.0,93,Sales growth >= 20% or 2+ strong quarters; 3-year profit growth >= 15%/yr; ROE >= 20%; RS rating >= 80,4
ALKEM,-0.025852579537561062,-0.038777166561457355,-0.002806623631770977,-0.3180118133236978,0.8702283643717873,0.0,0.0,-0.13002481001583815,1.8343758476323484,0.012719519566808644,0.03352657004830917,-0.04439443459464265,-0.022457165952687777,609012573.75,-20.744622948061554,10.946148780531217,-23.62174150501254,-1.571307550273874,0.0,24.800456139325245,-5.57,1.0,17.011577424023155,1.5200000000000031,20664.0,True,True,33.69281767955801,Pharmaceuticals,Healthcare,17.0,93,"Uptrend (price > 50 > 150 > 200-day, 200-day rising); Quarterly profit growth >= 25%; Sales growth >= 20% or 2+ strong quarters; ROE >= 20%; RS rating >= 80",5
ALKYLAMINE,-0.012012036871394557,-0.010175854574194898,0.5503288201160541,-0.31952399447210883,0.8329550827423168,0.0,0.0,0.7960866208427649,0.33113080557655306,0.021287877787018038,0.026693698259841137,-0.07565591334661148,-0.029290437854893565,112730545.44999999,160.01798172923162,-1.1286586649820962,37.83444738586476,2.7830735938525892,4.0,56.57729797376505,12.990000000000002,1.0,37.5,0.13999999999999968,18436.0,True,True,39.16243093922652,Specialty Chemicals,Commodities,37.0,93,"Uptrend (price > 50 > 150 > 200-day, 200-day rising); Within 15% of 52-week high; RS rating >= 80",3
AMBER,-0.056483793505013695,-0.08198301307150169,0.15419569827325064,-0.4915999970640154,0.7435368843325162,0.0,0.0,0.17683252866983593,1.2362725410391913,0.01719060645807119,0.01673881673881672,-0.08117092355231925,-0.028019893800838087,1250267440.5,-23.26503031388051,12.71596025664441,-19.024343347243168,-0.8253947270180299,0.0,10.440206575104071,-0.98,1.0,5.169258920402562,-0.8700000000000045,20678.0,True,True,22.316022099447515,Household Appliances,Consumer Discretionary,90.0,93,"Uptrend (price > 50 > 150 > 200-day, 200-day rising); Within 15% of 52-week high; Quarterly profit growth >= 25%; Sales growth >= 20% or 2+ strong quarters; 3-year profit growth >= 15%/yr; ROE >= 20%; RS rating >= 80",7
AMBUJACEM,-0.10692672452811548,-0.32192359702501694,-0.018833312950960135,-1.336376146965835,0.6250522269574663,0.0,0.0,-0.31374680865455395,1.5069669478703533,0.014014143202347706,0.022556390977443552,-0.08581597035501631,-0.023116110788852992,628094515.075,-32.935123061527946,-7.6683837107590636,-89.20674041057336,-0.25637713806673457,0.0,27.542401237771962,-2.6900000000000004,1.0,9.498373970040609,-0.6600000000000001,20662.0,True,True,7.11049723756906,Cement & Cement Products,Commodities,87.0,93,"Uptrend (price > 50 > 150 > 200-day, 200-day rising); Within 15% of 52-week high; Quarterly profit growth >= 25%; Sales growth >= 20% or 2+ strong quarters; ROE >= 20%; RS rating >= 80",6
ANANDRATHI,0.09270457441520026,0.48281197443659596,0.4536701180505176,1.9724979034485268,0.9345794392523364,1.0,0.0,0.24341934749124688,5.169883810168331,0.010324905650025888,0.010211090251385002,-0.014016774737249382,-0.017943284153187775,417008836.2,73.56740023981685,17.506021458287723,33.1089268723463,17.175869389630147,23.0,36.80720583469266,16.349999999999994,1.0,39.73973973973974,1.8900000000000006,20643.0,True,True,73.51160220994475,Financial Products Distributor,Financial Services,,93,"Uptrend (price > 50 > 150 > 200-day, 200-day rising); RS rating >= 80",2
ANANTRAJ,0.015927925736272483,-0.09351546082257589,0.38097415961582426,-0.231191493350972,0.8053519800981644,0.0,0.0,0.4151033141572524,0.6468931165047546,0.020025519495183483,0.06699499023520405,-0.022507303856762917,-0.02202820634938238,959287355.8,18.5187285832447,6.581590452558195,-6.671211828423651,4.68409967541698,0.0,48.43514246654439,2.379999999999999,1.0,9.656244601831059,-0.370000000000001,20649.0,True,True,50.539226519337014,"Residential, Commercial Projects",Consumer Discretionary,53.0,93,"Uptrend (price > 50 > 150 > 200-day, 200-day rising); Within 15% of 52-week high; Quarterly profit growth >= 25%; Sales growth >= 20% or 2+ strong quarters; ROE >= 20%; RS rating >= 80",6
ANGELONE,0.023887613805821585,0.2877597737779971,0.21944999362434636,0.5591010444900146,0.760160909973644,0.0,0.0,-0.5080097564929981,0.8735552339354161,0.018510009996449448,0.04825174825174838,-0.06920178957845724,-0.034851821654856036,1196262561.25,102.1381572340224,25.353125301394975,18.705763960005456,0.8285004171995973,2.0,3.554869692991991,6.150000000000002,1.0,14.955867930696307,2.4100000000000037,20649.0,True,True,53.274033149171274,Stockbroking & Allied,Financial Services,21.0,93,"Uptrend (price > 50 > 150 > 200-day, 200-day rising); Within 15% of 52-week high; 3-year profit growth >= 15%/yr; ROE >= 20%; RS rating >= 80",5
ANTELOPUS,0.2609483354570452,0.3844660194174756,0.4795321637426899,1.3940421742627662,0.8721821984661864,1.0,1.0,1.621675873985066,4.3015776819771245,0.04890996601067121,0.1999621522740176,0.20561786443197105,-0.04041179336185826,173604807.875,300.0,158.81888208571988,142.3860941121395,4.760683066260819,3.0,73.56412004746848,24.99,1.0,13.740458015267176,0.8799999999999999,20679.0,True,True,93.74917127071822,Oil Exploration & Production,Energy,24.0,93,ROE >= 20%,1
ANTHEM,0.037940510249596535,0.08663381395631808,0.31051434441264925,0.15201855318715923,0.8783182445910696,0.0,0.0,0.21447930942122453,0.7938735799609362,0.01813550552570951,0.03521639325905612,-0.020489184995892917,-0.038298125427597,582405374.0,-11.680611787186624,-22.581958867847685,-140.52284533739765,-0.302041719038236,0.0,,3.539999999999999,1.0,19.46088099934254,3.2200000000000006,20636.0,True,True,57.64972375690608,Biotechnology,Healthcare,,93,"Uptrend (price > 50 > 150 > 200-day, 200-day rising); Quarterly profit growth >= 25%; Sales growth >= 20% or 2+ strong quarters; 3-year profit growth >= 15%/yr; ROE >= 20%; RS rating >= 80",6
ANURAS,0.005829481702002974,0.15514087083790695,0.02350461987356134,0.31430087644045274,0.8346289752650177,0.0,0.0,-0.36887139925195184,0.5398630993844804,0.011045590788734789,0.031960716747071016,-0.031139711130326098,-0.01793735553433412,265088042.5,5.74389533377937,34.816705431941216,16.722750939413235,0.10456970788706452,0.0,-0.31701275614496316,-2.1500000000000004,1.0,6.723198061780739,0.8399999999999999,20679.0,True,True,46.9292817679558,Specialty Chemicals,Commodities,37.0,93,"Uptrend (price > 50 > 150 > 200-day, 200-day rising); Within 15% of 52-week high; Quarterly profit growth >= 25%; 3-year profit growth >= 15%/yr; ROE >= 20%; RS rating >= 80",6
APARINDS,0.18964789158044307,1.040341171046565,0.6687405731523379,2.1492491622340215,0.9023617960031145,1.0,1.0,0.503941467243507,1.253439574512522,0.02947394789117649,0.05937868659064094,0.043907278166700925,-0.03598105419723001,2320002507.0,77.77471519138545,29.131140089652362,74.27100612737227,5.9167310513477975,1.0,19.13555456001439,1.9399999999999995,1.0,18.116076395327276,2.4599999999999937,20658.0,True,True,88.49834254143647,Other Electrical Equipment,Industrials,50.0,93,ROE >= 20%,1
APCOTEXIND,0.13261843364085965,0.5899138991389912,0.9513888888888888,1.079956865601922,0.8365168539325843,0.0,0.0,0.4758300647688962,0.3108326112223032,0.02946804897115872,0.0345979479837748,-0.024930094887595122,-0.018375605228935176,77236083.65,-33.241551742762496,36.291273584905646,-45.49389822743063,-0.3004038626842244,0.0,41.52115076038378,-4.01,1.0,20.855614973262032,-0.27000000000000046,17119.0,True,True,81.38784530386741,Rubber,Industrials,,93,"Uptrend (price > 50 > 150 > 200-day, 200-day rising); Within 15% of 52-week high; Quarterly profit growth >= 25%",3
APLAPOLLO,0.10454382766191146,0.3210932857991682,0.11942402577786737,1.08475723964135,0.951638133310159,0.0,0.0,0.31285386311898544,0.9759174403969337,0.018962671053949685,0.056597626250872723,0.04940809377734201,-0.017073659656036463,1221693933.65,10.814611571932797,8.451826677008833,-10.051606090729436,0.22918625388707728,0.0,19.802664232068334,0.10000000000000053,1.0,22.71096847272041,0.12999999999998835,20666.0,True,True,76.57458563535911,Iron & Steel Products,Industrials,8.0,93,"Uptrend (price > 50 > 150 > 200-day, 200-day rising); Quarterly profit growth >= 25%; Sales growth >= 20% or 2+ strong quarters; RS rating >= 80",4
APLLTD,-0.013999262432598854,-0.11185575235359824,0.2395516294261748,-0.45044543299282613,0.8271042084168337,0.0,0.0,0.7388803491228844,2.979498170312192,0.015079928569666223,0.02391041162227614,0.002040620610875399,-0.02071566779237276,97071771.69999999,12.230551462409277,25.664632435465773,-28.047529929739557,0.5587149033559001,0.0,11.996571011279865,-0.9600000000000009,1.0,11.823788546255507,-0.3299999999999983,20648.0,True,True,38.39668508287293,Pharmaceuticals,Healthcare,17.0,93,"Uptrend (price > 50 > 150 > 200-day, 200-day rising); Within 15% of 52-week high; Quarterly profit growth >= 25%; 3-year profit growth >= 15%/yr; ROE >= 20%; RS rating >= 80",6
APOLLO,0.13068285638151575,0.14146341463414647,1.0375745421922002,0.3531237772888127,0.8648445873526259,0.0,1.0,0.37330252089999966,1.8381917945845754,0.022747424489647516,0.055260085614217136,0.02704505302602178,-0.04130654279484837,2018743566.6,42.51045120906982,88.11947896391672,-121.11526634724214,1.1379245117733006,5.0,81.22697021619227,-3.210000000000001,1.0,8.14927646610815,3.8500000000000005,20673.0,True,True,80.84088397790055,Aerospace & Defense,Industrials,26.0,93,ROE >= 20%,1
APOLLOHOSP,0.0031728209806910768,0.15805570015616865,0.17876539939064773,0.3247703197308409,0.9002260073865829,1.0,0.0,-0.3738106442527674,5.689246152644831,0.013917318053159485,0.026427480052062746,-0.07409087301137329,-0.025488256917613212,2517479545.0,38.44959134829837,20.56452303110181,5.34554161177747,9.046568704441228,11.0,46.59043152715445,1.12,1.0,21.128691983122362,-0.1699999999999875,20668.0,True,True,45.835359116022104,Hospital,Healthcare,51.0,93,"Uptrend (price > 50 > 150 > 200-day, 200-day rising); RS rating >= 80",2
APOLLOPIPE,0.08303404222474883,0.6098844672657251,0.4643858010275572,0.6244648837550534,0.75934509569378,0.0,0.0,0.23449787355534574,0.8676769972537306,0.026161585055473686,0.03375487306266045,-0.07397614966631405,-0.04370663346069829,156286546.35,-100.0,7.4290909090909185,0.0,-2.5296395473657083,0.0,-31.163308428179548,-6.73,0.0,0.6105006105006106,-3.26,20647.0,True,True,70.99558011049724,Plastic Products - Industrial,Industrials,36.0,93,"Uptrend (price > 50 > 150 > 200-day, 200-day rising); Within 15% of 52-week high; Quarterly profit growth >= 25%; Sales growth >= 20% or 2+ strong quarters; 3-year profit growth >= 15%/yr; ROE >= 20%; RS rating >= 80",7
APOLLOTYRE,-0.05358724039583819,-0.10244351293323795,0.06425021214692683,-0.6181771328170796,0.7487511563367253,0.0,0.0,0.608437779736013,5.848067194814643,0.01413155865721402,0.04401950718685832,-0.051734035648426935,-0.021062487172964345,225437598.6,0.03097081423615311,12.758125583011726,-254.2357322435384,0.0003688889575035479,0.0,18.85538922978405,-0.5699999999999994,1.0,8.207705192629817,-0.5700000000000003,20640.0,True,True,23.409944751381218,Tyres & Rubber Products,Consumer Discretionary,84.0,93,"Uptrend (price > 50 > 150 > 200-day, 200-day rising); Within 15% of 52-week high; Quarterly profit growth >= 25%; Sales growth >= 20% or 2+ strong quarters; ROE >= 20%; RS rating >= 80",6
APTUS,-0.07115924122870705,-0.23028147231673368,0.2582161998179795,-0.8613560103079068,0.7003915662650603,0.0,0.0,-0.32573186423102435,2.887852715217602,0.018047536625664943,0.03821050892267008,-0.0916378176806587,-0.031552888470371895,240395105.425,19.02433973404303,15.382693268750236,-7.010698692533278,4.969480717292957,0.0,23.205279699920833,1.3299999999999983,1.0,18.636363636363637,0.09000000000000341,20648.0,True,True,17.502762430939224,Housing Finance Company,Financial Services,85.0,93,"Uptrend (price > 50 > 150 > 200-day, 200-day rising); Within 15% of 52-week high; Quarterly profit growth >= 25%; Sales growth >= 20% or 2+ strong quarters; ROE >= 20%; RS rating >= 80",6
AREandM,-0.06911795542740677,-0.11500520497694944,0.2721248396750746,-0.7954526713687358,0.737585532746823,0.0,0.0,-0.06505854556762146,0.8667826877381969,0.018548766057381007,0.0247730711043872,-0.13685812008831044,-0.026382172079367692,358536776.675,15.741683751395419,23.917696731626425,4.135966621335729,0.5608600639696671,0.0,-2.8688111951325923,-0.3199999999999994,1.0,11.063094209161624,-1.6099999999999994,20652.0,True,True,18.37790055248619,Auto Components & Equipments,Consumer Discretionary,15.0,93,"Uptrend (price > 50 > 150 > 200-day, 200-day rising); Within 15% of 52-week high; Quarterly profit growth >= 25%; 3-year profit growth >= 15%/yr; ROE >= 20%; RS rating >= 80",6
ARFIN,0.13984002283441518,0.8368077489997894,0.15582350602888573,2.2790862286633584,0.8398305084745762,0.0,1.0,0.2718218739635802,1.0010266190195374,0.02502183562758549,0.09204493351673548,0.022349788285675576,-0.029253318497019978,100681015.74,277.08585023484886,95.45287525261806,-22.914149765151137,1.1659013389409512,3.0,22.98145339311446,0.9199999999999999,1.0,8.823529411764707,-0.75,20676.0,True,True,82.153591160221,Aluminium,Commodities,3.0,93,Within 15% of 52-week high; ROE >= 20%,2
ARIS,0.061186511861177406,-0.1271243634578808,0.41210918114143924,-0.22258212645113706,0.8069545709478406,0.0,0.0,0.9655354908174951,2.462614958900856,0.030673526667285022,0.09216510769758846,0.07889393125912947,-0.061032072713265974,201638521.27,211.80725437688994,37.122783855149,111.80725437688994,1.624082303862539,4.0,,3.86,1.0,8.119079837618404,-4.81,20645.0,True,True,65.307182320442,Other Construction Materials,Commodities,,93,"Uptrend (price > 50 > 150 > 200-day, 200-day rising); Within 15% of 52-week high; 3-year profit growth >= 15%/yr; ROE >= 20%; RS rating >= 80",5
ARMANFIN,0.04410115394046111,0.362054738000275,0.40794711401762873,0.474164778338144,0.8080237190771797,0.0,0.0,-0.05859158377033968,5.317155333806372,0.02646883874533239,0.04424873231918869,-0.10833417684245394,-0.06338642422805661,57918376.599999994,100.0,33.62913907284768,-121.47830448959115,1.9292595900991112,3.0,-0.4690389681385354,32.05,1.0,6.102783725910064,1.1400000000000006,20677.0,True,True,60.275138121546966,Non Banking Financial Company (NBFC),Financial Services,38.0,93,"Uptrend (price > 50 > 150 > 200-day, 200-day rising); Within 15% of 52-week high; 3-year profit growth >= 15%/yr; ROE >= 20%; RS rating >= 80",5
ARSSBL,,,0.15954415954415957,,0.648046801283261,0.0,0.0,0.38116486043135434,2.3462830777471626,0.01663914693964678,0.03606796622537267,0.014573538362146365,-0.015931655192217557,65946177.55,70.78009996063696,22.37084182785538,-55.064447810657526,1.059401742818052,3.0,,4.49,1.0,9.56973293768546,-1.5900000000000007,20648.0,True,True,,Stockbroking & Allied,Financial Services,21.0,93,"Uptrend (price > 50 > 150 > 200-day, 200-day rising); Within 15% of 52-week high; 3-year profit growth >= 15%/yr; ROE >= 20%; RS rating >= 80",5
ARTEMISMED,0.15587196011192261,0.305411629245826,0.4702204520192663,1.140642250157807,0.9122228088701162,1.0,1.0,1.5016614163865876,23.987400299447625,0.025122402877955495,0.07514277126540425,0.07474542638359294,-0.036356207555158865,114411313.30000001,48.17939013057855,12.692187009727007,16.06268356217855,5.421436920989427,2.0,43.312770414822396,2.619999999999999,1.0,11.122994652406417,-0.40000000000000036,20642.0,True,True,84.45082872928177,Hospital,Healthcare,51.0,93,ROE >= 20%,1
ARVIND,0.12686609553207367,0.7636883034438977,0.5846285469841723,1.8130734050364872,0.8892365972165033,0.0,0.0,-0.09075305496244833,1.5044926522271067,0.021073220977193077,0.03182854537163715,-0.010064376069191083,-0.023832801315588053,347164946.79999995,32.416435857561886,24.65409306591173,29.011021013682203,0.6676784505205509,1.0,11.430230364523041,0.16999999999999993,1.0,10.558852621167162,2.3400000000000034,20677.0,True,True,80.2939226519337,Garments & Apparels,Consumer Discretionary,16.0,93,"Uptrend (price > 50 > 150 > 200-day, 200-day rising); 3-year profit growth >= 15%/yr; ROE >= 20%",3
ARVINDFASN,-0.08858406466304793,-0.17374235369305213,0.1831611975421623,-0.8310044321170604,0.6809314586994727,0.0,0.0,-0.1664144104790157,1.4953697081281483,0.017134511525172754,0.020895880869460814,-0.12460065341461102,-0.04231863989833533,79269543.6,11.390914132224328,15.459988621072696,-88.60908586777568,0.04334777272737982,0.0,35.284619673302984,-0.08000000000000007,1.0,19.51219512195122,0.5399999999999991,20655.0,True,True,11.595580110497238,Speciality Retail,Consumer Discretionary,68.0,93,"Uptrend (price > 50 > 150 > 200-day, 200-day rising); Within 15% of 52-week high; Quarterly profit growth >= 25%; Sales growth >= 20% or 2+ strong quarters; ROE >= 20%; RS rating >= 80",6
ASAHIINDIA,0.029265862784221365,0.03907230559345143,0.16515726349284043,0.1403442099986507,0.8927839851024209,0.0,0.0,0.3948752709168128,1.6145242630846954,0.014324852671894085,0.026136789673825822,0.025926072549348866,-0.012859331617952188,103646208.89999999,172.09440951980346,15.027589237755755,127.45446533678876,3.3481105804479308,3.0,7.7533179384124296,6.090000000000001,1.0,8.774160732451678,-0.08999999999999986,20670.0,True,True,55.133701657458566,Auto Components & Equipments,Consumer Discretionary,15.0,93,"Uptrend (price > 50 > 150 > 200-day, 200-day rising); 3-year profit growth >= 15%/yr; ROE >= 20%; RS rating >= 80",4
ASHAPURMIN,-0.04481186864763434,-0.13877021666158063,0.15879696160952572,-0.4270362158634265,0.5450859552384041,0.0,0.0,-0.1242340458833113,0.9606650401461477,0.027588318598083184,0.03223239156386781,-0.15885979328122268,-0.030075933383637628,215753665.975,-4.907301339060687,19.22069682864034,-58.50594763163895,-0.12044907819602617,0.0,32.65899757074424,-1.7000000000000002,1.0,25.227410551849605,-0.21000000000000085,20672.0,True,True,27.45745856353591,Industrial Minerals,Commodities,76.0,93,"Uptrend (price > 50 > 150 > 200-day, 200-day rising); Within 15% of 52-week high; Quarterly profit growth >= 25%; Sales growth >= 20% or 2+ strong quarters; RS rating >= 80",5
ASHOKA,-0.1270485619237209,-0.37776743223670595,0.10095185795350536,-1.1756862987009846,0.5023310023310024,0.0,0.0,1.6184103307725848,0.2145111696123415,0.016827683824340627,0.042555147058823684,-0.06753229670040561,-0.0200638650178761,64834052.3,-43.93630700251781,-20.532359689889624,21.355956426937993,-0.28415998206774806,0.0,50.82625309187003,-3.539999999999999,1.0,39.15488676090591,-1.879999999999999,20676.0,True,True,3.8287292817679557,Civil Construction,Industrials,81.0,93,"Uptrend (price > 50 > 150 > 200-day, 200-day rising); Within 15% of 52-week high; Quarterly profit growth >= 25%; Sales growth >= 20% or 2+ strong quarters; RS rating >= 80",5
ASHOKLEY,0.0058952403254385125,0.21938350458206046,0.07695137654056028,0.1911952653086514,0.7157645529662984,0.0,0.0,0.06957490232236048,1.160431480542359,0.018937652155478202,0.0276131635354937,-0.07584994953405921,-0.02760902326648727,2197359457.7,1.4948028596847518,11.62442114900748,-4.8241473700209925,0.08428557470675564,0.0,28.67218504610467,-0.5099999999999998,1.0,26.128783091075064,-1.2100000000000009,20656.0,True,True,47.03867403314917,Commercial Vehicles,Industrials,,93,"Uptrend (price > 50 > 150 > 200-day, 200-day rising); Within 15% of 52-week high; Quarterly profit growth >= 25%; Sales growth >= 20% or 2+ strong quarters; RS rating >= 80",5
ASIANENE,0.15964051965025014,0.35585909417685113,0.868436695066376,0.7210564427059688,0.8340993459430793,0.0,1.0,1.0109758549336325,0.501303968389262,0.03778098286600263,0.08157483391949971,0.03905856031428301,-0.046851554175343486,174800783.45,126.87250357722908,135.06110774031376,73.32630807443803,1.027674009061262,3.0,67.54170620789878,-0.16999999999999993,1.0,10.526315789473683,-0.49000000000000044,20678.0,True,True,85.10718232044199,Oil Equipment & Services,Energy,,93,Within 15% of 52-week high; ROE >= 20%,2
ASIANPAINT,-0.014998957675243042,0.08447423270260312,0.2021382622089336,-0.07438706057558102,0.8047024148440902,0.0,0.0,-0.10029912385620272,1.4693405198133707,0.0115623004352404,0.02144021398420204,-0.07577520095522972,-0.013190989564617036,1528751857.1999998,39.54414763020846,17.937920579959844,-4.139713789374284,1.417785853709172,2.0,1.3741956725505045,2.289999999999999,1.0,20.564289724873667,0.1700000000000017,20663.0,True,True,38.068508287292815,Paints,Consumer Discretionary,61.0,93,"Uptrend (price > 50 > 150 > 200-day, 200-day rising); Within 15% of 52-week high; 3-year profit growth >= 15%/yr; RS rating >= 80",4
ASIANTILES,-0.039673736400257203,-0.20189832689832687,-0.1551430517711172,-0.40750134681057004,0.6283835061978245,0.0,0.0,1.1721226899060253,0.260106518597638,0.03703045692897646,0.021361549211419417,-0.022928147457607073,-0.008911691919679455,257737486.70999998,11.759381737047692,36.758190809808376,-157.2908263717032,0.05817956043158026,0.0,-5.496549266605378,-0.3400000000000001,1.0,1.2483574244415243,0.33000000000000007,20676.0,True,True,28.770165745856353,Ceramics,Consumer Discretionary,35.0,93,"Uptrend (price > 50 > 150 > 200-day, 200-day rising); Within 15% of 52-week high; Quarterly profit growth >= 25%; 3-year profit growth >= 15%/yr; ROE >= 20%; RS rating >= 80",6
ASKAUTOLTD,0.13198699701752922,0.23230625583566766,0.504045584045584,0.520926938369036,0.9307837719936018,0.0,1.0,1.4043348291354518,0.7725948361522595,0.03319156912638672,0.06034900630150264,0.045023688945050155,-0.027580309947126142,180978582.375,28.933343805046597,52.375769951418725,4.678461300428218,3.2718599473408685,3.0,32.74930959084126,-1.1400000000000006,1.0,22.65446224256293,0.9299999999999997,20650.0,True,True,81.0596685082873,Auto Components & Equipments,Consumer Discretionary,15.0,93,,0
ASTERDM,0.0007071405993489994,0.1875589066918002,0.1317365269461077,0.3278064544968181,0.7821721081566252,0.0,0.0,-1.7667977550363547,1.4175831626043385,0.016701233398766793,0.03566258718252402,-0.11310390099433132,-0.027721934215939645,765220969.25,-10.293536094334199,21.599079666379083,-53.96979019792961,-0.40483975021952645,0.0,12.07321424827892,-2.3500000000000005,1.0,10.164246607950487,-11.379999999999999,20670.0,True,True,44.41325966850829,Hospital,Healthcare,51.0,93,"Uptrend (price > 50 > 150 > 200-day, 200-day rising); Within 15% of 52-week high; Quarterly profit growth >= 25%; 3-year profit growth >= 15%/yr; ROE >= 20%; RS rating >= 80",6
ASTRAL,-0.003176013499719921,0.05973266499582275,-0.05984806373911422,-0.15096649796201722,0.7748063549499633,0.0,0.0,-0.02484214389590221,0.9485518296476224,0.017316885268748815,0.020587604546429272,-0.06355447497140221,-0.022641206995762577,676172509.2,51.78087254726724,15.927123126652942,29.68015787909819,1.6265476673989585,2.0,6.719501930224991,1.7999999999999998,1.0,13.183834401182848,-0.6000000000000014,20666.0,True,True,43.209944751381215,Plastic Products - Industrial,Industrials,36.0,93,"Uptrend (price > 50 > 150 > 200-day, 200-day rising); Within 15% of 52-week high; 3-year profit growth >= 15%/yr; ROE >= 20%; RS rating >= 80",5
ASTRAMICRO,0.12957643750447623,0.5048324451269082,0.894904458598726,1.1597235205391625,0.8350510204081633,0.0,0.0,0.15098035295961545,1.4743497536553145,0.02509486766400882,0.03930570404377076,-0.04014985086460976,-0.022811998951293364,497222837.3000001,-24.139711309654544,-11.55059330095629,-68.3638410650909,-0.314707497291205,0.0,50.947654144387066,-1.1600000000000001,1.0,14.67680608365019,3.849999999999998,20675.0,True,True,80.51270718232044,Aerospace & Defense,Industrials,26.0,93,"Uptrend (price > 50 > 150 > 200-day, 200-day rising); Within 15% of 52-week high; Quarterly profit growth >= 25%; Sales growth >= 20% or 2+ strong quarters; ROE >= 20%",5
ATGL,-0.055276575045003044,-0.14074278995781175,0.17406917406917422,-0.4074414837132781,0.6907018666046403,0.0,0.0,0.8542928263406473,0.3685142151236382,0.021642317730212603,0.12555366269165247,-0.06445184817624039,-0.03772917297363507,381088443.525,-14.281728605655308,27.198276487400076,-23.13297007399853,-1.1493761332571302,0.0,4.238848312941723,-3.91,1.0,13.484069886947585,0.10000000000000142,20655.0,True,True,22.644198895027625,LPG/CNG/PNG/LNG Supplier,Energy,70.0,93,"Uptrend (price > 50 > 150 > 200-day, 200-day rising); Within 15% of 52-week high; Quarterly profit growth >= 25%; 3-year profit growth >= 15%/yr; ROE >= 20%; RS rating >= 80",6
ATLANTAELE,,,0.4777378597666815,,0.7470500789742637,0.0,0.0,0.10772966181186956,1.0504907452075596,0.029436111021688402,0.029972896848594388,-0.048175427880096655,-0.047335065483101256,186008600.29999998,50.38618350227158,47.98959093649835,-78.68896914350832,0.5961610762793519,3.0,,0.15999999999999837,1.0,21.743810548977397,-0.02999999999999936,20655.0,True,True,,Heavy Electrical Equipment,Industrials,34.0,93,"Uptrend (price > 50 > 150 > 200-day, 200-day rising); Within 15% of 52-week high; 3-year profit growth >= 15%/yr; RS rating >= 80",4
ATUL,-0.027305225077519247,0.021249400862757728,0.024358974358974272,-0.21756402402491543,0.8238857938718663,0.0,0.0,0.4433046403474704,1.1715085984776263,0.0154901300098907,0.021618580728120174,-0.08322071513588569,-0.018734511448155126,201005710.5,91.73195709694568,25.030446549391062,29.433342623463503,5.193045279316699,4.0,22.116590372440715,4.779999999999999,1.0,11.075389808712426,-0.020000000000003126,20643.0,True,True,33.14585635359116,Specialty Chemicals,Commodities,37.0,93,"Uptrend (price > 50 > 150 > 200-day, 200-day rising); Within 15% of 52-week high; ROE >= 20%; RS rating >= 80",4
AUBANK,0.06932096223331907,0.48458962618738477,0.23047295383743993,1.2761856491971941,0.8830521807534307,0.0,0.0,0.5177751292698552,2.246229787928905,0.01716265680871026,0.01965811965811981,-0.04432630822202899,-0.022242178230416517,1337658471.95,36.990578696887646,21.110258448214438,-28.186576690279857,2.1861236214052635,3.0,22.667168274438044,1.7400000000000002,1.0,13.22285084864567,0.21999999999998465,20679.0,True,True,66.72928176795581,Other Bank,Financial Services,29.0,93,"Uptrend (price > 50 > 150 > 200-day, 200-day rising); ROE >= 20%; RS rating >= 80",3
AURIONPRO,-0.1647445663234439,-0.4115499502157318,-0.07209211042784236,-1.0797903702067286,0.5016935483870968,0.0,0.0,-0.0940645838976364,0.6683146916283732,0.022790080262583147,0.02614379084967311,-0.12333732136641573,-0.03809944397468234,95992338.6,-11.020138532585877,6.309007778635478,-28.884922815730228,-1.6685581391596087,0.0,24.756811491990426,-2.4499999999999993,1.0,12.197928653624857,-0.05000000000000071,20661.0,True,True,1.5314917127071823,Computers - Software & Consulting,Information Technology,82.0,93,"Uptrend (price > 50 > 150 > 200-day, 200-day rising); Within 15% of 52-week high; Quarterly profit growth >= 25%; Sales growth >= 20% or 2+ strong quarters; ROE >= 20%; RS rating >= 80",6
AUROPHARMA,0.1012643112394251,0.5469862149743219,0.30649824988586216,1.9568125508708982,0.960919540229885,1.0,1.0,0.12078781512500719,1.288293863111605,0.015308511163726925,0.028606208155812496,0.018935626669786876,-0.01494216800332396,1322186151.0,28.05901394738779,16.296227570937983,26.065887409895836,1.7306602372669884,1.0,23.27190996312276,1.0599999999999987,1.0,9.244939431527275,0.36999999999999744,20670.0,True,True,75.69944751381215,Pharmaceuticals,Healthcare,17.0,93,Sales growth >= 20% or 2+ strong quarters; ROE >= 20%; RS rating >= 80,3
AVADHSUGAR,0.28323507744449794,0.9300462597314678,0.887662767600971,1.8144615169704483,0.9043851717902351,0.0,1.0,1.2698380240955498,1.4028662650863992,0.03624754841518412,0.0999861897527965,0.12661540909148483,-0.04660455510459162,89163274.0,100.0,8.741156277473095,123.18956464450032,0.5657376462381919,1.0,-13.182833671874395,1.2,1.0,5.0711743772241995,-0.28,20679.0,True,True,94.9524861878453,Sugar,Fast Moving Consumer Goods,27.0,93,Sales growth >= 20% or 2+ strong quarters; 3-year profit growth >= 15%/yr; ROE >= 20%,3
AVALON,0.27707250221936564,1.3455057567821318,1.4642300903332988,2.28205259212475,0.8772727272727272,1.0,1.0,0.5431479193509693,3.261269364347928,0.03775756988741528,0.13798206278026903,0.08966086576964694,-0.04798401437427801,813290294.35,145.17364420862611,49.828338127493744,75.71601725479778,2.2733081317822523,8.0,38.482316783169466,2.8,1.0,15.672676837725383,-0.060000000000002274,20669.0,True,True,94.51491712707183,Other Electrical Equipment,Industrials,50.0,93,ROE >= 20%,1
AVANTEL,-0.04707757490452224,-0.17265072066952514,0.2902835965194972,-0.44223062768319765,0.7165581395348838,0.0,0.0,0.42611537551902307,15.08873211466455,0.0200870867257872,0.06273517137579532,-0.021638764595084403,-0.037999460382670915,114090329.33000001,66.84609338076481,35.657869389327686,88.40640150008801,0.2353739146398581,1.0,-17.41346905512765,1.4300000000000006,1.0,4.437869822485207,1.2099999999999995,20645.0,True,True,26.14475138121547,Aerospace & Defense,Industrials,26.0,93,"Uptrend (price > 50 > 150 > 200-day, 200-day rising); Within 15% of 52-week high; 3-year profit growth >= 15%/yr; ROE >= 20%; RS rating >= 80",5
AVANTIFEED,-0.007229669090475677,0.19799535153980252,-0.3176402449114677,0.07966525089960329,0.4503701844648011,0.0,0.0,-0.23184167705081432,1.7317744960020933,0.022108296950642016,0.0643315745979276,-0.14934162265040896,-0.03567781682085655,226545336.25,-37.30785832570046,18.316051689241775,-30.70438200644594,-3.187622703434437,0.0,18.23131400903297,-5.430000000000001,1.0,19.993913572732804,0.08999999999999986,20657.0,True,True,41.78784530386741,Animal Feed,Fast Moving Consumer Goods,,93,"Uptrend (price > 50 > 150 > 200-day, 200-day rising); Within 15% of 52-week high; Quarterly profit growth >= 25%; Sales growth >= 20% or 2+ strong quarters; ROE >= 20%; RS rating >= 80",6
AVL,0.007252092612201097,0.07337563678612913,0.22751430907604253,0.2206225046050462,0.843049645390071,0.0,0.0,-0.011641185181671494,0.5737990169218803,0.014581357424655477,0.02561535252398839,-0.03123960907294987,-0.02592834139825728,93117976.5,39.81572271426359,26.849813343543616,3.5602859134553455,4.506305874352108,2.0,23.102003127898897,0.5999999999999996,1.0,16.9811320754717,0.9699999999999989,20679.0,True,True,47.366850828729284,Speciality Retail,Consumer Discretionary,68.0,93,"Uptrend (price > 50 > 150 > 200-day, 200-day rising); Within 15% of 52-week high; ROE >= 20%; RS rating >= 80",4
AWFIS,-0.17328562317706403,-0.5706823646463809,0.018289085545722727,-1.2065050330144724,0.38176415389427587,0.0,0.0,0.7825564780819834,0.8695579794896157,0.030843386092115947,0.17467948717948723,-0.08745957868371379,-0.05449394407139998,62577405.775,140.27816155106345,26.9554825216612,29.63417619790212,2.2122823596829297,3.0,,2.6599999999999997,1.0,12.839059674502712,-0.4399999999999977,20678.0,True,True,0.7657458563535912,Diversified Commercial Services,Services,67.0,93,"Uptrend (price > 50 > 150 > 200-day, 200-day rising); Within 15% of 52-week high; 3-year profit growth >= 15%/yr; ROE >= 20%; RS rating >= 80",5
AWL,-0.07652067561058609,-0.2597078046905037,0.038565264293419554,-1.166819750287028,0.6280664545775894,0.0,0.0,0.2749165766517291,3.531289447664746,0.013432222305728407,0.016821409066084092,-0.06184692814005133,-0.015932973456184742,283376163.0,47.962845997643264,17.524774820985243,-5.6688442273987505,0.5568454115472565,2.0,56.4416189780818,0.3600000000000001,1.0,10.009578544061302,-0.6699999999999946,20664.0,True,True,15.533701657458565,Edible Oil,Fast Moving Consumer Goods,80.0,93,"Uptrend (price > 50 > 150 > 200-day, 200-day rising); Within 15% of 52-week high; ROE >= 20%; RS rating >= 80",4
AXISBANK,-0.007940212219746012,0.11035189613939189,0.07865914371058746,0.19151887271392173,0.8644151448917718,0.0,0.0,0.033019140731033715,1.8122384357090815,0.015280260098518579,0.03025705857564276,-0.012208013200639467,-0.015310359847424602,6867326417.200001,22.156247252468695,9.872695049602264,20.40956511570777,1.6007567778276985,1.0,6.846649718726172,2.169999999999998,1.0,12.345839766364703,-2.7900000000000063,20652.0,True,True,41.569060773480665,Private Sector Bank,Financial Services,30.0,93,"Uptrend (price > 50 > 150 > 200-day, 200-day rising); Quarterly profit growth >= 25%; Sales growth >= 20% or 2+ strong quarters; 3-year profit growth >= 15%/yr; ROE >= 20%; RS rating >= 80",6
AXISCADES,0.1380947026285385,-0.007718798242489,0.14489278618894286,0.64929806381478,0.9811353942218899,1.0,0.0,0.5593587773578117,5.935971830466183,0.03148705342221222,0.09997339718010112,0.32296873425001915,-0.0583851252733845,264700654.4,-100.0,94.1649899396378,0.0,-0.35891528520015237,0.0,-15.066788092286155,-5.37,0.0,9.903713892709765,0.6200000000000001,20678.0,True,True,81.93480662983426,Aerospace & Defense,Industrials,26.0,93,"Uptrend (price > 50 > 150 > 200-day, 200-day rising); Quarterly profit growth >= 25%; 3-year profit growth >= 15%/yr; ROE >= 20%",4
AZAD,0.2354080595126693,0.773000433678211,0.9280468907902717,1.9298524374112265,0.9473448639662393,1.0,1.0,1.2497027742481104,8.59023278743376,0.0307668026383125,0.07100909684105483,0.1120752031849066,-0.034505895236056,1130957971.5500002,19.452157855767283,25.90269166241155,-28.906659246032575,1.5722532258623019,0.0,,-1.0999999999999979,1.0,8.763897972531067,-2.84,20672.0,True,True,92.98342541436465,Heavy Electrical Equipment,Industrials,34.0,93,Quarterly profit growth >= 25%; 3-year profit growth >= 15%/yr; ROE >= 20%,3
BAJAJ-AUTO,0.06101327222040211,0.35010295508932043,0.3627682282889564,0.9258449155582034,0.8720128307939053,0.0,0.0,0.3337320144745761,1.7985388721971727,0.014643216125057128,0.019043693322341237,-0.061728821164167225,-0.02717487077047711,2682811760.0,44.242694064824065,65.14316606197201,-47.92547523715611,1.4324092766960788,4.0,20.98225719405327,-2.129999999999999,1.0,27.230119489081172,-0.740000000000002,20655.0,True,True,65.19779005524862,2/3 Wheelers,Consumer Discretionary,31.0,93,"Uptrend (price > 50 > 150 > 200-day, 200-day rising); RS rating >= 80",2
BAJAJCON,0.14632520052168058,0.8675149700598803,0.35404170237075117,1.9061905370929715,0.7161127167630058,0.0,0.0,0.07587364289642688,1.3249037394774716,0.0289083640137245,0.05035600041275412,-0.02660412418924596,-0.024516001445928283,321738028.45000005,84.81467082608309,24.93507443578771,-20.549567086524988,2.0704952241094383,4.0,13.748901211458842,6.710000000000001,1.0,25.165562913907287,0.16000000000000014,20647.0,True,True,83.2475138121547,Personal Care,Fast Moving Consumer Goods,71.0,93,"Uptrend (price > 50 > 150 > 200-day, 200-day rising); Within 15% of 52-week high; 3-year profit growth >= 15%/yr",3
BAJAJFINSV,-0.04605372867940472,-0.030416426789483864,0.19254145276450108,-0.6884259187882754,0.7886104783599088,0.0,0.0,0.04636736796606178,1.5115231533830784,0.015868441898786795,0.01266864100032894,-0.10980693455769597,-0.038743565528230606,1456735341.25,18.179311808201494,19.1260085650095,8.231782632228702,3.601077069213893,0.0,16.145192432072776,-0.11999999999999922,1.0,25.2441763460181,0.01999999999999602,20644.0,True,True,26.691712707182322,Holding Company,Financial Services,66.0,93,"Uptrend (price > 50 > 150 > 200-day, 200-day rising); Within 15% of 52-week high; Quarterly profit growth >= 25%; Sales growth >= 20% or 2+ strong quarters; RS rating >= 80",5
BAJAJHFL,-0.06781600468592162,-0.25381882770870334,0.10771259063941985,-1.2451371373873756,0.7227853680035258,0.0,0.0,-0.33462068489479574,1.5883125066839834,0.010630468286913684,0.034824667472793225,-0.028801944291132142,-0.012597018752270912,197474566.275,22.614621452615392,17.100901858386443,8.578002687094077,2.573598577911252,1.0,,1.0500000000000007,1.0,11.366159037428407,-0.27,20679.0,True,True,19.034254143646407,Housing Finance Company,Financial Services,85.0,93,"Uptrend (price > 50 > 150 > 200-day, 200-day rising); Within 15% of 52-week high; Quarterly profit growth >= 25%; Sales growth >= 20% or 2+ strong quarters; 3-year profit growth >= 15%/yr; ROE >= 20%; RS rating >= 80",7
BAJAJHLDNG,-0.03297464232864738,-0.12220128156803622,0.27256830601092896,-0.6510896130806851,0.8117381489841986,0.0,0.0,0.19945981140537666,1.3729204869552307,0.016208938327755835,0.024704813805631165,-0.03476043484096092,-0.021483945983893683,433387473.0,31.196678610507146,21.45937288240003,-15.991627717047454,1.2504228810053286,2.0,18.592003140706638,50.97000000000003,1.0,13.38209159261791,0.030000000000001137,20642.0,True,True,31.39558011049724,Holding Company,Financial Services,66.0,93,"Uptrend (price > 50 > 150 > 200-day, 200-day rising); Within 15% of 52-week high; ROE >= 20%; RS rating >= 80",4
BAJFINANCE,-0.017672419056540177,0.030716723549488067,0.2526665086513393,-0.2100211258920455,0.8155389323359401,0.0,0.0,-0.2959238163337936,1.8212845754169322,0.020486836972885496,0.03409992069785894,-0.09532727200719682,-0.028158076240901216,6334381447.2,27.595729621466127,18.65187657371383,5.455839948490638,3.830942486136863,2.0,19.036178307387885,1.8399999999999999,1.0,16.958043491609576,0.07000000000000028,20644.0,True,True,36.75580110497238,Non Banking Financial Company (NBFC),Financial Services,38.0,93,"Uptrend (price > 50 > 150 > 200-day, 200-day rising); Within 15% of 52-week high; ROE >= 20%; RS rating >= 80",4
BALAMINES,0.14902792487775435,0.58867769725147,1.247412709159493,0.7990155792881668,0.8055745684082439,0.0,0.0,-0.07161862923940575,0.7879770623242407,0.03322228770937445,0.061854224133900404,-0.046080803732645004,-0.038376209029329034,380586465.04999995,113.88782250375642,27.233911927219978,53.61949362903904,2.2718532909056544,2.0,-13.480645988286266,6.9399999999999995,1.0,8.552631578947368,0.2999999999999998,20661.0,True,True,83.90386740331492,Specialty Chemicals,Commodities,37.0,93,"Uptrend (price > 50 > 150 > 200-day, 200-day rising); Within 15% of 52-week high; 3-year profit growth >= 15%/yr; ROE >= 20%",4
BALKRISIND,-0.04163194458457631,-0.08704185860204294,0.05984654731457795,-0.44432662704047643,0.7628828828828829,0.0,0.0,-0.26948183835349765,0.2492529983523409,0.023628453418305932,0.04353233830845782,-0.07159791287141559,-0.01988331754396434,411193123.6,56.33779472300478,25.1900348548199,75.08801711862301,1.3043720778624095,1.0,9.10891131613376,2.6000000000000014,1.0,11.345381526104417,-0.45000000000000284,20641.0,True,True,28.44198895027624,Tyres & Rubber Products,Consumer Discretionary,84.0,93,"Uptrend (price > 50 > 150 > 200-day, 200-day rising); Within 15% of 52-week high; 3-year profit growth >= 15%/yr; ROE >= 20%; RS rating >= 80",5
BALRAMCHIN,0.09890873950818344,0.3974811083123426,0.39481094127111827,0.8311515669500199,0.8487739291888085,0.0,1.0,0.4960545013368601,1.2215849499897113,0.03603814548824561,0.05166106756252331,0.00414017515076881,-0.020654888532775664,792654593.925,-14.207396058123967,6.128628579950335,16.14850132315277,-0.15765898459311986,0.0,2.4345507941913036,-0.6399999999999997,1.0,9.134847752537457,0.3200000000000003,20676.0,True,True,75.37127071823205,Sugar,Fast Moving Consumer Goods,27.0,93,Within 15% of 52-week high; Quarterly profit growth >= 25%; Sales growth >= 20% or 2+ strong quarters; 3-year profit growth >= 15%/yr; ROE >= 20%; RS rating >= 80,6
BALUFORGE,-0.02348224206545025,-0.01836861768368614,0.543129817692402,-0.43943736467525407,0.7320796460176991,0.0,0.0,0.6501259341241761,0.4157982755575456,0.03378580126652086,0.04096889952153093,-0.03214295464029304,-0.03436862409108112,434904294.2,15.875216862620256,28.949399656946827,11.03302597000555,0.8521291931317437,0.0,77.17129994182461,-2.4800000000000004,1.0,16.248431618569636,-0.9299999999999997,20677.0,True,True,34.896132596685085,Castings & Forgings,Industrials,13.0,93,"Uptrend (price > 50 > 150 > 200-day, 200-day rising); Within 15% of 52-week high; Quarterly profit growth >= 25%; ROE >= 20%; RS rating >= 80",5
BANCOINDIA,-0.06388119081240713,-0.23273218010060115,0.1763378162324838,-0.6095602362549818,0.6891338940668333,0.0,0.0,0.011727890527289977,0.9023377181869762,0.019342534422099655,0.018463873197875458,-0.027200831764949474,-0.021671264535943188,61068065.625,11.771116613407484,22.040223072086107,17.430453526846044,0.30112279327564145,0.0,21.339148757587555,-0.9499999999999993,1.0,28.6053412462908,-0.11999999999999922,20673.0,True,True,20.01878453038674,Auto Components & Equipments,Consumer Discretionary,15.0,93,"Uptrend (price > 50 > 150 > 200-day, 200-day rising); Within 15% of 52-week high; Quarterly profit growth >= 25%; RS rating >= 80",4
BANDHANBNK,0.00714498765180413,0.008698870997593922,0.0979786448190183,0.23727471781624979,0.8073473455336111,0.0,0.0,-0.08821214014899514,1.3576002154464024,0.03083975426086096,0.04177292046144521,0.028594974930053363,-0.035574724132731224,1441983067.4,34.93550576334199,2.8296390721764375,-33.101536799875376,0.2847009859921088,2.0,-12.626745394324079,2.12,1.0,4.785923753665689,1.7100000000000009,20679.0,True,True,47.25745856353591,Private Sector Bank,Financial Services,30.0,93,"Uptrend (price > 50 > 150 > 200-day, 200-day rising); Within 15% of 52-week high; 3-year profit growth >= 15%/yr; ROE >= 20%; RS rating >= 80",5
BANKBARODA,-0.03703422940026106,-0.05777356553330959,-0.08336534767575876,-0.32362117279771385,0.708294930875576,0.0,0.0,-0.32368638546757855,1.425174032566914,0.013646586885066871,0.015036309269542913,-0.042354872421980216,-0.013673862080304255,1804690488.0500002,67.44996991024391,6.840469769803792,59.691734142547986,3.633037430681551,1.0,8.58220244079746,6.07,1.0,12.099910170073974,-0.14000000000000057,20658.0,True,True,29.754696132596685,Public Sector Bank,Financial Services,57.0,93,"Uptrend (price > 50 > 150 > 200-day, 200-day rising); Within 15% of 52-week high; Sales growth >= 20% or 2+ strong quarters; 3-year profit growth >= 15%/yr; ROE >= 20%; RS rating >= 80",6
BANKINDIA,-0.00298173839507547,0.1660215762167503,-0.02344989309607559,0.2172415880827511,0.7302085669432609,0.0,0.0,-0.046126494046392366,1.6195517672383917,0.017364236065464955,0.019268666520692035,-0.07425967073099649,-0.029457698412936616,770146678.91,49.844007875368405,8.828312289044927,31.132608517174504,3.2738456289357396,1.0,35.42832704105765,4.500000000000002,1.0,11.459792347539963,-0.389999999999997,20658.0,True,True,43.319337016574586,Public Sector Bank,Financial Services,57.0,93,"Uptrend (price > 50 > 150 > 200-day, 200-day rising); Within 15% of 52-week high; Sales growth >= 20% or 2+ strong quarters; ROE >= 20%; RS rating >= 80",5
BASF,-0.061452855636980774,-0.17649360813983828,0.15081728140001216,-0.8269086053054822,0.7138450071430051,0.0,0.0,0.954182310515223,0.36820785110729315,0.018047282465103242,0.016113376043486838,-0.08883718521039874,-0.02527655109639469,62708018.8,152.8817385464096,24.51181301522245,-49.82089654393235,2.669594795977278,2.0,95.87118218034503,3.66,1.0,10.614101592115238,-0.129999999999999,20651.0,True,True,20.45635359116022,Specialty Chemicals,Commodities,37.0,93,"Uptrend (price > 50 > 150 > 200-day, 200-day rising); Within 15% of 52-week high; ROE >= 20%; RS rating >= 80",4
BATAINDIA,-0.13669958542513203,-0.4436200570729719,0.07949062722455125,-1.6060090663241418,0.49979806138933763,0.0,0.0,0.547755296867954,0.3483870364361341,0.014237079580932422,0.0103661719740471,-0.09194439104139862,-0.019042228514008528,101044916.575,16.00024351174374,3.9390561129691637,74.5760973532736,0.5174466116587896,0.0,-17.57054366467279,0.6799999999999997,1.0,8.401253918495298,-1.2199999999999989,20652.0,True,True,2.9535911602209945,Footwear,Consumer Discretionary,,93,"Uptrend (price > 50 > 150 > 200-day, 200-day rising); Within 15% of 52-week high; Quarterly profit growth >= 25%; Sales growth >= 20% or 2+ strong quarters; 3-year profit growth >= 15%/yr; ROE >= 20%; RS rating >= 80",7
BBL,-0.10533860277430669,-0.2350390005502152,0.10707761487657508,-0.8907099229803127,0.6142480211081793,0.0,0.0,-0.442058353372145,1.1184625889239312,0.017427275571145737,0.015272062185642366,-0.09749562790216848,-0.022689704713748125,51022361.55,-29.578393202839315,17.69627876962787,-7.6089907273576,-0.8417128599019605,0.0,6.620505517923325,-2.41,1.0,5.914243469689502,-0.5799999999999983,20679.0,True,True,7.438674033149171,Heavy Electrical Equipment,Industrials,34.0,93,"Uptrend (price > 50 > 150 > 200-day, 200-day rising); Within 15% of 52-week high; Quarterly profit growth >= 25%; Sales growth >= 20% or 2+ strong quarters; 3-year profit growth >= 15%/yr; ROE >= 20%; RS rating >= 80",7
BBOX,0.14144380043671984,0.5029651221228264,0.6196923743500866,1.3410691906524723,0.7296464188576609,0.0,1.0,0.21048846250889225,2.461045115633761,0.03020643086996012,0.08704808704808698,0.05028116684567219,-0.03257931254440698,248618645.225,20.760948067388174,23.923734802486397,18.92830139028665,1.0261524792322787,1.0,55.54475640911265,-0.10999999999999943,1.0,16.93861693861694,1.8500000000000014,20677.0,True,True,82.4817679558011,IT Enabled Services,Information Technology,40.0,93,Within 15% of 52-week high; Quarterly profit growth >= 25%; ROE >= 20%,3
BDL,-0.09654843571671652,-0.20082737871380218,0.12147066584572075,-0.8173023695800661,0.6796253214154523,0.0,0.0,0.08729149408385856,1.5463686001052321,0.018526058766895358,0.03880545186214057,-0.11567660577865235,-0.03286688828399376,1244248764.0,300.0,130.80708264429478,358.50547297920787,1.374451490923991,1.0,13.713270282951683,13.360000000000001,1.0,9.903324687573685,0.22999999999999865,20679.0,True,True,9.517127071823204,Aerospace & Defense,Industrials,26.0,93,"Uptrend (price > 50 > 150 > 200-day, 200-day rising); Within 15% of 52-week high; 3-year profit growth >= 15%/yr; ROE >= 20%; RS rating >= 80",5
BECTORFOOD,-0.015147103240390973,-0.16423572744014736,0.2514339289653651,-0.5689665568549267,0.7386209360485889,0.0,0.0,0.41078729990503465,0.3746157170764159,0.034090484257286294,0.05079227262860875,-0.0923347640087947,-0.05802366395068375,355048244.645,25.441616138277155,16.02461096075778,22.052591573746902,3.1475630720674017,1.0,9.859511204402649,0.5299999999999994,1.0,11.093627065302911,-1.5700000000000003,20672.0,True,True,37.95911602209945,Packaged Foods,Fast Moving Consumer Goods,77.0,93,"Uptrend (price > 50 > 150 > 200-day, 200-day rising); Within 15% of 52-week high; Sales growth >= 20% or 2+ strong quarters; 3-year profit growth >= 15%/yr; ROE >= 20%; RS rating >= 80",6
BEL,-0.020515984268778098,0.02472493509704532,0.023965410747374793,-0.1552530141765203,0.8201499630372796,0.0,0.0,-0.16771663649999968,1.2207381441391838,0.013298201035200276,0.025145819831497107,-0.0324381164064409,-0.018890926049685345,3882477777.0,8.799636265651433,24.939298247194653,4.165608255206598,0.7943370478233841,0.0,24.850579939500996,-2.8199999999999967,1.0,25.270968817742208,-0.47000000000000597,20661.0,True,True,35.99005524861878,Aerospace & Defense,Industrials,26.0,93,"Uptrend (price > 50 > 150 > 200-day, 200-day rising); Within 15% of 52-week high; Quarterly profit growth >= 25%; RS rating >= 80",4
BELRISE,0.09047098056669976,0.4533058109714143,0.22380826968659484,1.3993263349102867,0.8961968680089486,0.0,1.0,0.45584312143711536,1.0247336993599307,0.018698228792403855,0.04712909273226673,0.013213593485352115,-0.035479806231887186,760175977.385,8.919739496615975,12.56558851742322,-8.42665517758665,0.3587174239317749,0.0,,-0.16000000000000014,1.0,9.510141599693839,5.810000000000002,20679.0,True,True,72.74585635359117,Auto Components & Equipments,Consumer Discretionary,15.0,93,Quarterly profit growth >= 25%; Sales growth >= 20% or 2+ strong quarters; 3-year profit growth >= 15%/yr; ROE >= 20%; RS rating >= 80,5
BEML,0.012946737499087396,-0.1067177263080189,0.34741457303918133,-0.2074880936080081,0.8754915961770845,0.0,1.0,0.7443232515944972,0.5536898647129653,0.021672862302009745,0.06044802066259369,0.033908718791773707,-0.02850030750498581,465367973.40000004,-37.47802168336658,29.279641634726094,62.52197831663342,0.8625997699441887,0.0,2.57804438481557,6.81,0.0,4.805725971370143,0.5799999999999983,20672.0,True,True,49.33591160220995,Construction Vehicles,Industrials,,93,Quarterly profit growth >= 25%; 3-year profit growth >= 15%/yr; ROE >= 20%; RS rating >= 80,4
BEPL,0.08752747230794285,0.14918857359779825,0.4486182557722216,0.5066701691011591,0.8981949458483754,0.0,1.0,-0.07276469819643736,0.3301126942621195,0.03145236554560289,0.05518763796909498,0.0031271116873985427,-0.025781719959193036,158092940.075,42.946056101549736,53.340261764801376,12.341455035558393,3.2873960746208843,2.0,12.719743922634063,-1.0099999999999998,1.0,16.62049861495845,0.029999999999999805,20636.0,True,True,71.8707182320442,Petrochemicals,Commodities,22.0,93,3-year profit growth >= 15%/yr; ROE >= 20%; RS rating >= 80,3
BERGEPAINT,-0.041131792027216,-0.06543372136687953,0.20040998432412893,-0.5174605869114779,0.7660415440248928,0.0,0.0,-0.11692059579806556,1.636419670691201,0.015670308470273838,0.022403031654034677,-0.08539217989730363,-0.014855136014289285,147457819.125,18.244040288095142,11.96559567102813,1.0487387895499651,1.7872154913785963,0.0,8.537058190578929,0.6000000000000014,1.0,16.307647824201243,0.21000000000000085,20656.0,True,True,28.551381215469615,Paints,Consumer Discretionary,61.0,93,"Uptrend (price > 50 > 150 > 200-day, 200-day rising); Within 15% of 52-week high; Quarterly profit growth >= 25%; Sales growth >= 20% or 2+ strong quarters; 3-year profit growth >= 15%/yr; ROE >= 20%; RS rating >= 80",7
BHARATFORG,0.07739967852043508,0.6825739408473221,0.22016115007825654,1.7817690488674651,0.8392156862745098,0.0,0.0,-0.36573009395856504,1.1748906379902053,0.01784982160594321,0.024910485933503868,-0.06361396391753582,-0.021622486097415627,1659206033.7,-57.65154078800037,18.70649184521904,-59.81889428736294,-4.00705962732829,0.0,20.654656078595735,-4.67,1.0,11.367432150313151,0.45000000000000284,20652.0,True,True,69.13591160220994,Auto Components & Equipments,Consumer Discretionary,15.0,93,"Uptrend (price > 50 > 150 > 200-day, 200-day rising); Within 15% of 52-week high; Quarterly profit growth >= 25%; Sales growth >= 20% or 2+ strong quarters; ROE >= 20%; RS rating >= 80",6
BHARTIARTL,-0.029065332405523645,-0.06540465260225925,-0.017354520310212007,-0.4497329548675574,0.8080018395033342,0.0,0.0,-0.25570938619012723,1.5760516443988049,0.014285417456697345,0.03603951652960968,-0.07020310532053387,-0.019846316961447286,10040237740.8,38.390866904152475,18.35022825326611,45.266468432432816,0.8473937349443348,1.0,40.10885592536451,2.539999999999999,1.0,22.69131942813823,-1.1999999999999957,20648.0,True,True,32.380110497237574,Telecom - Cellular & Fixed line services,Telecommunication,72.0,93,"Uptrend (price > 50 > 150 > 200-day, 200-day rising); Within 15% of 52-week high; Sales growth >= 20% or 2+ strong quarters; RS rating >= 80",4
BHARTIHEXA,-0.03485534746458957,-0.09619883040935673,0.02745645525860918,-0.5805332880731379,0.7284209449785233,0.0,0.0,-0.030461982229655085,1.3635231826510408,0.01924838948302442,0.039835257578826555,-0.08222657181182436,-0.0324446019239754,120019841.39999999,23.219415630691252,10.91029606716749,24.265474238158568,0.5469268677386288,1.0,37.78781452720186,1.9199999999999982,1.0,24.18702023726448,-0.06999999999999851,20679.0,True,True,30.411049723756907,Telecom - Cellular & Fixed line services,Telecommunication,72.0,93,"Uptrend (price > 50 > 150 > 200-day, 200-day rising); Within 15% of 52-week high; Quarterly profit growth >= 25%; Sales growth >= 20% or 2+ strong quarters; RS rating >= 80",5
BHEL,0.14520487916440675,0.8541867381560759,0.736904061212478,2.0168711846603746,0.9305711086226204,0.0,0.0,0.18654417442186524,1.1138292291527343,0.02024598686406791,0.045299561617145656,-0.009109987598969749,-0.022877912592522597,2763467049.625,100.0,40.29244146523272,-55.70961973280308,2.7684303819798433,4.0,68.58384302987544,13.190000000000001,1.0,6.119482903694638,0.7100000000000009,20645.0,True,True,82.91933701657459,Heavy Electrical Equipment,Industrials,34.0,93,"Uptrend (price > 50 > 150 > 200-day, 200-day rising); ROE >= 20%",2
BIKAJI,-0.10953630598886975,-0.18528645833333324,0.01410048622366289,-1.303019733045074,0.6789850357839947,0.0,0.0,-0.09903510050200762,3.7472762351940294,0.018634768122951083,0.06764201210150822,-0.12985620448545965,-0.036678267134906,62168350.95,1.589493489388305,12.500957604915207,-38.163226795069384,0.02742845204761097,0.0,17.17456899473668,-0.870000000000001,1.0,15.805849408836343,0.16000000000000014,20659.0,True,True,6.672928176795581,Packaged Foods,Fast Moving Consumer Goods,77.0,93,"Uptrend (price > 50 > 150 > 200-day, 200-day rising); Within 15% of 52-week high; Quarterly profit growth >= 25%; Sales growth >= 20% or 2+ strong quarters; ROE >= 20%; RS rating >= 80",6
BIOCON,-0.012514868575627253,0.1460361613351877,0.11321264523101848,0.11779433489887606,0.8281337358828135,0.0,0.0,-0.16797683785965273,0.8330039044980957,0.016100023430939366,0.025974025974025983,-0.09339744594171107,-0.022129311929757402,1109836777.5,45.746974809102234,9.99771683705828,100.88211350743188,0.09178701482237438,1.0,-8.387499369253215,0.7800000000000002,1.0,1.0843054861743704,-0.060000000000002274,20650.0,True,True,38.94364640883978,Pharmaceuticals,Healthcare,17.0,93,"Uptrend (price > 50 > 150 > 200-day, 200-day rising); Within 15% of 52-week high; Sales growth >= 20% or 2+ strong quarters; 3-year profit growth >= 15%/yr; ROE >= 20%; RS rating >= 80",6
BIRLACABLE,0.451045542807358,0.8051849694145063,1.7695745441544513,2.181595163954229,0.9101002865329512,1.0,1.0,0.7901397548375758,2.128945076278952,0.03635145723673002,0.049990318208223083,0.26823324444775687,-0.047766217909524025,63858486.875,300.0,51.12219451371571,0.0,4.979771783972214,3.0,3.41486046336712,10.74,1.0,6.049822064056939,0.019999999999999997,20647.0,True,True,98.23425414364641,Telecom -  Equipment & Accessories,Telecommunication,7.0,93,3-year profit growth >= 15%/yr; ROE >= 20%,2
BLACKBUCK,0.03131914168741863,0.005248010834602912,0.010723404255319036,0.07323952124295248,0.8127005347593582,0.0,0.0,0.6630827506555558,1.0456316702178161,0.021782035324588805,0.07211128178870108,0.038646393783498656,-0.026312237381412446,224247541.05,25.087586459410005,42.16976533667569,102.14224935741316,0.05249745914709468,1.0,,-2.8200000000000003,1.0,11.251758087201125,2.5700000000000003,20663.0,True,True,55.57127071823204,Transport Related Services,Services,,93,"Uptrend (price > 50 > 150 > 200-day, 200-day rising); Within 15% of 52-week high; 3-year profit growth >= 15%/yr; ROE >= 20%; RS rating >= 80",5
BLS,-0.11804610314272065,-0.3317777777777777,-0.037760000000000016,-0.8231253736376285,0.6041799307958478,0.0,0.0,-0.05980185698572674,0.4744187622648868,0.02151396739528915,0.026666666666666616,-0.09970928026240677,-0.024806523782920375,237338164.46,11.401019213057427,25.32614661468959,-17.286415134748868,2.0599960046224886,0.0,44.41578998005766,-2.8299999999999983,1.0,29.395046691027204,-1.8899999999999988,20672.0,True,True,5.250828729281768,"Tour, Travel Related Services",Consumer Discretionary,92.0,93,"Uptrend (price > 50 > 150 > 200-day, 200-day rising); Within 15% of 52-week high; Quarterly profit growth >= 25%; RS rating >= 80",4
BLSE,0.20126929680309774,0.6361459009031485,1.0729548615501323,1.4732643254824156,0.9670394349617423,1.0,1.0,0.6379392412387851,0.7559938683147764,0.020078427626163096,0.034200157604413084,0.051838412524239486,-0.017517319792315585,119972521.975,6.40600595416887,24.63215705561701,1.09811055908271,0.47503651964443566,0.0,,-1.0499999999999998,1.0,13.193116634799235,0.19,20671.0,True,True,89.37348066298343,IT Enabled Services,Information Technology,40.0,93,Quarterly profit growth >= 25%; 3-year profit growth >= 15%/yr; ROE >= 20%,3
BLUEJET,-0.004822879986835837,-0.1500220296666177,0.6833915066899359,-0.44572385772355333,0.7765189782075335,0.0,0.0,-0.283523619687208,1.0207980990704502,0.020923516332086053,0.02615091255788604,-0.07526759750036105,-0.025711118246859968,266411966.85,-14.16307972551618,-17.377945653399472,27.394032151130762,-0.26673434209757496,0.0,10.047600874766305,1.0,1.0,18.235294117647058,4.6899999999999995,20679.0,True,True,42.334806629834254,Pharmaceuticals,Healthcare,17.0,93,"Uptrend (price > 50 > 150 > 200-day, 200-day rising); Within 15% of 52-week high; Quarterly profit growth >= 25%; Sales growth >= 20% or 2+ strong quarters; 3-year profit growth >= 15%/yr; ROE >= 20%; RS rating >= 80",7
BLUESTARCO,-0.05987387383463741,-0.25468431771894096,-0.12619388729703918,-0.7105764869239718,0.7467165133553052,0.0,0.0,-0.4439267572653435,2.6785890740891634,0.02063800685369025,0.03919280664424463,-0.017039280871636087,-0.02120083977061125,733961820.05,-20.852586859080834,13.267499371280067,-30.984366571072073,-0.6704483876708621,0.0,22.408383815756384,-1.2199999999999998,1.0,15.359953366365492,-0.5900000000000034,20648.0,True,True,20.893922651933703,Household Appliances,Consumer Discretionary,90.0,93,"Uptrend (price > 50 > 150 > 200-day, 200-day rising); Within 15% of 52-week high; Quarterly profit growth >= 25%; Sales growth >= 20% or 2+ strong quarters; ROE >= 20%; RS rating >= 80",6
BLUESTONE,0.15416838774981836,0.37493692178301097,0.6681632653061225,0.6297757270453356,0.8195174760284566,1.0,0.0,0.5235980788923812,1.2555300897252015,0.04347350243024018,0.1004790348335205,-0.03640295898302537,-0.04886247817409537,1115648014.9,100.0,49.55955183892182,0.0,1.1431498694922146,3.0,,7.859999999999999,1.0,0.7222222222222222,-0.9200000000000159,20654.0,True,True,84.34143646408839,"Gems, Jewellery And Watches",Consumer Discretionary,11.0,93,"Uptrend (price > 50 > 150 > 200-day, 200-day rising); Within 15% of 52-week high; 3-year profit growth >= 15%/yr; ROE >= 20%",4
BORORENEW,-0.060867331352698166,-0.1662934394957286,0.30055634622849015,-0.5819853481324253,0.6354368932038834,0.0,0.0,-0.2032098423630862,1.1938456867089804,0.021412772350719034,0.03101196953210006,-0.12340619307832434,-0.041169206362090684,201821105.6,100.0,17.055225344797755,0.0,1.1474194520711505,4.0,141.7275278154916,21.54,1.0,8.40502978160159,0.1899999999999995,20650.0,True,True,20.67513812154696,Glass - Industrial,Industrials,,93,"Uptrend (price > 50 > 150 > 200-day, 200-day rising); Within 15% of 52-week high; ROE >= 20%; RS rating >= 80",4
BOSCHLTD,0.08159555074858246,0.26935770500126943,0.6883336147222692,0.6769075664468835,0.942,0.0,1.0,0.5612314695404156,0.8421312787184665,0.016457013674318823,0.03063457330415753,0.02076642003562923,-0.017987362797222062,1362425950.0,5.201963257601272,21.995990477383764,2.219974491001042,0.5223320221673132,0.0,16.337319325215717,-1.9299999999999997,1.0,18.678431900848715,0.0,20644.0,True,True,70.4486187845304,Auto Components & Equipments,Consumer Discretionary,15.0,93,Quarterly profit growth >= 25%; ROE >= 20%; RS rating >= 80,3
BPCL,-0.013696962077263983,-0.01921912832929773,0.14626812875840112,-0.2802612926611889,0.7741606025788331,0.0,0.0,0.0388428153746642,1.0849188097360931,0.013431377866622742,0.0228013029315961,-0.033480712648588096,-0.017900698374905825,1503083277.6,-100.0,34.407002308721935,-125.82978950096171,-2.378901838602957,0.0,-8.226519196855008,-8.6,0.0,25.798883908516434,-0.18000000000000682,20656.0,True,True,38.724861878453034,Refineries & Marketing,Energy,43.0,93,"Uptrend (price > 50 > 150 > 200-day, 200-day rising); Within 15% of 52-week high; Quarterly profit growth >= 25%; 3-year profit growth >= 15%/yr; RS rating >= 80",5
BRIGADE,0.0015128439372883934,-0.04600861115959731,0.26207520301735765,-0.4422776735559552,0.7154672769334096,0.0,0.0,0.6636092056362115,0.9954445439576107,0.02869055357503118,0.11296874999999984,-0.057212955967215096,-0.04649213739518226,183658215.325,20.69004122582887,-12.925207237304281,45.20476818044145,0.45423986577930175,1.0,66.42852469991749,4.76,1.0,10.628940038117578,-0.3999999999999915,20658.0,True,True,44.850828729281766,"Residential, Commercial Projects",Consumer Discretionary,53.0,93,"Uptrend (price > 50 > 150 > 200-day, 200-day rising); Within 15% of 52-week high; Quarterly profit growth >= 25%; Sales growth >= 20% or 2+ strong quarters; ROE >= 20%; RS rating >= 80",6
BRITANNIA,-0.059416253664724736,-0.11526794742163804,-0.045454545454545414,-0.9585235350339104,0.7702120873863818,0.0,0.0,-0.44595667516805354,1.7939853456506105,0.011436467086154485,0.010510358767054084,-0.08233872530579212,-0.014408715375056202,1378717973.75,14.13398544903146,8.172479890615335,-7.352336118400405,1.1555215746854586,0.0,6.986750783086548,0.6199999999999992,1.0,49.686643164904034,-0.1700000000000017,20652.0,True,True,21.222099447513813,Packaged Foods,Fast Moving Consumer Goods,77.0,93,"Uptrend (price > 50 > 150 > 200-day, 200-day rising); Within 15% of 52-week high; Quarterly profit growth >= 25%; Sales growth >= 20% or 2+ strong quarters; 3-year profit growth >= 15%/yr; RS rating >= 80",6
BSE,0.058291080188408194,0.5465083404014703,0.18066047917116324,1.1774738821033348,0.6953314743186111,0.0,0.0,-0.019195994513566846,6.6528718898634995,0.02047504936934006,0.04359217171717167,-0.08360313495455352,-0.025815930225243856,13445913120.0,65.82727769710688,63.47617307792681,4.464934164326117,3.5664507996477792,9.0,121.66207487253536,0.7899999999999991,1.0,37.26959388580848,0.9599999999999937,20664.0,True,True,64.10386740331492,Exchange and Data Platform,Financial Services,33.0,93,"Uptrend (price > 50 > 150 > 200-day, 200-day rising); Within 15% of 52-week high; RS rating >= 80",3
BSOFT,-0.05577860160161186,-0.21780582785014102,-0.13421521997621877,-0.7154962997509976,0.5732067510548523,0.0,0.0,0.552277045779836,1.0821829727547772,0.020664881734609345,0.021211022480057906,-0.07903924506301319,-0.019063209942601148,295673010.6,51.30783312523055,7.354657950035026,7.138100185007403,1.4013362743912667,3.0,19.640623276649684,3.3900000000000006,1.0,12.594213469486991,-2.230000000000004,20638.0,True,True,22.425414364640883,Computers - Software & Consulting,Information Technology,82.0,93,"Uptrend (price > 50 > 150 > 200-day, 200-day rising); Within 15% of 52-week high; ROE >= 20%; RS rating >= 80",4
CAMLINFINE,-0.19513049803308619,-0.5459653158732968,-0.028676888131743294,-1.0284846703570003,0.40081755593803786,0.0,0.0,-0.07857705812422183,0.48602018312336975,0.028326538743019304,0.02429189614476779,-0.15028196226029567,-0.033969150596133244,60656793.035,-67.31771738437833,27.509074855292837,32.68228261562167,-0.5389893247153144,0.0,-39.01759793434593,-3.47,0.0,2.3054755043227666,-2.3100000000000005,20655.0,True,True,0.5469613259668508,Specialty Chemicals,Commodities,37.0,93,"Uptrend (price > 50 > 150 > 200-day, 200-day rising); Within 15% of 52-week high; Quarterly profit growth >= 25%; 3-year profit growth >= 15%/yr; ROE >= 20%; RS rating >= 80",6
CAMS,-0.0548936317062199,-0.019091342414891743,0.22666666666666657,-0.5369872009623329,0.7941768256598414,0.0,0.0,0.07782122909563606,1.6896547015842198,0.016515028957869483,0.028267045454545503,-0.1052128353284908,-0.024194670979965537,818280139.875,17.61201371590948,11.543131441479604,6.4028854182827555,1.1018273192765138,0.0,18.422940711139745,1.6600000000000001,1.0,35.730507191521575,1.9200000000000017,20668.0,True,True,22.862983425414363,"Depositories, Clearing Houses and Other Intermediaries",Financial Services,86.0,93,"Uptrend (price > 50 > 150 > 200-day, 200-day rising); Within 15% of 52-week high; Quarterly profit growth >= 25%; Sales growth >= 20% or 2+ strong quarters; RS rating >= 80",5
CANBK,-0.008704181956392616,0.04101722723543899,-0.02721349175929466,-0.06995525135215667,0.7332555712443981,0.0,0.0,0.14680088112036643,1.3416981452621337,0.013745586218801847,0.02522375915378361,-0.05558779854859097,-0.017004528258562232,1677251956.5,2.2725722286095484,4.549633315124413,12.768680334560901,0.22037435855896903,0.0,15.387181920887505,-0.34999999999999964,1.0,16.746952126077908,-0.5599999999999987,20661.0,True,True,41.02209944751381,Public Sector Bank,Financial Services,57.0,93,"Uptrend (price > 50 > 150 > 200-day, 200-day rising); Within 15% of 52-week high; Quarterly profit growth >= 25%; Sales growth >= 20% or 2+ strong quarters; ROE >= 20%; RS rating >= 80",6
CANFINHOME,-0.04295763893372939,0.01922337562475973,-0.03230516517612714,-0.2953357098412764,0.7402985074626867,0.0,0.0,-0.6160975300005986,1.4049812013598135,0.013313304730299656,0.013590795936217592,-0.09890608301039538,-0.029378070333672075,166848921.75,19.623409324530726,7.430929209177428,-28.138824485806914,1.3616560571455032,0.0,20.70427333130713,2.4899999999999984,1.0,18.15749874602909,-0.21999999999999176,20679.0,True,True,27.78563535911602,Housing Finance Company,Financial Services,85.0,93,"Uptrend (price > 50 > 150 > 200-day, 200-day rising); Within 15% of 52-week high; Quarterly profit growth >= 25%; Sales growth >= 20% or 2+ strong quarters; ROE >= 20%; RS rating >= 80",6
CANHLIFE,,,0.10229438757500864,,0.8909352690623312,0.0,0.0,0.3237897767415816,2.5958496300824416,0.01667793510025233,0.019198608602582157,-0.018107912261122072,-0.01424110250068365,91737488.42999999,21.677222705631927,19.805265433237594,13.053077427216353,,1.0,,0.010000000000000009,1.0,7.912772585669782,-0.36999999999999744,20679.0,True,True,,Life Insurance,Financial Services,88.0,93,"Uptrend (price > 50 > 150 > 200-day, 200-day rising); Quarterly profit growth >= 25%; Sales growth >= 20% or 2+ strong quarters; 3-year profit growth >= 15%/yr; ROE >= 20%; RS rating >= 80",6
CAPACITE,-0.13804791158994228,-0.29267889605023967,0.00611189468735307,-0.8590215754483228,0.5819888623707239,0.0,0.0,-0.506733795209543,0.9118050749492699,0.021755943668598732,0.03513979318268867,-0.11744722248494899,-0.029423667705491728,56262572.974999994,-15.244665374208532,6.714062712094471,0.8427721938590214,-0.44345940732953043,0.0,29.39829842220998,-1.6399999999999997,1.0,10.110005238344682,-0.8900000000000006,20638.0,True,True,2.734806629834254,Civil Construction,Industrials,81.0,93,"Uptrend (price > 50 > 150 > 200-day, 200-day rising); Within 15% of 52-week high; Quarterly profit growth >= 25%; Sales growth >= 20% or 2+ strong quarters; ROE >= 20%; RS rating >= 80",6
CAPILLARY,,,-0.036950375353417275,,0.7014831966956631,0.0,0.0,1.0558862067880903,1.510515584197337,0.033849931146312094,0.0781824256598731,0.09527494733221542,-0.09593702084151176,104724166.19999999,300.0,42.66496192117406,245.62899335837403,,2.0,,8.49,1.0,5.078125,0.6899999999999977,20669.0,True,True,,Software Products,Information Technology,60.0,93,"Uptrend (price > 50 > 150 > 200-day, 200-day rising); Within 15% of 52-week high; 3-year profit growth >= 15%/yr; ROE >= 20%; RS rating >= 80",5
CAPLIPOINT,0.08687266941321507,0.11705715299964514,0.6153747433264887,0.5964213064132567,0.908494983277592,1.0,1.0,1.0182433475482404,6.38683247075937,0.025357010918211156,0.07698419003734003,0.03350325033804591,-0.03421667234286353,255151216.6,18.776687751098486,19.62682764297754,-0.25685590986763884,5.938529719820584,0.0,19.743258301837653,-0.21000000000000085,1.0,19.287833827893174,-0.040000000000000924,20677.0,True,True,71.43314917127071,Pharmaceuticals,Healthcare,17.0,93,Quarterly profit growth >= 25%; Sales growth >= 20% or 2+ strong quarters; ROE >= 20%; RS rating >= 80,4
CARBORUNIV,0.09181612699981025,0.13847736625514395,0.4417301804442706,0.8285909810151192,0.9149682226605302,1.0,1.0,1.1539817913583912,9.617607032043257,0.024058881075764465,0.048794063079777183,0.11694528617877187,-0.07259490150714058,230992084.05,33.10786492014037,17.030893668684687,-48.29750617158261,0.380832209252888,2.0,-14.742321030053528,0.6799999999999997,1.0,4.3076923076923075,0.0,20654.0,True,True,73.07403314917127,Abrasives & Bearings,Industrials,55.0,93,3-year profit growth >= 15%/yr; ROE >= 20%; RS rating >= 80,3
CARERATING,0.0034717702460567365,0.11361587015329122,0.14419958970286562,0.13824683538768026,0.8795973884657237,0.0,0.0,0.3286395096880687,1.2301036908026644,0.014888576764489975,0.017443221727932556,-0.04031086163665365,-0.01826612896413953,77295108.0,24.485006491354678,18.922372484293493,1.2471672107566825,1.2936081153162917,6.0,26.183663908352294,1.3200000000000003,1.0,18.669527896995707,0.35999999999999943,20672.0,True,True,45.94475138121547,Ratings,Financial Services,,93,"Uptrend (price > 50 > 150 > 200-day, 200-day rising); Quarterly profit growth >= 25%; ROE >= 20%; RS rating >= 80",4
CARTRADE,0.09489889344153275,0.24397039254823683,0.7190552810021835,0.3814596984838243,0.8812642455553867,0.0,0.0,0.18545650669594843,0.7593191978896491,0.0284039208350561,0.05989600693287134,-0.00630321356290886,-0.02233477055947893,849042210.75,25.524980623317294,16.250577901063345,-28.151602746742444,1.4167557893217626,17.0,72.66791952398988,2.1700000000000017,1.0,9.822866344605476,-2.219999999999999,20663.0,True,True,74.27734806629834,E-Retail/ E-Commerce,Consumer Discretionary,18.0,93,"Uptrend (price > 50 > 150 > 200-day, 200-day rising); ROE >= 20%; RS rating >= 80",3
CARYSIL,0.02908015179132088,0.27463714915005366,0.4324701700939326,0.37993735010708857,0.808884378171598,0.0,0.0,-0.1778201593947673,1.5536789325858487,0.023313030237087983,0.02190476190476187,-0.0939269229894727,-0.048223682040091115,82321803.6,39.97866944099868,15.485263668002979,-5.402665432381951,2.024252025312793,5.0,33.57624304412907,2.1400000000000006,1.0,16.25615763546798,0.20999999999999908,20675.0,True,True,55.02430939226519,Household Appliances,Consumer Discretionary,90.0,93,"Uptrend (price > 50 > 150 > 200-day, 200-day rising); Within 15% of 52-week high; ROE >= 20%; RS rating >= 80",4
CASTROLIND,0.016876561888058438,-0.0919427080769798,0.05374685857893535,-0.08772091681276607,0.9677606177606178,0.0,0.0,0.5280031940734212,4.598213546011092,0.010213697946444758,0.035266940451745166,0.05915909571096556,-0.025398511121414117,350340349.125,42.517598643743156,25.028894396825297,38.81439117317879,8.894859744400753,1.0,10.093603053093014,2.2799999999999976,1.0,49.973698053655966,-0.879999999999999,20679.0,True,True,51.19558011049723,Lubricants,Energy,2.0,93,"Uptrend (price > 50 > 150 > 200-day, 200-day rising); 3-year profit growth >= 15%/yr; RS rating >= 80",3
CCL,0.0018297202044163224,0.19997777407345652,0.01993010295645603,0.41685383134202403,0.8207213009177265,0.0,0.0,-0.4325691382991667,1.7253487132453005,0.013609792186888863,0.03025332604337505,-0.08049439548030757,-0.0264061516273595,150182778.05,61.45930513682272,13.717744685688293,49.09792444743988,3.01901322888302,1.0,16.027390663927555,2.88,1.0,16.545842217484008,0.5,20661.0,True,True,45.17900552486188,Tea & Coffee,Fast Moving Consumer Goods,49.0,93,"Uptrend (price > 50 > 150 > 200-day, 200-day rising); Within 15% of 52-week high; Sales growth >= 20% or 2+ strong quarters; ROE >= 20%; RS rating >= 80",5
CDSL,-0.04493400631923128,-0.09317211948790893,0.1973875181422351,-0.5775415301314283,0.7552130011352094,0.0,0.0,0.007265705621913003,1.145533290113753,0.017998554526984498,0.03879907621247125,-0.0645227659930343,-0.03061227928699599,1374390448.1999998,14.905831711803085,13.104620615051775,35.41972221304922,0.41265325065677544,0.0,17.21562225020026,0.6299999999999955,1.0,23.214285714285715,-2.3500000000000014,20644.0,True,True,27.348066298342545,"Depositories, Clearing Houses and Other Intermediaries",Financial Services,86.0,93,"Uptrend (price > 50 > 150 > 200-day, 200-day rising); Within 15% of 52-week high; Quarterly profit growth >= 25%; Sales growth >= 20% or 2+ strong quarters; RS rating >= 80",5
CEATLTD,-0.035286415221864466,-0.01580037989984462,-0.012475093130035586,-0.15999064422177334,0.7355565570076611,0.0,0.0,0.1391414260617077,0.77820703044743,0.01802226863838942,0.03796587608906088,-0.05785623909048088,-0.022064748132446667,192766343.25,-96.60117754478763,22.35760838764522,-196.5669182552731,-1.3801051798694741,0.0,23.505954156861808,-3.1500000000000004,1.0,13.812921125644074,-1.4399999999999977,20650.0,True,True,30.301657458563536,Tyres & Rubber Products,Consumer Discretionary,84.0,93,"Uptrend (price > 50 > 150 > 200-day, 200-day rising); Within 15% of 52-week high; Quarterly profit growth >= 25%; ROE >= 20%; RS rating >= 80",5
CEIGALL,0.08225418355066606,0.25068698933792555,0.2736940298507464,1.3135493549911275,0.9434311067291102,0.0,1.0,0.9709940517885839,0.875870303193029,0.018238770229370673,0.04075323215289495,0.09964460865293145,-0.012139333342353014,115772846.30000001,27.195764831414238,15.683981960915316,-51.02017740878597,0.4570656173327461,2.0,,0.6100000000000003,1.0,14.452759588400374,-0.9800000000000004,20673.0,True,True,70.88618784530387,Civil Construction,Industrials,81.0,93,3-year profit growth >= 15%/yr; ROE >= 20%; RS rating >= 80,3
CELLO,-0.13689437101015597,-0.4242993708636327,-0.10470139771283349,-1.396712562457241,0.48315523894330664,0.0,0.0,0.9917066083801954,2.0432053011318043,0.027076782552776072,0.04844183893859921,-0.0646969422729401,-0.020978119717548677,76687376.25,-8.985862549934753,-0.43288406646376787,-2.7206777125547417,-0.9176725241902146,0.0,,-1.3100000000000005,1.0,12.291743798593114,0.120000000000001,20655.0,True,True,2.8441988950276245,Houseware,Consumer Discretionary,,93,"Uptrend (price > 50 > 150 > 200-day, 200-day rising); Within 15% of 52-week high; Quarterly profit growth >= 25%; Sales growth >= 20% or 2+ strong quarters; 3-year profit growth >= 15%/yr; ROE >= 20%; RS rating >= 80",7
CEMPRO,0.20364530073314088,0.4905442383703251,1.3249549464099402,0.8542816975694094,0.7228959495512977,0.0,0.0,-0.2710216166882768,0.6162013345654734,0.024319949267609997,0.04998010346199755,-0.07733170706790848,-0.02862471644187316,378500118.65,2.637256109940611,5.609377425865558,-110.71186501631297,0.09620949336581777,0.0,59.97751643500704,-0.15000000000000036,1.0,24.92705293872447,0.8699999999999992,20662.0,True,True,90.02983425414364,Civil Construction,Industrials,81.0,93,"Uptrend (price > 50 > 150 > 200-day, 200-day rising); Within 15% of 52-week high; Quarterly profit growth >= 25%; Sales growth >= 20% or 2+ strong quarters",4
CENTRALBK,-0.054828743019036626,-0.20284885254550244,-0.08424242424242423,-0.6910194865255372,0.7443792766373412,0.0,0.0,0.21555064859999437,1.0525509876466985,0.012470488772354847,0.043749999999999956,-0.016683453423207206,-0.017122841669832748,149911457.83,7.950456485629931,12.785241981682361,40.39237562589648,0.40033016611919825,0.0,33.71503657544965,-0.6100000000000012,1.0,11.617650829465912,6.309999999999999,20644.0,True,True,22.972375690607734,Public Sector Bank,Financial Services,57.0,93,"Uptrend (price > 50 > 150 > 200-day, 200-day rising); Within 15% of 52-week high; Quarterly profit growth >= 25%; Sales growth >= 20% or 2+ strong quarters; ROE >= 20%; RS rating >= 80",6
CENTUM,0.18847886339219258,0.23286935985973467,0.22864886067824397,1.4170373795869569,0.9596759675967595,1.0,1.0,0.5417585028446751,5.425364416794144,0.03590795720313512,0.16181350038489084,0.2341909398516162,-0.06439986862140844,172869811.39999998,-36.85462738198636,14.350529322802895,-52.915446133293855,-0.4393723673255087,0.0,101.3944842226917,-4.460000000000001,1.0,-15.160349854227405,-0.9000000000000021,20661.0,True,True,88.17016574585635,Aerospace & Defense,Industrials,26.0,93,Quarterly profit growth >= 25%; Sales growth >= 20% or 2+ strong quarters; ROE >= 20%,3
CESC,-0.07886035863651274,-0.12395109086549994,-0.03326939612408231,-0.7029822104944566,0.654523227383863,0.0,0.0,-0.37660741711231366,2.432441871133202,0.013460461063190675,0.02478603218075981,-0.12742866232238925,-0.03311398210521972,203134785.765,3.676093295470473,5.440215301807005,-15.59096595679863,0.39148402600056276,0.0,3.5556015535898933,-0.1299999999999999,1.0,12.913008778930566,-0.2499999999999929,20678.0,True,True,14.549171270718231,Integrated Power Utilities,Utilities,69.0,93,"Uptrend (price > 50 > 150 > 200-day, 200-day rising); Within 15% of 52-week high; Quarterly profit growth >= 25%; Sales growth >= 20% or 2+ strong quarters; 3-year profit growth >= 15%/yr; ROE >= 20%; RS rating >= 80",7
CGCL,0.0800166918856735,0.3274327122153209,0.5492328138214329,0.7983213550929743,0.860845364411202,0.0,1.0,0.47472053613977233,0.3916027495764684,0.027646178664108515,0.05884645362431784,0.002901910559550025,-0.03695568234932197,708387635.3,102.13307589390178,57.05433461515472,43.04772001315039,3.9665122267852233,8.0,71.85665811346152,5.0,1.0,13.175065944745246,0.9200000000000017,20661.0,True,True,69.79226519337017,Non Banking Financial Company (NBFC),Financial Services,38.0,93,ROE >= 20%; RS rating >= 80,2
CGPOWER,0.016436351058062022,0.1843040920550778,0.37136013174638816,0.3050737216104251,0.8708329085533694,0.0,0.0,-0.07150891629438727,0.8266501201424163,0.02059327071720633,0.033409664729023625,-0.030374852859213597,-0.02807829908582676,1974666850.0,15.592821588436534,13.994197460085811,-16.214828370809343,1.454229317985607,0.0,15.076519346393846,0.13000000000000078,1.0,15.043914680050188,0.1600000000000037,20636.0,True,True,50.86740331491713,Heavy Electrical Equipment,Industrials,34.0,93,"Uptrend (price > 50 > 150 > 200-day, 200-day rising); Quarterly profit growth >= 25%; Sales growth >= 20% or 2+ strong quarters; ROE >= 20%; RS rating >= 80",5
CHALET,-0.028781865747307282,-0.11818359184469795,0.24691358024691357,-0.6173663364526627,0.8197071089128116,0.0,0.0,0.1468221452740584,5.666454329782527,0.016505584262153004,0.02772171435355575,-0.01606061029387773,-0.021922268899296195,87043243.67500001,-54.459801969758615,-42.73433569951373,-86.05649106975251,-0.8259622556702977,0.0,37.02179689720517,-4.650000000000002,1.0,17.441860465116278,-0.030000000000001137,20663.0,True,True,32.48950276243094,Hotels & Resorts,Consumer Discretionary,54.0,93,"Uptrend (price > 50 > 150 > 200-day, 200-day rising); Within 15% of 52-week high; Quarterly profit growth >= 25%; Sales growth >= 20% or 2+ strong quarters; ROE >= 20%; RS rating >= 80",6
CHAMBLFERT,-0.07595721016211975,-0.23747905417985482,-0.024764852958685468,-0.9087981928002921,0.7589948071216617,0.0,0.0,-0.4109803025951652,1.3094364651145587,0.011428737913968917,0.01664843844938635,-0.046852692451911704,-0.008039456640883697,176317179.60000002,-4.531669846672304,-11.769671844861252,-34.512983775583535,-0.5872791745432271,0.0,23.24579966798648,0.7899999999999991,1.0,18.764411990776324,-0.240000000000002,20664.0,True,True,15.971270718232043,Fertilizers,Commodities,59.0,93,"Uptrend (price > 50 > 150 > 200-day, 200-day rising); Within 15% of 52-week high; Quarterly profit growth >= 25%; Sales growth >= 20% or 2+ strong quarters; ROE >= 20%; RS rating >= 80",6
CHENNPETRO,0.1948969579011422,0.8190767593454835,0.42474602761135727,1.7549083650061759,0.856214605067064,0.0,1.0,0.6481740824538654,1.2662408844870656,0.03556029812989097,0.10056249142543572,0.04572869736409113,-0.058597045240908474,2107994083.6,100.0,84.77481108516409,-102.8849186986657,1.0446747618725185,4.0,34.11614606194724,4.04,1.0,27.93230713835629,1.290000000000001,20657.0,True,True,89.04530386740332,Refineries & Marketing,Energy,43.0,93,,0
CHOICEIN,-0.027230752970974794,-0.04308390022675734,0.2169914263445052,-0.3420295990978569,0.8439860546194073,0.0,0.0,-0.1633487884367656,0.9215001307014187,0.016844807732332084,0.035027100271002753,-0.07505992210762791,-0.021305167587620848,285918705.125,26.29259944655864,32.03904185491433,-0.49657256962540686,1.0427169347916883,6.0,50.40317711078293,-0.8900000000000006,1.0,14.23444976076555,-1.3800000000000008,20675.0,True,True,33.255248618784535,Holding Company,Financial Services,66.0,93,"Uptrend (price > 50 > 150 > 200-day, 200-day rising); Within 15% of 52-week high; ROE >= 20%; RS rating >= 80",4
CHOLAFIN,-0.00917186285327441,0.14386008129079952,0.31144531525806696,-0.007045584510313436,0.8297055057618438,0.0,0.0,-0.3348050791660163,3.0478286582345198,0.018149291748900235,0.020119013884953185,-0.10889912738121943,-0.04953927893305326,2160826631.9,45.531990836260825,21.87331425111467,14.913254809711194,7.824593015040451,2.0,26.915380395833786,3.039999999999999,1.0,17.181036180970516,0.29999999999999716,20642.0,True,True,40.36574585635359,Non Banking Financial Company (NBFC),Financial Services,38.0,93,"Uptrend (price > 50 > 150 > 200-day, 200-day rising); Within 15% of 52-week high; ROE >= 20%; RS rating >= 80",4
CHOLAHLDNG,-0.0844570483659457,-0.2272679983354141,0.06947444204463649,-0.7642998913306069,0.671608527131783,0.0,0.0,-0.2154740418610047,2.539144746801126,0.014669744989330435,0.015238221985626854,-0.08996731970363225,-0.04132084283516881,216045210.3,42.04603168927632,19.54805772606796,22.70209676739383,4.868788128324618,1.0,25.829591397697428,2.5500000000000007,1.0,35.49242914455804,-0.00999999999999801,20657.0,True,True,13.12707182320442,Investment Company,Financial Services,83.0,93,"Uptrend (price > 50 > 150 > 200-day, 200-day rising); Within 15% of 52-week high; Sales growth >= 20% or 2+ strong quarters; RS rating >= 80",4
CIEINDIA,-0.05181936169218324,-0.08952270081490099,-0.12428619415518982,-0.32517283058484125,0.7344106463878327,0.0,0.0,-0.6425550528718601,0.602704469609136,0.019162742406550498,0.026343799893560282,-0.03201395222965042,-0.015334781216137159,104771475.65,15.523304468009336,10.618404390038005,-4.989038890749953,1.5116580419209835,0.0,6.23051039270055,0.379999999999999,1.0,11.100683737766456,-0.45000000000000284,20656.0,True,True,24.175690607734808,Auto Components & Equipments,Consumer Discretionary,15.0,93,"Uptrend (price > 50 > 150 > 200-day, 200-day rising); Within 15% of 52-week high; Quarterly profit growth >= 25%; Sales growth >= 20% or 2+ strong quarters; 3-year profit growth >= 15%/yr; ROE >= 20%; RS rating >= 80",7
CIPLA,-0.03380005257163778,-0.07720516010739298,0.13434758109957334,-0.5648876581974243,0.8045427375971309,0.0,0.0,-0.35286600208590013,1.5151706269239114,0.009948051197844325,0.013475699558173737,-0.049848371047623186,-0.012307315887957608,1229762845.6,-39.18898221673227,2.3257017277832137,16.144677900959323,-1.2195009890332347,0.0,3.3395531019956737,-7.529999999999999,1.0,11.216310408921933,0.28999999999999204,20657.0,True,True,30.84861878453039,Pharmaceuticals,Healthcare,17.0,93,"Uptrend (price > 50 > 150 > 200-day, 200-day rising); Within 15% of 52-week high; Quarterly profit growth >= 25%; Sales growth >= 20% or 2+ strong quarters; 3-year profit growth >= 15%/yr; ROE >= 20%; RS rating >= 80",7
CLEAN,-0.052454357232343776,-0.27335747085835393,0.21185567010309292,-0.9313150908481113,0.6850206967919973,0.0,0.0,0.7566962424176467,0.9137149979460214,0.01904420996742113,0.0435860234554466,-0.01414463845350955,-0.02881267494873932,216436838.35000002,4.701039326157397,10.524148721538262,26.05150349279528,0.31641508577477173,0.0,-7.166381959582613,-1.5200000000000031,1.0,14.520202020202019,-0.9200000000000017,20666.0,True,True,23.956906077348066,Specialty Chemicals,Commodities,37.0,93,"Uptrend (price > 50 > 150 > 200-day, 200-day rising); Within 15% of 52-week high; Quarterly profit growth >= 25%; Sales growth >= 20% or 2+ strong quarters; 3-year profit growth >= 15%/yr; ROE >= 20%; RS rating >= 80",7
CMSINFO,-0.14541379900664872,-0.39122828939147813,-0.10060919328041362,-1.5627289438900285,0.5512134411947729,0.0,0.0,-0.01225546125278998,0.7096812099688581,0.020312829756855458,0.04252837468036419,-0.11428006908175514,-0.018350542807482332,146805089.02499998,-10.635784126862568,1.1619196378763519,9.765827993299027,-0.6852208880504248,0.0,-1.3584882915242957,-1.7400000000000002,1.0,12.453760789149198,-1.4399999999999977,20675.0,True,True,2.2972375690607736,Diversified Commercial Services,Services,67.0,93,"Uptrend (price > 50 > 150 > 200-day, 200-day rising); Within 15% of 52-week high; Quarterly profit growth >= 25%; Sales growth >= 20% or 2+ strong quarters; 3-year profit growth >= 15%/yr; ROE >= 20%; RS rating >= 80",7
COALINDIA,0.010006196589605864,0.01954066742799143,-0.09729243905179197,0.33515309613311445,0.8651399491094147,0.0,0.0,0.6290224868042279,0.8681732975428983,0.0116493427872081,0.0404631474103585,0.02295511272965345,-0.013817051942052483,2502985128.95,0.6677140744993038,7.77181308132493,-13.03345494474435,0.040076311285566206,0.0,0.051267049199599235,-1.3500000000000014,1.0,26.087723128075098,1.4299999999999997,20661.0,True,True,48.351381215469615,Coal,Energy,,93,"Uptrend (price > 50 > 150 > 200-day, 200-day rising); Quarterly profit growth >= 25%; Sales growth >= 20% or 2+ strong quarters; 3-year profit growth >= 15%/yr; RS rating >= 80",5
COCHINSHIP,-0.08465620551345239,-0.19910894239949084,0.20146403564608528,-0.8080938748414908,0.6651492159838138,0.0,0.0,-0.0116248491291149,1.3772893156555701,0.02096245812081224,0.04774038821854165,-0.08978398462807824,-0.052749993364721484,1175069184.65,-19.386682679602195,2.397551914204721,-15.66849130488741,-0.7076496224571143,0.0,28.665179535629413,-3.7399999999999984,1.0,12.208411374084795,0.6399999999999988,20679.0,True,True,12.689502762430939,Ship Building & Allied Services,Industrials,,93,"Uptrend (price > 50 > 150 > 200-day, 200-day rising); Within 15% of 52-week high; Quarterly profit growth >= 25%; Sales growth >= 20% or 2+ strong quarters; ROE >= 20%; RS rating >= 80",6
COFORGE,0.07726582777955163,0.19029917860783008,0.7343408753385166,0.12586804423289122,0.8653770037601424,0.0,0.0,0.48112948642386755,1.1351961980128065,0.023773443894036166,0.026770775237032973,-0.029572759018243522,-0.020841624048492862,3470328015.0,79.41083890182135,49.219846668826264,-52.755250732422425,1.9162798142916513,6.0,38.78076079990278,1.7400000000000002,1.0,18.29715843556674,-19.91000000000001,20661.0,True,True,69.02651933701658,Computers - Software & Consulting,Information Technology,82.0,93,"Uptrend (price > 50 > 150 > 200-day, 200-day rising); ROE >= 20%; RS rating >= 80",3
COHANCE,-0.07641126776829972,-0.4930227386445767,0.5062768417575156,-1.0027838636560347,0.4837391730674947,0.0,0.0,1.0214263285173335,1.2659619887847946,0.02144770044704988,0.05125570776255706,-0.002802932298404337,-0.025032294275436226,265177559.0,-100.0,-23.12901640239573,-4.956104884324958,-1.0945364043744523,0.0,-47.906543762851825,-20.189999999999998,0.0,3.83533623114293,-0.7899999999999991,20670.0,True,True,15.643093922651934,Pharmaceuticals,Healthcare,17.0,93,"Uptrend (price > 50 > 150 > 200-day, 200-day rising); Within 15% of 52-week high; Quarterly profit growth >= 25%; Sales growth >= 20% or 2+ strong quarters; 3-year profit growth >= 15%/yr; ROE >= 20%; RS rating >= 80",7
COLPAL,-0.07879541660795741,-0.18379285130543255,0.010867249094395737,-0.9844732082457426,0.7522610921501707,0.0,0.0,-0.14325967508619597,1.0083612296466964,0.0160797860851323,0.04211269901646464,-0.08577715422798915,-0.024614728680050123,597574628.2,7.751405949861212,11.801458795308427,4.736049559030042,0.518032684350751,0.0,6.702574850878817,-0.8099999999999987,1.0,83.6489898989899,0.28999999999999915,20679.0,True,True,14.6585635359116,Personal Care,Fast Moving Consumer Goods,71.0,93,"Uptrend (price > 50 > 150 > 200-day, 200-day rising); Within 15% of 52-week high; Quarterly profit growth >= 25%; Sales growth >= 20% or 2+ strong quarters; 3-year profit growth >= 15%/yr; RS rating >= 80",6
COMSYN,0.21999105388039858,0.9212364200724266,0.9385358214798385,1.4718387283842702,0.8551046290424857,1.0,1.0,0.5944300568314084,2.010775115278724,0.04400620368486566,0.046245733788395915,0.013859462613133422,-0.0475419996840815,127152115.755,60.89421139553044,20.57231245166278,82.36749830904643,1.368789340178176,1.0,65.44395332637636,2.05,1.0,14.689265536723164,-0.2,20673.0,True,True,91.88950276243094,Packaging,Industrials,23.0,93,ROE >= 20%,1
CONCOR,-0.047790011818736745,-0.058574712643678195,0.16818804198995885,-0.6442319982504033,0.803411131059246,0.0,0.0,0.3808089632789737,1.7038493775388168,0.02164315525586352,0.033596230666803395,-0.10797401463520617,-0.049285888331294006,551184043.0,0.6078738570217901,0.2846357080835693,12.839607879558624,0.06119122754612919,0.0,3.6041596650627117,0.03999999999999915,1.0,9.626825310978909,-0.39000000000000057,20658.0,True,True,25.70718232044199,Logistics Solution Provider,Services,56.0,93,"Uptrend (price > 50 > 150 > 200-day, 200-day rising); Within 15% of 52-week high; Quarterly profit growth >= 25%; Sales growth >= 20% or 2+ strong quarters; 3-year profit growth >= 15%/yr; ROE >= 20%; RS rating >= 80",7
CONCORDBIO,-0.0027879278325681073,-0.10976360502339333,0.4250098541584548,-0.37921678741574033,0.8236987287119213,0.0,0.0,0.4171800172804174,1.845542450600524,0.024841455618727457,0.056879014989293264,-0.04877059000322714,-0.04155043136489777,174892639.39999998,30.960279915682133,26.22677582234423,67.95012672406816,0.4606071595766619,1.0,3.913242314850973,0.8099999999999987,1.0,12.840852751611303,-0.11000000000000298,20644.0,True,True,43.42872928176796,Pharmaceuticals,Healthcare,17.0,93,"Uptrend (price > 50 > 150 > 200-day, 200-day rising); Within 15% of 52-week high; 3-year profit growth >= 15%/yr; ROE >= 20%; RS rating >= 80",5
CONFIPET,0.22483063165496836,0.7409071459135643,1.1074851074851075,1.4221722491937423,0.9456008583690987,1.0,1.0,0.46177040871194425,0.6668298255954402,0.032644669420242696,0.09904230815856474,0.08615275401899924,-0.020173005929210636,228558982.18,206.06009125042962,116.59637226953481,179.9543826843641,4.3131874585407814,2.0,9.316722698899337,0.76,1.0,6.840620592383639,0.51,20676.0,True,True,92.10828729281768,LPG/CNG/PNG/LNG Supplier,Energy,70.0,93,3-year profit growth >= 15%/yr; ROE >= 20%,2
COROMANDEL,-0.06795177030680938,-0.1550738130070487,-0.012947330260500323,-0.7333466309732817,0.703561424569828,0.0,0.0,-0.48399892480693674,4.268523827349448,0.01568685808851598,0.03611773240750349,-0.11540133469647329,-0.036635412342357294,194441407.0,-23.95576063074387,15.938968802805897,26.638385972743333,-0.6944737688004552,0.0,-3.3418369857805885,-2.45,1.0,15.113871635610765,0.21000000000000085,20637.0,True,True,18.706077348066298,Fertilizers,Commodities,59.0,93,"Uptrend (price > 50 > 150 > 200-day, 200-day rising); Within 15% of 52-week high; Quarterly profit growth >= 25%; Sales growth >= 20% or 2+ strong quarters; 3-year profit growth >= 15%/yr; ROE >= 20%; RS rating >= 80",7
COSMOFIRST,0.014580070332087518,0.013801756587202174,0.561549449626082,-0.1943067066428371,0.848995983935743,0.0,0.0,0.8633737546983964,0.5039092709399684,0.018918557569235744,0.02200817907877739,-0.06224493417083643,-0.021502582658772515,62653191.325,25.30172375998585,45.6870367361224,-28.13173397722861,1.3005718273351694,2.0,1.3878450769107875,-0.75,1.0,9.653465346534654,0.6299999999999999,20648.0,True,True,49.992265193370166,Packaging,Industrials,23.0,93,"Uptrend (price > 50 > 150 > 200-day, 200-day rising); Within 15% of 52-week high; 3-year profit growth >= 15%/yr; ROE >= 20%; RS rating >= 80",5
CPPLUS,0.2813765514237987,1.5570055930015778,0.9529025191675795,3.988943399921267,0.9395456765999023,0.0,1.0,-0.1462157131655422,1.2528546735463337,0.027793472548995172,0.04997944923962194,0.06891463411245202,-0.04328902155597697,747777836.7,300.0,89.50597265012703,92.2031365688218,2.540755154654762,9.0,,5.7,1.0,19.605753862546617,-0.509999999999998,20648.0,True,True,94.73370165745857,Industrial Products,Industrials,4.0,93,3-year profit growth >= 15%/yr; ROE >= 20%,2
CRAFTSMAN,0.12080029294460108,0.6457491366007788,0.6173454650491046,1.4684887440895253,0.86815567963997,0.0,0.0,0.6172676502686736,0.8140689584018468,0.020266591343061056,0.035069261792039175,-0.01885989202466931,-0.04428745612062304,427508030.0,98.98415951011081,36.29932735426009,42.495547294571104,1.521285981817302,5.0,19.418548555265012,1.9500000000000002,1.0,11.76470588235294,6.700000000000003,20663.0,True,True,79.09060773480664,Auto Components & Equipments,Consumer Discretionary,15.0,93,"Uptrend (price > 50 > 150 > 200-day, 200-day rising); ROE >= 20%; RS rating >= 80",3
CRAMC,,,0.11839551434116902,,0.635823429541596,0.0,0.0,0.9203573139761067,0.31417320122088327,0.017899075069837966,0.025377379129293276,-0.10281063434921622,-0.022951337834204045,72328980.85,23.98043361588933,20.07103328652846,24.872972052358943,,1.0,,1.6400000000000006,1.0,27.38255033557047,-1.2700000000000014,20679.0,True,True,,Asset Management Company,Financial Services,73.0,93,"Uptrend (price > 50 > 150 > 200-day, 200-day rising); Within 15% of 52-week high; Quarterly profit growth >= 25%; 3-year profit growth >= 15%/yr; RS rating >= 80",5
CREDITACC,-0.03474471534744114,0.0044198895027625085,0.16818026045236456,-0.1577804430230683,0.7784577723378213,0.0,0.0,0.3301080154587417,1.1732058483707484,0.019077838535184,0.04579462303707982,-0.12609392841390166,-0.051023601724391375,333090013.20000005,300.0,21.91552338179903,0.0,1.44799394106614,3.0,5.302519612744927,23.55,1.0,9.920938536087732,0.6199999999999974,20658.0,True,True,30.520441988950278,Microfinance Institutions,Financial Services,46.0,93,"Uptrend (price > 50 > 150 > 200-day, 200-day rising); Within 15% of 52-week high; 3-year profit growth >= 15%/yr; ROE >= 20%; RS rating >= 80",5
CRISIL,0.004632171414515055,-0.006019377447948893,0.2547621525970647,-0.30092894883616395,0.87875377598768,0.0,0.0,0.8849459444719204,2.157112576535134,0.017721949551891603,0.02889380530973451,-0.023881437605873357,-0.018285562959053876,184129942.95,26.184925881018508,27.563996109226373,-19.691284158779297,2.0984610666983006,2.0,13.659843928140635,-0.22000000000000242,1.0,25.25552258489944,-0.46000000000000085,20655.0,True,True,46.49171270718232,Other Financial Services,Financial Services,,93,"Uptrend (price > 50 > 150 > 200-day, 200-day rising); 3-year profit growth >= 15%/yr; RS rating >= 80",3
CROMPTON,-0.110417246246348,-0.22744391681676768,0.01549720189410242,-1.0724084261013123,0.6720450885668277,0.0,0.0,-0.884245307069327,1.668556613223459,0.018491369799035907,0.02600326696393096,-0.12990359597037837,-0.03231897328473749,583356820.55,15.088605641537356,11.841591689268306,46.32434913100232,0.5227091919731959,0.0,-0.4454084485224663,0.17999999999999972,1.0,-7.785642062689585,-0.25,20644.0,True,True,6.56353591160221,Household Appliances,Consumer Discretionary,90.0,93,"Uptrend (price > 50 > 150 > 200-day, 200-day rising); Within 15% of 52-week high; Quarterly profit growth >= 25%; Sales growth >= 20% or 2+ strong quarters; 3-year profit growth >= 15%/yr; ROE >= 20%; RS rating >= 80",7
CSBBANK,-0.037475442575094026,-0.013354394026421579,-0.02883392226148407,-0.2306214061904245,0.5414345403899722,0.0,0.0,-0.00794911463900807,0.6599760074013181,0.023533262487059566,0.10933018390416738,-0.05028308282386573,-0.04299015958253683,142300356.975,26.600565474580407,23.668991488462332,20.75478673136608,1.8659929431681566,1.0,5.569210364826516,0.2699999999999996,1.0,12.931562819203268,-0.35999999999999943,20679.0,True,True,29.426519337016575,Private Sector Bank,Financial Services,30.0,93,"Uptrend (price > 50 > 150 > 200-day, 200-day rising); Within 15% of 52-week high; 3-year profit growth >= 15%/yr; ROE >= 20%; RS rating >= 80",5
CUB,0.10371995514213095,0.48689503049176075,0.20152031454783748,1.1855129151946846,0.9083785412899338,0.0,0.0,0.2761794661027831,2.5768668478012113,0.025229835060011484,0.051835652133451315,0.017314828899391843,-0.026376958440698543,495619593.70000005,25.012321395327675,23.649966050593974,0.1437299066231006,4.13425352523081,2.0,14.299704697019177,0.21000000000000085,1.0,12.550875532418363,-0.6099999999999923,20679.0,True,True,76.46519337016575,Private Sector Bank,Financial Services,30.0,93,"Uptrend (price > 50 > 150 > 200-day, 200-day rising); 3-year profit growth >= 15%/yr; ROE >= 20%; RS rating >= 80",4
CUMMINSIND,0.012480993611117479,0.27459302906221916,0.10223469718233824,0.6584379409510909,0.780327868852459,0.0,0.0,-0.6480031386282735,1.8530467581879304,0.013382056199330599,0.025892857142857162,-0.08799681182078745,-0.025742526607005482,1953008802.0,2.523010835264783,17.861099070461872,-15.500596513695774,0.2505950525523088,0.0,20.799450238082116,-2.66,1.0,27.870206489675514,0.04999999999999716,20645.0,True,True,49.117127071823205,"Compressors, Pumps & Diesel Engines",Industrials,52.0,93,"Uptrend (price > 50 > 150 > 200-day, 200-day rising); Within 15% of 52-week high; Quarterly profit growth >= 25%; Sales growth >= 20% or 2+ strong quarters; RS rating >= 80",5
CUPID,0.7112931554003715,5.371194911403906,2.3131718842291784,10.344998319487654,0.998878205128205,1.0,1.0,0.7197255433286558,2.529758759028174,0.036423444813668784,0.08884688090737236,0.16829174117267764,-0.045787576334968466,5493461440.475,194.18838358938822,158.7290969899666,-20.858897948085314,2.482918253112074,5.0,73.46264729268852,3.4399999999999977,1.0,24.0,3.33,20672.0,True,True,98.89060773480662,Personal Care,Fast Moving Consumer Goods,71.0,93,,0
CYIENT,0.05200812316177221,-0.019038076152304573,0.4970372730168844,-0.23652124607550004,0.9007364975450082,0.0,0.0,1.3187926492450213,2.2358889027603697,0.02415504592403963,0.043020941912252475,0.12771439841400767,-0.012630963365231816,416881327.55,-30.860324183886,21.258324570627394,24.984073993361022,-1.2515307479496098,0.0,-9.60954058231085,-3.9499999999999993,1.0,8.148539246744106,-1.490000000000002,20657.0,True,True,62.572375690607736,IT Enabled Services,Information Technology,40.0,93,"Uptrend (price > 50 > 150 > 200-day, 200-day rising); Quarterly profit growth >= 25%; 3-year profit growth >= 15%/yr; ROE >= 20%; RS rating >= 80",5
CYIENTDLM,0.4281304308752137,0.8199481865284974,2.022588741484403,2.122718632699298,0.9059464816650149,0.0,1.0,1.0513028479512634,0.48550615659574053,0.03598684793923134,0.12815623736060555,0.15160173552844403,-0.02647980561550855,427560540.4,118.41123013313997,34.25277448550803,146.1040479301939,1.0489562424406782,1.0,38.69637379667839,1.6800000000000002,1.0,7.213438735177865,1.9699999999999989,20655.0,True,True,98.01546961325967,Aerospace & Defense,Industrials,26.0,93,ROE >= 20%,1
DABUR,-0.08522757515765136,-0.26019417475728157,-0.09199237368922786,-1.157799243946398,0.7117977528089888,0.0,0.0,-0.570388558740208,2.8804645014403403,0.011695634508213525,0.027824730204134562,-0.045226761783951464,-0.015318303592658004,687272823.0,15.308114934117523,10.568410787821115,-0.48871931743461516,1.6496466175102324,0.0,4.4867026052785475,0.6400000000000006,1.0,16.36745774586216,-0.17999999999999972,20641.0,True,True,12.470718232044199,Personal Care,Fast Moving Consumer Goods,71.0,93,"Uptrend (price > 50 > 150 > 200-day, 200-day rising); Within 15% of 52-week high; Quarterly profit growth >= 25%; Sales growth >= 20% or 2+ strong quarters; 3-year profit growth >= 15%/yr; ROE >= 20%; RS rating >= 80",7
DALBHARAT,-0.07002338412529062,-0.20648084815321466,-0.0006460643910843888,-0.9915708713436381,0.7127375862506878,0.0,0.0,0.14890545592194482,1.1215409502131124,0.016706224971739226,0.04021732711273862,-0.06094043159818052,-0.023192469390570004,188131043.15,-13.944077218737993,6.98569856985698,-5.620325150517413,-0.4037991283561015,0.0,-0.469447201440254,-2.0599999999999987,1.0,6.4352856109906,-0.6400000000000006,20658.0,True,True,17.830939226519337,Cement & Cement Products,Commodities,87.0,93,"Uptrend (price > 50 > 150 > 200-day, 200-day rising); Within 15% of 52-week high; Quarterly profit growth >= 25%; Sales growth >= 20% or 2+ strong quarters; 3-year profit growth >= 15%/yr; ROE >= 20%; RS rating >= 80",7
DALMIASUG,0.07569228346175692,0.3202890646304881,0.4015052829642496,0.2514574610842019,0.7861538461538462,0.0,0.0,1.0286562146985754,1.464263597008999,0.03632969125765573,0.07321652065081352,-0.02899707368981108,-0.039756587204248316,110097955.92500001,-82.48912391216182,-9.85141569594422,-34.58367473580604,-0.5670151399632714,0.0,-12.876255386604463,-3.36,1.0,7.279457125231338,-0.04999999999999993,20672.0,True,True,68.37016574585635,Sugar,Fast Moving Consumer Goods,27.0,93,"Uptrend (price > 50 > 150 > 200-day, 200-day rising); Within 15% of 52-week high; Quarterly profit growth >= 25%; Sales growth >= 20% or 2+ strong quarters; 3-year profit growth >= 15%/yr; ROE >= 20%; RS rating >= 80",7
DATAMATICS,-0.00878660961903353,-0.08959133775759687,0.15904543096420376,-0.14954817293667452,0.7975742574257425,0.0,0.0,0.7407256264435352,1.9919223098289465,0.019423460432205816,0.04743687834736021,-0.0038495640334725856,-0.024383575403313845,54822923.95,43.69335008757209,9.913166224655656,10.623963979018548,1.9431281683631116,4.0,8.90284541636519,3.3100000000000005,1.0,12.629533678756477,0.010000000000000009,20670.0,True,True,40.91270718232044,IT Enabled Services,Information Technology,40.0,93,"Uptrend (price > 50 > 150 > 200-day, 200-day rising); Within 15% of 52-week high; 3-year profit growth >= 15%/yr; ROE >= 20%; RS rating >= 80",5
DATAPATTNS,0.09230995017225375,0.6303681534633829,0.4340310815096733,1.0681303045076804,0.8573799999999999,0.0,0.0,0.26556558237911526,0.40518818257041184,0.03171089169179113,0.0743879062472772,-0.055280284405392455,-0.047419264364914546,2700929173.35,-13.49402508297608,16.812644719621474,-34.81399462873971,-0.19649800710331672,0.0,25.858302653678102,-6.66,1.0,15.610599078341014,0.33000000000000185,20679.0,True,True,73.29281767955801,Aerospace & Defense,Industrials,26.0,93,"Uptrend (price > 50 > 150 > 200-day, 200-day rising); Quarterly profit growth >= 25%; Sales growth >= 20% or 2+ strong quarters; ROE >= 20%; RS rating >= 80",5
DBL,-0.06834414373384863,-0.2705575069800955,0.04868574388191127,-0.7600932887049003,0.6943589743589743,0.0,0.0,1.3137196451614754,0.32288431271671314,0.022187467839792013,0.041998285784253575,-0.02472755036626728,-0.021354105407204893,54811921.0,-6.295903901468758,-9.25681400123648,44.80098003126585,-0.07276347278224822,0.0,27.604011970131136,0.16999999999999993,1.0,20.471518523942013,0.03999999999999915,20675.0,True,True,18.596685082872927,Civil Construction,Industrials,81.0,93,"Uptrend (price > 50 > 150 > 200-day, 200-day rising); Within 15% of 52-week high; Quarterly profit growth >= 25%; Sales growth >= 20% or 2+ strong quarters; RS rating >= 80",5
DBREALTY,-0.1259060843629734,-0.4151825969341749,0.13076168682575995,-0.8892362073516571,0.5421253650864974,0.0,0.0,-0.5794668183672779,2.69983780317604,0.02081337980311646,0.04997413347128821,-0.08676490346314047,-0.022299463706633122,81009039.685,-100.0,-86.81589375602442,200.0,-0.017998220433751322,0.0,-56.83072893695951,-1.79,0.0,0.659985333659252,-0.1800000000000006,20679.0,True,True,4.156906077348067,"Residential, Commercial Projects",Consumer Discretionary,53.0,93,"Uptrend (price > 50 > 150 > 200-day, 200-day rising); Within 15% of 52-week high; Quarterly profit growth >= 25%; Sales growth >= 20% or 2+ strong quarters; 3-year profit growth >= 15%/yr; ROE >= 20%; RS rating >= 80",7
DCBBANK,0.12112094051410717,0.7347750039751946,0.3126391144799374,1.5420699048801754,0.8668654173764906,0.0,0.0,0.6867012263320778,1.2782412544500767,0.02237313289875317,0.03723284081153144,-0.0041129148265540705,-0.03950731993107824,214053055.90499997,35.53778432350059,9.414580082378965,19.475995563472416,6.362400894891853,1.0,16.710738279043724,2.0700000000000003,1.0,11.201224177505738,0.3200000000000074,20679.0,True,True,79.30939226519337,Private Sector Bank,Financial Services,30.0,93,"Uptrend (price > 50 > 150 > 200-day, 200-day rising); Sales growth >= 20% or 2+ strong quarters; ROE >= 20%; RS rating >= 80",4
DCMSHRIRAM,-0.07285534003431333,-0.16037657940374928,-0.08594803560190589,-0.8409207026964948,0.6498225691980128,0.0,0.0,0.6269657692813673,2.981095570212545,0.012702772399611657,0.013474968033835077,-0.0960215469918726,-0.0323239889721516,70811188.65,300.0,9.268496065188803,206.5447914362751,8.92088638763107,2.0,24.373674771142582,13.88,1.0,11.099585062240664,-0.1800000000000015,20657.0,True,True,16.955801104972377,Diversified,Diversified,74.0,93,"Uptrend (price > 50 > 150 > 200-day, 200-day rising); Within 15% of 52-week high; ROE >= 20%; RS rating >= 80",4
DCXINDIA,-0.12257981533725032,-0.3570950965824665,0.05549795694334336,-0.8519391238163948,0.5959696801626918,0.0,0.0,-0.23908288158850213,1.0278561937719883,0.016478395028268474,0.02866789077770515,-0.06664041508385055,-0.020356409886926424,57717698.285,-100.0,-53.57850198055456,0.0,-1.804109593018828,0.0,-40.49301205650262,-10.23,0.0,-0.5287508261731658,0.6699999999999999,20677.0,True,True,4.594475138121547,Aerospace & Defense,Industrials,26.0,93,"Uptrend (price > 50 > 150 > 200-day, 200-day rising); Within 15% of 52-week high; Quarterly profit growth >= 25%; Sales growth >= 20% or 2+ strong quarters; 3-year profit growth >= 15%/yr; ROE >= 20%; RS rating >= 80",7
DEEDEV,0.30171769349392835,1.1138764547896147,1.1184281356540464,2.588952901799917,0.8906578947368421,0.0,1.0,0.14373907697475455,0.6545783935731373,0.02914716178944784,0.049974589191936314,0.03823954819937736,-0.03819476609850865,117366190.75,22.40478512204911,31.596353235609588,39.762050198698205,0.16807689563977285,1.0,,-0.41000000000000014,1.0,8.651685393258427,5.869999999999999,20669.0,True,True,95.60883977900552,Industrial Products,Industrials,4.0,93,Quarterly profit growth >= 25%; 3-year profit growth >= 15%/yr; ROE >= 20%,3
DEEPAKFERT,-0.008382663675345549,-0.07348873962860525,0.4801956761874704,-0.26823863567756057,0.8036882807852469,0.0,0.0,0.005750428853461894,1.5193315700538477,0.019389192508247537,0.03416890480453594,-0.06813704662211739,-0.019445331367208295,302047101.0,101.00586784956774,22.473342736248235,150.84109757195137,2.12791101674955,1.0,3.098642795403972,5.880000000000001,1.0,10.797779076563414,1.1600000000000001,20664.0,True,True,41.24088397790055,Commodity Chemicals,Commodities,45.0,93,"Uptrend (price > 50 > 150 > 200-day, 200-day rising); Within 15% of 52-week high; 3-year profit growth >= 15%/yr; ROE >= 20%; RS rating >= 80",5
DEEPAKNTR,-0.03136837568215245,-0.03937180824776221,0.2998959726556696,-0.5480775099961359,0.8032976265490442,0.0,0.0,0.508993912116576,0.5041135045591989,0.017384669330518174,0.01909226020349819,-0.09123311432950387,-0.02377963868552758,402524708.8,207.2210452996534,36.389612038859596,198.63556197767264,4.027867510472473,1.0,1.077100019893007,7.44,1.0,9.43978070926846,0.34999999999999787,20650.0,True,True,32.05193370165746,Specialty Chemicals,Commodities,37.0,93,"Uptrend (price > 50 > 150 > 200-day, 200-day rising); Within 15% of 52-week high; 3-year profit growth >= 15%/yr; ROE >= 20%; RS rating >= 80",5
DEEPINDS,0.23530887417112245,0.27844699777613036,0.5933710590137431,0.8544262577402126,0.9163030303030304,0.0,1.0,0.9959738752436266,0.4974020849254407,0.03434207673677688,0.07381244143299948,0.11102619461586971,-0.028669524427873426,298135383.2,44.465321078318176,39.809523809523824,-255.53467892168183,0.5318415206146564,5.0,61.04770438513576,1.0300000000000011,1.0,9.854927463731865,0.06000000000000005,20662.0,True,True,92.7646408839779,Oil Equipment & Services,Energy,,93,ROE >= 20%,1
DELHIVERY,-0.052565165164355845,-0.006208474022437738,0.06402332361516039,-0.34636584503635626,0.7818702290076336,0.0,0.0,-0.08293344444414809,1.8873618560348635,0.016993203252456953,0.024294478527607355,-0.09453360856093385,-0.03024829241078501,1099586786.225,-64.92332752838969,27.756320836965998,-62.750807550816184,-0.8177748949165802,0.0,,-2.88,1.0,1.5794363580055746,0.5,20673.0,True,True,23.8475138121547,Logistics Solution Provider,Services,56.0,93,"Uptrend (price > 50 > 150 > 200-day, 200-day rising); Within 15% of 52-week high; Quarterly profit growth >= 25%; 3-year profit growth >= 15%/yr; ROE >= 20%; RS rating >= 80",6
DEVYANI,-0.011473500231072062,-0.20757195066240286,0.3938328646042588,-0.6545039949782382,0.7167060894438638,0.0,0.0,0.7772737461921271,0.7889319705294183,0.02395543417168912,0.01848954629497923,-0.0295897299922242,-0.032207437202967905,344356487.865,300.0,16.47420355645297,0.0,0.5100668059492868,2.0,,0.9000000000000001,1.0,-2.7885862516212714,0.19000000000000128,20658.0,True,True,39.49060773480663,Restaurants,Consumer Discretionary,63.0,93,"Uptrend (price > 50 > 150 > 200-day, 200-day rising); Within 15% of 52-week high; 3-year profit growth >= 15%/yr; ROE >= 20%; RS rating >= 80",5
DHAMPURSUG,0.08747046636179943,0.27292747034169196,0.34154375982630825,0.5639079949552337,0.8574429771908764,0.0,1.0,0.2129060349773568,2.0771246398331815,0.02903873231375397,0.06092079689018459,0.05545998278458675,-0.04313536827877408,106779507.655,300.0,5.983660005369962,306.8462322490022,0.29748851004926785,1.0,-24.554730105857413,0.93,1.0,5.430242272347535,-0.15000000000000036,20665.0,True,True,71.76132596685082,Sugar,Fast Moving Consumer Goods,27.0,93,Sales growth >= 20% or 2+ strong quarters; 3-year profit growth >= 15%/yr; ROE >= 20%; RS rating >= 80,4
DIVGIITTS,0.1797264874436367,0.7957176363773928,0.7587254538718045,1.7029410480025045,0.888705068431343,0.0,1.0,0.7772872842462226,2.012580445893987,0.032142487606347345,0.06918344990309255,0.04389887130311565,-0.029963457033274226,121330749.65,182.53088454482906,91.3225446428571,-6.712983878161481,2.933090643173912,5.0,8.599667842980097,5.939999999999998,1.0,7.4015748031496065,0.08000000000000185,20679.0,True,True,86.74806629834255,Auto Components & Equipments,Consumer Discretionary,15.0,93,3-year profit growth >= 15%/yr; ROE >= 20%,2
DIVISLAB,0.1783746703853513,0.5645347876384068,0.5784910379324719,2.2086843735571224,0.9539527720739219,1.0,1.0,0.6083890690643888,1.314867008434618,0.017684403719430586,0.029084687767322537,0.059413346225152264,-0.015644247137943525,3889521182.25,65.55888133807792,27.800829875518662,52.10823003452671,5.933998581109486,1.0,26.380805542680406,6.68,1.0,15.32128154644711,0.060000000000002274,20650.0,True,True,86.63867403314917,Pharmaceuticals,Healthcare,17.0,93,ROE >= 20%,1
DIXON,-0.03152388219990443,-0.1809156094870381,0.48218385068370107,-0.7075719905379361,0.7092198581560284,0.0,0.0,-0.2626049267218929,1.5867362715863012,0.018327622820864822,0.026528258362168433,-0.06324591725386597,-0.01694544650012916,4351939720.0,156.7038085567434,21.128636938030464,143.3731320115342,3.0657280848939834,1.0,95.97232027039428,2.44,1.0,35.15073765234125,-0.18999999999999773,20665.0,True,True,31.942541436464087,Consumer Electronics,Consumer Discretionary,89.0,93,"Uptrend (price > 50 > 150 > 200-day, 200-day rising); Within 15% of 52-week high; RS rating >= 80",3
DLF,-0.005158174103662486,-0.09000526731630243,0.3213193116634798,-0.3694731951121894,0.8569612205975843,0.0,0.0,0.15177227721767547,1.6713480111785333,0.01845811427677141,0.03215926493108734,0.017275573009897904,-0.02731782375163421,1848560881.725,4.112517899651635,-52.87149850922075,7.3340029440380095,0.09240688983898525,0.0,27.195432096402094,33.94,1.0,9.709058122402304,-0.14000000000000057,20648.0,True,True,42.22541436464088,"Residential, Commercial Projects",Consumer Discretionary,53.0,93,"Uptrend (price > 50 > 150 > 200-day, 200-day rising); Quarterly profit growth >= 25%; Sales growth >= 20% or 2+ strong quarters; ROE >= 20%; RS rating >= 80",5
DMART,-0.05285779933211528,-0.1583763136882539,-0.0008198401311744208,-0.7439812146407108,0.7995204643923779,0.0,0.0,-0.1825298509033737,1.3172847493952005,0.01294176365875486,0.015303150648662944,-0.01869371183349955,-0.013810252021784581,1593128479.1,11.475547394626084,14.883096878304602,-7.7540191573466615,1.591986286467445,0.0,8.49936719737907,-0.13999999999999968,1.0,12.140287769784171,0.120000000000001,20645.0,True,True,23.738121546961324,Diversified Retail,Consumer Discretionary,48.0,93,"Uptrend (price > 50 > 150 > 200-day, 200-day rising); Within 15% of 52-week high; Quarterly profit growth >= 25%; Sales growth >= 20% or 2+ strong quarters; 3-year profit growth >= 15%/yr; ROE >= 20%; RS rating >= 80",7
DOMS,-0.05999463950165348,-0.1459449120122418,-0.005302085189805794,-0.738325204948503,0.7647912885662432,0.0,0.0,-0.27111404231919894,1.3391778807826888,0.01208973591902982,0.026603001364256418,-0.03981377764693761,-0.018173580815830585,59857432.25,-23.413243023663266,19.24841715871097,-36.95398047787152,-2.4979480400060123,0.0,,-3.76,1.0,19.672131147540984,6.649999999999995,20668.0,True,True,20.784530386740332,Stationary,Fast Moving Consumer Goods,,93,"Uptrend (price > 50 > 150 > 200-day, 200-day rising); Within 15% of 52-week high; Quarterly profit growth >= 25%; Sales growth >= 20% or 2+ strong quarters; 3-year profit growth >= 15%/yr; ROE >= 20%; RS rating >= 80",7
DREDGECORP,0.053613986085350625,0.5863855508383102,0.3524323661125084,0.5185236351377418,0.715552099533437,0.0,0.0,0.4747767827166148,0.8453882366554933,0.02454354486124038,0.023847856711612048,-0.1326248795835996,-0.03903332234166858,92686576.19999999,100.0,46.726387054161165,-161.37756120525745,0.7176745309264215,2.0,-38.638061182616404,12.790000000000001,1.0,0.40650406504065045,-0.9699999999999998,20679.0,True,True,63.338121546961325,Dredging,Services,,93,"Uptrend (price > 50 > 150 > 200-day, 200-day rising); Within 15% of 52-week high; 3-year profit growth >= 15%/yr; ROE >= 20%; RS rating >= 80",5
DRREDDY,-0.027512082562415868,-0.11770100886579027,-0.09932121401263938,-0.2428569878387789,0.8714396777157396,0.0,0.0,-0.11119098871857999,2.8762545497605356,0.014703602348317142,0.030701754385964897,0.04866199914269975,-0.028593761459999985,2026841993.8,-69.09680089244074,-5.509735070752797,16.96434937941501,-1.945990682407221,0.0,-12.326074358103522,-11.07,1.0,10.97329251557057,0.5600000000000023,20636.0,True,True,33.03646408839779,Pharmaceuticals,Healthcare,17.0,93,"Uptrend (price > 50 > 150 > 200-day, 200-day rising); Quarterly profit growth >= 25%; Sales growth >= 20% or 2+ strong quarters; 3-year profit growth >= 15%/yr; ROE >= 20%; RS rating >= 80",6
DWARKESH,0.002357854304061966,0.25888568683957724,0.2466111771700359,0.05261216803473814,0.7121869782971619,0.0,0.0,0.5541940556158169,2.322295263914644,0.037575554073488206,0.10481099656357373,-0.044851242185960816,-0.0466731038011451,89869818.07,-49.0457612434036,-8.147757255936671,50.9542387565964,-1.2553684829862,0.0,38.509048428010885,-29.180000000000003,0.0,,-0.1399999999999999,14927.0,True,True,45.39779005524862,Sugar,Fast Moving Consumer Goods,27.0,93,"Uptrend (price > 50 > 150 > 200-day, 200-day rising); Within 15% of 52-week high; Quarterly profit growth >= 25%; Sales growth >= 20% or 2+ strong quarters; ROE >= 20%; RS rating >= 80",6
DYCL,0.08186792025993073,0.19144824254136972,0.9622040978714939,0.09991908982323301,0.780625,0.0,0.0,0.4116459056770323,0.44475581498046557,0.04055279901542183,0.0997566909975669,-0.017671354159644492,-0.03248928106027992,213280087.85,37.0577175871881,33.22393527705694,34.406064702803945,1.8822976054345688,1.0,37.32954988743482,0.20000000000000018,1.0,18.38074398249453,-0.52,20679.0,True,True,70.55801104972375,Cables - Electricals,Industrials,6.0,93,"Uptrend (price > 50 > 150 > 200-day, 200-day rising); Within 15% of 52-week high; ROE >= 20%; RS rating >= 80",4
DYNAMATECH,0.21285532366761922,0.6895164136957288,0.3203133620214058,1.9947262579418419,0.9971428571428571,1.0,1.0,0.23119435493840787,2.3500947093152553,0.021557235080594005,0.04799445551416448,0.18271571897054817,-0.04490146287608883,182552607.0,93.11394379644082,14.525651740220535,82.28414581861884,1.3214701868300576,1.0,-0.8822981200768965,1.9899999999999998,1.0,4.030226700251889,0.3599999999999959,20672.0,True,True,91.01436464088398,Industrial Products,Industrials,4.0,93,Sales growth >= 20% or 2+ strong quarters; 3-year profit growth >= 15%/yr; ROE >= 20%,3
EBGNG,0.1749760447038909,0.6414310598954844,0.6529483200647686,1.5880230121092649,0.9407534246575342,1.0,1.0,0.48144803246372125,1.1875383397569983,0.0339902714178874,0.07438216766273609,0.12575138885018466,-0.02432987780153445,351345183.29999995,56.13526020125927,32.0801844498527,-129.3834671620388,1.0823868150840175,9.0,,1.08,1.0,17.41424802110818,4.109999999999999,20664.0,True,True,86.31049723756905,Computers Hardware & Equipments,Information Technology,10.0,93,3-year profit growth >= 15%/yr; ROE >= 20%,2
ECLERX,0.06089459497082239,-0.0698910818885411,0.35144927536231885,-0.3102163570236707,0.7286886886886887,0.0,0.0,-0.11229341404327566,1.1388867992101166,0.02967071228506248,0.0350432763352333,-0.03585645550762828,-0.02893795835924913,340549102.6,15.980030206410456,23.305084745762716,-8.375324276097261,1.0837934488101753,0.0,13.680103386778896,-0.9000000000000004,1.0,27.567356501366653,-0.9199999999999946,20670.0,True,True,65.08839779005525,Business Process Outsourcing (BPO)/ Knowledge Process Outsourcing (KPO),Services,25.0,93,"Uptrend (price > 50 > 150 > 200-day, 200-day rising); Within 15% of 52-week high; Quarterly profit growth >= 25%; 3-year profit growth >= 15%/yr; RS rating >= 80",5
EDELWEISS,0.07645832473157123,0.08942324148553826,0.22413461538461532,0.5504780698343287,0.9776027397260273,1.0,1.0,0.775543526278264,1.5822878279755075,0.024248106649271028,0.06799809795530187,0.12623488937284977,-0.0360258820414546,676939873.7750001,30.916319082440946,3.6893549751742194,47.52083977074489,0.5553966208382061,1.0,18.24873618777221,1.1999999999999993,1.0,14.709063378758383,1.2199999999999989,20671.0,True,True,68.5889502762431,Holding Company,Financial Services,66.0,93,Sales growth >= 20% or 2+ strong quarters; ROE >= 20%; RS rating >= 80,3
EICHERMOT,0.0028679816457603206,0.13775838638151772,0.16765763781839538,0.08609453775912772,0.8687727825030377,0.0,0.0,-0.24173738669151884,1.3561713411642513,0.010826187757607904,0.009840980187695525,-0.08007230760323458,-0.023634159623159838,2991175175.0,21.365054047811615,31.547609602843394,9.776291290100335,3.135561956033514,1.0,21.767220121902398,-1.8499999999999979,1.0,21.97211155378486,-0.00999999999999801,20661.0,True,True,45.725966850828726,2/3 Wheelers,Consumer Discretionary,31.0,93,"Uptrend (price > 50 > 150 > 200-day, 200-day rising); Quarterly profit growth >= 25%; RS rating >= 80",3
EIDPARRY,-0.09315622475413511,-0.2508668353481398,0.004965742661386496,-1.318812785766157,0.6135062611806797,0.0,0.0,-0.038278576386951944,0.8417694715641315,0.017369539012900864,0.022043361612646084,-0.10105909628851029,-0.026289402192960852,241316430.05,-33.06165560734841,3.4148914819805753,45.89700450888931,-0.8616326087252372,0.0,-1.7189419783640747,-1.88,1.0,15.742642026009582,-1.0699999999999967,20654.0,True,True,10.173480662983426,Other Food Products,Fast Moving Consumer Goods,,93,"Uptrend (price > 50 > 150 > 200-day, 200-day rising); Within 15% of 52-week high; Quarterly profit growth >= 25%; Sales growth >= 20% or 2+ strong quarters; 3-year profit growth >= 15%/yr; ROE >= 20%; RS rating >= 80",7
EIEL,-0.048668077852776485,-0.2624442863028579,0.42695652173913023,-0.6048789291389111,0.7124018484427246,0.0,0.0,0.229336114132966,0.8317350440740989,0.02302834306346399,0.050254841997961375,-0.0723246286509911,-0.03212676955682527,140177107.54,-2.0353216289539677,49.08683380375229,24.444353509652608,-0.0637855676596786,0.0,,-6.57,1.0,15.247364152473642,-0.07999999999999985,20676.0,True,True,25.269613259668507,Water Supply & Management,Utilities,44.0,93,"Uptrend (price > 50 > 150 > 200-day, 200-day rising); Within 15% of 52-week high; Quarterly profit growth >= 25%; 3-year profit growth >= 15%/yr; ROE >= 20%; RS rating >= 80",6
ELECON,-0.05418069384455728,-0.3197059795176742,0.10623153370937422,-0.515075613712751,0.7376996805111822,0.0,0.0,1.4612538056241162,5.218390186559164,0.025201738734561156,0.10949946498632745,0.06780738771027228,-0.05798774219541274,144064391.10000002,-34.59896717790969,6.113296777218324,16.088474423504955,-0.9823227100850926,0.0,3.998870534501764,-8.410000000000002,1.0,14.793926247288503,1.3699999999999992,20644.0,True,True,23.191160220994476,Heavy Electrical Equipment,Industrials,34.0,93,"Uptrend (price > 50 > 150 > 200-day, 200-day rising); Within 15% of 52-week high; Quarterly profit growth >= 25%; Sales growth >= 20% or 2+ strong quarters; 3-year profit growth >= 15%/yr; ROE >= 20%; RS rating >= 80",7
ELECTCAST,-0.05917507432491728,-0.15039201710620098,0.039880358923230386,-0.511680244512645,0.7460874799357945,0.0,0.0,0.995189559775217,10.039653566118226,0.018909916935243503,0.0577747062888736,-0.007754378849171184,-0.030908855093277718,102967183.76,-45.76106106015779,-8.481790343393115,44.75234854926048,-0.40948065373296405,0.0,-18.694747137610612,-2.3299999999999996,1.0,2.7177582714382176,-2.790000000000001,20672.0,True,True,21.331491712707184,Iron & Steel Products,Industrials,8.0,93,"Uptrend (price > 50 > 150 > 200-day, 200-day rising); Within 15% of 52-week high; Quarterly profit growth >= 25%; Sales growth >= 20% or 2+ strong quarters; 3-year profit growth >= 15%/yr; ROE >= 20%; RS rating >= 80",7
ELGIEQUIP,0.0493818328955722,0.24696879348042144,0.32520067596113233,0.6377018713860766,0.9318181818181819,0.0,1.0,0.7004349170548452,0.592128654292994,0.01866204959297216,0.02738917916736905,0.007127721692987032,-0.015314341176732258,199717212.14999998,26.898412658373296,22.556824737510084,1.4223328814410046,1.9793333369874138,4.0,6.6400741771706295,0.34999999999999964,1.0,19.265232974910393,0.7399999999999949,20656.0,True,True,61.587845303867404,"Compressors, Pumps & Diesel Engines",Industrials,52.0,93,3-year profit growth >= 15%/yr; ROE >= 20%; RS rating >= 80,3
ELLEN,0.050546778151814506,-0.37390713036720424,0.5427518192263501,-0.5976756687030581,0.6854234684079124,0.0,0.0,0.9697376108151635,7.468039711336284,0.035004996783080874,0.09990706319702602,0.10285710754170085,-0.023971703210775075,172462584.27499998,86.85425526609396,18.043764199449974,61.48622786142239,1.679573515900227,4.0,,13.039999999999996,1.0,10.644831115660185,-1.6199999999999992,20679.0,True,True,62.24419889502763,Industrial Gases,Commodities,,93,"Uptrend (price > 50 > 150 > 200-day, 200-day rising); Within 15% of 52-week high; 3-year profit growth >= 15%/yr; ROE >= 20%; RS rating >= 80",5
EMAMILTD,-0.09279210140067645,-0.3686583990980834,-0.07402696514881713,-1.352464262154852,0.6514005842928339,0.0,0.0,0.33503864071474965,1.6832566137359084,0.017576269751808784,0.03475274725274713,-0.03071635699710007,-0.024947216947601374,422863949.375,-15.419912223879951,14.945414726409979,-3.721541018284503,-0.7441086609603538,0.0,3.158544275789432,-4.8000000000000025,1.0,26.50478796169631,-0.6100000000000065,20666.0,True,True,10.392265193370166,Personal Care,Fast Moving Consumer Goods,71.0,93,"Uptrend (price > 50 > 150 > 200-day, 200-day rising); Within 15% of 52-week high; Quarterly profit growth >= 25%; Sales growth >= 20% or 2+ strong quarters; 3-year profit growth >= 15%/yr; RS rating >= 80",6
EMBDL,-0.06478635785226596,-0.3645577395577396,0.4945822297134601,-0.7989250129738708,0.5897590968652354,0.0,0.0,-0.7077104535539734,0.9683454640485466,0.024232330453599467,0.09298440979955447,-0.029617319945999587,-0.03653296084395074,122203350.76,-100.0,-68.16806673324326,-200.0,-0.28706869463017876,0.0,-80.87654429070467,-83.81,0.0,-8.83664369679773,-0.8500000000000014,20675.0,True,True,19.69060773480663,"Residential, Commercial Projects",Consumer Discretionary,53.0,93,"Uptrend (price > 50 > 150 > 200-day, 200-day rising); Within 15% of 52-week high; Quarterly profit growth >= 25%; Sales growth >= 20% or 2+ strong quarters; 3-year profit growth >= 15%/yr; ROE >= 20%; RS rating >= 80",7
EMCURE,0.09053890950617735,0.40022641509433954,0.12258728141828512,1.4256132519386124,0.9249297853096587,1.0,1.0,0.525844655715417,1.907117770206629,0.016718206172003428,0.04921981359304639,0.009027760467299917,-0.0159001948757336,230625839.3,34.60892730926941,22.84698220457595,18.512513714604562,2.5940146441577734,1.0,,0.9900000000000002,1.0,19.01010101010101,3.8800000000000026,20671.0,True,True,72.85524861878453,Pharmaceuticals,Healthcare,17.0,93,3-year profit growth >= 15%/yr; ROE >= 20%; RS rating >= 80,3
EMIL,0.20439210930016652,0.12089617079376902,0.9784204184467082,0.5876521051989807,0.9826777682074841,1.0,1.0,1.6995889826391217,1.8076201497331739,0.033042408047606,0.07120129362057281,0.18414709810153584,-0.03130033746590113,397760417.13,300.0,39.06886897130602,262.04430877943554,4.628624978937605,2.0,11.246379219641,3.45,1.0,6.580565805658056,0.39000000000000057,20672.0,True,True,90.5767955801105,Diversified Retail,Consumer Discretionary,48.0,93,3-year profit growth >= 15%/yr; ROE >= 20%,2
EMMVEE,,,0.440886699507389,,0.850222042793702,0.0,0.0,0.28147047249452334,1.3572193218438866,0.02317898354104583,0.041806020066889715,-0.02731163592696373,-0.03315954689221181,506430039.375,102.64534196442483,51.341674612286205,13.198788650411956,,8.0,,6.189999999999998,1.0,29.290741743367622,-2.01,20649.0,True,True,,Other Electrical Equipment,Industrials,50.0,93,"Uptrend (price > 50 > 150 > 200-day, 200-day rising); 3-year profit growth >= 15%/yr; RS rating >= 80",3
EMSLIMITED,-0.09743707160130653,-0.351587507569859,0.3560702008322778,-0.7536279064224524,0.5844020797227036,0.0,0.0,1.1389065233903428,0.3451591718822763,0.025665842199859446,0.03866809881847488,-0.11806245749856148,-0.048196485288222145,69116810.6,-59.30083310346973,-34.17891079576373,28.527235991039376,-1.0784924287874156,0.0,-16.62103009613749,-6.08,1.0,8.617424242424242,-0.25999999999999995,20677.0,True,True,9.188950276243094,Waste Management,Utilities,,93,"Uptrend (price > 50 > 150 > 200-day, 200-day rising); Within 15% of 52-week high; Quarterly profit growth >= 25%; Sales growth >= 20% or 2+ strong quarters; 3-year profit growth >= 15%/yr; ROE >= 20%; RS rating >= 80",7
EMUDHRA,0.0788246502481301,-0.18728675270731343,0.42576447625243996,-0.27157302940898265,0.8633666232450428,0.0,0.0,1.1113742581817099,1.0044606129732734,0.03792396173351448,0.19997975913369093,0.0988585871239196,-0.09908976385155145,80910091.64999999,27.87689096297612,29.477257298031212,6.3761901663294225,3.7479215119558638,3.0,22.366921737237643,-0.2099999999999973,1.0,12.074643249176729,-1.9900000000000002,20663.0,True,True,69.57348066298343,IT Enabled Services,Information Technology,40.0,93,"Uptrend (price > 50 > 150 > 200-day, 200-day rising); ROE >= 20%; RS rating >= 80",3
ENDURANCE,-0.009099450174555185,0.0072265487967444475,0.2704424778761061,-0.2212551600251191,0.86474609375,0.0,0.0,0.04762770705104499,1.097554538032891,0.015331137911515212,0.02374067873991792,-0.055690279208549964,-0.016156161746762387,323163665.9,8.08752049904966,30.010033475047404,-9.324506904055287,1.6038291195143035,0.0,22.193580483871077,-1.1500000000000004,1.0,13.916094138283878,-0.16000000000000014,20657.0,True,True,40.47513812154696,Auto Components & Equipments,Consumer Discretionary,15.0,93,"Uptrend (price > 50 > 150 > 200-day, 200-day rising); Quarterly profit growth >= 25%; ROE >= 20%; RS rating >= 80",4
ENGINERSIN,0.16178509503695065,0.28556701030927845,0.38022452959468733,1.1822976426580631,0.9632856253889236,1.0,1.0,1.0873789544209247,4.139862296816394,0.02518119500445905,0.07095926412614961,0.20122543618140676,-0.06855198165646413,601504742.9300001,141.5719616824151,-5.804494691851647,171.69481249978088,0.8187336906367655,1.0,23.09531184655407,11.750000000000002,1.0,21.99618563254927,1.5399999999999991,20678.0,True,True,85.4353591160221,Civil Construction,Industrials,81.0,93,Sales growth >= 20% or 2+ strong quarters,1
ENRIN,-0.022853504914563172,-0.10450575350062385,0.22826500342283396,-0.29044923038552434,0.8064516129032258,0.0,0.0,0.3319899450470769,1.1934496628878875,0.02446018247055421,0.03824257823807531,-0.0275211514149567,-0.024089140130924214,1103720973.1999998,67.8557245808341,39.28051103888828,15.564579580426624,,8.0,,3.019999999999998,1.0,25.108422734535495,-0.05000000000000071,20679.0,True,True,35.00552486187845,Heavy Electrical Equipment,Industrials,34.0,93,"Uptrend (price > 50 > 150 > 200-day, 200-day rising); Within 15% of 52-week high; 3-year profit growth >= 15%/yr; RS rating >= 80",4
ENTERO,0.196840131158303,0.6388084027526257,0.4616005814423001,1.3593369013773777,0.8900520833333334,0.0,1.0,1.1021315205362054,0.8227457161488899,0.028221705748671447,0.03942157686307457,0.09325939592764243,-0.03186145569483266,226942690.35000002,72.30526805099575,38.229972503597345,29.066177815895955,4.191105426970341,14.0,,0.5300000000000002,1.0,8.644168146832445,-0.8100000000000023,20662.0,True,True,89.15469613259668,Pharmacy Retail,Consumer Discretionary,,93,3-year profit growth >= 15%/yr; ROE >= 20%,2
EPACK,-0.17831699830160302,-0.4953535353535353,-0.11698166564547297,-1.0806617295459944,0.47162452931683696,0.0,0.0,-0.538540680354785,0.9366494093884299,0.01740675574893818,0.01801156706141538,-0.13731860813847763,-0.022102963633305845,66069684.38000001,-48.583169704172505,33.76107731094975,51.416830295827495,-0.6929581035440258,0.0,,-2.13,1.0,0.3125,-1.2599999999999998,20676.0,True,True,0.656353591160221,Household Appliances,Consumer Discretionary,90.0,93,"Uptrend (price > 50 > 150 > 200-day, 200-day rising); Within 15% of 52-week high; Quarterly profit growth >= 25%; 3-year profit growth >= 15%/yr; ROE >= 20%; RS rating >= 80",6
EPACKPEB,,,0.5935882691201839,,0.7069767441860465,0.0,0.0,0.7155681317181574,0.7434055572003335,0.032374039526808514,0.06766551754618577,0.015655799595074127,-0.04459177370279529,123941545.555,13.377134646823997,23.870792984357013,-37.72547107654327,0.3936383917410872,0.0,,-0.45999999999999996,1.0,12.670299727520437,0.06999999999999851,20666.0,True,True,,Industrial Products,Industrials,4.0,93,"Uptrend (price > 50 > 150 > 200-day, 200-day rising); Within 15% of 52-week high; Quarterly profit growth >= 25%; 3-year profit growth >= 15%/yr; ROE >= 20%; RS rating >= 80",6
EPL,0.028347274982396198,0.2224088067916783,0.3196032025781761,0.31881614045895906,0.8648688099843084,0.0,0.0,-0.9336230285245072,0.5941861497230484,0.02306941834842187,0.04337706305543798,-0.016856146557295726,-0.017347451853901297,351308072.85,-0.7399417102310957,25.273039082949733,0.6178143145104675,-0.03168090207826471,0.0,18.351411834343168,-1.9000000000000004,1.0,13.785864240727783,0.45000000000000284,20676.0,True,True,54.69613259668509,Packaging,Industrials,23.0,93,"Uptrend (price > 50 > 150 > 200-day, 200-day rising); Quarterly profit growth >= 25%; ROE >= 20%; RS rating >= 80",4
EQUITASBNK,0.033281293680700985,0.30114335971855755,0.3488329686360321,0.6148152613480028,0.8215733015494636,0.0,0.0,-0.5251436874463757,2.2399262761897694,0.020282836187219627,0.030133146461107208,-0.0678005068741766,-0.0378812061959186,122295728.21000001,100.0,18.894266341593593,-200.0,2.891212103355597,4.0,-8.565710010028527,22.939999999999998,1.0,1.6816326530612244,1.3400000000000034,20679.0,True,True,56.11823204419889,Other Bank,Financial Services,29.0,93,"Uptrend (price > 50 > 150 > 200-day, 200-day rising); Within 15% of 52-week high; 3-year profit growth >= 15%/yr; ROE >= 20%; RS rating >= 80",5
ERIS,-0.0922445226956751,-0.20655697596183253,-0.032590051457976,-0.9059352061725713,0.685,0.0,0.0,-0.55354132152073,9.178875719584044,0.013736217005029971,0.016179775280898756,-0.10655790545210297,-0.04019010209923281,75189316.25,14.574814865748674,12.968952134540746,-158.14125836652647,0.2886940677603158,0.0,21.89317447644923,0.23000000000000043,1.0,16.60261337432744,-0.2700000000000031,20663.0,True,True,10.720441988950276,Pharmaceuticals,Healthcare,17.0,93,"Uptrend (price > 50 > 150 > 200-day, 200-day rising); Within 15% of 52-week high; Quarterly profit growth >= 25%; Sales growth >= 20% or 2+ strong quarters; ROE >= 20%; RS rating >= 80",6
ESCORTS,-0.07233170360823278,-0.19900510818111306,0.053687025049254045,-0.9031881323649439,0.6808766738552584,0.0,0.0,0.5539121054032982,3.2778864870768634,0.012487301698880935,0.018867924528301883,-0.0877821535624943,-0.02908487949919435,178112467.6,23.574234680238337,28.29943401131978,6.402346311763662,1.715386967782649,1.0,20.11326436382024,-0.46000000000000085,1.0,19.348581588943667,-0.35999999999999943,20668.0,True,True,17.065193370165744,Tractors,Industrials,,93,"Uptrend (price > 50 > 150 > 200-day, 200-day rising); Within 15% of 52-week high; Quarterly profit growth >= 25%; ROE >= 20%; RS rating >= 80",5
ETERNAL,0.029634150738976843,-0.0302940741835378,0.40712784663550217,-0.16320168765149107,0.8685031890351472,0.0,0.0,0.48360560711179973,0.9750505596324648,0.016527082712964672,0.027688542144714612,0.00212952524113752,-0.02741182003449552,7483032329.5,270.62967170962156,182.00083717036418,-29.37032829037844,0.40977422990037904,3.0,,0.11000000000000004,1.0,1.1814073595868302,-0.19000000000001194,20656.0,True,True,55.24309392265194,E-Retail/ E-Commerce,Consumer Discretionary,18.0,93,"Uptrend (price > 50 > 150 > 200-day, 200-day rising); 3-year profit growth >= 15%/yr; ROE >= 20%; RS rating >= 80",4
ETHOSLTD,0.01823133008515177,0.15744290049512855,0.30307934367273526,0.035889129078461576,0.7816630210419298,0.0,0.0,0.6650461272187993,1.4785552590423103,0.026149538084027243,0.01903767370873144,-0.06990793657543426,-0.0267455825743891,73580289.7,50.803341172193605,33.318895818895825,50.74596226594154,3.660152137724897,1.0,17.715707717958228,0.7199999999999998,1.0,6.451612903225806,0.759999999999998,20668.0,True,True,51.74254143646409,"Gems, Jewellery And Watches",Consumer Discretionary,11.0,93,"Uptrend (price > 50 > 150 > 200-day, 200-day rising); Within 15% of 52-week high; ROE >= 20%; RS rating >= 80",4
EUREKAFORB,-0.12639575652164142,-0.2584405491753734,-0.07066334812249764,-1.1904033546352122,0.5401765674098459,0.0,0.0,-0.5899223339005535,3.213965082370711,0.0177273083539951,0.014895377704220447,-0.14067465371092858,-0.037188296257554,66898556.85,10.338183469421569,15.222004704953363,5.352160024459329,0.6612304868230114,0.0,48.609710358468746,-0.27000000000000046,1.0,3.544248749728202,0.120000000000001,20661.0,True,True,3.9381215469613258,Household Appliances,Consumer Discretionary,90.0,93,"Uptrend (price > 50 > 150 > 200-day, 200-day rising); Within 15% of 52-week high; Quarterly profit growth >= 25%; Sales growth >= 20% or 2+ strong quarters; ROE >= 20%; RS rating >= 80",6
EXICOM,0.06048545828938764,0.07207905444681262,0.9945926459985581,-0.029487094684167593,0.8040915578580115,0.0,0.0,-0.009905584661689113,0.451263349592942,0.03319109336117578,0.07054716186119303,-0.0618821071172625,-0.05976022773319895,163780293.39499998,-100.0,61.24586012078708,0.0,-0.06276741801442524,0.0,,12.420000000000002,0.0,-42.08909370199693,-3.1500000000000004,20675.0,True,True,64.8696132596685,Heavy Electrical Equipment,Industrials,34.0,93,"Uptrend (price > 50 > 150 > 200-day, 200-day rising); Within 15% of 52-week high; Quarterly profit growth >= 25%; 3-year profit growth >= 15%/yr; ROE >= 20%; RS rating >= 80",6
EXIDEIND,0.018317708640554122,0.09175449473031616,0.4633538308126972,0.07834237502586217,0.831184528605963,0.0,0.0,0.2905862271178874,0.7780670025150412,0.017085184011852307,0.041208791208791284,-0.06717008432999472,-0.022593067035869153,1097126092.4,27.81124041794696,17.74736321968342,12.285619426251749,1.809593006193243,1.0,3.757841791057004,0.5,1.0,6.184825602301331,0.5,20664.0,True,True,51.85193370165746,Auto Components & Equipments,Consumer Discretionary,15.0,93,"Uptrend (price > 50 > 150 > 200-day, 200-day rising); Within 15% of 52-week high; Sales growth >= 20% or 2+ strong quarters; 3-year profit growth >= 15%/yr; ROE >= 20%; RS rating >= 80",6
FACT,-0.07190761808714075,-0.15652441842551224,0.04153455928979066,-0.5412340962939012,0.7159928207065938,0.0,0.0,1.776787359469275,0.8148030494824036,0.020165823576270323,0.049136351740382,-0.058002535358305685,-0.022934058869743517,78317804.0,-100.0,65.13660971961829,-186.9660819703273,-0.9614102977268665,0.0,-72.97148832487841,-5.17,0.0,2.9905178701677606,-0.04000000000000001,20481.0,True,True,17.283977900552486,Fertilizers,Commodities,59.0,93,"Uptrend (price > 50 > 150 > 200-day, 200-day rising); Within 15% of 52-week high; Quarterly profit growth >= 25%; 3-year profit growth >= 15%/yr; ROE >= 20%; RS rating >= 80",6
FCL,0.3460035921561977,1.178893178893179,1.5180961824491819,2.365610742979536,0.920673076923077,0.0,1.0,0.264934852337797,2.4654741035495173,0.03744343587958892,0.09998058629392359,0.18831910246227168,-0.03654478896382524,805643065.3199999,92.61126960736958,174.77201429926316,-25.01515202731653,2.225471830560528,2.0,15.836884873085255,-5.460000000000001,1.0,14.17233560090703,0.3200000000000003,20657.0,True,True,96.92154696132596,Specialty Chemicals,Commodities,37.0,93,ROE >= 20%,1
FEDERALBNK,0.10343900422638304,0.8280120945011018,0.32454511696992183,2.4030267231773754,0.853914447134786,0.0,0.0,-0.45908897695100764,1.8538027654546072,0.015891197566810532,0.01314984709480127,-0.08641101142417995,-0.029955774506053898,1660759775.775,37.07249088426299,9.939251892085398,12.78843317137748,2.3916460668374064,2.0,11.880865779427975,3.280000000000001,1.0,11.215443398346778,0.5400000000000063,20651.0,True,True,76.35580110497237,Private Sector Bank,Financial Services,30.0,93,"Uptrend (price > 50 > 150 > 200-day, 200-day rising); 3-year profit growth >= 15%/yr; ROE >= 20%; RS rating >= 80",4
FEDFINA,-0.0013243670745671128,0.019648531223656063,0.20684626602195122,-0.051600039410409186,0.8458090542357688,0.0,0.0,0.10933911998477712,1.2777595023188193,0.018910353845309688,0.02407774201535018,-0.020279742064110096,-0.019524717545828286,123116375.265,52.45509017959127,29.68060394889662,12.11096026438485,1.2300842966058698,4.0,23.929087980398766,2.5500000000000007,1.0,11.756664388243337,0.7100000000000009,20679.0,True,True,43.866298342541434,Non Banking Financial Company (NBFC),Financial Services,38.0,93,"Uptrend (price > 50 > 150 > 200-day, 200-day rising); Within 15% of 52-week high; ROE >= 20%; RS rating >= 80",4
FIEMIND,-0.03654169812587054,0.008219449395920009,0.03565434108132859,-0.20039029262828434,0.7019590249738298,0.0,0.0,-0.4091678409524503,1.2812613099872148,0.022776820556088564,0.025192989776757768,-0.13625829078874852,-0.02193511928871457,134275460.75,12.826704300982716,17.679465776293824,-13.916876032735814,1.9385083077085856,0.0,21.601850255698896,-0.3600000000000012,1.0,21.069958847736626,0.36999999999999744,20644.0,True,True,29.973480662983423,Auto Components & Equipments,Consumer Discretionary,15.0,93,"Uptrend (price > 50 > 150 > 200-day, 200-day rising); Within 15% of 52-week high; Quarterly profit growth >= 25%; Sales growth >= 20% or 2+ strong quarters; RS rating >= 80",5
FILATEX,0.43324435268344025,0.38587758112094384,0.958061995311279,1.956494625633468,0.9457609268035809,1.0,1.0,1.204082123520737,1.2619617941663852,0.041982440977479815,0.14636065573770485,0.2866496960087115,-0.11687744154556486,253328750.88,19.572990890820343,9.138555364970436,21.84223980336485,0.6227633070969509,0.0,43.89090714546284,0.3700000000000001,1.0,12.167553191489363,-0.1299999999999999,20664.0,True,True,98.12486187845303,Other Textile Products,Consumer Discretionary,14.0,93,Quarterly profit growth >= 25%; Sales growth >= 20% or 2+ strong quarters; ROE >= 20%,3
FINCABLES,0.18931929186563307,0.5087708686184371,0.5460856629269202,1.7370040185683986,0.9681575433911882,0.0,1.0,1.5725978005266543,0.5729591163671317,0.03261644271841123,0.06858629952988582,0.17083275812934784,-0.03006334206575841,836825640.35,53.173573583843535,44.258054345333655,36.109903095572,1.7142899659782784,1.0,13.648252920415782,0.7199999999999989,1.0,11.731843575418994,0.29999999999999716,20676.0,True,True,88.3889502762431,Cables - Electricals,Industrials,6.0,93,3-year profit growth >= 15%/yr; ROE >= 20%,2
FINEORG,0.021047189982551687,0.10435655155113288,0.33054604070118887,0.24334412692913227,0.9477529128906973,0.0,1.0,0.5123829244228917,1.2373436313599648,0.014408167807023267,0.013853658536585378,0.006814391718678925,-0.007957988954245552,95205622.69999999,23.438462214005117,17.979876950270235,2.4902780694257665,1.854404800685414,2.0,-7.748510989691459,0.879999999999999,1.0,15.653153153153154,-0.0600000000000005,20662.0,True,True,52.0707182320442,Specialty Chemicals,Commodities,37.0,93,Quarterly profit growth >= 25%; 3-year profit growth >= 15%/yr; ROE >= 20%; RS rating >= 80,4
FINPIPE,-0.08626314342346704,-0.2542436994656958,0.0005074854097946169,-1.0465721161658845,0.7073216286888308,0.0,0.0,-0.001731995138588929,0.906065382197336,0.013900927804428757,0.022376696458126455,-0.04784772603559451,-0.012737898274696884,56925742.86,16.657990901933317,-15.296937161482049,-42.10445250051149,0.2574591126725368,0.0,32.25760080832496,3.5500000000000007,1.0,9.637972646822204,-1.4400000000000013,20671.0,True,True,12.251933701657459,Plastic Products - Industrial,Industrials,36.0,93,"Uptrend (price > 50 > 150 > 200-day, 200-day rising); Within 15% of 52-week high; Quarterly profit growth >= 25%; Sales growth >= 20% or 2+ strong quarters; ROE >= 20%; RS rating >= 80",6
FIVESTAR,0.017397292345745392,0.023333652099072344,0.42036102999734526,-0.028012757222990882,0.7760510510510511,0.0,0.0,0.32086019207582533,2.509735552647486,0.021054296604674436,0.04734686100790708,-0.034230308556736255,-0.028196397637097612,251859766.29999998,1.921532662103198,5.377027508008347,5.44203630073985,0.16860782765936067,0.0,19.445716948532986,-1.1099999999999994,1.0,14.889581357539628,0.2599999999999909,20679.0,True,True,51.41436464088398,Non Banking Financial Company (NBFC),Financial Services,38.0,93,"Uptrend (price > 50 > 150 > 200-day, 200-day rising); Within 15% of 52-week high; Quarterly profit growth >= 25%; Sales growth >= 20% or 2+ strong quarters; ROE >= 20%; RS rating >= 80",6
FLUOROCHEM,0.059469480843581835,0.21451675507827672,0.5298738550800222,0.4531837240658353,0.8883623384218275,0.0,0.0,0.050874982717571356,0.4012713599185834,0.020441870751327477,0.032248096236618506,-0.03947039066581415,-0.029564813971019496,555758211.55,20.301642420676558,23.9656518345043,67.04055145446327,0.5013590320849853,1.0,-20.536117276005317,-0.4200000000000017,1.0,7.29722857869311,-0.019999999999999574,20677.0,True,True,64.54143646408839,Specialty Chemicals,Commodities,37.0,93,"Uptrend (price > 50 > 150 > 200-day, 200-day rising); Quarterly profit growth >= 25%; 3-year profit growth >= 15%/yr; ROE >= 20%; RS rating >= 80",5
FMGOETZE,-0.036683012928183795,0.1350590372388738,0.6471596151311454,-0.411535681539351,0.6951333645297145,0.0,0.0,2.0820217129828653,0.18455467310458382,0.0369737787073403,0.03934167512118125,-0.08713820438763598,-0.025516789050630637,50365385.125,0.4109256550449025,8.807658114003347,14.827177565352534,0.024396390452136638,0.0,17.29942336625363,-0.7200000000000006,1.0,12.386917188587335,0.010000000000000009,20677.0,True,True,29.864088397790056,Auto Components & Equipments,Consumer Discretionary,15.0,93,"Uptrend (price > 50 > 150 > 200-day, 200-day rising); Within 15% of 52-week high; Quarterly profit growth >= 25%; Sales growth >= 20% or 2+ strong quarters; ROE >= 20%; RS rating >= 80",6
FORCEMOT,-0.03291691477515319,-0.03230081166142118,-0.1413032827045566,-0.1296754823301832,0.6447637051039697,0.0,0.0,0.07216824687943174,1.0152298714003383,0.018365991219801318,0.047248631518294504,-0.03832164740565647,-0.01807944119553938,1139395655.5,22.81038469909675,6.214386766786384,-33.72462590405259,0.6201578010460672,15.0,114.53476194063951,1.200000000000001,1.0,28.898426323319025,-1.7100000000000009,20663.0,True,True,31.504972375690606,Passenger Cars & Utility Vehicles,Consumer Discretionary,91.0,93,"Uptrend (price > 50 > 150 > 200-day, 200-day rising); Within 15% of 52-week high; Quarterly profit growth >= 25%; RS rating >= 80",4
FORTIS,-0.07763787949215087,-0.06282938927353521,0.11392249585457215,-0.7579016641409172,0.6972742914063208,0.0,0.0,-0.8416489880516139,4.1985648570594725,0.01612219169977988,0.01815465931288074,-0.15292088281045457,-0.05003132326485201,909739828.5,3.3094129319287013,17.460031753064563,-18.806321598695796,0.26300955851762936,0.0,24.628078481886217,-1.4299999999999997,1.0,10.751818916734033,0.09999999999999432,20652.0,True,True,14.767955801104973,Hospital,Healthcare,51.0,93,"Uptrend (price > 50 > 150 > 200-day, 200-day rising); Within 15% of 52-week high; Quarterly profit growth >= 25%; Sales growth >= 20% or 2+ strong quarters; ROE >= 20%; RS rating >= 80",6
FOSECOIND,0.07599995085960452,0.11212933344860376,0.3216890989417447,0.296744101856068,0.8745517288043846,1.0,1.0,0.14516995174524916,1.0121666913413327,0.02271357308675524,0.10010444283763165,0.10522985360514436,-0.03523290602914062,53903947.25,-15.749243362521648,-24.318932530987336,-62.773605856786695,-0.8669549642203597,0.0,26.719541822061267,1.5999999999999996,1.0,7.232401157184184,-0.1999999999999999,20678.0,True,True,68.47955801104973,Specialty Chemicals,Commodities,37.0,93,Quarterly profit growth >= 25%; Sales growth >= 20% or 2+ strong quarters; ROE >= 20%; RS rating >= 80,4
FSL,-0.03191992782008138,-0.26810392482034273,0.2439517076149762,-0.5884982952394293,0.6880968392737055,0.0,0.0,0.8012676733568204,1.7159468085228127,0.036509391806210094,0.14438610662358653,-0.06252565410641608,-0.04310645497516774,213405984.0,29.94835460347098,22.87195905575721,2.220815024427388,3.8003945616790844,6.0,12.900148955393353,0.4400000000000004,1.0,15.370581527936144,-0.5499999999999972,20649.0,True,True,31.833149171270716,Business Process Outsourcing (BPO)/ Knowledge Process Outsourcing (KPO),Services,25.0,93,"Uptrend (price > 50 > 150 > 200-day, 200-day rising); Within 15% of 52-week high; 3-year profit growth >= 15%/yr; ROE >= 20%; RS rating >= 80",5
FUSION,-0.02663671851931267,0.043333333333333224,0.420205600850762,-0.19582468553775487,0.7204938271604939,0.0,0.0,0.24500001885415554,2.059106198942816,0.023905323369358772,0.032623306793506446,-0.11535010065242168,-0.03850590414052303,107684750.46,100.0,3.592746676313663,0.0,0.31549968026463987,3.0,-26.962082754857164,34.48,1.0,0.5700325732899023,0.8399999999999999,20679.0,True,True,33.58342541436464,Microfinance Institutions,Financial Services,46.0,93,"Uptrend (price > 50 > 150 > 200-day, 200-day rising); Within 15% of 52-week high; 3-year profit growth >= 15%/yr; ROE >= 20%; RS rating >= 80",5
GABRIEL,0.05354039966447553,0.11508336564559918,0.7469323290001215,0.08000162272829447,0.838625,0.0,0.0,0.20284025437446954,0.49101193789711867,0.03357782533732507,0.14035495621173388,-0.0441426847494526,-0.04030659281205329,367674197.65,2.5159763836314575,15.499530120872373,-83.62229568147279,0.14130309483443076,0.0,36.754163335899804,-0.9599999999999991,1.0,18.421052631578945,-3.59,20655.0,True,True,63.228729281767954,Auto Components & Equipments,Consumer Discretionary,15.0,93,"Uptrend (price > 50 > 150 > 200-day, 200-day rising); Within 15% of 52-week high; Quarterly profit growth >= 25%; Sales growth >= 20% or 2+ strong quarters; ROE >= 20%; RS rating >= 80",6
GAEL,0.07782469963259593,0.6208886852954647,0.320002984406476,1.2876715969577606,0.8660468133412617,0.0,0.0,0.527714677965687,0.43078813185372894,0.027508194148229113,0.03889737713267105,-0.04032768188309255,-0.018190562473646643,151784520.39499998,171.67248491625244,23.46522308186767,-128.32751508374756,2.3277138191422186,2.0,13.528902603907799,6.05,1.0,9.226100151745069,0.6699999999999999,20666.0,True,True,69.24530386740331,Other Agricultural Products,Fast Moving Consumer Goods,64.0,93,"Uptrend (price > 50 > 150 > 200-day, 200-day rising); 3-year profit growth >= 15%/yr; ROE >= 20%; RS rating >= 80",4
GAIL,-0.0026166272154255123,-0.006492779581327657,0.29382608061812077,-0.1806525475259692,0.9126665596403918,0.0,0.0,-0.1272514229337156,1.369860875355591,0.013896077758825662,0.014994232987312506,-0.01837658884281823,-0.008809076168315545,1195874982.23,96.00864327733143,16.671811474602016,136.97672469056553,2.7884237602713724,1.0,33.604701154409675,4.59,1.0,8.514413412840122,0.5500000000000043,20665.0,True,True,43.53812154696133,Gas Transmission/Marketing,Energy,,93,"Uptrend (price > 50 > 150 > 200-day, 200-day rising); Sales growth >= 20% or 2+ strong quarters; ROE >= 20%; RS rating >= 80",4
GALAXYSURF,0.052897263793759974,-0.02189844325918222,0.4123098115334043,0.031806256534810846,0.8809667673716013,0.0,1.0,0.13028578679415856,1.9148102009571442,0.03283457902709017,0.0539642422540485,0.07342131878791003,-0.02414220986061463,51216071.25,108.70793304795532,39.43752347564793,126.44052602501483,9.491275533127931,1.0,0.7080096158131655,3.0900000000000007,1.0,9.730320699708454,0.22999999999999687,20652.0,True,True,63.00994475138121,Specialty Chemicals,Commodities,37.0,93,3-year profit growth >= 15%/yr; ROE >= 20%; RS rating >= 80,3
GANDHAR,0.27047210058514864,0.7776244999310253,1.0862948271674897,1.853410294208133,0.9197809809677738,0.0,1.0,0.7731736297539323,0.22795502125876396,0.039973806608436094,0.043884754817782756,0.09341535353567054,-0.02141699021572505,232965757.725,300.0,91.80583857535218,98.90487877314845,8.029069580766095,4.0,17.158671719306206,9.0,1.0,10.125646711012564,2.06,20656.0,True,True,94.18674033149172,Lubricants,Energy,2.0,93,ROE >= 20%,1
GANECOS,-0.011669441025404709,-0.18874067016039386,0.3086973229153325,-0.40589570127195546,0.7878740157480315,0.0,0.0,-0.7093677606423074,0.6911656877515617,0.022037979781495378,0.050909090909091015,-0.06258636599978451,-0.015530973133519244,87834196.0,169.86283778656897,25.673350735643098,172.27297454988488,0.917744378476771,1.0,-1.8323158574955922,3.6599999999999997,1.0,2.978056426332288,-2.8599999999999994,20668.0,True,True,39.38121546961326,Other Textile Products,Consumer Discretionary,14.0,93,"Uptrend (price > 50 > 150 > 200-day, 200-day rising); Within 15% of 52-week high; 3-year profit growth >= 15%/yr; ROE >= 20%; RS rating >= 80",5
GARUDA,-0.017223486592861548,-0.1426358912869703,0.195388687656729,-0.239724764468354,0.7006417970316886,0.0,0.0,0.9142088427426677,0.435857891795978,0.021054679422340006,0.048015849892197204,-0.021996812964939383,-0.017249768121161652,64200086.754999995,48.396756981117804,40.124640460210934,-42.3264761332002,1.589068567938019,6.0,,1.3200000000000003,1.0,26.813186813186814,-0.26000000000000023,20675.0,True,True,36.97458563535912,Civil Construction,Industrials,81.0,93,"Uptrend (price > 50 > 150 > 200-day, 200-day rising); Within 15% of 52-week high; 3-year profit growth >= 15%/yr; RS rating >= 80",4
GCSL,0.31853483506645464,1.1141500474833808,0.553957838894318,2.9750552905651766,0.9902564102564103,1.0,1.0,0.8936193014552843,0.6657452025275455,0.027485412946085485,0.04071674939008996,0.2083790002914343,-0.04141842781980182,306730859.25,300.0,70.70063694267516,200.0,0.6399336449799055,3.0,15.474369420425681,29.749999999999996,1.0,16.470588235294116,0.48,20644.0,True,True,96.26519337016575,Other Capital Market related Services,Financial Services,,93,ROE >= 20%,1
GENESYS,0.04116998453525307,-0.38168021975033317,0.46234000128642183,-0.32997768481448536,0.6550633669533552,0.0,0.0,0.9815457047660696,0.822607083073605,0.057150309259074196,0.1999916722185211,0.1768508619250031,-0.03340946860591911,133272293.325,-24.35905020918405,14.801749682517285,8.725979763205483,-0.179473452288406,0.0,67.29456540257392,-3.3599999999999994,1.0,4.6875,-0.6100000000000003,20679.0,True,True,58.74364640883978,IT Enabled Services,Information Technology,40.0,93,"Uptrend (price > 50 > 150 > 200-day, 200-day rising); Within 15% of 52-week high; Quarterly profit growth >= 25%; Sales growth >= 20% or 2+ strong quarters; ROE >= 20%; RS rating >= 80",6
GENUSPOWER,-0.016647032193075464,0.043196813145773616,0.4874639449744842,-0.24624518389897218,0.8041509959604402,0.0,0.0,0.3520948030590917,1.1668952591033637,0.021897173280018733,0.02516010978956995,-0.09093772143925671,-0.03999422046183739,461069681.0,43.23673233836569,44.82714713185205,2.24701316421492,2.210359874658136,10.0,153.31476947787328,-0.16000000000000014,1.0,26.690712353471596,-0.46000000000000085,20678.0,True,True,37.412154696132596,Other Electrical Equipment,Industrials,50.0,93,"Uptrend (price > 50 > 150 > 200-day, 200-day rising); Within 15% of 52-week high; RS rating >= 80",3
GESHIP,0.10784281401155944,0.24932821497120927,-0.08000000000000007,1.4290047334203801,0.8676307007786429,0.0,0.0,0.8693341965293337,3.2975231175175233,0.01750231843503776,0.036938761259688535,0.12920247903375004,-0.03687764457871052,993609550.1999999,159.44610485322102,66.90886996762298,-28.082388161727238,2.1134189719313534,4.0,13.27208409568097,23.279999999999994,1.0,17.349525437717382,0.15000000000000568,20644.0,True,True,77.23093922651934,Shipping,Services,1.0,93,"Uptrend (price > 50 > 150 > 200-day, 200-day rising); 3-year profit growth >= 15%/yr; ROE >= 20%; RS rating >= 80",4
GHCLTEXTIL,0.1695865290690016,0.6888471177944864,0.9614321059525546,1.5356433076583154,0.8914862715263849,0.0,1.0,-0.10212051566138917,0.6150739350835766,0.02679241665140701,0.04214587816279569,0.028425718781016185,-0.04328785084052185,77344111.825,190.94694881252826,52.73202614379085,96.16139210956662,4.165932721414136,3.0,,4.569999999999999,1.0,4.660452729693742,-4.119999999999999,20679.0,True,True,85.7635359116022,Other Textile Products,Consumer Discretionary,14.0,93,3-year profit growth >= 15%/yr; ROE >= 20%,2
GICRE,-0.03374883986422011,-0.0243399339933994,-0.022861864756920536,-0.3797612431329939,0.7923196554611796,0.0,0.0,0.4100313613005114,0.9953338472424458,0.012419221437657817,0.034035909445745416,-0.05687782844090783,-0.025214814862271066,208917453.85000002,-31.10423795734785,-1.5205911677697026,-32.4245698379656,-1.7119692031363467,0.0,7.441020996680825,-5.199999999999999,1.0,13.708659071239056,4.559999999999999,20678.0,True,True,30.958011049723755,General Insurance,Financial Services,78.0,93,"Uptrend (price > 50 > 150 > 200-day, 200-day rising); Within 15% of 52-week high; Quarterly profit growth >= 25%; Sales growth >= 20% or 2+ strong quarters; 3-year profit growth >= 15%/yr; ROE >= 20%; RS rating >= 80",7
GILLETTE,-0.08257228085463582,-0.2679784258889333,-0.019006826395395526,-1.3310849848633954,0.6956867421983701,0.0,0.0,-0.3498167694020752,1.840772349464446,0.009939135060995122,0.02032382629903129,-0.06054517905337853,-0.023925203337038726,108498040.0,9.452391442924245,10.796354992076074,-11.858054124426243,0.8975647056256882,0.0,23.387229858248084,-0.25,1.0,69.06019007391764,-0.5199999999999996,20679.0,True,True,13.5646408839779,Personal Care,Fast Moving Consumer Goods,71.0,93,"Uptrend (price > 50 > 150 > 200-day, 200-day rising); Within 15% of 52-week high; Quarterly profit growth >= 25%; Sales growth >= 20% or 2+ strong quarters; RS rating >= 80",5
GIPCL,0.03171204891651744,0.0474439132033837,0.5844857733269753,-0.15761174405161707,0.8487081384913325,0.0,0.0,0.7803390383268363,0.5198469822772458,0.021947571930193293,0.03591549295774632,-0.005140403214911271,-0.03796260446859576,70085232.24000001,174.77097179559559,34.38845822566752,-125.22902820440441,1.0569515595075203,2.0,40.0129765550816,16.159999999999997,1.0,10.46875,0.05999999999999961,20679.0,True,True,55.680662983425414,Power Generation,Utilities,75.0,93,"Uptrend (price > 50 > 150 > 200-day, 200-day rising); Within 15% of 52-week high; ROE >= 20%; RS rating >= 80",4
GLAND,0.13044713822672555,0.43059686694427923,0.6738008236181199,1.315077847834879,0.9531229454306378,0.0,1.0,0.701231000886058,1.293274875665366,0.021075850842230435,0.03235497237569063,0.03735018815701996,-0.01594830912345278,1216486833.0,47.14380811716001,19.570011025358337,-49.44722904263133,1.3807282251747168,3.0,13.646928854248053,3.299999999999999,1.0,9.91599884136333,-1.4699999999999989,20666.0,True,True,80.6220994475138,Pharmaceuticals,Healthcare,17.0,93,3-year profit growth >= 15%/yr; ROE >= 20%,2
GLAXO,0.03417764063758211,0.10442843176304462,0.34990042044700154,0.01083831663036549,0.8873970583522929,0.0,0.0,1.0056135025721138,3.728868383867618,0.01804520177509274,0.028660723798700216,-0.009936033566289582,-0.013651342706113363,173996891.25,15.681994661737363,16.55178409528424,9.975038191725249,1.3752558007619768,0.0,19.819864262324096,-0.19000000000000128,1.0,45.69916188795765,0.29999999999999893,20668.0,True,True,56.66519337016575,Pharmaceuticals,Healthcare,17.0,93,"Uptrend (price > 50 > 150 > 200-day, 200-day rising); Quarterly profit growth >= 25%; Sales growth >= 20% or 2+ strong quarters; RS rating >= 80",4
GLENMARK,0.04283140864095154,0.2296707655692185,0.14259387237963606,0.5847726981477379,0.9200425598991172,0.0,0.0,-0.0022989998665635994,2.392874169841821,0.016769578136490357,0.049791460635507656,-0.007048099922084772,-0.018783295300905375,1104339401.2,85.03306744291646,23.098601904155068,33.081005435181474,0.2467141882621776,4.0,58.6569398753869,4.02,1.0,12.95662100456621,-0.14000000000000057,20665.0,True,True,59.4,Pharmaceuticals,Healthcare,17.0,93,"Uptrend (price > 50 > 150 > 200-day, 200-day rising); ROE >= 20%; RS rating >= 80",3
GLOBUSSPR,-0.08742045209270906,-0.1573580745912181,0.11235069423391741,-0.760969819959436,0.6277538314176245,0.0,0.0,-0.09283414679461345,1.4609635954933442,0.0168833228772165,0.02254585339101811,-0.10009337196369483,-0.01985879371034958,64439162.025000006,49.686312864575434,12.710229627195169,-250.31368713542457,0.35866651668340305,4.0,-18.32100886863688,0.8300000000000001,1.0,8.340971585701192,6.210000000000001,20651.0,True,True,11.92375690607735,Breweries & Distilleries,Fast Moving Consumer Goods,47.0,93,"Uptrend (price > 50 > 150 > 200-day, 200-day rising); Within 15% of 52-week high; 3-year profit growth >= 15%/yr; ROE >= 20%; RS rating >= 80",5
GMDCLTD,-0.06992064495628472,-0.10256614599936253,-0.0062654429932934574,-0.40733211529081104,0.6577276849332815,0.0,0.0,0.40945222608227755,0.6536707300420321,0.016778337555388115,0.020175753228120596,-0.10042719520038845,-0.042958839752256686,433590002.625,-0.16423256691713295,23.75648375648376,24.481011576609415,-0.006834541932429043,0.0,-19.12233704656736,-4.32,1.0,13.530326594090203,-0.22999999999999865,20665.0,True,True,17.940331491712705,Industrial Minerals,Commodities,76.0,93,"Uptrend (price > 50 > 150 > 200-day, 200-day rising); Within 15% of 52-week high; Quarterly profit growth >= 25%; 3-year profit growth >= 15%/yr; ROE >= 20%; RS rating >= 80",6
GMMPFAUDLR,0.294935555501177,-0.061278703286807734,0.28713421410050644,0.8959043235106801,0.9563771517996871,1.0,0.0,1.7478806075239015,1.057896701924659,0.029343163886250915,0.07648749891105489,0.32105857620743494,-0.0523273657684817,220316094.25,117.31801806053745,16.38789251777737,115.02841932777304,0.4960056965964025,1.0,-14.434981570395578,1.11,1.0,4.3153526970954355,-1.9199999999999946,20647.0,True,True,95.49944751381216,Industrial Products,Industrials,4.0,93,"Uptrend (price > 50 > 150 > 200-day, 200-day rising); Sales growth >= 20% or 2+ strong quarters; 3-year profit growth >= 15%/yr; ROE >= 20%",4
GMRAIRPORT,-0.007998855684407485,0.034242792444493464,0.050959703670445444,0.1610747977303395,0.8228121757177448,0.0,0.0,-0.5642527571120012,1.351131538269915,0.0168239473464211,0.044823232323232265,-0.05373662153641734,-0.024622373252948186,960896570.905,100.0,23.7627252958446,0.0,0.6929402607366903,4.0,-66.33380731916031,7.85,1.0,-17.182380779031668,1.7799999999999976,20677.0,True,True,41.35027624309392,Airport & Airport services,Services,,93,"Uptrend (price > 50 > 150 > 200-day, 200-day rising); Within 15% of 52-week high; 3-year profit growth >= 15%/yr; ROE >= 20%; RS rating >= 80",5
GMRPandUI,-0.015505781769597358,-0.2586603185027089,-0.06896907216494841,-0.34990817070140257,0.773147468818782,0.0,0.0,0.09618021926222603,2.7582683229056624,0.019084453292483525,0.04626687847498001,0.09326693640419115,-0.044095667679768434,96801230.1,-100.0,3.4414146622584907,0.0,0.35695107329770226,0.0,,2.81,0.0,32.247899159663866,12.819999999999999,20679.0,True,True,37.74033149171271,Power Generation,Utilities,75.0,93,"Uptrend (price > 50 > 150 > 200-day, 200-day rising); Within 15% of 52-week high; Quarterly profit growth >= 25%; Sales growth >= 20% or 2+ strong quarters; 3-year profit growth >= 15%/yr; RS rating >= 80",6
GNA,0.1897051658356464,0.6443801401157478,0.4287415641127432,1.7637675297676982,0.9233796296296297,1.0,1.0,0.8087085744260403,9.724702177418607,0.031447777084138435,0.06231638921036242,0.09109707819027624,-0.05171059633974779,168819574.8,66.33928911590843,36.672380232997305,45.20619028909607,3.0083608108381306,3.0,-1.0131860581121255,1.450000000000001,1.0,11.653386454183266,1.0199999999999996,20650.0,True,True,88.60773480662984,Auto Components & Equipments,Consumer Discretionary,15.0,93,3-year profit growth >= 15%/yr; ROE >= 20%,2
GNFC,0.08157874782278172,0.141169462920679,0.49092088197146566,0.6273474583331244,0.950314465408805,1.0,1.0,1.1657645639800993,2.082324075547482,0.020836247743834573,0.08355720240852249,0.06464306977956746,-0.04839911046677132,274699632.79999995,276.1852510134833,39.78763272954404,188.60069106636212,2.8044791655201062,2.0,1.6192491358559158,8.76,1.0,8.875479978058145,1.009999999999998,20670.0,True,True,70.33922651933702,Commodity Chemicals,Commodities,45.0,93,3-year profit growth >= 15%/yr; ROE >= 20%; RS rating >= 80,3
GODFRYPHLP,-0.11989437557060903,-0.37132616487455194,0.10709025878392597,-0.9236058408583231,0.5344067796610169,0.0,0.0,0.20063691899837838,0.8043723264544949,0.02129351656711874,0.03860010293360783,-0.09155081754663974,-0.022124848060770037,406228677.9,-44.29997922199771,-18.886421746736648,-121.50109638859848,-2.434088795067282,0.0,19.4361781526732,-7.509999999999998,1.0,24.56535737282679,0.27000000000000135,20661.0,True,True,4.813259668508287,Cigarettes & Tobacco Products,Fast Moving Consumer Goods,,93,"Uptrend (price > 50 > 150 > 200-day, 200-day rising); Within 15% of 52-week high; Quarterly profit growth >= 25%; Sales growth >= 20% or 2+ strong quarters; RS rating >= 80",5
GODIGIT,-0.0928778241299491,-0.2768647281921619,-0.21200061227613654,-1.01662039030084,0.6818300996329314,0.0,0.0,0.3033965867170104,4.819490023175923,0.02482367533912532,0.03764288529759563,0.007723099935285527,-0.02624945156909903,81722722.35,-37.57382409298381,8.544390130457934,-66.66509184532005,-2.7002070865151215,0.0,,-2.6300000000000003,1.0,11.668811668811669,0.610000000000003,20679.0,True,True,10.282872928176795,General Insurance,Financial Services,78.0,93,"Uptrend (price > 50 > 150 > 200-day, 200-day rising); Within 15% of 52-week high; Quarterly profit growth >= 25%; Sales growth >= 20% or 2+ strong quarters; 3-year profit growth >= 15%/yr; ROE >= 20%; RS rating >= 80",7
GODREJAGRO,0.0025884167312206358,-0.148786055198174,0.12599505901729335,-0.43753253831544037,0.8577028885832186,0.0,1.0,1.689604306249887,1.5790366546960266,0.020905030930768946,0.0635462376076712,0.022514840444721296,-0.02610509476941824,112472111.025,-13.81734085664541,9.215886531333538,-68.28616922869597,-1.175206763655481,0.0,12.382735748155515,-1.2000000000000002,1.0,21.8996062992126,-0.41999999999999815,20647.0,True,True,45.50718232044199,Animal Feed,Fast Moving Consumer Goods,,93,Quarterly profit growth >= 25%; Sales growth >= 20% or 2+ strong quarters; 3-year profit growth >= 15%/yr; RS rating >= 80,4
GODREJCP,-0.10156846467916131,-0.24400268411340387,-0.10647367899276305,-1.1049961551252907,0.6672423267132428,0.0,0.0,-0.9362575022497492,0.9407497360236592,0.018282091219177184,0.011587485515643037,-0.10016250006616456,-0.010896095494227393,975865341.5,10.50419507154996,15.391358489947727,-8.967848776008823,0.6351918878054621,0.0,5.416289384859985,-0.5399999999999991,1.0,14.713788741302972,-0.030000000000001137,20650.0,True,True,8.313812154696134,Personal Care,Fast Moving Consumer Goods,71.0,93,"Uptrend (price > 50 > 150 > 200-day, 200-day rising); Within 15% of 52-week high; Quarterly profit growth >= 25%; Sales growth >= 20% or 2+ strong quarters; 3-year profit growth >= 15%/yr; ROE >= 20%; RS rating >= 80",7
GODREJIND,-0.019705341643203606,-0.038722250466022734,0.4634932920536634,-0.28657698399538933,0.7203049203049203,0.0,0.0,0.1364446843323897,2.262922706647383,0.026996616754516856,0.029438405797101552,-0.13415081136916462,-0.02652837199220269,78596732.6,-27.800907872525528,22.15996233014934,-130.24889095350966,-1.1763180556208135,0.0,15.791130082297066,-6.650000000000002,1.0,21.580030419611703,0.08999999999999986,20657.0,True,True,36.31823204419889,Diversified,Diversified,74.0,93,"Uptrend (price > 50 > 150 > 200-day, 200-day rising); Within 15% of 52-week high; Quarterly profit growth >= 25%; RS rating >= 80",4
GODREJPROP,-0.0667518349611536,-0.042306412511289526,0.3384932234918947,-0.6249163320678579,0.6923894557823129,0.0,0.0,-0.3047523470029531,1.2592926266608442,0.021128760662558567,0.01729296314025852,-0.16042159879236828,-0.04366571708445248,1055581516.6,-41.61683053328241,16.478737113402065,-112.5514918667374,-1.6120663174701109,0.0,31.29820218017216,-68.67999999999999,1.0,9.610565880141992,-0.00999999999999801,20643.0,True,True,19.25303867403315,"Residential, Commercial Projects",Consumer Discretionary,53.0,93,"Uptrend (price > 50 > 150 > 200-day, 200-day rising); Within 15% of 52-week high; Quarterly profit growth >= 25%; Sales growth >= 20% or 2+ strong quarters; ROE >= 20%; RS rating >= 80",6
GOKEX,-0.04741114034254977,-0.04861111111111105,0.32367149758454095,-0.28949430718390623,0.7202848465807937,0.0,0.0,-0.14908107293849648,2.389716401357665,0.02012079770580614,0.02807268937666918,-0.10940536816985269,-0.05534346291685313,165808914.14999998,6.782571784298108,20.686552485378584,38.89241371881155,0.14665749973902206,0.0,-13.924716932376423,-0.5,1.0,4.6274872744099955,0.4399999999999977,20676.0,True,True,25.92596685082873,Garments & Apparels,Consumer Discretionary,16.0,93,"Uptrend (price > 50 > 150 > 200-day, 200-day rising); Within 15% of 52-week high; Quarterly profit growth >= 25%; 3-year profit growth >= 15%/yr; ROE >= 20%; RS rating >= 80",6
GOKULAGRO,0.01090448087610665,0.1838021338506306,0.3242554114902618,0.07642948787373265,0.8197844495765974,0.0,0.0,0.2897483520374306,2.503421207947081,0.018027983297856407,0.02782234037677056,-0.06790980370875432,-0.023178471901376296,63279190.33499999,71.61899540040812,7.261872125255109,-73.26059938400559,2.4088257571853715,2.0,48.58893404122811,0.8699999999999999,1.0,25.931131412508783,0.3800000000000001,20663.0,True,True,48.67955801104973,Edible Oil,Fast Moving Consumer Goods,80.0,93,"Uptrend (price > 50 > 150 > 200-day, 200-day rising); Within 15% of 52-week high; RS rating >= 80",3
GOLDIAM,0.03513420592086319,0.218842859639923,0.6362399098929978,0.1713289521712143,0.7871672526368659,0.0,0.0,-0.22796200867467395,1.0883652467553235,0.03279254454971272,0.04002501563477168,-0.09860037902207697,-0.017076572876875296,187681278.20000002,120.10505720421479,41.9187742132068,59.440366361346335,5.923375856729817,7.0,37.50811092998767,8.06,1.0,15.46112115732369,-0.5299999999999998,20672.0,True,True,56.88397790055248,"Gems, Jewellery And Watches",Consumer Discretionary,11.0,93,"Uptrend (price > 50 > 150 > 200-day, 200-day rising); Within 15% of 52-week high; ROE >= 20%; RS rating >= 80",4
GOODLUCK,0.08745921469766582,0.24447302837848683,0.42161814675360443,0.8032166482476427,0.9115129985467464,0.0,1.0,0.05491365461035637,0.5075102375739694,0.02848943664428415,0.07483064095883263,0.03566368704834311,-0.018267583131744838,257621949.89999998,67.51447571268842,30.930854580032353,33.61847957767398,6.547271511742593,2.0,30.02925688388767,1.1399999999999997,1.0,12.273641851106639,-0.9200000000000017,20671.0,True,True,71.65193370165747,Iron & Steel Products,Industrials,8.0,93,ROE >= 20%; RS rating >= 80,2
GPIL,-0.061356112877973136,-0.09193560408437051,-0.104483645718486,-0.49385984474725975,0.6948125,0.0,0.0,-0.004973839914283557,0.7911632835847744,0.019872729342920416,0.02983191567294763,-0.07621534976595834,-0.04225203030274483,321020738.155,2.753999136820795,32.285660306064614,-29.594921884860547,0.09076153663084685,0.0,5.7588204892523365,-3.650000000000002,1.0,13.806162850748837,0.5299999999999994,20672.0,True,True,20.56574585635359,Iron & Steel Products,Industrials,8.0,93,"Uptrend (price > 50 > 150 > 200-day, 200-day rising); Within 15% of 52-week high; Quarterly profit growth >= 25%; 3-year profit growth >= 15%/yr; ROE >= 20%; RS rating >= 80",6
GPPL,0.04371290206144199,0.07769488037046579,0.1503501304407524,0.24713647922162946,0.8333749812584337,0.0,0.0,0.3865292580733968,1.0185275795117157,0.014560299153335989,0.0386819484240688,0.04962012249239933,-0.01294991342893636,205055659.065,41.765712182098746,32.63902770559308,2.871989819816534,1.612467135481989,2.0,16.561487083938676,2.8699999999999974,1.0,21.566164154103852,-1.2299999999999969,20677.0,True,True,59.946961325966846,Port & Port services,Services,28.0,93,"Uptrend (price > 50 > 150 > 200-day, 200-day rising); Within 15% of 52-week high; RS rating >= 80",3
GRANULES,0.11233198379535689,0.5817105765559376,0.3269800592616321,2.0969301435416057,0.9165268229307638,0.0,0.0,0.19530823837705463,1.0779921577066933,0.01764852422845298,0.041646720919100044,-0.008712045808499047,-0.022711456101605503,646018273.95,36.605261242819395,22.037021733741025,-8.007215803649252,1.394548029283225,4.0,14.151879763467633,1.299999999999999,1.0,11.701081612586037,1.2899999999999991,20650.0,True,True,78.1060773480663,Pharmaceuticals,Healthcare,17.0,93,"Uptrend (price > 50 > 150 > 200-day, 200-day rising); 3-year profit growth >= 15%/yr; ROE >= 20%; RS rating >= 80",4
GRAPHITE,0.10668386096886757,0.22480822873082285,0.09739144017494517,0.7651938508361206,0.8747069251443929,0.0,1.0,0.8421047888454101,0.9357639588963136,0.0308322096031508,0.15035750766087852,0.040077244230481535,-0.026317859290807072,795432310.8,28.579097744360894,26.61654135338345,128.5790977443609,0.25055193577975293,1.0,6.723708463600286,0.3099999999999987,1.0,2.9185867895545314,-0.9200000000000017,20645.0,True,True,77.12154696132596,Electrodes & Refractories,Industrials,9.0,93,3-year profit growth >= 15%/yr; ROE >= 20%; RS rating >= 80,3
GRASIM,0.014520759258683433,0.1981517682601741,0.2826268929305229,0.381777634389757,0.897628331036909,0.0,0.0,0.09098509820187693,1.2895860518213829,0.01496317776328808,0.019276261108624793,-0.051662834375650446,-0.02293762606339636,2489652442.3,37.785343625502854,21.432032639647748,13.896852551332127,1.4836193983272854,5.0,1.584726257014002,0.9399999999999995,1.0,9.954576205663477,-0.43000000000000327,20654.0,True,True,49.882872928176795,Cement & Cement Products,Commodities,87.0,93,"Uptrend (price > 50 > 150 > 200-day, 200-day rising); 3-year profit growth >= 15%/yr; ROE >= 20%; RS rating >= 80",4
GRAVITA,-0.04108153752920778,0.08432718949524154,0.28347354912305733,-0.35253881638335394,0.7563754180602007,0.0,0.0,-0.4876292124374157,1.2292342702048993,0.01945982584114501,0.009207992296581757,-0.14679650796083543,-0.05833381981151949,316910024.0,14.26510747343288,41.84087543512125,17.494884555050117,1.4163876949274523,0.0,22.722880855650263,-1.7399999999999993,1.0,15.415986949429037,-0.7100000000000009,20661.0,True,True,28.660773480662986,Industrial Minerals,Commodities,76.0,93,"Uptrend (price > 50 > 150 > 200-day, 200-day rising); Within 15% of 52-week high; Quarterly profit growth >= 25%; ROE >= 20%; RS rating >= 80",5
GREAVESCOT,0.06477308339745871,-0.12244897959183676,0.5566223341465335,0.048823932783344764,0.8469290180213315,0.0,1.0,0.27460740167569886,9.119647542525483,0.032796795628058366,0.0767923887189943,0.11480000116185485,-0.08019066598684174,208457191.5,-70.9089292214435,30.67893698938868,-118.06460568335896,-0.9096616655968215,0.0,-17.232171715337795,-2.2,1.0,2.4458420684835778,0.0,20644.0,True,True,65.85414364640884,"Compressors, Pumps & Diesel Engines",Industrials,52.0,93,Within 15% of 52-week high; Quarterly profit growth >= 25%; 3-year profit growth >= 15%/yr; ROE >= 20%; RS rating >= 80,5
GRMOVER,-0.07745762515352264,-0.2706031210459722,-0.434318984691875,-0.7792139804225864,0.4255594499865193,0.0,0.0,-0.3480477886016837,1.0096725745553905,0.018163889554107287,0.027622377622377625,-0.0918296892980438,-0.035608053586658396,93200243.11,10.181282157909433,30.51900361099211,4.645823698805507,0.7210097726025646,0.0,7.23258580552375,-0.9100000000000001,1.0,12.312811980033278,-2.219999999999999,20677.0,True,True,14.877348066298342,Other Agricultural Products,Fast Moving Consumer Goods,64.0,93,"Uptrend (price > 50 > 150 > 200-day, 200-day rising); Within 15% of 52-week high; Quarterly profit growth >= 25%; 3-year profit growth >= 15%/yr; ROE >= 20%; RS rating >= 80",6
GROWW,,,0.18350998274587127,,0.8094630281690142,0.0,0.0,-0.0846000464500698,0.7540597991316141,0.01915606550893702,0.023047375160051287,-0.05017626819621812,-0.028101281001062114,4181338697.4300003,94.31001601541513,66.01282618310482,-27.71409128557758,,2.0,,7.130000000000003,1.0,21.581019477828427,8.54,20649.0,True,True,,Stockbroking & Allied,Financial Services,21.0,93,"Uptrend (price > 50 > 150 > 200-day, 200-day rising); Within 15% of 52-week high; 3-year profit growth >= 15%/yr; RS rating >= 80",4
GRSE,-0.06545415688540798,-0.04300954938824242,0.24033069038870614,-0.4259678388518532,0.6534591194968554,0.0,0.0,-0.17271086405634822,1.0310583514613574,0.014770363275931994,0.03077186084280714,-0.13242256059204727,-0.03950972284411426,877316310.7,43.82192930164912,38.534358371441435,19.622692378896,1.2732848217240054,6.0,46.50692068643956,0.34999999999999964,1.0,28.473543966501712,-0.05999999999999961,20679.0,True,True,19.47182320441989,Aerospace & Defense,Industrials,26.0,93,"Uptrend (price > 50 > 150 > 200-day, 200-day rising); Within 15% of 52-week high; RS rating >= 80",3
GRWRHITECH,0.2274474880482789,1.2468992004029467,1.108193525519849,2.2408518270445184,0.8780350438047559,0.0,1.0,-0.3758956461197218,1.3050217693587727,0.02106168435688591,0.054557751559329626,0.00700908755546048,-0.03231618112634881,305348867.0,59.776584513377415,27.897533283500685,20.664553125135555,1.9157423428070226,2.0,32.885735149011765,4.18,1.0,12.725903614457831,1.3100000000000005,20671.0,True,True,92.43646408839778,Plastic Products - Industrial,Industrials,36.0,93,ROE >= 20%,1
GSFC,-0.06426281940563124,-0.2210894405043341,0.09423649069397366,-0.9762861935277609,0.7384427032321254,0.0,0.0,-0.33106316587478435,0.8681535144228113,0.011318090402509064,0.02085009385894354,-0.04591551363267077,-0.02235806685508004,115638572.66,14.357287273334451,64.03285097577837,41.653594614462484,0.6789318393654883,0.0,-12.446665723930806,-1.92,1.0,5.486263960218472,0.030000000000001137,20677.0,True,True,19.8,Fertilizers,Commodities,59.0,93,"Uptrend (price > 50 > 150 > 200-day, 200-day rising); Within 15% of 52-week high; Quarterly profit growth >= 25%; 3-year profit growth >= 15%/yr; ROE >= 20%; RS rating >= 80",6
GUJALKALI,0.017166828928257428,0.19310815421357885,0.1942286348501665,0.13688310060328931,0.7593251533742331,0.0,0.0,0.8302883674640331,1.7357555221143601,0.022158443827749254,0.03455955130320021,-0.08979261656125892,-0.06375354765160857,52891484.8,100.0,12.649305052844962,30.288345855368505,1.881841956262358,4.0,-25.647808697263553,5.67,1.0,-0.03853564547206166,1.6199999999999992,20657.0,True,True,51.3049723756906,Commodity Chemicals,Commodities,45.0,93,"Uptrend (price > 50 > 150 > 200-day, 200-day rising); Within 15% of 52-week high; 3-year profit growth >= 15%/yr; ROE >= 20%; RS rating >= 80",5
GUJENERGY,-0.11865363317007169,-0.3292352686308492,-0.08577544843876872,-1.1193266291737296,0.6277048270760126,0.0,0.0,-0.1939007120862242,1.3316981725893242,0.018040282856199786,0.03141958316948479,-0.08250857710434478,-0.03176454934979299,320474757.0,84.05984542265384,63.12412840775479,111.04854162510135,4.5801911206940815,1.0,8.982689244820774,1.200000000000001,1.0,9.162389428852244,16.290000000000003,20676.0,True,True,4.922651933701657,LPG/CNG/PNG/LNG Supplier,Energy,70.0,93,"Uptrend (price > 50 > 150 > 200-day, 200-day rising); Within 15% of 52-week high; 3-year profit growth >= 15%/yr; ROE >= 20%; RS rating >= 80",5
GUJTHEM,0.03495415284708595,0.03126526624328285,0.6767275615567909,-0.10425731796418657,0.8091858037578289,0.0,0.0,-0.09411397506103783,0.5761062075614501,0.026159954724836877,0.0557884928954111,-0.00732215162155303,-0.03190734747338943,85057101.125,-14.651380243605793,10.804655870445323,-17.685395182716945,-0.5669211416544645,0.0,-8.449812532735901,-7.539999999999999,1.0,16.319444444444446,15.79,20672.0,True,True,56.77458563535911,Pharmaceuticals,Healthcare,17.0,93,"Uptrend (price > 50 > 150 > 200-day, 200-day rising); Within 15% of 52-week high; Quarterly profit growth >= 25%; Sales growth >= 20% or 2+ strong quarters; 3-year profit growth >= 15%/yr; ROE >= 20%; RS rating >= 80",7
GULFOILLUB,0.008520804420946895,-0.08116962896224111,0.2391472440075113,-0.2649811264733036,0.8728090584768109,0.0,0.0,0.4600899684456367,0.7480203012357337,0.01805351846549412,0.04548482253306685,0.014087654514555625,-0.021172876107223963,62143206.45,26.946043145807018,30.573072949972936,30.400148648237955,2.9666720022816166,1.0,16.345130815207852,-0.2599999999999998,1.0,22.4609375,-0.5999999999999979,20668.0,True,True,47.6950276243094,Lubricants,Energy,2.0,93,"Uptrend (price > 50 > 150 > 200-day, 200-day rising); RS rating >= 80",2
GVPIL,0.18758118915236902,0.8188143209160748,0.551626066526524,1.604372728821167,0.625830258302583,0.0,0.0,-0.23752532478887542,1.2327168549829637,0.030000954610901485,0.04999237921048616,-0.02651121076233187,-0.03432566925119788,128042895.25,42.524338547942044,7.613735401777921,-57.475661452057956,0.2900519397090608,5.0,66.92706969832535,5.330000000000002,1.0,43.470790378006875,-0.16999999999999993,20655.0,True,True,87.84198895027625,Heavy Electrical Equipment,Industrials,34.0,93,"Uptrend (price > 50 > 150 > 200-day, 200-day rising); Within 15% of 52-week high",2
GVTandD,0.05389916193359118,0.48351354959284465,0.18658907693129034,0.897870908553659,0.7435398230088496,0.0,0.0,-0.005993368555834389,0.9523467078942168,0.024758883241430555,0.08765341637662583,-0.026444736544497638,-0.03520351116340476,3547620370.0,24.673057628535933,38.04214625638096,-61.61317429865501,2.0088314955691726,16.0,354.3292883150956,-2.120000000000001,1.0,45.836431226765804,-0.4299999999999997,20679.0,True,True,63.447513812154696,Heavy Electrical Equipment,Industrials,34.0,93,"Uptrend (price > 50 > 150 > 200-day, 200-day rising); Within 15% of 52-week high; Quarterly profit growth >= 25%; RS rating >= 80",4
HAL,0.014782491527196882,0.00035417404529280994,0.33801482472273325,-0.09962092825285854,0.9064253674828638,0.0,0.0,0.3075706571507901,1.3393160323736015,0.01569266396482013,0.036229197561377546,-0.030385411413202834,-0.024326451025758273,3186885085.2,14.884611560055493,14.446120676238472,9.363055722739233,0.7136008609608687,0.0,15.680988215755608,0.10999999999999943,1.0,22.211934407056358,0.6000000000000014,20670.0,True,True,50.10165745856354,Aerospace & Defense,Industrials,26.0,93,"Uptrend (price > 50 > 150 > 200-day, 200-day rising); Quarterly profit growth >= 25%; Sales growth >= 20% or 2+ strong quarters; RS rating >= 80",4
HAPPSTMNDS,-0.13149264743350786,-0.26932399676811214,0.046278441959120675,-1.1041102689224047,0.5576802226411707,0.0,0.0,-0.21809065527589425,0.278626905434837,0.029053324627690037,0.013720485003190896,-0.1654082405859877,-0.03256962569276267,385711906.15,18.365516103111588,14.29532642298601,-22.696325798011287,0.8753361188174915,0.0,-0.3766123120466536,0.3699999999999992,1.0,12.61101243339254,-3.2699999999999996,20640.0,True,True,3.7193370165745856,Computers - Software & Consulting,Information Technology,82.0,93,"Uptrend (price > 50 > 150 > 200-day, 200-day rising); Within 15% of 52-week high; Quarterly profit growth >= 25%; Sales growth >= 20% or 2+ strong quarters; 3-year profit growth >= 15%/yr; ROE >= 20%; RS rating >= 80",7
HAPPYFORGE,0.23796648179963759,1.476767469322791,1.045628021372233,3.0832935872846523,0.8369230769230769,0.0,1.0,0.7030924766700475,1.8143469576463138,0.0241579908556132,0.039338572048401854,0.009764508770472968,-0.032649264234474784,159630803.75,39.20251333852656,27.026568682871677,15.648871183047966,3.6664799071675205,3.0,,1.7800000000000011,1.0,14.191729323308271,-0.7900000000000027,20638.0,True,True,93.09281767955801,Castings & Forgings,Industrials,13.0,93,Within 15% of 52-week high; 3-year profit growth >= 15%/yr; ROE >= 20%,3
HARSHA,0.06025379224020423,0.08084400189663343,0.4143012253761438,0.35430425300936297,0.9863674496644296,1.0,1.0,0.49558864794863894,1.7325058086807654,0.019999371018939918,0.06232262458848892,0.08265518709929909,-0.031928947748829976,53802831.099999994,-1.4375333853309913,25.223794793178023,-202.34643456802465,-0.03696427066685435,0.0,9.743827017964858,-2.210000000000001,1.0,11.055634807417974,0.019999999999999574,20638.0,True,True,64.76022099447515,Other Industrial Products,Industrials,5.0,93,Quarterly profit growth >= 25%; 3-year profit growth >= 15%/yr; ROE >= 20%; RS rating >= 80,4
HATSUN,0.08435854727144843,0.3190581717451524,0.2895520771272275,0.5936420249900829,0.8142550196339927,0.0,1.0,1.076490316141678,0.5101256181767818,0.02530350060633793,0.05755649717514122,0.04787221870494829,-0.044758971194412044,51988167.849999994,47.592330525940916,17.61263838785918,-22.85079013550429,0.4667264999891567,2.0,171.9808695632919,0.52,1.0,16.249271986022134,-0.010000000000001563,20472.0,True,True,71.32375690607735,Dairy Products,Fast Moving Consumer Goods,19.0,93,Within 15% of 52-week high; ROE >= 20%; RS rating >= 80,3
HAVELLS,-0.1107132890139407,-0.20873879030719333,0.010149399155569894,-1.466919524394653,0.6464749300076356,0.0,0.0,-0.33515546685941716,1.6319766011397219,0.013929802577642314,0.03699633699633709,-0.1542847629749864,-0.028537900461566533,840915425.0,-16.718615872290687,19.48252632736669,-56.67477027003227,-0.7148915841165073,0.0,14.257619422726009,-1.9299999999999997,1.0,17.861675126903553,-0.4799999999999969,20651.0,True,True,6.45414364640884,Consumer Electronics,Consumer Discretionary,89.0,93,"Uptrend (price > 50 > 150 > 200-day, 200-day rising); Within 15% of 52-week high; Quarterly profit growth >= 25%; Sales growth >= 20% or 2+ strong quarters; 3-year profit growth >= 15%/yr; ROE >= 20%; RS rating >= 80",7
HBLENGINE,0.005114902595700688,-0.19075464729779634,0.02382991978817861,-0.04934155062892231,0.7081105169340464,0.0,0.0,0.5027792949014411,3.297230228499798,0.022494438508807522,0.07393741573830992,0.1111219884678265,-0.04139137799222268,648270855.25,-25.068265332126348,6.025557937417947,-70.12952488984386,-0.30832388866525945,0.0,83.67025954629908,-7.100000000000001,1.0,36.74943566591422,-0.14000000000000057,20673.0,True,True,46.819889502762436,Other Industrial Products,Industrials,5.0,93,"Uptrend (price > 50 > 150 > 200-day, 200-day rising); Within 15% of 52-week high; Quarterly profit growth >= 25%; Sales growth >= 20% or 2+ strong quarters; RS rating >= 80",5
HCC,-0.022389954339659728,-0.03911290322580652,0.6411845730027548,-0.3606884424979019,0.716140350877193,0.0,0.0,0.1981122588723115,0.4584535202708124,0.02601653490598186,0.024714828897338448,-0.0630049948582343,-0.04196448175803255,444892206.61,0.6206159220341734,-8.971621782595552,35.21878146036132,0.0015663401607115962,0.0,78.92483558470298,0.4899999999999993,1.0,7.804419370004702,0.05000000000000071,20659.0,True,True,35.11491712707183,Civil Construction,Industrials,81.0,93,"Uptrend (price > 50 > 150 > 200-day, 200-day rising); Within 15% of 52-week high; Quarterly profit growth >= 25%; Sales growth >= 20% or 2+ strong quarters; ROE >= 20%; RS rating >= 80",6
HCG,0.017966442670732777,0.11851738865161665,0.3789018427980444,0.050253095953563434,0.8328644133498392,0.0,0.0,0.10119030033788984,1.327656101260193,0.02148585702150263,0.03178395598030681,-0.04603878005253559,-0.021724268345458222,74117288.375,174.1547300634652,13.363559266749302,-125.8452699365348,0.7691373284825199,2.0,57.51499369102873,1.3900000000000001,1.0,1.7267267267267266,0.259999999999998,20671.0,True,True,51.63314917127072,Hospital,Healthcare,51.0,93,"Uptrend (price > 50 > 150 > 200-day, 200-day rising); Within 15% of 52-week high; ROE >= 20%; RS rating >= 80",4
HCLTECH,0.011590399220863266,-0.08224926563155677,-0.03825857519788922,-0.48097376093019456,0.6909724172799281,0.0,0.0,-0.23558814064174025,2.2556128155035955,0.01761445110392475,0.03946604759141037,-0.05326063196007369,-0.01762997978270952,2860620759.3,20.32269273242564,13.93785627203532,16.173439416632675,2.383619769196213,1.0,6.316094303062392,0.7100000000000009,1.0,22.15392802501164,-0.8100000000000023,20647.0,True,True,48.89834254143646,Computers - Software & Consulting,Information Technology,82.0,93,"Uptrend (price > 50 > 150 > 200-day, 200-day rising); Within 15% of 52-week high; Quarterly profit growth >= 25%; Sales growth >= 20% or 2+ strong quarters; 3-year profit growth >= 15%/yr; RS rating >= 80",6
HDFCAMC,-0.07607966796428796,-0.10865981133678937,0.13319503867928595,-0.701650846263842,0.7686241469373999,0.0,0.0,-0.41853087555016066,1.7894158207007846,0.018203251065491446,0.02581747852291616,-0.08740825866115864,-0.02895546431122055,1662961178.85,11.98624968355717,13.58983628569954,14.449947347141423,1.6225519966354798,0.0,22.934876233925916,-1.0899999999999892,1.0,30.967602123740384,-0.00999999999999801,20649.0,True,True,15.861878453038674,Asset Management Company,Financial Services,73.0,93,"Uptrend (price > 50 > 150 > 200-day, 200-day rising); Within 15% of 52-week high; Quarterly profit growth >= 25%; Sales growth >= 20% or 2+ strong quarters; RS rating >= 80",5
HDFCBANK,-0.07330236228227978,-0.25929795236105313,-0.062417349907431974,-1.1984618922899968,0.6944634982851544,0.0,0.0,-0.46542446142828,1.4748869693972664,0.01289355835491361,0.02524544179523147,-0.023807687221756746,-0.02254231767635781,19008508381.45,19.248235551738002,3.6664661063108728,9.967006312211858,2.2718517442662027,0.0,19.020400548460348,2.9400000000000013,1.0,13.517239731835872,-0.6200000000000045,20645.0,True,True,16.737016574585635,Private Sector Bank,Financial Services,30.0,93,"Uptrend (price > 50 > 150 > 200-day, 200-day rising); Within 15% of 52-week high; Quarterly profit growth >= 25%; Sales growth >= 20% or 2+ strong quarters; ROE >= 20%; RS rating >= 80",6
HDFCLIFE,-0.09135941531695996,-0.29894845493839095,-0.10955424450999673,-1.3612237293288683,0.661001902346227,0.0,0.0,-0.1753644300491852,4.772162769885889,0.017903139366214158,0.05054696341003395,-0.03802318563457785,-0.032220960335844026,1567607985.15,11.4985659119043,14.578636793448641,7.155959068619721,2.2228151348691916,0.0,11.50098595222877,-0.050000000000000044,1.0,10.771830985915493,-0.30999999999999517,20662.0,True,True,11.158011049723758,Life Insurance,Financial Services,88.0,93,"Uptrend (price > 50 > 150 > 200-day, 200-day rising); Within 15% of 52-week high; Quarterly profit growth >= 25%; Sales growth >= 20% or 2+ strong quarters; 3-year profit growth >= 15%/yr; ROE >= 20%; RS rating >= 80",7
HEGAM,0.1122732237389904,0.40333189562216964,0.2734967464161653,0.6441795305378553,0.8705128205128205,0.0,0.0,0.8495791743580989,1.4608539055132643,0.030422065550993624,0.04998837479655904,-0.027755504135260733,-0.047361992229765726,324274182.65000004,22.556282310181718,11.098599823754029,74.40110600469563,0.25873729414480734,4.0,-11.5873155048146,1.6799999999999997,1.0,7.166876839007987,-1.1199999999999974,20656.0,True,True,77.99668508287293,Electrodes & Refractories,Industrials,9.0,93,"Uptrend (price > 50 > 150 > 200-day, 200-day rising); Quarterly profit growth >= 25%; 3-year profit growth >= 15%/yr; ROE >= 20%; RS rating >= 80",5
HERITGFOOD,0.005052455889734256,-0.32271065704377166,0.1873151495234966,-0.7107766511574635,0.7468648397584765,0.0,0.0,1.3951963516686885,0.4121630443168308,0.022416523558525334,0.07082273112807469,0.07836378414483347,-0.029026625780330738,100911021.625,-38.3419291922406,17.710862451177036,8.935266187874355,-0.7067217174351286,0.0,23.494317445241663,-1.6999999999999997,1.0,13.599274705349048,-0.0600000000000005,20650.0,True,True,46.71049723756906,Dairy Products,Fast Moving Consumer Goods,19.0,93,"Uptrend (price > 50 > 150 > 200-day, 200-day rising); Within 15% of 52-week high; Quarterly profit growth >= 25%; Sales growth >= 20% or 2+ strong quarters; ROE >= 20%; RS rating >= 80",6
HEROMOTOCO,0.012718143194331732,0.01480309095987331,0.05969278631149133,-0.0905943199758006,0.8203803709791031,0.0,0.0,0.3281680758820198,1.04739834279626,0.01667332936168425,0.025257780720840062,-0.037264707568006594,-0.015107857189768863,2928101157.0,-16.867006593351686,34.937164298013414,-43.0442332515543,-1.4525873567050787,0.0,22.582729168741622,-6.73,1.0,26.727129702466335,-0.490000000000002,20647.0,True,True,49.226519337016576,2/3 Wheelers,Consumer Discretionary,31.0,93,"Uptrend (price > 50 > 150 > 200-day, 200-day rising); Within 15% of 52-week high; Quarterly profit growth >= 25%; RS rating >= 80",4
HEXT,-0.057838086300923734,-0.1952564009574237,0.2522573363431151,-0.7357232246492202,0.611699164345404,0.0,0.0,0.3968267244336697,0.2878575785473554,0.021937819813492642,0.041142742178855274,-0.08733068700485236,-0.02717729183548176,101035490.4,-12.974150028080967,17.925598797804156,-20.41261841708876,-1.1303273636327915,0.0,27.776344064436785,-3.0500000000000007,1.0,21.659278024065863,0.010000000000001563,20663.0,True,True,21.87845303867403,Computers - Software & Consulting,Information Technology,82.0,93,"Uptrend (price > 50 > 150 > 200-day, 200-day rising); Within 15% of 52-week high; Quarterly profit growth >= 25%; Sales growth >= 20% or 2+ strong quarters; RS rating >= 80",5
HIKAL,-0.009059624521733742,-0.22564398308342948,0.29208365409289194,-0.32382554790869633,0.7707463742483197,0.0,0.0,1.2543773893337808,0.9425030385069796,0.040569170941339924,0.19820538384845476,-0.008289063097375093,-0.04042351456751765,75530986.4,22.4717982297868,5.888538380651953,-64.13050009126154,0.25167104514718186,2.0,-23.382942085922508,1.8399999999999999,0.0,-4.08673894912427,-0.4299999999999997,20671.0,True,True,40.693922651933704,Pharmaceuticals,Healthcare,17.0,93,"Uptrend (price > 50 > 150 > 200-day, 200-day rising); Within 15% of 52-week high; Quarterly profit growth >= 25%; 3-year profit growth >= 15%/yr; ROE >= 20%; RS rating >= 80",6
HINDALCO,0.04822697884628831,0.3613755195066364,0.17162801430714203,0.9028380384199955,0.8008503401360544,0.0,0.0,-0.020720202657000118,1.2463767186616543,0.01529396808467185,0.03165467625899265,-0.06234070345354914,-0.024056771355060003,3698205563.35,116.85029158945687,32.06034375389215,139.043400093245,3.9845579428407487,1.0,35.10778440029774,4.0,1.0,9.804294824392494,-0.0799999999999983,20636.0,True,True,61.25966850828729,Aluminium,Commodities,3.0,93,"Uptrend (price > 50 > 150 > 200-day, 200-day rising); Within 15% of 52-week high; ROE >= 20%; RS rating >= 80",4
HINDCOPPER,0.09265358501754264,0.708844289757018,0.06464687405005587,0.9746209089703477,0.6218669824353661,0.0,0.0,0.11193404578630711,0.8189842912000609,0.025870390617239617,0.04665095266155972,-0.08565072302558396,-0.03871822794662848,3780566759.6,162.48690935688631,81.36220152216434,25.11297361688841,2.5821759985529993,4.0,61.67324868565112,11.630000000000003,1.0,27.490278193239604,-0.9299999999999997,20675.0,True,True,73.40220994475138,Copper,Commodities,,93,"Uptrend (price > 50 > 150 > 200-day, 200-day rising); Within 15% of 52-week high; RS rating >= 80",3
HINDOILEXP,0.02761505944699853,-0.07176814250529817,0.3390068578038503,-0.03727993355638705,0.851618347895155,0.0,1.0,1.5233600202548059,0.3346752185980838,0.024555397485876724,0.10951979780960408,0.022800308598915686,-0.039703990648234266,77733545.50999999,-87.79220927974076,163.1481908273796,-6.895590337805615,-2.0189519280502193,0.0,-47.802052809009844,-112.44,1.0,4.552023121387283,0.3999999999999999,20677.0,True,True,54.36795580110497,Oil Exploration & Production,Energy,24.0,93,Quarterly profit growth >= 25%; 3-year profit growth >= 15%/yr; ROE >= 20%; RS rating >= 80,4
HINDPETRO,-0.0481270787270995,-0.13799198680179126,0.0728952772073923,-0.4968137179121021,0.6890549709902646,0.0,0.0,-0.0844741134628422,0.9282603105374119,0.01608956304427493,0.023958927552766518,-0.05370401882058051,-0.014988554920363394,1837902320.1999998,-100.0,26.8520923871826,-177.41873291148693,-4.159658219608773,0.0,-41.41774820968437,-12.43,0.0,27.529135395692233,-0.4100000000000037,20656.0,True,True,25.488397790055252,Refineries & Marketing,Energy,43.0,93,"Uptrend (price > 50 > 150 > 200-day, 200-day rising); Within 15% of 52-week high; Quarterly profit growth >= 25%; 3-year profit growth >= 15%/yr; RS rating >= 80",5
HINDUNILVR,-0.08108998466726401,-0.20701969351315186,-0.05158118010026991,-1.1375356580605227,0.7162159586835134,0.0,0.0,-0.7060462008041646,1.3787397907796142,0.014982196812494894,0.013927010267357876,-0.06846769851884826,-0.014659514037134225,2389581333.3999996,-3.901955438813909,10.052675001586596,-12.111353713310091,-1.0807881609469943,0.0,2.096980848463681,-2.289999999999999,1.0,30.89722809249266,-0.00999999999999801,20662.0,True,True,13.89281767955801,Diversified FMCG,Fast Moving Consumer Goods,,93,"Uptrend (price > 50 > 150 > 200-day, 200-day rising); Within 15% of 52-week high; Quarterly profit growth >= 25%; Sales growth >= 20% or 2+ strong quarters; 3-year profit growth >= 15%/yr; RS rating >= 80",6
HINDZINC,0.06960958216329588,0.2902491874322861,0.16823621738277428,0.5607894148945,0.772169167803547,0.0,0.0,0.2532496663308924,0.8759206796096909,0.020304477609587226,0.04141184693342659,-0.019492353426233122,-0.024847347597408607,2656314370.75,144.7698679035209,76.90129970402779,77.18659862571933,4.9103001880374615,3.0,22.021113803189674,11.030000000000001,1.0,61.12510495382032,-0.07000000000000028,20658.0,True,True,67.16685082872928,Zinc,Commodities,,93,"Uptrend (price > 50 > 150 > 200-day, 200-day rising); Within 15% of 52-week high; RS rating >= 80",3
HIRECT,0.08940851394347832,0.44466777015843006,0.7032339001951493,0.6666675448723759,0.8200142959256612,0.0,0.0,-0.12030355711758531,0.40942925928348,0.03275435592073703,0.05734796600379566,-0.0857609175543147,-0.030531843080384088,71642408.55000001,-63.79746478840175,20.338036038552865,36.20253521159825,-1.2867073250800607,0.0,52.07770199176935,-4.16,1.0,18.660287081339714,3.29,20649.0,True,True,72.19889502762432,Industrial Products,Industrials,4.0,93,"Uptrend (price > 50 > 150 > 200-day, 200-day rising); Within 15% of 52-week high; Quarterly profit growth >= 25%; ROE >= 20%; RS rating >= 80",5
HLEGLAS,0.032216704463160564,-0.4080346222598551,0.19257012888551928,-0.2994574301418461,0.6637963592416345,0.0,0.0,0.4028097793933401,0.6222605351987485,0.04656977018968121,0.09999999999999987,0.1471446697194534,-0.0662675094623401,86261676.775,-88.54956382690138,5.916534601162171,-53.1797532318611,-1.7656287361485001,0.0,-10.453131380463976,-5.61,1.0,10.674157303370785,-0.39000000000000057,20675.0,True,True,56.00883977900553,Industrial Products,Industrials,4.0,93,"Uptrend (price > 50 > 150 > 200-day, 200-day rising); Within 15% of 52-week high; Quarterly profit growth >= 25%; Sales growth >= 20% or 2+ strong quarters; 3-year profit growth >= 15%/yr; ROE >= 20%; RS rating >= 80",7
HOMEFIRST,-0.030681058381441587,-0.08001579778830958,0.2527697106593525,-0.3381853768282122,0.838430598770585,0.0,0.0,0.07698674587614598,3.20844853576866,0.01781550647070977,0.05795619193727086,-0.06760221520429543,-0.0462712244767965,173020467.4,34.44459854427719,18.606291748418236,-8.313725703716983,3.5064655717339974,13.0,33.168498252310094,3.5,1.0,12.393848978655038,0.4899999999999949,20679.0,True,True,32.161325966850825,Housing Finance Company,Financial Services,85.0,93,"Uptrend (price > 50 > 150 > 200-day, 200-day rising); Within 15% of 52-week high; ROE >= 20%; RS rating >= 80",4
HONASA,0.08188175075470784,0.5971438060445033,0.6124056999161775,1.3393804504542721,0.8461161239701844,0.0,0.0,0.07088993128734067,12.079164256945335,0.018936660665041766,0.04227341882199509,-0.07956674448081469,-0.03258427877406376,345700037.79999995,119.04247966913869,26.997060058798827,-59.09794846941526,1.4947297017079109,4.0,91.96130384780396,5.03,1.0,14.174344436569807,2.240000000000002,20678.0,True,True,70.66740331491712,Personal Care,Fast Moving Consumer Goods,71.0,93,"Uptrend (price > 50 > 150 > 200-day, 200-day rising); Within 15% of 52-week high; ROE >= 20%; RS rating >= 80",4
HONAUT,-0.025691705781021063,-0.034642032332563466,0.3144654088050314,-0.29649244536435065,0.8063622123147367,0.0,0.0,0.33828046723830996,5.358271002160467,0.01682597286824796,0.04511278195488733,-0.0759203512938772,-0.01499200046265493,86647515.0,20.942302093515043,1.8003549995774026,6.30775102010568,1.677867345339535,1.0,8.378718830292108,1.9800000000000004,1.0,11.763387855702442,0.23000000000000043,20679.0,True,True,33.80220994475138,Industrial Products,Industrials,4.0,93,"Uptrend (price > 50 > 150 > 200-day, 200-day rising); Within 15% of 52-week high; Quarterly profit growth >= 25%; Sales growth >= 20% or 2+ strong quarters; 3-year profit growth >= 15%/yr; ROE >= 20%; RS rating >= 80",7
HSCL,0.105401994124683,0.4595372522971328,0.4851864368592993,1.409469204236895,0.8270896888346552,0.0,0.0,-0.3817807853953562,0.3598833867959977,0.02394019069782959,0.03367261039259195,-0.04413776375056777,-0.016615274314549955,2552929083.5,27.323481440279718,28.04192114746624,-6.219574886534904,5.475108859458849,17.0,40.674006072244964,-0.08999999999999986,1.0,16.043348916277093,0.9299999999999979,20649.0,True,True,76.90276243093922,Carbon Black,Commodities,,93,"Uptrend (price > 50 > 150 > 200-day, 200-day rising); Within 15% of 52-week high; ROE >= 20%; RS rating >= 80",4
HUBTOWN,-0.12346713017519649,-0.4370850702485719,0.0050722240599847535,-0.8844764233732811,0.5376991150442478,0.0,0.0,0.018993585175275687,3.0879922331006284,0.02787380507942038,0.09536686497205693,-0.008820992897311863,-0.02874714469297776,63073554.95,-67.67095451466732,-16.962808814897812,-367.6709545146673,-1.6379022663866372,0.0,32.427988125852416,-26.79,1.0,6.2404870624048705,0.07000000000000006,20668.0,True,True,4.266298342541436,"Residential, Commercial Projects",Consumer Discretionary,53.0,93,"Uptrend (price > 50 > 150 > 200-day, 200-day rising); Within 15% of 52-week high; Quarterly profit growth >= 25%; Sales growth >= 20% or 2+ strong quarters; ROE >= 20%; RS rating >= 80",6
HUDCO,-0.09241223353342248,-0.22607660587510092,0.08324407949541834,-0.9154105847318648,0.6748227668624671,0.0,0.0,-0.6317587780330512,1.8538847784715455,0.01457624878922532,0.03201856148491866,-0.10011236440641336,-0.021100254176470747,282117540.08000004,35.04185789964745,26.550142817748213,-137.20969657362204,0.5261002443489129,2.0,34.85218256453191,1.4399999999999977,1.0,18.356388787768473,-0.7599999999999998,20661.0,True,True,10.611049723756906,Financial Institution,Financial Services,79.0,93,"Uptrend (price > 50 > 150 > 200-day, 200-day rising); Within 15% of 52-week high; ROE >= 20%; RS rating >= 80",4
HYUNDAI,-0.041743931467002796,-0.18978504501194193,0.2137391974459184,-0.9149932212257558,0.732948394081559,0.0,0.0,0.40526693276173187,2.0465828298338105,0.018503932961129312,0.026400077647287246,-0.056599391504284946,-0.027091007135589717,1375107767.55,-35.08316221253479,-0.4767597155404868,-12.874117042175754,-2.313620602552549,0.0,,-2.8999999999999995,1.0,27.13964526605046,-0.21000000000000085,20664.0,True,True,28.223204419889502,Passenger Cars & Utility Vehicles,Consumer Discretionary,91.0,93,"Uptrend (price > 50 > 150 > 200-day, 200-day rising); Within 15% of 52-week high; Quarterly profit growth >= 25%; Sales growth >= 20% or 2+ strong quarters; 3-year profit growth >= 15%/yr; RS rating >= 80",6
IBULLSLTD,,,1.8104925053533192,,0.911076923076923,0.0,1.0,0.06958753407692542,1.3485389791310218,0.03053775520882596,0.04998240056318193,0.06635839149506251,-0.05950656555064491,249909377.65499997,100.0,292.3270028378083,0.0,0.7173441951362983,4.0,-10.819774894894184,41.209999999999994,1.0,11.219195849546045,0.029999999999997584,20657.0,True,True,,Diversified Commercial Services,Services,67.0,93,3-year profit growth >= 15%/yr; ROE >= 20%; RS rating >= 80,3
ICICIBANK,-0.018911128038215153,0.042817184250161455,0.17847301021235218,-0.2663149753688831,0.8930405405405406,0.0,0.0,-0.502748135548035,1.4986455726688774,0.010407013057785389,0.02282928339266377,-0.058560567100263916,-0.020799319575644154,13381873800.400002,12.620690150153656,6.440286422401331,3.3535217429633057,1.8014455420263005,0.0,15.508383868133446,1.7100000000000009,1.0,15.957692943315156,1.690000000000012,20652.0,True,True,36.427624309392264,Private Sector Bank,Financial Services,30.0,93,"Uptrend (price > 50 > 150 > 200-day, 200-day rising); Quarterly profit growth >= 25%; Sales growth >= 20% or 2+ strong quarters; ROE >= 20%; RS rating >= 80",5
ICICIGI,-0.05209080319382809,-0.17300891961788145,-0.10309101316542635,-0.6286878372007838,0.7700130756937381,0.0,0.0,-0.2732956714640013,2.22756143338387,0.021611457154918887,0.05091296814607493,0.007944376684661858,-0.03074762270028991,1083737638.95,-46.00825606791481,10.830152746354127,-53.30118001038297,-2.967188009533092,0.0,11.105253945763138,-5.989999999999999,1.0,16.665664642578008,0.39000000000000057,20679.0,True,True,24.066298342541437,General Insurance,Financial Services,78.0,93,"Uptrend (price > 50 > 150 > 200-day, 200-day rising); Within 15% of 52-week high; Quarterly profit growth >= 25%; Sales growth >= 20% or 2+ strong quarters; 3-year profit growth >= 15%/yr; ROE >= 20%; RS rating >= 80",7
ICICIPRULI,-0.07532145407512399,-0.1394690854622619,-0.025169683257918574,-0.9882027794677899,0.6279003961516696,0.0,0.0,-0.35956923358131265,4.711433714906433,0.01905063310804322,0.043617021276595835,-0.1020829328990096,-0.03650264278593015,571546882.475,61.704732105214966,-79.6940458918413,42.194784502268455,2.9844867300793374,1.0,23.92965679732186,17.13,1.0,11.796640011737951,0.08999999999999986,20557.0,True,True,16.190055248618787,Life Insurance,Financial Services,88.0,93,"Uptrend (price > 50 > 150 > 200-day, 200-day rising); Within 15% of 52-week high; Sales growth >= 20% or 2+ strong quarters; ROE >= 20%; RS rating >= 80",5
ICIL,0.1388441539897397,0.6256882640163453,0.834505666275889,1.0005869702382477,0.9474225743389237,1.0,1.0,1.0819109251277865,0.8887038323334215,0.03157322634974555,0.061595010024504404,0.07369653380721486,-0.02659344747786046,193064355.75,62.08487772151441,25.894170291328965,47.10184636522299,0.8179852289353371,1.0,-17.957350749196888,1.17,1.0,5.390492359932089,0.38000000000000256,20669.0,True,True,82.04419889502762,Other Textile Products,Consumer Discretionary,14.0,93,3-year profit growth >= 15%/yr; ROE >= 20%,2
ICRA,-0.12305874227197035,-0.2639568830002246,-0.044524341657759314,-1.6552582380026877,0.6285459676221595,0.0,0.0,-0.03216827196795509,1.8397106098590081,0.017481572331606857,0.019424782361077142,-0.1255594910888479,-0.03921694236664002,147252943.0,24.43107675531597,31.231424210780002,30.34869601947286,1.7413698451507378,1.0,8.220006353121967,-1.7800000000000011,1.0,15.495342929720577,-1.259999999999998,20641.0,True,True,4.485082872928176,Ratings,Financial Services,,93,"Uptrend (price > 50 > 150 > 200-day, 200-day rising); Within 15% of 52-week high; Quarterly profit growth >= 25%; 3-year profit growth >= 15%/yr; ROE >= 20%; RS rating >= 80",6
IDBI,-0.003391744995975589,-0.025206478601308646,0.4197781596625525,-0.24983140181249922,0.6943740496705525,0.0,0.0,0.15930432090457627,1.4755040057791273,0.022632565374304796,0.022175937270277002,-0.03289566567838498,-0.010412218900414754,560522042.105,5.274597016615212,7.438284694490371,9.171845530712442,0.24242337599798275,0.0,30.654377713546666,-0.5800000000000018,1.0,13.472084475818214,-0.08999999999999997,20652.0,True,True,42.99116022099447,Private Sector Bank,Financial Services,30.0,93,"Uptrend (price > 50 > 150 > 200-day, 200-day rising); Within 15% of 52-week high; Quarterly profit growth >= 25%; Sales growth >= 20% or 2+ strong quarters; ROE >= 20%; RS rating >= 80",6
IDEAFORGE,0.12558615507054893,0.4923062488271721,1.064243997404283,0.6688102580738267,0.7366591080876795,0.0,0.0,-0.4412799495890867,0.9394358068133307,0.023804539241861752,0.049958881578947345,-0.08540705298245266,-0.022756950716191538,171049017.075,100.0,300.0,0.0,0.5303776729580172,1.0,-25.844123344972203,180.57,0.0,-2.8380634390651087,11.67,20648.0,True,True,79.96574585635359,Aerospace & Defense,Industrials,26.0,93,"Uptrend (price > 50 > 150 > 200-day, 200-day rising); Within 15% of 52-week high; 3-year profit growth >= 15%/yr; ROE >= 20%; RS rating >= 80",5
IDFCFIRSTB,0.052547732328009585,0.2192596794780881,0.38952642637788926,0.48740599957592795,0.9088271398281441,1.0,0.0,0.30179825587786513,1.9955990132721018,0.016324362935957657,0.029635703408691594,-0.04043284208145015,-0.029642062275389423,1207568664.86,153.366342436428,14.612301198384191,141.61451412592461,2.627536948918016,1.0,-5.5067148432174085,5.69,1.0,3.3984473884060415,1.2000000000000028,20659.0,True,True,62.79116022099448,Private Sector Bank,Financial Services,30.0,93,"Uptrend (price > 50 > 150 > 200-day, 200-day rising); Sales growth >= 20% or 2+ strong quarters; 3-year profit growth >= 15%/yr; ROE >= 20%; RS rating >= 80",5
IEX,-0.08140720540767081,-0.16267111389062605,0.013968360821272174,-0.8097417786563583,0.6676233855369065,0.0,0.0,-0.31665736346478374,1.7560534311575329,0.01673450222906707,0.01816578483245146,-0.11582962450027845,-0.028625666299324448,342473889.48,11.65387608339261,11.379188712522037,0.850830258764244,3.056644011080658,0.0,17.492233973513137,0.20999999999999375,1.0,36.14369501466276,-0.3200000000000003,20657.0,True,True,13.674033149171272,Exchange and Data Platform,Financial Services,33.0,93,"Uptrend (price > 50 > 150 > 200-day, 200-day rising); Within 15% of 52-week high; Quarterly profit growth >= 25%; Sales growth >= 20% or 2+ strong quarters; RS rating >= 80",5
IFCI,0.036782283732973785,0.5665385958784492,0.7567567567567568,0.36139051811709816,0.639720930232558,0.0,0.0,0.3408320571682552,1.0368011464252096,0.03456991838346744,0.12674765069906013,-0.13571216714172962,-0.07903832153463224,2941757925.7,-4.983533380694583,-19.67680141460779,80.4435015713436,-0.02628093429660883,0.0,92.98653684409668,2.8499999999999996,1.0,4.863595706618963,0.8700000000000001,20676.0,True,True,57.32154696132597,Financial Institution,Financial Services,79.0,93,"Uptrend (price > 50 > 150 > 200-day, 200-day rising); Within 15% of 52-week high; Quarterly profit growth >= 25%; Sales growth >= 20% or 2+ strong quarters; ROE >= 20%; RS rating >= 80",6
IGIL,-0.05050562452072148,-0.07034764826175877,0.06596842269813963,-0.3862604399057859,0.8135462271439607,0.0,0.0,-0.002213908412653801,0.9279893117204413,0.01833665747551808,0.05096856144807882,-0.06090306700318404,-0.023631004642765803,168143076.97499996,30.984890817315105,23.219567312485445,3.353273850355489,2.9638885856069135,2.0,,2.6500000000000057,1.0,40.207156308851225,0.019999999999999574,20657.0,True,True,24.941436464088397,Diversified Commercial Services,Services,67.0,93,"Uptrend (price > 50 > 150 > 200-day, 200-day rising); Within 15% of 52-week high; 3-year profit growth >= 15%/yr; RS rating >= 80",4
IGL,-0.07729601859330845,-0.27888255306914556,0.014562124991572833,-1.134354964289576,0.6514988814317674,0.0,0.0,0.049838355390594134,2.0237587893635087,0.013451232615814835,0.0576897336367288,-0.03140661232450437,-0.022866247089731707,158019012.95999998,-44.35456388285933,17.187787429739387,-19.12312891127643,-2.6758216128860255,0.0,-6.9452905074288696,-5.739999999999999,1.0,13.421418636995828,-0.14999999999999858,20678.0,True,True,14.986740331491712,LPG/CNG/PNG/LNG Supplier,Energy,70.0,93,"Uptrend (price > 50 > 150 > 200-day, 200-day rising); Within 15% of 52-week high; Quarterly profit growth >= 25%; Sales growth >= 20% or 2+ strong quarters; 3-year profit growth >= 15%/yr; ROE >= 20%; RS rating >= 80",7
IIFL,0.11061891394026507,0.4340354767184036,0.44283324037925276,0.820462881359417,0.8521276595744681,0.0,0.0,0.2012806214238869,0.9710865857714094,0.022255379948963046,0.02550400777265005,-0.0292148558002292,-0.0218230341855183,1285227055.625,160.3016092569058,32.72521614857611,12.324326470367026,1.489639969747588,3.0,8.819997484353959,8.92,1.0,13.053160919540229,-3.8900000000000006,20636.0,True,True,77.66850828729282,Non Banking Financial Company (NBFC),Financial Services,38.0,93,"Uptrend (price > 50 > 150 > 200-day, 200-day rising); 3-year profit growth >= 15%/yr; ROE >= 20%; RS rating >= 80",4
IIFLCAPS,0.049360560701889725,0.12899983246775015,0.30550174351026715,0.4074220625453757,0.8412351081935326,0.0,0.0,0.1119645872889987,3.0518602732032574,0.006586620456782053,0.02418756492061136,0.022697379116283223,-0.014762420502390294,100764041.025,4.911896618227685,2.2855014011046837,14.961900968993236,0.11332760813583934,0.0,26.742892012017872,0.7300000000000004,1.0,18.40130505709625,-1.8299999999999983,20657.0,True,True,61.47845303867403,Stockbroking & Allied,Financial Services,21.0,93,"Uptrend (price > 50 > 150 > 200-day, 200-day rising); Within 15% of 52-week high; Quarterly profit growth >= 25%; Sales growth >= 20% or 2+ strong quarters; ROE >= 20%; RS rating >= 80",6
IKS,0.03743838485821584,0.14437479379742646,0.2801151461470328,0.4435327913058781,0.8870558375634517,1.0,0.0,0.0841035029578821,2.0423502114732437,0.021251879818309897,0.0484630917657618,-0.024293555033193526,-0.03235067407796074,245380107.8,27.819366681867287,20.744493987299006,-11.53249847331712,0.7110992473568196,7.0,,1.1999999999999993,1.0,25.785714285714285,0.9199999999999999,20670.0,True,True,57.430939226519335,IT Enabled Services,Information Technology,40.0,93,"Uptrend (price > 50 > 150 > 200-day, 200-day rising); 3-year profit growth >= 15%/yr; RS rating >= 80",3
IMFA,-0.01109146373371734,0.1337119256582342,0.06982786619032155,0.05075352271451493,0.7089112447169474,0.0,0.0,-0.23403220113352405,0.6022114617534492,0.01845045118631587,0.022149105208249864,-0.11573222925471705,-0.024911233173819883,132372845.0,108.16137006839087,49.71007263771552,-9.49032330150574,3.2519109393198944,3.0,36.549633895968036,5.630000000000001,1.0,15.636497424576895,-0.22000000000000064,20649.0,True,True,39.709392265193365,Ferro & Silica Manganese,Commodities,,93,"Uptrend (price > 50 > 150 > 200-day, 200-day rising); Within 15% of 52-week high; ROE >= 20%; RS rating >= 80",4
INDGN,0.04177757539109776,0.06410925539318035,0.35290864852908643,0.10113029332614352,0.9421850079744817,1.0,1.0,0.8017865177947926,3.237058681544443,0.01711878079326115,0.03236217725052337,0.04092330734328864,-0.021451126794819943,219753740.4,-0.17660288791296885,39.73449001051523,18.917366936030547,-0.012075284416799698,0.0,,-4.370000000000001,1.0,12.774769034724434,0.10000000000000142,20655.0,True,True,58.85303867403315,"Healthcare Research, Analytics & Technology",Healthcare,42.0,93,Quarterly profit growth >= 25%; 3-year profit growth >= 15%/yr; ROE >= 20%; RS rating >= 80,4
INDHOTEL,0.004861590995585255,-0.018750000000000044,0.24877305804704686,-0.1242828129419617,0.9620411935569052,0.0,0.0,0.3284550651778326,11.6608188703742,0.013414931362606457,0.020018198362147244,0.00134814043198217,-0.014879348048556972,1146147295.4,18.7264695977845,14.605502969016415,4.406593793399004,1.0393164247854265,0.0,23.996051140630705,0.5800000000000018,1.0,17.215752375114928,0.36999999999999744,20655.0,True,True,46.60110497237569,Hotels & Resorts,Consumer Discretionary,54.0,93,"Uptrend (price > 50 > 150 > 200-day, 200-day rising); Quarterly profit growth >= 25%; Sales growth >= 20% or 2+ strong quarters; ROE >= 20%; RS rating >= 80",5
INDIAMART,-0.10070157981752087,-0.2658301965704726,-0.10925052011975434,-1.3262406404859333,0.6449186428599707,0.0,0.0,-0.5306636007673328,0.80556183517557,0.013875455581581687,0.03498809305733652,-0.05676546406675953,-0.015484202696394386,162898857.0,12.177860301482957,11.367911851652778,84.37443461611832,0.2581707024479828,0.0,15.35428241937944,0.29999999999999716,1.0,19.791666666666664,-0.6799999999999997,20655.0,True,True,8.641988950276243,Internet & Catalogue Retail,Consumer Discretionary,65.0,93,"Uptrend (price > 50 > 150 > 200-day, 200-day rising); Within 15% of 52-week high; Quarterly profit growth >= 25%; Sales growth >= 20% or 2+ strong quarters; ROE >= 20%; RS rating >= 80",6
INDIANB,0.030441803020791892,0.2929794274205151,0.03097218239174082,0.48743135064101684,0.8051753421920271,0.0,0.0,-0.12525809227048632,1.136410235674579,0.018573297090329198,0.013392015089594533,-0.05961892337510355,-0.02341263795517938,863263935.0,20.46625855611306,11.114699940436346,14.008261648911471,2.2369797744410738,1.0,27.883741172735,1.4400000000000013,1.0,14.625888584885624,-0.379999999999999,20644.0,True,True,55.35248618784531,Public Sector Bank,Financial Services,57.0,93,"Uptrend (price > 50 > 150 > 200-day, 200-day rising); Within 15% of 52-week high; Quarterly profit growth >= 25%; Sales growth >= 20% or 2+ strong quarters; ROE >= 20%; RS rating >= 80",6
INDIASHLTR,-0.0957811324019536,-0.26387315968289926,-0.11792644863617852,-0.8778987878424678,0.6878787878787879,0.0,0.0,-0.4447465491751641,2.2431070024412665,0.021357058936675038,0.03545873747813655,-0.06389822470566386,-0.021138958465044533,61001918.1,27.221948576604248,24.730361453145534,-1.8090177964025926,7.410875546665747,11.0,41.165316857625925,0.6600000000000037,1.0,15.728580362726705,0.5199999999999996,20575.0,True,True,9.845303867403315,Housing Finance Company,Financial Services,85.0,93,"Uptrend (price > 50 > 150 > 200-day, 200-day rising); Within 15% of 52-week high; ROE >= 20%; RS rating >= 80",4
INDIGO,-0.02955245618785065,-0.08688066992323795,0.27674106598365644,-0.38372365015536103,0.8348408710217755,0.0,0.0,-0.4418161716124578,0.9306772646298875,0.017703726570406027,0.023555508608851694,-0.0251821426825094,-0.017070191715755988,2763286968.0,-100.0,19.94408746944569,0.0,-1.2721003229139936,0.0,-11.895929789263882,-11.59,0.0,-34.34227513986516,-0.6099999999999994,20657.0,True,True,32.270718232044196,Airline,Services,,93,"Uptrend (price > 50 > 150 > 200-day, 200-day rising); Within 15% of 52-week high; Quarterly profit growth >= 25%; Sales growth >= 20% or 2+ strong quarters; 3-year profit growth >= 15%/yr; ROE >= 20%; RS rating >= 80",7
INDIGOPNTS,0.036687431249530805,0.049522075557578704,0.577586206896552,-0.019117562796291187,0.8106100007429972,0.0,0.0,1.0545959858599507,0.571408846136144,0.01868114489931104,0.02800763844684906,-0.026822589133595476,-0.02237931090676968,61464182.7,60.15262647647195,19.688532020980375,57.07867409278842,4.41290562993631,1.0,5.295055868068577,2.8499999999999996,1.0,12.824956672443674,0.5599999999999987,20678.0,True,True,57.2121546961326,Paints,Consumer Discretionary,61.0,93,"Uptrend (price > 50 > 150 > 200-day, 200-day rising); Within 15% of 52-week high; Sales growth >= 20% or 2+ strong quarters; 3-year profit growth >= 15%/yr; ROE >= 20%; RS rating >= 80",6
INDOBORAX,0.2168633589579324,1.101988507172682,1.0839822936306254,1.9721382349767136,0.8869749447310243,0.0,1.0,2.027292083094846,10.572066746047053,0.04410302086325137,0.06134014890543393,0.05546652519242623,-0.03273236248663657,64252273.05,59.348955187824615,31.34216912450998,23.4772206253707,2.4816017205583423,2.0,0.5115631929132336,4.060000000000002,1.0,12.953367875647666,-2.47,20648.0,True,True,91.56132596685083,Commodity Chemicals,Commodities,45.0,93,3-year profit growth >= 15%/yr; ROE >= 20%,2
INDORAMA,0.47733421828489303,0.1976744186046513,1.1243957460522074,1.370949462497645,0.8936776491540517,1.0,1.0,1.0653383774407517,1.845436150731852,0.0462952646038363,0.17023613399231197,0.42571399347660566,-0.08466934999766755,61742757.260000005,20.918212169533202,-28.265847699718925,-4.76964548277634,0.2188682430274073,2.0,19.94564742985425,2.7699999999999996,1.0,28.901734104046245,-0.1100000000000001,20663.0,True,True,98.56243093922652,Other Textile Products,Consumer Discretionary,14.0,93,Quarterly profit growth >= 25%,1
INDOTECH,0.2685948119631475,1.0784038612638907,2.1423843869325414,1.3167520477820123,0.7911166253101737,0.0,0.0,0.004832362914856872,1.270216076708567,0.022926956326701716,0.016753358649519656,-0.09912913744482943,-0.05024592121642103,56692956.0,34.140962439005506,39.01665344964314,20.09699084891223,1.1760293613300494,1.0,52.482666732700125,-0.41000000000000014,1.0,24.86631016042781,0.06,20679.0,True,True,93.96795580110498,Heavy Electrical Equipment,Industrials,34.0,93,"Uptrend (price > 50 > 150 > 200-day, 200-day rising); Within 15% of 52-week high",2
INDRAMEDCO,-0.07290032953759033,-0.21409243424613045,-0.05762491888384158,-0.5764498486650848,0.5445111960677225,0.0,0.0,0.696735814791336,1.1282456996577988,0.01484821128287817,0.03781687214295615,-0.04577386795883942,-0.019010593772414944,60727527.65,8.494018082328259,11.255683997151156,6.836428555810836,1.0537195830876873,0.0,24.94171315596636,-0.34999999999999964,1.0,24.831309041835357,0.05999999999999961,20679.0,True,True,16.846408839779006,Hospital,Healthcare,51.0,93,"Uptrend (price > 50 > 150 > 200-day, 200-day rising); Within 15% of 52-week high; Quarterly profit growth >= 25%; Sales growth >= 20% or 2+ strong quarters; RS rating >= 80",5
INDSWFTLAB,0.5301488550478903,2.511742059672762,1.639968164387526,4.775930615327661,0.9152442613301942,1.0,1.0,1.2666660236308356,0.63382321527997,0.044209299478375236,0.06892461781760684,0.19843418985540473,-0.03878206914033998,202979484.675,183.6797121654186,25.351928239376686,174.33292170332643,0.36188848479339464,1.0,28.826511868584383,7.25,1.0,3.106936416184971,-3.0100000000000016,20675.0,True,True,98.78121546961326,Pharmaceuticals,Healthcare,17.0,93,ROE >= 20%,1
INDUSINDBK,0.031729590520830755,0.3460443561734525,0.2826950981010663,0.6618188242861052,0.8362944751124926,0.0,0.0,-0.29408659808393983,3.1448971137395443,0.01620428397976131,0.02740286298568506,-0.09128392689543519,-0.03915749874996956,1362826112.0,71.53582080952634,-7.778451843951495,-28.464179190473658,0.2054437429960704,2.0,-44.95763451841027,4.24,1.0,1.3522969272893215,2.3299999999999983,20656.0,True,True,55.790055248618785,Private Sector Bank,Financial Services,30.0,93,"Uptrend (price > 50 > 150 > 200-day, 200-day rising); Within 15% of 52-week high; 3-year profit growth >= 15%/yr; ROE >= 20%; RS rating >= 80",5
INDUSTOWER,0.006263357680797419,0.08270676691729317,-0.08796622097114704,0.14568833453222238,0.7750778816199376,0.0,0.0,0.09956872433039506,1.8794886777297688,0.017558087671560783,0.043010752688172005,-0.018178948199205514,-0.0185426785856437,1545224739.75,0.556780622672215,4.6353752978554486,-0.2287517316049481,0.007306148236406515,0.0,31.03442083852743,-0.8399999999999999,1.0,18.021994652676185,-0.1599999999999966,20661.0,True,True,47.14806629834254,Telecom - Infrastructure,Telecommunication,,93,"Uptrend (price > 50 > 150 > 200-day, 200-day rising); Within 15% of 52-week high; Quarterly profit growth >= 25%; Sales growth >= 20% or 2+ strong quarters; ROE >= 20%; RS rating >= 80",6
INFY,-0.0792042978716337,-0.24287145242070118,-0.10703315743876518,-1.1170401689100657,0.5752893518518518,0.0,0.0,-0.25586846741939884,1.2679765621261663,0.018183936194508317,0.03787221740387392,-0.09836779265633677,-0.024032244603176628,9675735175.0,12.290212343430262,14.030606211121356,-8.607726313500308,1.243891679709875,0.0,8.134267141844065,-0.25,1.0,31.74298884245897,-1.769999999999996,20657.0,True,True,14.330386740331493,Computers - Software & Consulting,Information Technology,82.0,93,"Uptrend (price > 50 > 150 > 200-day, 200-day rising); Within 15% of 52-week high; Quarterly profit growth >= 25%; Sales growth >= 20% or 2+ strong quarters; 3-year profit growth >= 15%/yr; RS rating >= 80",6
INGERRAND,0.0016860579757117765,0.21154951398085897,0.36723817043595974,0.11259015434265746,0.8363269424823411,0.0,0.0,0.15176727170289586,0.969868160318372,0.02084836654176476,0.019702413967733312,-0.07176776274527363,-0.04272568363294817,81364300.5,19.50464378432979,20.34124064442471,39.83556095821277,1.0470865823856046,0.0,10.377234386376632,-0.129999999999999,1.0,41.55844155844156,0.7299999999999986,20679.0,True,True,44.96022099447514,"Compressors, Pumps & Diesel Engines",Industrials,52.0,93,"Uptrend (price > 50 > 150 > 200-day, 200-day rising); Within 15% of 52-week high; Quarterly profit growth >= 25%; 3-year profit growth >= 15%/yr; RS rating >= 80",5
INNOVACAP,0.11759139588977074,0.24005060961582703,0.6058687718775599,0.9206259822433055,0.8568895456224602,1.0,1.0,0.024415472308893522,5.955105977898469,0.023220309859431146,0.05779734246351986,0.07270791693219225,-0.0524636460417389,56376112.275000006,42.29145888314929,33.93923877794845,13.637480388234867,2.1277794316353065,3.0,28.142071810218617,0.5499999999999989,1.0,12.923923006416132,-0.10999999999999943,20676.0,True,True,78.65303867403314,Pharmaceuticals,Healthcare,17.0,93,ROE >= 20%; RS rating >= 80,2
INOXGREEN,-0.047346784767582695,-0.168228491675805,0.21034307681148912,-0.4375638752138015,0.5830799304952216,0.0,0.0,-0.10807424480994682,1.6189757526214972,0.0229581410108866,0.04115677321156763,-0.08723075092228971,-0.028846136019713402,179003715.75,82.16923744801265,-22.971530249110327,-159.0924957107186,1.3688510747429337,5.0,170.4294277181769,54.379999999999995,1.0,6.033977738722906,-0.5099999999999998,20672.0,True,True,26.0353591160221,Diversified Commercial Services,Services,67.0,93,"Uptrend (price > 50 > 150 > 200-day, 200-day rising); Within 15% of 52-week high; ROE >= 20%; RS rating >= 80",4
INOXINDIA,0.14805231321764598,0.7616178291374327,0.7805773402302687,1.6374123835911985,0.877324214575764,0.0,1.0,0.62023671445275,1.0911437163335997,0.03379725010828206,0.05046900022878065,0.009584783970990829,-0.044324075570926706,376849509.85,-5.015222896178074,9.1779047170367,-16.213310616971032,-0.4000977607038366,0.0,6.67389924494286,-2.34,1.0,23.097582811101162,-0.3199999999999985,20668.0,True,True,83.57569060773481,Other Industrial Products,Industrials,5.0,93,Quarterly profit growth >= 25%; Sales growth >= 20% or 2+ strong quarters; 3-year profit growth >= 15%/yr,3
INOXWIND,-0.16945942518996351,-0.5297066096371048,-0.11227450485681834,-1.3846679196689597,0.43634651600753294,0.0,0.0,0.026287134313787354,0.8907467867566452,0.02179144173312521,0.04830712565519191,-0.07232922636714978,-0.034898299202902265,746712220.49,-34.174263925882734,-1.4704992435703446,10.324433829674469,-0.4470390256425715,0.0,,-3.9099999999999993,1.0,7.035412096521466,-1.0100000000000051,20672.0,True,True,0.9845303867403314,Heavy Electrical Equipment,Industrials,34.0,93,"Uptrend (price > 50 > 150 > 200-day, 200-day rising); Within 15% of 52-week high; Quarterly profit growth >= 25%; Sales growth >= 20% or 2+ strong quarters; 3-year profit growth >= 15%/yr; ROE >= 20%; RS rating >= 80",7
INTELLECT,-0.12038468316435419,-0.35919634875076456,0.08095880625446461,-1.1154134916667715,0.4930499758958702,0.0,0.0,-0.034061486125510645,1.12717725994187,0.01670668607735959,0.03133925125434178,-0.10978518209038368,-0.03786315011306479,191378839.97500002,8.718779161471236,20.44777608345565,20.60039978558239,0.2558418970189497,0.0,7.876110499443212,-1.299999999999999,1.0,10.82018927444795,-1.8200000000000003,20647.0,True,True,4.703867403314917,Computers - Software & Consulting,Information Technology,82.0,93,"Uptrend (price > 50 > 150 > 200-day, 200-day rising); Within 15% of 52-week high; Quarterly profit growth >= 25%; 3-year profit growth >= 15%/yr; ROE >= 20%; RS rating >= 80",6
INTERARCH,-0.05315222344189463,-0.17337536372453932,-0.012170385395537497,-0.4625832055729594,0.6057337290957794,0.0,0.0,-0.17461469965272253,1.9552654515138883,0.01446364781081006,0.02935133548576463,-0.035020442527376794,-0.015158478535226151,74112664.9,-0.3486048140178055,20.715917745620715,5.051251554021052,-0.020307783494226794,0.0,,-1.2999999999999998,1.0,15.32349602724177,0.5,20679.0,True,True,23.628729281767956,Civil Construction,Industrials,81.0,93,"Uptrend (price > 50 > 150 > 200-day, 200-day rising); Within 15% of 52-week high; Quarterly profit growth >= 25%; 3-year profit growth >= 15%/yr; ROE >= 20%; RS rating >= 80",6
IOB,-0.0656339564285672,-0.18108448928121057,0.00838509316770164,-0.8678787101613954,0.7406698564593303,0.0,0.0,-0.49448976380725074,5.740830770793919,0.010896573931711789,0.016829865361077,-0.0651157734536364,-0.019698858087305048,67654217.845,45.63423200598322,18.816675217157663,3.111978371285403,2.9779538716568306,13.0,39.06281010323076,3.6000000000000014,1.0,14.646805979832934,0.04999999999999982,20654.0,True,True,19.362430939226517,Public Sector Bank,Financial Services,57.0,93,"Uptrend (price > 50 > 150 > 200-day, 200-day rising); Within 15% of 52-week high; ROE >= 20%; RS rating >= 80",4
IOC,-0.024897074370435958,-0.061454398273070754,0.009944831591172987,-0.3345487428432667,0.7140664690939882,0.0,0.0,-0.23463053234826303,1.2223400123682635,0.012922817876613802,0.027411863245260015,-0.022774645010740557,-0.014255499797092137,1097519429.9,-100.0,38.50804809071824,-181.68307222227497,-0.7878789731628375,0.0,11.842612971461119,-3.97,0.0,19.896773840869542,-0.3399999999999963,20665.0,True,True,34.4585635359116,Refineries & Marketing,Energy,43.0,93,"Uptrend (price > 50 > 150 > 200-day, 200-day rising); Within 15% of 52-week high; Quarterly profit growth >= 25%; 3-year profit growth >= 15%/yr; ROE >= 20%; RS rating >= 80",6
IOLCP,0.26922120461195903,0.6876361418489152,1.4847979474021806,1.5650392922566907,0.9453981008035063,0.0,1.0,0.42295897284329426,0.8799923485289274,0.0347993592784426,0.08383467023172897,0.1593209787383174,-0.03765369105051262,570837279.105,89.9067919461663,37.080606862549615,20.658750920668965,2.253685479809419,4.0,5.505168799378968,2.369999999999999,1.0,7.670928293496387,3.5599999999999996,20673.0,True,True,94.07734806629834,Pharmaceuticals,Healthcare,17.0,93,3-year profit growth >= 15%/yr; ROE >= 20%,2
IONEXCHANG,-0.0009993149845950282,-0.14368086608613784,0.09182295573893473,-0.07842275723250475,0.8459876543209877,0.0,1.0,0.42396200418266583,0.48388386837542563,0.03221876879048211,0.07306940371456516,0.01723724154652695,-0.024876465718832598,109761224.075,-93.64047141113932,20.108369485073464,-31.9870126375464,-2.748148925598372,0.0,-18.188961956862205,-7.87,1.0,10.679611650485436,0.75,20670.0,True,True,44.085082872928176,Water Supply & Management,Utilities,44.0,93,Within 15% of 52-week high; Quarterly profit growth >= 25%; 3-year profit growth >= 15%/yr; ROE >= 20%; RS rating >= 80,5
IPCALAB,0.0921305580568448,0.4154959862385321,0.24520807061790673,1.2555595704281064,0.9455348380765456,1.0,1.0,0.9768165078133284,0.7515703697987919,0.0186353412619601,0.0199462010861291,0.025021808974659,-0.01472603522815964,405495635.1,82.15291001297138,20.757086861424522,-7.375425329393181,4.5212004177135805,4.0,42.4341997561331,5.130000000000001,1.0,14.684360659804044,-7.105427357601002e-15,20649.0,True,True,73.18342541436463,Pharmaceuticals,Healthcare,17.0,93,ROE >= 20%; RS rating >= 80,2
IRCON,-0.09748176477551765,-0.3342071504266829,-0.015423952490926984,-0.878986772774197,0.6280304655653294,0.0,0.0,0.8419348673217532,25.92427947682847,0.023434235967267802,0.14267590514296868,-0.026098789131964395,-0.03607313719808051,156428782.5,-43.883966808498954,9.4917929999776,-34.185165102155224,-1.2195122955360265,0.0,-13.669574543200735,-4.4799999999999995,1.0,8.917005573128483,-0.16999999999999993,20677.0,True,True,9.079558011049723,Civil Construction,Industrials,81.0,93,"Uptrend (price > 50 > 150 > 200-day, 200-day rising); Within 15% of 52-week high; Quarterly profit growth >= 25%; Sales growth >= 20% or 2+ strong quarters; 3-year profit growth >= 15%/yr; ROE >= 20%; RS rating >= 80",7
IRCTC,-0.10349951976664179,-0.33400221422640464,-0.05748139443791622,-1.655406509395581,0.618960244648318,0.0,0.0,-0.6871283693367435,1.0420941826147934,0.012559862573226197,0.043216630196936556,-0.0596756975517293,-0.016396004698064,326925086.25,-0.1654023651927794,18.09550910596025,0.375575168768405,-0.032656080750689924,0.0,10.920614921006177,-4.41,1.0,32.32768623810629,-0.9499999999999993,20677.0,True,True,7.8762430939226515,"Tour, Travel Related Services",Consumer Discretionary,92.0,93,"Uptrend (price > 50 > 150 > 200-day, 200-day rising); Within 15% of 52-week high; Quarterly profit growth >= 25%; Sales growth >= 20% or 2+ strong quarters; 3-year profit growth >= 15%/yr; RS rating >= 80",6
IREDA,-0.08459956607856561,-0.2514777692109996,0.019158428833872865,-0.9313219287207343,0.7037177063642093,0.0,0.0,-0.0020547124270824243,3.6315845992886975,0.016013400979399933,0.048903569134783,-0.03505361293276987,-0.017219752050664547,429068480.88,37.08622737488767,15.498562333127941,38.858558370069844,0.8808207913260747,1.0,29.796375002438523,2.370000000000001,1.0,13.594486760972071,0.29000000000000004,20668.0,True,True,12.90828729281768,Financial Institution,Financial Services,79.0,93,"Uptrend (price > 50 > 150 > 200-day, 200-day rising); Within 15% of 52-week high; Sales growth >= 20% or 2+ strong quarters; ROE >= 20%; RS rating >= 80",5
IRFC,-0.11128830174125678,-0.345274569879802,-0.09853975121687397,-1.322256364202336,0.57796894364657,0.0,0.0,-0.5664261521573648,4.671532673135572,0.010599578271888574,0.0276131635354937,-0.06283098804660314,-0.011884358894162105,604720497.0999999,10.420000215968251,19.45995737038313,10.288922060805916,2.1908815141162545,0.0,5.124933929909492,-1.9100000000000001,1.0,12.35087842957585,1.1000000000000005,20679.0,True,True,6.344751381215469,Financial Institution,Financial Services,79.0,93,"Uptrend (price > 50 > 150 > 200-day, 200-day rising); Within 15% of 52-week high; Quarterly profit growth >= 25%; Sales growth >= 20% or 2+ strong quarters; 3-year profit growth >= 15%/yr; ROE >= 20%; RS rating >= 80",7
ITC,-0.09407404576220509,-0.3663194444444444,-0.1330166270783848,-1.6551095665906734,0.6162054409005628,0.0,0.0,-0.20108111415823807,1.029336547159192,0.01263117750812241,0.04344422700587103,-0.034106783125266604,-0.013936185008432356,3558300279.25,-21.44786499343798,-11.07440454175176,-27.917116908978713,-4.109974360445372,0.0,-0.08209498407166782,-2.8999999999999986,1.0,28.98754603003848,-0.6199999999999903,20665.0,True,True,10.064088397790055,Diversified FMCG,Fast Moving Consumer Goods,,93,"Uptrend (price > 50 > 150 > 200-day, 200-day rising); Within 15% of 52-week high; Quarterly profit growth >= 25%; Sales growth >= 20% or 2+ strong quarters; 3-year profit growth >= 15%/yr; RS rating >= 80",6
ITCHOTELS,-0.06943656721485908,-0.32479966258962456,0.12922338999788385,-1.0197728638369479,0.6906956192399949,0.0,0.0,-0.058088096232236236,1.6324871367240372,0.017589992696425145,0.028963908507743108,0.012118536205144359,-0.024143442672581214,260849074.815,35.97805165154675,14.773033818083725,13.980949159683664,3.212165044366272,9.0,,3.030000000000001,1.0,7.04237433522045,-0.44999999999999574,20648.0,True,True,18.268508287292818,Hotels & Resorts,Consumer Discretionary,54.0,93,"Uptrend (price > 50 > 150 > 200-day, 200-day rising); Within 15% of 52-week high; 3-year profit growth >= 15%/yr; ROE >= 20%; RS rating >= 80",5
ITDC,0.0896679817235095,0.03191489361702149,0.6531956100710137,0.1934324253280583,0.8365571776155718,0.0,1.0,1.528068795071774,7.5414390623808005,0.032744994832908714,0.082521665771915,0.005783272097540371,-0.030791398318921998,74797435.8,-3.5393088821405794,2.678062678062676,-16.817455656837524,-0.049289563637249956,0.0,9.858771041893988,-0.6799999999999997,1.0,19.38534278959811,0.010000000000000009,20675.0,True,True,72.41767955801105,Hotels & Resorts,Consumer Discretionary,54.0,93,Within 15% of 52-week high; Quarterly profit growth >= 25%; Sales growth >= 20% or 2+ strong quarters; 3-year profit growth >= 15%/yr; ROE >= 20%; RS rating >= 80,6
IVALUE,,,0.11375899280575541,,0.6551764705882352,0.0,0.0,-0.18435793813586485,1.1939973925118874,0.021907937192247616,0.036516606466390655,-0.1339204136778056,-0.0210101284520187,57011204.05,51.660647382455195,-21.136463361123305,40.3071950516058,1.1273269192323183,1.0,,4.2,1.0,17.253521126760564,0.6999999999999993,20662.0,True,True,,IT Enabled Services,Information Technology,40.0,93,"Uptrend (price > 50 > 150 > 200-day, 200-day rising); Within 15% of 52-week high; Sales growth >= 20% or 2+ strong quarters; 3-year profit growth >= 15%/yr; ROE >= 20%; RS rating >= 80",6
IXIGO,-0.13360425104656043,-0.4145448015801759,-0.10280682443588318,-0.7738676743060486,0.48028895768833846,0.0,0.0,-0.17697786246099767,1.0586000199989247,0.02808179108744677,0.036632144227081165,-0.058614523770720295,-0.019738761505213857,128690368.05,80.90584449798864,12.877709223224176,-10.198325921701866,1.2198115559128182,3.0,,3.6099999999999994,1.0,3.4684904738641915,-0.009999999999990905,20671.0,True,True,3.5005524861878454,"Tour, Travel Related Services",Consumer Discretionary,92.0,93,"Uptrend (price > 50 > 150 > 200-day, 200-day rising); Within 15% of 52-week high; 3-year profit growth >= 15%/yr; ROE >= 20%; RS rating >= 80",5
IZMO,-0.04339934422146288,-0.28503991073727575,0.2848989665278421,-0.42158539580530796,0.6363570233505491,0.0,0.0,-0.001254635942965989,0.6721230441025107,0.027735469014855407,0.09999999999999987,-0.06713572919210409,-0.02349759699874631,80243263.975,103.2856541565065,15.696336931516552,-47.82579366901501,0.47630707398384786,3.0,32.864233555077064,8.040000000000001,1.0,11.7359413202934,0.11000000000000032,20679.0,True,True,27.676243093922654,IT Enabled Services,Information Technology,40.0,93,"Uptrend (price > 50 > 150 > 200-day, 200-day rising); Within 15% of 52-week high; ROE >= 20%; RS rating >= 80",4
JAINREC,,,-0.40338398534324815,,0.49221314925498777,0.0,0.0,0.3713766604825136,0.9888510778961678,0.023913047580998256,0.06782768102658121,-0.026570772150634192,-0.03155952402247735,313724225.975,20.871859133647398,75.85670485718896,-1.1310232125833153,0.33740454414006216,4.0,,-1.1600000000000001,1.0,22.229340166559897,-2.1499999999999986,20668.0,True,True,,Diversified Metals,Commodities,,93,"Uptrend (price > 50 > 150 > 200-day, 200-day rising); Within 15% of 52-week high; Quarterly profit growth >= 25%; 3-year profit growth >= 15%/yr; RS rating >= 80",5
JAMNAAUTO,0.05021832319273989,0.1313018358028144,0.04098782370090892,0.6353201331793992,0.8935124508519003,0.0,0.0,0.46777062333748354,5.803226515934724,0.026652733718393662,0.06823620223851767,0.05679815349034034,-0.0351128613605293,214991005.19,6.116030487500201,6.65062006174455,-67.2594776753319,0.16649062050862323,0.0,11.052200624521724,-0.040000000000000036,1.0,20.13949433304272,-1.1600000000000001,20672.0,True,True,62.13480662983426,Auto Components & Equipments,Consumer Discretionary,15.0,93,"Uptrend (price > 50 > 150 > 200-day, 200-day rising); Quarterly profit growth >= 25%; Sales growth >= 20% or 2+ strong quarters; 3-year profit growth >= 15%/yr; RS rating >= 80",5
JandKBANK,0.04374061557916473,0.40260233640421683,0.29169946645674805,0.775219114890494,0.6872366790582404,0.0,0.0,-0.7987177578631712,0.6652001590828487,0.03144619604242272,0.037524231514815876,-0.09056801291898475,-0.022074600879727613,330437963.18,-11.483679453569762,8.503876798849962,-48.72947715687788,-0.5803695106644459,0.0,19.481245621956145,-2.7300000000000004,1.0,14.303030303030303,2.880000000000001,20663.0,True,True,60.05635359116022,Private Sector Bank,Financial Services,30.0,93,"Uptrend (price > 50 > 150 > 200-day, 200-day rising); Within 15% of 52-week high; Quarterly profit growth >= 25%; Sales growth >= 20% or 2+ strong quarters; ROE >= 20%; RS rating >= 80",6
JASH,0.09043358028097323,-0.09645803008248421,0.3704739476008243,0.3650397893424519,0.9551985792702615,1.0,1.0,1.7881166971303306,1.6879944465346142,0.025125891839809636,0.10505612587546764,0.1622721718665896,-0.06916997959892418,53736243.8,100.0,17.451610375362424,41.502444242894555,0.7898390194713621,2.0,17.80415822495145,7.449999999999999,1.0,14.64354527938343,-0.32000000000000006,20676.0,True,True,72.52707182320442,Industrial Products,Industrials,4.0,93,ROE >= 20%; RS rating >= 80,2
JAYNECOIND,0.06549535726206325,0.38488601182099624,0.32789097287815405,0.6232419795055746,0.7930769230769231,0.0,1.0,0.17513134142305492,1.1558179398752852,0.027613281793644147,0.05319390770629684,0.012047719702373394,-0.018142689465758182,268517273.44,108.56505044862939,27.720617212841425,20.826734220196613,1.069777540457669,2.0,26.505366427290955,3.570000000000001,1.0,16.29707849348821,0.9000000000000001,20679.0,True,True,65.96353591160221,Iron & Steel Products,Industrials,8.0,93,Within 15% of 52-week high; ROE >= 20%; RS rating >= 80,3
JBMA,-0.08266304984430331,-0.15456515849363317,0.14168114881551275,-0.5909037279790298,0.7520270270270271,0.0,0.0,1.0038188676970525,0.44825866028752803,0.017657993658894745,0.026561853537443003,-0.11444716201400007,-0.031543855634283934,124087194.7,13.559318947940557,15.038919194819279,-2.847310699600868,1.4932551763296233,0.0,24.517526697918314,-0.040000000000000036,1.0,15.464587394411955,0.1200000000000001,20664.0,True,True,13.45524861878453,Auto Components & Equipments,Consumer Discretionary,15.0,93,"Uptrend (price > 50 > 150 > 200-day, 200-day rising); Within 15% of 52-week high; Quarterly profit growth >= 25%; Sales growth >= 20% or 2+ strong quarters; ROE >= 20%; RS rating >= 80",6
JGCHEM,0.21504530631208865,0.42699414150518233,0.988695242581253,0.9526933436859308,0.9376453488372093,1.0,1.0,1.1395365679129452,2.092606946835132,0.037345356515075846,0.060969716494845505,0.10252019264621937,-0.03704327795563138,192488303.75,59.65172851398255,44.78693637906517,40.859138262509596,1.8193074427097815,1.0,,0.7699999999999996,1.0,13.068181818181818,-0.54,20673.0,True,True,91.34254143646409,Commodity Chemicals,Commodities,45.0,93,3-year profit growth >= 15%/yr; ROE >= 20%,2
JINDALSAW,0.08319376185527787,0.4383593459680415,0.6646954464813719,0.6121664675190012,0.8678125,0.0,0.0,0.9461969779064602,0.5868565111359793,0.025398143276307388,0.03537777777777773,-0.016890229439482374,-0.046807115499032007,347941746.2,-78.13565000040586,9.000215439153148,-120.6609895838418,-1.5364713782405186,0.0,-5.604386299355513,-8.129999999999999,1.0,7.356449817082869,2.1899999999999977,20648.0,True,True,71.10497237569061,Iron & Steel Products,Industrials,8.0,93,"Uptrend (price > 50 > 150 > 200-day, 200-day rising); Quarterly profit growth >= 25%; Sales growth >= 20% or 2+ strong quarters; 3-year profit growth >= 15%/yr; ROE >= 20%; RS rating >= 80",6
JINDALSTEL,0.03394383784382591,0.12251811423732017,0.05435743326851683,0.2429910552441805,0.8688562241616904,0.0,0.0,0.4086903278585724,1.81348781927195,0.014532016739419982,0.030061349693251582,0.01086846150968479,-0.01882138761916384,863823093.9000001,-43.60683506295364,25.9274894098815,-197.5937838463483,-1.1490770697152561,0.0,-7.948894639453064,-6.72,1.0,6.603273148784848,0.030000000000001137,20658.0,True,True,56.55580110497238,Iron & Steel,Commodities,41.0,93,"Uptrend (price > 50 > 150 > 200-day, 200-day rising); Quarterly profit growth >= 25%; 3-year profit growth >= 15%/yr; ROE >= 20%; RS rating >= 80",5
JINDRILL,0.021245515584448538,0.03150719095519161,0.2519422863485017,-0.0027124947558703387,0.8526405451448041,0.0,0.0,1.0341296225972487,7.904604819720159,0.03146379143175879,0.053951367781154946,-0.024334773709347335,-0.045493955626607165,146871186.05,-28.688912269974963,8.382856468180556,3.553162986981093,-0.3052674522229062,0.0,35.1750814128305,-8.899999999999999,1.0,11.593406593406593,-0.19,20672.0,True,True,52.18011049723757,Offshore Support Solution Drilling,Energy,,93,"Uptrend (price > 50 > 150 > 200-day, 200-day rising); Quarterly profit growth >= 25%; Sales growth >= 20% or 2+ strong quarters; ROE >= 20%; RS rating >= 80",5
JINDWORLD,0.21899689216117463,0.028732545649838848,0.9870331950207469,0.3900519836200464,0.7507662526213905,0.0,1.0,0.963883567322381,0.33909300585461827,0.055785659442426694,0.1980592187111223,0.09104889793277393,-0.061354080543024575,297181243.91999996,85.76796413967271,2.744952769031306,67.26609047455364,3.2987654667112216,1.0,-1.1337011001323893,2.61,1.0,8.13953488372093,-0.07,20665.0,True,True,91.67071823204421,Other Textile Products,Consumer Discretionary,14.0,93,Within 15% of 52-week high; Sales growth >= 20% or 2+ strong quarters; 3-year profit growth >= 15%/yr; ROE >= 20%,4
JIOFIN,-0.08508193077825775,-0.227803551431771,0.03784132444635557,-1.0905101584069854,0.68448792804166,0.0,0.0,-0.03442958028600118,1.2403089301706496,0.01736549403420224,0.01983632805550628,-0.09613749645756597,-0.022647217936088107,2637025920.8999996,174.4687466422887,227.2817816673742,188.34643161055854,25.383825153702965,1.0,78.22651596577879,-7.969999999999999,1.0,1.166204717115044,-2.030000000000001,20650.0,True,True,12.58011049723757,Investment Company,Financial Services,83.0,93,"Uptrend (price > 50 > 150 > 200-day, 200-day rising); Within 15% of 52-week high; ROE >= 20%; RS rating >= 80",4
JKCEMENT,-0.07053533711790888,-0.2507116268885483,0.009241053873377814,-0.7822675822347057,0.7414548641542507,0.0,0.0,-0.3430031536906775,2.580844448397613,0.01694727827350358,0.05831578947368432,-0.030746493234702243,-0.027384289793814583,177494959.5,-15.308791889843542,20.259028256272103,-6.863913848277381,-0.46956233288172233,0.0,36.82133565003418,-2.8600000000000003,1.0,14.040073895125763,-0.03999999999999915,20652.0,True,True,17.6121546961326,Cement & Cement Products,Commodities,87.0,93,"Uptrend (price > 50 > 150 > 200-day, 200-day rising); Within 15% of 52-week high; Quarterly profit growth >= 25%; ROE >= 20%; RS rating >= 80",5
JKLAKSHMI,-0.1324028486357468,-0.39653310599602165,-0.09510823248679068,-1.6020270806337615,0.5563026159670038,0.0,0.0,-0.46190495163368706,2.232561567512372,0.012281323174517213,0.03879310344827602,-0.08438091093219058,-0.020118571056672488,58830948.900000006,-27.948434625563877,9.411636309328909,0.6927133131778973,-0.5514732455259804,0.0,4.873938569431191,-2.9399999999999995,1.0,10.62789500772002,0.25,20641.0,True,True,3.6099447513812155,Cement & Cement Products,Commodities,87.0,93,"Uptrend (price > 50 > 150 > 200-day, 200-day rising); Within 15% of 52-week high; Quarterly profit growth >= 25%; Sales growth >= 20% or 2+ strong quarters; 3-year profit growth >= 15%/yr; ROE >= 20%; RS rating >= 80",7
JKPAPER,0.03369018387276189,0.02615563900038853,0.2160503299063985,0.054996178172441935,0.8851169064748201,0.0,0.0,0.9770479053997585,0.3792335619367783,0.019134446852783312,0.037925889082317754,-0.011772383844976031,-0.02742048072817442,140771893.27499998,62.75621975981389,13.613760053942126,26.527711396840353,0.6080198600493542,2.0,-35.91833593927112,2.1799999999999997,1.0,4.963768115942029,-0.08000000000000185,20661.0,True,True,56.446408839779004,Paper & Paper Products,Commodities,,93,"Uptrend (price > 50 > 150 > 200-day, 200-day rising); 3-year profit growth >= 15%/yr; ROE >= 20%; RS rating >= 80",4
JKTYRE,-0.034048402484014625,-0.005773520535362731,-0.04907128514056214,-0.23955806457153722,0.5670861251838536,0.0,0.0,-0.14027144962431765,1.6777539508971147,0.016662776594423532,0.036439665471923455,-0.07434330392750543,-0.018374802310650428,169977796.8,-76.48167263029814,1.9979632664243852,-184.8032028199396,-0.9694479728217639,0.0,21.658568453535707,-3.0700000000000003,1.0,12.803167794093383,-3.030000000000001,20649.0,True,True,30.629834254143645,Tyres & Rubber Products,Consumer Discretionary,84.0,93,"Uptrend (price > 50 > 150 > 200-day, 200-day rising); Within 15% of 52-week high; Quarterly profit growth >= 25%; Sales growth >= 20% or 2+ strong quarters; ROE >= 20%; RS rating >= 80",6
JMFINANCIL,-0.05171474936250011,-0.2586736171445121,0.06889928177718385,-0.6373902887074542,0.7069589041095891,0.0,0.0,0.3175175436490769,1.1519864390602403,0.017197583265235298,0.039724862817837714,0.018576266904560823,-0.01896044389060315,271725677.69,-19.661307764786507,8.025446757967858,11.441800090013444,-0.663995404352726,0.0,17.933450750593938,-10.580000000000002,1.0,11.268530681178458,-0.5899999999999999,20647.0,True,True,24.285082872928175,Holding Company,Financial Services,66.0,93,"Uptrend (price > 50 > 150 > 200-day, 200-day rising); Within 15% of 52-week high; Quarterly profit growth >= 25%; Sales growth >= 20% or 2+ strong quarters; ROE >= 20%; RS rating >= 80",6
JNKINDIA,0.14865555774730363,0.4616680707666385,0.9794186099575595,0.8372943250471524,0.7853046594982078,0.0,1.0,0.13280494473574267,3.1170401344043666,0.0335103306218056,0.07559523809523805,0.005131169388227885,-0.026989740659216454,58904733.925,300.0,81.59434914228055,150.36737060409422,0.5936527860330655,4.0,,4.21,1.0,11.443661971830986,-1.9000000000000004,20676.0,True,True,83.68508287292818,Industrial Products,Industrials,4.0,93,Within 15% of 52-week high; 3-year profit growth >= 15%/yr; ROE >= 20%,3
JSFB,0.024530546033223827,0.16015540686380314,0.4448924731182795,0.1313233186411534,0.8061619573276216,0.0,0.0,0.3365075912373687,2.9579320492357217,0.029548327532598423,0.03673385858999301,-0.09877552824683933,-0.03578073442287714,305765505.05,52.22313023067038,22.07552492644984,38.97293103132277,0.643948538979928,1.0,8.036441219151037,2.0299999999999994,1.0,7.293064876957494,0.7200000000000024,20679.0,True,True,53.492817679558016,Other Bank,Financial Services,29.0,93,"Uptrend (price > 50 > 150 > 200-day, 200-day rising); Within 15% of 52-week high; 3-year profit growth >= 15%/yr; ROE >= 20%; RS rating >= 80",5
JSL,0.004221047152062752,-0.12340823970037451,-0.012933155268152197,-0.20994336823283563,0.8454751131221719,0.0,0.0,0.48123183730544306,2.3811821820021475,0.017039341147883108,0.060304568527918656,0.019390793294443487,-0.020462014056528914,357661984.15,7.6552334934173905,10.496573966850665,-38.156580380949464,0.40092856054054343,0.0,12.367024281547344,-0.17999999999999972,1.0,16.09317366479713,-0.22000000000000597,20668.0,True,True,46.16353591160221,Iron & Steel,Commodities,41.0,93,"Uptrend (price > 50 > 150 > 200-day, 200-day rising); Within 15% of 52-week high; Quarterly profit growth >= 25%; Sales growth >= 20% or 2+ strong quarters; 3-year profit growth >= 15%/yr; ROE >= 20%; RS rating >= 80",7
JSLL,-0.11650476315258915,-0.38360873236039084,-0.07694391763749653,-0.7312556340043556,0.5969010727056019,0.0,0.0,-0.2906454503478984,2.162672993679798,0.023529012926804035,0.04004075394803874,-0.05059271602902071,-0.01710036131191306,232372451.55,28.48835397406646,28.750932354122448,-49.354110563191654,1.0427556029862906,13.0,,-0.060000000000002274,1.0,47.53747323340471,-1.4899999999999993,20672.0,True,True,5.360220994475138,Wellness,Consumer Discretionary,,93,"Uptrend (price > 50 > 150 > 200-day, 200-day rising); Within 15% of 52-week high; 3-year profit growth >= 15%/yr; RS rating >= 80",4
JSWCEMENT,-0.07488364246006059,-0.1437695339040631,0.10118839566585103,-0.7879551515572544,0.7641191535247338,0.0,0.0,-0.4659050946578632,1.6513203169256656,0.012146148874869622,0.012682090831191095,-0.09451164484539298,-0.022136674811696486,151633493.99,300.0,21.57877190957933,0.0,0.9555406005067066,6.0,,5.83,1.0,-12.198473282442748,3.5200000000000014,20647.0,True,True,16.299447513812154,Cement & Cement Products,Commodities,87.0,93,"Uptrend (price > 50 > 150 > 200-day, 200-day rising); Within 15% of 52-week high; 3-year profit growth >= 15%/yr; ROE >= 20%; RS rating >= 80",5
JSWENERGY,-0.038451753192918714,-0.0431185069412523,0.07343234323432335,-0.30081545195922865,0.8013282578764072,0.0,0.0,-0.7056679281735898,1.0139946084727074,0.01613411925691414,0.04208494208494207,-0.08121078848346841,-0.025422691055902592,877876389.9,-36.26574387549856,1.239654156710479,-74.60156502480442,-1.7173456886749894,0.0,27.30299240111109,-6.02,1.0,8.981821729374655,3.539999999999999,20656.0,True,True,29.098342541436462,Power Generation,Utilities,75.0,93,"Uptrend (price > 50 > 150 > 200-day, 200-day rising); Within 15% of 52-week high; Quarterly profit growth >= 25%; Sales growth >= 20% or 2+ strong quarters; ROE >= 20%; RS rating >= 80",6
JSWINFRA,0.039547990630836166,-0.005993275836866041,0.36027205441088217,0.12932189804732197,0.9496671105193076,1.0,1.0,0.5784795515278673,1.2396101141725584,0.022407175017371994,0.0661258227460586,0.05812255943408573,-0.03830106060268504,863093368.6500001,-8.203288574547862,18.056134330187533,-2.0094487789386495,-0.41541604124624865,0.0,21.607250014425606,-7.079999999999998,1.0,14.222671692562288,11.049999999999999,20655.0,True,True,58.415469613259674,Port & Port services,Services,28.0,93,Quarterly profit growth >= 25%; Sales growth >= 20% or 2+ strong quarters; ROE >= 20%; RS rating >= 80,4
JSWSTEEL,0.02509173096606323,0.14871749824314828,0.15694948243829088,0.4231656621525706,0.9277572168763879,0.0,0.0,0.02034854331363713,1.5499187878933862,0.01314513709729872,0.024309392265193353,-0.025304446552716242,-0.016992621077544214,1818300858.5,112.47188028715782,9.773564790136046,-40.76709530486396,1.4464973358085467,5.0,35.872702964503866,4.79,1.0,25.49448792140166,0.8700000000000045,20638.0,True,True,53.93038674033149,Iron & Steel,Commodities,41.0,93,"Uptrend (price > 50 > 150 > 200-day, 200-day rising); RS rating >= 80",2
JTLIND,0.10322207250391235,0.20227272727272738,0.9592592592592595,0.29957823282843765,0.9391489361702128,0.0,1.0,0.5858829946709972,1.8264087854759832,0.027521698924004245,0.050358076617028624,0.07761567156891469,-0.025920863302041634,199891354.88,113.86411605540903,32.68304343029455,-11.574911646458034,1.6858408202890895,2.0,5.36046085388886,1.8600000000000003,1.0,6.9313593539703895,1.5799999999999996,20670.0,True,True,76.13701657458563,Iron & Steel Products,Industrials,8.0,93,3-year profit growth >= 15%/yr; ROE >= 20%; RS rating >= 80,3
JUBLFOOD,-0.04273943436760341,-0.19571915031619913,0.0916694178496753,-0.7963874022403727,0.7192125984251968,0.0,0.0,0.7193943038514923,1.070150479384696,0.021080395014238085,0.041232819658475695,-0.04290477457861186,-0.024566056380336248,617699079.85,6.257085953503161,13.658077014941217,-60.85970826193558,0.23343772960613904,0.0,13.527721517553992,-0.28000000000000025,1.0,19.3717277486911,-0.759999999999998,20668.0,True,True,27.895027624309392,Restaurants,Consumer Discretionary,63.0,93,"Uptrend (price > 50 > 150 > 200-day, 200-day rising); Within 15% of 52-week high; Quarterly profit growth >= 25%; Sales growth >= 20% or 2+ strong quarters; 3-year profit growth >= 15%/yr; ROE >= 20%; RS rating >= 80",7
JUBLINGREA,-0.0014355296429694013,0.00439020760473241,0.21047439691507486,-0.07693902934816524,0.8216352201257863,0.0,0.0,-0.7551785758236268,1.6013750345669302,0.019331785361587615,0.0378076424870466,-0.06213970557619097,-0.025108706051074993,177542404.175,40.85634746940012,25.282549837648283,24.120017375037147,1.5312428907337103,1.0,3.6174768969796434,0.9000000000000004,1.0,8.893154190658988,0.21999999999999886,20656.0,True,True,43.75690607734806,Specialty Chemicals,Commodities,37.0,93,"Uptrend (price > 50 > 150 > 200-day, 200-day rising); Within 15% of 52-week high; 3-year profit growth >= 15%/yr; ROE >= 20%; RS rating >= 80",5
JUBLPHARMA,0.008351580998412603,-0.18703908554572268,0.044595795084394485,-0.17485199064785273,0.8683322079675895,0.0,0.0,0.5431015083100282,3.5690674960007422,0.020413137293272446,0.052662780357672245,0.07503061663789601,-0.023283048199755744,174883326.22500002,-44.94380695404379,17.293628663124117,-28.742049646417556,-0.7105564515859777,0.0,98.21992147465366,-2.86,1.0,5.611165938248978,0.7399999999999984,20669.0,True,True,47.58563535911602,Pharmaceuticals,Healthcare,17.0,93,"Uptrend (price > 50 > 150 > 200-day, 200-day rising); Quarterly profit growth >= 25%; Sales growth >= 20% or 2+ strong quarters; ROE >= 20%; RS rating >= 80",5
JUSTDIAL,0.013935436540286821,-0.14869643392268495,0.42054205420542057,-0.5080292251335028,0.7581948554518552,0.0,0.0,0.12675576977248168,0.4405728941547679,0.03965983445288221,0.02047832585949183,-0.030899489372845257,-0.01473121567646296,112496408.175,100.11898106337527,16.23016384982583,-5.017620325888302,1.076885123855407,8.0,-12.372187575961114,7.6,1.0,9.02311707680835,-1.0500000000000025,19830.0,True,True,49.66408839779006,Internet & Catalogue Retail,Consumer Discretionary,65.0,93,"Uptrend (price > 50 > 150 > 200-day, 200-day rising); Within 15% of 52-week high; 3-year profit growth >= 15%/yr; ROE >= 20%; RS rating >= 80",5
JWL,-0.08462000901031369,-0.27337260232593263,-0.042396496815286566,-0.6599434199493301,0.6507187718073971,0.0,0.0,0.973678638740567,17.218401113673984,0.015812542703993133,0.0605040487671733,-0.04821630378688402,-0.026727813327235075,147118446.235,-15.75621878883079,46.02255409935996,53.44082383791158,-0.1332170634400083,0.0,0.3101873644846487,-2.86,1.0,5.574210879785091,-0.7100000000000009,20679.0,True,True,12.798895027624308,Railway Wagons,Industrials,62.0,93,"Uptrend (price > 50 > 150 > 200-day, 200-day rising); Within 15% of 52-week high; Quarterly profit growth >= 25%; 3-year profit growth >= 15%/yr; ROE >= 20%; RS rating >= 80",6
JYOTHYLAB,-0.10425915830010449,-0.3647517951920075,-0.001864115771400554,-1.456103516312567,0.5744615384615385,0.0,0.0,-0.584931292240985,0.5125225865617548,0.018070585353827832,0.016595567578815862,-0.06989673711605227,-0.018170171358709877,100725418.91999999,1.5681851035417083,1.0560766072213346,5.415782730039565,0.06415075345862041,0.0,32.900523460404905,0.0600000000000005,1.0,18.048780487804876,-1.4799999999999969,20220.0,True,True,7.657458563535911,Household Products,Fast Moving Consumer Goods,,93,"Uptrend (price > 50 > 150 > 200-day, 200-day rising); Within 15% of 52-week high; Quarterly profit growth >= 25%; Sales growth >= 20% or 2+ strong quarters; ROE >= 20%; RS rating >= 80",6
JYOTICNC,0.10943029277467144,0.08880499015101773,0.3232477723101477,0.30049546371398633,0.9164903930900757,1.0,0.0,0.664611877849257,0.9261364858073547,0.02989996530180573,0.07450426411343058,0.10564235391188004,-0.046862463218331055,806585484.375,-19.967021141134012,23.96567276982715,-3.097991067197892,-0.5127217520248945,0.0,,-6.17,1.0,16.79160419790105,-3.75,20672.0,True,True,77.44972375690607,Industrial Products,Industrials,4.0,93,"Uptrend (price > 50 > 150 > 200-day, 200-day rising); Quarterly profit growth >= 25%; 3-year profit growth >= 15%/yr; ROE >= 20%; RS rating >= 80",5
KABRAEXTRU,0.7815093476158077,1.1624639769452445,2.1619699762970765,3.221159225841076,0.9064363677281422,1.0,1.0,0.974119667204821,1.4579838605375464,0.049465913270067365,0.0999624765478424,0.4140965528379359,-0.10124238377743575,166327743.35,77.00892779111457,44.806327788763525,177.00892779111456,0.6970065384907924,1.0,-73.77263709805928,7.449999999999999,0.0,-1.1337868480725624,0.010000000000000009,20656.0,True,True,99.0,Industrial Products,Industrials,4.0,93,3-year profit growth >= 15%/yr; ROE >= 20%,2
KAJARIACER,0.02348853885115483,0.05224006762468303,0.30928214567446743,0.15090280499693487,0.9546297727624052,0.0,1.0,0.9699318413861846,10.24266925432516,0.013794356797680141,0.03746325073498524,0.014344211807488794,-0.014693309156042328,221629877.70000002,51.929192420120195,20.434553929303355,-63.951644016430926,1.3975872047972602,4.0,16.246317356287697,2.67,1.0,15.88388780169602,0.11999999999999744,20665.0,True,True,52.94585635359117,Ceramics,Consumer Discretionary,35.0,93,ROE >= 20%; RS rating >= 80,2
KALYANKJIL,0.126271599155976,0.2142640670774827,0.5475730655336679,0.2469938404513513,0.8523769165575159,0.0,0.0,0.32450612370057286,0.7003632802450976,0.03613368958508386,0.03654822335025387,-0.07146286355044817,-0.0308175096249756,5181481054.675,32.03763914792908,45.682866293915666,-86.1261285600655,0.9662913528127786,7.0,44.078490821512005,-0.33999999999999986,1.0,21.398002853067048,-2.030000000000001,20669.0,True,True,80.18453038674033,"Gems, Jewellery And Watches",Consumer Discretionary,11.0,93,"Uptrend (price > 50 > 150 > 200-day, 200-day rising)",1
KARURVYSYA,0.11163063657348193,0.6286370238485686,0.1753169907016061,1.4215332464167478,0.9056182908127702,0.0,0.0,-0.12098167910689679,1.6182583481290453,0.022462141164596987,0.03190013869625519,-0.03510517888282516,-0.01982501808263858,540792571.2,44.922055178052304,18.721457631737735,3.6572133774566637,4.0501592918443015,4.0,30.46132749308064,4.48,1.0,17.791324071448823,0.6300000000000026,20679.0,True,True,77.88729281767957,Private Sector Bank,Financial Services,30.0,93,"Uptrend (price > 50 > 150 > 200-day, 200-day rising); ROE >= 20%; RS rating >= 80",3
KAYNES,-0.09259266698872462,-0.49116266224799776,0.02004096772407693,-0.9551527608344808,0.454380272550292,0.0,0.0,0.06296865547706856,1.1876669279441159,0.03025173556792648,0.04003419290497212,-0.036553188538367754,-0.024823892992637903,3774877722.0,-24.44058920235246,40.46950866408303,-2.9555619178805017,-0.7565595134755497,0.0,46.79377356219767,-5.12,1.0,7.6663858466722825,-4.809999999999999,20672.0,True,True,10.501657458563535,Industrial Products,Industrials,4.0,93,"Uptrend (price > 50 > 150 > 200-day, 200-day rising); Within 15% of 52-week high; Quarterly profit growth >= 25%; ROE >= 20%; RS rating >= 80",5
KDDL,0.14570801036974615,0.49613554159527884,0.8926885656487815,1.0808721406672643,0.9102810304449649,1.0,1.0,0.9462512979860589,1.3123099350730807,0.022744748382965183,0.07017190606830925,0.027202132787592426,-0.03253341127338274,97592573.0,50.592424318912265,36.301075268817186,41.07022798377264,2.7050659937865182,1.0,18.3044207378223,0.6699999999999999,1.0,12.5,0.10000000000000142,20669.0,True,True,83.02872928176795,"Gems, Jewellery And Watches",Consumer Discretionary,11.0,93,ROE >= 20%,1
KEC,-0.20232873719418254,-0.5287928498698948,-0.219599025669852,-1.5790341423367855,0.42092050209205023,0.0,0.0,-0.13837782890087974,1.1798603330313437,0.01817845573141353,0.051500508646999066,-0.12318623315227617,-0.026771969149554233,321530155.3,-41.52457547809612,0.013139871945977433,-13.525068141353707,-0.9555863852255508,0.0,47.39434503672408,-1.03,1.0,9.839259620068193,-3.440000000000005,20664.0,True,True,0.21878453038674034,Civil Construction,Industrials,81.0,93,"Uptrend (price > 50 > 150 > 200-day, 200-day rising); Within 15% of 52-week high; Quarterly profit growth >= 25%; Sales growth >= 20% or 2+ strong quarters; ROE >= 20%; RS rating >= 80",6
KEI,-0.008874560212330176,0.369901916330573,0.39192531522793406,0.17931213413059233,0.7552127479233769,0.0,0.0,-0.21380797600906082,1.182744269186356,0.025173901884275398,0.032240437158469915,-0.12919603390330114,-0.018499570037712482,1750412697.8000002,40.05019971792414,22.97090706939684,14.489202793981669,3.765525238207351,6.0,26.280266772358573,1.0499999999999998,1.0,13.77344336084021,0.12000000000000455,20668.0,True,True,40.803314917127075,Cables - Electricals,Industrials,6.0,93,"Uptrend (price > 50 > 150 > 200-day, 200-day rising); Within 15% of 52-week high; ROE >= 20%; RS rating >= 80",4
KERNEX,0.1812529177364156,0.5695298372513564,0.9117841409691632,0.8338343912734297,0.6534883720930232,0.0,0.0,-0.08332087433327072,0.6854999163052775,0.04198645882628063,0.06282171268132908,-0.13685859532183497,-0.020205366420075168,348334750.1,300.0,300.0,190.18612605414307,5.9430736136021896,2.0,19.499372733783147,8.559999999999999,1.0,35.483870967741936,2.21,20678.0,True,True,86.85745856353591,Transport Related Services,Services,,93,"Uptrend (price > 50 > 150 > 200-day, 200-day rising); Within 15% of 52-week high",2
KFINTECH,-0.053672441658025746,-0.10218437615697895,0.06173380035026277,-0.6604921593951022,0.691358024691358,0.0,0.0,0.44667515876672004,1.4342803033987526,0.022819348700135605,0.03678929765886285,-0.09214118501514168,-0.028535900056774838,545806586.25,-2.670585543303916,30.095599503758308,-1.5971198552954258,-0.19411253387651511,0.0,20.210299768263674,-7.100000000000001,1.0,20.54958183990442,-3.440000000000005,20635.0,True,True,23.300552486187843,"Depositories, Clearing Houses and Other Intermediaries",Financial Services,86.0,93,"Uptrend (price > 50 > 150 > 200-day, 200-day rising); Within 15% of 52-week high; Quarterly profit growth >= 25%; RS rating >= 80",4
KIMS,-0.007213894134757863,0.02593699076588818,0.1871464487743557,0.04280999142528117,0.8699300699300699,0.0,0.0,0.03694844279675657,3.934440843494446,0.013297578953545672,0.03287027978869106,-0.049714303174748675,-0.023203252835922533,373823736.65,-56.001753333097994,35.32583754015604,6.2365589256057845,-1.3873983482230616,0.0,-18.12406473384326,-6.58,1.0,10.76991544281264,2.1000000000000014,20668.0,True,True,41.89723756906077,Hospital,Healthcare,51.0,93,"Uptrend (price > 50 > 150 > 200-day, 200-day rising); Quarterly profit growth >= 25%; 3-year profit growth >= 15%/yr; ROE >= 20%; RS rating >= 80",5
KINGFA,0.14473536939524395,0.38054167522303617,0.5005456078567532,1.3290701813990788,0.9820481745190123,1.0,1.0,0.801001613078099,1.2483751129254275,0.020600556884061174,0.040150995195607386,0.11866571179581853,-0.035924524922519734,73612124.0,101.694800533026,49.06371095187583,60.405337240960755,7.879874538348084,3.0,25.567179285006137,3.040000000000001,1.0,13.214285714285715,-0.0799999999999983,20679.0,True,True,82.80994475138122,Plastic Products - Industrial,Industrials,36.0,93,ROE >= 20%,1
KIRIINDUS,0.10276105371763435,-0.10870477629480402,0.5142612664004562,-0.18015406230663925,0.6948652118100128,0.0,0.0,0.9840999136659657,1.297199490325229,0.03246104090019159,0.10560488876157748,0.11921627981027272,-0.028325954219399544,329602808.175,300.0,54.54185632297646,200.0,1.174626332188636,2.0,151.4227214118618,88.04,1.0,86.49782473586079,-1.5600000000000023,20677.0,True,True,76.02762430939227,Dyes And Pigments,Commodities,,93,"Uptrend (price > 50 > 150 > 200-day, 200-day rising); Within 15% of 52-week high; RS rating >= 80",3
KIRLOSBROS,-0.02159392040332725,-0.04281684465041302,0.33207150368033655,-0.2742553421204809,0.8107527864059931,0.0,0.0,-0.15289570730823293,7.330918962344083,0.01912250503260867,0.06696299717139054,-0.046483717322095885,-0.02169592197531218,72402144.0,-0.18734464210855561,12.860061287027591,6.063751864499611,-0.004919151626567364,0.0,12.984257354477236,-0.7999999999999998,1.0,15.300324675324676,0.019999999999999574,20644.0,True,True,35.552486187845304,"Compressors, Pumps & Diesel Engines",Industrials,52.0,93,"Uptrend (price > 50 > 150 > 200-day, 200-day rising); Within 15% of 52-week high; Quarterly profit growth >= 25%; Sales growth >= 20% or 2+ strong quarters; 3-year profit growth >= 15%/yr; ROE >= 20%; RS rating >= 80",7
KIRLOSENG,0.21991927141389017,1.2017829050865236,0.5581119192518924,2.9175854541060158,0.8471323529411764,0.0,1.0,0.19773465687457367,9.979624345169128,0.030267754077833414,0.12180085933121632,0.06692621345377181,-0.039687510764608185,834841603.65,-17.3368795060035,13.494230299865473,-62.81006287815821,-0.6027708756772646,0.0,14.172094730635942,-2.0700000000000003,1.0,15.52486187845304,-0.15000000000000568,20649.0,True,True,91.78011049723757,"Compressors, Pumps & Diesel Engines",Industrials,52.0,93,Within 15% of 52-week high; Quarterly profit growth >= 25%; Sales growth >= 20% or 2+ strong quarters; 3-year profit growth >= 15%/yr; ROE >= 20%,5
KIRLPNU,0.01493519203423991,0.15631067961165046,0.34932024169184284,0.2628361059388172,0.6159938100223022,0.0,0.0,-0.32049252299873443,0.5009231990811539,0.018718371334325367,0.03610411418975645,-0.07324729109375172,-0.022223786364472278,122169678.42500001,31.20091743336866,7.596734114306014,-42.06698729849805,0.2846928129794937,2.0,81.03316025640453,1.9699999999999989,1.0,20.336269015212167,0.269999999999996,20637.0,True,True,50.32044198895028,"Compressors, Pumps & Diesel Engines",Industrials,52.0,93,"Uptrend (price > 50 > 150 > 200-day, 200-day rising); Within 15% of 52-week high; RS rating >= 80",3
KMEW,0.2835720818609582,1.283171331537651,0.9118723849372388,2.29788024726789,0.9579527559055118,0.0,1.0,0.5783485187174187,5.503636807670172,0.029346668048365582,0.06735329990513628,0.10239936324339927,-0.03295690427113163,195729433.0,300.0,138.10604497627398,176.14536886733654,4.525208029834792,3.0,24.410799630058456,31.49,1.0,13.859649122807017,2.879999999999999,20679.0,True,True,95.06187845303867,Dredging,Services,,93,ROE >= 20%,1
KNRCON,-0.10599831809347215,-0.41269687424279133,0.1055464331326399,-1.0764469079713401,0.5694938046297185,0.0,0.0,0.16984949089966198,0.9620494862401356,0.020757370742226614,0.04519158212459118,-0.05090291484378895,-0.01903940165092624,135119733.035,-77.32128527646856,-4.044261652957304,-107.90229609775342,-0.34567419971809116,0.0,-8.756455003835494,-15.38,1.0,8.789219629927594,-2.8900000000000006,20678.0,True,True,7.3292817679558,Civil Construction,Industrials,81.0,93,"Uptrend (price > 50 > 150 > 200-day, 200-day rising); Within 15% of 52-week high; Quarterly profit growth >= 25%; Sales growth >= 20% or 2+ strong quarters; 3-year profit growth >= 15%/yr; ROE >= 20%; RS rating >= 80",7
KOTAKBANK,0.016392161417663798,0.02407579235239532,0.14543219991806633,0.08579992307715954,0.9201235657546337,0.0,0.0,0.25767994713983466,2.6891820368206645,0.012932619779514196,0.027093596059113212,0.032142450509140774,-0.01282927195458452,4488827815.5,22.541996609853364,6.413729808891411,18.02010580121256,2.3942617128042163,1.0,7.067121702360635,3.9299999999999997,1.0,10.643064460949311,0.3300000000000054,20647.0,True,True,50.758011049723756,Private Sector Bank,Financial Services,30.0,93,"Uptrend (price > 50 > 150 > 200-day, 200-day rising); Quarterly profit growth >= 25%; Sales growth >= 20% or 2+ strong quarters; 3-year profit growth >= 15%/yr; ROE >= 20%; RS rating >= 80",6
KPEL,-0.16692416487496853,-0.4277693297461691,-0.06013448607108551,-1.1110556632590654,0.4757906098219104,0.0,0.0,-0.856970464373985,1.0201998420712988,0.024707905889628592,0.07119144227222418,-0.14627278213358608,-0.034340325362168925,66687236.4,2.573130220623021,136.61291791928582,-69.26094031098984,0.0717580955934435,0.0,54.697699642807976,-6.5600000000000005,1.0,34.541984732824424,-0.10000000000000009,20676.0,True,True,1.2033149171270718,Power Generation,Utilities,75.0,93,"Uptrend (price > 50 > 150 > 200-day, 200-day rising); Within 15% of 52-week high; Quarterly profit growth >= 25%; RS rating >= 80",4
KPIGREEN,-0.07340472904759043,-0.3620274374280029,-0.1737420317374202,-0.5463954140613649,0.6619640387275242,0.0,0.0,0.3098796734323034,5.000497269586093,0.028778296173817188,0.12989980664440148,0.0742985409652075,-0.09882515414174971,262268223.70000002,-14.970835754208512,15.076126977808734,-64.20139680949696,-1.7658970426050609,0.0,59.44399397700275,-4.82,1.0,16.776532630191166,-0.05000000000000071,20676.0,True,True,16.627624309392267,Power Generation,Utilities,75.0,93,"Uptrend (price > 50 > 150 > 200-day, 200-day rising); Within 15% of 52-week high; Quarterly profit growth >= 25%; Sales growth >= 20% or 2+ strong quarters; ROE >= 20%; RS rating >= 80",6
KPIL,0.02900405364516629,0.11946619785839863,0.30474061655956053,0.3505038783033924,0.9330900243309003,0.0,1.0,0.7430159537452059,0.8224888883986574,0.015776503142629867,0.033016508254127164,0.008744498155822678,-0.018002823225473284,186170133.75,45.85224894491438,3.8371978085192993,-31.53085975509444,1.4216892733516764,2.0,38.47669090236858,1.4000000000000004,1.0,13.258744855967079,-0.4299999999999997,20676.0,True,True,54.91491712707182,Civil Construction,Industrials,81.0,93,ROE >= 20%; RS rating >= 80,2
KPITTECH,-0.1701542502765894,-0.5318876530367289,-0.11370350731005219,-1.5169089026260627,0.38843489765740524,0.0,0.0,0.49326986010062435,1.1162687694660016,0.022833165188027485,0.021021611001964757,-0.1374766482733114,-0.040041073825392806,809087624.575,-32.27126538167799,8.853232472900263,1.1591807690190237,-0.9408224211926887,0.0,12.68921582457705,-4.22,1.0,17.989268568201073,-1.0799999999999983,20663.0,True,True,0.8751381215469614,Computers - Software & Consulting,Information Technology,82.0,93,"Uptrend (price > 50 > 150 > 200-day, 200-day rising); Within 15% of 52-week high; Quarterly profit growth >= 25%; Sales growth >= 20% or 2+ strong quarters; 3-year profit growth >= 15%/yr; ROE >= 20%; RS rating >= 80",7
KPRMILL,0.001215187594558062,0.05208612525685696,0.3970815043302882,-0.03431756769020493,0.8270614692653673,0.0,0.0,0.4974326349022551,0.6445039973522289,0.017806795721787814,0.041993792222019266,-0.004938779338658272,-0.01534319320404647,213178511.15,21.596350903861516,9.582340185815298,10.499767515103574,4.692007424883699,1.0,4.9101140722172865,1.3200000000000003,1.0,15.200982973494822,0.16000000000000014,20675.0,True,True,44.741436464088395,Other Textile Products,Consumer Discretionary,14.0,93,"Uptrend (price > 50 > 150 > 200-day, 200-day rising); Within 15% of 52-week high; Quarterly profit growth >= 25%; Sales growth >= 20% or 2+ strong quarters; 3-year profit growth >= 15%/yr; ROE >= 20%; RS rating >= 80",7
KRBL,0.022403653498925452,0.13614960312121638,0.43427309782608714,0.0678541583652316,0.842756183745583,0.0,0.0,0.8295009527116494,0.6784805391760792,0.02357017771885022,0.03834316491408063,-0.030509973095127485,-0.04009993225715011,145967375.25,73.22620965263853,-5.585255783128728,72.40122997431202,1.8149727607158628,1.0,1.2189286007547429,7.93,1.0,11.158946099535044,-0.47999999999999865,20678.0,True,True,52.72707182320442,Other Agricultural Products,Fast Moving Consumer Goods,64.0,93,"Uptrend (price > 50 > 150 > 200-day, 200-day rising); Within 15% of 52-week high; Sales growth >= 20% or 2+ strong quarters; 3-year profit growth >= 15%/yr; ROE >= 20%; RS rating >= 80",6
KRISHANA,0.20393410606489218,0.7849934591665111,0.9843149475433677,1.6669431256670941,0.9120112408546925,0.0,1.0,1.0655923559138007,0.9506768888219416,0.025479838594645393,0.039199561403508776,0.0250849835369924,-0.018887380787516856,115383208.84,54.07706339658729,34.57804520402485,-98.78615102257267,1.0388785158069758,7.0,82.22183625924806,1.1199999999999992,1.0,32.0855614973262,0.14,20679.0,True,True,90.35801104972376,Fertilizers,Commodities,59.0,93,,0
KRISHNADEF,0.032171823420340334,0.20277711276035437,0.2087092505713941,0.4552439616241655,0.7377142857142857,0.0,0.0,-0.2447941979095425,0.6070664205020703,0.024221936510386174,0.05250690880378994,-0.05685533212791993,-0.02533681357337109,85810361.1,20.665350525029112,-15.181858341923126,-52.14256946552625,0.5552102874917663,3.0,,5.899999999999999,1.0,21.1340206185567,0.010000000000000231,20677.0,True,True,55.899447513812156,Aerospace & Defense,Industrials,26.0,93,"Uptrend (price > 50 > 150 > 200-day, 200-day rising); Within 15% of 52-week high; Quarterly profit growth >= 25%; 3-year profit growth >= 15%/yr; RS rating >= 80",5
KRN,0.16009571923208973,0.8182988936369489,0.7520446725703647,1.4002465923147933,0.8515115589804386,0.0,1.0,0.09472335393730164,1.894534313140595,0.026615261708065385,0.04834318347831856,0.018249815346970566,-0.053149444613342894,245111294.10000002,165.0083732990025,118.87578070784177,107.88576233189175,6.706353572691677,4.0,,2.2699999999999996,1.0,13.240418118466899,4.139999999999997,20677.0,True,True,85.21657458563536,Other Industrial Products,Industrials,5.0,93,3-year profit growth >= 15%/yr; ROE >= 20%,2
KROSS,0.14003978463486935,-0.027522516344351433,0.30273150416462524,0.4124715724479162,0.9295053003533569,1.0,0.0,0.8376784403647702,0.9681167844149093,0.03064125107321953,0.08757271697965874,0.20167709444939863,-0.06999959580301258,92539503.905,24.353331001243774,32.276119402985074,-6.610697956998557,1.2339260519028457,2.0,,-0.45999999999999996,1.0,11.224489795918368,-0.09000000000000163,20679.0,True,True,82.26298342541436,Auto Components & Equipments,Consumer Discretionary,15.0,93,"Uptrend (price > 50 > 150 > 200-day, 200-day rising); Quarterly profit growth >= 25%; 3-year profit growth >= 15%/yr; ROE >= 20%",4
KSB,-0.01051035280764177,-0.0400737261430526,0.014324307344348863,0.05748953721193445,0.8325391422736556,0.0,0.0,0.8845546226663713,18.594966576649828,0.019752250897253392,0.045384417588069104,0.0500532324614984,-0.02503294468114353,100269097.125,-18.768322947489004,3.5998200089995436,4.1198016556293275,-1.216904473647097,0.0,9.679510823374283,-2.280000000000001,1.0,16.081000595592617,-0.4200000000000017,20669.0,True,True,39.928176795580114,"Compressors, Pumps & Diesel Engines",Industrials,52.0,93,"Uptrend (price > 50 > 150 > 200-day, 200-day rising); Within 15% of 52-week high; Quarterly profit growth >= 25%; Sales growth >= 20% or 2+ strong quarters; 3-year profit growth >= 15%/yr; ROE >= 20%; RS rating >= 80",7
KSCL,-0.11829200688867875,-0.3293911519929916,-0.03315440479949483,-0.980747409869926,0.6293581960104077,0.0,0.0,1.844666196069985,39.18448135948475,0.021927629605161585,0.10292669199380877,-0.0505169720173031,-0.047248164275662634,71791146.6,-14.468089831397112,-13.514961620444243,134.13757642693122,-2.479387846480034,0.0,-6.387751604773806,-0.4200000000000017,1.0,16.856492027334852,-0.39000000000000057,20678.0,True,True,5.141436464088398,Other Agricultural Products,Fast Moving Consumer Goods,64.0,93,"Uptrend (price > 50 > 150 > 200-day, 200-day rising); Within 15% of 52-week high; Quarterly profit growth >= 25%; Sales growth >= 20% or 2+ strong quarters; 3-year profit growth >= 15%/yr; ROE >= 20%; RS rating >= 80",7
KSL,0.07701490290858287,0.1418261688107938,0.4844578608142285,0.5752085728222964,0.9346500145222189,1.0,1.0,0.8952723677009885,1.240887539039444,0.024954189467591453,0.06348857644991224,0.06658358495381345,-0.02086674223145749,57776306.650000006,10.650403391907526,4.925807981570562,20.151781725198404,0.6037316352614909,0.0,2.474641596249727,0.7599999999999998,1.0,12.256532066508314,0.28999999999999915,20664.0,True,True,68.80773480662984,Iron & Steel Products,Industrials,8.0,93,Quarterly profit growth >= 25%; Sales growth >= 20% or 2+ strong quarters; 3-year profit growth >= 15%/yr; ROE >= 20%; RS rating >= 80,5
KTKBANK,0.18445328054132676,0.9248219618653801,0.45933118523034033,2.542565580688354,0.9511419485400405,0.0,1.0,0.7420200390376547,0.7085433233262947,0.020133643402064413,0.05388650453028121,0.04105029000686655,-0.028687419113217538,796066439.25,43.23114797533392,5.367314087596409,-18.349448392510645,1.676377585092221,2.0,0.029463734968748767,4.65,1.0,9.913793103448276,0.9100000000000037,20663.0,True,True,87.2950276243094,Private Sector Bank,Financial Services,30.0,93,3-year profit growth >= 15%/yr; ROE >= 20%,2
LALPATHLAB,0.08801977678388943,0.16181725370086775,0.4596348272219706,0.6679984061906732,0.974688511723732,0.0,1.0,0.25590346619692833,1.4147276115322378,0.014398808236762815,0.019227771137556582,0.04509311164245289,-0.012991004087669395,434813597.9,27.18968225651284,19.095252314123634,42.17187183809344,1.4456775039958758,1.0,28.60164255382238,1.3599999999999994,1.0,20.326823435631724,0.39000000000000057,20636.0,True,True,71.98011049723756,Healthcare Service Provider,Healthcare,12.0,93,Sales growth >= 20% or 2+ strong quarters; RS rating >= 80,2
LANDMARK,-0.02141481803326116,-0.1654032258064515,0.35688999606660543,-0.4993300664058078,0.7185800604229607,0.0,0.0,1.5339128746919544,32.33419383422285,0.03332217904425615,0.0325220310532941,-0.07336885062285126,-0.025552812693290603,57109896.2,99.10858344704003,22.665109445051424,-200.89141655295998,0.675636329724237,5.0,-16.4358380923589,0.43000000000000016,1.0,6.495726495726497,-2.469999999999999,20676.0,True,True,35.771270718232046,Auto Dealer,Consumer Discretionary,,93,"Uptrend (price > 50 > 150 > 200-day, 200-day rising); Within 15% of 52-week high; 3-year profit growth >= 15%/yr; ROE >= 20%; RS rating >= 80",5
LATENTVIEW,-0.10812758462036917,-0.3399388379204893,0.03609831029185884,-0.9245820069590558,0.45603864734299515,0.0,0.0,-0.305028654959557,1.6165009304907338,0.01795846914398934,0.011374975054879277,-0.14506692749370576,-0.031228417945262116,111892314.725,-6.867245485614326,21.54902126938394,-14.286198921292058,-0.7818381177442967,0.0,8.207707476163284,-5.009999999999998,1.0,11.503416856492027,-1.5599999999999987,20643.0,True,True,6.891712707182321,Computers - Software & Consulting,Information Technology,82.0,93,"Uptrend (price > 50 > 150 > 200-day, 200-day rising); Within 15% of 52-week high; Quarterly profit growth >= 25%; 3-year profit growth >= 15%/yr; ROE >= 20%; RS rating >= 80",6
LAURUSLABS,0.24565147041280247,1.10427998461623,0.8982950039651072,3.946815704379908,0.963363012698876,1.0,1.0,0.009439198378274226,0.9066046319412444,0.017427641643321414,0.03740608514946442,0.061505107019014904,-0.019974535097592335,3094294340.3999996,123.98169469580162,29.09968972393713,102.79868157466937,2.5183091762188763,7.0,24.286315840332517,7.57,1.0,16.79245283018868,1.9500000000000028,20658.0,True,True,93.42099447513812,Pharmaceuticals,Healthcare,17.0,93,ROE >= 20%,1
LEMONTREE,-0.10344452761392053,-0.3787639595392621,0.012676324818909679,-1.2755693525474918,0.5984500574052813,0.0,0.0,-0.1836646052019709,0.889973854471297,0.012983774482791796,0.02315971554872176,-0.03364491525737945,-0.015207247969178697,266082632.745,19.236831598486994,9.133229882509442,10.076533680811853,0.6380767938694402,0.0,28.141931953237396,1.4100000000000001,1.0,20.689655172413794,-3.469999999999999,20672.0,True,True,7.985635359116022,Hotels & Resorts,Consumer Discretionary,54.0,93,"Uptrend (price > 50 > 150 > 200-day, 200-day rising); Within 15% of 52-week high; Quarterly profit growth >= 25%; Sales growth >= 20% or 2+ strong quarters; RS rating >= 80",5
LENSKART,,,0.30048100520270915,,0.9448965517241379,1.0,1.0,0.6588991720770794,0.6958909644533413,0.016339965455906873,0.040076476211486245,0.07999924326744501,-0.01685399907445953,3739176627.975,244.66505494969542,43.26932212873324,252.1943824706462,,1.0,,4.92,1.0,5.7335774776836805,16.58,20662.0,True,True,,Speciality Retail,Consumer Discretionary,68.0,93,3-year profit growth >= 15%/yr; ROE >= 20%; RS rating >= 80,3
LGEINDIA,,,0.1052665842067575,,0.982051282051282,0.0,1.0,0.5411696180898087,1.3023948814671686,0.019103362755019865,0.02661988021053907,0.058013647670098534,-0.022667863480518784,718994794.1,27.184775178056707,15.494480228135687,35.391216373706726,,1.0,,0.8300000000000001,1.0,21.98017218888599,0.20999999999999908,20679.0,True,True,,Household Appliances,Consumer Discretionary,90.0,93,Sales growth >= 20% or 2+ strong quarters; 3-year profit growth >= 15%/yr; RS rating >= 80,3
LICHSGFIN,-0.02510243294945569,-0.07586680398214907,0.06392648947732438,-0.3485302931814227,0.886325643597459,0.0,0.0,0.2316838805573781,1.913664806756138,0.016617665192408124,0.03621271549758287,-0.00545107352008789,-0.022737785168125007,1433168903.5,9.876241816031994,-1.443711263313452,1.2210551077552978,1.09770262223642,0.0,20.437126649700875,2.1799999999999997,1.0,13.526756619759105,0.20999999999999375,20664.0,True,True,34.13038674033149,Housing Finance Company,Financial Services,85.0,93,"Uptrend (price > 50 > 150 > 200-day, 200-day rising); Quarterly profit growth >= 25%; Sales growth >= 20% or 2+ strong quarters; ROE >= 20%; RS rating >= 80",5
LICI,-0.03883619438232131,-0.06868970434240129,0.09186845336049942,-0.45989542625264995,0.8435792349726775,0.0,0.0,0.024758962962761137,1.3012120202156203,0.017293048216915706,0.021187997550520477,-0.03676242983501643,-0.01561812864985999,2890464965.7,23.827411192269388,6.762856292981367,0.5551470418758484,1.369172989865976,2.0,9.300966238610652,0.7800000000000002,1.0,32.53192151977577,-0.15000000000000013,20642.0,True,True,28.98895027624309,Life Insurance,Financial Services,88.0,93,"Uptrend (price > 50 > 150 > 200-day, 200-day rising); Within 15% of 52-week high; Quarterly profit growth >= 25%; 3-year profit growth >= 15%/yr; RS rating >= 80",5
LINDEINDIA,-0.022130504531075616,-0.014583333333333282,-0.1029081202584996,-0.0872646213951059,0.7855634240278295,0.0,0.0,0.117452131282397,1.3977103036336487,0.012989438260390073,0.02412010829436384,-0.034730173269216125,-0.01378149242818397,133692612.5,-2.4452449291883616,21.58716817258528,32.14597385622871,-0.06750818630827657,0.0,10.946206480536901,-3.709999999999999,1.0,12.869198312236287,-0.10999999999999943,20655.0,True,True,35.44309392265193,Industrial Gases,Commodities,,93,"Uptrend (price > 50 > 150 > 200-day, 200-day rising); Within 15% of 52-week high; Quarterly profit growth >= 25%; 3-year profit growth >= 15%/yr; ROE >= 20%; RS rating >= 80",6
LLOYDSENGG,0.22000792915943418,0.38681212899085504,1.214139344262295,1.1362272433374432,0.9466410748560461,1.0,1.0,0.2493567528361732,5.942876868705264,0.03108501404207553,0.08414915850841509,0.11093341382269695,-0.0801557918945007,655694283.9649999,127.1185726237809,142.91507303810883,-10.59154306066334,3.9142638068435143,9.0,110.89964248105701,-0.9000000000000004,1.0,11.8491921005386,-0.34999999999999964,20669.0,True,True,91.99889502762431,Industrial Products,Industrials,4.0,93,ROE >= 20%,1
LLOYDSENT,0.10521374859460497,0.08666266145989776,0.698356807511737,0.36288197577336984,0.9354191263282172,0.0,1.0,0.10063862670700813,3.197974060639748,0.026066066267762623,0.05411484519714205,0.04683333905878806,-0.057592940267498706,221257422.92999998,-55.781090584017825,70.15110305228166,-244.3535236507373,-1.6350255089583963,0.0,53.38708245742983,-55.620000000000005,1.0,10.06517016654598,0.15000000000000002,20676.0,True,True,76.79337016574586,Trading - Metals,Commodities,,93,Quarterly profit growth >= 25%; ROE >= 20%; RS rating >= 80,3
LLOYDSME,0.09399019516442098,0.36160849772382386,0.4038957991081906,1.1673478705583569,0.8865882352941177,0.0,0.0,0.10570089988867691,0.9577084428184037,0.018684268691285574,0.03588738223601817,-0.006369991107960771,-0.019147684856001594,716618590.9,170.26959565140757,208.5520574612338,-129.73040434859243,2.3335155052302405,4.0,67.6157372186027,-3.3400000000000034,1.0,27.60435440847812,0.0600000000000005,20675.0,True,True,73.83977900552486,Industrial Minerals,Commodities,76.0,93,"Uptrend (price > 50 > 150 > 200-day, 200-day rising); RS rating >= 80",2
LMW,0.03932759451536192,0.21455546309927676,0.5355668851663025,0.2478089233147018,0.8367822936826956,0.0,0.0,0.26225639115583677,0.550763063011137,0.020704595792796755,0.03139013452914807,-0.05056840896166115,-0.02455528843360366,71845332.5,300.0,23.99804074106089,266.12264496904123,0.9669272374988422,2.0,-23.315098382510747,4.91,1.0,4.569236135333101,-0.14000000000000057,20658.0,True,True,58.196685082872925,Industrial Products,Industrials,4.0,93,"Uptrend (price > 50 > 150 > 200-day, 200-day rising); Within 15% of 52-week high; 3-year profit growth >= 15%/yr; ROE >= 20%; RS rating >= 80",5
LODHA,0.04747102547656458,-0.0056412809026050725,0.7117966295344185,-0.15200329825034686,0.8438975426595784,0.0,0.0,0.04650583472374978,3.8950947585895688,0.02613747242865187,0.03771190281932757,-0.05392620624408695,-0.027479888281396685,1621025980.35,103.43760143872926,43.10221382134778,94.20605015087966,5.593350497804408,1.0,39.4288251381081,8.150000000000002,1.0,14.734175040797046,1.3499999999999979,20645.0,True,True,61.040883977900556,"Residential, Commercial Projects",Consumer Discretionary,53.0,93,"Uptrend (price > 50 > 150 > 200-day, 200-day rising); Within 15% of 52-week high; ROE >= 20%; RS rating >= 80",4
LT,-0.004205892200042083,0.10588910761154868,0.13490081647540753,0.11032364108476539,0.8468468468468469,0.0,0.0,-0.06394905497825662,1.7030998286195917,0.011191883230356999,0.016423546451479476,-0.04940947091546921,-0.017442052251257157,5433375005.5,15.506744050689104,6.694240417394015,10.539491775592946,2.060662546233797,0.0,16.1300357620598,0.5599999999999996,1.0,17.34284930002745,0.03999999999999915,20662.0,True,True,42.553591160220996,Civil Construction,Industrials,81.0,93,"Uptrend (price > 50 > 150 > 200-day, 200-day rising); Within 15% of 52-week high; Quarterly profit growth >= 25%; Sales growth >= 20% or 2+ strong quarters; ROE >= 20%; RS rating >= 80",6
LTF,-0.001109363682686569,0.30270687066271673,0.2755811643155175,0.20787057725265018,0.7826343768458357,0.0,0.0,-0.5089475408012565,7.048554333267445,0.022050156768681845,0.034733708236850847,-0.14121642642331234,-0.0596860041809114,1145744708.6999998,30.71371553386748,22.381367133302188,3.490980112701081,3.18806621857936,3.0,26.634020256506673,1.120000000000001,1.0,10.660043597898724,0.05999999999999872,20644.0,True,True,43.97569060773481,Non Banking Financial Company (NBFC),Financial Services,38.0,93,"Uptrend (price > 50 > 150 > 200-day, 200-day rising); Within 15% of 52-week high; ROE >= 20%; RS rating >= 80",4
LTFOODS,-0.0019254969802282775,0.03872993719469653,0.19975819451907584,-0.1780992520260254,0.8159771754636234,0.0,0.0,1.8529527864053847,0.29156670225210624,0.019091570389245506,0.020529251216328426,-0.05138939233482842,-0.03512791706119209,178273046.875,8.843641967186233,27.91933179648689,24.23801645485132,1.0115774493283973,0.0,11.248113118397352,-1.0199999999999996,1.0,13.824375138243752,0.010000000000001563,20664.0,True,True,43.6475138121547,Other Agricultural Products,Fast Moving Consumer Goods,64.0,93,"Uptrend (price > 50 > 150 > 200-day, 200-day rising); Within 15% of 52-week high; Quarterly profit growth >= 25%; 3-year profit growth >= 15%/yr; ROE >= 20%; RS rating >= 80",6
LTM,-0.014624231192878562,-0.13729216152018997,0.08077225224367379,-0.7009115073487364,0.629131347694222,0.0,0.0,0.19984427773712152,2.313980426375391,0.02129634490370299,0.027693089430894213,-0.08383301616666672,-0.03492727583912694,1472069179.0,17.035108253003873,17.960286974371485,-1.8215901720398655,1.7436862475029462,0.0,7.757144046271014,-0.09999999999999964,1.0,20.740894901144642,-0.48999999999999844,20645.0,True,True,38.28729281767956,Computers - Software & Consulting,Information Technology,82.0,93,"Uptrend (price > 50 > 150 > 200-day, 200-day rising); Within 15% of 52-week high; Quarterly profit growth >= 25%; Sales growth >= 20% or 2+ strong quarters; 3-year profit growth >= 15%/yr; RS rating >= 80",6
LTTS,-0.03540315237820077,-0.13880668257756557,0.12818909454727367,-0.6307523535621185,0.6831570038087177,0.0,0.0,0.39137365619837494,1.6312920763581342,0.017782231332679546,0.04770249221183809,-0.06614718464462055,-0.025249997851219768,216968468.89999998,17.35029610441532,11.47298578199052,-6.63212134752078,1.4618803435379277,0.0,2.445193407870705,0.5999999999999996,1.0,19.78989649312529,-0.3200000000000003,20648.0,True,True,30.19226519337017,IT Enabled Services,Information Technology,40.0,93,"Uptrend (price > 50 > 150 > 200-day, 200-day rising); Within 15% of 52-week high; Quarterly profit growth >= 25%; Sales growth >= 20% or 2+ strong quarters; 3-year profit growth >= 15%/yr; ROE >= 20%; RS rating >= 80",7
LUMAXIND,0.051814939997047255,0.355875059816418,0.2773565573770491,0.4243796294592773,0.8030139159276083,0.0,0.0,0.2932838724227252,1.2707872767431243,0.022175283073032917,0.030320044918584976,-0.036611696642976255,-0.025437880335921793,72134190.5,41.391254611370634,32.5965832719074,14.948100592883563,2.0345176545146564,4.0,22.472407878695087,0.2599999999999998,1.0,18.75681570338059,0.3600000000000003,20669.0,True,True,62.462983425414365,Auto Components & Equipments,Consumer Discretionary,15.0,93,"Uptrend (price > 50 > 150 > 200-day, 200-day rising); Within 15% of 52-week high; ROE >= 20%; RS rating >= 80",4
LUMAXTECH,0.20601587510827313,0.7668310098605915,0.2919567379413228,1.4612539597090024,0.9482648401826483,1.0,1.0,0.9383868577794253,0.4894949392695282,0.032697366262084734,0.041972249752229907,0.0995405300370944,-0.025221302438736302,234043495.55,82.61732042391934,32.85852080633691,60.56858711585258,2.546460991938547,6.0,47.2557546499305,1.9700000000000006,1.0,27.82824112303881,0.0400000000000027,20669.0,True,True,90.79558011049724,Auto Components & Equipments,Consumer Discretionary,15.0,93,,0
LUPIN,-0.02443784988112805,0.09038365719980068,-0.06270344354976876,0.058509008599868566,0.8026092113065824,0.0,0.0,-1.1033331705296114,1.1933336626424824,0.0120761494963783,0.025965770171149094,-0.0834683918034933,-0.014361977261637873,1672808261.3000002,15.986264006437745,32.04277368489903,-84.00511097999534,1.0587390591258938,0.0,82.23603858296052,-2.3699999999999974,1.0,23.85513186029936,0.05000000000000426,20649.0,True,True,34.786740331491714,Pharmaceuticals,Healthcare,17.0,93,"Uptrend (price > 50 > 150 > 200-day, 200-day rising); Within 15% of 52-week high; Quarterly profit growth >= 25%; RS rating >= 80",4
LXCHEM,0.014001179180188533,-0.23700242774036928,0.4837876358453588,-0.4286747248605592,0.7981998199819983,0.0,0.0,0.21775602132910787,0.6448400424256547,0.029465959691569583,0.07285307285307296,0.0006307539371346316,-0.027279941620641648,158412808.68,216.12380745950185,39.745717460638176,217.23866776713814,3.7074070859231925,1.0,8.449656946720996,3.9000000000000004,1.0,3.9798488664987404,-0.45999999999999996,20649.0,True,True,49.77348066298343,Specialty Chemicals,Commodities,37.0,93,"Uptrend (price > 50 > 150 > 200-day, 200-day rising); Within 15% of 52-week high; 3-year profit growth >= 15%/yr; ROE >= 20%; RS rating >= 80",5
MACPOWER,0.3358524045640593,1.2876034958601656,1.407624810892587,2.566413585771351,0.9415992812219227,1.0,1.0,0.6341827704708382,2.3004580036929867,0.038386459103216045,0.09518109908409667,0.16374878128407677,-0.055438817507017187,92502175.3,-100.0,300.0,-400.0,-558.5592418847932,0.0,,-20.299999999999997,0.0,19.428571428571427,-0.6700000000000002,19037.0,True,True,96.48397790055249,Industrial Products,Industrials,4.0,93,Quarterly profit growth >= 25%; 3-year profit growth >= 15%/yr; ROE >= 20%,3
MAHABANK,0.056588827207202506,0.43504109109984257,0.2731926776295377,1.069289813426547,0.8398941798941799,0.0,0.0,0.16268792537675442,1.6542627074681144,0.020184975149638476,0.04757281553398052,-0.025938961950625727,-0.025829709744196537,929768661.26,34.461394001685505,13.902364338997275,-1.6642180241128557,5.174662874633104,4.0,35.39982390684515,3.8500000000000014,1.0,21.119638826185103,0.620000000000001,20644.0,True,True,63.66629834254143,Public Sector Bank,Financial Services,57.0,93,"Uptrend (price > 50 > 150 > 200-day, 200-day rising); Within 15% of 52-week high; RS rating >= 80",3
MAHLOG,0.06802520015889678,0.08993456772936104,0.12195471481799958,0.5554655275229711,0.9685555555555556,0.0,1.0,0.7749765626412402,1.7593425160568323,0.016475196383081068,0.040594554084436574,0.07553017703002163,-0.03582225397632379,58855735.425,100.0,23.285259665515625,0.0,3.874659386857242,3.0,157.2295435044248,1.9699999999999998,1.0,0.9361702127659575,-0.14999999999999858,20654.0,True,True,66.29171270718231,Logistics Solution Provider,Services,56.0,93,ROE >= 20%; RS rating >= 80,2
MAHSEAMLES,0.0904497323325818,0.10441298917568709,0.1772432768261294,0.8833713319797135,0.9604817708333333,1.0,1.0,1.28037941637793,4.836702456428694,0.01864108877403411,0.06322094055013316,0.14569678369294414,-0.020758100290848572,134313743.375,15.651742739493834,-4.721157456320335,72.59342543783534,0.4286885945341301,0.0,-6.376050671687539,4.300000000000001,1.0,10.194880744618965,0.6899999999999995,20672.0,True,True,72.63646408839779,Iron & Steel Products,Industrials,8.0,93,Quarterly profit growth >= 25%; Sales growth >= 20% or 2+ strong quarters; 3-year profit growth >= 15%/yr; ROE >= 20%; RS rating >= 80,5
MANALIPETC,0.13180483523609215,0.22325303007631314,0.9808577659316693,0.4619326675183532,0.8707526881720431,0.0,1.0,1.7225660098345448,0.293549043497522,0.032643391259213526,0.08421942967617202,0.07195806417452077,-0.03072130923712724,79433372.93,300.0,17.066518941492337,288.2728113504733,5.30814001823883,1.0,85.87121445524078,17.32,1.0,10.14832162373146,0.010000000000000009,20678.0,True,True,80.95027624309392,Petrochemicals,Commodities,22.0,93,Sales growth >= 20% or 2+ strong quarters; ROE >= 20%,2
MANAPPURAM,0.02147960903605434,0.15976129582267706,0.3392400078755662,0.22609834079413385,0.8278076267854804,0.0,0.0,-0.1726236091591005,1.6217093360026378,0.020355074914521,0.03374999999999995,-0.08082404262811282,-0.019450063594401476,1467770555.1999998,300.0,34.11303974999888,200.0,1.1032175481313857,2.0,-5.564731210183327,13.41,1.0,6.186530434240857,0.9600000000000009,20657.0,True,True,52.398895027624306,Non Banking Financial Company (NBFC),Financial Services,38.0,93,"Uptrend (price > 50 > 150 > 200-day, 200-day rising); Within 15% of 52-week high; 3-year profit growth >= 15%/yr; ROE >= 20%; RS rating >= 80",5
MandM,-0.051095828591573286,-0.09201571404858078,0.07914378719626458,-0.686426750165896,0.7682491731555509,0.0,0.0,-0.04663522803761798,1.5275960803368238,0.013733830847731965,0.01753444865390419,-0.09203222885466178,-0.019872844304949826,6233980187.6,37.19814928057599,27.802778832656582,-18.854919115063225,2.4773927937620925,3.0,21.409123156045084,0.7300000000000004,1.0,20.002792786018883,-0.12999999999999545,20641.0,True,True,24.613259668508288,Passenger Cars & Utility Vehicles,Consumer Discretionary,91.0,93,"Uptrend (price > 50 > 150 > 200-day, 200-day rising); Within 15% of 52-week high; RS rating >= 80",3
MandMFIN,0.04979826538649244,0.3189533239038189,0.23530385825467803,0.3739782921264949,0.7827710843373494,0.0,0.0,0.403850226192994,0.45677717294063086,0.02466938780384902,0.02198437951981491,-0.12780004779177823,-0.03635788395729855,740574718.8,75.31887186022144,14.573368786581199,-30.78228558695986,1.928650537006538,2.0,14.54544590616733,5.619999999999999,1.0,10.739892638612561,-0.480000000000004,20655.0,True,True,61.80662983425414,Non Banking Financial Company (NBFC),Financial Services,38.0,93,"Uptrend (price > 50 > 150 > 200-day, 200-day rising); Within 15% of 52-week high; 3-year profit growth >= 15%/yr; ROE >= 20%; RS rating >= 80",5
MANGLMCEM,0.08212906949312733,0.44547845437993105,0.36798774650583943,1.0972928971940148,0.8867857142857143,0.0,0.0,1.5383960556272729,0.608567396807613,0.02085456371536755,0.046925566343042124,-0.000975688262570662,-0.020706967751058007,55030982.849999994,-43.9694246671972,0.7703546287687546,-343.9694246671972,-0.6140629576351108,0.0,77.76412765432659,-3.1699999999999995,1.0,13.190184049079754,-0.0600000000000005,20679.0,True,True,70.7767955801105,Cement & Cement Products,Commodities,87.0,93,"Uptrend (price > 50 > 150 > 200-day, 200-day rising); Quarterly profit growth >= 25%; Sales growth >= 20% or 2+ strong quarters; ROE >= 20%; RS rating >= 80",5
MANINDS,0.3116195415895481,0.6632427656284516,1.2847822788651193,1.663523130365414,0.8727036645186111,1.0,1.0,1.1032605880273374,1.3060685528959215,0.04028337265702655,0.16096011295446533,0.2742051226598847,-0.08123590725431022,513608088.6,122.39632754253269,41.90640453828847,147.80699925414456,1.8408148379049831,1.0,40.793947121255194,2.11,1.0,8.145663632007667,0.5499999999999998,20676.0,True,True,96.15580110497238,Iron & Steel Products,Industrials,8.0,93,ROE >= 20%,1
MANINFRA,0.024848284508273838,-0.20624029000517863,0.4086157380815625,-0.45349787812770537,0.8106070287539936,0.0,0.0,0.5121142352301242,1.8524663270422446,0.02439032236672547,0.04654908593057905,0.10158821128680717,-0.016021319624542465,217394548.35,7.570247712844225,19.360306178239473,65.31897594017644,0.15949541677067292,0.0,-13.443186725409085,-3.150000000000002,1.0,9.307454786060873,-2.6799999999999997,20654.0,True,True,53.82099447513812,"Residential, Commercial Projects",Consumer Discretionary,53.0,93,"Uptrend (price > 50 > 150 > 200-day, 200-day rising); Within 15% of 52-week high; Quarterly profit growth >= 25%; Sales growth >= 20% or 2+ strong quarters; 3-year profit growth >= 15%/yr; ROE >= 20%; RS rating >= 80",7
MANKIND,0.0036513413884000437,-0.05658464298249044,0.18658034137728063,-0.08976040407297463,0.9476911430734293,0.0,1.0,-0.026279252683037276,4.506559776215316,0.017205866258908194,0.059590559394966824,0.0356834691880239,-0.04442963185589421,822189561.05,29.121472178573814,12.890612965115466,-5.078206245034881,1.1106967673621087,3.0,12.741036526191628,1.790000000000001,1.0,11.889570552147239,0.13999999999999702,20650.0,True,True,46.05414364640884,Pharmaceuticals,Healthcare,17.0,93,3-year profit growth >= 15%/yr; ROE >= 20%; RS rating >= 80,3
MANORAMA,0.09773289052747228,0.3196538246789504,0.5640665067416659,0.6567524670018203,0.8619678995115143,0.0,1.0,1.390041760664707,0.31788873472121765,0.028657060425214147,0.08449616678616745,0.015440972560952337,-0.04312771379496285,257636041.55,67.59130480821189,39.53030564669313,36.53650215948047,2.5247900640641934,8.0,95.50251304268602,3.259999999999998,1.0,32.99120234604106,-0.040000000000000924,20678.0,True,True,74.71491712707183,Other Food Products,Fast Moving Consumer Goods,,93,RS rating >= 80,1
MANYAVAR,0.03950736806147746,-0.2445968412302576,0.5574121679520136,-0.7429524902378305,0.7373062349293834,0.0,0.0,1.6672209644902942,0.13539827905713178,0.02700666331652104,0.04575853572685684,0.03132522689733208,-0.03775134098391367,168534483.25,37.31702246259378,22.743930371049004,69.35515917173075,0.9434059880634321,1.0,17.403259536143302,2.6499999999999986,1.0,25.842696629213485,0.240000000000002,20025.0,True,True,58.306077348066296,Speciality Retail,Consumer Discretionary,68.0,93,"Uptrend (price > 50 > 150 > 200-day, 200-day rising); Within 15% of 52-week high; RS rating >= 80",3
MAPMYINDIA,-0.10027272648218918,-0.37927232635060637,0.20128022759601705,-1.0470791182953438,0.4294794794794795,0.0,0.0,0.408707055612117,1.109879076765139,0.03389504516830933,0.02387562465297055,-0.13658481612808437,-0.035098382714365696,161043593.0,8.578457155454377,14.891867445111417,4.700185368059561,0.43679522302571816,0.0,6.147878880861235,-2.0700000000000003,1.0,14.806629834254142,-3.200000000000001,20654.0,True,True,8.751381215469612,Software Products,Information Technology,60.0,93,"Uptrend (price > 50 > 150 > 200-day, 200-day rising); Within 15% of 52-week high; Quarterly profit growth >= 25%; Sales growth >= 20% or 2+ strong quarters; 3-year profit growth >= 15%/yr; ROE >= 20%; RS rating >= 80",7
MARICO,0.008118064928932873,0.16147308781869696,0.10445147821402112,0.6144425992208211,0.8840400404903835,0.0,0.0,-0.26782818403607067,1.4292439069969771,0.012696142131654422,0.025500684164697196,-0.06294595010246806,-0.01882853099982511,1243559249.75,27.091573600974318,22.850046569388383,8.854336154876119,5.746313193794808,1.0,12.233990808267926,0.5500000000000007,1.0,43.064133016627075,0.01999999999999602,20645.0,True,True,47.47624309392265,Edible Oil,Fast Moving Consumer Goods,80.0,93,"Uptrend (price > 50 > 150 > 200-day, 200-day rising); 3-year profit growth >= 15%/yr; RS rating >= 80",3
MARINE,0.3033706827407393,0.8389301770804662,1.4835811648079305,1.8594491098767827,0.9545555555555556,0.0,1.0,0.9727636409766138,1.5986620791418615,0.03549430920910411,0.09651898734177222,0.17417605397027613,-0.05119808810845249,384331706.42499995,51.17874649261693,55.20421607378132,6.432131537818158,2.0716807048095336,5.0,55.29238387420141,-0.1800000000000006,1.0,11.967545638945234,0.6000000000000001,20679.0,True,True,95.82762430939226,Industrial Products,Industrials,4.0,93,ROE >= 20%,1
MARKSANS,0.20189411267755258,0.8771888862946535,0.9720382634289919,2.0155043875325878,0.918364439378829,1.0,1.0,0.6423392370781685,1.2413472006150459,0.03249808803244464,0.056067468374199736,0.047407965890183146,-0.03094552192238502,585152028.65,173.82983143034303,35.61509056597687,109.59552660411474,4.110183929426626,2.0,23.67042807440236,9.57,1.0,13.893483294740324,0.3299999999999983,20669.0,True,True,89.48287292817679,Pharmaceuticals,Healthcare,17.0,93,ROE >= 20%,1
MARUTI,-0.07887979882499363,-0.15841461141827673,0.09347001372185004,-1.1016920865148248,0.6889464594127807,0.0,0.0,-0.32209631915257886,1.394253626744004,0.012053589089863075,0.014137760973204072,-0.0933967281372019,-0.018116673850995475,4329071103.0,-9.067844938335812,35.91381471926063,-2.54106020172914,-0.6140112225712983,0.0,13.690553018258456,-3.25,1.0,13.699652842584642,-0.30000000000000426,20665.0,True,True,14.439779005524862,Passenger Cars & Utility Vehicles,Consumer Discretionary,91.0,93,"Uptrend (price > 50 > 150 > 200-day, 200-day rising); Within 15% of 52-week high; Quarterly profit growth >= 25%; 3-year profit growth >= 15%/yr; ROE >= 20%; RS rating >= 80",6
MASTEK,-0.06405898689407503,-0.2367731796752226,0.25100171722953646,-0.7646897943780323,0.6596876319121993,0.0,0.0,0.7485109858071668,0.7923627773067089,0.03418697153986882,0.030656600320292826,-0.09088582205375562,-0.023860172911046505,158256442.85000002,15.100775037106517,7.712911337050388,-25.397064063766408,0.5711953492076245,0.0,15.57986768935542,0.6899999999999995,1.0,13.502673796791445,0.26000000000000156,20655.0,True,True,19.90939226519337,Computers - Software & Consulting,Information Technology,82.0,93,"Uptrend (price > 50 > 150 > 200-day, 200-day rising); Within 15% of 52-week high; Quarterly profit growth >= 25%; Sales growth >= 20% or 2+ strong quarters; ROE >= 20%; RS rating >= 80",6
MAXESTATES,0.15680714443590735,0.12365709274281955,0.5499773174051112,0.7005780382175291,0.8993566176470589,1.0,1.0,1.4189984696678088,5.9978181688398955,0.027492211204491853,0.035089463220675965,0.18015506244509805,-0.032829286323219534,59775155.22500001,-30.053672041966205,0.8548669127647068,69.94632795803379,-0.22865235099496511,0.0,-11.70784112536194,-7.109999999999999,1.0,0.6614303431169904,0.509999999999998,20664.0,True,True,84.66961325966851,"Residential, Commercial Projects",Consumer Discretionary,53.0,93,Quarterly profit growth >= 25%; Sales growth >= 20% or 2+ strong quarters; 3-year profit growth >= 15%/yr; ROE >= 20%,4
MAXHEALTH,-0.0715983722498754,-0.0993085566119275,0.06871090144600545,-0.7277213596760193,0.7609460675996398,0.0,0.0,-0.4960366414062344,6.5317371896895695,0.016706545316863507,0.044813695871097625,-0.10249925674814775,-0.03770405983559301,1838169995.5500002,4.8684778939826145,16.699793348688342,-2.4350692108087157,0.21459049189174748,0.0,8.547137794657234,-1.5399999999999991,1.0,13.417697962222016,0.01999999999999602,20644.0,True,True,17.393370165745857,Hospital,Healthcare,51.0,93,"Uptrend (price > 50 > 150 > 200-day, 200-day rising); Within 15% of 52-week high; Quarterly profit growth >= 25%; Sales growth >= 20% or 2+ strong quarters; 3-year profit growth >= 15%/yr; ROE >= 20%; RS rating >= 80",7
MAYURUNIQ,0.07407496342491818,0.4362191151120476,0.46269384570369665,1.0659761998178008,0.8096471885336274,0.0,0.0,0.2053356050287245,1.310137202941655,0.021060684131382786,0.039514317798989396,-0.02597058082315329,-0.015341953782696089,65474633.925,37.73263503178814,24.712803409301465,-5.488313328908092,2.2084905365927057,3.0,24.37941230018481,1.9699999999999989,1.0,16.946160635481025,0.5800000000000001,20670.0,True,True,67.93259668508287,Leather And Leather Products,Consumer Discretionary,,93,"Uptrend (price > 50 > 150 > 200-day, 200-day rising); Within 15% of 52-week high; ROE >= 20%; RS rating >= 80",4
MAZDOCK,-0.08981488215998182,-0.15631910188807618,0.14660871977437684,-0.8282190977190104,0.7055091819699499,0.0,0.0,0.1570746172224867,0.972350808365742,0.017108246501598773,0.03167420814479649,-0.12032738974950363,-0.0429895227722874,1319931509.7,21.77544352301077,12.077666353086336,-85.43134650772356,0.3738677649088174,2.0,33.172580987276646,1.490000000000002,1.0,26.427473090722707,-0.08000000000000096,20664.0,True,True,11.486187845303867,Ship Building & Allied Services,Industrials,,93,"Uptrend (price > 50 > 150 > 200-day, 200-day rising); Within 15% of 52-week high; Quarterly profit growth >= 25%; RS rating >= 80",4
MBAPL,0.24550032647629028,0.9106508875739643,0.7505150168058115,2.623786021900214,0.9753629815936893,0.0,1.0,0.27443287276653017,1.4588879859525075,0.02969744776646984,0.030604628016919655,0.050558311127310684,-0.023583915184211112,134640133.0,16.80380942920452,1.6134150211135179,-283.19619057079547,0.3458864442201927,0.0,14.6753901806973,1.0300000000000002,1.0,27.27272727272727,0.22000000000000003,20679.0,True,True,93.31160220994475,Fertilizers,Commodities,59.0,93,Quarterly profit growth >= 25%; Sales growth >= 20% or 2+ strong quarters; 3-year profit growth >= 15%/yr,3
MCX,0.18626908604296608,1.1148224171176215,0.4177299641397716,2.67980309741348,0.9480094214970989,1.0,1.0,0.4213402607788782,1.8761617449444243,0.022079111044752485,0.03414454729356953,0.07404688264758863,-0.020318037541764426,6311462380.0,103.47322938367323,88.09785375525846,-187.62022447956952,1.7860242549037744,10.0,129.72980324525528,4.450000000000003,1.0,46.76966292134831,0.23000000000000398,20669.0,True,True,87.6232044198895,Exchange and Data Platform,Financial Services,33.0,93,,0
MEDANTA,0.024614143691523004,0.11954301278656265,0.5017761087993506,0.10870992814078989,0.8840673575129534,0.0,0.0,0.49128440374344845,1.5724182028257705,0.01988770881315293,0.05294943820224729,-0.04948923102634273,-0.03249402472554989,328306544.1,-1.0613647862564357,26.503628109114906,-4.104896188013408,-0.0839684714488565,0.0,15.47320652269606,-3.3599999999999994,1.0,13.98283695103483,1.4400000000000013,20664.0,True,True,53.60220994475138,Hospital,Healthcare,51.0,93,"Uptrend (price > 50 > 150 > 200-day, 200-day rising); Quarterly profit growth >= 25%; ROE >= 20%; RS rating >= 80",4
MEDIASSIST,-0.1232825295690235,-0.36771343512916543,0.08503625576796314,-1.0929236204187112,0.5251498566588481,0.0,0.0,-0.6055556813231955,2.2468262198325286,0.01720888575204974,0.03617054024934574,-0.10982505743064153,-0.03403883031685843,54433755.2,21.819899244332497,24.118387909319907,-129.84654704304333,0.28778498462829116,2.0,2.3429212150327228,-0.22000000000000064,1.0,10.607866507747318,-0.8299999999999983,20673.0,True,True,4.375690607734806,Insurance Distributors,Financial Services,,93,"Uptrend (price > 50 > 150 > 200-day, 200-day rising); Within 15% of 52-week high; Quarterly profit growth >= 25%; 3-year profit growth >= 15%/yr; ROE >= 20%; RS rating >= 80",6
MEDPLUS,-0.07713003515512411,-0.16816185114149595,-0.1878586529749321,-0.6311287856215968,0.6406769712385051,0.0,0.0,-0.18412778494016024,0.5323927015811849,0.021723072752011546,0.023764474381291256,-0.030681039446204816,-0.0067478724597079065,89872960.05,-21.735328201231486,21.843864050355542,-46.32648088304997,-1.1436479161877946,0.0,61.277540463474466,-0.9800000000000002,1.0,11.139240506329113,0.9799999999999969,20655.0,True,True,15.314917127071823,Pharmacy Retail,Consumer Discretionary,,93,"Uptrend (price > 50 > 150 > 200-day, 200-day rising); Within 15% of 52-week high; Quarterly profit growth >= 25%; ROE >= 20%; RS rating >= 80",5
METROPOLIS,0.017508099416593127,0.13622617212650967,0.3517873723305478,0.1935384394840734,0.8894179459814466,0.0,0.0,-0.07221426007183396,2.2062744728362365,0.018567705259517824,0.0341806939196152,-0.058001509423462716,-0.02837842839728468,125590897.30000001,25.77358485895578,16.619178366057085,-48.18714277812821,1.3375320382482883,3.0,14.690531129014062,0.9199999999999999,1.0,12.623925974884337,-0.0799999999999983,20662.0,True,True,51.52375690607735,Healthcare Service Provider,Healthcare,12.0,93,"Uptrend (price > 50 > 150 > 200-day, 200-day rising); 3-year profit growth >= 15%/yr; ROE >= 20%; RS rating >= 80",4
MFSL,-0.05527224569077745,-0.00719469864310518,0.01027551217005973,-0.45871443539701545,0.7257067371202114,0.0,0.0,-0.2841227449493946,12.814556498950397,0.021753870281735047,0.04463565474589948,-0.09592514623578619,-0.04800015824184101,839705214.8,35.63814627877804,16.751822113378555,135.63814627877804,0.40326767853938844,1.0,-34.70881328775993,0.10999999999999999,1.0,2.006815600151458,-0.21999999999999886,20663.0,True,True,22.753591160220996,Life Insurance,Financial Services,88.0,93,"Uptrend (price > 50 > 150 > 200-day, 200-day rising); Within 15% of 52-week high; Sales growth >= 20% or 2+ strong quarters; 3-year profit growth >= 15%/yr; ROE >= 20%; RS rating >= 80",6
MGL,-0.04748686111512608,-0.18261733679865466,0.13731121038076988,-0.6480239248394382,0.7922719784334281,0.0,0.0,0.9479427384545018,0.8187450974476558,0.014026507662846731,0.02831957989497358,-0.03528064397296593,-0.013668561075973461,170255996.7,-39.50720097475284,13.908238558624287,7.970438634743196,-2.4883523850749336,0.0,-9.781264922757693,-7.17,1.0,13.08338518979465,0.6000000000000014,20664.0,True,True,25.81657458563536,LPG/CNG/PNG/LNG Supplier,Energy,70.0,93,"Uptrend (price > 50 > 150 > 200-day, 200-day rising); Within 15% of 52-week high; Quarterly profit growth >= 25%; Sales growth >= 20% or 2+ strong quarters; 3-year profit growth >= 15%/yr; ROE >= 20%; RS rating >= 80",7
MIDHANI,0.04513800932751348,0.024363096710363408,0.4427800034837135,0.18068922526248088,0.9072346600331674,0.0,1.0,0.9206329778057903,0.9642411935138329,0.031074560250311977,0.13598475827578005,0.04480248661320685,-0.04727651595785437,247325296.975,26.98919850019843,40.46334310850441,-11.577752688208488,0.29423349495287887,2.0,-4.958309032097407,-0.7300000000000004,1.0,8.550913838120104,0.8100000000000005,20677.0,True,True,60.493922651933694,Aerospace & Defense,Industrials,26.0,93,3-year profit growth >= 15%/yr; ROE >= 20%; RS rating >= 80,3
MINDACORP,0.05888939141219689,0.33311506080449016,0.3477397389824095,0.9204622669087568,0.9009752925877763,0.0,0.0,0.45370664664806215,1.159890717601268,0.01714357473305386,0.0298773690078038,-0.014555870991232789,-0.0160169489743853,150195255.775,64.90227307419684,33.22293416457411,-69.43948084766717,1.6858434774022295,3.0,13.088499682907951,1.12,1.0,13.565744600227358,-0.4499999999999993,20665.0,True,True,64.32265193370165,Auto Components & Equipments,Consumer Discretionary,15.0,93,"Uptrend (price > 50 > 150 > 200-day, 200-day rising); 3-year profit growth >= 15%/yr; ROE >= 20%; RS rating >= 80",4
MMFL,0.17715657784797798,0.9805026656511806,0.6256564141035261,1.9177322624411783,0.8701213750999346,0.0,0.0,0.31706867164820796,0.4404085014755118,0.026668777299397133,0.044006807682956506,-0.02050300263446403,-0.021717878951364938,63800096.175,78.01348339882885,16.267109083367902,43.49692827902349,1.8051781448180455,2.0,-4.294802037541556,2.820000000000001,1.0,10.153846153846153,-0.3000000000000007,20655.0,True,True,86.52928176795581,Auto Components & Equipments,Consumer Discretionary,15.0,93,"Uptrend (price > 50 > 150 > 200-day, 200-day rising); 3-year profit growth >= 15%/yr; ROE >= 20%",3
MMTC,-0.06254681664110628,-0.11106358711149134,0.13034807831762163,-0.4161120359818352,0.7263560944479898,0.0,0.0,0.6281108584153624,0.9449195871987174,0.016212434894946105,0.02984595635430054,-0.08429446747161651,-0.034824964146470294,68739528.75999999,135.47997959233854,-50.0,-164.52002040766146,1.2886285824719539,3.0,-17.356160528818588,12069.85,1.0,18.246110325318245,0.040000000000000036,20676.0,True,True,20.346961325966852,Trading & Distributors,Services,20.0,93,"Uptrend (price > 50 > 150 > 200-day, 200-day rising); Within 15% of 52-week high; 3-year profit growth >= 15%/yr; ROE >= 20%; RS rating >= 80",5
MOBIKWIK,-0.06782214326896174,-0.34133046316228033,0.1210187319033269,-0.669596027130105,0.6616784630940343,0.0,0.0,0.5173505804495578,0.8852967099318322,0.02671397029806919,0.07715224984590097,-0.018785617252419784,-0.030316429704950104,149216466.91000003,100.0,3.729363207547176,0.0,0.9746947867838174,3.0,,18.16,1.0,-11.50278293135436,-0.3100000000000005,20668.0,True,True,18.924861878453036,Financial Technology (Fintech),Financial Services,58.0,93,"Uptrend (price > 50 > 150 > 200-day, 200-day rising); Within 15% of 52-week high; 3-year profit growth >= 15%/yr; ROE >= 20%; RS rating >= 80",5
MOIL,-0.10524411284444753,-0.3162251655629138,-0.10021786492374718,-0.8705181042568558,0.5872067177080761,0.0,0.0,0.8114175048543729,0.36259291128451826,0.01841357190430982,0.024014155712841267,-0.08409908802833999,-0.017904085830164767,155742212.55,-7.391165538131839,4.480524549215503,84.32098671639329,-0.08057873862566879,0.0,-36.70448248175319,-2.4599999999999973,1.0,8.97575099529497,-1.2399999999999984,18670.0,True,True,7.548066298342542,Industrial Minerals,Commodities,76.0,93,"Uptrend (price > 50 > 150 > 200-day, 200-day rising); Within 15% of 52-week high; Quarterly profit growth >= 25%; Sales growth >= 20% or 2+ strong quarters; 3-year profit growth >= 15%/yr; ROE >= 20%; RS rating >= 80",7
MOL,-0.012278808278526697,-0.2565116279069768,0.6228426395939086,-0.7161982732993204,0.6517361111111111,0.0,0.0,0.6924759306577568,0.46295602456981044,0.03240729732180208,0.05206073752711493,-0.05684395298121725,-0.042428904347338946,64564695.25,279.4957838703934,-11.536455786969125,339.0375250387508,2.052449488003014,1.0,-6.617478476633664,6.8100000000000005,1.0,1.878238341968912,-0.43000000000000005,20663.0,True,True,39.05303867403315,Pesticides & Agrochemicals,Commodities,93.0,93,"Uptrend (price > 50 > 150 > 200-day, 200-day rising); Within 15% of 52-week high; Sales growth >= 20% or 2+ strong quarters; 3-year profit growth >= 15%/yr; ROE >= 20%; RS rating >= 80",6
MOREPENLAB,0.5075622449652629,1.061958822397537,1.9643153526970956,2.523117605439198,0.9835284933645589,1.0,1.0,1.0901781588164057,1.0823209306343755,0.04811414141701399,0.08027013989387344,0.33601264010688947,-0.036414016531759186,1875157381.7,300.0,34.072523751293396,322.67794984604444,2.9705839940706076,1.0,35.01617539656061,7.200000000000001,1.0,7.698476343223737,-0.09999999999999964,20669.0,True,True,98.6718232044199,Pharmaceuticals,Healthcare,17.0,93,ROE >= 20%,1
MOSCHIP,-0.034021498488619906,-0.1523330826770095,0.34729823237088775,-0.4237233611280669,0.6976945744496447,0.0,0.0,0.11485180486589086,0.6871028327474971,0.025002397838477252,0.04468768829082137,-0.040899386175606955,-0.020146564147472894,272676279.735,-77.53520729968268,-14.293089460874697,-68.77978019122357,-2.044875106447849,0.0,59.71715257559724,-5.940000000000001,1.0,8.557457212713937,0.37,20658.0,True,True,30.739226519337016,Computers Hardware & Equipments,Information Technology,10.0,93,"Uptrend (price > 50 > 150 > 200-day, 200-day rising); Within 15% of 52-week high; Quarterly profit growth >= 25%; Sales growth >= 20% or 2+ strong quarters; ROE >= 20%; RS rating >= 80",6
MOTHERSON,0.10864641387491154,0.5228408279800143,0.5604315231303714,1.3378246439445778,0.9422288913256766,0.0,1.0,0.3617185700156941,1.3796468054044824,0.01850147328907729,0.029641775983854535,0.012413632299008714,-0.01395946171722019,2094048318.0,59.550385793902464,16.654872236197527,6.7962226876271,1.01676524119919,2.0,41.171828285044775,0.8199999999999998,1.0,9.970960735986726,-0.07000000000000028,20644.0,True,True,77.34033149171272,Auto Components & Equipments,Consumer Discretionary,15.0,93,ROE >= 20%; RS rating >= 80,2
MOTILALOFS,0.03786719270227172,0.08822455261647622,0.5597098631571078,0.09404649662053788,0.9060249749339168,0.0,1.0,-0.07031099208774905,0.7018552177315435,0.02137682282618652,0.03525322740814296,0.032641442789170805,-0.018401463058152955,752170599.0,9.52166331243427,25.16340705070825,67.71595795208385,0.22197265934376814,0.0,11.508683378959915,-5.310000000000002,1.0,14.52513966480447,0.5899999999999999,20657.0,True,True,57.540331491712706,Stockbroking & Allied,Financial Services,21.0,93,Quarterly profit growth >= 25%; 3-year profit growth >= 15%/yr; ROE >= 20%; RS rating >= 80,4
MPHASIS,-0.04861356204013576,-0.12260536398467425,0.1466225791213982,-0.7523270936769964,0.7241680672268908,0.0,0.0,0.09903342485131775,1.3910304613495004,0.019508316539818264,0.03616557734204795,-0.09372599598015474,-0.027781812905000595,975306928.0,10.903505621550114,17.45644328584941,-3.262824580839375,2.8442448503093147,0.0,5.855585986612488,-0.6600000000000001,1.0,17.339910647803425,-0.3499999999999943,20637.0,True,True,25.379005524861878,Computers - Software & Consulting,Information Technology,82.0,93,"Uptrend (price > 50 > 150 > 200-day, 200-day rising); Within 15% of 52-week high; Quarterly profit growth >= 25%; Sales growth >= 20% or 2+ strong quarters; 3-year profit growth >= 15%/yr; ROE >= 20%; RS rating >= 80",7
MPSLTD,0.15287641056614537,0.18804780876494043,0.7766450417052828,0.43197589427560373,0.9060087277609936,0.0,0.0,1.4644710676552386,0.5504741574571355,0.03643998287373371,0.04302462343969338,-0.004920463687154819,-0.023280116705190198,61816270.25,41.173903473479,20.37792570324244,31.31146451008542,2.396158389799557,1.0,15.502654871506373,3.3099999999999987,1.0,29.026845637583893,0.0900000000000003,20655.0,True,True,84.12265193370166,Printing & Publication,Consumer Discretionary,,93,"Uptrend (price > 50 > 150 > 200-day, 200-day rising)",1
MRF,-0.051349260623743495,-0.1423028826113445,0.032182133899286036,-0.8593396479660814,0.7657701711491443,0.0,0.0,-0.25542521116572847,1.0609296546908853,0.010494258400160298,0.0178745531361717,-0.03928222235003165,-0.013590796054093567,396932995.0,-1.2577831320746968,9.639065928052904,-36.692435812098246,-0.031780314955552065,0.0,25.93263053395203,-0.6500000000000004,1.0,11.566701630590256,-0.6900000000000013,20649.0,True,True,24.503867403314917,Tyres & Rubber Products,Consumer Discretionary,84.0,93,"Uptrend (price > 50 > 150 > 200-day, 200-day rising); Within 15% of 52-week high; Quarterly profit growth >= 25%; Sales growth >= 20% or 2+ strong quarters; ROE >= 20%; RS rating >= 80",6
MRPL,0.08959669629232053,0.3195724575942993,-0.038001129305477055,0.6055649000842502,0.7973717676981772,0.0,0.0,0.3626391390772231,2.570352011792337,0.03089270386736738,0.0664893617021276,-0.010295175123208877,-0.037628230858118034,1078721131.105,100.0,120.40610201639414,168.40220041572314,0.8343096746475144,1.0,43.017431899173864,3.1,1.0,13.559202648446856,-1.19,20649.0,True,True,72.30828729281768,Refineries & Marketing,Energy,43.0,93,"Uptrend (price > 50 > 150 > 200-day, 200-day rising); Within 15% of 52-week high; ROE >= 20%; RS rating >= 80",4
MSTCLTD,0.12102335272872222,0.4512607477538404,0.9706152433425161,0.7870912084062944,0.8878881987577639,0.0,1.0,0.8525662254356274,1.189889205741051,0.02836350953538161,0.07007627349496048,0.0495378949625116,-0.026220049794391534,159424222.2,37.51352544304356,21.709931551078366,47.57197172890988,1.0350682355432703,1.0,-0.5536606466105765,7.100000000000001,1.0,24.11504424778761,1.0700000000000003,20678.0,True,True,79.2,Trading & Distributors,Services,20.0,93,3-year profit growth >= 15%/yr; RS rating >= 80,2
MSUMI,-0.09650765267799313,-0.2337013122266195,-0.029287598944590987,-0.959550817134023,0.6357529389811531,0.0,0.0,-0.5254957007594921,1.4287821502635443,0.01486608765960335,0.016915703411333638,-0.10676363712633252,-0.023735690905839685,316475901.97,1.6294521072418133,36.61664053760381,0.09953374413109728,0.12505039891988312,0.0,9.046585069188406,-1.4700000000000006,1.0,28.921795465062473,-0.389999999999997,20679.0,True,True,9.626519337016575,Auto Components & Equipments,Consumer Discretionary,15.0,93,"Uptrend (price > 50 > 150 > 200-day, 200-day rising); Within 15% of 52-week high; Quarterly profit growth >= 25%; 3-year profit growth >= 15%/yr; RS rating >= 80",5
MUFIN,0.0987344064812461,0.567508610792193,0.37839475012619883,1.381983168352932,0.9293992932862191,0.0,0.0,0.10714998787422084,2.3104924124989457,0.013496757013761409,0.016858522094318484,-0.01626370206800809,-0.011141210801052383,105116854.905,300.0,57.134096484055604,77.44976473055493,3.8975916362440133,3.0,53.50734742048542,11.81,1.0,4.869565217391305,1.8400000000000016,20676.0,True,True,75.26187845303868,Non Banking Financial Company (NBFC),Financial Services,38.0,93,"Uptrend (price > 50 > 150 > 200-day, 200-day rising); ROE >= 20%; RS rating >= 80",3
MUTHOOTFIN,-0.027920955199417105,-0.027019079979090477,-0.08943313153549803,-0.28432370059228024,0.6596216411615857,0.0,0.0,-0.3118204635153983,1.1864717445317716,0.02008644511133227,0.025593819940798568,-0.06218413686060742,-0.016904920357000183,2200466547.5,43.09304295781211,34.44070119516971,-92.26690388305556,1.2675358583736305,8.0,43.34972692495944,1.9699999999999989,1.0,27.107078967544084,-0.38000000000000256,20666.0,True,True,32.70828729281768,Non Banking Financial Company (NBFC),Financial Services,38.0,93,"Uptrend (price > 50 > 150 > 200-day, 200-day rising); Within 15% of 52-week high; RS rating >= 80",3
MUTHOOTMF,-0.0009746433036297662,0.2298039215686274,0.3288135593220338,0.17474363445570265,0.6789207291547742,0.0,0.0,-1.0462717987216439,0.6356382367125284,0.02798252888090945,0.03562509556087856,-0.1523418457091108,-0.035505496187099306,57429881.04,300.0,19.694962586373556,200.0,0.2761595125558219,3.0,-0.8278371829523179,11.05,1.0,5.954465849387041,0.16999999999999815,20679.0,True,True,44.19447513812155,Microfinance Institutions,Financial Services,46.0,93,"Uptrend (price > 50 > 150 > 200-day, 200-day rising); Within 15% of 52-week high; 3-year profit growth >= 15%/yr; ROE >= 20%; RS rating >= 80",5
NACLIND,-0.10328496066464826,-0.17344015537751878,0.31695806900820056,-0.6448251548251825,0.5422857142857144,0.0,0.0,-0.941533334625369,1.2645567585027788,0.027762144210613134,0.02062111801242228,-0.20853160750411615,-0.07344922084678834,74007638.21000001,59.82762992060564,-14.503970024087797,-91.92466469629585,0.18116142431718238,1.0,-14.789841626587375,2.5300000000000002,1.0,0.7320644216691069,-0.09999999999999987,20637.0,True,True,8.095027624309393,Pesticides & Agrochemicals,Commodities,93.0,93,"Uptrend (price > 50 > 150 > 200-day, 200-day rising); Within 15% of 52-week high; Sales growth >= 20% or 2+ strong quarters; 3-year profit growth >= 15%/yr; ROE >= 20%; RS rating >= 80",6
NAM-INDIA,0.043567314831784734,0.39917646356746417,0.4090991045134922,0.7088342503211359,0.8428515163450178,0.0,0.0,-0.26777589564061843,0.8660524318773891,0.02007835290219822,0.03217158176943702,-0.0850180687553338,-0.035098096164209586,1090869646.05,27.15462046212538,26.418951220718423,-1.6801586830231372,1.7638322269489588,3.0,24.660623836302253,0.38000000000000966,1.0,32.818201330757674,0.4100000000000037,20656.0,True,True,59.83756906077349,Asset Management Company,Financial Services,73.0,93,"Uptrend (price > 50 > 150 > 200-day, 200-day rising); Within 15% of 52-week high; RS rating >= 80",3
NATCOPHARM,-0.02699841122210256,-0.016364699006429007,-0.1401859609686319,-0.0894555101363031,0.6745190740136942,0.0,0.0,-0.5561740316697052,1.4954287804029072,0.01383597666856613,0.027667014293601744,-0.050779565205421706,-0.013157701485758396,306406593.15,-56.999174996209376,-44.676047859131614,-23.266169263203636,-1.4706134106549995,0.0,11.981172333792811,-8.05,1.0,15.377941654918123,-0.2100000000000044,20679.0,True,True,33.364640883977906,Pharmaceuticals,Healthcare,17.0,93,"Uptrend (price > 50 > 150 > 200-day, 200-day rising); Within 15% of 52-week high; Quarterly profit growth >= 25%; Sales growth >= 20% or 2+ strong quarters; 3-year profit growth >= 15%/yr; ROE >= 20%; RS rating >= 80",7
NATIONALUM,0.12365467762447231,0.8267573261827237,0.028301886792452935,1.4851359797153703,0.7659215994608559,0.0,0.0,0.3342838610681274,1.1546942840094525,0.023434118133868816,0.03194207836456564,-0.07785056283706648,-0.02834901184708371,1948830078.9,90.86223451948557,39.2819429778247,107.53738932401514,1.6724073952586205,1.0,77.35313163374889,10.21,1.0,26.834235985742723,0.19000000000000483,20665.0,True,True,79.52817679558011,Aluminium,Commodities,3.0,93,"Uptrend (price > 50 > 150 > 200-day, 200-day rising); Within 15% of 52-week high; RS rating >= 80",3
NAUKRI,0.023559789585875235,-0.05803859674295153,0.3243897518660481,-0.40254591736588,0.8588633002324106,0.0,0.0,0.027538699915578835,1.787262587976118,0.019470841448483066,0.036125319693094626,-0.051200917444754634,-0.019756407622850455,1592840751.6999998,11.03571996735453,11.366107781402523,4.908147023734233,0.2049582254149254,0.0,99.4923901699127,-0.13000000000000256,1.0,4.649997362451865,0.14999999999999858,20668.0,True,True,53.055248618784525,Internet & Catalogue Retail,Consumer Discretionary,65.0,93,"Uptrend (price > 50 > 150 > 200-day, 200-day rising); Quarterly profit growth >= 25%; Sales growth >= 20% or 2+ strong quarters; ROE >= 20%; RS rating >= 80",5
NAVA,-0.05980376244256776,-0.20025339621313432,0.03281519861830762,-0.59162811825731,0.7564917500676225,0.0,0.0,-0.11511767645460351,1.5592363414960622,0.01588628567292709,0.02872301500182939,-0.00394965525101143,-0.012176223351913226,130755620.775,-16.557481149833087,1.5571311241849628,38.402418257844424,-0.6018506072598524,0.0,-7.313085108835271,-5.969999999999999,1.0,11.881074899942824,-0.34999999999999787,20655.0,True,True,21.00331491712707,Power Generation,Utilities,75.0,93,"Uptrend (price > 50 > 150 > 200-day, 200-day rising); Within 15% of 52-week high; Quarterly profit growth >= 25%; Sales growth >= 20% or 2+ strong quarters; 3-year profit growth >= 15%/yr; ROE >= 20%; RS rating >= 80",7
NAVINFLUOR,0.14043896031425748,0.8491165249269987,0.43278282411230395,2.0662926181218193,0.9212805184647187,0.0,1.0,0.6560902953737284,0.7372095027118538,0.025292141324506513,0.045012165450121655,0.0008800946860489933,-0.022669194459739087,1018654421.5,107.67414668623098,44.06947890818857,-5.286105845503684,2.601942234343043,7.0,29.962269331566294,7.130000000000003,1.0,16.708605938600908,0.7999999999999972,20651.0,True,True,82.37237569060774,Specialty Chemicals,Commodities,37.0,93,ROE >= 20%,1
NAZARA,0.14306448932879479,0.3501177322948741,0.5509779442363711,1.0778662805030275,0.9774819606867381,1.0,1.0,1.150224110866841,1.0445547339523213,0.01944227257836931,0.03246475865014964,0.10890938190686672,-0.026986690997335257,566603868.45,-100.0,-14.034524931331072,-400.0,-1.397553033762457,0.0,15.074290005029823,-26.53,0.0,2.361071120069105,2.3599999999999994,20668.0,True,True,82.70055248618785,Digital Entertainment,Consumer Discretionary,,93,Quarterly profit growth >= 25%; Sales growth >= 20% or 2+ strong quarters; ROE >= 20%,3
NBCC,-0.09483079059581534,-0.23608649415101024,0.07040854339997527,-0.8711421403986291,0.6237584425903854,0.0,0.0,-0.38688381532668425,1.5792508164317043,0.015172057208974275,0.025518925518925428,-0.10978757376855841,-0.023250706838670004,462229217.84499997,16.90491056643142,-5.506045107247848,16.733013098803106,1.247423988788924,0.0,20.83023983654162,1.3399999999999999,1.0,24.593967517401392,0.30999999999999694,20676.0,True,True,9.954696132596686,Civil Construction,Industrials,81.0,93,"Uptrend (price > 50 > 150 > 200-day, 200-day rising); Within 15% of 52-week high; Quarterly profit growth >= 25%; Sales growth >= 20% or 2+ strong quarters; RS rating >= 80",5
NCC,-0.11580041968672963,-0.30017452006980794,0.08322990435861866,-1.3001089591656332,0.5932336018411968,0.0,0.0,-0.14150670246105365,10.222716197622107,0.01793153955074271,0.033045674594822216,-0.08908685339161071,-0.037511529625324946,238483109.215,11.935271285117622,12.219370958430131,30.04173941584818,0.5334793265515388,0.0,3.2264683437418284,-0.010000000000000231,1.0,9.200660820942941,0.6600000000000001,20663.0,True,True,5.579005524861879,Civil Construction,Industrials,81.0,93,"Uptrend (price > 50 > 150 > 200-day, 200-day rising); Within 15% of 52-week high; Quarterly profit growth >= 25%; Sales growth >= 20% or 2+ strong quarters; 3-year profit growth >= 15%/yr; ROE >= 20%; RS rating >= 80",7
NELCO,0.05225097550075366,0.07635746606334837,0.7699032738095237,0.07400697485055807,0.8165178571428572,0.0,0.0,0.27465497468521105,0.6596263520705861,0.032501069889755256,0.048277648277648355,-0.04710003730324619,-0.04019700515326403,260929527.3,15.44246434969503,7.006284262601947,-84.55753565030497,0.06634856037589151,0.0,-34.07923228462475,0.18999999999999995,1.0,2.3255813953488373,0.6799999999999997,20650.0,True,True,62.68176795580111,Computers Hardware & Equipments,Information Technology,10.0,93,"Uptrend (price > 50 > 150 > 200-day, 200-day rising); Within 15% of 52-week high; Quarterly profit growth >= 25%; Sales growth >= 20% or 2+ strong quarters; 3-year profit growth >= 15%/yr; ROE >= 20%; RS rating >= 80",7
NEOGEN,0.1890663423627184,0.42740418909279554,0.8660562902678874,1.185299250767869,0.9807576909229108,1.0,1.0,0.5581178210199466,1.0824538680968074,0.027180853046409315,0.05928520752039734,0.11004857481281838,-0.02444219904543977,356761235.04999995,66.9987261347804,34.03845123975795,43.29067485604838,1.1500046912330233,2.0,-9.878353632104886,1.3499999999999996,1.0,3.553921568627451,-3.3999999999999986,20658.0,True,True,88.27955801104972,Specialty Chemicals,Commodities,37.0,93,3-year profit growth >= 15%/yr; ROE >= 20%,2
NESTLEIND,0.009805974826652571,0.280811365970558,0.2541904123365739,0.5805700830546106,0.8435286542176432,0.0,0.0,0.0008018641435154171,0.9615524626313284,0.0137781750211843,0.017083363882982594,-0.09233766701679813,-0.016878232425185147,2300584822.5,48.92549142642832,25.156588490157294,18.676837007513722,2.2782421536582422,3.0,13.480194559520097,2.41,1.0,67.84952491758774,0.05000000000000071,20656.0,True,True,48.13259668508287,Packaged Foods,Fast Moving Consumer Goods,77.0,93,"Uptrend (price > 50 > 150 > 200-day, 200-day rising); Within 15% of 52-week high; 3-year profit growth >= 15%/yr; RS rating >= 80",4
NETWEB,0.06865922917819887,0.46537505648441035,0.6315839124555833,0.5212876153486212,0.7823843110270084,0.0,0.0,0.3251451796889834,0.5284709380580596,0.02896761127200163,0.03131115459882583,-0.06523077783158215,-0.03603963750782336,6455877313.2,179.9306597776321,172.1323993227317,114.39458580215886,4.123333429809027,6.0,77.73570211931214,0.2900000000000009,1.0,28.492392807745503,1.2100000000000009,20679.0,True,True,66.61988950276243,IT Enabled Services,Information Technology,40.0,93,"Uptrend (price > 50 > 150 > 200-day, 200-day rising); Within 15% of 52-week high; RS rating >= 80",3
NETWORK18,-0.16502467805544369,-0.49981631153563555,-0.05254001391788443,-1.41576221049612,0.4742438130155821,0.0,0.0,0.06762340543009006,0.61871843119689,0.021422058648834584,0.030127041742286753,-0.08363796083765473,-0.017794094033074064,86467095.16,-40.32386699936169,10.344974992519118,-140.32386699936168,-0.24861840261687637,0.0,-46.12731586197791,-7.05,0.0,3.1516876779178524,-1.9699999999999998,20649.0,True,True,1.312707182320442,Media & Entertainment,Consumer Discretionary,39.0,93,"Uptrend (price > 50 > 150 > 200-day, 200-day rising); Within 15% of 52-week high; Quarterly profit growth >= 25%; Sales growth >= 20% or 2+ strong quarters; 3-year profit growth >= 15%/yr; ROE >= 20%; RS rating >= 80",7
NEULANDLAB,0.12579143163909975,0.5355355355355356,0.9068534018397283,1.0952827953629007,0.8813209494324046,0.0,0.0,0.607501938846631,1.2024294491609218,0.023326467729599346,0.049191080017490174,-0.02983121335170369,-0.035044827319341616,991118626.5,300.0,119.15627668659266,0.0,1.60741118682074,2.0,32.20307218942571,18.27,1.0,19.413333333333334,1.2999999999999972,20644.0,True,True,80.07513812154696,Pharmaceuticals,Healthcare,17.0,93,"Uptrend (price > 50 > 150 > 200-day, 200-day rising); ROE >= 20%",2
NEWGEN,-0.09136523474867661,-0.4018887129608686,0.25319905213270144,-0.8848315750706497,0.449013868227842,0.0,0.0,0.4572652095638617,1.7595692874325775,0.032902088045822404,0.01704660076659259,-0.10377340418603032,-0.027554980196573903,331407072.4,26.293653768502836,11.233081768851738,22.666036958444003,1.3658686823056,1.0,22.28029385057797,2.0999999999999996,1.0,16.938660664040516,-1.3999999999999986,20640.0,True,True,11.048618784530387,Computers - Software & Consulting,Information Technology,82.0,93,"Uptrend (price > 50 > 150 > 200-day, 200-day rising); Within 15% of 52-week high; Sales growth >= 20% or 2+ strong quarters; ROE >= 20%; RS rating >= 80",5
NH,-0.005501700240434795,0.10039233787214408,0.16612656679914406,0.11081389455366716,0.8557779582477427,0.0,0.0,-0.4642566223418635,3.2879940799714205,0.01661297839478641,0.03205608476934607,-0.05498834693121779,-0.02355684776091856,430230564.5,5.650507289989393,78.0457383216013,-6.8148453591618585,0.39489188608474,0.0,8.239466314189947,-5.29,1.0,17.765042979942695,-0.6699999999999982,20659.0,True,True,42.11602209944752,Hospital,Healthcare,51.0,93,"Uptrend (price > 50 > 150 > 200-day, 200-day rising); Quarterly profit growth >= 25%; 3-year profit growth >= 15%/yr; ROE >= 20%; RS rating >= 80",5
NHPC,-0.05166828973212323,-0.1143945515410365,0.0016973495234364755,-0.6874170864379372,0.8262596459373581,0.0,0.0,-0.5214465475681711,0.998423934622598,0.010142247798524278,0.023271276595744572,-0.052296174041167265,-0.016757065848840864,677931888.63,4.124938351219876,18.499768185028785,-64.37032706678767,0.12324303297529124,0.0,-0.27338460119561425,-4.270000000000003,1.0,10.184134951854624,5.710000000000001,20669.0,True,True,24.394475138121546,Power Generation,Utilities,75.0,93,"Uptrend (price > 50 > 150 > 200-day, 200-day rising); Within 15% of 52-week high; Quarterly profit growth >= 25%; Sales growth >= 20% or 2+ strong quarters; 3-year profit growth >= 15%/yr; ROE >= 20%; RS rating >= 80",7
NIACL,-0.020544228713303685,-0.02503313959416742,0.5699039487726787,-0.30823904680312986,0.6884583676834296,0.0,0.0,0.9087711314585198,0.599449288352153,0.038113637126916206,0.1770337377770952,-0.09343355392284569,-0.06922892050757308,354202450.21,-100.0,1.541768459963766,-162.8981856832121,-3.2135998615958474,0.0,-12.92347148540931,-5.4399999999999995,0.0,4.966527636605797,0.009999999999999787,20642.0,True,True,35.88066298342541,General Insurance,Financial Services,78.0,93,"Uptrend (price > 50 > 150 > 200-day, 200-day rising); Within 15% of 52-week high; Quarterly profit growth >= 25%; Sales growth >= 20% or 2+ strong quarters; 3-year profit growth >= 15%/yr; ROE >= 20%; RS rating >= 80",7
NIBE,-0.003545261287288222,-0.011245674740484546,0.5776397515527949,-0.20749404419558506,0.6690476190476191,0.0,0.0,-0.2431274202074179,0.748593985028434,0.02567073148111495,0.0653457653457652,-0.10106281654381766,-0.04157660973238492,59585308.5,-100.0,-23.624242424242425,-315.8350738763827,-0.9823405040522275,0.0,-80.04984683589245,-20.3,0.0,0.0,0.9100000000000001,20679.0,True,True,42.77237569060773,Aerospace & Defense,Industrials,26.0,93,"Uptrend (price > 50 > 150 > 200-day, 200-day rising); Within 15% of 52-week high; Quarterly profit growth >= 25%; Sales growth >= 20% or 2+ strong quarters; 3-year profit growth >= 15%/yr; ROE >= 20%; RS rating >= 80",7
NILKAMAL,0.1559876857076028,0.27127558456371603,0.7805982071536344,0.5748563495913275,0.8847173761339847,0.0,0.0,1.0720967012995561,0.2905484664922947,0.0341914277877957,0.023652578518805756,-0.006597608562786905,-0.038778552796661286,68139265.6,58.96747993510096,-7.180062051316893,37.19450661861276,1.0037221137886996,3.0,-0.6224876010598734,1.24,1.0,7.3557387444514895,-0.8300000000000001,20666.0,True,True,84.56022099447513,Plastic Products - Consumer,Consumer Discretionary,32.0,93,"Uptrend (price > 50 > 150 > 200-day, 200-day rising); 3-year profit growth >= 15%/yr; ROE >= 20%",3
NIVABUPA,-0.036411549667762236,-0.005750642358986924,0.162019162019162,-0.36674189517146255,0.8184901531728664,0.0,0.0,0.18134407317260934,6.8629341637394505,0.013881573683145541,0.020878820960698707,-0.09170600462342393,-0.03289524884285887,63076337.975,92.9301018891287,27.92856218454771,115.56673098553252,1.0166067531407734,1.0,,1.88,1.0,3.4601162176439515,1.1700000000000053,20679.0,True,True,30.082872928176794,General Insurance,Financial Services,78.0,93,"Uptrend (price > 50 > 150 > 200-day, 200-day rising); Within 15% of 52-week high; 3-year profit growth >= 15%/yr; ROE >= 20%; RS rating >= 80",5
NLCINDIA,-0.03724142285403535,-0.031475243579991985,-0.011094674556213047,-0.14329693407052374,0.6748323878287776,0.0,0.0,-0.14633455336165904,1.4231048212796642,0.017524261955701236,0.027217544546700667,-0.054845676560028256,-0.01939132032945013,435896987.4,-48.01868359637938,23.29406290761473,-264.3192654371071,-1.0306530213788696,0.0,38.05035821199267,-12.690000000000001,1.0,17.509872241579558,-0.020000000000003126,20672.0,True,True,29.535911602209946,Power Generation,Utilities,75.0,93,"Uptrend (price > 50 > 150 > 200-day, 200-day rising); Within 15% of 52-week high; Quarterly profit growth >= 25%; ROE >= 20%; RS rating >= 80",5
NMDC,-0.022388880059268777,0.1293213828425097,0.14248704663212441,-0.07037480912343595,0.7851061647348447,0.0,0.0,0.24428621342661477,1.5186071880200196,0.013374811304550233,0.02244389027431426,-0.08499919904554909,-0.03332779777473358,1281964042.5900002,0.42239065759628325,0.8367884182191032,-36.85661840627066,0.03523189497908522,0.0,14.614643292885532,-0.120000000000001,1.0,21.871880688156892,0.030000000000001137,20679.0,True,True,35.2243093922652,Industrial Minerals,Commodities,76.0,93,"Uptrend (price > 50 > 150 > 200-day, 200-day rising); Within 15% of 52-week high; Quarterly profit growth >= 25%; Sales growth >= 20% or 2+ strong quarters; 3-year profit growth >= 15%/yr; RS rating >= 80",6
NOCIL,-0.017278969106744313,-0.058949448378066927,0.08657075860320673,-0.14028710680118042,0.8101799242424244,1.0,0.0,0.6779778345287966,3.5374648693024024,0.026980223709183,0.07455147186901234,-0.010094021109046225,-0.05791259839056607,91817905.46000001,60.992228355076584,19.867943608351666,79.15567014754517,0.7632877403036089,1.0,-15.897213431930602,1.7599999999999998,1.0,3.1584884376762554,-0.2099999999999973,20641.0,True,True,36.86519337016574,Specialty Chemicals,Commodities,37.0,93,"Uptrend (price > 50 > 150 > 200-day, 200-day rising); Within 15% of 52-week high; Sales growth >= 20% or 2+ strong quarters; 3-year profit growth >= 15%/yr; ROE >= 20%; RS rating >= 80",6
NORTHARC,0.011901928671961201,0.11662486563955565,0.4690077775159085,0.07649362502699891,0.8603293413173654,0.0,0.0,0.40257170528525255,0.7634743806786818,0.02432664371352922,0.04950996958431908,-0.025430052094638556,-0.03529746951933086,247841215.0,45.84259996055309,28.796062302826098,-199.86131486874942,0.865300575670038,3.0,,1.7100000000000009,1.0,10.369609856262834,-0.3500000000000014,20661.0,True,True,49.007734806629834,Non Banking Financial Company (NBFC),Financial Services,38.0,93,"Uptrend (price > 50 > 150 > 200-day, 200-day rising); 3-year profit growth >= 15%/yr; ROE >= 20%; RS rating >= 80",4
NPST,0.02763396185461864,-0.15240994419076614,0.5543356903609973,-0.17423616459318877,0.8575315840621963,0.0,1.0,1.6601374657677843,1.0081023917338967,0.030700153266542313,0.11899969502897223,0.0733213237467476,-0.04808988501232683,61152517.2,53.622576556898174,67.99524092801903,-80.88321709762047,0.45034982595979867,3.0,57.602986647437234,-1.8300000000000018,1.0,9.297052154195011,-0.03999999999999915,20676.0,True,True,54.47734806629834,Financial Technology (Fintech),Financial Services,58.0,93,ROE >= 20%; RS rating >= 80,2
NRBBEARING,0.2255630613362201,0.6081791956558631,1.0814847353393366,1.9347810488613741,0.9538310412573674,1.0,1.0,1.149316335135681,1.9973729118112065,0.030898479457631734,0.11287590004235493,0.1312533494885475,-0.04789417967338404,173554194.3,9.383427698867997,19.184002580228988,14.16709242014256,0.462541558642771,0.0,15.137849380587355,-0.8699999999999992,1.0,15.176715176715177,8.020000000000003,20641.0,True,True,92.32707182320442,Auto Components & Equipments,Consumer Discretionary,15.0,93,Quarterly profit growth >= 25%; Sales growth >= 20% or 2+ strong quarters; ROE >= 20%,3
NSLNISP,-0.02668685187658162,-0.019320594479830255,0.33767738198667807,-0.31172101532469204,0.7687441860465116,0.0,0.0,0.4809481372177103,0.986598220105928,0.025179517258680034,0.03387438249823593,-0.04197503385083379,-0.02735597462621271,175008858.92000002,97.58382888238475,8.814282572907572,-2.4161711176152494,0.05356082924000277,3.0,,0.6199999999999999,1.0,0.4478518293608623,0.5599999999999987,20679.0,True,True,33.47403314917127,Iron & Steel,Commodities,41.0,93,"Uptrend (price > 50 > 150 > 200-day, 200-day rising); Within 15% of 52-week high; 3-year profit growth >= 15%/yr; ROE >= 20%; RS rating >= 80",5
NTPC,-0.027900137776017214,-0.045481049562682285,-0.12844403034739782,-0.30709945404225497,0.7788368725868726,0.0,0.0,-0.08769692561078077,1.4215938284391247,0.009532605241473657,0.011185006045949075,-0.03935161070449533,-0.013045297758104157,2488701175.3,12.878538788080252,7.811878842478448,-21.48628689976002,0.8587561338762487,0.0,16.21680575230331,0.6099999999999994,1.0,13.5577036657873,0.07000000000000028,20658.0,True,True,32.92707182320442,Power Generation,Utilities,75.0,93,"Uptrend (price > 50 > 150 > 200-day, 200-day rising); Within 15% of 52-week high; Quarterly profit growth >= 25%; Sales growth >= 20% or 2+ strong quarters; ROE >= 20%; RS rating >= 80",6
NTPCGREEN,-0.024959655970728866,-0.13105523735559654,-0.058384178413633414,-0.32180251136462606,0.7784076698624427,0.0,0.0,0.7640451813845611,1.0116539885629128,0.014614236219607913,0.03755972885876213,0.025318346137458647,-0.034588385793586675,202572061.70499998,38.27210856316625,62.72327663515678,53.750053901831336,0.8088800083490145,1.0,,-4.869999999999997,1.0,2.7471658317954124,0.1999999999999993,20656.0,True,True,34.34917127071823,Power Generation,Utilities,75.0,93,"Uptrend (price > 50 > 150 > 200-day, 200-day rising); Within 15% of 52-week high; 3-year profit growth >= 15%/yr; ROE >= 20%; RS rating >= 80",5
NUVAMA,0.06945308421375493,0.4090799517878665,0.4669566672243599,0.9053984572400969,0.7998547918683446,0.0,0.0,0.3773908453191315,1.7013370173957048,0.021186170568394898,0.031372549019607954,-0.05562038739851849,-0.02379588009776363,465832475.5,15.857507360528999,22.58673673896583,10.574980578495019,0.9379299215941416,0.0,41.60999139153496,-1.2899999999999991,1.0,25.236593059936908,2.25,20664.0,True,True,66.94806629834254,Stockbroking & Allied,Financial Services,21.0,93,"Uptrend (price > 50 > 150 > 200-day, 200-day rising); Within 15% of 52-week high; Quarterly profit growth >= 25%; RS rating >= 80",4
NUVOCO,-0.03343268046453734,-0.28481722359273376,0.0645968953430145,-0.6754038063790748,0.7458600132479577,0.0,0.0,0.08287115388448721,1.0256149376909884,0.025714820046774157,0.04155575273587675,0.006972494567177634,-0.02539690575535221,96666923.175,19.70911811908298,8.911825112263738,17.009061804339165,0.2906324663295272,0.0,0.03754828469326732,0.45999999999999996,1.0,3.8535645472061653,-0.5199999999999996,20647.0,True,True,31.286187845303868,Cement & Cement Products,Commodities,87.0,93,"Uptrend (price > 50 > 150 > 200-day, 200-day rising); Within 15% of 52-week high; Quarterly profit growth >= 25%; Sales growth >= 20% or 2+ strong quarters; 3-year profit growth >= 15%/yr; ROE >= 20%; RS rating >= 80",7
NYKAA,0.07253249019097092,0.4704892516091035,0.4585854370957647,1.2263308631986134,0.9154627378057503,0.0,0.0,-0.11529072951795365,0.8628791721428739,0.01574916316828984,0.025945945945945903,-0.03807711615519427,-0.023566968795912677,1373646505.0,225.01169487521048,29.098722006181134,-74.98830512478952,2.579857619179382,12.0,133.2476481909774,1.7300000000000002,1.0,14.186369958275383,0.060000000000002274,20668.0,True,True,67.71381215469613,E-Retail/ E-Commerce,Consumer Discretionary,18.0,93,"Uptrend (price > 50 > 150 > 200-day, 200-day rising); ROE >= 20%; RS rating >= 80",3
OBEROIRLTY,0.009736569790576247,0.12124849939976001,0.28208647906657514,0.21370700432388018,0.8890287498111878,0.0,0.0,0.2564881431671389,1.4352437144785906,0.017600309423665736,0.025449531797552716,-0.03407779237787434,-0.03175434677349053,613402178.1500001,29.011690625645127,31.72902637841124,-33.3497293020736,0.5361059360349748,2.0,13.236457142717795,-0.8799999999999955,1.0,13.988394152438344,-0.060000000000002274,20651.0,True,True,48.0232044198895,"Residential, Commercial Projects",Consumer Discretionary,53.0,93,"Uptrend (price > 50 > 150 > 200-day, 200-day rising); 3-year profit growth >= 15%/yr; ROE >= 20%; RS rating >= 80",4
OFSS,0.05281649899583703,0.37741652021089633,0.8050957247732835,0.5031128991698842,0.8476874003189793,0.0,0.0,-0.22670399360727225,1.7458002145105345,0.02187074805927759,0.02375215146299481,-0.07763485794014946,-0.04718219486658128,2600883762.5,120.47720671906643,68.72907893316057,89.75774238816274,6.192213932750556,2.0,23.41820839367914,10.630000000000003,1.0,33.71662194966143,1.3300000000000018,20656.0,True,True,62.90055248618785,Software Products,Information Technology,60.0,93,"Uptrend (price > 50 > 150 > 200-day, 200-day rising); Within 15% of 52-week high; RS rating >= 80",3
OIL,0.03884677357773761,0.19428995179829434,0.010774058577405876,0.35132353604505284,0.8449152542372881,0.0,0.0,0.3799385174043219,1.143885208545021,0.016002963782487244,0.01914893617021285,-0.04669727831169901,-0.031098285826997467,950716735.5,96.80144003406481,57.69776986275108,34.7864548993775,2.872902356169706,2.0,5.889968812842894,6.400000000000002,1.0,13.019189986034242,0.3099999999999987,20672.0,True,True,57.75911602209945,Oil Exploration & Production,Energy,24.0,93,"Uptrend (price > 50 > 150 > 200-day, 200-day rising); Within 15% of 52-week high; 3-year profit growth >= 15%/yr; ROE >= 20%; RS rating >= 80",5
OLECTRA,-0.09140515856426373,-0.23596648713345303,0.24465025591030964,-0.7385020708764545,0.6711242603550296,0.0,0.0,0.0964808893039773,1.0533531312733297,0.017470425922988506,0.0482254354255669,-0.11492684997612135,-0.03225441020414803,311077368.95,2.3217287790641805,65.74794078682102,-174.94085736888152,0.043074505014460314,0.0,38.14638092070353,-2.87,1.0,14.65798045602606,0.7399999999999993,20678.0,True,True,10.939226519337016,Passenger Cars & Utility Vehicles,Consumer Discretionary,91.0,93,"Uptrend (price > 50 > 150 > 200-day, 200-day rising); Within 15% of 52-week high; Quarterly profit growth >= 25%; ROE >= 20%; RS rating >= 80",5
OMAXE,0.14890133283944065,0.46055387479636956,0.8499631540162123,0.4903178551921775,0.7902656778745771,0.0,1.0,1.822577592733806,0.28219647085077737,0.04696774566723984,0.07141173697855274,0.03431053816941354,-0.043510701514130015,91064962.65,100.0,43.90943877551021,200.0,2.8570871223105203,1.0,-25.050660879350673,66.13999999999999,1.0,77.35849056603774,-1.0099999999999998,20677.0,True,True,83.79447513812154,"Residential, Commercial Projects",Consumer Discretionary,53.0,93,Within 15% of 52-week high; 3-year profit growth >= 15%/yr,2
ONEPOINT,0.18343324572804193,0.23601083032490977,0.29106764082017444,1.690006385586012,0.9864247311827956,1.0,1.0,1.5334866775755143,3.5508297165156284,0.021106676459033902,0.08243670886075938,0.2538569041574268,-0.08548448190865779,53746045.19,72.73282709260714,129.41602666280247,55.22414617963585,6.064296088288045,1.0,67.26091391925395,-3.379999999999999,1.0,8.501118568232663,-0.9800000000000004,20677.0,True,True,87.18563535911602,Business Process Outsourcing (BPO)/ Knowledge Process Outsourcing (KPO),Services,25.0,93,ROE >= 20%,1
ONESOURCE,-0.0447325291698987,-0.14743517790997873,0.049754681777347765,-0.34537892397339987,0.7904415584415584,0.0,0.0,0.19194823601743394,1.6642934444967408,0.017824417841908118,0.03262208962967761,-0.0354345932609742,-0.01758017729680132,279829966.0,300.0,37.201698903046406,395.3381038852814,0.2958579428370663,1.0,,5.7299999999999995,1.0,-1.2690790601955069,4.450000000000003,20658.0,True,True,27.566850828729283,Pharmaceuticals,Healthcare,17.0,93,"Uptrend (price > 50 > 150 > 200-day, 200-day rising); Within 15% of 52-week high; 3-year profit growth >= 15%/yr; ROE >= 20%; RS rating >= 80",5
ONGC,-0.01106838339362699,-0.020535789740556032,-0.1778684163858839,-0.19218914140620288,0.734308943089431,0.0,0.0,-0.07625069400115576,1.1761421362407798,0.010744711436569377,0.020060396893873955,-0.04834235399135667,-0.01551015103031145,2563966180.575,-43.631415396826135,25.67712730707632,-98.56291771612642,-1.086494480595872,0.0,-2.7496146295257873,-3.9099999999999997,1.0,13.393568031675668,0.05000000000000071,20669.0,True,True,39.81878453038674,Oil Exploration & Production,Energy,24.0,93,"Uptrend (price > 50 > 150 > 200-day, 200-day rising); Within 15% of 52-week high; Quarterly profit growth >= 25%; 3-year profit growth >= 15%/yr; ROE >= 20%; RS rating >= 80",6
OPTIEMUS,0.20563489965421475,-0.14427304568149646,0.83728,0.257233514812446,0.9025451125609828,1.0,1.0,1.3545907153579282,4.07000836906541,0.04487572624082205,0.19999999999999996,0.25924650232085145,-0.1383505347340526,105915113.5,45.74108931556893,102.82301596416676,45.778599888511096,1.7583801629601696,1.0,16.20693259900743,-0.94,1.0,8.494208494208493,1.4899999999999993,20669.0,True,True,90.68618784530386,Telecom -  Equipment & Accessories,Telecommunication,7.0,93,ROE >= 20%,1
ORCHPHARMA,0.13208518789910592,0.28758039917777345,0.9329086203464065,0.7336531492707284,0.8718845649322257,1.0,0.0,0.054406948876296574,1.4873826786384086,0.03213201222253069,0.09305850257653825,-0.006347614885450881,-0.050505217696966295,61868654.3,100.0,15.570500398951337,83.05606095095413,0.44453298267276187,1.0,-22.13692951593694,3.22,1.0,0.6583278472679395,0.4400000000000013,20679.0,True,True,81.16906077348065,Pharmaceuticals,Healthcare,17.0,93,"Uptrend (price > 50 > 150 > 200-day, 200-day rising); Sales growth >= 20% or 2+ strong quarters; 3-year profit growth >= 15%/yr; ROE >= 20%",4
ORIENTHOT,0.049254231752866084,0.020629909698260063,0.6099594672843083,0.09606040345631382,0.9567204301075269,0.0,1.0,1.0711629615728364,0.5279255442048916,0.034488208306478835,0.021673604133773505,0.04502658078989241,-0.013511758570402847,60278706.165,-20.14615667657934,3.557826288899202,-87.06953212972552,-0.19829657655518307,0.0,9.095262787896097,-1.4100000000000001,1.0,8.923884514435695,-0.009999999999999787,20642.0,True,True,61.36906077348066,Hotels & Resorts,Consumer Discretionary,54.0,93,Quarterly profit growth >= 25%; Sales growth >= 20% or 2+ strong quarters; 3-year profit growth >= 15%/yr; ROE >= 20%; RS rating >= 80,5
OSWALPUMPS,-0.21867187248464992,-0.626644526759484,-0.03626772172766235,-1.4550941061450406,0.3376582278481013,0.0,0.0,-0.27215250227425586,0.6159734867984644,0.023388105051718663,0.038925438596491224,-0.11082444157774918,-0.022912855451217164,133893654.85,-42.82439799306199,-7.858741122677316,-86.76616779516618,-4.635872254406003,0.0,,-6.990000000000002,1.0,22.341057635175282,-1.88,20673.0,True,True,0.10939226519337017,"Compressors, Pumps & Diesel Engines",Industrials,52.0,93,"Uptrend (price > 50 > 150 > 200-day, 200-day rising); Within 15% of 52-week high; Quarterly profit growth >= 25%; Sales growth >= 20% or 2+ strong quarters; 3-year profit growth >= 15%/yr; RS rating >= 80",6
PACEDIGITK,,,0.1298051606108479,,0.6897176115542143,0.0,0.0,0.42638311805460666,0.4834367685873289,0.022106465924590722,0.08317189719746865,-0.09224304145676898,-0.03495022027956809,101346587.11,14.229986989650945,51.291271657404394,-73.95158162648839,0.22629860481281466,0.0,,-3.6500000000000004,1.0,13.910285455369278,-0.21000000000000085,20670.0,True,True,,Telecom - Infrastructure,Telecommunication,,93,"Uptrend (price > 50 > 150 > 200-day, 200-day rising); Within 15% of 52-week high; Quarterly profit growth >= 25%; 3-year profit growth >= 15%/yr; ROE >= 20%; RS rating >= 80",6
PAGEIND,-0.04604723510076636,-0.16316035530621786,0.12560918094639217,-0.6117200626945984,0.8296659445901265,0.0,0.0,-0.2966845777649363,3.068597493793245,0.015777814553691445,0.03940605368360939,-0.023918490420263616,-0.030611372238796175,734061695.0,-3.9946801251547814,7.891019019262324,-12.951835559694812,-0.3612210815299334,0.0,14.371291756288018,-1.6799999999999997,1.0,50.86551264980027,0.3400000000000034,20679.0,True,True,26.80110497237569,Garments & Apparels,Consumer Discretionary,16.0,93,"Uptrend (price > 50 > 150 > 200-day, 200-day rising); Within 15% of 52-week high; Quarterly profit growth >= 25%; Sales growth >= 20% or 2+ strong quarters; 3-year profit growth >= 15%/yr; RS rating >= 80",6
PAISALO,0.21448366002072983,0.6777168494516452,0.9606757937663852,2.0486330350567985,0.8053330522765598,1.0,1.0,0.24470030938302723,2.666672938288001,0.025861795526749207,0.07165991902834001,0.021237353149516913,-0.07003759017972963,775327431.22,29.93603471716093,19.011476384253136,-28.06465234834632,1.7418552321276959,2.0,30.266193288810108,1.9800000000000004,1.0,13.218070273284996,-10.77,20670.0,True,True,91.12375690607735,Non Banking Financial Company (NBFC),Financial Services,38.0,93,Within 15% of 52-week high; ROE >= 20%,2
PANAMAPET,0.16811411890459568,0.6261859582542695,0.8808858739026337,1.3307248344569018,0.8076217478318879,0.0,1.0,-0.1294862202488029,0.33655880137484734,0.03428652924654411,0.03330858173331919,0.009716632957317728,-0.027944810473568955,105839198.85,300.0,150.3029341334641,239.48181001324767,20.51200595189808,2.0,30.730550170378045,11.65,1.0,14.431586113002043,0.4400000000000013,20663.0,True,True,85.65414364640884,Lubricants,Energy,2.0,93,Within 15% of 52-week high; ROE >= 20%,2
PARACABLES,0.10513061726814052,0.3881453154875718,1.1297262059973927,0.32972281793369806,0.7445178335535007,0.0,0.0,-0.08925575354512452,1.0979723353608826,0.025667512537890545,0.05243103185490017,-0.1102775883407845,-0.05301083992744144,87804568.58,6.475806556256747,17.352367441035632,-2.9313494064591383,0.14506592613797517,0.0,3.307243677728011,-0.37999999999999945,1.0,7.712082262210797,3.9600000000000004,20679.0,True,True,76.68397790055249,Cables - Electricals,Industrials,6.0,93,"Uptrend (price > 50 > 150 > 200-day, 200-day rising); Within 15% of 52-week high; Quarterly profit growth >= 25%; Sales growth >= 20% or 2+ strong quarters; 3-year profit growth >= 15%/yr; ROE >= 20%; RS rating >= 80",7
PARADEEP,0.014914751912355168,-0.07885345919189601,0.43340797133900577,-0.27015916627708486,0.7638001881281251,0.0,0.0,1.2786433260599144,0.25758624273154435,0.025139612591222587,0.047466630345954774,0.01774657661663226,-0.018293232406499528,408087805.365,18.772470471441437,35.98867547463085,29.300378535451664,0.5807532274333064,0.0,107.81097066930876,-0.8900000000000006,1.0,14.683768244139761,-0.6799999999999997,20662.0,True,True,50.21104972375691,Fertilizers,Commodities,59.0,93,"Uptrend (price > 50 > 150 > 200-day, 200-day rising); Within 15% of 52-week high; Quarterly profit growth >= 25%; ROE >= 20%; RS rating >= 80",5
PARAGMILK,0.04279849690488333,-0.1255241630576751,0.33757426002838953,-0.1408039455596477,0.7206526064464783,0.0,0.0,0.6796897589011776,2.1085350234734834,0.02883921059314288,0.06722189173111248,0.13161095744326312,-0.02731265849872005,213233132.69,-20.228050434720068,10.927517850432178,-43.40703410407587,-0.8196192894358826,0.0,27.851022577631813,-0.9100000000000001,1.0,10.722795869737887,-0.7599999999999998,20671.0,True,True,59.29060773480663,Dairy Products,Fast Moving Consumer Goods,19.0,93,"Uptrend (price > 50 > 150 > 200-day, 200-day rising); Within 15% of 52-week high; Quarterly profit growth >= 25%; Sales growth >= 20% or 2+ strong quarters; ROE >= 20%; RS rating >= 80",6
PARAS,0.19442963694294255,1.0096774193548388,1.2895262443077415,1.6416095321425828,0.8271293375394322,0.0,0.0,0.2868338121369949,0.5842043363058339,0.027200947828224627,0.05265389780196483,-0.03729367169290909,-0.03970836517348158,1196203457.6999998,45.325896700510505,37.25721643953215,-30.553556748193593,1.3112385548592251,4.0,38.91432681798326,0.9000000000000004,1.0,12.275862068965518,5.0299999999999985,20672.0,True,True,88.93591160220994,Aerospace & Defense,Industrials,26.0,93,"Uptrend (price > 50 > 150 > 200-day, 200-day rising); Within 15% of 52-week high; ROE >= 20%",3
PATANJALI,-0.11865248897685333,-0.424808269423141,-0.27589463742260467,-1.3735657517722655,0.5911570718996825,0.0,0.0,0.40431876751577783,0.8003547244846675,0.02785645360584005,0.07956403269754775,0.017972971836081042,-0.07363534676064884,916244158.6500001,85.83902695255354,29.333917406169043,-7.340008972564036,1.0468850913484444,4.0,-7.246982917678546,0.8999999999999999,1.0,13.850500114530046,-1.6799999999999997,20679.0,True,True,5.0320441988950275,Edible Oil,Fast Moving Consumer Goods,80.0,93,"Uptrend (price > 50 > 150 > 200-day, 200-day rising); Within 15% of 52-week high; 3-year profit growth >= 15%/yr; ROE >= 20%; RS rating >= 80",5
PATELENG,-0.08802617799707346,-0.27664516129032257,0.19276595744680858,-0.7562745769759265,0.6794246082712561,0.0,0.0,0.03370497162282038,1.4316585324954045,0.019862853272136466,0.042718446601941906,-0.04518150576140023,-0.02571571449074325,71641725.97999999,21.71999468079322,3.833961652276141,29.08703413860745,0.5536227881509854,1.0,32.96557417182739,1.1300000000000008,1.0,6.058558558558558,-0.9900000000000002,20675.0,True,True,11.814364640883978,Civil Construction,Industrials,81.0,93,"Uptrend (price > 50 > 150 > 200-day, 200-day rising); Within 15% of 52-week high; Quarterly profit growth >= 25%; Sales growth >= 20% or 2+ strong quarters; ROE >= 20%; RS rating >= 80",6
PAYTM,0.17066529498931596,0.45590978463625564,0.7021213322759714,1.0704952365849865,0.9043384532471032,0.0,1.0,0.6978555803334404,1.1342068325860175,0.02799041524583076,0.04929098128190579,0.05213788398643637,-0.03654273907456154,5230614434.5,57.612668874399844,27.632950990615225,-42.387331125600156,0.1737547391927795,5.0,,1.71,1.0,3.4444028453762634,0.4800000000000182,20654.0,True,True,85.87292817679558,Financial Technology (Fintech),Financial Services,58.0,93,3-year profit growth >= 15%/yr; ROE >= 20%,2
PCBL,-0.011936120750985095,-0.19243504839531334,0.24065740559577375,-0.33622347792210544,0.8403553299492387,0.0,0.0,0.3780739242755817,0.44782756850293143,0.03106710498924224,0.03878902554399222,0.016757614934145737,-0.028250978890376564,308936310.1,64.58420588417404,16.9967597738937,121.28333977224057,1.7577999049477842,1.0,-14.628668579076653,1.8099999999999996,1.0,4.942586120818772,0.5,20663.0,True,True,39.27182320441989,Carbon Black,Commodities,,93,"Uptrend (price > 50 > 150 > 200-day, 200-day rising); Within 15% of 52-week high; Sales growth >= 20% or 2+ strong quarters; 3-year profit growth >= 15%/yr; ROE >= 20%; RS rating >= 80",6
PENIND,-0.01601571302055227,-0.32130893046817555,0.21689129797831797,-0.5447657661907374,0.6573776348695963,0.0,0.0,0.16319715755934397,2.876457733453984,0.020862501884026458,0.05265878029171933,0.10127939937179198,-0.032639752722469356,58683112.41,10.823164351136283,2.926673525133916,-4.230976308100942,3.1791175231483417,0.0,19.640124176750206,0.2900000000000005,1.0,11.951848667239897,0.5500000000000007,20677.0,True,True,37.52154696132597,Industrial Products,Industrials,4.0,93,"Uptrend (price > 50 > 150 > 200-day, 200-day rising); Within 15% of 52-week high; Quarterly profit growth >= 25%; Sales growth >= 20% or 2+ strong quarters; ROE >= 20%; RS rating >= 80",6
PERSISTENT,0.0446609146271276,0.06755080622078036,0.1417812971958039,0.021285563808928803,0.7999696923776329,0.0,0.0,0.3690984345693107,1.1748715783374832,0.018703281823102776,0.036732505138975746,-0.037387792494432914,-0.01995803770119274,2242575990.0,13.697769742318089,29.086960304056575,-20.010609284696024,1.8308082394509941,0.0,27.496963903458614,-1.5199999999999996,1.0,23.7943352896147,-1.5399999999999991,20647.0,True,True,60.38453038674034,Computers - Software & Consulting,Information Technology,82.0,93,"Uptrend (price > 50 > 150 > 200-day, 200-day rising); Within 15% of 52-week high; Quarterly profit growth >= 25%; RS rating >= 80",4
PETRONET,0.015971988840786034,0.08932777677115422,0.22095857026807497,0.1044452875229323,0.8716299019607844,0.0,0.0,0.6509096002386281,1.615098620387419,0.013765699860884942,0.03228082554242384,-0.0014075064671588144,-0.010524333610823632,435214017.3,35.006323784115125,-53.21628369357888,9.786777274868033,1.19147300944232,2.0,7.149430678133828,13.370000000000001,1.0,17.558896118465338,-0.11999999999999744,20677.0,True,True,50.648618784530385,LPG/CNG/PNG/LNG Supplier,Energy,70.0,93,"Uptrend (price > 50 > 150 > 200-day, 200-day rising); 3-year profit growth >= 15%/yr; ROE >= 20%; RS rating >= 80",4
PFC,-0.08459248914867591,-0.18551707435214326,-0.15075757575757576,-0.7458288391896417,0.6690647482014388,0.0,0.0,-0.5238156210106609,1.5644630774865043,0.016673546335114583,0.029232995658466043,-0.12346606561482576,-0.027997123261426355,2739996118.375,0.17966075272066728,-0.04267838021181358,-2.68798788899991,0.02995341118810279,0.0,14.229065052190371,0.07000000000000028,1.0,25.308405024800358,0.3500000000000014,20672.0,True,True,13.01767955801105,Financial Institution,Financial Services,79.0,93,"Uptrend (price > 50 > 150 > 200-day, 200-day rising); Within 15% of 52-week high; Quarterly profit growth >= 25%; Sales growth >= 20% or 2+ strong quarters; 3-year profit growth >= 15%/yr; RS rating >= 80",6
PFIZER,-0.07485681897256796,-0.067966573816156,-0.001619778346121148,-0.9701858438390161,0.6946849511517433,0.0,0.0,-0.28084726997527776,3.2351167047409746,0.014662863891030916,0.008320007995202827,-0.14851888911300337,-0.017948964083504656,127810857.69999999,6.608080830203278,8.311085316308775,9.249058559961998,0.5399767194848741,0.0,11.389124299434084,-0.5,1.0,17.178206043302403,-0.25,20679.0,True,True,16.408839779005525,Pharmaceuticals,Healthcare,17.0,93,"Uptrend (price > 50 > 150 > 200-day, 200-day rising); Within 15% of 52-week high; Quarterly profit growth >= 25%; Sales growth >= 20% or 2+ strong quarters; 3-year profit growth >= 15%/yr; ROE >= 20%; RS rating >= 80",7
PFOCUS,0.18613161865224598,0.46881390593047034,-0.12154104876930127,1.1515488098603541,0.8610354223433242,0.0,1.0,0.39218423046579504,2.6700037117280426,0.03186286436543026,0.052631578947368585,0.048904857026965454,-0.0482280552545205,240801022.94,-94.15319519783675,23.814689928163023,-92.85189414558138,-0.6681895035577621,0.0,7.595064468366974,-10.290000000000001,1.0,14.408808042125418,-0.34999999999999964,20671.0,True,True,87.51381215469613,Media & Entertainment,Consumer Discretionary,39.0,93,Quarterly profit growth >= 25%; 3-year profit growth >= 15%/yr; ROE >= 20%,3
PGEL,-0.04207065959283505,0.04084557506270148,0.19057377049180335,-0.27077597508851026,0.7657510862818125,0.0,0.0,-0.008443291889288808,1.325432131705056,0.01893850895556573,0.015165192272973416,-0.13813279863624295,-0.03263185739477917,605115798.5,13.974880204478923,35.25019117598165,69.26885876559692,0.19748744828211667,0.0,29.46018848522791,-0.7000000000000002,1.0,6.461134798294522,-0.4099999999999966,20671.0,True,True,28.004419889502763,Consumer Electronics,Consumer Discretionary,89.0,93,"Uptrend (price > 50 > 150 > 200-day, 200-day rising); Within 15% of 52-week high; Quarterly profit growth >= 25%; ROE >= 20%; RS rating >= 80",5
PGHH,-0.16489412134894488,-0.40487022673031026,-0.12677828846574746,-2.457430052298839,0.46857123164932113,0.0,0.0,-1.721382303171381,2.339427021359805,0.009864934804712724,0.013853736512588144,-0.1532748714997939,-0.04380819842928239,101234050.25,-34.286022026522275,-4.86323810336915,-32.408939819222276,-1.285602267519393,0.0,5.252428176874258,-6.34,1.0,113.67861885790174,-0.370000000000001,20679.0,True,True,1.4220994475138122,Personal Care,Fast Moving Consumer Goods,71.0,93,"Uptrend (price > 50 > 150 > 200-day, 200-day rising); Within 15% of 52-week high; Quarterly profit growth >= 25%; Sales growth >= 20% or 2+ strong quarters; 3-year profit growth >= 15%/yr; RS rating >= 80",6
PGHL,-0.038010483407507414,-0.08298887122416532,0.18746654588874723,-0.46488166052575863,0.7975627240143369,0.0,0.0,-0.48845860139704755,6.358858962819359,0.017262671551904953,0.054912491897398,-0.05606912092088823,-0.013997316614201914,51605612.25,9.514468060907767,7.371435319123809,-45.153260577743005,0.35134358623015605,0.0,13.243270722603917,0.39000000000000057,1.0,62.28571428571429,-1.1000000000000014,20679.0,True,True,29.207734806629837,Pharmaceuticals,Healthcare,17.0,93,"Uptrend (price > 50 > 150 > 200-day, 200-day rising); Within 15% of 52-week high; Quarterly profit growth >= 25%; Sales growth >= 20% or 2+ strong quarters; 3-year profit growth >= 15%/yr; RS rating >= 80",6
PGIL,0.20283449288820024,0.8137514723203769,0.7698441203936501,1.7616637454675825,0.944178510936004,1.0,1.0,0.9720628883427407,1.5677654156370693,0.030439617596851355,0.08862666331910618,0.10741808595727176,-0.05539125121807628,167669583.55,54.18085966026271,24.45924815948921,23.73854785784961,6.530096737303942,2.0,27.02697597954007,1.2799999999999994,1.0,18.493150684931507,0.6999999999999993,20636.0,True,True,89.81104972375691,Garments & Apparels,Consumer Discretionary,16.0,93,ROE >= 20%,1
PHOENIXLTD,0.042595550171073755,0.168152474638795,0.2654855468229651,0.7236994659823747,0.8917872614987555,0.0,1.0,-0.4538215324468766,1.1633487414793802,0.015588763243137072,0.02721124660525054,0.003636952097212376,-0.024298955891320098,767579846.2,22.94725257085828,12.796566595662085,-16.680563792140358,1.2383429304581073,2.0,19.224848902148818,3.030000000000001,1.0,14.16871416871417,0.0,20662.0,True,True,59.181215469613264,"Residential, Commercial Projects",Consumer Discretionary,53.0,93,Quarterly profit growth >= 25%; ROE >= 20%; RS rating >= 80,3
PICCADIL,-0.045411166481499676,-0.1445312499999999,0.18854683260035565,-0.49887097688383525,0.7315672471285661,0.0,0.0,-0.4558452885129971,0.40842868564880086,0.028219487779613743,0.039918809201623606,-0.11426550652170331,-0.016686623447703122,108796906.19999999,16.333440750338333,17.423215370950395,4.249042770920484,0.36780074816147224,0.0,76.1741052928222,-0.08000000000000007,1.0,15.316315205327413,0.1399999999999999,20676.0,True,True,27.01988950276243,Breweries & Distilleries,Fast Moving Consumer Goods,47.0,93,"Uptrend (price > 50 > 150 > 200-day, 200-day rising); Within 15% of 52-week high; Quarterly profit growth >= 25%; Sales growth >= 20% or 2+ strong quarters; ROE >= 20%; RS rating >= 80",6
PIDILITIND,-0.01471360033071165,0.13321694755925617,0.2835196592896798,-0.07191350179169444,0.8580380673499267,0.0,0.0,0.2385308255803722,1.3448386226119813,0.01535576965925366,0.014923410689632544,-0.09148973112411962,-0.027467029196877074,1172902584.0,28.72403122586713,21.274413151794526,-3.591500669927065,5.942386901103422,2.0,23.951647356855176,1.1099999999999994,1.0,22.812038404726735,0.18999999999999773,20641.0,True,True,38.177900552486186,Specialty Chemicals,Commodities,37.0,93,"Uptrend (price > 50 > 150 > 200-day, 200-day rising); RS rating >= 80",2
PIIND,-0.10796972650044433,-0.34635115009101447,-0.15682368009107728,-1.2703069641458726,0.6026768243366641,0.0,0.0,-0.18715749426138506,1.629563931377053,0.019065965787446317,0.037987768110948394,-0.08036056235752553,-0.02413212494997225,413424909.0,-38.9384216305123,-10.42883451723231,0.05173131312898249,-2.1104366280208264,0.0,-7.164526871090882,-6.700000000000001,1.0,11.76313446126447,-0.740000000000002,20655.0,True,True,7.001104972375691,Pesticides & Agrochemicals,Commodities,93.0,93,"Uptrend (price > 50 > 150 > 200-day, 200-day rising); Within 15% of 52-week high; Quarterly profit growth >= 25%; Sales growth >= 20% or 2+ strong quarters; 3-year profit growth >= 15%/yr; ROE >= 20%; RS rating >= 80",7
PINELABS,,,0.016483856974654598,,0.6048943661971831,0.0,0.0,0.40882328344731106,1.0170558268981595,0.03710709393821066,0.16746549633308305,0.0374130557397403,-0.06004214441259262,3397095017.335,300.0,19.64735107402056,200.0,,5.0,,1.8800000000000001,1.0,1.9165535956580733,17.700000000000003,20662.0,True,True,,Financial Technology (Fintech),Financial Services,58.0,93,"Uptrend (price > 50 > 150 > 200-day, 200-day rising); Within 15% of 52-week high; 3-year profit growth >= 15%/yr; ROE >= 20%; RS rating >= 80",5
PIRAMALFIN,,,0.24070977832910856,,0.8785677441540578,0.0,0.0,-0.11075955732309146,4.779480396751861,0.01795998266655963,0.023942574167461927,-0.05171029909703917,-0.03779488501058068,621293289.65,66.871870255607,27.622241166998208,166.871870255607,0.15232097056905217,1.0,39.79191592985607,3.219999999999999,1.0,5.350291317322723,2.8500000000000014,20650.0,True,True,,Housing Finance Company,Financial Services,85.0,93,"Uptrend (price > 50 > 150 > 200-day, 200-day rising); ROE >= 20%; RS rating >= 80",3
PITTIENG,0.07711271610404105,0.0945832302745484,0.5242129916649443,0.31905393595638304,0.9279315960912052,0.0,1.0,0.9445219518985113,0.6853735442509563,0.023178665408950423,0.08415522167941747,0.07465631274526352,-0.019960932006408656,87032427.20000002,29.07084901512902,15.886192395304022,55.45237616159399,0.7117478802405905,1.0,26.762006461562816,0.5700000000000003,1.0,11.955420466058763,0.28999999999999915,20675.0,True,True,68.9171270718232,Industrial Products,Industrials,4.0,93,Sales growth >= 20% or 2+ strong quarters; ROE >= 20%; RS rating >= 80,3
PNB,0.01348948739566294,0.007052807899144753,0.08655949776467242,-0.012046654519676786,0.836551979282279,0.0,0.0,0.23585908951347745,1.9210706082410034,0.01404446518847771,0.018308631211856996,-0.018082020461690718,-0.017640339028779376,1333835015.125,169.35721896653226,3.121790796052948,157.5840040488166,2.398332550156229,1.0,70.67774903432411,10.72,1.0,12.313549772292346,-0.45000000000000284,20652.0,True,True,49.44530386740331,Public Sector Bank,Financial Services,57.0,93,"Uptrend (price > 50 > 150 > 200-day, 200-day rising); Within 15% of 52-week high; Sales growth >= 20% or 2+ strong quarters; ROE >= 20%; RS rating >= 80",5
PNBHOUSING,0.07127255979466136,0.2881412952060556,0.44554206254325823,0.7944986652586091,0.9244737928188197,0.0,0.0,0.3783640702017195,1.172755981088544,0.016895816262694586,0.03239929947460585,-0.00987298084811461,-0.025747964292501237,964900900.75,4.441608442847489,9.023124978926923,-14.71362249602992,0.7713910237858748,0.0,25.96442584180172,-1.0799999999999983,1.0,11.91987513007284,1.8499999999999943,20659.0,True,True,67.38563535911602,Housing Finance Company,Financial Services,85.0,93,"Uptrend (price > 50 > 150 > 200-day, 200-day rising); Quarterly profit growth >= 25%; Sales growth >= 20% or 2+ strong quarters; ROE >= 20%; RS rating >= 80",5
PNCINFRA,-0.19636979364054077,-0.3849297155933311,0.1101604909133822,-1.4258443238184786,0.4282315112540193,0.0,0.0,-1.158000137585271,1.5272288406113703,0.033697855404314726,0.03800952097590016,-0.3157863370987861,-0.12900817047274016,105704799.13,103.58501855349012,18.671633398931696,68.64404269765421,0.6926533242262075,2.0,0.4460546670586263,8.2,1.0,12.211947746954351,-0.620000000000001,20673.0,True,True,0.4375690607734807,Civil Construction,Industrials,81.0,93,"Uptrend (price > 50 > 150 > 200-day, 200-day rising); Within 15% of 52-week high; 3-year profit growth >= 15%/yr; ROE >= 20%; RS rating >= 80",5
PNGJL,0.0006150938915663751,-0.06531134944773498,0.05520918044637191,-0.16193278825572005,0.8013986963606735,0.0,0.0,0.07267080051892821,1.1784561186997098,0.018345652115645462,0.030105708245242946,-0.046816854455240975,-0.01629672968578427,265656765.325,52.230301155115534,40.73464912280702,6.316418850493925,1.4123273904919988,5.0,,0.33000000000000007,1.0,20.88639836984208,7.369999999999999,20661.0,True,True,44.30386740331492,"Gems, Jewellery And Watches",Consumer Discretionary,11.0,93,"Uptrend (price > 50 > 150 > 200-day, 200-day rising); Within 15% of 52-week high; 3-year profit growth >= 15%/yr; RS rating >= 80",4
POCL,-0.04511788577301397,-0.0405018198714473,0.1545988258317026,-0.27664615637338097,0.6989654107473748,0.0,0.0,-0.6964528878554822,0.9896767621897926,0.02110828085718658,0.04043188605559367,-0.07836869324428886,-0.02737566272569259,188574323.925,42.469073501563216,55.083522717847465,-86.80909818386458,1.4511655013250628,9.0,50.26859372643446,-0.33999999999999986,1.0,16.751269035532996,1.2699999999999996,20669.0,True,True,27.1292817679558,Diversified Metals,Commodities,,93,"Uptrend (price > 50 > 150 > 200-day, 200-day rising); Within 15% of 52-week high; ROE >= 20%; RS rating >= 80",4
POLICYBZR,-0.15142912260962157,0.04074156305506227,0.2849506578947367,-0.8186496391433524,0.5416454536197943,0.0,0.0,-1.535107693706988,15.98316505464301,0.05168600454442367,0.05247695852534551,-0.36384227545826786,-0.3065507886275835,1812746643.0,92.50006248983209,40.08115787209103,38.676860455263395,2.5260700608948046,11.0,,2.3500000000000005,1.0,9.163019693654267,1.0500000000000114,20670.0,True,True,2.0784530386740334,Financial Technology (Fintech),Financial Services,58.0,93,"Uptrend (price > 50 > 150 > 200-day, 200-day rising); Within 15% of 52-week high; 3-year profit growth >= 15%/yr; ROE >= 20%; RS rating >= 80",5
POLYCAB,-0.008616398414757129,0.23950131233595795,0.33649356162445176,0.1731795238004938,0.792613075251827,0.0,0.0,-0.3535792000312509,4.656240456923561,0.01760449947909599,0.02332947554364373,-0.08867118129834273,-0.016129132590957683,2400386770.5,32.84419897561621,39.00707418582521,25.87268991001925,2.0698940290042596,1.0,25.670475378456594,-0.45000000000000107,1.0,22.549754350903488,0.46000000000000085,20650.0,True,True,41.13149171270718,Cables - Electricals,Industrials,6.0,93,"Uptrend (price > 50 > 150 > 200-day, 200-day rising); Within 15% of 52-week high; RS rating >= 80",3
POLYMED,-0.011237353249374412,-0.09898100261150089,0.43045280871473857,-0.33461862169473267,0.79921692212195,0.0,0.0,0.5897823787386889,1.3727513794864485,0.01952106180736112,0.017693196327597693,-0.02916901089850299,-0.01894373319189255,189074774.0,-8.372685713612704,30.299347734431194,20.786099329949938,-0.4256401264721972,0.0,13.910086047120785,-6.849999999999998,1.0,10.33483580167418,0.11999999999999744,20672.0,True,True,39.6,Medical Equipment & Supplies,Healthcare,,93,"Uptrend (price > 50 > 150 > 200-day, 200-day rising); Within 15% of 52-week high; Quarterly profit growth >= 25%; 3-year profit growth >= 15%/yr; ROE >= 20%; RS rating >= 80",6
POLYPLEX,0.02159031861409208,0.08955223880596996,0.5196607555898225,-0.08362890385506615,0.8346518987341772,0.0,0.0,0.1124721012690807,0.5670695240056788,0.01972357568452019,0.026313351246178174,-0.07477972303026748,-0.024765102782534066,59529333.65,100.0,29.61746622418284,0.0,2.112479787715425,2.0,-2.607228005677953,11.03,1.0,0.9669811320754716,0.25,20676.0,True,True,52.50828729281768,Packaging,Industrials,23.0,93,"Uptrend (price > 50 > 150 > 200-day, 200-day rising); Within 15% of 52-week high; 3-year profit growth >= 15%/yr; ROE >= 20%; RS rating >= 80",5
POONAWALLA,-0.01557652426625163,-0.03965213790247435,0.20608503445585757,-0.22252742514852392,0.7781381486676018,0.0,0.0,-0.050407314429231104,1.1224666811685258,0.02232500727300606,0.10767097966728278,-0.05512565327997099,-0.037169458909241275,436131660.57500005,300.0,77.34194844631155,0.0,0.6060714454886128,4.0,6.099981093564399,8.450000000000001,1.0,5.237220987535028,5.349999999999998,20637.0,True,True,37.63093922651934,Non Banking Financial Company (NBFC),Financial Services,38.0,93,"Uptrend (price > 50 > 150 > 200-day, 200-day rising); Within 15% of 52-week high; 3-year profit growth >= 15%/yr; ROE >= 20%; RS rating >= 80",5
POWERGRID,-0.037146213027183156,-0.08679833679833682,-0.10812182741116749,-0.45281327603652327,0.8016617941221726,0.0,0.0,-0.2865409198855631,2.7789332833492897,0.012352365252832502,0.024834123222748916,-0.03869927339687895,-0.013929240730691449,2158245952.8,-0.8940064648586321,2.6839415445570003,-10.625224013306001,-0.14405109596112628,0.0,1.464467799675484,-1.129999999999999,1.0,15.849702469799192,-0.11999999999999744,20668.0,True,True,29.645303867403314,Power - Transmission,Utilities,,93,"Uptrend (price > 50 > 150 > 200-day, 200-day rising); Within 15% of 52-week high; Quarterly profit growth >= 25%; Sales growth >= 20% or 2+ strong quarters; 3-year profit growth >= 15%/yr; ROE >= 20%; RS rating >= 80",7
POWERINDIA,0.09837114254822074,0.7773098183732561,0.36763216528256026,1.369764116791229,0.7897383008895191,0.0,0.0,0.0345071694696591,3.3588660242789974,0.024200449000668735,0.047070124879923236,-0.05671707979563745,-0.02088387507648803,2813243902.5,123.56080019996641,68.61789167624586,43.79953240605619,2.3469172815359536,11.0,132.42215961243593,2.9000000000000004,1.0,19.088098918083464,0.129999999999999,20679.0,True,True,75.04309392265193,Heavy Electrical Equipment,Industrials,34.0,93,"Uptrend (price > 50 > 150 > 200-day, 200-day rising); Within 15% of 52-week high; ROE >= 20%; RS rating >= 80",4
POWERMECH,-0.016845086934031903,-0.12134941102669561,0.38284335234752076,-0.3431354532575868,0.8280964256026601,0.0,1.0,0.1563420160599828,4.474889046039797,0.018280523276501228,0.038920407141665336,0.003774077680546384,-0.020959970087833058,122494642.3,10.825288281032153,25.53482654378736,-7.45925973268251,0.7535983349733393,0.0,24.314940436506195,-0.7300000000000004,1.0,16.355696705041684,0.4800000000000004,20673.0,True,True,37.193370165745854,Civil Construction,Industrials,81.0,93,Within 15% of 52-week high; Quarterly profit growth >= 25%; ROE >= 20%; RS rating >= 80,4
PPLPHARMA,0.06453393822703687,0.07183922411638255,0.49345221510169957,0.09564963787951453,0.8904410813607554,0.0,0.0,0.8862955532295917,0.8910921896722155,0.020929559234558352,0.03168533187653644,-0.004094151006177493,-0.02017053956224877,816754407.5699999,-25.01778875343489,17.386784988441907,74.98221124656511,0.39090549447381945,0.0,-33.57708958363569,1.77,0.0,-3.9941190884587114,-18.700000000000003,20638.0,True,True,65.74475138121547,Pharmaceuticals,Healthcare,17.0,93,"Uptrend (price > 50 > 150 > 200-day, 200-day rising); Quarterly profit growth >= 25%; Sales growth >= 20% or 2+ strong quarters; 3-year profit growth >= 15%/yr; ROE >= 20%; RS rating >= 80",6
PRAJIND,-0.06754100962317602,-0.09583278559221786,0.08588569624250075,-0.4847266743495641,0.7151876534549282,0.0,0.0,0.5336226785962445,0.4668857182490803,0.01781626440680947,0.021225710014947774,-0.06429832317119788,-0.01947418428732933,156630213.95,118.23534061268508,11.811933770696648,192.5610729460582,0.3134219086078649,1.0,-41.88093074479527,0.7900000000000001,1.0,1.8334606569900689,1.4200000000000017,20656.0,True,True,19.14364640883978,Industrial Products,Industrials,4.0,93,"Uptrend (price > 50 > 150 > 200-day, 200-day rising); Within 15% of 52-week high; Sales growth >= 20% or 2+ strong quarters; 3-year profit growth >= 15%/yr; ROE >= 20%; RS rating >= 80",6
PRECWIRE,0.2723832327100242,1.8071733940369774,0.6775049767750501,2.8341056135755203,0.9381787007048962,0.0,1.0,0.6631770838487174,1.7403215585648124,0.04116171285400854,0.06488592097941015,0.1147682744351457,-0.042579875875455746,212340687.975,72.7835642238787,-6.160650464617579,50.33019152833617,1.1073603000452266,3.0,-6.838401491407353,1.0599999999999998,1.0,20.077720207253886,0.8600000000000001,16951.0,True,True,94.29613259668508,"Aluminium, Copper & Zinc Products",Industrials,,93,3-year profit growth >= 15%/yr,1
PREMEXPLN,0.06769245221396356,0.12654032463669562,0.6323112917128431,0.3104051241339668,0.824415521812485,0.0,1.0,-0.06725091434780035,1.8836769461670562,0.012703632288540196,0.021786656615152777,0.027373087660860218,-0.008396974001549887,124069647.94999999,-83.3373814701479,-27.85086176574042,-158.9753521716222,-2.4956450185740784,0.0,35.18501577104827,-9.99,1.0,15.916955017301039,0.6899999999999995,20678.0,True,True,66.18232044198895,Explosives,Commodities,,93,Within 15% of 52-week high; Quarterly profit growth >= 25%; Sales growth >= 20% or 2+ strong quarters; ROE >= 20%; RS rating >= 80,5
PREMIERENE,-0.056811127774632555,0.023657825850743164,0.1594316401879614,-0.40723971714938156,0.7672839506172839,0.0,0.0,-0.14102207180729326,2.6984693530385386,0.020084460341188066,0.02499999999999991,-0.12114129413737318,-0.04052147343802329,891614096.5,53.339124159999194,35.25215022463395,-11.07619247847429,5.334646289217041,13.0,,2.2600000000000016,1.0,35.0592059438124,6.48,20671.0,True,True,22.206629834254144,Other Electrical Equipment,Industrials,50.0,93,"Uptrend (price > 50 > 150 > 200-day, 200-day rising); Within 15% of 52-week high; 3-year profit growth >= 15%/yr; RS rating >= 80",4
PRESTIGE,-0.013833862795160749,0.01750887905788523,0.39239427012278316,-0.22665487946148313,0.8209062707733216,0.0,0.0,-0.24059604073119353,2.3524683125393655,0.021729556761754785,0.045432098765432194,-0.0539127370325585,-0.026550148481279127,779357689.2,-12.829762541113476,15.940709920686501,-312.8297625411135,-0.13065979518004084,0.0,6.5294045065865,-3.3499999999999996,1.0,8.019418668960855,-0.01999999999999602,20663.0,True,True,38.61546961325967,"Residential, Commercial Projects",Consumer Discretionary,53.0,93,"Uptrend (price > 50 > 150 > 200-day, 200-day rising); Within 15% of 52-week high; Quarterly profit growth >= 25%; Sales growth >= 20% or 2+ strong quarters; 3-year profit growth >= 15%/yr; ROE >= 20%; RS rating >= 80",7
PRICOLLTD,0.11675338959803955,0.4765625,0.5291262135922332,0.9704742043605149,0.9083839611178615,0.0,0.0,0.4273426374840606,0.6245227018000794,0.021336608480367805,0.02947539210383976,-0.0026507930366987953,-0.012688959017338472,248566312.7,34.327402538554,23.465945897647835,-75.26206000002146,1.2833375530166127,4.0,27.733394086282836,0.4899999999999993,1.0,20.0,-2.3099999999999987,20649.0,True,True,78.54364640883978,Auto Components & Equipments,Consumer Discretionary,15.0,93,"Uptrend (price > 50 > 150 > 200-day, 200-day rising); RS rating >= 80",2
PRIVISCL,0.0871793810260271,0.42130671357852956,0.17578772802653408,1.3600602599710943,0.9475074630808654,0.0,1.0,0.0343536430576247,4.907137782759629,0.013564301352359268,0.025719860462366295,0.017563510477789146,-0.014942699421341233,239428974.39999998,43.87568381701548,19.2212021975269,-3.149488285079947,2.5961620764217668,12.0,365.8344414973996,2.129999999999999,1.0,22.45042492917847,-0.02999999999999936,20645.0,True,True,71.54254143646409,Specialty Chemicals,Commodities,37.0,93,RS rating >= 80,1
PROTEAN,-0.013941519738449117,-0.41729596688482407,0.08161146298411381,-0.5546760071999467,0.7015322409023196,0.0,0.0,1.4871478520506916,4.1495325743302836,0.03532235964571028,0.1999796043238833,0.16463933806514075,-0.13025918984278742,137902963.95,-75.3733833140345,19.028647315499914,-126.78051219954972,-2.559574367953528,0.0,-9.991509428684175,-8.97,1.0,9.369202226345083,-2.6999999999999957,20669.0,True,True,38.5060773480663,IT Enabled Services,Information Technology,40.0,93,"Uptrend (price > 50 > 150 > 200-day, 200-day rising); Within 15% of 52-week high; Quarterly profit growth >= 25%; Sales growth >= 20% or 2+ strong quarters; 3-year profit growth >= 15%/yr; ROE >= 20%; RS rating >= 80",7
PRUDENT,0.04381671714874577,0.3110682937272533,0.6587964425985284,0.3121049076345083,0.7621970527341371,0.0,0.0,0.009913928297658922,2.178064676253094,0.0274391027453923,0.054635262935967654,-0.04713705672171564,-0.03935531257270414,92732208.4,44.38187817668195,18.338099128540296,30.15088063530586,3.8415476074201966,1.0,25.025953506334364,3.8800000000000026,1.0,25.141562853907136,-0.240000000000002,20647.0,True,True,60.16574585635359,Financial Products Distributor,Financial Services,,93,"Uptrend (price > 50 > 150 > 200-day, 200-day rising); Within 15% of 52-week high; Sales growth >= 20% or 2+ strong quarters; RS rating >= 80",4
PTC,-0.04175181367007312,-0.1242600116076612,-0.07508888071594955,-0.2808936486058668,0.6777918173500066,0.0,0.0,0.36999512403245566,0.6384992680154652,0.024880550644733056,0.028563854463516503,-0.04364462631071586,-0.010317737344153055,202366169.765,-53.82520390486657,19.072027377237678,-50.23061975501755,-3.0534656386144747,0.0,5.151744974958894,-3.7099999999999995,1.0,11.9879618792844,2.8499999999999943,20669.0,True,True,28.11381215469613,Power Trading,Utilities,,93,"Uptrend (price > 50 > 150 > 200-day, 200-day rising); Within 15% of 52-week high; Quarterly profit growth >= 25%; Sales growth >= 20% or 2+ strong quarters; 3-year profit growth >= 15%/yr; ROE >= 20%; RS rating >= 80",7
PTCIL,0.14268863621729308,0.4528611786347809,0.41738238687347784,1.2506992102148593,0.9197927461139896,0.0,1.0,0.7663231413880974,0.6075240441003987,0.025266103075802335,0.05561760107214653,0.0720666488230457,-0.021784472762093415,405655210.0,300.0,97.42665980442615,159.9578419285889,1.945598281097424,3.0,54.27042087564726,9.91,1.0,6.768414067684141,0.14000000000000057,20679.0,True,True,82.59116022099447,Castings & Forgings,Industrials,13.0,93,ROE >= 20%,1
PVP,0.3613714332417288,1.4146685472496476,1.8616798997074802,1.4462312980306296,0.7373681288173236,1.0,1.0,0.7946924592906024,1.6717039546514827,0.04924248307846233,0.0499919106940625,0.10012094703182717,-0.08165218829857708,101277050.17499998,100.0,165.1946542707728,200.0,6.225989290602396,1.0,,46.78,1.0,-4.587155963302752,-0.37,20679.0,True,True,97.24972375690608,"Residential, Commercial Projects",Consumer Discretionary,53.0,93,Within 15% of 52-week high; 3-year profit growth >= 15%/yr; ROE >= 20%,3
PVRINOX,0.08139896460301783,0.08294476327116218,0.2875266524520257,0.3607544471246623,0.9152305199587569,1.0,1.0,0.2782849341682002,1.2928708095738186,0.02474237597327013,0.06467790747946389,0.03677043548196024,-0.042708404261208775,536702891.45,100.0,11.906732891832238,0.0,0.8911441383153915,5.0,-34.95224480129866,6.75,1.0,4.51341827053402,-0.490000000000002,20657.0,True,True,70.12044198895028,"Film Production, Distribution & Exhibition",Consumer Discretionary,,93,3-year profit growth >= 15%/yr; ROE >= 20%; RS rating >= 80,3
PWL,,,0.2994413407821228,,0.7622692758812272,0.0,0.0,0.8212024526091332,0.5775271760192902,0.02681832361747261,0.07393671585259987,-0.019610956728860596,-0.038180372097872436,826750274.885,55.11962427621562,24.420073427852994,-14.42202428623014,,4.0,,6.609999999999999,0.0,-0.6491750067622396,0.10999999999999588,20679.0,True,True,,E-Learning,Consumer Discretionary,,93,"Uptrend (price > 50 > 150 > 200-day, 200-day rising); Within 15% of 52-week high; 3-year profit growth >= 15%/yr; ROE >= 20%; RS rating >= 80",5
QPOWER,0.1874557289909614,0.37180528352362274,0.6667247083405885,0.9287678084554347,0.9461492537313433,1.0,1.0,0.4741523604944224,1.4075402517309963,0.0293240297765957,0.04999648901060327,0.18398895501469514,-0.04398209681014516,320629366.8,26.07238390310762,31.660253508374826,-37.946613378915586,0.6918839297719039,4.0,,-0.8900000000000006,1.0,34.31734317343174,1.5700000000000003,20674.0,True,True,87.73259668508287,Heavy Electrical Equipment,Industrials,34.0,93,3-year profit growth >= 15%/yr,1
QUADFUTURE,0.13216836371666332,-0.0008295804693054798,0.5039243667499107,0.48838463633806223,0.9651798307475318,1.0,1.0,1.3424622895291065,1.3027247634901304,0.04453647588632834,0.09798072510325828,0.3035703230292264,-0.0661091236225185,182438444.17499998,-27.629110211631147,41.280891054646716,,0.6399641369512572,0.0,,24.500000000000004,0.0,-16.666666666666664,2.21,20679.0,True,True,81.27845303867403,Cables - Electricals,Industrials,6.0,93,Quarterly profit growth >= 25%; 3-year profit growth >= 15%/yr; ROE >= 20%,3
QUESS,0.12468064336446111,0.45928899082568786,1.1935873125323222,0.7492732160384196,0.8616077170418006,0.0,0.0,1.0823257066286016,1.4742517665504773,0.026190101769818425,0.051851851851851816,-0.01237225265814712,-0.0253655543349215,149775961.75,54.802551071770054,14.522295435748278,49.629922871284535,1.6043636341787346,1.0,16.856539938691164,0.51,1.0,19.039451114922812,-0.2700000000000031,20663.0,True,True,79.74696132596685,Diversified Commercial Services,Services,67.0,93,"Uptrend (price > 50 > 150 > 200-day, 200-day rising); Sales growth >= 20% or 2+ strong quarters; ROE >= 20%; RS rating >= 80",4
RACLGEAR,0.1457802306404158,0.6297553987371995,0.24679331060237053,1.1897550654819957,0.827307153602739,1.0,1.0,0.9006171637462426,0.542732437092868,0.029602058230551734,0.10609495025815385,0.05631843748592513,-0.05354140020653943,50625011.25,7.6307291279037015,31.49528067560854,-84.90600524744464,0.10877628763301372,0.0,7.398877206337029,-1.490000000000001,1.0,13.920454545454545,-0.2699999999999996,20672.0,True,True,83.13812154696133,Auto Components & Equipments,Consumer Discretionary,15.0,93,Within 15% of 52-week high; Quarterly profit growth >= 25%; 3-year profit growth >= 15%/yr; ROE >= 20%,4
RADICO,0.12375250533907783,0.5164322423586691,0.6987349443224,1.4396242335318812,0.9197387823888772,0.0,0.0,0.278534113169756,1.1289177827676355,0.015248807408373729,0.035479452054794525,-0.02499940821081803,-0.01734889872979086,1118585420.0,69.24474976101416,11.795835435977796,-25.60309039304238,3.3158296398027955,8.0,46.35011034328056,4.630000000000001,1.0,18.21471652593486,1.2999999999999972,20649.0,True,True,79.63756906077349,Breweries & Distilleries,Fast Moving Consumer Goods,47.0,93,"Uptrend (price > 50 > 150 > 200-day, 200-day rising); ROE >= 20%; RS rating >= 80",3
RAILTEL,-0.0884186878501751,-0.27859850960909927,0.05911708253358916,-0.7848749662542425,0.6627994011976047,0.0,0.0,0.7320115605823193,7.2591189386667905,0.015597645005213061,0.02734297602536162,-0.03894854132901138,-0.01733857509329877,118832735.025,23.27627333259994,39.756478738541205,-25.22641370290344,0.601953047412495,2.0,10.1012978220967,-1.5200000000000014,1.0,11.461491813220134,0.2599999999999998,19656.0,True,True,11.704972375690609,Other Telecom Services,Telecommunication,,93,"Uptrend (price > 50 > 150 > 200-day, 200-day rising); Within 15% of 52-week high; Quarterly profit growth >= 25%; 3-year profit growth >= 15%/yr; ROE >= 20%; RS rating >= 80",6
RAIN,0.15804247683299583,0.4358691657478866,0.789411010350829,1.0475372044356157,0.8489682539682539,0.0,1.0,0.10278383583016222,0.8248549925434684,0.03052819265399619,0.05733299206552345,0.0007980562232012822,-0.03764617986724085,851073630.52,300.0,17.39863406477058,200.0,0.7198232380472237,5.0,-9.632868927147186,4.71,1.0,1.8257484226070615,0.47999999999999865,20671.0,True,True,84.88839779005525,Petrochemicals,Commodities,22.0,93,Within 15% of 52-week high; 3-year profit growth >= 15%/yr; ROE >= 20%,3
RAINBOW,-0.022315545136590308,0.0006365822605745031,0.21496049467536915,-0.3092715122114155,0.8163354037267081,0.0,0.0,0.033261592424154406,4.296425979821094,0.013638091614177951,0.022407577578285265,-0.10150658129509404,-0.034473332200773595,129213397.9,16.22732785445311,33.16805032159351,-23.972182663220895,0.9766744679107033,0.0,10.63713453593329,-1.9399999999999995,1.0,17.101273499090357,0.23000000000000398,20640.0,True,True,35.33370165745856,Hospital,Healthcare,51.0,93,"Uptrend (price > 50 > 150 > 200-day, 200-day rising); Within 15% of 52-week high; Quarterly profit growth >= 25%; 3-year profit growth >= 15%/yr; ROE >= 20%; RS rating >= 80",6
RALLIS,-0.11612474381758728,-0.36938061177902914,-0.09838990426457794,-1.1659020899169237,0.6061608497723824,0.0,0.0,-0.6399266400402379,0.6996072509662126,0.012801903585711654,0.011246802143167534,-0.048883022088124006,-0.008018465625251908,119719716.09,-100.0,7.698510376437651,-96.20273931850777,-1.318104918565385,0.0,2.001277043508254,-4.26,0.0,9.669811320754718,-2.030000000000001,19103.0,True,True,5.469613259668508,Pesticides & Agrochemicals,Commodities,93.0,93,"Uptrend (price > 50 > 150 > 200-day, 200-day rising); Within 15% of 52-week high; Quarterly profit growth >= 25%; Sales growth >= 20% or 2+ strong quarters; 3-year profit growth >= 15%/yr; ROE >= 20%; RS rating >= 80",7
RAMCOCEM,-0.059546301681225954,-0.15832535885167465,-0.033992311916529405,-0.7426034891900427,0.6962124331000411,0.0,0.0,-0.01920881378805346,1.3684963393521181,0.014623848235160657,0.0176487496407014,-0.05675216192337562,-0.015464332727526247,184399929.10000002,-74.48124448475642,9.5963394759935,-374.4812444847564,-0.9689977303450347,0.0,-11.92279017278075,-3.13,1.0,8.636026686434397,0.05999999999999517,20657.0,True,True,21.11270718232044,Cement & Cement Products,Commodities,87.0,93,"Uptrend (price > 50 > 150 > 200-day, 200-day rising); Within 15% of 52-week high; Quarterly profit growth >= 25%; Sales growth >= 20% or 2+ strong quarters; 3-year profit growth >= 15%/yr; ROE >= 20%; RS rating >= 80",7
RAMCOSYS,0.06853500433865842,0.1351751356684756,0.5631793478260869,0.1465940155244178,0.5732299741602067,0.0,0.0,-0.1857633761922843,0.19246227543344857,0.036705703429853444,0.04998227578872738,-0.07398131265570007,-0.032600267070035806,69910452.3,-48.848862555558426,7.097694024299539,-348.8488625555584,-0.01319423956528584,0.0,-39.74432262882739,-0.35000000000000003,1.0,12.0,1.200000000000001,20657.0,True,True,66.51049723756907,Software Products,Information Technology,60.0,93,"Uptrend (price > 50 > 150 > 200-day, 200-day rising); Within 15% of 52-week high; Quarterly profit growth >= 25%; Sales growth >= 20% or 2+ strong quarters; 3-year profit growth >= 15%/yr; ROE >= 20%; RS rating >= 80",7
RAMRAT,0.22865055634020612,0.7525260376185297,0.8715139442231077,1.902800135215358,0.9667192298116025,0.0,1.0,0.9448881422136116,0.75778598465954,0.030019419907906113,0.06047926968429085,0.15598446248905828,-0.03540623308560066,113667442.3,121.23830753101869,88.63476747381598,10.783093900471869,2.537937540858459,4.0,41.72796425866336,0.2799999999999998,1.0,18.79310344827586,0.47999999999999987,20647.0,True,True,92.54585635359116,Other Electrical Equipment,Industrials,50.0,93,ROE >= 20%,1
RATEGAIN,0.10324080427082823,0.40912164700578546,1.0004266666666668,0.6512893333653145,0.8109999999999999,0.0,0.0,-0.3458464224544083,0.8353746731100746,0.023327561446478604,0.02977180888994546,-0.05358411048242717,-0.02136831822662231,302782260.275,102.17976176680108,187.63373882456395,74.47068741865843,4.070585881051366,2.0,45.48423490572298,-5.109999999999999,1.0,9.67098703888335,0.3999999999999986,20671.0,True,True,76.24640883977901,Computers - Software & Consulting,Information Technology,82.0,93,"Uptrend (price > 50 > 150 > 200-day, 200-day rising); Within 15% of 52-week high; ROE >= 20%; RS rating >= 80",4
RATNAMANI,0.043509012252363366,0.08146606260968947,0.1983628058432454,0.24439235461273798,0.8147982062780269,0.0,1.0,0.900687849743802,0.7558205959516867,0.029051465924145398,0.05790720047361808,0.0667202081542746,-0.020947526644131482,107740802.95,-15.858555679220853,-15.629287438564798,30.01927690507907,-0.41007558542820693,0.0,-2.3308837764076884,-0.02999999999999936,1.0,12.989540257844807,-0.19999999999999574,20656.0,True,True,59.72817679558011,Iron & Steel Products,Industrials,8.0,93,Within 15% of 52-week high; Quarterly profit growth >= 25%; Sales growth >= 20% or 2+ strong quarters; 3-year profit growth >= 15%/yr; ROE >= 20%; RS rating >= 80,6
RATNAVEER,0.3967959652390649,1.0930168935093358,1.2506435243068323,2.439579308816342,0.9603658536585367,1.0,1.0,0.858586430151856,0.6863551995949301,0.039296146854514886,0.1179615705931496,0.26758231524341003,-0.05672733852448459,1902955064.95,70.49042979393391,54.911131898970986,19.825371272181506,2.540800837009139,3.0,37.922321418201754,0.5300000000000002,1.0,9.566517189835576,-4.290000000000001,20658.0,True,True,97.57790055248618,Iron & Steel Products,Industrials,8.0,93,ROE >= 20%,1
RAYMOND,0.4636031170243232,0.011445493837041854,0.8445482411326815,1.842866307772869,0.977477840451249,1.0,1.0,0.2388914879198911,2.598996708120388,0.04119396428534136,0.17444516015693612,0.5859288283306072,-0.10584033955290337,473753363.375,49.605202178911846,15.510499914169639,40.266262118071985,0.14950049067962307,1.0,-26.145470460248543,1.1599999999999997,1.0,188.50210970464133,-1.6500000000000004,20672.0,True,True,98.34364640883977,Industrial Products,Industrials,4.0,93,Sales growth >= 20% or 2+ strong quarters; 3-year profit growth >= 15%/yr,2
RAYMONDLSL,-0.15668743758817927,-0.4769965277777778,-0.1448938778143345,-1.1961377652033098,0.4969427244582043,0.0,0.0,0.04812398504877337,3.2553074705052794,0.018731956569856052,0.03776041666666674,-0.0811961836834868,-0.025835802662560383,132993977.1,100.0,5.947861831756884,71.92677321993162,-0.03481133899095763,2.0,,-0.10000000000000009,0.0,0.4773765047737651,-0.7699999999999996,20665.0,True,True,1.8596685082872928,Other Textile Products,Consumer Discretionary,14.0,93,"Uptrend (price > 50 > 150 > 200-day, 200-day rising); Within 15% of 52-week high; 3-year profit growth >= 15%/yr; ROE >= 20%; RS rating >= 80",5
RAYMONDREL,0.06940150366980197,-0.17946345975948197,0.45132260703572413,0.05563578708244126,0.9029584203787318,1.0,1.0,1.323152813983118,17.147331774625954,0.035038805078084205,0.13901611535199332,0.10008210180623989,-0.08035996106601431,237143496.375,-18.673071449765967,38.415243101182654,-318.673071449766,-0.04910611302587895,0.0,,-1.79,1.0,19.4515306122449,-2.789999999999999,20672.0,True,True,66.83867403314916,"Residential, Commercial Projects",Consumer Discretionary,53.0,93,Quarterly profit growth >= 25%; 3-year profit growth >= 15%/yr; ROE >= 20%; RS rating >= 80,4
RBLBANK,0.11510800640680267,0.41420338352853703,0.2864874006426519,1.599848133068983,0.9388966480446927,1.0,1.0,0.7955990651880684,1.650404596772522,0.01858227719035662,0.05168986083499005,0.028471329783978927,-0.019742016722245213,1062061507.35,9.267942422639596,11.596603490663092,-171.99669429139132,0.12175430926059036,0.0,-4.4307011836591474,-0.13000000000000078,1.0,5.25591963645061,-37.510000000000005,20651.0,True,True,78.32486187845304,Private Sector Bank,Financial Services,30.0,93,Quarterly profit growth >= 25%; Sales growth >= 20% or 2+ strong quarters; 3-year profit growth >= 15%/yr; ROE >= 20%; RS rating >= 80,5
RCF,-0.0864540026868282,-0.2501486227624017,0.012847965738757905,-0.8105549700170568,0.6995547073791349,0.0,0.0,0.19185871662163256,1.7002575185877182,0.013688341321786533,0.01858217968967768,-0.0713546214399956,-0.013982869637965216,98685386.355,35.456081447765996,6.3825810394650295,-88.583409709349,0.46101271587675613,2.0,-13.370258692295689,0.4399999999999997,1.0,8.336587270597423,-0.26000000000000023,20678.0,True,True,12.142541436464088,Fertilizers,Commodities,59.0,93,"Uptrend (price > 50 > 150 > 200-day, 200-day rising); Within 15% of 52-week high; 3-year profit growth >= 15%/yr; ROE >= 20%; RS rating >= 80",5
RECLTD,-0.08127212790287716,-0.16395138350142224,0.015230020411367562,-0.8108466148304755,0.7660773763771458,0.0,0.0,-0.37691264731373825,6.721419048716381,0.015640922520033088,0.02239699093862213,-0.10046511068190156,-0.02046320566249856,1500216981.0,-6.093523642149757,-2.0527974649617198,15.617960440501575,-0.4663649583547705,0.0,11.173811054006343,-1.25,1.0,19.300321908729405,0.5900000000000034,20658.0,True,True,13.783425414364642,Financial Institution,Financial Services,79.0,93,"Uptrend (price > 50 > 150 > 200-day, 200-day rising); Within 15% of 52-week high; Quarterly profit growth >= 25%; Sales growth >= 20% or 2+ strong quarters; 3-year profit growth >= 15%/yr; ROE >= 20%; RS rating >= 80",7
REDINGTON,0.20018696529969165,0.25513103883801724,0.782511210762332,0.919582489815718,0.9702026221692491,1.0,1.0,1.528200466551894,0.5842384614787819,0.026868050397697667,0.04667771967861234,0.14574301575326265,-0.025035525402579712,1580169856.9,94.37263877559208,34.565672998486804,102.14667434100845,4.4462889020350636,1.0,5.448620889676281,0.4,1.0,12.637795275590552,-0.28000000000000114,20643.0,True,True,89.26408839779006,Trading & Distributors,Services,20.0,93,3-year profit growth >= 15%/yr; ROE >= 20%,2
REFEX,-0.054309807913298654,-0.27629050851799675,0.4356133753430227,-0.6272773875532851,0.6391566265060241,0.0,0.0,0.21881985034276877,0.5771988299201575,0.02289775398777587,0.07853595732940954,-0.08710451233656491,-0.0367812353571552,79243224.25,155.08503518992697,160.4189166145626,80.54973154321003,2.614720579380452,2.0,49.44347427581213,-0.16999999999999993,1.0,13.563829787234042,-0.18999999999999995,20644.0,True,True,23.081767955801105,Waste Management,Utilities,,93,"Uptrend (price > 50 > 150 > 200-day, 200-day rising); Within 15% of 52-week high; ROE >= 20%; RS rating >= 80",4
RELAXO,-0.08670520286782979,-0.2138620386643233,0.432832832832833,-0.8146214354137413,0.6155146903403086,0.0,0.0,-0.5151282895990252,0.378261300442511,0.033676398756796955,0.01930633862976272,-0.19477488538262022,-0.04944402781576581,74405642.025,12.339828738985847,7.7250989319928465,-7.9961526727502665,0.8053968665018343,0.0,2.4725677414382696,0.3200000000000003,1.0,8.114233907524932,-1.7763568394002505e-15,20679.0,True,True,12.033149171270718,Footwear,Consumer Discretionary,,93,"Uptrend (price > 50 > 150 > 200-day, 200-day rising); Within 15% of 52-week high; Quarterly profit growth >= 25%; Sales growth >= 20% or 2+ strong quarters; 3-year profit growth >= 15%/yr; ROE >= 20%; RS rating >= 80",7
RELIANCE,-0.04509993446158825,-0.08116275723125621,-0.052740894592389176,-0.6868458778645838,0.7364437275096166,0.0,0.0,-0.27564897041505665,2.1341305820879524,0.012283117712229188,0.025058731401722767,-0.07444806070747412,-0.0239404199209385,13186145233.0,-0.8667616063721573,27.022722795035126,8.093549957567824,-0.08046533993150855,0.0,6.73353972364894,-2.1099999999999994,1.0,10.591905135891508,-0.8399999999999963,20651.0,True,True,27.23867403314917,Refineries & Marketing,Energy,43.0,93,"Uptrend (price > 50 > 150 > 200-day, 200-day rising); Within 15% of 52-week high; Quarterly profit growth >= 25%; 3-year profit growth >= 15%/yr; ROE >= 20%; RS rating >= 80",6
RELIGARE,-0.04696177442904808,-0.0783829948756879,0.10193337569211214,-0.34579756218358326,0.8175357142857143,0.0,0.0,0.03709184454719799,1.473660727139803,0.021837804714956555,0.028747940691927543,-0.06420599159988838,-0.0407391912350743,175837553.045,-100.0,26.43307653461411,-63.53199353254539,-0.743402489009629,0.0,-40.25848399361115,-2.44,0.0,2.5103163686382395,2.6000000000000014,20677.0,True,True,26.25414364640884,Investment Company,Financial Services,83.0,93,"Uptrend (price > 50 > 150 > 200-day, 200-day rising); Within 15% of 52-week high; Quarterly profit growth >= 25%; 3-year profit growth >= 15%/yr; ROE >= 20%; RS rating >= 80",6
RENUKA,-0.0772502927269066,-0.20700636942675155,-0.060022650056625104,-0.889183242689248,0.6756172839506174,0.0,0.0,0.6093676699424527,1.3960296822439506,0.02278190828259191,0.04617304492512475,-0.057099536518548044,-0.037686115142727156,237440357.54999998,-100.0,5.47209232912147,0.0,0.060830026199725794,0.0,-22.4026190962757,1.25,0.0,29.585356742622338,-2.3099999999999987,20670.0,True,True,15.096132596685084,Sugar,Fast Moving Consumer Goods,27.0,93,"Uptrend (price > 50 > 150 > 200-day, 200-day rising); Within 15% of 52-week high; Quarterly profit growth >= 25%; Sales growth >= 20% or 2+ strong quarters; 3-year profit growth >= 15%/yr; RS rating >= 80",6
RGL,0.15397218100504353,0.11715135492399198,0.3284212594557421,0.6306464978882121,0.949482163406214,1.0,0.0,1.1657300511416782,0.7313557131989251,0.04081054646309415,0.08853558926487737,0.2058334806951192,-0.04249559142538716,83243349.025,61.93166768496183,47.16586212098355,28.928093692857487,2.117961986965224,4.0,12.01024465153151,0.2999999999999998,1.0,5.968169761273209,2.27,20672.0,True,True,84.23204419889504,"Gems, Jewellery And Watches",Consumer Discretionary,11.0,93,"Uptrend (price > 50 > 150 > 200-day, 200-day rising); 3-year profit growth >= 15%/yr; ROE >= 20%",3
RHIM,-0.03794496526449174,-0.21279525473996397,0.11224184375935353,-0.4561070166523969,0.7571316151878812,0.0,0.0,0.7255317978638441,0.8833609254011839,0.01944479850322585,0.0304347826086957,0.002015226153156968,-0.025859721755448855,107610786.375,83.26625287029663,5.586679440186604,120.37327377478744,1.4013029095857856,1.0,6.059475445469165,2.7,1.0,-10.755405784891884,0.4800000000000004,20676.0,True,True,29.3171270718232,Electrodes & Refractories,Industrials,9.0,93,"Uptrend (price > 50 > 150 > 200-day, 200-day rising); Within 15% of 52-week high; Sales growth >= 20% or 2+ strong quarters; 3-year profit growth >= 15%/yr; ROE >= 20%; RS rating >= 80",6
RICOAUTO,0.03993191861890364,0.25152071063049153,0.23353635325466326,0.39543159900524133,0.8033419836698524,0.0,0.0,0.4930402033806086,0.7882384273558174,0.02929625760317428,0.0384025755020696,-0.051193110459900715,-0.017953005294940292,143887783.95999998,-100.0,38.93938836344901,-89.6380887754728,-2.2452508271734155,0.0,-9.401590026488925,-3.6,0.0,6.666666666666667,1.5900000000000003,20677.0,True,True,58.524861878453045,Auto Components & Equipments,Consumer Discretionary,15.0,93,"Uptrend (price > 50 > 150 > 200-day, 200-day rising); Within 15% of 52-week high; Quarterly profit growth >= 25%; 3-year profit growth >= 15%/yr; ROE >= 20%; RS rating >= 80",6
RISHABH,0.1584827363881763,0.6758522389832524,0.8940797422472817,1.3214936849261607,0.8251173708920188,0.0,1.0,0.1568344638622214,0.7156581798273984,0.0289347745741813,0.09682442954837844,0.005807357130287016,-0.058836192702739244,126852677.725,-1.2794511834389732,4.1769558135869245,-229.14288143150523,-0.019982206452933346,0.0,20.305183703020614,-0.5400000000000009,1.0,11.006711409395974,0.5600000000000005,20645.0,True,True,84.99779005524861,Other Electrical Equipment,Industrials,50.0,93,Within 15% of 52-week high; Quarterly profit growth >= 25%; Sales growth >= 20% or 2+ strong quarters; ROE >= 20%,4
RITES,-0.046211850200267815,-0.16277643631903727,0.18569179829560878,-0.581216999632212,0.7742592592592593,0.0,0.0,1.6887511267188369,33.73752842876632,0.018934800722669568,0.08704695543653473,-0.02667574264570982,-0.025748850945460415,73171487.12,7.557445153867737,8.66990648098993,8.968830840663777,0.3598360057083766,0.0,-5.454672201112998,-0.18999999999999773,1.0,16.927665920954514,0.0,20669.0,True,True,26.582320441988948,Civil Construction,Industrials,81.0,93,"Uptrend (price > 50 > 150 > 200-day, 200-day rising); Within 15% of 52-week high; Quarterly profit growth >= 25%; Sales growth >= 20% or 2+ strong quarters; 3-year profit growth >= 15%/yr; ROE >= 20%; RS rating >= 80",7
RKFORGE,0.09642149496593398,0.3189074139765875,0.5239266318270315,0.6844040561597277,0.9087732919254659,0.0,0.0,0.7432798427558852,0.6200533699957907,0.022571231348626555,0.02766291173534885,-0.0026414451261077554,-0.01608905544462849,567679555.05,297.7390792370497,19.83826802986428,369.61195648377645,0.4438911961240027,1.0,-25.251174320708934,2.6900000000000004,1.0,2.188449848024316,-0.6799999999999997,20658.0,True,True,74.38674033149171,Auto Components & Equipments,Consumer Discretionary,15.0,93,"Uptrend (price > 50 > 150 > 200-day, 200-day rising); Sales growth >= 20% or 2+ strong quarters; 3-year profit growth >= 15%/yr; ROE >= 20%; RS rating >= 80",5
ROLEXRINGS,0.1334932014678946,0.31118855732229744,0.565854504465447,0.833953981090311,0.9578735197782817,1.0,1.0,1.0006916602404492,1.7785917579938377,0.03117975392626869,0.07684251143817877,0.12886750994714657,-0.05148785446804345,245849690.665,22.329351835058773,4.376157486796073,50.002605560093116,1.039562482198941,1.0,-0.5495115638293746,2.900000000000002,1.0,11.624072547403133,-2.1199999999999974,20679.0,True,True,81.71602209944751,Auto Components & Equipments,Consumer Discretionary,15.0,93,Quarterly profit growth >= 25%; Sales growth >= 20% or 2+ strong quarters; 3-year profit growth >= 15%/yr; ROE >= 20%,4
ROSSTECH,0.2726047828624547,0.4245652313418471,0.6291648319389405,1.5003865984080054,0.9857049180327869,1.0,1.0,0.9128134007478323,0.8345879234208449,0.03124699358403081,0.09884533352945502,0.3014481987773383,-0.06874750118629239,236281387.575,116.44627888608632,77.09240999770697,106.7268542124451,0.7841265933509917,1.0,,0.8400000000000003,1.0,14.193548387096774,-2.6499999999999995,20662.0,True,True,94.40552486187845,Aerospace & Defense,Industrials,26.0,93,3-year profit growth >= 15%/yr; ROE >= 20%,2
ROUTE,-0.1339576952967327,-0.408738839945604,0.13468739362305682,-1.2693784354098863,0.5235294117647059,0.0,0.0,1.114071349123078,0.1472252862523953,0.02225705163998207,0.024755564801331564,-0.12432257988342654,-0.0415140718196733,86644719.9,16.638092553365745,9.580997877867969,-29.61081167000657,0.46378776572869274,0.0,1.705367822555326,0.3600000000000003,1.0,9.277978339350181,-0.6400000000000006,20657.0,True,True,3.281767955801105,Other Telecom Services,Telecommunication,,93,"Uptrend (price > 50 > 150 > 200-day, 200-day rising); Within 15% of 52-week high; Quarterly profit growth >= 25%; Sales growth >= 20% or 2+ strong quarters; 3-year profit growth >= 15%/yr; ROE >= 20%; RS rating >= 80",7
RPEL,0.4021286025422587,1.5989728539985326,1.9517540204982922,3.1357288169131246,0.9306991819725267,0.0,1.0,0.551707508233323,1.448068675682734,0.03740090981842085,0.06936005171299287,0.16781102248342838,-0.0395928681068412,123375523.6,67.53869748015696,48.716632443531836,17.85119501223989,6.837658333985101,9.0,34.737847458577484,2.530000000000001,1.0,22.448979591836736,0.4600000000000001,20649.0,True,True,97.68729281767956,Electrodes & Refractories,Industrials,9.0,93,,0
RPTECH,0.34701762948946885,1.4525920360631104,1.3556068696781645,4.151064741172821,0.9490395142828705,1.0,1.0,0.23905893121393576,2.9846693583460984,0.031321507996405144,0.08824978445621379,0.13811472817141301,-0.05728747398431036,262569686.14999998,69.28558447432474,61.85353442423245,-1.1372656362164832,2.0402541989293344,3.0,23.289581652072687,0.08999999999999986,1.0,13.925925925925926,-2.280000000000001,20669.0,True,True,97.1403314917127,Computers Hardware & Equipments,Information Technology,10.0,93,ROE >= 20%,1
RRKABEL,0.19233409255555922,1.2649856910820634,1.2275977483645217,2.41882813047616,0.8440914270393457,0.0,0.0,0.4473275124549257,0.5677701779153013,0.026002972133243218,0.025774453207577652,-0.04104477611940305,-0.02062163080565288,924818713.6000001,117.0847159867265,53.90070921985814,87.11083532912127,3.02275630870609,6.0,35.42092794879104,1.79,1.0,19.106796116504853,0.11999999999999744,20661.0,True,True,88.82651933701658,Cables - Electricals,Industrials,6.0,93,"Uptrend (price > 50 > 150 > 200-day, 200-day rising); Within 15% of 52-week high; ROE >= 20%",3
RUBICON,,,1.369733671941134,,0.8527646129541865,0.0,0.0,0.5559144726379478,2.0057671761986944,0.027978850625696973,0.06417295813315027,-0.038418146190843716,-0.04927268386161491,415115515.35,95.90677047414104,51.590116031660486,-15.929659489015023,,8.0,,3.59,1.0,19.162141194724594,-0.6099999999999994,20670.0,True,True,,Pharmaceuticals,Healthcare,17.0,93,"Uptrend (price > 50 > 150 > 200-day, 200-day rising); 3-year profit growth >= 15%/yr; ROE >= 20%; RS rating >= 80",4
RVNL,-0.13375626455877196,-0.412751677852349,-0.20469608028782427,-1.2849372824457224,0.5035188420264537,0.0,0.0,-0.2908034974718291,3.696703417296075,0.01674232514298753,0.062419434804164675,-0.07123792899315673,-0.02548053874365559,852625057.7250001,18.58648316240088,10.55216858500243,78.76504593714793,0.287063542097681,0.0,-15.15302106093519,0.25,1.0,8.867847688861739,-2.2700000000000014,20669.0,True,True,3.391160220994475,Civil Construction,Industrials,81.0,93,"Uptrend (price > 50 > 150 > 200-day, 200-day rising); Within 15% of 52-week high; Quarterly profit growth >= 25%; Sales growth >= 20% or 2+ strong quarters; 3-year profit growth >= 15%/yr; ROE >= 20%; RS rating >= 80",7
SAGILITY,0.004520092192990342,0.054696256444743296,0.12694610778443116,-0.13013492969577964,0.7355329072378649,0.0,0.0,0.6587525949369809,0.4843298200280668,0.01979241378427518,0.024685816876121924,-0.03602347230774805,-0.02606416350176396,659483074.85,52.97161069953875,27.58652059209585,11.82750984220251,1.502582097033385,8.0,,1.92,1.0,9.576560720571488,-0.8899999999999935,20655.0,True,True,46.38232044198895,IT Enabled Services,Information Technology,40.0,93,"Uptrend (price > 50 > 150 > 200-day, 200-day rising); Within 15% of 52-week high; 3-year profit growth >= 15%/yr; ROE >= 20%; RS rating >= 80",5
SAIL,0.07561087505149668,0.42024763292061174,0.3313306479142486,0.887537174503858,0.8654744873628994,0.0,1.0,0.3572659098107461,1.2501060849821874,0.021156277493939602,0.06568588012183207,0.01760469009846921,-0.026155769398457464,2630145320.715,134.60265740010735,1.249567930572626,71.61322854806392,2.1244383166726895,3.0,51.35491282133713,3.7800000000000002,1.0,5.588508184770363,0.5500000000000043,20658.0,True,True,68.26077348066298,Iron & Steel,Commodities,41.0,93,ROE >= 20%; RS rating >= 80,2
SAILIFE,0.16452409013065922,0.635976463995517,0.4806512146878328,2.101432340787957,0.8983500294637595,0.0,1.0,0.4046322603902973,0.8142689831124462,0.020322958208922458,0.045385679467755846,0.03566435371691057,-0.02465168659025372,621662726.9,21.19143841663287,11.657467467064176,3.300512542958245,0.5890800415035442,1.0,,1.040000000000001,1.0,14.049919484702095,-0.3500000000000014,20671.0,True,True,85.54475138121546,Pharmaceuticals,Healthcare,17.0,93,Quarterly profit growth >= 25%; Sales growth >= 20% or 2+ strong quarters; 3-year profit growth >= 15%/yr; ROE >= 20%,4
SAKAR,0.32359014299955413,1.3734707903780068,0.6654128086419755,3.672334139783765,0.8887669227954629,1.0,1.0,0.4010052856655869,0.7260014222511842,0.03339726441234667,0.11860774888515668,0.11606550279871497,-0.02701708213068335,105785205.525,120.2784151653244,38.35798255593477,28.8673453684124,2.4895455223267127,3.0,41.57144784435127,5.24,1.0,9.25925925925926,-0.759999999999998,20658.0,True,True,96.37458563535911,Pharmaceuticals,Healthcare,17.0,93,ROE >= 20%,1
SAMBHV,0.1712035400537798,0.05841952834091857,0.36889982876712324,0.7845062417304609,0.9855956009802164,1.0,1.0,1.293263693898216,2.2654916703894945,0.03162004108211907,0.14315593771787127,0.2696159123141195,-0.0842109999327772,203789316.265,66.96765643483415,31.06528471439056,-170.08609672723173,1.4760846249023227,5.0,,1.6600000000000001,1.0,13.472485768500949,0.09000000000000075,20668.0,True,True,85.98232044198895,Iron & Steel Products,Industrials,8.0,93,3-year profit growth >= 15%/yr; ROE >= 20%,2
SAMHI,-0.06352779651406978,-0.23808595653445075,0.16469273743016766,-0.6762931715330271,0.707225034514496,0.0,0.0,0.3674607653662999,1.1704632795665006,0.022718025223233657,0.05097421767368626,-0.05603009303336948,-0.026694271332512173,130928597.855,13.091957416682188,12.122993277249194,-286.9080425833178,0.029303183176174606,0.0,,0.07000000000000028,1.0,25.98533455545371,1.2999999999999972,20668.0,True,True,20.23756906077348,Hotels & Resorts,Consumer Discretionary,54.0,93,"Uptrend (price > 50 > 150 > 200-day, 200-day rising); Within 15% of 52-week high; Quarterly profit growth >= 25%; Sales growth >= 20% or 2+ strong quarters; 3-year profit growth >= 15%/yr; RS rating >= 80",6
SAMMAANCAP,-0.03222652514170417,0.08361724189009023,-0.013751263902932243,0.02850528214609967,0.7076444674786214,0.0,0.0,-0.01903866572388922,0.6985193887746136,0.018313679502195375,0.03513660459426404,-0.10357061728492323,-0.029869586630182753,732480046.52,-27.226658344527866,-31.179046214478834,72.77334165547214,-0.05128872525086128,0.0,2.963715331294803,0.8000000000000007,1.0,-37.62110362257793,-30.749999999999996,20678.0,True,True,31.723756906077348,Housing Finance Company,Financial Services,85.0,93,"Uptrend (price > 50 > 150 > 200-day, 200-day rising); Within 15% of 52-week high; Quarterly profit growth >= 25%; Sales growth >= 20% or 2+ strong quarters; 3-year profit growth >= 15%/yr; ROE >= 20%; RS rating >= 80",7
SANDHAR,0.046931246000538315,0.4344820017559261,0.41247028312081246,0.6482798792122261,0.767688679245283,0.0,0.0,0.22289402771910163,0.8206825947252537,0.02043037316553478,0.022099447513812098,-0.058193029438902255,-0.03039880684865838,92420609.92500001,33.18084291972754,26.768431964333228,-22.887501392847653,0.8136988582604279,2.0,36.19292258063243,0.13000000000000034,1.0,14.928732183045762,-1.25,20676.0,True,True,60.822099447513814,Auto Components & Equipments,Consumer Discretionary,15.0,93,"Uptrend (price > 50 > 150 > 200-day, 200-day rising); Within 15% of 52-week high; ROE >= 20%; RS rating >= 80",4
SANDUMA,0.03514410305118469,0.27489763779527543,0.1308599206570933,0.28570232944845453,0.6673260073260073,0.0,0.0,-0.18451929995058686,0.8280311970655032,0.01663608801773245,0.026304300371097877,-0.0788028583506436,-0.03255087608284032,93421151.695,36.30339215102853,21.085451566876266,-14.701927081143488,1.100953466892562,2.0,38.97286005507892,1.8499999999999996,1.0,20.221266133988934,0.020000000000000018,20662.0,True,True,56.99337016574586,Iron & Steel,Commodities,41.0,93,"Uptrend (price > 50 > 150 > 200-day, 200-day rising); Within 15% of 52-week high; RS rating >= 80",3
SANGHVIMOV,0.08893470674294049,0.16068028937682444,0.8594957299715331,0.310549291496473,0.8621212121212121,0.0,1.0,0.3387077620825266,0.9587180680086774,0.028997225529576492,0.027924066135946113,4.39386616282178e-05,-0.03576449783608583,126116651.025,29.82713221150748,38.89010828211881,2.728051867577431,1.6080173055270628,2.0,22.306316868049247,-1.1999999999999993,1.0,14.035087719298245,0.4299999999999997,20665.0,True,True,72.08950276243094,Diversified Commercial Services,Services,67.0,93,ROE >= 20%; RS rating >= 80,2
SANSERA,0.3429070079999062,1.6818849285809638,0.8608743979251576,4.807400836198127,0.9565721513650258,1.0,1.0,0.3911119718291083,3.6739634031478543,0.02704274204934182,0.06737258552478465,0.16919961039563391,-0.05770478468560742,763973286.3,58.56190920428514,33.26982552752804,-49.1118449997893,1.8870269107491697,6.0,33.23786873819699,1.5599999999999987,1.0,10.592808551992224,-1.6099999999999994,20677.0,True,True,96.70276243093923,Auto Components & Equipments,Consumer Discretionary,15.0,93,ROE >= 20%,1
SAPPHIRE,-0.017779478276684538,-0.23395424836601308,0.47214720844062064,-0.6665249315463285,0.6775718849840257,0.0,0.0,0.6360614999693475,1.8581872058369053,0.028112869929836522,0.044420562421637166,-0.03939704137187583,-0.03805016694609913,216398776.275,100.0,14.691760101952811,200.0,2.002493185764674,1.0,-77.82899845817543,1.79,1.0,-2.302158273381295,0.7000000000000028,20658.0,True,True,36.646408839779006,Restaurants,Consumer Discretionary,63.0,93,"Uptrend (price > 50 > 150 > 200-day, 200-day rising); Within 15% of 52-week high; Sales growth >= 20% or 2+ strong quarters; 3-year profit growth >= 15%/yr; ROE >= 20%; RS rating >= 80",6
SARDAEN,-0.032747222576888474,-0.14739810305049983,-0.01887905604719764,-0.4589793220679628,0.7969551282051283,0.0,0.0,1.379838053960837,0.6125351730428568,0.0174014116416703,0.05001442723862648,-0.021721596877692484,-0.030738112859760018,146202061.4,9.474990399103934,-1.5351078616872016,-44.80087318088897,0.5160640386234829,0.0,23.74934725711375,2.990000000000002,1.0,15.047489823609226,0.16000000000000014,20666.0,True,True,31.614364640883977,Iron & Steel,Commodities,41.0,93,"Uptrend (price > 50 > 150 > 200-day, 200-day rising); Within 15% of 52-week high; Quarterly profit growth >= 25%; Sales growth >= 20% or 2+ strong quarters; ROE >= 20%; RS rating >= 80",6
SAREGAMA,0.04319416815189198,-0.003943545039435503,0.45270168003632505,0.12181303876621911,0.8817232375979113,0.0,0.0,0.750814982237791,2.10605442743954,0.02431583802503863,0.03425518541797601,-0.00024276012339319308,-0.015287844496416058,205165787.8,42.0666936104154,27.484644774387014,8.241645109993861,1.7712558178247215,2.0,6.8280165695524975,2.0199999999999996,1.0,12.174940898345152,0.8200000000000003,20669.0,True,True,59.61878453038674,Media & Entertainment,Consumer Discretionary,39.0,93,"Uptrend (price > 50 > 150 > 200-day, 200-day rising); 3-year profit growth >= 15%/yr; ROE >= 20%; RS rating >= 80",4
SATIN,0.12012941821951041,0.5576414963148382,0.5701969580149999,1.8351802417083982,0.8470124753775443,0.0,1.0,-0.4273580524745902,1.1507448824191566,0.021632116382090023,0.046429361043555106,0.011065990997071395,-0.0341536061562739,60041925.724999994,172.0725888837872,8.389390599445345,-127.9274111162128,0.9126548703256082,3.0,10.65849861854893,9.68,1.0,11.59622773314705,2.379999999999999,20648.0,True,True,78.87182320441988,Microfinance Institutions,Financial Services,46.0,93,Within 15% of 52-week high; 3-year profit growth >= 15%/yr; ROE >= 20%; RS rating >= 80,4
SBC,0.3033443344312775,0.926416819012797,0.3609945108169197,5.871852990841564,0.9796638655462184,1.0,1.0,0.4486734702608812,3.4188754609852654,0.02113872085093577,0.10435325973755472,0.3213851761846902,-0.05457617411177934,384665575.21,268.08216027233425,67.09908915263595,216.44664625364268,2.1457132134025634,4.0,49.13649500395672,4.33,1.0,30.864197530864196,2.1,20677.0,True,True,95.7182320441989,Garments & Apparels,Consumer Discretionary,16.0,93,,0
SBCL,0.29456757289793867,0.8956506333599077,1.8434759500398616,1.6164163095634227,0.881549724438595,0.0,1.0,1.0981030048297595,0.35407036786325946,0.04498678516232946,0.09991435912075364,0.07832631520694666,-0.03586209003589593,267013131.75,44.01752390181559,33.382137628111266,20.217677897716513,2.51196287512485,5.0,10.645387412851793,1.3300000000000018,1.0,19.91701244813278,-5.150000000000002,20671.0,True,True,95.3900552486188,Iron & Steel Products,Industrials,8.0,93,3-year profit growth >= 15%/yr; ROE >= 20%,2
SBFC,-0.05908325952211684,-0.1149919398173026,0.18375658840440812,-0.7537058340073238,0.6949593495934959,0.0,0.0,0.08705231497863772,2.965707132275755,0.017342253576202254,0.023009758602978936,-0.08822889422687175,-0.05379155103248959,80347083.72,27.554945564785903,29.317701050518075,-10.70417027802391,2.904336425765002,12.0,,-0.35999999999999943,1.0,10.815047021943574,-0.240000000000002,20204.0,True,True,21.44088397790055,Non Banking Financial Company (NBFC),Financial Services,38.0,93,"Uptrend (price > 50 > 150 > 200-day, 200-day rising); Within 15% of 52-week high; 3-year profit growth >= 15%/yr; ROE >= 20%; RS rating >= 80",5
SBICARD,-0.08338956535644443,-0.25916350683672296,-0.04332665628013954,-1.229911293918732,0.5990155440414507,0.0,0.0,0.4614636138383551,0.6368013276342831,0.019897761959077456,0.0406990474691018,-0.09929632769065855,-0.04902580839880461,974694532.0,19.493107240103093,3.3551913912879483,5.420907006903121,0.8462060614921432,0.0,0.7539244290301061,1.7799999999999994,1.0,13.779727839247109,-0.5500000000000007,20679.0,True,True,13.236464088397792,Non Banking Financial Company (NBFC),Financial Services,38.0,93,"Uptrend (price > 50 > 150 > 200-day, 200-day rising); Within 15% of 52-week high; Quarterly profit growth >= 25%; Sales growth >= 20% or 2+ strong quarters; 3-year profit growth >= 15%/yr; ROE >= 20%; RS rating >= 80",7
SBILIFE,-0.02141633687217426,-0.043365944816972646,-0.05284066173269475,-0.3224000550763094,0.7956848030018762,0.0,0.0,-0.4013817734247747,3.7068867175001334,0.013869875455712036,0.04063843571470649,-0.04887815391308925,-0.020351483425632522,1638747327.3000002,21.949838953158405,18.82292000564152,23.123936540913125,1.4058533471399,1.0,12.212579556278147,0.040000000000000036,1.0,12.941423032589332,-0.01999999999999602,20679.0,True,True,35.661878453038675,Life Insurance,Financial Services,88.0,93,"Uptrend (price > 50 > 150 > 200-day, 200-day rising); Within 15% of 52-week high; Quarterly profit growth >= 25%; Sales growth >= 20% or 2+ strong quarters; 3-year profit growth >= 15%/yr; ROE >= 20%; RS rating >= 80",7
SBIN,0.004292461348087161,0.21755111417413264,0.03972535556645407,0.43028005556717297,0.7771118490321536,0.0,0.0,0.04574119328665126,2.9121077883959186,0.012326596831311055,0.0241735537190082,-0.0644610242469863,-0.01595081587768326,7802601142.65,13.597014649394112,8.360709744188831,12.955226836732692,1.520017302203885,0.0,8.173757413715865,0.8500000000000014,1.0,14.538079717377556,-0.18999999999999773,20672.0,True,True,46.27292817679558,Public Sector Bank,Financial Services,57.0,93,"Uptrend (price > 50 > 150 > 200-day, 200-day rising); Within 15% of 52-week high; Quarterly profit growth >= 25%; Sales growth >= 20% or 2+ strong quarters; 3-year profit growth >= 15%/yr; ROE >= 20%; RS rating >= 80",7
SCHAEFFLER,-0.019934195694683642,-0.02539204738554146,0.007452761536724362,-0.18500458886304907,0.8722832777491775,0.0,0.0,-0.12093831087057194,1.5377265573981094,0.012942893991162776,0.05677774993735918,-0.03506508748568238,-0.023596592306550285,197299922.3,13.493645893862771,17.340888127553033,-12.099074621463357,1.3915502113895415,0.0,11.54928982291139,-0.3999999999999986,1.0,19.014550264550266,0.0,20656.0,True,True,36.20883977900552,Auto Components & Equipments,Consumer Discretionary,15.0,93,"Uptrend (price > 50 > 150 > 200-day, 200-day rising); Quarterly profit growth >= 25%; Sales growth >= 20% or 2+ strong quarters; 3-year profit growth >= 15%/yr; ROE >= 20%; RS rating >= 80",6
SCHNEIDER,0.06950440710968141,0.3980849721919617,0.3905902480752781,0.7784709555499112,0.777390180878553,0.0,0.0,-0.019296374859153028,0.7268042781389497,0.028237788243239373,0.03476070528967257,-0.045326749890522766,-0.013878693318385761,317823072.9,-69.81376432402246,4.782587712948216,1.7717464703470682,-1.135347708722775,0.0,14.422809220698785,-4.72,1.0,30.869565217391305,0.8200000000000003,20679.0,True,True,67.05745856353592,Heavy Electrical Equipment,Industrials,34.0,93,"Uptrend (price > 50 > 150 > 200-day, 200-day rising); Within 15% of 52-week high; Quarterly profit growth >= 25%; Sales growth >= 20% or 2+ strong quarters; 3-year profit growth >= 15%/yr; RS rating >= 80",6
SCI,0.026904484958405535,0.29667771111310115,0.26545772339960694,0.4604812310880586,0.7335593220338983,0.0,0.0,-0.04720409121193213,0.6288809434699749,0.018344961222343754,0.026111111111111196,-0.05439087740640902,-0.022454720797176884,453719284.85,74.8814295323388,40.31184462478343,-43.68630432668617,1.5766269574991465,3.0,20.166461283747527,6.629999999999999,1.0,14.87467018469657,-0.40000000000000036,20671.0,True,True,54.2585635359116,Shipping,Services,1.0,93,"Uptrend (price > 50 > 150 > 200-day, 200-day rising); Within 15% of 52-week high; ROE >= 20%; RS rating >= 80",4
SEAMECLTD,0.14772324823199762,0.7667598502030697,0.212393224265238,2.032694399904649,0.8878312601406165,0.0,1.0,0.5833341620783015,0.7531341238132425,0.01612055776888315,0.03389325708839652,0.01356232333971752,-0.02568869989166077,93379402.1,7.3140299724124835,40.77375308173716,-145.88121496958553,0.10833038184186745,0.0,91.83160905577985,-8.54,1.0,19.52344350499616,2.0999999999999996,20678.0,True,True,83.46629834254144,Shipping,Services,1.0,93,Quarterly profit growth >= 25%; ROE >= 20%,2
SENCO,-0.025408789681489057,-0.03728251864125931,0.2220858895705522,-0.2657324840420955,0.7463953488372093,0.0,0.0,0.33048797571182653,1.5615714676695454,0.03180905958815781,0.03141690229343386,-0.11253238655373898,-0.032691398772851904,350140644.0500001,-3.3362538506545913,67.33633396850429,-154.79726115325158,-0.03969013266080448,0.0,51.032246329498406,-2.4200000000000004,1.0,22.8321400159109,0.2099999999999973,20675.0,True,True,33.91160220994475,"Gems, Jewellery And Watches",Consumer Discretionary,11.0,93,"Uptrend (price > 50 > 150 > 200-day, 200-day rising); Within 15% of 52-week high; Quarterly profit growth >= 25%; RS rating >= 80",4
SENORES,0.17467957005202797,0.9977691020635804,0.8182741116751269,2.292334297233077,0.8666666666666666,0.0,0.0,0.1151007674980054,1.985658720071954,0.022294896337645222,0.048375805096611435,-0.0271824513766723,-0.03079736777839381,292523772.45,43.783680684976225,30.596420030436988,-60.31757978851717,1.5840596091691264,11.0,,1.549999999999999,1.0,13.062098501070663,3.130000000000001,20661.0,True,True,86.20110497237569,Pharmaceuticals,Healthcare,17.0,93,"Uptrend (price > 50 > 150 > 200-day, 200-day rising); 3-year profit growth >= 15%/yr; ROE >= 20%",3
SETL,0.4150140617633449,0.9597963296913123,2.357869865503453,2.4067937336145824,0.9031293388871089,0.0,1.0,1.0831405451293346,0.9913603168970895,0.03160633392538178,0.04993819530284305,0.22168284789644033,-0.04721740424133791,224817701.02499998,26.588650769617985,43.1155023978737,-1.305861634843673,1.1131748531132708,3.0,,-1.4100000000000001,1.0,10.532994923857867,0.19999999999999973,20671.0,True,True,97.9060773480663,Industrial Products,Industrials,4.0,93,3-year profit growth >= 15%/yr; ROE >= 20%,2
SFL,-0.0171193422159565,-0.05360566288158097,0.29961522883758596,-0.1663299112269827,0.7617274310769415,0.0,0.0,0.41644347368633156,0.5439250301620874,0.021588367140098732,0.05173486852341691,-0.07434170381854122,-0.03599134814387052,102850372.55000001,300.0,25.63031859850746,0.0,1.482505927928587,3.0,-0.6035635782596915,4.79,1.0,4.950799507995081,-2.010000000000005,20669.0,True,True,37.08397790055249,"Furniture, Home Furnishing",Consumer Discretionary,,93,"Uptrend (price > 50 > 150 > 200-day, 200-day rising); Within 15% of 52-week high; 3-year profit growth >= 15%/yr; ROE >= 20%; RS rating >= 80",5
SGFIN,0.09814737887090583,0.8447629252611839,0.5178532069649548,1.4580236264758941,0.830778747680253,0.0,0.0,0.09776577822917477,1.109907741555193,0.021702301324716202,0.01782545571866434,-0.08973700501107795,-0.0439027631198806,139697133.3,118.91585444569554,101.37594318686199,41.22953994670186,3.9711718507946596,5.0,65.07948610273031,3.1599999999999966,1.0,8.767123287671232,-0.8199999999999998,20679.0,True,True,74.93370165745856,Non Banking Financial Company (NBFC),Financial Services,38.0,93,"Uptrend (price > 50 > 150 > 200-day, 200-day rising); Within 15% of 52-week high; ROE >= 20%; RS rating >= 80",4
SGMART,0.20255434063173602,1.116453695165327,0.6086912986882946,2.38933670756537,0.8723564954682779,0.0,0.0,0.4933776807858168,1.4100091404927269,0.029613646207598474,0.03952446159591694,-0.0016609064639712123,-0.0276372026681721,163547582.575,41.184946609002424,14.408491217639895,15.913755664438597,1.1122508951679706,2.0,314.82618269731233,0.6600000000000001,1.0,6.950532247964934,-1.12,20654.0,True,True,89.70165745856353,Trading - Metals,Commodities,,93,"Uptrend (price > 50 > 150 > 200-day, 200-day rising); ROE >= 20%",2
SHAILY,0.08144177105171456,0.4530639431616341,0.517342112584624,0.70071079389636,0.8472560300951538,0.0,0.0,0.7783735776817182,0.6275728224254247,0.022399010994829126,0.03660549876182606,-0.047080981627920515,-0.03986613156502547,402889745.79999995,16.777415525042837,13.774372694474856,-23.76023802667517,0.8469102193548284,0.0,66.54813763384276,0.4399999999999977,1.0,23.743016759776538,5.679999999999996,20673.0,True,True,70.22983425414365,Plastic Products - Consumer,Consumer Discretionary,32.0,93,"Uptrend (price > 50 > 150 > 200-day, 200-day rising); Within 15% of 52-week high; Quarterly profit growth >= 25%; Sales growth >= 20% or 2+ strong quarters; RS rating >= 80",5
SHAKTIPUMP,-0.1396646024341728,-0.43937298294144767,0.00703933747412,-1.027380866817644,0.5312949847411758,0.0,0.0,0.4100397697033742,0.7093056614655566,0.017671035537708338,0.07567336468576302,-0.06758045870150442,-0.026718125067155665,179663465.3,-46.72152156182572,37.93895582329316,18.498821902521463,-0.6879513561698564,0.0,134.8367416355814,-9.55,1.0,15.131964809384163,-2.33,20649.0,True,True,2.5160220994475138,"Compressors, Pumps & Diesel Engines",Industrials,52.0,93,"Uptrend (price > 50 > 150 > 200-day, 200-day rising); Within 15% of 52-week high; Quarterly profit growth >= 25%; ROE >= 20%; RS rating >= 80",5
SHANTIGOLD,0.1724316833381187,0.10361952485347414,0.5087772952474157,0.763450410026176,0.9264763277192352,1.0,1.0,0.8953023855502452,12.528298410318621,0.0378695117575427,0.14829701713560395,0.24301458830277367,-0.0896621274356113,363512351.78999996,186.68079083698424,136.25750280324516,-113.31920916301576,,7.0,,1.2400000000000002,1.0,23.411371237458194,2.9299999999999997,20678.0,True,True,86.09171270718232,"Gems, Jewellery And Watches",Consumer Discretionary,11.0,93,3-year profit growth >= 15%/yr,1
SHARDACROP,-0.06790435922660334,-0.10887752730653033,-0.16130796150481186,-0.31858471428731683,0.5578257517347726,0.0,0.0,-0.9333152480141544,0.860685049026495,0.016096837019084445,0.03707081894585951,-0.08202403866283847,-0.02504034538317364,94006539.75,-38.33983730101623,9.033214528690813,-94.85594508362537,-1.4071212252652834,0.0,39.50100713604927,-6.300000000000001,1.0,21.715561224489797,-1.9999999999999982,20649.0,True,True,18.81546961325967,Pesticides & Agrochemicals,Commodities,93.0,93,"Uptrend (price > 50 > 150 > 200-day, 200-day rising); Within 15% of 52-week high; Quarterly profit growth >= 25%; Sales growth >= 20% or 2+ strong quarters; RS rating >= 80",5
SHAREINDIA,0.20212128078485167,0.22419903600793867,0.3962004850444625,0.8440505573019379,0.8785515320334262,1.0,1.0,1.794924846384668,0.4597344178353165,0.029595782826943806,0.11420555980617175,0.10781604450069127,-0.0597978993099266,108429777.5,47.44692870382758,31.24688790603671,-164.00947836253206,0.9387317343786081,2.0,1.102521401366885,3.0500000000000007,1.0,12.296015180265654,0.3400000000000003,20658.0,True,True,89.59226519337017,Stockbroking & Allied,Financial Services,21.0,93,3-year profit growth >= 15%/yr; ROE >= 20%,2
SHILCTECH,,,0.11737880714167281,,0.7564363771068716,0.0,0.0,-0.30543756198107364,1.6022632624597613,0.028433509456344083,0.039759338179994996,-0.018591491351637845,-0.01411020658924978,77970279.15,-49.72064413906945,-15.206299212598417,-0.9935704890978627,-1.2722375871387985,0.0,36.823757381474124,-10.64,1.0,32.244897959183675,0.05999999999999961,20679.0,True,True,,Other Electrical Equipment,Industrials,50.0,93,"Uptrend (price > 50 > 150 > 200-day, 200-day rising); Within 15% of 52-week high; Quarterly profit growth >= 25%; Sales growth >= 20% or 2+ strong quarters; RS rating >= 80",5
SHILPAMED,0.4147997988371957,1.3017239289091482,1.7153890160183063,3.6277657293029115,0.974139534883721,1.0,1.0,1.9194015802240032,0.4504985367779286,0.030651989318232657,0.0654771221370063,0.23423178146837276,-0.04807195956938739,741532159.225,115.10824478123224,44.89516580601007,-32.5977869127113,4.314482506717213,12.0,198.00450994952726,7.07,1.0,9.375,-0.2099999999999973,20670.0,True,True,97.79668508287293,Pharmaceuticals,Healthcare,17.0,93,ROE >= 20%,1
SHK,-0.06984456204353318,-0.38525854371296364,0.26872172893281965,-0.9130594285729192,0.5714401491206743,0.0,0.0,0.867530891352903,0.29425804066606487,0.029574142757359406,0.0446196123806768,-0.07392935805481804,-0.023837311232628198,62535282.64,2.781705670704482,14.11197243755382,97.60187022567155,0.032570878191574615,0.0,-12.474211162923766,-0.4200000000000004,1.0,5.069801616458487,-0.6699999999999999,20637.0,True,True,18.04972375690608,Specialty Chemicals,Commodities,37.0,93,"Uptrend (price > 50 > 150 > 200-day, 200-day rising); Within 15% of 52-week high; Quarterly profit growth >= 25%; Sales growth >= 20% or 2+ strong quarters; 3-year profit growth >= 15%/yr; ROE >= 20%; RS rating >= 80",7
SHREECEM,-0.08103246300593975,-0.22121517287680426,-0.02130352246361522,-1.097944636065795,0.7378240052831435,0.0,0.0,-0.7482652473882277,13.895751232135273,0.014881325768361025,0.02914389799635697,-0.08224663723174863,-0.015436220698665041,413787772.5,-17.50345223617179,18.032032540031206,-9.319341183604333,-0.3741712327029493,0.0,1.5518085897672007,-3.67,1.0,7.517084282460136,-0.09999999999999432,20643.0,True,True,14.002209944751382,Cement & Cement Products,Commodities,87.0,93,"Uptrend (price > 50 > 150 > 200-day, 200-day rising); Within 15% of 52-week high; Quarterly profit growth >= 25%; Sales growth >= 20% or 2+ strong quarters; 3-year profit growth >= 15%/yr; ROE >= 20%; RS rating >= 80",7
SHREEJISPG,0.3729620637432614,1.5498417721518987,0.8930983847283407,4.731087343391882,0.9953488372093023,1.0,1.0,0.4914978288128115,1.1725942598597632,0.024365750178927007,0.03807684348485907,0.1531363242432544,-0.03596767054493644,515756236.0,19.069696966764617,29.567591041627892,37.139263190208254,0.5968663114665939,0.0,,-1.8699999999999974,1.0,19.89596879063719,0.18000000000000016,20679.0,True,True,97.35911602209946,Shipping,Services,1.0,93,Quarterly profit growth >= 25%; 3-year profit growth >= 15%/yr; ROE >= 20%,3
SHRINGARMS,0.042886520798647985,0.14524964783221161,0.2142383006969797,0.42760206704180936,0.8427767354596623,0.0,0.0,0.1302626905188821,4.519216226644587,0.012902409006680075,0.04024825158630918,0.01700195431007767,-0.021011503771217205,80076585.64,19.30105364814345,64.9048435104176,-104.36803080942583,0.9975949210630748,0.0,,-2.37,1.0,16.986706056129986,-1.6599999999999993,20679.0,True,True,59.50939226519337,"Gems, Jewellery And Watches",Consumer Discretionary,11.0,93,"Uptrend (price > 50 > 150 > 200-day, 200-day rising); Within 15% of 52-week high; Quarterly profit growth >= 25%; 3-year profit growth >= 15%/yr; ROE >= 20%; RS rating >= 80",6
SHRIPISTON,0.15155976179541808,0.7708621484555092,0.5194329981869128,2.02358872723424,0.9609126574437332,1.0,1.0,0.5251468968019397,3.6171994977876976,0.01959015913135447,0.04862261691740133,0.039400601971012916,-0.030993213114806295,269015588.85,9.545224006762476,53.05719921104539,3.570489823438816,1.5894024997026457,0.0,20.411048013373478,-3.9800000000000004,1.0,19.33815925542916,4.02,20638.0,True,True,84.01325966850828,Auto Components & Equipments,Consumer Discretionary,15.0,93,Quarterly profit growth >= 25%; ROE >= 20%,2
SHRIRAMFIN,0.09989219532957276,0.765108142493639,0.22803717636645282,1.591208045459423,0.8517812256219122,0.0,0.0,-0.212928539885153,1.3319874216662533,0.018836046313513755,0.01634320735444339,-0.07309591811325455,-0.021373968786756757,4223908925.55,59.904252812655386,16.15861903969378,18.968311741551354,5.796321841715003,2.0,21.280822018888436,7.050000000000001,1.0,15.20677205012288,6.210000000000008,20658.0,True,True,75.48066298342542,Non Banking Financial Company (NBFC),Financial Services,38.0,93,"Uptrend (price > 50 > 150 > 200-day, 200-day rising); ROE >= 20%; RS rating >= 80",3
SHYAMMETL,0.062034630317950326,0.2111646452899152,0.4196689386562804,0.6339303466662539,0.9277003484320557,1.0,1.0,-0.09707674747866456,2.4066065606201827,0.01735425482284604,0.027671755725190872,0.02042673958805441,-0.016490720399553967,419564307.45,20.63649837932131,23.450724624562103,-20.953722025968922,0.5235980338622644,2.0,21.06155561891674,-0.15000000000000036,1.0,9.198993317712402,4.459999999999999,20654.0,True,True,65.41657458563536,Iron & Steel Products,Industrials,8.0,93,Quarterly profit growth >= 25%; ROE >= 20%; RS rating >= 80,3
SIEMENS,0.03912785915319928,0.24367362054067399,0.32178818590311264,0.48731352777217973,0.8978647515303418,0.0,0.0,0.4039039892607863,0.9782204982877393,0.01560908553922032,0.03996280058456225,-0.04350835466800573,-0.02307267486835018,1020527723.1500001,-18.623757186015546,14.752781361832646,-9.011554470963636,-0.9946854701506028,0.0,-5.290673322755413,-2.9899999999999993,1.0,17.698769290877124,0.17999999999999972,20648.0,True,True,58.087292817679554,Heavy Electrical Equipment,Industrials,34.0,93,"Uptrend (price > 50 > 150 > 200-day, 200-day rising); Quarterly profit growth >= 25%; Sales growth >= 20% or 2+ strong quarters; 3-year profit growth >= 15%/yr; ROE >= 20%; RS rating >= 80",6
SIGACHI,0.022863456496566445,-0.22719734660033175,0.7913234486545853,-0.5893257523046482,0.6735266604303087,0.0,0.0,0.44617873148009085,1.1161835324075853,0.03984813316775552,0.06728110599078363,-0.029518803073190325,-0.10563836907382085,72204105.33,-59.11026816289975,-5.44249512670566,-12.153378793822625,-1.156787525809128,0.0,-17.414874773584078,-8.82,1.0,-15.900383141762454,-0.06000000000000005,20678.0,True,True,52.8364640883978,Pharmaceuticals,Healthcare,17.0,93,"Uptrend (price > 50 > 150 > 200-day, 200-day rising); Within 15% of 52-week high; Quarterly profit growth >= 25%; Sales growth >= 20% or 2+ strong quarters; 3-year profit growth >= 15%/yr; ROE >= 20%; RS rating >= 80",7
SIGNATURE,-0.07702654284835574,-0.3041395516992047,0.035856037672384655,-0.9408774040029119,0.630167258861253,0.0,0.0,0.0008841001739451919,6.16866912378736,0.019681811811442382,0.03776296877041685,-0.07640270188568055,-0.022676924342067774,160245883.075,-100.0,-36.2355169983943,-161.33591167042314,-1.2232223096493469,0.0,,-6.970000000000001,0.0,59.189189189189186,-0.02999999999999936,20671.0,True,True,15.424309392265195,"Residential, Commercial Projects",Consumer Discretionary,53.0,93,"Uptrend (price > 50 > 150 > 200-day, 200-day rising); Within 15% of 52-week high; Quarterly profit growth >= 25%; Sales growth >= 20% or 2+ strong quarters; 3-year profit growth >= 15%/yr; RS rating >= 80",6
SILVERTUC,0.13294684766314316,1.373191899710704,0.5877419354838711,1.7714469402545172,0.6480166051660516,0.0,0.0,-0.6737964174826175,1.2699307222536615,0.026748282277258045,0.09857806945583802,-0.21241700358557947,-0.042457720708269316,78131836.855,147.6715001683802,23.449367088607588,104.12777777227394,3.2505537109532714,6.0,61.652456706404735,6.430000000000001,1.0,21.301775147928996,-0.6599999999999999,20664.0,True,True,81.49723756906077,Computers - Software & Consulting,Information Technology,82.0,93,"Uptrend (price > 50 > 150 > 200-day, 200-day rising); Within 15% of 52-week high",2
SIRCA,-0.03360667574260579,-0.1326154152956427,0.036335477722182485,-0.6565420657641606,0.7608534322820037,0.0,0.0,0.3306177602172052,0.8150794207184299,0.013894459198114033,0.02422145328719716,-0.03510877084009767,-0.023485032096743828,131628234.82499999,14.170496235501462,13.80427170868348,-11.185477731044925,0.7030899346591413,0.0,12.296755073237907,0.040000000000000924,1.0,13.684210526315791,3.3199999999999994,20655.0,True,True,31.176795580110493,Paints,Consumer Discretionary,61.0,93,"Uptrend (price > 50 > 150 > 200-day, 200-day rising); Within 15% of 52-week high; Quarterly profit growth >= 25%; Sales growth >= 20% or 2+ strong quarters; 3-year profit growth >= 15%/yr; ROE >= 20%; RS rating >= 80",7
SIS,0.055081930693119965,0.2417439165701043,0.4850164559154686,0.6991822721911263,0.8714003534670964,0.0,0.0,-0.41369729773995473,6.897498871785714,0.01530208578554108,0.06202435312024357,-0.014040106524132678,-0.01842335776285086,81288488.82499999,9.431686231272796,29.73349227417861,-81.97827433854506,0.2656653712301982,0.0,4.331814749318941,-0.41000000000000014,1.0,5.420267085624509,0.33999999999999986,20670.0,True,True,63.556906077348074,Other Consumer Services,Consumer Discretionary,,93,"Uptrend (price > 50 > 150 > 200-day, 200-day rising); Quarterly profit growth >= 25%; 3-year profit growth >= 15%/yr; ROE >= 20%; RS rating >= 80",5
SJS,0.09447572157629189,0.6249428664707801,0.5398799579233959,1.2811108332419634,0.8718146718146718,0.0,0.0,0.34515656536634826,1.6134791566472513,0.021758581668461688,0.06919682259488091,-0.056766136484018626,-0.019243509861545785,326551157.0,57.814564412873935,24.487265095869514,12.891170197730183,4.69731758920744,11.0,40.581606773873126,4.419999999999998,1.0,19.81566820276498,1.9400000000000048,20671.0,True,True,73.94917127071824,Auto Components & Equipments,Consumer Discretionary,15.0,93,"Uptrend (price > 50 > 150 > 200-day, 200-day rising); ROE >= 20%; RS rating >= 80",3
SJVN,-0.11541224430049982,-0.30194174757281567,-0.02206437962823049,-1.1609834753185704,0.6358666523743166,0.0,0.0,-0.4162957380889303,5.116621317440406,0.009043641155265982,0.0165832290362955,-0.09887191889239644,-0.039592572742045695,109653869.74,-1.2500207308829392,51.9843043217614,80.80736165210386,-0.03297001974379829,0.0,-15.076533010399906,-8.689999999999998,1.0,4.50874359154435,0.040000000000000036,20665.0,True,True,5.688397790055249,Power Generation,Utilities,75.0,93,"Uptrend (price > 50 > 150 > 200-day, 200-day rising); Within 15% of 52-week high; Quarterly profit growth >= 25%; 3-year profit growth >= 15%/yr; ROE >= 20%; RS rating >= 80",6
SKFINDIA,-0.09121752695215718,-0.3149857610142742,0.030232712325134248,-1.1934539755139015,0.6219338894037689,0.0,0.0,1.1663662983634189,1.8709797891637963,0.015278351947184866,0.025058004640371223,-0.017771064351315147,-0.009971856591055728,59029088.0,-47.626269889310734,-54.19163776643416,52.373730110689266,-0.6797066601821902,0.0,-24.98465162690433,1.3199999999999985,1.0,20.0150489089541,-0.03999999999999915,20652.0,True,True,11.267403314917127,Abrasives & Bearings,Industrials,55.0,93,"Uptrend (price > 50 > 150 > 200-day, 200-day rising); Within 15% of 52-week high; Quarterly profit growth >= 25%; Sales growth >= 20% or 2+ strong quarters; 3-year profit growth >= 15%/yr; RS rating >= 80",6
SKFINDUS,,,0.4078810759792355,,0.8599434554323174,1.0,0.0,0.559157782812596,2.5820518549750484,0.021250497282878974,0.03853482955748455,-0.020512649927491355,-0.024522976018845656,106550550.44999999,-13.843999573331478,18.295699645394393,-11.941697104842032,,0.0,,-2.38,1.0,14.769647696476964,-0.3299999999999983,20679.0,True,True,,Abrasives & Bearings,Industrials,55.0,93,"Uptrend (price > 50 > 150 > 200-day, 200-day rising); Quarterly profit growth >= 25%; Sales growth >= 20% or 2+ strong quarters; 3-year profit growth >= 15%/yr; ROE >= 20%; RS rating >= 80",6
SKIPPER,0.021376717835983328,-0.002672072238090739,0.5578583765112264,-0.05223216645347907,0.8611381322957199,0.0,0.0,0.6097225559471534,0.6396430308615324,0.025768709126330044,0.08081916255256916,-0.027269064537396526,-0.03796348018107457,375633590.17499995,25.588077645040986,4.46381573700414,-37.22808708338627,1.8796297000660165,9.0,64.16301326874351,0.73,1.0,14.285714285714285,6.8500000000000005,20676.0,True,True,52.28950276243094,Heavy Electrical Equipment,Industrials,34.0,93,"Uptrend (price > 50 > 150 > 200-day, 200-day rising); ROE >= 20%; RS rating >= 80",3
SKMEGGPROD,0.08322615648336987,0.6672890216579535,0.71258709966119,0.5486285678425582,0.5676075268817204,0.0,0.0,-0.07785628104229668,0.4693621681597356,0.03814761961344731,0.03841807909604511,-0.16420261802694036,-0.055163931329068654,61417828.47,46.27769090075206,4.871940808195796,-253.72230909924792,0.40682852521419866,5.0,2.2129236225232107,3.66,1.0,26.329113924050635,0.65,20663.0,True,True,71.21436464088397,Meat Products including Poultry,Fast Moving Consumer Goods,,93,"Uptrend (price > 50 > 150 > 200-day, 200-day rising); Within 15% of 52-week high; 3-year profit growth >= 15%/yr; RS rating >= 80",4
SKYGOLD,0.3430481993960927,1.7831034482758623,1.456177723676202,3.6789655185324053,0.9331261510128914,0.0,1.0,0.564548942473008,1.3200661751140665,0.029557119705889014,0.05316711590296497,0.05986186628248258,-0.020892614576153393,623693409.15,140.78016446267213,77.92776068738729,3.0920106837797334,4.721838517679966,15.0,142.8562332390038,1.3599999999999999,1.0,23.519599666388658,2.6499999999999986,20674.0,True,True,96.8121546961326,"Gems, Jewellery And Watches",Consumer Discretionary,11.0,93,,0
SMLMAH,0.2899520876760924,0.49623597644922235,0.2837396330736366,1.5541846862425563,0.9535406247735014,1.0,1.0,1.0128345985688747,0.35438231356374317,0.04893557187908905,0.09998253580160665,0.17776604030330434,-0.03614383318781922,437255543.75,-5.095690857432933,13.199115724266752,-7.4802023024933995,-0.36945244042801834,0.0,46.968848630775724,-1.2800000000000002,1.0,30.828516377649322,1.3399999999999999,20679.0,True,True,95.17127071823204,Commercial Vehicles,Industrials,,93,Quarterly profit growth >= 25%; Sales growth >= 20% or 2+ strong quarters,2
SMSPHARMA,0.13797620142855763,0.29695511143664355,-0.03703224135698546,1.3385277882491795,0.9638992820305391,1.0,1.0,0.9689289249230564,0.8406910416596535,0.03196901461541972,0.11019283746556474,0.20646315933363568,-0.06543938667862931,85544528.275,2.0292401728394083,5.5649069115021765,-58.925113468863174,0.11342905230180612,0.0,80.85220431904307,-0.34999999999999964,1.0,12.993630573248408,0.1499999999999999,20665.0,True,True,81.82541436464088,Pharmaceuticals,Healthcare,17.0,93,Quarterly profit growth >= 25%; Sales growth >= 20% or 2+ strong quarters; ROE >= 20%,3
SOBHA,-0.07223645242402384,-0.20416957100310484,0.023136456211812595,-0.7346832338986129,0.705311778290993,0.0,0.0,-0.8388048350483962,1.2543460994548505,0.012876492602594278,0.023575319079749635,-0.05105622041347735,-0.014262000250622206,94551711.2,273.1994559412159,50.0299320366697,148.1962403218464,1.642659722589174,2.0,27.361942061660717,2.38,1.0,4.088983050847458,-0.21999999999999886,20654.0,True,True,17.174585635359115,"Residential, Commercial Projects",Consumer Discretionary,53.0,93,"Uptrend (price > 50 > 150 > 200-day, 200-day rising); Within 15% of 52-week high; ROE >= 20%; RS rating >= 80",4
SOLARA,0.0945366987527323,-0.03544747674950455,0.42907160605376093,0.23103077975246997,0.9372093023255814,0.0,1.0,0.8308978470831171,0.7486330603865764,0.033178173708804125,0.09058906360009389,0.18019536512192413,-0.025031261527162944,195515023.54999998,54.713229743779635,19.56760144132854,-45.286770256220365,0.0599063288788695,2.0,,0.9699999999999998,1.0,-0.5586592178770949,-0.08000000000000007,20657.0,True,True,74.0585635359116,Pharmaceuticals,Healthcare,17.0,93,3-year profit growth >= 15%/yr; ROE >= 20%; RS rating >= 80,3
SOLARINDS,0.09741791603425878,0.41456208230742164,0.6192623610887422,1.0656061230038123,0.8678414096916299,0.0,1.0,-0.23300947557672047,1.609918393477616,0.028166499870672723,0.05630026809651478,0.0014121436218179628,-0.06788436750178324,2229433252.5,88.98304177656868,70.26155167212049,28.416263110995608,6.413015032636863,3.0,35.174833554430386,1.8000000000000007,1.0,27.67245499442409,0.2699999999999996,20656.0,True,True,74.60552486187845,Explosives,Commodities,,93,RS rating >= 80,1
SOMANYCERA,0.10178899681310163,0.1783486626493287,0.4636900853578463,0.8557098238128588,0.9847760242308307,1.0,1.0,0.8825303052491581,1.4339752703640765,0.017664303637077307,0.02942717429269992,0.14141751953482284,-0.04185116754228941,57372108.75,300.0,24.009000066176945,186.83390329156566,2.296640150837798,3.0,17.11692715488191,3.3500000000000005,1.0,8.788598574821853,-2.1799999999999997,20655.0,True,True,75.80883977900552,Ceramics,Consumer Discretionary,35.0,93,ROE >= 20%; RS rating >= 80,2
SONACOMS,0.20400186675766974,0.929630948142874,0.6635294117647057,3.1071471027011386,0.9834123222748815,0.0,1.0,0.08284270686484302,1.7359150498281504,0.018349260536199518,0.038693919526931575,0.04656851619281066,-0.022318045040092976,1610757930.4,39.00749917089772,52.38139850803949,26.16636200044817,3.870228383514389,1.0,18.021605429143015,-1.3199999999999985,1.0,10.5131205081063,0.05000000000001137,20657.0,True,True,90.46740331491714,Auto Components & Equipments,Consumer Discretionary,15.0,93,ROE >= 20%,1
SONATSOFTW,-0.06488637735457314,-0.24466571834992878,0.3335616438356166,-0.7107456208746608,0.6448189762796505,0.0,0.0,0.3315892349914825,1.686976465037125,0.031068082563580807,0.05811547865337596,-0.13157664655758006,-0.03378984010315934,275170223.05,-1.1011656869211128,10.586878368260955,-43.74678108615351,-0.0544859618116285,0.0,2.934992427738714,-0.3900000000000001,1.0,24.35695538057743,-0.4399999999999977,20642.0,True,True,19.58121546961326,Computers - Software & Consulting,Information Technology,82.0,93,"Uptrend (price > 50 > 150 > 200-day, 200-day rising); Within 15% of 52-week high; Quarterly profit growth >= 25%; Sales growth >= 20% or 2+ strong quarters; 3-year profit growth >= 15%/yr; RS rating >= 80",6
SOTL,0.2470787864280003,0.7012601927353597,1.2896574659128701,1.5823346564871101,0.8354253835425384,1.0,1.0,0.7993149371860903,2.684171128935853,0.03819420681615838,0.12040668119099496,0.0412788549988774,-0.01902904521206144,174226876.75,300.0,49.60469912649628,238.1323967226829,8.864586241929329,5.0,29.492761785669085,13.809999999999999,1.0,10.02754820936639,0.1399999999999988,20670.0,True,True,93.5303867403315,Lubricants,Energy,2.0,93,Within 15% of 52-week high; ROE >= 20%,2
SOUTHBANK,0.12041078541637144,0.5240320427236314,0.27506283161128153,1.4346063395742479,0.951854775059195,1.0,1.0,0.3844224578159819,5.069854319022573,0.02032945881620371,0.05989804587935432,0.03736581337737399,-0.035387951979990444,385120504.37,17.185957112982386,11.232877872030599,-1.7875366616439052,2.500365610053531,0.0,20.55483989054658,0.7299999999999986,1.0,12.752912323727776,2.6700000000000017,20650.0,True,True,78.98121546961326,Private Sector Bank,Financial Services,30.0,93,Quarterly profit growth >= 25%; Sales growth >= 20% or 2+ strong quarters; ROE >= 20%; RS rating >= 80,4
SPAL,0.05676493830610169,0.44086980381396623,0.4987513378523012,0.6504996652363684,0.7894263032981422,0.0,0.0,0.6206690764055056,0.46082288131233373,0.029017717920689908,0.05003427004797811,-0.029510096777341732,-0.02708962806561709,55967393.95,16.51667118358675,-0.5849692643267956,55.37779114649904,0.4636096544085463,0.0,13.656071132836844,0.9100000000000001,1.0,10.676532769556026,-0.4100000000000037,20676.0,True,True,63.7756906077348,Garments & Apparels,Consumer Discretionary,16.0,93,"Uptrend (price > 50 > 150 > 200-day, 200-day rising); Within 15% of 52-week high; Quarterly profit growth >= 25%; Sales growth >= 20% or 2+ strong quarters; 3-year profit growth >= 15%/yr; ROE >= 20%; RS rating >= 80",7
SPARC,0.09838106028101827,0.4300165004663177,0.648854330382993,0.7169877625568637,0.682318339100346,0.0,0.0,-0.017073567105403527,2.1277016051128737,0.026029321721404826,0.040788835605366724,-0.026346272919302027,-0.034965377374070385,167633910.225,100.0,300.0,0.0,0.04876399790056815,1.0,114.30766928432301,486.02000000000004,0.0,116.06875934230195,1.0699999999999998,20652.0,True,True,75.1524861878453,Pharmaceuticals,Healthcare,17.0,93,"Uptrend (price > 50 > 150 > 200-day, 200-day rising); Within 15% of 52-week high; RS rating >= 80",3
SPLPETRO,0.02667659640048233,-0.15246454312950486,-0.03462658898305093,-0.14631914473750385,0.8255362614913178,0.0,1.0,0.7011693121146775,3.05935631894004,0.022914801708372075,0.07273853779429995,0.06713214507821297,-0.041557239828911866,108966010.875,189.75254090161607,22.29815038055223,130.02902816263955,3.7260623993772493,2.0,9.241517811489853,8.01,1.0,13.883045856121162,0.009999999999999787,20661.0,True,True,54.149171270718234,Petrochemicals,Commodities,22.0,93,Within 15% of 52-week high; 3-year profit growth >= 15%/yr; ROE >= 20%; RS rating >= 80,4
SPORTKING,0.20337028753677866,1.0591280653950954,0.9815575561576786,1.902895438508119,0.8715995196886258,0.0,0.0,0.9050881159654777,0.36787192018444353,0.03208271915496906,0.03683472712331426,-0.012482595298948018,-0.027038980968344905,71608588.19,122.90849063576816,20.12290884260839,130.2901963838623,6.210245643451419,1.0,21.51305483535282,4.98,1.0,11.549566891241577,0.12999999999999998,20679.0,True,True,89.92044198895027,Other Textile Products,Consumer Discretionary,14.0,93,"Uptrend (price > 50 > 150 > 200-day, 200-day rising); ROE >= 20%",2
SRF,-0.047811954545698754,-0.11807660512537876,0.026253557256803894,-0.4964408910872271,0.7702492211838006,0.0,0.0,-0.764557927653492,0.82068664641608,0.017226573021674345,0.02253941373331725,-0.0410764455021152,-0.015242642078729456,632059475.15,75.58921485576174,31.808349613211064,63.24174166793049,2.539668780735591,1.0,5.408575860735421,3.76,1.0,13.067939040022788,0.04999999999999716,20656.0,True,True,25.597790055248616,Commodity Chemicals,Commodities,45.0,93,"Uptrend (price > 50 > 150 > 200-day, 200-day rising); Within 15% of 52-week high; 3-year profit growth >= 15%/yr; ROE >= 20%; RS rating >= 80",5
SSWL,0.28107241281245626,0.26957424714434053,0.707828127619154,1.6559121758859725,0.986344410876133,1.0,1.0,1.4563979677324324,1.618423100688993,0.03186643571067813,0.16882054637657462,0.23246656998604154,-0.04517923203099178,271850491.8,47.03804331487396,27.219872259390954,46.72036081466755,3.209457366817634,1.0,3.249746211852411,0.6199999999999997,1.0,10.526315789473683,-1.5500000000000007,20649.0,True,True,94.62430939226519,Auto Components & Equipments,Consumer Discretionary,15.0,93,3-year profit growth >= 15%/yr; ROE >= 20%,2
STAR,0.05745334820086448,0.20009366584709043,0.09007763479740505,0.8072323746404445,0.8882544214449996,1.0,1.0,0.8630932572492821,1.066535652226637,0.024283819879749948,0.11249528123820318,0.045648143134292996,-0.028394056417983086,244764833.5,0.22845971045999391,13.009270009109253,-24.95600488234555,0.008958786136863467,0.0,45.83566761776186,-1.1400000000000006,1.0,18.506598004505953,0.7000000000000028,20657.0,True,True,63.99447513812155,Pharmaceuticals,Healthcare,17.0,93,Quarterly profit growth >= 25%; Sales growth >= 20% or 2+ strong quarters; ROE >= 20%; RS rating >= 80,4
STARHEALTH,0.02359992640224084,0.25928801153376946,0.24084799475467156,0.7836915949054757,0.8555768923027685,0.0,0.0,0.671483795053938,14.71473574735493,0.014458112612932238,0.027212754260582672,-0.06444997392743779,-0.022590047383690234,197482170.425,25.495886550611367,13.147897713302182,-274.5041134493886,1.1817247250052196,2.0,6.809951572196393,0.9800000000000004,1.0,7.353135313531353,0.0800000000000054,20679.0,True,True,53.164640883977896,General Insurance,Financial Services,78.0,93,"Uptrend (price > 50 > 150 > 200-day, 200-day rising); 3-year profit growth >= 15%/yr; ROE >= 20%; RS rating >= 80",4
STOVEKRAFT,0.06329132238783307,0.19370255833567618,0.7842210316209688,0.27156391623504406,0.9064424173318131,0.0,0.0,0.7709993091339358,0.3594995047109241,0.022298519693455976,0.02963837454952145,-0.009514245202383309,-0.01770123384036171,82633032.1,112.60958655794293,17.508484727490515,-187.39041344205708,,5.0,,3.6500000000000004,1.0,26.82119205298013,-0.46999999999999886,18772.0,True,True,65.6353591160221,Household Appliances,Consumer Discretionary,90.0,93,"Uptrend (price > 50 > 150 > 200-day, 200-day rising); 3-year profit growth >= 15%/yr; RS rating >= 80",3
STYLAMIND,0.16067159844489332,1.0037593984962405,0.592141544117647,2.6542235522166076,0.7972771084337349,0.0,0.0,0.6579018714931455,1.0204039719036428,0.02204929078540668,0.04520349285692249,-0.03653239018123233,-0.017235525985771095,118522886.0,70.3389904852906,15.36857728461376,41.006686720962705,2.6991282428541763,3.0,18.212953457766723,4.76,1.0,18.610421836228287,-1.3599999999999994,20656.0,True,True,85.32596685082873,Plywood Boards/ Laminates,Consumer Discretionary,,93,"Uptrend (price > 50 > 150 > 200-day, 200-day rising); Within 15% of 52-week high; ROE >= 20%",3
STYLEBAAZA,0.0721550512504971,0.08690347071583515,0.395231465367212,0.07516940958436358,0.8605457392082307,0.0,1.0,0.35922939208014226,3.794945350638143,0.03173278726438557,0.04976051091005851,0.06550612579480242,-0.02663858373057519,249270753.10000002,13.867366423868832,28.719631609590856,-134.82183130356339,0.027713898894986173,0.0,,-0.06,1.0,10.444444444444445,-0.6999999999999993,20678.0,True,True,67.60441988950276,Speciality Retail,Consumer Discretionary,68.0,93,Quarterly profit growth >= 25%; 3-year profit growth >= 15%/yr; ROE >= 20%; RS rating >= 80,4
STYRENIX,-0.055750914676140684,-0.1944477972238986,0.0968554837295934,-0.6118968883873176,0.759705993215228,0.0,0.0,0.08978151144330294,1.2968778573871795,0.01936248217332193,0.02492421690804969,-0.07578092041306705,-0.021970419541947436,86467447.8,166.484844630727,7.139374668786425,132.65606708251727,4.083104792298811,2.0,28.660458335613104,8.18,1.0,13.386978785662034,0.010000000000001563,20669.0,True,True,22.534806629834254,Specialty Chemicals,Commodities,37.0,93,"Uptrend (price > 50 > 150 > 200-day, 200-day rising); Within 15% of 52-week high; ROE >= 20%; RS rating >= 80",4
SUDARSCHEM,0.05709331140081654,-0.16865730410815072,0.6567056823383246,-0.5218724328019065,0.7510293200249533,0.0,1.0,0.922543864784816,0.9791167644394436,0.0250302664918396,0.04819976771196277,0.034524538915188696,-0.023808604232940546,294749921.4,88.16761628316807,5.39311500259283,-79.502264885646,1.0810863625495202,2.0,25.16740231354202,1.7200000000000002,1.0,1.1884057971014492,2.039999999999999,20662.0,True,True,63.88508287292817,Dyes And Pigments,Commodities,,93,Within 15% of 52-week high; ROE >= 20%; RS rating >= 80,3
SUDEEPPHRM,,,0.9930801548727242,,0.8750362844702467,0.0,1.0,0.7769338481018204,1.0290830789180339,0.03186325005045569,0.04952581664910438,0.10137530336230927,-0.037976884178831,256547943.02499998,29.835407885177556,26.69708613512649,20.000920234198418,,1.0,,0.6199999999999974,1.0,19.70554926387316,-2.210000000000001,20648.0,True,True,,Pharmaceuticals,Healthcare,17.0,93,3-year profit growth >= 15%/yr; ROE >= 20%; RS rating >= 80,3
SUMICHEM,-0.046587703661952605,-0.08771156558533144,0.3811557453623384,-0.669097123969282,0.7573638667948607,0.0,0.0,0.016070075753979216,0.6413463812150313,0.021431984868657137,0.014644808743169424,-0.1422558522601287,-0.03687517714690397,132345487.725,9.280540523328696,0.621699880769877,-2.2478064736364036,0.5422092554066743,0.0,10.304576213867488,1.4499999999999993,1.0,16.01769911504425,-0.040000000000000924,20637.0,True,True,26.472928176795584,Pesticides & Agrochemicals,Commodities,93.0,93,"Uptrend (price > 50 > 150 > 200-day, 200-day rising); Within 15% of 52-week high; Quarterly profit growth >= 25%; Sales growth >= 20% or 2+ strong quarters; 3-year profit growth >= 15%/yr; ROE >= 20%; RS rating >= 80",7
SUNDARMFIN,-0.018880428537334914,-0.01603814477676635,-0.009058168722034243,-0.1887786023717135,0.771889400921659,0.0,0.0,0.2963032741558251,1.0074033920456233,0.014133361684280844,0.015471738433593174,-0.04836990462721669,-0.031514530158527135,172663880.3,33.87900291930232,12.567424316603738,32.48562590979247,2.9706332777198248,1.0,11.305723451958215,3.8299999999999983,1.0,13.825287047606258,-0.08000000000000185,20635.0,True,True,36.537016574585635,Non Banking Financial Company (NBFC),Financial Services,38.0,93,"Uptrend (price > 50 > 150 > 200-day, 200-day rising); Within 15% of 52-week high; Sales growth >= 20% or 2+ strong quarters; 3-year profit growth >= 15%/yr; ROE >= 20%; RS rating >= 80",6
SUNDRMFAST,0.07442616050390666,0.16872148335113124,0.5785747066150924,0.3983379247309892,0.8456799287410925,0.0,0.0,0.39987448086403166,2.806155833723896,0.018753444529877674,0.045397750937109516,-0.010612919781749497,-0.03415038734333683,166872401.77499998,14.028764942804939,20.391420317075237,-15.652545917174445,1.558078299578719,0.0,8.272746903278772,-0.5099999999999998,1.0,13.871345029239764,0.060000000000002274,20669.0,True,True,68.04198895027623,Auto Components & Equipments,Consumer Discretionary,15.0,93,"Uptrend (price > 50 > 150 > 200-day, 200-day rising); Within 15% of 52-week high; Quarterly profit growth >= 25%; 3-year profit growth >= 15%/yr; ROE >= 20%; RS rating >= 80",6
SUNFLAG,0.21461094099973985,0.27143657762002626,0.6769329325383138,1.5489029619818824,0.9682590233545648,1.0,1.0,1.4495227606353458,12.385329976725997,0.025369975163402867,0.09998591747641172,0.2576491708974382,-0.10508857426500395,56418676.025,5.445501011502785,5.445501011502785,26.125484252548613,0.2550436067371134,0.0,-1.191532572017151,0.0,1.0,2.276825969341749,0.49,20676.0,True,True,91.23314917127071,Iron & Steel Products,Industrials,8.0,93,Quarterly profit growth >= 25%; Sales growth >= 20% or 2+ strong quarters; 3-year profit growth >= 15%/yr; ROE >= 20%,4
SUNPHARMA,0.016489571003556545,0.21677292790583613,0.10660124888492417,0.5823451417796225,0.8874883970882798,0.0,0.0,-0.16838574442929222,1.6336992420846381,0.011328590783506589,0.01719915092799229,-0.04846809963899834,-0.008344994435371778,2989793663.5,5.528046570096645,10.45728229637437,-7.654673917677135,0.4396496830746933,0.0,12.694988615581138,-0.9299999999999997,1.0,13.77168840493,-0.3400000000000034,20641.0,True,True,50.976795580110505,Pharmaceuticals,Healthcare,17.0,93,"Uptrend (price > 50 > 150 > 200-day, 200-day rising); Quarterly profit growth >= 25%; Sales growth >= 20% or 2+ strong quarters; 3-year profit growth >= 15%/yr; ROE >= 20%; RS rating >= 80",6
SUNTV,0.05941916234626329,-0.14936131386861318,-0.2045221843003413,0.27837539576685094,0.9112818195511373,1.0,0.0,2.0548713181867275,24.819256391035346,0.02321892393344423,0.09353818346136467,0.24894459021199022,-0.0720417979580331,135472732.425,16.955902987021876,12.989428651145495,49.313139505421105,2.1934597816063306,0.0,-4.318487915594272,1.4399999999999977,1.0,11.39761132642569,-0.4499999999999993,20677.0,True,True,64.43204419889503,TV Broadcasting & Software Production,Consumer Discretionary,,93,"Uptrend (price > 50 > 150 > 200-day, 200-day rising); Quarterly profit growth >= 25%; Sales growth >= 20% or 2+ strong quarters; 3-year profit growth >= 15%/yr; ROE >= 20%; RS rating >= 80",6
SUPREMEIND,-0.024536733212608915,-0.1773570949772323,-0.0503508818742161,-0.7338210018824163,0.7871986131070509,0.0,0.0,0.18732490012258413,1.0747229810501207,0.018758920856317,0.07053582107403433,-0.013763866891558396,-0.025227752450645517,522969596.0,38.83044218921285,4.156430490454954,-8.6712183932246,1.0526128636227545,2.0,5.9957441306345505,2.58,1.0,15.464418868536228,-0.20000000000000284,20662.0,True,True,34.67734806629834,Plastic Products - Industrial,Industrials,36.0,93,"Uptrend (price > 50 > 150 > 200-day, 200-day rising); Within 15% of 52-week high; 3-year profit growth >= 15%/yr; ROE >= 20%; RS rating >= 80",5
SUPRIYA,0.08084460861295076,0.08068227968051978,0.3586928772019402,0.5973637737681828,0.8758064516129033,0.0,1.0,0.13292773322793153,1.6557772186816089,0.026468454347942347,0.06595532625901379,0.09375,-0.04367063679555784,202152689.9,-30.891477255839174,30.79892465706211,-78.2350831791986,-0.9480263194738191,0.0,28.746278502571453,-11.31,1.0,17.445742904841403,0.620000000000001,20679.0,True,True,69.90165745856353,Pharmaceuticals,Healthcare,17.0,93,Quarterly profit growth >= 25%; ROE >= 20%; RS rating >= 80,3
SURYAROSNI,-0.05881497612288092,-0.2277328646748682,0.11652606972253277,-0.5827163364627208,0.703879173290938,0.0,0.0,-0.27127999964382,1.5848173620826964,0.015532737607824268,0.04574712643678147,-0.015127450169106105,-0.024325634310437654,87422026.72,76.74049381924632,27.54468626131179,101.21481656317168,0.7026672661151018,1.0,-5.775393463206823,0.81,1.0,10.858010630220196,-1.0699999999999994,20676.0,True,True,21.659668508287293,Iron & Steel Products,Industrials,8.0,93,"Uptrend (price > 50 > 150 > 200-day, 200-day rising); Within 15% of 52-week high; 3-year profit growth >= 15%/yr; ROE >= 20%; RS rating >= 80",5
SURYODAY,-0.0042259852303104285,0.15820604971548358,0.20917689361369485,0.20190913709980024,0.6658715596330275,0.0,0.0,-2.3860869989138114,0.16708538654697086,0.026220822084235946,0.02600798128526205,-0.07386258509477661,-0.018513399110861015,58431218.510000005,113.24275648835163,25.686127996445673,13.242756488351631,0.7883542421639741,2.0,17.724833203298406,4.96,1.0,7.314725697786333,-0.129999999999999,20679.0,True,True,42.444198895027625,Other Bank,Financial Services,29.0,93,"Uptrend (price > 50 > 150 > 200-day, 200-day rising); Within 15% of 52-week high; ROE >= 20%; RS rating >= 80",4
SUVEN,0.19204110768900848,0.7438395160572904,2.0113680006144867,0.7274710705903065,0.793851493739928,0.0,0.0,-0.15893489362583652,1.4721814231975106,0.036146717302727914,0.039827611829395204,-0.06122831912373483,-0.03878650371317431,190784593.97500002,-100.0,90.90909090909089,0.0,-3.613098836399792,0.0,-1.3875381400049513,-819.4300000000003,0.0,-46.7005076142132,-0.28000000000000025,20666.0,True,True,88.7171270718232,"Healthcare Research, Analytics & Technology",Healthcare,42.0,93,"Uptrend (price > 50 > 150 > 200-day, 200-day rising); Within 15% of 52-week high; Quarterly profit growth >= 25%; 3-year profit growth >= 15%/yr; ROE >= 20%",5
SUZLON,-0.10892164737619464,-0.19114893617021267,0.1641352278294954,-1.0065486997733477,0.6421138211382114,0.0,0.0,-1.013080361242774,2.321698687027497,0.018195079521887255,0.014104372355430161,-0.14384081379567515,-0.04637863346991549,2328574234.0,-5.938648526347934,22.2679549895904,-0.3190081606836985,-0.04447833995409202,0.0,119.21911456226644,-2.3899999999999997,1.0,33.421386306001686,2.239999999999995,20662.0,True,True,6.78232044198895,Heavy Electrical Equipment,Industrials,34.0,93,"Uptrend (price > 50 > 150 > 200-day, 200-day rising); Within 15% of 52-week high; Quarterly profit growth >= 25%; RS rating >= 80",4
SWANCORP,-0.11366954934274855,-0.3914937759336099,-0.05371834166801093,-1.2044998531460829,0.5610732879455347,0.0,0.0,0.8041166196146603,0.45390198283843225,0.015053503469069009,0.07383396362326677,-0.06429389587013645,-0.026600022123314984,234071976.3,-100.0,-16.438615869038397,-200.0,-0.21675081021532433,0.0,16.033968677334553,-5.77,0.0,3.5960721868365177,-0.03999999999999915,20678.0,True,True,6.016574585635359,Petrochemicals,Commodities,22.0,93,"Uptrend (price > 50 > 150 > 200-day, 200-day rising); Within 15% of 52-week high; Quarterly profit growth >= 25%; Sales growth >= 20% or 2+ strong quarters; ROE >= 20%; RS rating >= 80",6
SWSOLAR,-0.0976856116088387,-0.2729262672811059,0.19715460006323116,-0.7957432657669521,0.6558620689655172,0.0,0.0,0.06274215067720817,1.2120626978707176,0.01865175288753212,0.02972239856870762,-0.11143363471295209,-0.023122429177554284,141060562.48000002,37.44851746290754,-9.735301964657728,-120.47060564082145,0.46022032491352927,10.0,,1.15,1.0,-45.60862865947612,-0.27999999999999936,20650.0,True,True,8.970165745856352,Civil Construction,Industrials,81.0,93,"Uptrend (price > 50 > 150 > 200-day, 200-day rising); Within 15% of 52-week high; 3-year profit growth >= 15%/yr; ROE >= 20%; RS rating >= 80",5
SYNCOMF,0.2825450538372277,0.12204951065054681,0.7815356489945156,0.9478874585054166,0.9123317570025463,1.0,1.0,1.0837336600299174,15.419491800212072,0.04170046043340334,0.17927927927927922,0.44957691774171193,-0.09000431986986955,117909513.64000002,58.079634676478165,7.382378100940978,15.75590141877126,4.159870791803651,9.0,60.755329777928104,6.350000000000001,1.0,18.313253012048193,0.13999999999999999,20676.0,True,True,94.84309392265193,Pharmaceuticals,Healthcare,17.0,93,ROE >= 20%,1
SYNGENE,-0.12595071214148965,-0.37737901033170196,-0.03573147256977871,-1.3454488077242788,0.5380366742764563,0.0,0.0,-0.7142828189964262,0.5382669033696827,0.015907461323961855,0.043625524996612874,-0.07617450767662814,-0.017594880053131836,203147329.9,-94.90439686163464,-15.837621497998855,-78.06554723759909,-2.6018652088330056,0.0,-15.091365168758408,-9.31,1.0,6.550940276916719,-0.5200000000000031,20637.0,True,True,4.047513812154697,"Healthcare Research, Analytics & Technology",Healthcare,42.0,93,"Uptrend (price > 50 > 150 > 200-day, 200-day rising); Within 15% of 52-week high; Quarterly profit growth >= 25%; Sales growth >= 20% or 2+ strong quarters; 3-year profit growth >= 15%/yr; ROE >= 20%; RS rating >= 80",7
SYRMA,0.25425409461411413,0.7569385010392469,0.7562943045710095,2.6314784550911052,0.9796153846153847,1.0,1.0,1.1126677879251545,1.8735081570890857,0.030350486654345615,0.1218005901324366,0.1818132404975692,-0.04852045172902171,1568667837.6,111.5549570893395,68.28958240640691,43.429373944003814,2.6550387892267104,8.0,44.51089240797535,1.3600000000000003,1.0,12.085225288159274,0.22000000000000242,20663.0,True,True,93.63977900552487,Industrial Products,Industrials,4.0,93,ROE >= 20%,1
TALBROAUTO,0.11579142594979383,0.32410685548760854,0.7656652360515019,0.93628308004027,0.8848291477974476,1.0,1.0,0.12557387095931516,1.8185202765323991,0.023496197322123526,0.09535845588235303,0.017724048451098984,-0.051592879497695164,69818588.625,35.16971340749699,15.307603017991877,16.16719592270612,3.5668408060231513,1.0,22.360222118975635,1.8499999999999996,1.0,13.997308209959622,0.87,20675.0,True,True,78.43425414364641,Auto Components & Equipments,Consumer Discretionary,15.0,93,Sales growth >= 20% or 2+ strong quarters; ROE >= 20%; RS rating >= 80,3
TANLA,-0.06891092617462242,-0.2801276393509404,0.33053080687664704,-0.7250844520341623,0.6518543046357616,0.0,0.0,0.7086586411605945,0.5994400163163995,0.025905002319521482,0.031008550530544854,-0.10540140147418364,-0.013715194514509397,256426564.525,20.022014723183123,17.847327657448165,5.469872591109937,1.5536355021415074,1.0,3.3613883959716873,0.20999999999999908,1.0,20.458199356913184,0.1299999999999999,20656.0,True,True,18.48729281767956,Software Products,Information Technology,60.0,93,"Uptrend (price > 50 > 150 > 200-day, 200-day rising); Within 15% of 52-week high; Quarterly profit growth >= 25%; Sales growth >= 20% or 2+ strong quarters; 3-year profit growth >= 15%/yr; RS rating >= 80",6
TARC,-0.05692765796450609,-0.3128734698613448,-0.004789513486261665,-0.6457521861166635,0.6761137949543746,0.0,0.0,0.8436256827181916,0.36963938052550793,0.021673326496991788,0.06228836916292635,-0.014787572369625357,-0.015748067235230048,60549332.565,-58.22283765156164,186.11147713796282,-158.22283765156163,-0.49063406961431427,0.0,-2.2406743732197754,-61.00000000000001,1.0,1.7890772128060264,0.11000000000000032,20676.0,True,True,22.097237569060773,"Residential, Commercial Projects",Consumer Discretionary,53.0,93,"Uptrend (price > 50 > 150 > 200-day, 200-day rising); Within 15% of 52-week high; Quarterly profit growth >= 25%; 3-year profit growth >= 15%/yr; ROE >= 20%; RS rating >= 80",6
TARIL,-0.14079547366115142,-0.4148251748251748,0.15304060260885555,-0.8340863067818403,0.5016716196136702,0.0,0.0,0.35479377006762314,0.7148008448769672,0.019561523065372177,0.029385574354407806,-0.0786726883246236,-0.02823037612035047,267811258.625,-4.690120839646783,8.125366028753334,-4.420454897954251,-0.14260355919622417,0.0,124.73922333456184,-1.5099999999999998,1.0,17.953795379537954,-0.7599999999999998,20654.0,True,True,2.4066298342541437,Heavy Electrical Equipment,Industrials,34.0,93,"Uptrend (price > 50 > 150 > 200-day, 200-day rising); Within 15% of 52-week high; Quarterly profit growth >= 25%; Sales growth >= 20% or 2+ strong quarters; ROE >= 20%; RS rating >= 80",6
TATACAP,,,0.14879000780640128,,0.8404664274730907,0.0,0.0,0.3663885836838265,1.8765350277589044,0.016167334388151267,0.026238639695103982,-0.08589187908519502,-0.03647216010300389,421066376.17499995,56.456690843213785,15.096525549883166,9.793583410197492,1.4168001174435738,3.0,,4.880000000000001,1.0,10.664602503161658,0.2599999999999998,20658.0,True,True,,Non Banking Financial Company (NBFC),Financial Services,38.0,93,"Uptrend (price > 50 > 150 > 200-day, 200-day rising); Within 15% of 52-week high; 3-year profit growth >= 15%/yr; ROE >= 20%; RS rating >= 80",5
TATACHEM,-0.09968485380139379,-0.33013855609959364,0.06219542413479795,-0.9688814105166059,0.6295171419746732,0.0,0.0,-0.5958193563592752,1.777490176981627,0.033760607635305105,0.1999346885460036,-0.07133462329401685,-0.08786706089238537,328467061.525,-81.02098919696947,14.412476472169944,-73.582729514714,-1.4498356341151974,0.0,-68.10252855938243,-7.09,1.0,-8.08733377346034,-1.5599999999999952,20661.0,True,True,8.860773480662983,Commodity Chemicals,Commodities,45.0,93,"Uptrend (price > 50 > 150 > 200-day, 200-day rising); Within 15% of 52-week high; Quarterly profit growth >= 25%; Sales growth >= 20% or 2+ strong quarters; 3-year profit growth >= 15%/yr; ROE >= 20%; RS rating >= 80",7
TATACOMM,-0.009066523726900703,0.0411405787470549,0.2324966030179505,0.00162015166204085,0.7849289099526067,0.0,0.0,-0.5137267375562886,0.7569252616282562,0.01425824446394336,0.03519217165762778,-0.04173947255748278,-0.032814456002555,367625255.7,-27.26280351220166,10.452779851841898,-11.323091939503515,-0.5631261521156345,0.0,-13.122952415782251,-1.3999999999999995,1.0,28.923701769654777,0.020000000000003126,20656.0,True,True,40.584530386740326,Telecom - Cellular & Fixed line services,Telecommunication,72.0,93,"Uptrend (price > 50 > 150 > 200-day, 200-day rising); Within 15% of 52-week high; Quarterly profit growth >= 25%; Sales growth >= 20% or 2+ strong quarters; 3-year profit growth >= 15%/yr; RS rating >= 80",6
TATACONSUM,-0.0589577877449098,-0.08063801506424462,-0.010491177873152124,-0.6793909068406453,0.7402354408669213,0.0,0.0,-0.5032652694361304,1.8328251712128845,0.012967781713217974,0.014197343068654389,-0.08972380139777003,-0.01802745685917676,1290602616.0,28.86094502504242,11.926778282076889,-5.499263025831809,1.4102647369376562,3.0,9.902122592980934,1.0499999999999998,1.0,7.100238663484487,0.09999999999999432,20658.0,True,True,21.550276243093922,Tea & Coffee,Fast Moving Consumer Goods,49.0,93,"Uptrend (price > 50 > 150 > 200-day, 200-day rising); Within 15% of 52-week high; 3-year profit growth >= 15%/yr; ROE >= 20%; RS rating >= 80",5
TATAELXSI,-0.13856157747863354,-0.3558455584555845,-0.1399250144203038,-1.3992010616954293,0.5191428571428571,0.0,0.0,0.25877332865907865,1.897694891556553,0.017650133502912876,0.01684895063553049,-0.12748360271395554,-0.03438432812460933,699431046.55,36.545071637476156,9.341906202723148,7.779726387801443,1.3697512573461579,2.0,43.41815082906309,2.5700000000000003,1.0,36.042402826855124,-1.5899999999999999,16626.0,True,True,2.625414364640884,Computers - Software & Consulting,Information Technology,82.0,93,"Uptrend (price > 50 > 150 > 200-day, 200-day rising); Within 15% of 52-week high; RS rating >= 80",3
TATAINVEST,-0.05880740768547618,-0.21086261980830656,0.13162995594713656,-0.5443768894241179,0.5233814467797754,0.0,0.0,1.1254557114943726,0.4339057280220404,0.022636585972672936,0.10362574896297438,-0.05752580955044584,-0.05289463672977106,143195442.22500002,-1.9054956298156567,4.262340162243916,-71.12097853789884,-0.09327058422931615,0.0,11.632092321602139,-5.950000000000003,1.0,1.4851823968243103,0.06000000000000005,20669.0,True,True,21.769060773480664,Investment Company,Financial Services,83.0,93,"Uptrend (price > 50 > 150 > 200-day, 200-day rising); Within 15% of 52-week high; Quarterly profit growth >= 25%; Sales growth >= 20% or 2+ strong quarters; 3-year profit growth >= 15%/yr; ROE >= 20%; RS rating >= 80",7
TATAPOWER,-0.028142864324551778,-0.12262958280657399,-0.1003370495203526,-0.4276904650249929,0.7722090772209078,0.0,0.0,-0.7507877736463253,2.5399959517738107,0.011701580628493578,0.0383682784196262,-0.03153055939226501,-0.012392509886396392,1204635995.775,10.916248176469479,5.634522072828108,-4.52305204329455,1.5176513647355325,0.0,11.089248535852603,0.34999999999999964,1.0,12.967467315293401,0.129999999999999,20661.0,True,True,32.59889502762431,Integrated Power Utilities,Utilities,69.0,93,"Uptrend (price > 50 > 150 > 200-day, 200-day rising); Within 15% of 52-week high; Quarterly profit growth >= 25%; Sales growth >= 20% or 2+ strong quarters; 3-year profit growth >= 15%/yr; ROE >= 20%; RS rating >= 80",7
TATASTEEL,0.010580202677164151,0.06382364821974718,-0.04590622088810681,0.2427132949412861,0.821301247771836,0.0,0.0,-0.35883246411190844,1.2886151718909737,0.012440510663519077,0.031626750283829885,-0.01045704750020926,-0.01291767541991248,4397281918.275,24.187349546199567,14.321999348604276,-111.73132022113107,0.49878881427656147,6.0,85.80006119551788,0.3400000000000003,1.0,10.65510389851909,0.09000000000000341,20664.0,True,True,48.46077348066298,Iron & Steel,Commodities,41.0,93,"Uptrend (price > 50 > 150 > 200-day, 200-day rising); Within 15% of 52-week high; Quarterly profit growth >= 25%; ROE >= 20%; RS rating >= 80",5
TATATECH,0.013932532748859637,0.19095729435368303,0.5408361917122462,0.041800005356616085,0.7940516273849607,0.0,0.0,0.6199134524058744,0.7048320896249138,0.02435804748431469,0.030214779759737853,-0.09045446422947045,-0.04289842187388747,677294324.775,6.203745728029508,33.78151395574989,14.881749933057852,0.4774837065198509,0.0,-7.238215913067336,-2.8200000000000003,1.0,13.943410655110885,1.570000000000002,20651.0,True,True,49.55469613259669,IT Enabled Services,Information Technology,40.0,93,"Uptrend (price > 50 > 150 > 200-day, 200-day rising); Within 15% of 52-week high; Quarterly profit growth >= 25%; 3-year profit growth >= 15%/yr; ROE >= 20%; RS rating >= 80",6
TATVA,0.20375259830240203,0.4882891125343092,0.4753310357337204,1.1998046694619822,0.9490425531914893,1.0,1.0,-0.13367403348316373,1.1611453929285012,0.03743798808826288,0.06430556453176495,0.05184470758575621,-0.042149092763651044,109646649.30000001,155.26309852986785,42.95738490501455,-144.73690147013215,1.1306843836324543,5.0,2.4060037516586474,4.47,1.0,5.377720870678617,0.23999999999999932,20651.0,True,True,90.13922651933702,Specialty Chemicals,Commodities,37.0,93,3-year profit growth >= 15%/yr; ROE >= 20%,2
TBOTEK,0.060739954779317255,0.09136960600375232,0.5797048972571737,0.1483324576657709,0.9548957388939258,0.0,0.0,0.19612178780201509,1.8587239829762794,0.020660807929443036,0.03817442495599921,0.02351186282560236,-0.015351850174701157,236059017.8,47.079362506051226,81.07103739633861,30.24191518589754,4.664598153023456,1.0,,-2.08,1.0,15.731785944551902,-0.030000000000001137,20663.0,True,True,64.97900552486188,"Tour, Travel Related Services",Consumer Discretionary,92.0,93,"Uptrend (price > 50 > 150 > 200-day, 200-day rising); 3-year profit growth >= 15%/yr; ROE >= 20%; RS rating >= 80",4
TCS,-0.06954217501172957,-0.21652951933124343,0.0039752280525566785,-1.1665514869557,0.6121194029850746,0.0,0.0,-0.27267510014944385,1.4107464705946418,0.019437620752016514,0.022809887313703925,-0.10025966367455263,-0.033111310070368806,6196734402.6,8.520024741085596,13.93193246843325,-3.5973068587613852,2.2459718117929306,0.0,7.122419730238172,-0.9600000000000009,1.0,46.115255501678476,-0.5199999999999996,20643.0,True,True,18.159116022099447,Computers - Software & Consulting,Information Technology,82.0,93,"Uptrend (price > 50 > 150 > 200-day, 200-day rising); Within 15% of 52-week high; Quarterly profit growth >= 25%; Sales growth >= 20% or 2+ strong quarters; 3-year profit growth >= 15%/yr; RS rating >= 80",6
TDPOWERSYS,0.30476309952341124,1.8093137609371612,0.8308199811498587,3.3529096940417022,0.961470246468106,0.0,1.0,0.9354528214936951,2.633616545135621,0.04041262137429413,0.07666204986149583,0.12300397312390965,-0.035366491761475397,1440503831.8,72.35844047294184,72.10271578381284,36.26088853000917,6.633839277625925,9.0,39.6452580204149,0.019999999999999574,1.0,22.294776119402986,1.1300000000000026,20656.0,True,True,95.93701657458564,Heavy Electrical Equipment,Industrials,34.0,93,,0
TECHM,0.025449320908090066,0.10605340036687272,0.16987640126473136,0.12870373297704574,0.8220064724919094,0.0,0.0,0.00027595691794406104,1.4166727617685442,0.014323303417987385,0.022647631408176494,-0.042019152073802246,-0.012576961025299713,3148393746.5,31.74763627390187,17.68155671400322,12.898354984770076,1.4736989846659831,1.0,6.614090517992888,1.0100000000000016,1.0,16.227714748784443,-0.3500000000000085,20650.0,True,True,54.03977900552486,Computers - Software & Consulting,Information Technology,82.0,93,"Uptrend (price > 50 > 150 > 200-day, 200-day rising); Within 15% of 52-week high; Sales growth >= 20% or 2+ strong quarters; 3-year profit growth >= 15%/yr; ROE >= 20%; RS rating >= 80",6
TECHNOE,-0.07378689589539439,-0.3003846975849541,-0.048308944665180875,-0.7061186476988033,0.7145640008500389,0.0,0.0,-0.1146996580451208,1.4621276801148824,0.021510434805244682,0.04646085102061548,0.015114769605425904,-0.02087579174677342,141642258.55,-15.842587859502977,19.843337072456602,-0.8831607275650128,-0.6733596430652432,0.0,62.43287423679354,-6.279999999999999,1.0,11.402453692566755,-1.6799999999999997,20676.0,True,True,16.518232044198896,Civil Construction,Industrials,81.0,93,"Uptrend (price > 50 > 150 > 200-day, 200-day rising); Within 15% of 52-week high; Quarterly profit growth >= 25%; Sales growth >= 20% or 2+ strong quarters; ROE >= 20%; RS rating >= 80",6
TEGA,0.07946800311723624,-0.17103887959866215,-0.06699211857428544,0.2780849359159829,0.958462238398544,1.0,0.0,1.592664728796577,3.0172729327965464,0.028828832562403192,0.11816434686389843,0.2325735963510156,-0.08407346741828214,290719038.54999995,-100.0,300.0,-41.86761981323739,-4.205811773349667,0.0,-8.140922449249288,-16.2,0.0,4.197240974464338,0.370000000000001,20678.0,True,True,69.68287292817679,Industrial Products,Industrials,4.0,93,"Uptrend (price > 50 > 150 > 200-day, 200-day rising); Quarterly profit growth >= 25%; 3-year profit growth >= 15%/yr; ROE >= 20%; RS rating >= 80",5
TEJASNET,-0.05049981939023468,-0.06176667784109957,0.36358099878197314,-0.3167676079246616,0.7540907328421869,0.0,0.0,0.8282574903247913,0.3903552953792619,0.026484614352294773,0.08229799982377295,-0.07567418560660066,-0.050208309506090565,642912022.425,-100.0,99.10882265570851,0.0,-0.02792778148846611,0.0,219.14448452127706,45.690000000000005,0.0,-31.013306038894573,0.25,20661.0,True,True,25.05082872928177,Telecom -  Equipment & Accessories,Telecommunication,7.0,93,"Uptrend (price > 50 > 150 > 200-day, 200-day rising); Within 15% of 52-week high; Quarterly profit growth >= 25%; ROE >= 20%; RS rating >= 80",5
TEMBO,0.023910227363711616,-0.017267648552564796,0.241976893453145,-0.05355319333157689,0.6890083632019116,0.0,0.0,0.11895333257351683,2.085622128775576,0.026677933248232595,0.04522702895959951,-0.004034291477559182,-0.01907537807486607,77270328.07499999,55.25402881520891,21.856359825890713,-37.92617360813438,2.5921803079910273,13.0,151.1153505631663,2.2200000000000006,1.0,21.63355408388521,-0.3200000000000003,20676.0,True,True,53.383425414364645,Iron & Steel Products,Industrials,8.0,93,"Uptrend (price > 50 > 150 > 200-day, 200-day rising); Within 15% of 52-week high; RS rating >= 80",3
TENNIND,,,-0.004606562000564196,,0.7735920852359208,0.0,0.0,-1.1484795747440655,0.4200663797033688,0.016924458853643576,0.036276988912662844,-0.04930341483853595,-0.014011051951210444,399027946.45,-1.6320152859837012,20.156033664690987,-20.378762862728074,,0.0,,-2.370000000000001,1.0,50.41736227045075,-0.379999999999999,20670.0,True,True,,Auto Components & Equipments,Consumer Discretionary,15.0,93,"Uptrend (price > 50 > 150 > 200-day, 200-day rising); Within 15% of 52-week high; Quarterly profit growth >= 25%; 3-year profit growth >= 15%/yr; RS rating >= 80",5
TEXRAIL,0.04727629366233983,-0.24836150396688506,0.3022950035859433,-0.20642870998731397,0.9116262975778546,0.0,0.0,0.9751402293196553,6.325811058379782,0.02355996731112816,0.048221532585342564,0.17158942341044336,-0.051663389791707856,173197628.07,70.83888447041267,-16.903140786294756,22.50688705424082,0.6028271627182745,2.0,54.08455393737916,3.4,1.0,8.171861836562764,-2.869999999999999,20668.0,True,True,60.931491712707185,Railway Wagons,Industrials,62.0,93,"Uptrend (price > 50 > 150 > 200-day, 200-day rising); ROE >= 20%; RS rating >= 80",3
TFCILTD,0.34701078714044997,0.9219780219780218,1.162262401483542,1.9075880492969568,0.9556228956228956,1.0,1.0,1.40844493489836,2.0297924588151397,0.026134206958834744,0.03593960445169064,0.12377256889452015,-0.012010574188008435,1567211497.6350002,-8.246264860611753,-17.462372552192907,0.7998938180744251,-0.4161557317956103,0.0,-3.2476760872503063,3.6199999999999974,1.0,9.071504802561366,2.64,19398.0,True,True,97.03093922651934,Financial Institution,Financial Services,79.0,93,Quarterly profit growth >= 25%; Sales growth >= 20% or 2+ strong quarters; 3-year profit growth >= 15%/yr; ROE >= 20%,4
THANGAMAYL,0.21564343906835282,1.6201888162672478,0.5773826872631886,2.3762820306457995,0.6812920592193809,0.0,0.0,-0.08429786154360124,0.9533519990654573,0.03652112012065932,0.048534608189565676,-0.06881771858501506,-0.025129138415343834,499980327.0,86.34454308962995,71.1565865995661,-213.65545691037005,0.8210498380673654,4.0,48.75287613691863,0.2599999999999998,1.0,24.858757062146893,0.18999999999999773,20679.0,True,True,91.45193370165745,"Gems, Jewellery And Watches",Consumer Discretionary,11.0,93,"Uptrend (price > 50 > 150 > 200-day, 200-day rising); Within 15% of 52-week high",2
THELEELA,0.10187047987648735,0.3039204480512059,0.40423436730674545,0.9881705476686276,0.977596047363489,1.0,1.0,0.8158060896420819,2.659404103383575,0.02141591988425927,0.07533733133433262,0.08914969259708472,-0.022367335655891704,200672750.60000002,300.0,28.083263583099804,253.76866094867052,1.3467151000710402,7.0,,10.68,1.0,6.292941911305435,0.25,20665.0,True,True,75.9182320441989,Hotels & Resorts,Consumer Discretionary,54.0,93,3-year profit growth >= 15%/yr; ROE >= 20%; RS rating >= 80,3
THERMAX,-0.024677614282543833,0.16160533523877563,0.22043229378460372,0.027971151213697913,0.6427299253476827,0.0,0.0,0.20575245165262565,1.7179949626667406,0.01998428766431868,0.030750531753266364,-0.13019397684585698,-0.03276270068017815,510927378.4,-85.55649257725243,6.7299180080925725,-103.58541414587988,-2.9565926736541694,0.0,4.136472695618809,-6.069999999999999,1.0,12.972972972972974,-0.060000000000002274,20640.0,True,True,34.56795580110497,Heavy Electrical Equipment,Industrials,34.0,93,"Uptrend (price > 50 > 150 > 200-day, 200-day rising); Within 15% of 52-week high; Quarterly profit growth >= 25%; Sales growth >= 20% or 2+ strong quarters; 3-year profit growth >= 15%/yr; ROE >= 20%; RS rating >= 80",7
THOMASCOOK,-0.08528575966318723,-0.35136434667628313,0.14955262036642525,-0.8905164762844405,0.6058579881656805,0.0,0.0,1.0113542764819798,0.4436378841612323,0.024212172030709467,0.05023045809425275,-0.028605799334378235,-0.022658348475982217,77133660.47999999,-13.126048605458573,-13.126048605458573,40.7402578552997,-0.4051367108939148,0.0,35.55293604910097,0.0,1.0,8.64100549882168,-1.3899999999999988,20668.0,True,True,12.361325966850828,"Tour, Travel Related Services",Consumer Discretionary,92.0,93,"Uptrend (price > 50 > 150 > 200-day, 200-day rising); Within 15% of 52-week high; Quarterly profit growth >= 25%; Sales growth >= 20% or 2+ strong quarters; ROE >= 20%; RS rating >= 80",6
THYROCARE,0.07787527594321773,0.5109855775239334,0.6733564013840831,0.8348934107633811,0.8068731117824773,0.0,0.0,0.3816782857087734,0.5644670345548887,0.024890186770732438,0.03316090892296342,-0.08055295922003214,-0.024288819643909637,186316316.95,34.05769180956328,24.343366316116665,-91.85717548312739,1.532735922862619,10.0,44.423469500263366,1.5500000000000007,1.0,27.863247863247864,-0.019999999999999574,20657.0,True,True,69.35469613259669,Healthcare Service Provider,Healthcare,12.0,93,"Uptrend (price > 50 > 150 > 200-day, 200-day rising); Within 15% of 52-week high; RS rating >= 80",3
TI,0.07659609970571654,0.23104772353263847,0.30704717530576575,0.5332516450124759,0.8895195788088187,1.0,1.0,0.7031169680524001,1.3264932234385867,0.021183417710142247,0.046724092926129,0.016752485227798264,-0.05024741265999947,472570067.475,-30.26228849250474,155.66554235713937,8.10305414698416,-1.0907248466190729,0.0,32.62189331190493,-15.729999999999999,1.0,0.7042253521126761,0.370000000000001,20661.0,True,True,68.69834254143646,Breweries & Distilleries,Fast Moving Consumer Goods,47.0,93,Quarterly profit growth >= 25%; ROE >= 20%; RS rating >= 80,3
TIIL,0.06813413640129994,0.3305895709999189,0.5008003658815459,0.4430616573840233,0.813648220346114,0.0,0.0,0.9331831244258396,0.5734621148553757,0.02454772875211359,0.029489088087168547,-0.027474376871531092,-0.034007313359216106,85808288.9,67.28292887300151,27.197598167022207,50.30116449359145,5.175139286723939,1.0,5.879343501264334,4.1,1.0,14.483440434997528,0.33000000000000007,20678.0,True,True,66.40110497237569,Iron & Steel Products,Industrials,8.0,93,"Uptrend (price > 50 > 150 > 200-day, 200-day rising); Within 15% of 52-week high; 3-year profit growth >= 15%/yr; ROE >= 20%; RS rating >= 80",5
TIINDIA,-0.09684895506227305,-0.158340902210112,0.0832716362077699,-0.8367395558916843,0.7121012233149436,0.0,0.0,0.059851568628040426,1.9952684296710759,0.01768865124331783,0.01647524752475249,-0.1285638071084244,-0.03520863536437801,594197124.0999999,-3.022364445992176,17.070253491201814,-49.36535222324352,-0.15907129583044727,0.0,-1.835346795917514,-0.9799999999999995,1.0,14.423945297380984,0.18999999999999773,20648.0,True,True,9.298342541436464,Auto Components & Equipments,Consumer Discretionary,15.0,93,"Uptrend (price > 50 > 150 > 200-day, 200-day rising); Within 15% of 52-week high; Quarterly profit growth >= 25%; Sales growth >= 20% or 2+ strong quarters; 3-year profit growth >= 15%/yr; ROE >= 20%; RS rating >= 80",7
TIMETECHNO,-0.03895498884349184,-0.174465270121279,0.12826231089144713,-0.5407983598970563,0.7880726015557477,0.0,0.0,0.4133254063572929,1.331703070804921,0.02135456644993689,0.026927924830984384,-0.050953730091157334,-0.01914356467367752,616465568.93,21.98548321113829,25.140280190736686,1.8280810043391327,3.4434692963565685,3.0,28.31531820036439,-0.17999999999999972,1.0,11.66829745596869,-2.150000000000002,20670.0,True,True,28.879558011049724,Plastic Products - Industrial,Industrials,36.0,93,"Uptrend (price > 50 > 150 > 200-day, 200-day rising); Within 15% of 52-week high; Quarterly profit growth >= 25%; ROE >= 20%; RS rating >= 80",5
TIMKEN,-0.01263918724754576,0.03397787334624591,-0.051039469719795116,0.10375828960486483,0.7989808917197452,0.0,0.0,0.33697058771110444,1.9052813571817802,0.01641327036303907,0.03901178546669182,-0.01508898746374121,-0.021413448105383027,102405639.35,10.297734507150146,14.733999854046576,27.082308214925575,0.4543982811524181,0.0,5.512837143485383,-0.5099999999999998,1.0,14.241592312971859,-0.00999999999999801,20655.0,True,True,38.83425414364641,Abrasives & Bearings,Industrials,55.0,93,"Uptrend (price > 50 > 150 > 200-day, 200-day rising); Within 15% of 52-week high; Quarterly profit growth >= 25%; Sales growth >= 20% or 2+ strong quarters; 3-year profit growth >= 15%/yr; ROE >= 20%; RS rating >= 80",7
TINNARUBR,0.03659067626300013,0.012592667817609371,0.7267295869772274,-0.06868914110817875,0.720196671709531,0.0,0.0,-0.3151832517769041,0.3270580195565305,0.036773078567349925,0.03886010362694292,-0.08895183051690803,-0.033871429264256826,53355006.4,75.24352861601284,19.889460351577483,44.14300380411626,1.8516365603748954,3.0,39.519774420933416,4.16,1.0,17.666666666666668,-1.3100000000000005,20654.0,True,True,57.10276243093923,Rubber,Industrials,,93,"Uptrend (price > 50 > 150 > 200-day, 200-day rising); Within 15% of 52-week high; ROE >= 20%; RS rating >= 80",4
TIPSMUSIC,0.028481112855653336,0.09526239686994975,0.28654211209911096,0.3155360330959619,0.8877867746288799,0.0,0.0,0.8933918754639618,0.49583235940373926,0.02802173817116052,0.03262332726264927,-0.0035836756455460694,-0.009030025725391397,142051808.625,-4.667019412010376,20.937890314522555,-97.61473772334193,-0.25226025165189364,0.0,35.40965608220154,-11.019999999999996,1.0,83.46153846153847,0.9299999999999997,20679.0,True,True,54.80552486187846,Media & Entertainment,Consumer Discretionary,39.0,93,"Uptrend (price > 50 > 150 > 200-day, 200-day rising); Quarterly profit growth >= 25%; RS rating >= 80",3
TIRUMALCHM,-0.16333911257765416,-0.4925978760500872,-0.09759260303320738,-1.1801701210328779,0.47689399905496926,0.0,0.0,0.02935832831853156,0.7769504076420284,0.024789320127924754,0.050216120010170284,-0.06165704708635822,-0.024698247043608738,67032246.81999999,-100.0,21.46872569714475,0.0,0.6436855891527604,0.0,57.1216173004919,5.33,0.0,-10.741687979539643,-0.4599999999999991,20647.0,True,True,1.6408839779005524,Commodity Chemicals,Commodities,45.0,93,"Uptrend (price > 50 > 150 > 200-day, 200-day rising); Within 15% of 52-week high; Quarterly profit growth >= 25%; ROE >= 20%; RS rating >= 80",5
TITAGARH,-0.007972000263970769,-0.11182282054065795,0.3735728676964405,-0.31039322659335455,0.8425849639546859,0.0,0.0,0.2601428537456985,1.874895027565731,0.017521599511852008,0.03275290215588722,-0.02232467209666933,-0.02218981685091207,313203692.475,66.99751772869638,12.626232886795252,-204.57648896705177,0.6305039927433205,2.0,3.6317295191244714,2.24,1.0,5.00814332247557,3.1199999999999974,20677.0,True,True,41.459668508287294,Railway Wagons,Industrials,62.0,93,"Uptrend (price > 50 > 150 > 200-day, 200-day rising); Within 15% of 52-week high; 3-year profit growth >= 15%/yr; ROE >= 20%; RS rating >= 80",5
TITAN,0.06558061428668492,0.48360083740404747,0.28152706266482475,1.4142401193042167,0.884377349759963,0.0,0.0,0.12057486385146703,1.6136725938156116,0.011346224704465016,0.015942482025633087,-0.0737161973051138,-0.02558501325025444,2848359304.8999996,62.93350499487404,29.25013617381831,31.90201173765645,2.226461466176476,5.0,21.68623876486404,1.7200000000000006,1.0,32.30592880341336,0.04999999999999716,20638.0,True,True,66.07292817679559,"Gems, Jewellery And Watches",Consumer Discretionary,11.0,93,"Uptrend (price > 50 > 150 > 200-day, 200-day rising); RS rating >= 80",2
TMB,0.1881742723451022,1.1673251220079015,0.5544628719059921,2.635098696298723,0.9131209390064975,0.0,0.0,0.5237404246092382,0.44703222295322187,0.025125956921643756,0.04260254596888258,-0.008941479433232535,-0.024188103056169696,124870817.825,34.97549074025088,19.923678439519854,6.993941543370433,4.832273150040471,2.0,10.981762647668347,2.7600000000000016,1.0,13.234421364985163,0.5900000000000016,20679.0,True,True,87.95138121546962,Private Sector Bank,Financial Services,30.0,93,"Uptrend (price > 50 > 150 > 200-day, 200-day rising); 3-year profit growth >= 15%/yr; ROE >= 20%",3
TMPV,-0.10617672509225917,-0.27339669693690294,0.018634564643799534,-1.0678994068169703,0.632389025206335,0.0,0.0,-0.7440163576355923,2.489363790041303,0.015540295971692394,0.04485049833887045,-0.1092132797918669,-0.03315528229601745,2512000994.6000004,-67.29281984773058,9.263546882306638,-43.12460450655779,-0.476760875790601,0.0,-53.08312170464943,-2.13,1.0,73.74540457579327,0.0,20678.0,True,True,7.219889502762431,Passenger Cars & Utility Vehicles,Consumer Discretionary,91.0,93,"Uptrend (price > 50 > 150 > 200-day, 200-day rising); Within 15% of 52-week high; Quarterly profit growth >= 25%; Sales growth >= 20% or 2+ strong quarters; 3-year profit growth >= 15%/yr; RS rating >= 80",6
TNPETRO,0.10083759417467669,0.1373010641303325,0.4976438492063491,0.44207864496133814,0.8441390570787127,0.0,0.0,1.3075244256375358,3.89805469318345,0.02786597843975326,0.09588473958764587,0.07416481261849328,-0.029489299392576006,83229614.52,125.9068583070602,68.49528087946264,214.94278249005384,2.6475839621945823,1.0,19.05793963042981,2.6099999999999994,1.0,9.528487229862476,0.33000000000000007,20676.0,True,True,75.59005524861878,Petrochemicals,Commodities,22.0,93,"Uptrend (price > 50 > 150 > 200-day, 200-day rising); Within 15% of 52-week high; ROE >= 20%; RS rating >= 80",4
TORNTPHARM,0.06296044627598821,0.3873750513487608,0.1876406601650411,1.4114031286444804,0.9142857142857143,0.0,0.0,-0.24031670806916738,1.7919164645194239,0.016225657078250886,0.026859504132231482,-0.028567404064959723,-0.012831387710762567,1779272320.0,5.805319051074775,54.84581497797356,26.418121883818802,0.397625584192525,0.0,20.6987537912392,-5.459999999999999,1.0,25.48879351454459,5.569999999999997,20664.0,True,True,65.52596685082872,Pharmaceuticals,Healthcare,17.0,93,"Uptrend (price > 50 > 150 > 200-day, 200-day rising); Quarterly profit growth >= 25%; RS rating >= 80",3
TORNTPOWER,-0.024962294677112466,-0.05018369420776991,-0.10145677734230574,-0.08386489802740536,0.6830217641576669,0.0,0.0,-0.03304766212901735,0.6395578298123169,0.01415744545872463,0.032348466650652385,-0.043385856637638276,-0.02156401556713408,336011245.9,-10.719714725827966,2.7544878370225456,58.52641459145627,-0.18480312151631798,0.0,2.8910617273345096,-1.2300000000000004,1.0,12.943643512450853,0.0,20645.0,True,True,34.239779005524866,Integrated Power Utilities,Utilities,69.0,93,"Uptrend (price > 50 > 150 > 200-day, 200-day rising); Within 15% of 52-week high; Quarterly profit growth >= 25%; Sales growth >= 20% or 2+ strong quarters; 3-year profit growth >= 15%/yr; ROE >= 20%; RS rating >= 80",7
TRANSRAILL,-0.1007986108565122,-0.4289254042775169,-0.08360364131003462,-0.9208527009826657,0.6173383439160295,0.0,0.0,1.3959496082089293,5.63060914415481,0.02743545973836706,0.15197971994205695,0.03985681232810934,-0.06431738668547143,150655152.05,1.8033152192634905,4.59020146520146,25.491957837372404,0.06391218850561313,0.0,,-0.16999999999999993,1.0,17.711530030688294,-1.3100000000000005,20671.0,True,True,8.532596685082872,Heavy Electrical Equipment,Industrials,34.0,93,"Uptrend (price > 50 > 150 > 200-day, 200-day rising); Within 15% of 52-week high; Quarterly profit growth >= 25%; Sales growth >= 20% or 2+ strong quarters; 3-year profit growth >= 15%/yr; ROE >= 20%; RS rating >= 80",7
TRENT,-0.057241651564106044,-0.11677661339540646,0.27069361101306044,-0.5981478013799438,0.7711268641350708,0.0,0.0,-0.6293009736419304,1.8496453414136975,0.011663814437967924,0.014542124542124446,-0.09098159147569851,-0.028808427193510726,1895302643.85,21.903811950946263,17.840351552581367,-10.720872201219379,1.4032580641808248,2.0,60.06903545188682,0.3000000000000007,1.0,24.63851109520401,0.4299999999999997,20671.0,True,True,21.987845303867406,Speciality Retail,Consumer Discretionary,68.0,93,"Uptrend (price > 50 > 150 > 200-day, 200-day rising); Within 15% of 52-week high; Quarterly profit growth >= 25%; RS rating >= 80",4
TRIDENT,-0.08267947002063075,-0.19022103148024117,0.016820857863750982,-0.8423052730976199,0.7252747252747253,0.0,0.0,0.303051170479411,0.7251491249057069,0.008520087274377907,0.021369385085041603,-0.07109208772467224,-0.015929914492918886,61033370.225,12.981443643974355,4.683371511931056,36.54454665890743,0.415960713539526,0.0,-0.6891255049870981,0.6500000000000004,1.0,7.900251466890193,0.14000000000000012,20644.0,True,True,13.345856353591161,Other Textile Products,Consumer Discretionary,14.0,93,"Uptrend (price > 50 > 150 > 200-day, 200-day rising); Within 15% of 52-week high; Quarterly profit growth >= 25%; Sales growth >= 20% or 2+ strong quarters; 3-year profit growth >= 15%/yr; ROE >= 20%; RS rating >= 80",7
TRITURBINE,-0.009800380997761399,0.09054041309063465,0.279234428587233,0.04684554685256392,0.6848654139156932,0.0,0.0,-0.18837163922460015,1.0465134499852438,0.01906739889325167,0.029585798816567976,-0.07530266094773774,-0.017509747740606978,226250583.89999998,-20.651030964183025,19.229733369243185,-28.360492966881267,-0.9357069323863402,0.0,17.207469585346136,-5.800000000000001,1.0,24.13554633471646,-0.759999999999998,20675.0,True,True,40.14696132596685,Heavy Electrical Equipment,Industrials,34.0,93,"Uptrend (price > 50 > 150 > 200-day, 200-day rising); Within 15% of 52-week high; Quarterly profit growth >= 25%; Sales growth >= 20% or 2+ strong quarters; RS rating >= 80",5
TRIVENI,-0.003524250082083173,0.4047324907345813,0.23404432942355058,0.3129026181491927,0.7484915846300413,0.0,0.0,0.18449815089351693,1.3604497616246696,0.029243634424318453,0.030599500416319758,-0.08404481457445201,-0.0438318034307413,178349366.8,100.0,2.1053923627037285,126.06852350962048,0.19624171543436686,1.0,-18.15931571563706,0.66,1.0,8.046664672449895,-0.32000000000000206,20663.0,True,True,42.8817679558011,Sugar,Fast Moving Consumer Goods,27.0,93,"Uptrend (price > 50 > 150 > 200-day, 200-day rising); Within 15% of 52-week high; Sales growth >= 20% or 2+ strong quarters; 3-year profit growth >= 15%/yr; ROE >= 20%; RS rating >= 80",6
TRUALT,,,0.10295250320924265,,0.8536429872495446,0.0,0.0,0.7081375079801127,1.7871360275839896,0.020773783869240454,0.05899384726746293,0.06256830229405042,-0.03883827733305437,109367351.625,300.0,106.28516897561617,338.34140365321707,1.8909214542585064,1.0,,7.889999999999999,1.0,6.377383300460224,-1.1300000000000008,20662.0,True,True,,Other Agricultural Products,Fast Moving Consumer Goods,64.0,93,"Uptrend (price > 50 > 150 > 200-day, 200-day rising); 3-year profit growth >= 15%/yr; ROE >= 20%; RS rating >= 80",4
TVSHLTD,-0.04167347177981813,0.011929341592108234,-0.05559520411076224,-0.25755376741262365,0.7428974657912499,0.0,0.0,0.03217559009436506,1.2065665929071228,0.013486024317868139,0.0279647076416929,-0.11677636138415226,-0.024386229438942288,66636583.0,73.71107780456623,34.01291300788954,37.18921196443523,5.987261656816189,8.0,41.88010124397059,1.5700000000000003,1.0,52.428085369625734,-0.08000000000000185,20655.0,True,True,28.332596685082876,Investment Company,Financial Services,83.0,93,"Uptrend (price > 50 > 150 > 200-day, 200-day rising); Within 15% of 52-week high; RS rating >= 80",3
TVSMOTOR,0.06007117947815877,0.23588692458792404,0.26010101010101017,0.6199462078753198,0.9155981714795406,0.0,0.0,0.375946981265324,0.8546072255210314,0.015811847398017824,0.017034465658318787,-0.026954267324527104,-0.009606840965171285,3401063413.6,64.35573498351637,33.45989574162269,45.11733609250963,4.275100169039827,1.0,35.68912166124891,1.2200000000000006,1.0,33.30893883951908,0.1700000000000017,20655.0,True,True,64.65082872928177,2/3 Wheelers,Consumer Discretionary,31.0,93,"Uptrend (price > 50 > 150 > 200-day, 200-day rising); RS rating >= 80",2
TVSSCS,0.011429943450346022,-0.022760476739715596,0.337226430976431,0.00988000608446783,0.8912627986348123,0.0,1.0,1.4221006531439808,0.5063167853861735,0.022599198045201555,0.0413216496502935,0.003996918113159387,-0.019565921916147172,64021613.41499999,-83.32669053963633,28.658223746388355,-183.32669053963633,-2.334226053014948,0.0,85.97856709765843,-4.5,1.0,5.755041810132808,-0.08000000000000096,20648.0,True,True,48.78895027624309,Logistics Solution Provider,Services,56.0,93,Quarterly profit growth >= 25%; ROE >= 20%; RS rating >= 80,3
UBL,-0.11166076870121683,-0.2712742258854979,-0.16067992302758183,-1.5717481602394348,0.6280368763557483,0.0,0.0,-0.257744307975921,2.38414612947584,0.014581734397909711,0.028517422748191912,-0.12840536037100536,-0.02469848587416164,139102196.75,-9.606609940378064,7.071137303094632,48.749907874226075,-0.3755563387035199,0.0,3.519032280604395,-1.0,1.0,9.13312693498452,-0.35999999999999943,20655.0,True,True,6.235359116022099,Breweries & Distilleries,Fast Moving Consumer Goods,47.0,93,"Uptrend (price > 50 > 150 > 200-day, 200-day rising); Within 15% of 52-week high; Quarterly profit growth >= 25%; Sales growth >= 20% or 2+ strong quarters; 3-year profit growth >= 15%/yr; ROE >= 20%; RS rating >= 80",7
UCOBANK,-0.07536789765361859,-0.18898664059954384,0.0546610169491526,-0.8808138323380118,0.6807017543859649,0.0,0.0,-0.09294026533435149,0.9847635521885214,0.011586051361944443,0.013490725126475533,-0.07515553118966445,-0.012694595939238863,87089151.50999999,23.75268882689463,15.101285048722634,-2.931005998027757,0.7577401740961958,4.0,39.24167231788469,0.6899999999999995,1.0,7.990934110409584,-0.11000000000000032,20206.0,True,True,16.080662983425412,Public Sector Bank,Financial Services,57.0,93,"Uptrend (price > 50 > 150 > 200-day, 200-day rising); Within 15% of 52-week high; Quarterly profit growth >= 25%; ROE >= 20%; RS rating >= 80",5
UDS,0.015521141643855568,-0.11818716892289582,0.6942852834740652,-0.41109474877661367,0.7934943884344682,0.0,0.0,0.966457235898151,0.2967403396476762,0.025698903617853555,0.045622168370034855,-0.007786617749758862,-0.03803103122204906,58682875.915,4.401348109219705,9.146863932366035,24.41315565235298,0.09675802863591862,0.0,34.70723132358664,-0.17999999999999972,1.0,7.889733840304182,-4.080000000000002,20664.0,True,True,50.42983425414365,Diversified Commercial Services,Services,67.0,93,"Uptrend (price > 50 > 150 > 200-day, 200-day rising); Within 15% of 52-week high; Quarterly profit growth >= 25%; Sales growth >= 20% or 2+ strong quarters; ROE >= 20%; RS rating >= 80",6
UFLEX,0.17648343827381713,0.18104075691411925,0.8035565434843013,0.4780658185151783,0.9092605390463028,0.0,1.0,1.5575382428118576,0.2281149094542385,0.036395618180681634,0.08797767614913576,0.11630172132927896,-0.01829355165726233,104310590.775,300.0,37.57075907049243,223.4836666421972,4.559044723693316,2.0,73.75103813077352,6.39,1.0,3.9029795616843144,0.9000000000000004,20645.0,True,True,86.41988950276243,Packaging,Industrials,23.0,93,ROE >= 20%,1
UJJIVANSFB,0.1059718890137211,0.528644105286441,0.3069213313161876,1.26293037044428,0.9129023532593995,0.0,0.0,0.230468167179134,1.8111468418983958,0.023045789796816832,0.037429819089207506,-0.007851933292373547,-0.0183778331544987,844009997.805,206.4377340824333,25.08462849941935,-31.67034563351652,1.408934707567808,3.0,-9.469251957480074,9.25,1.0,10.16725352112676,1.9100000000000037,20679.0,True,True,77.0121546961326,Other Bank,Financial Services,29.0,93,"Uptrend (price > 50 > 150 > 200-day, 200-day rising); 3-year profit growth >= 15%/yr; ROE >= 20%; RS rating >= 80",4
ULTRACEMCO,-0.03372477399845732,-0.07668736392226438,0.03629287718345542,-0.4988289523347593,0.8356979405034325,0.0,0.0,-0.13919917270894275,1.8884243698002903,0.01219575445688672,0.02322556670382747,-0.04568117598280208,-0.013608369052979217,2762454603.5,16.18159450563801,15.852778672131485,-5.038673149672455,0.7689583433548072,0.0,18.642910555516433,0.02999999999999936,1.0,10.68594696178743,0.01999999999999602,20654.0,True,True,31.06740331491713,Cement & Cement Products,Commodities,87.0,93,"Uptrend (price > 50 > 150 > 200-day, 200-day rising); Within 15% of 52-week high; Quarterly profit growth >= 25%; Sales growth >= 20% or 2+ strong quarters; ROE >= 20%; RS rating >= 80",6
UNIMECH,0.24316320523411022,0.42297774806608746,1.035936325749812,1.3376268795241826,0.9228134032758805,1.0,1.0,0.7410162058831564,2.251356055515876,0.02961923220677304,0.0895233001270308,0.17063101357361599,-0.04135583762004618,261870677.05,45.74535902118819,70.8525162724242,56.35617836544857,1.2030149300075192,1.0,,-4.460000000000001,1.0,8.548168249660787,-0.34000000000000075,20668.0,True,True,93.20220994475137,Aerospace & Defense,Industrials,26.0,93,3-year profit growth >= 15%/yr; ROE >= 20%,2
UNIONBANK,0.03888445276850452,0.3454350927246792,0.07493731479370869,0.6565600433375407,0.8321572825928268,0.0,0.0,0.361175694087424,1.8979486072145406,0.018750359370782333,0.030120481927710774,-0.04920344377400632,-0.02578565811922433,1506053802.73,27.413402895244012,1.2122023970971174,17.586673729220117,2.007734346148358,1.0,26.47783227482272,4.23,1.0,14.548640230022764,-0.2799999999999976,20649.0,True,True,57.86850828729282,Public Sector Bank,Financial Services,57.0,93,"Uptrend (price > 50 > 150 > 200-day, 200-day rising); Within 15% of 52-week high; Sales growth >= 20% or 2+ strong quarters; ROE >= 20%; RS rating >= 80",5
UNIPARTS,0.21161568583275395,1.0909197285279664,0.9420715139658733,2.2365426360891125,0.9127135760685626,0.0,1.0,0.5049563861417993,0.5186413266229234,0.027067873077940306,0.03209198558434889,0.021510369063387325,-0.026126310180167076,108855684.225,64.35057681532,26.943175589256363,-59.69399770421404,1.418025778885585,5.0,-1.499154562787186,3.710000000000001,1.0,18.160919540229887,0.16000000000000014,20669.0,True,True,90.9049723756906,Auto Components & Equipments,Consumer Discretionary,15.0,93,3-year profit growth >= 15%/yr; ROE >= 20%,2
UNITDSPR,0.001822393584438007,0.11094542201014024,0.18838730260009573,0.039387437407159685,0.8660611487783036,0.0,0.0,-0.2858752858651509,10.341585204149371,0.013432955439262024,0.030758226037195913,-0.08108445607529413,-0.017903349953399473,807474192.5,-20.567250369525535,-10.3608076795763,-50.63306526268276,-1.0205471502437826,0.0,14.535086378160788,-1.6100000000000012,1.0,20.52943147548308,0.26000000000000156,20645.0,True,True,45.06961325966851,Breweries & Distilleries,Fast Moving Consumer Goods,47.0,93,"Uptrend (price > 50 > 150 > 200-day, 200-day rising); Quarterly profit growth >= 25%; Sales growth >= 20% or 2+ strong quarters; 3-year profit growth >= 15%/yr; RS rating >= 80",5
UNIVCABLES,0.23076851259146236,1.1642702383297223,1.565491477936026,1.5199489945167721,0.8130035494957462,0.0,0.0,0.3772180100020737,0.6838519973210736,0.03664002009380324,0.028939808002242495,-0.04481998530492293,-0.030911036776203313,191605130.25,108.63468235058895,57.46013762308599,97.84139623105732,2.226548483065741,1.0,20.12085808134274,1.8200000000000003,1.0,8.619777895293495,-0.8099999999999996,20647.0,True,True,92.65524861878453,Cables - Electricals,Industrials,6.0,93,"Uptrend (price > 50 > 150 > 200-day, 200-day rising); Within 15% of 52-week high; ROE >= 20%",3
UNOMINDA,-0.010193184634154417,-0.031204919899779804,0.21674454086011252,-0.33505094871975427,0.8465991316931982,0.0,0.0,0.2730191845801866,0.8301290829308666,0.01776474341942322,0.06556016597510372,-0.04599603721430845,-0.028393191552092377,717488338.7,2.1951437093973514,23.78566702828413,-19.338532955843824,0.23243690389087052,0.0,21.54787255059647,-1.2000000000000002,1.0,18.802167227998243,-0.17999999999999972,20638.0,True,True,40.03756906077348,Auto Components & Equipments,Consumer Discretionary,15.0,93,"Uptrend (price > 50 > 150 > 200-day, 200-day rising); Within 15% of 52-week high; Quarterly profit growth >= 25%; ROE >= 20%; RS rating >= 80",5
UPL,-0.05324420641989813,-0.169743059657413,-0.0563900310480826,-0.6160173046492311,0.6645530657473528,0.0,0.0,-0.18442551987630343,1.5840942630325592,0.017441165988844667,0.045515998197386276,-0.0606623309496751,-0.024070267680450855,989658441.0,0.8759413663207649,10.470920138888884,43.840079915411216,0.08154995656656301,0.0,-12.851696372364819,1.04,0.0,6.398432095918838,0.29999999999999716,20654.0,True,True,23.519337016574585,Pesticides & Agrochemicals,Commodities,93.0,93,"Uptrend (price > 50 > 150 > 200-day, 200-day rising); Within 15% of 52-week high; Quarterly profit growth >= 25%; Sales growth >= 20% or 2+ strong quarters; 3-year profit growth >= 15%/yr; ROE >= 20%; RS rating >= 80",7
URBANCO,0.03053065953824187,-0.06417651341210717,0.458711592178771,-0.26407844561548105,0.8560091319236831,0.0,1.0,1.129787408782907,0.4580837260457792,0.030294841134229058,0.040070787511060635,0.01461880923388148,-0.03451993850476976,876477076.395,-100.0,43.856018732812394,,,0.0,,-18.43,0.0,-10.965935604293048,0.18999999999999773,20665.0,True,True,55.46187845303867,E-Retail/ E-Commerce,Consumer Discretionary,18.0,93,Quarterly profit growth >= 25%; 3-year profit growth >= 15%/yr; ROE >= 20%; RS rating >= 80,4
USHAMART,0.028098043814894696,0.12693393562958777,0.22291666666666665,0.37485149265281015,0.9190011057869516,1.0,0.0,0.20958391997080228,0.9682800358136351,0.017595364854387438,0.052641955835962095,-0.00849633045217646,-0.03645227467418246,243712746.10000002,40.93149219826675,16.43503646344073,-15.42228624038124,1.7903646914254145,3.0,13.914859728284457,2.3900000000000006,1.0,14.112658994548758,0.7800000000000011,20661.0,True,True,54.58674033149171,Iron & Steel Products,Industrials,8.0,93,"Uptrend (price > 50 > 150 > 200-day, 200-day rising); 3-year profit growth >= 15%/yr; ROE >= 20%; RS rating >= 80",4
UTIAMC,-0.09664276698995629,-0.37487433577480966,-0.07057065072332247,-1.2801349945769045,0.6262597586941093,0.0,0.0,-0.7903658632995871,0.7819064574405513,0.013631052851041025,0.03329608938547479,-0.018726924958854196,-0.015424574420714883,97964879.07499999,15.752107315622133,6.696044908482501,115.75210731562214,0.46863206203218216,0.0,0.728427351720784,3.9399999999999977,1.0,10.477247502774695,-0.6700000000000159,20656.0,True,True,9.407734806629835,Asset Management Company,Financial Services,73.0,93,"Uptrend (price > 50 > 150 > 200-day, 200-day rising); Within 15% of 52-week high; Quarterly profit growth >= 25%; Sales growth >= 20% or 2+ strong quarters; 3-year profit growth >= 15%/yr; ROE >= 20%; RS rating >= 80",7
UTLSOLAR,,,1.323606491281121,,0.8061709661102681,0.0,0.0,0.4117794941444561,0.9626821232289512,0.030290066574731087,0.042894799904145575,-0.0525412202232336,-0.04268359883008671,112823183.15,300.0,297.42764323685765,66.64248597574809,,6.0,,4.630000000000001,1.0,23.861852433281005,0.08000000000000096,20678.0,True,True,,Other Electrical Equipment,Industrials,50.0,93,"Uptrend (price > 50 > 150 > 200-day, 200-day rising); Within 15% of 52-week high; 3-year profit growth >= 15%/yr; RS rating >= 80",4
UTTAMSUGAR,0.07172080463962503,0.19042532901010878,0.3184756432464404,0.22614235657650056,0.8026718619537989,0.0,1.0,0.9134817853973772,7.251528752163591,0.036731708345824725,0.12749999999999995,0.06133047564091987,-0.056547497763778556,60894956.65,-91.23295553945871,-3.562510934045837,-78.21066747003749,-0.7101673326028111,0.0,-8.948907734736999,-2.1,1.0,11.529680365296803,-0.22,20675.0,True,True,67.49502762430939,Sugar,Fast Moving Consumer Goods,27.0,93,Within 15% of 52-week high; Quarterly profit growth >= 25%; Sales growth >= 20% or 2+ strong quarters; 3-year profit growth >= 15%/yr; ROE >= 20%; RS rating >= 80,6
V2RETAIL,0.0026320192642227264,0.12034614610585637,0.12863659401925998,0.13075896003165158,0.805168756027001,0.0,0.0,-0.5638330549125294,0.8938140323924624,0.011861780257552874,0.02734411085450339,-0.042285521324448516,-0.0166065826019197,152342290.335,69.8629736970821,57.72990414729049,-102.80134893008334,1.6301565774654463,11.0,,0.30000000000000027,1.0,17.96008869179601,1.8600000000000012,20645.0,True,True,45.616574585635355,Speciality Retail,Consumer Discretionary,68.0,93,"Uptrend (price > 50 > 150 > 200-day, 200-day rising); Within 15% of 52-week high; 3-year profit growth >= 15%/yr; ROE >= 20%; RS rating >= 80",5
VADILALIND,0.09726262565618002,0.2952895492149248,0.7878865558947588,0.6038152210865549,0.8586480407245176,0.0,0.0,0.5367599271276998,0.4459876785126428,0.023954887127804005,0.03675538656527255,-0.011964587110721792,-0.02588567139745279,111334208.25,95.47440378772973,34.24268145837856,-53.83458257590658,4.464479783154836,2.0,22.963380785681565,6.029999999999999,1.0,18.235294117647058,1.2800000000000002,20677.0,True,True,74.49613259668509,Dairy Products,Fast Moving Consumer Goods,19.0,93,"Uptrend (price > 50 > 150 > 200-day, 200-day rising); ROE >= 20%; RS rating >= 80",3
VAIBHAVGBL,-0.050570333380524635,-0.11352969736203267,0.18342875661661462,-0.41764682964079425,0.6967433930093776,0.0,0.0,-0.3170365191696851,0.831830872787164,0.020423163440924402,0.015977705527171482,-0.10535543205833053,-0.021218063299075662,53952072.365,50.02027674687248,12.698159117162744,-117.14176049938588,0.9983612589758578,7.0,35.23907044724497,1.5300000000000002,1.0,16.14077669902913,0.2099999999999973,20648.0,True,True,24.722651933701655,"Gems, Jewellery And Watches",Consumer Discretionary,11.0,93,"Uptrend (price > 50 > 150 > 200-day, 200-day rising); Within 15% of 52-week high; ROE >= 20%; RS rating >= 80",4
VARROC,0.14655312181568278,0.3506737699780631,0.7678424938474158,0.9912117146950855,0.9460096470072352,1.0,1.0,1.5305592527546592,0.51123802200306,0.02433148062762767,0.053609721229449514,0.07836533835516657,-0.01908116258356698,226401701.675,25.66257184334968,29.922320041429295,-2.1586803591913544,0.1190102519070095,3.0,44.92367257801584,-0.09999999999999964,1.0,12.921348314606742,-0.33000000000000185,20663.0,True,True,83.35690607734807,Auto Components & Equipments,Consumer Discretionary,15.0,93,ROE >= 20%,1
VBL,-0.02790537700620288,-0.12660850599781903,0.028641150783457414,-0.19603825853593473,0.7772580064771502,0.0,0.0,-0.18186105678835232,1.3117615331386567,0.017221409971668267,0.022545275348034854,0.0047890291923775585,-0.023654023709051727,2077440210.3249998,15.077599399827935,20.43301122785317,-5.082907825751693,2.864938196840588,0.0,21.069445426898923,-0.8399999999999999,1.0,15.640004086219225,0.3299999999999983,20662.0,True,True,32.81767955801105,Other Beverages,Fast Moving Consumer Goods,,93,"Uptrend (price > 50 > 150 > 200-day, 200-day rising); Within 15% of 52-week high; Quarterly profit growth >= 25%; ROE >= 20%; RS rating >= 80",5
VEDL,0.08105140674445993,0.6246204157907029,0.1438204095057971,1.3942270872361098,0.7194444444444444,0.0,0.0,0.05440063696672963,0.9307768121783807,0.018413693587431418,0.03942513109341639,-0.03773633975709334,-0.020781538488867105,2311650872.6000004,151.88783829489344,53.64351910625873,83.64087582399125,1.2182072959954688,3.0,15.011174927037363,8.530000000000001,1.0,50.543784741802945,-0.75,20664.0,True,True,70.0110497237569,Diversified Metals,Commodities,,93,"Uptrend (price > 50 > 150 > 200-day, 200-day rising); Within 15% of 52-week high; RS rating >= 80",3
VENKEYS,0.04200000329078564,0.13914731276353676,0.4030170637210453,0.16384809398177352,0.875034437159072,0.0,0.0,0.28949060232296303,0.34996717198077343,0.021916102056061176,0.04716704751860323,-0.004865076222034137,-0.028923987006010163,77628777.69999999,215.510048824562,29.168543478511943,-84.489951175438,0.6773219510619275,3.0,62.109065683422536,2.6399999999999997,1.0,8.709273182957393,0.1299999999999999,20679.0,True,True,58.96243093922652,Meat Products including Poultry,Fast Moving Consumer Goods,,93,"Uptrend (price > 50 > 150 > 200-day, 200-day rising); ROE >= 20%; RS rating >= 80",3
VENUSPIPES,0.18823977137999562,0.16038135593220337,0.7567625360846788,1.1458390669509282,0.9144767664721666,1.0,1.0,0.5682465769549605,1.2574168691280811,0.032139940497805664,0.10692826486817908,0.20881249134390933,-0.05822814153873537,202685911.8,6.646764382103165,15.965413697044252,-0.3469916871659873,0.3128716700039268,0.0,25.557729941392893,-0.7200000000000006,1.0,15.246636771300448,0.23999999999999844,20679.0,True,True,88.06077348066297,Iron & Steel Products,Industrials,8.0,93,Quarterly profit growth >= 25%; Sales growth >= 20% or 2+ strong quarters; ROE >= 20%,3
VENUSREM,0.3819754577258742,2.6370791429820724,0.9282526803824978,5.389708299126793,0.8785892481534021,0.0,1.0,-0.10579663194092945,1.177208394977677,0.028965671573270946,0.049982462293931995,0.09702512634020777,-0.03724817298788141,51496965.6,139.1604773707121,30.38343781892405,12.96973755306334,1.3258851039352206,7.0,77.24808131146483,5.84,1.0,15.535444947209653,-0.18999999999999995,20654.0,True,True,97.4685082872928,Pharmaceuticals,Healthcare,17.0,93,ROE >= 20%,1
VERANDA,0.03367261971056951,0.1436829066886871,0.7997401097314467,0.024277815237703615,0.810091743119266,0.0,0.0,0.5108598499738881,3.203172879824764,0.030114501250393583,0.033508878221559346,-0.07645489209060485,-0.03132323726681383,61169598.67999999,300.0,41.51604050345414,192.3055610083264,0.28289265898767035,6.0,,20.049999999999997,1.0,13.569937369519833,0.45999999999999996,20651.0,True,True,56.33701657458563,E-Learning,Consumer Discretionary,,93,"Uptrend (price > 50 > 150 > 200-day, 200-day rising); Within 15% of 52-week high; 3-year profit growth >= 15%/yr; ROE >= 20%; RS rating >= 80",5
VGUARD,-0.05043677351197595,-0.05459260270233379,0.09535104364326386,-0.7630114445224185,0.7558643549209587,0.0,0.0,0.8193686892491259,0.6500639262714607,0.016917834598658667,0.016309412861136963,-0.0788328879497856,-0.03562070676323349,137815876.39999998,76.1875407630585,23.502810214995094,53.006418449454465,3.2276365525280144,3.0,23.86356642644374,2.1500000000000004,1.0,12.979351032448378,-0.21000000000000085,20649.0,True,True,25.16022099447514,Household Appliances,Consumer Discretionary,90.0,93,"Uptrend (price > 50 > 150 > 200-day, 200-day rising); Within 15% of 52-week high; ROE >= 20%; RS rating >= 80",4
VIDYAWIRES,,,0.7246321421746609,,0.8045164039198978,0.0,0.0,0.5274395478269941,2.5538735066239746,0.021171192295483015,0.0499826046619507,0.05411126841708014,-0.03355992227168425,73777794.03999999,41.676149768242276,33.50252574315136,-12.74951762622436,,8.0,,0.18000000000000016,1.0,12.083333333333334,-6.220000000000001,20676.0,True,True,,"Aluminium, Copper & Zinc Products",Industrials,,93,"Uptrend (price > 50 > 150 > 200-day, 200-day rising); Within 15% of 52-week high; 3-year profit growth >= 15%/yr; ROE >= 20%; RS rating >= 80",5
VIJAYA,0.09786660120076034,0.44637073728329213,0.7446857405492362,1.1376608237611405,0.9021711847389559,1.0,0.0,0.12099784367577525,0.5894923948554743,0.020436650746183182,0.047138983522213795,-0.012236260829537327,-0.02889426532571429,159508942.3,37.61401124602397,22.82903483116192,3.0350449753502318,3.980205009379819,3.0,25.870002894662992,2.469999999999999,1.0,18.0773249738767,-0.05000000000000426,20671.0,True,True,74.82430939226519,Healthcare Service Provider,Healthcare,12.0,93,"Uptrend (price > 50 > 150 > 200-day, 200-day rising); ROE >= 20%; RS rating >= 80",3
VIKRAMSOLR,-0.1594710521436735,-0.4838610983631636,-0.11378440848917848,-1.1287199220092952,0.45149548532731376,0.0,0.0,0.15836338665121263,1.2044438845706538,0.027770403750883712,0.020927567697967442,-0.057178547438632266,-0.015191687559762728,292106920.71500003,-85.10885100877805,37.88969459588208,-106.99487921502235,-2.4951916844159183,0.0,,-10.49,1.0,14.780964387015445,-0.33000000000000007,20648.0,True,True,1.7502762430939227,Other Electrical Equipment,Industrials,50.0,93,"Uptrend (price > 50 > 150 > 200-day, 200-day rising); Within 15% of 52-week high; Quarterly profit growth >= 25%; 3-year profit growth >= 15%/yr; ROE >= 20%; RS rating >= 80",6
VIKRAN,-0.11457810903591176,-0.44308596341579,0.04984813292835444,-0.8635895138748887,0.5043074324324324,0.0,0.0,0.5251625952105528,17.508633621850237,0.026726434079888894,0.08639116494478083,-0.05475787174088553,-0.03173795531422117,65851637.575,-89.42958335699399,-60.154776980441824,-155.69868942461795,,0.0,,-7.8100000000000005,1.0,7.431340872374798,-0.9300000000000006,20676.0,True,True,5.907182320441989,Civil Construction,Industrials,81.0,93,"Uptrend (price > 50 > 150 > 200-day, 200-day rising); Within 15% of 52-week high; Quarterly profit growth >= 25%; Sales growth >= 20% or 2+ strong quarters; 3-year profit growth >= 15%/yr; ROE >= 20%; RS rating >= 80",7
VIMTALABS,-0.0036957008035727115,-0.14258111799586914,0.6032141522362029,-0.4501575448635844,0.7745806451612902,0.0,0.0,0.12755703751551598,0.7113858344641134,0.026623529530324923,0.028440438262491208,-0.030942679847869692,-0.02421876181774673,107893258.82499999,42.950378071756546,20.56851702869402,-66.9320266455734,1.330420002759987,2.0,16.873028542544045,3.0500000000000007,1.0,12.852664576802509,-0.23999999999999932,20112.0,True,True,42.66298342541437,"Healthcare Research, Analytics & Technology",Healthcare,42.0,93,"Uptrend (price > 50 > 150 > 200-day, 200-day rising); Within 15% of 52-week high; ROE >= 20%; RS rating >= 80",4
VINATIORGA,-0.09219627152237964,-0.2233707077785564,-0.004714863044454343,-1.3614335924947636,0.6315476512243905,0.0,0.0,0.04962230227917563,1.1981593204336367,0.011993576925958819,0.03764723997228403,-0.09816375240453634,-0.04249266752519382,51749341.7,4.486743807042859,28.403786187427336,3.7948405489916848,0.500461804658068,0.0,4.145068212554115,-3.5799999999999983,1.0,14.046187915216704,-0.7800000000000011,20663.0,True,True,10.829834254143647,Specialty Chemicals,Commodities,37.0,93,"Uptrend (price > 50 > 150 > 200-day, 200-day rising); Within 15% of 52-week high; Quarterly profit growth >= 25%; 3-year profit growth >= 15%/yr; ROE >= 20%; RS rating >= 80",6
VINCOFE,0.0747658342694818,0.24610947142473827,0.40288476061017997,0.515545585890665,0.9404755683302849,1.0,0.0,0.46068152224339454,1.3338653337317545,0.026903278331934167,0.05505166475315737,0.09147501968124261,-0.030467501243896484,341128150.805,46.1125873437654,58.44897155791753,11.813280070922815,2.207057529591676,17.0,147.24899239513925,-1.0899999999999999,1.0,12.631578947368421,2.5199999999999996,20663.0,True,True,68.15138121546961,Tea & Coffee,Fast Moving Consumer Goods,49.0,93,"Uptrend (price > 50 > 150 > 200-day, 200-day rising); ROE >= 20%; RS rating >= 80",3
VINDHYATEL,0.2640938822131181,0.7037360569815885,1.5688956433637284,1.3254111179917492,0.9018830860936125,0.0,1.0,0.5418958084395555,0.7144016956919254,0.040420215667980416,0.07263157894736838,0.07691038458832011,-0.042289168957816356,155184094.85000002,22.668127877914213,-20.784114950634702,29.860364102136174,0.4898493110527282,1.0,4.602501895542277,3.7299999999999995,1.0,5.231866825208085,0.120000000000001,20648.0,True,True,93.8585635359116,Civil Construction,Industrials,81.0,93,Quarterly profit growth >= 25%; Sales growth >= 20% or 2+ strong quarters; 3-year profit growth >= 15%/yr; ROE >= 20%,4
VIPIND,-0.09044749450261623,-0.3026166097838453,-0.039636534544884805,-0.9116954770543374,0.6436946902654866,0.0,0.0,-0.10268665753325291,1.0488823849674165,0.017661711697886245,0.02267651606253218,-0.04040553955956605,-0.014657442256323911,72100167.35000001,-100.0,3.015513955435245,0.0,-0.8908114424609231,0.0,86.9348015642083,-6.609999999999999,0.0,-116.95501730103805,-2.1300000000000026,20665.0,True,True,11.376795580110498,Plastic Products - Consumer,Consumer Discretionary,32.0,93,"Uptrend (price > 50 > 150 > 200-day, 200-day rising); Within 15% of 52-week high; Quarterly profit growth >= 25%; Sales growth >= 20% or 2+ strong quarters; ROE >= 20%; RS rating >= 80",6
VISHNU,0.07859022138874097,0.3157469988903461,0.31508368622706184,1.0419877198552319,0.8931451612903226,0.0,1.0,0.6448682069329145,1.0299684137128828,0.019379108738424404,0.04381775452960368,0.01775285682997163,-0.02816820320742567,59103486.474999994,23.048116365737737,24.930819785541345,11.594677480075855,1.2971585395384126,1.0,4.523573620749155,-0.1399999999999988,1.0,13.283442469597755,0.4299999999999997,20666.0,True,True,69.46408839779005,Specialty Chemicals,Commodities,37.0,93,Quarterly profit growth >= 25%; 3-year profit growth >= 15%/yr; ROE >= 20%; RS rating >= 80,4
VIYASH,0.020076172358032496,0.29584111690099313,0.4058666666666668,0.3675267096801368,0.791275167785235,0.0,0.0,-1.2103121770771514,0.7726158797304413,0.023469310663661123,0.023655013606866282,-0.08810005375491603,-0.0342440960427618,585967458.825,111.79296160735927,19.54423727957153,-188.20703839264073,1.8684240572573694,12.0,140.07011067381248,3.6500000000000004,1.0,7.729302645139128,-2.66,20652.0,True,True,51.96132596685083,Pharmaceuticals,Healthcare,17.0,93,"Uptrend (price > 50 > 150 > 200-day, 200-day rising); Within 15% of 52-week high; ROE >= 20%; RS rating >= 80",4
VMART,0.04093435964545702,0.17277885413783567,0.7203613479496549,0.10571816751737349,0.8487612612612613,0.0,0.0,-0.34436581794908594,1.3517820282512727,0.018493940200455004,0.02290994240870825,-0.05708412931346152,-0.029104977656723072,66064069.05,40.477579763103776,22.99880255755631,-103.99803262829927,0.8221375840537675,8.0,64.83947983943281,0.54,1.0,13.038906414300735,-1.4200000000000088,20679.0,True,True,58.6342541436464,Diversified Retail,Consumer Discretionary,48.0,93,"Uptrend (price > 50 > 150 > 200-day, 200-day rising); Within 15% of 52-week high; ROE >= 20%; RS rating >= 80",4
VMM,-0.10101821420277936,-0.26210484193677475,0.04014289743348676,-1.054094444974876,0.6636877382047575,0.0,0.0,-0.020330727249033058,1.3386884150162934,0.02093018804175691,0.034619581390735066,-0.0508767643355198,-0.017674214875064067,1003780385.64,25.557391347099024,18.682490956335652,-20.190476652787215,0.9629478869405269,2.0,,0.3800000000000008,1.0,11.317954944017266,0.4799999999999969,20657.0,True,True,8.423204419889503,Diversified Retail,Consumer Discretionary,48.0,93,"Uptrend (price > 50 > 150 > 200-day, 200-day rising); Within 15% of 52-week high; 3-year profit growth >= 15%/yr; ROE >= 20%; RS rating >= 80",5
VOLTAMP,0.09342128648467357,0.5195013233040813,0.2926294584666429,1.1561401253500776,0.8162947990359947,0.0,1.0,1.0732581973969055,0.37109248621406127,0.021788823271407114,0.0468077139112526,0.00835494093921052,-0.019956213812028195,239422084.0,14.705476384392458,28.377166060720516,65.24832734656883,0.4665995676308233,0.0,12.27334678054941,-2.0,1.0,17.020089285714285,0.8999999999999986,20679.0,True,True,73.73038674033148,Heavy Electrical Equipment,Industrials,34.0,93,Within 15% of 52-week high; Quarterly profit growth >= 25%; 3-year profit growth >= 15%/yr; ROE >= 20%; RS rating >= 80,5
VOLTAS,-0.08034403308473884,-0.12988999781452604,-0.0969302888250414,-0.6996471017755611,0.6761453396524486,0.0,0.0,-0.4834412777616817,1.6293110897111758,0.018474275382627678,0.02808533621388043,-0.12182502815084262,-0.023690696498122065,772217494.2,51.23271759434749,18.659516881718787,103.08441722032514,0.4858958220367737,1.0,11.657532324999288,0.98,1.0,5.803011292346299,-0.8499999999999943,20679.0,True,True,14.111602209944751,Household Appliances,Consumer Discretionary,90.0,93,"Uptrend (price > 50 > 150 > 200-day, 200-day rising); Within 15% of 52-week high; Sales growth >= 20% or 2+ strong quarters; 3-year profit growth >= 15%/yr; ROE >= 20%; RS rating >= 80",6
VTL,0.0247102738686217,0.3695235815178357,0.08507207890743529,0.8713684721735382,0.7770348837209302,0.0,0.0,1.2883662420232223,2.7271206455142627,0.019507594532800168,0.052879993007604265,-0.08990468343289437,-0.029603469134355003,115431788.15,51.4206742346369,13.305332696193094,71.80041249189104,1.915433951773492,1.0,12.217948559714142,2.9299999999999997,1.0,7.161879398896708,-0.9400000000000048,20664.0,True,True,53.71160220994475,Other Textile Products,Consumer Discretionary,14.0,93,"Uptrend (price > 50 > 150 > 200-day, 200-day rising); Within 15% of 52-week high; Sales growth >= 20% or 2+ strong quarters; 3-year profit growth >= 15%/yr; ROE >= 20%; RS rating >= 80",6
WAAREEENER,-0.10380993885016775,-0.24165235364327087,-0.15766668822350127,-0.8438595406276113,0.638485532967624,0.0,0.0,-0.69934486188145,1.0501291738900158,0.01483006574822715,0.03546300040436701,-0.0923818020716507,-0.02818012292584046,1259594556.0,15.371503151683275,79.21587589220553,-58.572809918795485,0.4835280664054996,0.0,,-6.220000000000001,1.0,26.901232857736527,1.2700000000000014,20663.0,True,True,7.766850828729282,Other Electrical Equipment,Industrials,50.0,93,"Uptrend (price > 50 > 150 > 200-day, 200-day rising); Within 15% of 52-week high; Quarterly profit growth >= 25%; 3-year profit growth >= 15%/yr; RS rating >= 80",5
WAAREERTL,-0.07640207036403313,-0.1721225922763071,0.0747059185810186,-0.5827092462447906,0.6037923416789397,0.0,0.0,-0.8403460399652876,0.8730061591965715,0.014903236117727868,0.03800722198420958,-0.061524269088844785,-0.015160934018509108,88690785.15,37.71170497525216,53.22700973159369,-22.945685936139277,1.2196125977000474,6.0,110.85658312998339,-1.450000000000001,1.0,51.2847965738758,0.12999999999999967,20656.0,True,True,15.752486187845303,Other Electrical Equipment,Industrials,50.0,93,"Uptrend (price > 50 > 150 > 200-day, 200-day rising); Within 15% of 52-week high; RS rating >= 80",3
WABAG,0.09473598361044908,0.2812014500258935,0.6486463973344441,0.7983800022366789,0.8889176369124623,0.0,1.0,0.10672357548396721,1.096704983807341,0.029691022141319558,0.060993825931089374,0.02025564298278537,-0.03694166890446754,941910082.4000001,36.99834565978979,20.81743869209809,8.415003335892806,2.866616685834843,4.0,11.457601947465657,1.1999999999999993,1.0,14.40809968847352,2.2099999999999973,20655.0,True,True,74.16795580110498,Water Supply & Management,Utilities,44.0,93,3-year profit growth >= 15%/yr; ROE >= 20%; RS rating >= 80,3
WALCHANNAG,0.008633862180906908,0.02759049395113089,0.5448206455323124,-0.07300591129056173,0.6340721975934136,0.0,0.0,-0.32911024793688376,0.7399240729679143,0.025111283965395432,0.0707061022961506,-0.0865313555502435,-0.026267104280529707,104483222.55,100.0,83.7548047744285,0.0,0.37024305947401487,3.0,-40.7907157182158,22.32,1.0,-4.178272980501393,1.62,20679.0,True,True,47.80441988950276,Industrial Products,Industrials,4.0,93,"Uptrend (price > 50 > 150 > 200-day, 200-day rising); Within 15% of 52-week high; 3-year profit growth >= 15%/yr; ROE >= 20%; RS rating >= 80",5
WEBELSOLAR,-0.1349710288417092,-0.395350676049656,0.08054260279779579,-0.7443969836575295,0.5116751269035533,0.0,0.0,-0.6526738958052166,1.119753536170732,0.0236986231544836,0.046980774438126094,-0.14920503242329464,-0.029891193153961524,137596295.64,15.754376889798593,70.33142857142857,-136.60638898619936,0.2957216358195241,0.0,157.36698594428105,-9.84,1.0,48.095238095238095,-0.27000000000000046,20675.0,True,True,3.1723756906077347,Other Electrical Equipment,Industrials,50.0,93,"Uptrend (price > 50 > 150 > 200-day, 200-day rising); Within 15% of 52-week high; Quarterly profit growth >= 25%; RS rating >= 80",4
WEL,-0.19695980353920817,-0.42858960493670084,-0.25100066711140767,-0.8688471224353403,0.39573911622078134,0.0,0.0,-1.1141477845221115,0.10157074637645663,0.05554163058712389,0.04994961854037716,-0.30097591961656167,-0.04136338841887652,85347344.94999999,256.3791593066506,50.93705570634612,294.61746542951516,0.8864676750756676,1.0,29.422333622721908,0.98,1.0,8.653846153846153,1.0,20677.0,True,True,0.3281767955801105,Household Appliances,Consumer Discretionary,90.0,93,"Uptrend (price > 50 > 150 > 200-day, 200-day rising); Within 15% of 52-week high; ROE >= 20%; RS rating >= 80",4
WELCORP,0.4770896623429993,1.70735435656457,1.92530739585245,4.8560382119312715,0.9368965517241379,1.0,1.0,1.095508380314497,1.4904270531348847,0.03632338022026578,0.0812096085843188,0.2212344671291504,-0.05176966347566525,2908323798.75,200.19971128590862,14.912895714193208,180.29811721109596,4.00407822282526,1.0,84.60127890629052,15.85,1.0,17.693315858453474,1.8500000000000014,20658.0,True,True,98.45303867403315,Iron & Steel Products,Industrials,8.0,93,Sales growth >= 20% or 2+ strong quarters; ROE >= 20%,2
WELENT,0.12502893708431362,0.250775688994342,0.5937209302325581,0.9472388436936546,0.8821712792493172,1.0,1.0,0.2860524283146715,0.8368287518125801,0.026153503092476056,0.06387708401438386,0.10148263388864742,-0.03239275191213702,243830056.77499998,-20.481007612463564,-8.440920655582506,-68.66696958619647,-0.9319046342332229,0.0,11.51716054265728,-1.7700000000000014,1.0,12.910643889618923,0.379999999999999,20665.0,True,True,79.85635359116023,Civil Construction,Industrials,81.0,93,Quarterly profit growth >= 25%; Sales growth >= 20% or 2+ strong quarters; 3-year profit growth >= 15%/yr; ROE >= 20%; RS rating >= 80,5
WELSPUNLIV,0.22546612773295927,0.6086742641633189,0.6847844753563457,1.9070581737512755,0.9756652360515022,1.0,1.0,2.120257056978722,0.775515739303449,0.0223146727599749,0.04649442855734143,0.2043463058519377,-0.03873446276655225,607913182.49,82.20473462977269,23.661288966941953,102.26089609073559,1.0227419328495304,1.0,-5.1282862778282094,1.87,1.0,4.331909701037217,0.41999999999999815,20678.0,True,True,92.21767955801106,Other Textile Products,Consumer Discretionary,14.0,93,3-year profit growth >= 15%/yr; ROE >= 20%,2
WENDT,-0.003210332209268675,-0.13282742517512203,0.2981410867492851,-0.32337232549631945,0.8848333951369391,0.0,1.0,0.6547167773491169,0.7012595119391235,0.019585601247254406,0.05333819330538847,0.011779357835399074,-0.0198233597319628,50301145.0,63.390930181832594,36.63024726854513,123.91292431672996,0.6792581242958999,1.0,-26.035340162376073,1.42,1.0,5.905511811023622,-0.6399999999999988,20641.0,True,True,43.100552486187844,Abrasives & Bearings,Industrials,55.0,93,3-year profit growth >= 15%/yr; ROE >= 20%; RS rating >= 80,3
WESTLIFE,0.00985273780978392,-0.1980906921241049,0.29113924050632933,-0.4331572700452632,0.7722571353757529,0.0,0.0,1.0948066400952308,1.2127979138377534,0.030903711068744358,0.04319554110543433,0.0619623573637913,-0.02606810006117025,58555182.2,-52.90008699500679,11.86229338685887,-109.3676401335816,-0.06449710616893546,0.0,-43.220779668710044,-0.11,1.0,5.169628432956381,0.28000000000000114,20664.0,True,True,48.241988950276244,Restaurants,Consumer Discretionary,63.0,93,"Uptrend (price > 50 > 150 > 200-day, 200-day rising); Within 15% of 52-week high; Quarterly profit growth >= 25%; Sales growth >= 20% or 2+ strong quarters; 3-year profit growth >= 15%/yr; ROE >= 20%; RS rating >= 80",7
WEWORK,,,0.519587171235157,,0.8312775330396477,0.0,0.0,-0.32366484078264635,0.7909689596483378,0.01934107910816223,0.025359256128486996,-0.04589305681158218,-0.015707399562675545,118058408.25,79.26847107234506,27.744671311950107,-20.731528927654935,,2.0,,2.0500000000000003,0.0,25.16778523489933,-0.44000000000000483,20650.0,True,True,,Diversified Commercial Services,Services,67.0,93,"Uptrend (price > 50 > 150 > 200-day, 200-day rising); Within 15% of 52-week high; 3-year profit growth >= 15%/yr; RS rating >= 80",4
WHEELS,0.3108939342560526,0.9111413211394674,0.42907309860456544,3.39422320983324,0.8891112890312249,0.0,1.0,0.9831680746423626,1.5073198823771232,0.041065948327470396,0.19995442634157445,0.29776184288024843,-0.03721623732462313,207628224.89999998,27.06929936555309,17.819043856183335,-25.394835864265634,1.1399431009577958,5.0,48.43252004607352,0.18999999999999995,1.0,15.177713736791546,-2.4200000000000017,20638.0,True,True,96.046408839779,Auto Components & Equipments,Consumer Discretionary,15.0,93,ROE >= 20%,1
WHIRLPOOL,-0.04545546164634895,-0.39196759784995083,-0.007047042096804179,-0.7681698648897249,0.6195198329853863,0.0,0.0,0.8468086508877943,20.57926016462062,0.03378764046427895,0.19998613133624588,0.11750321976496325,-0.08658626925391112,224084779.125,-29.67795541943098,12.104903960005252,-0.10159779343503672,-1.4342688121250997,0.0,8.241516412552574,-2.2399999999999998,1.0,7.089641913001682,-0.6500000000000057,20670.0,True,True,26.91049723756906,Household Appliances,Consumer Discretionary,90.0,93,"Uptrend (price > 50 > 150 > 200-day, 200-day rising); Within 15% of 52-week high; Quarterly profit growth >= 25%; Sales growth >= 20% or 2+ strong quarters; 3-year profit growth >= 15%/yr; ROE >= 20%; RS rating >= 80",7
WINDLAS,0.09307220235589454,0.05608667941363943,0.29960784313725486,0.44757740793661355,0.9233437685083339,0.0,1.0,1.0293723776795767,0.6823546102949711,0.02774295787770498,0.08751921455843692,0.09596552524095059,-0.018062464204733623,75788383.625,-1.8314294608183568,17.655764392481863,1.8295538034378445,-0.13581972127680766,0.0,15.96042947129046,-1.3299999999999992,1.0,11.359724612736661,-0.5200000000000014,20594.0,True,True,73.62099447513813,Pharmaceuticals,Healthcare,17.0,93,Quarterly profit growth >= 25%; Sales growth >= 20% or 2+ strong quarters; ROE >= 20%; RS rating >= 80,4
WIPRO,-0.09628486775241582,-0.2609061410888114,-0.03705636743215024,-1.4509624856456618,0.5803734895642622,0.0,0.0,-0.19825629283919496,11.47557233062385,0.01291590067097358,0.015531660692950977,-0.09986654172700693,-0.02196285191248885,1622620260.5,0.6095253225139041,10.58975540556415,2.4392434433315513,0.05752481978556504,0.0,4.3473852571746185,-1.3599999999999994,1.0,15.071745873050139,-2.1099999999999994,20650.0,True,True,9.735911602209946,Computers - Software & Consulting,Information Technology,82.0,93,"Uptrend (price > 50 > 150 > 200-day, 200-day rising); Within 15% of 52-week high; Quarterly profit growth >= 25%; Sales growth >= 20% or 2+ strong quarters; 3-year profit growth >= 15%/yr; ROE >= 20%; RS rating >= 80",7
WOCKPHARMA,0.12213169945483165,0.27544180377818406,0.5836065573770493,0.8217311826496958,0.8736737811171201,0.0,1.0,0.4402035750120071,1.3439224786191588,0.02617643402674494,0.07079872859632919,0.05432806077967367,-0.04205564709147013,1456941545.1,100.0,25.880758807588066,0.0,2.213655832645011,5.0,-51.3208453727904,13.49,1.0,4.02834008097166,-1.5800000000000018,20654.0,True,True,79.41878453038673,Pharmaceuticals,Healthcare,17.0,93,3-year profit growth >= 15%/yr; ROE >= 20%; RS rating >= 80,3
WSTCSTPAPR,0.1825970958851794,0.27804470440777096,0.45857670759327673,1.4523474262972325,0.948005148005148,1.0,1.0,0.7159276806453472,0.8302573045234098,0.025965132803493763,0.07237071672831319,0.14778646746354163,-0.034583933057586926,148683762.725,135.42281781484456,10.119939244749387,118.53036801515498,1.636317312881263,1.0,-41.21329398515442,7.180000000000001,1.0,4.323725055432372,-0.14000000000000057,20657.0,True,True,87.07624309392266,Paper & Paper Products,Commodities,,93,Sales growth >= 20% or 2+ strong quarters; 3-year profit growth >= 15%/yr; ROE >= 20%,3
XPROINDIA,-0.02520912074663724,-0.03593618807724597,0.11092835373228205,-0.0485513354809386,0.7378079756159514,0.0,0.0,0.4402076752438899,0.5904448001965648,0.03613789266624187,0.13188941715090685,-0.04860553854216132,-0.041619030414323625,66607445.3,100.0,20.372670807453396,-1.7888683867635962,1.654266477000816,2.0,-5.031790431248351,8.15,1.0,2.635046113306983,-0.030000000000001137,20665.0,True,True,34.02099447513812,Packaging,Industrials,23.0,93,"Uptrend (price > 50 > 150 > 200-day, 200-day rising); Within 15% of 52-week high; 3-year profit growth >= 15%/yr; ROE >= 20%; RS rating >= 80",5
YASHO,0.3359420508415729,1.4979226020892686,2.0888073394495414,2.2755976690690956,0.8020424509411294,0.0,0.0,0.5822099986876634,0.7028473804448503,0.04483740967929904,0.05744949494949503,-0.004553990283627685,-0.024117163556878665,150491328.6,300.0,54.923479661699574,156.03425775916128,3.2203546259018765,3.0,-3.056534100352526,9.88,1.0,5.63063063063063,0.28000000000000025,20650.0,True,True,96.59337016574585,Specialty Chemicals,Commodities,37.0,93,"Uptrend (price > 50 > 150 > 200-day, 200-day rising); Within 15% of 52-week high; 3-year profit growth >= 15%/yr; ROE >= 20%",4
YATHARTH,0.10946947191107809,0.27703779236505,0.559984429739198,0.8056237268032196,0.872043918918919,1.0,1.0,0.851496577101404,1.4872512780779144,0.0251508497310985,0.0917235060572128,0.09410349742236623,-0.07096215491911909,277559412.55,8.056930870578016,52.32571672421151,-7.382517554972967,0.6737093189938587,0.0,33.200772850420556,-4.739999999999998,1.0,9.550561797752808,-0.7899999999999991,20675.0,True,True,77.55911602209945,Hospital,Healthcare,51.0,93,Quarterly profit growth >= 25%; ROE >= 20%; RS rating >= 80,3
YATRA,-0.06354967941407172,-0.27526559520566607,0.10131429162785888,-0.5401688927365818,0.4945049504950495,0.0,0.0,0.16830290162352643,0.47521735957856276,0.027216773487680368,0.07019357263672243,-0.09029974846410094,-0.05060953143645793,96674241.525,-97.88724779574954,-10.44278156427243,-51.78927372946208,-1.632732999322235,0.0,64.07438086761088,-7.45,1.0,5.6558363417569195,0.14000000000000057,20677.0,True,True,20.12817679558011,"Tour, Travel Related Services",Consumer Discretionary,92.0,93,"Uptrend (price > 50 > 150 > 200-day, 200-day rising); Within 15% of 52-week high; Quarterly profit growth >= 25%; Sales growth >= 20% or 2+ strong quarters; ROE >= 20%; RS rating >= 80",6
YESBANK,-0.016791434659978028,0.06782039289055186,0.259933774834437,-0.0701009864427556,0.812645461598138,0.0,0.0,0.029226023726650032,2.1496696952097514,0.016231803158640108,0.05291479820627809,-0.07461394395561693,-0.04310105330527824,1122322401.15,32.61886911133609,5.9157459544329605,-12.748769464995014,2.7380498187296327,3.0,69.978876819556,2.6799999999999997,1.0,6.865006450604011,1.9299999999999926,20652.0,True,True,37.302762430939225,Private Sector Bank,Financial Services,30.0,93,"Uptrend (price > 50 > 150 > 200-day, 200-day rising); Within 15% of 52-week high; ROE >= 20%; RS rating >= 80",4
ZAGGLE,-0.15296316462210546,-0.4884945938453008,-0.08423090286394996,-0.9195052511890146,0.4271830291070548,0.0,0.0,1.004556857440186,0.2886077512412118,0.035611853216221345,0.03880040664181639,-0.08822495014141496,-0.020426842906634345,143409626.04,-32.84220247070061,27.502485164322053,-63.320270356195735,-2.1413211664935026,0.0,91.05533036684368,-3.7200000000000006,1.0,9.9002849002849,-3.710000000000001,20679.0,True,True,1.9690607734806629,IT Enabled Services,Information Technology,40.0,93,"Uptrend (price > 50 > 150 > 200-day, 200-day rising); Within 15% of 52-week high; Quarterly profit growth >= 25%; ROE >= 20%; RS rating >= 80",5
ZEEL,-0.11523019580643354,-0.20788894531911295,0.2699145067173294,-0.8024785357802822,0.629075857408346,0.0,0.0,-0.19870242415052053,0.5788450788567319,0.03305902959634324,0.02829091848598364,-0.20452142034639165,-0.03664292258198374,1703639591.315,-48.204311401796076,4.521043402016667,51.795688598203924,-0.4456887394566778,0.0,-11.49420965833885,-3.97,1.0,2.310315430520034,-8.2,20675.0,True,True,5.797790055248619,TV Broadcasting & Software Production,Consumer Discretionary,,93,"Uptrend (price > 50 > 150 > 200-day, 200-day rising); Within 15% of 52-week high; Quarterly profit growth >= 25%; Sales growth >= 20% or 2+ strong quarters; 3-year profit growth >= 15%/yr; ROE >= 20%; RS rating >= 80",7
ZENSARTECH,-0.13570767967483918,-0.4303304046528895,-0.12406050803919688,-1.247737513438653,0.5135036496350365,0.0,0.0,1.0124104533348985,1.075572398035399,0.027278560344976895,0.035155790711346224,-0.1062164645895709,-0.018095497132794326,407998880.075,1.0290567012291918,8.902527075812273,-18.120926500311185,0.07621813107635127,0.0,24.833459403885037,-0.9500000000000011,1.0,16.422970968425513,-1.4600000000000009,20647.0,True,True,3.0629834254143646,Computers - Software & Consulting,Information Technology,82.0,93,"Uptrend (price > 50 > 150 > 200-day, 200-day rising); Within 15% of 52-week high; Quarterly profit growth >= 25%; Sales growth >= 20% or 2+ strong quarters; ROE >= 20%; RS rating >= 80",6
ZENTEC,-0.007919585551517571,0.10951044589959458,0.31182716413508316,0.002835776880194735,0.7854381758575133,0.0,0.0,-0.03948730124420741,0.7414979051984284,0.021611141793721172,0.027180322345145003,-0.0857926528529398,-0.027443306960719213,525726858.0,-35.808642465255424,-10.479079762356225,22.653787912933332,-0.4253292714421553,0.0,30.119303337071624,-9.489999999999998,1.0,11.540497617787189,0.8399999999999999,20659.0,True,True,41.678453038674036,Aerospace & Defense,Industrials,26.0,93,"Uptrend (price > 50 > 150 > 200-day, 200-day rising); Within 15% of 52-week high; Quarterly profit growth >= 25%; Sales growth >= 20% or 2+ strong quarters; ROE >= 20%; RS rating >= 80",6
ZFCVINDIA,0.010866227278531482,0.16990537733671807,0.11182758908087576,0.2668361725276763,0.769053876478318,0.0,0.0,-0.6413739199530557,1.223128679824952,0.015760407900620898,0.023685169440058385,-0.06241789648388685,-0.034096369146010136,201588611.10000002,-14.5907150993568,9.289023740210766,-30.125226604275802,-1.5238506410545158,0.0,12.469646359535048,-2.7399999999999984,1.0,14.010840108401085,-0.620000000000001,20638.0,True,True,48.57016574585635,Auto Components & Equipments,Consumer Discretionary,15.0,93,"Uptrend (price > 50 > 150 > 200-day, 200-day rising); Within 15% of 52-week high; Quarterly profit growth >= 25%; Sales growth >= 20% or 2+ strong quarters; 3-year profit growth >= 15%/yr; ROE >= 20%; RS rating >= 80",7
ZOTA,-0.02011903144527252,-0.28127131359978175,-0.006317774634606366,-0.26452830455994203,0.7440804597701149,0.0,0.0,0.29691824673184875,0.9553593080591707,0.028773091196992177,0.12520751419833975,0.08816424917759447,-0.08876757547660015,58444665.75,-100.0,67.59992276501254,-28.3945813432494,-4.792002218019634,0.0,-7.573606611811867,-12.02,0.0,-10.662824207492795,0.05999999999999872,20678.0,True,True,36.09944751381216,Pharmaceuticals,Healthcare,17.0,93,"Uptrend (price > 50 > 150 > 200-day, 200-day rising); Within 15% of 52-week high; Quarterly profit growth >= 25%; 3-year profit growth >= 15%/yr; ROE >= 20%; RS rating >= 80",6
ZYDUSLIFE,0.03900449430771617,0.11145140450782409,0.29508196721311464,0.4726223451227786,0.9431052674295918,1.0,1.0,0.47085687022293443,2.7460241788626942,0.017039415571762296,0.03294642857142871,0.01858166447814802,-0.031126252350326566,1241436007.3,-34.068044305673205,21.955671843862667,-55.073266537276155,-4.042075757319736,0.0,17.936103340179322,-10.63,1.0,18.899380348185304,0.010000000000001563,20645.0,True,True,57.97790055248618,Pharmaceuticals,Healthcare,17.0,93,Quarterly profit growth >= 25%; ROE >= 20%; RS rating >= 80,3
ZYDUSWELL,0.0007999162875178059,0.11945968763191206,0.18897108271687957,0.21304284363850978,0.8381139168096755,0.0,0.0,0.547918512666315,0.715116427181626,0.02301078101134245,0.04447996990784264,-0.03875893431206989,-0.035062854660482756,111410787.05000001,-7.105337664252254,66.91834127076315,-1.3148588061281163,-0.3537777087835326,0.0,-10.138550264254375,-6.59,1.0,3.381393752145554,0.41000000000000014,20647.0,True,True,44.52265193370166,Packaged Foods,Fast Moving Consumer Goods,77.0,93,"Uptrend (price > 50 > 150 > 200-day, 200-day rising); Within 15% of 52-week high; Quarterly profit growth >= 25%; 3-year profit growth >= 15%/yr; ROE >= 20%; RS rating >= 80",6
