,rs_ibd,mom_12_1,mom_6_1,ram,prox_high,new_high,trend,ud_vol,vol_surge,vol60,max_ret21,ext50,tight,turnover,np_yoy,sales_yoy,accel,sue,streak,ttm_cagr3,npm_chg,np_pos,roe,inst_chg,last_ann,universe,has_f,rs,industry,sector,group_rank,groups_total,failed,n_fail
360ONE,0.012911936094469167,0.15292473547614294,0.23681533436847446,0.2390069765626952,0.8651512700210322,0.0,0.0,-0.29170759144803243,2.6590010023361486,0.01588708502547588,0.03213786679087094,-0.0547945205479452,-0.019921362124031214,793709067.8,16.126848424999316,34.519342593202104,0.42186864039468297,1.0316970984205642,0.0,22.60072621253815,-4.27,1.0,12.3627490849939,1.1700000000000017,20650.0,True,True,49.546830652790916,Stockbroking & Allied,Financial Services,15.0,103,"Uptrend (price > 50 > 150 > 200-day, 200-day rising); Quarterly profit growth >= 25%; ROE >= 20%; RS rating >= 80; Net profit margin up vs a year ago",5
3MINDIA,-0.0023352862225306872,0.12590051457975981,0.10374978980998817,0.18103688624326608,0.8109387325795425,0.0,0.0,-0.24739033264996066,6.707595920793891,0.01741588002409613,0.04810943744236096,-0.09082332963845197,-0.049541312639047715,75363840.0,21.655434347214133,-0.29438103766935564,-5.732843717723156,1.8173347070849244,2.0,37.526891767001835,2.709999999999999,1.0,27.154168607359107,-0.1999999999999993,19920.0,True,True,44.301797540208135,Diversified,Diversified,79.0,103,"Uptrend (price > 50 > 150 > 200-day, 200-day rising); Within 15% of 52-week high; Quarterly profit growth >= 25%; RS rating >= 80",4
63MOONS,0.035414849308192234,-0.02239448751076656,0.7174417431655402,-0.168696456140615,0.8277571898324547,0.0,0.0,1.0305844935609767,0.22561260473988404,0.03354341304100883,0.02966226138032302,-0.04284417534558749,-0.04228439548031539,231202552.825,-100.0,300.0,0.0,-0.6394650783691775,0.0,,26.909999999999997,0.0,-1.5202702702702704,0.30000000000000004,20677.0,True,True,57.03973509933774,Computers - Software & Consulting,Information Technology,94.0,103,"Uptrend (price > 50 > 150 > 200-day, 200-day rising); Within 15% of 52-week high; Quarterly profit growth >= 25%; 3-year profit growth >= 15%/yr; ROE >= 20%; RS rating >= 80",6
AADHARHFC,-0.0483117526991653,-0.06486275275959763,0.09007059895240244,-0.4269350769189093,0.8060390763765541,0.0,0.0,-0.3950780845054582,1.7886994489801955,0.014261485061957591,0.028440366972477094,-0.0445812937523028,-0.023913265470104937,116827795.9,18.985760554858167,17.061237001579865,-7.989077065604079,3.7255947118680783,0.0,,0.46000000000000085,1.0,14.533881448083807,0.4399999999999977,20648.0,True,True,27.44276253547777,Housing Finance Company,Financial Services,90.0,103,"Uptrend (price > 50 > 150 > 200-day, 200-day rising); Within 15% of 52-week high; Quarterly profit growth >= 25%; Sales growth >= 20% or 2+ strong quarters; 3-year profit growth >= 15%/yr; ROE >= 20%; RS rating >= 80",7
AARTIDRUGS,0.00807080423032367,-0.0938397701883178,0.2074000567054155,-0.2844112557754468,0.8029962546816479,0.0,1.0,0.47726857994040217,2.8602391771012323,0.017888571761549538,0.033253012048192865,0.016087258388999492,-0.013558692100611674,59792534.25,-4.295296870372067,19.012379129904655,7.736419028505126,-0.19266709346147917,0.0,2.3684550708781504,-1.790000000000001,1.0,12.588766946417044,0.019999999999997797,20679.0,True,True,47.767265846736045,Pharmaceuticals,Healthcare,27.0,103,Within 15% of 52-week high; Quarterly profit growth >= 25%; Sales growth >= 20% or 2+ strong quarters; 3-year profit growth >= 15%/yr; ROE >= 20%; RS rating >= 80; Net profit margin up vs a year ago,7
AARTIIND,0.054978759417659874,0.3398291510945006,0.22804012723268907,0.7527595989685913,0.8720434979610331,0.0,0.0,0.7413295820135792,0.6849873528841204,0.01888145925509775,0.03052874527905991,-0.040388830496947636,-0.02284580972081232,334076960.85,255.9914048434868,42.50746268656715,213.48268606431364,1.5462996257128354,4.0,2.8660233418485337,3.85,1.0,7.036104114189756,0.6099999999999994,20679.0,True,True,62.94039735099338,Specialty Chemicals,Commodities,38.0,103,"Uptrend (price > 50 > 150 > 200-day, 200-day rising); 3-year profit growth >= 15%/yr; ROE >= 20%; RS rating >= 80",4
AARTIPHARM,0.1283841900111332,0.05345549420544882,0.34453651359095483,0.40287989284179054,0.9726656025538707,1.0,0.0,1.3309700358231766,1.0197444954589545,0.035709943618452394,0.06433260393873086,0.17304522540515177,-0.06701696490943539,377465735.35,53.78279078960875,38.73999844636058,84.60015194079348,1.2814531698623302,1.0,4.481237636644475,1.3900000000000006,1.0,8.239171374764595,-0.40000000000000036,20679.0,True,True,80.54872280037843,Pharmaceuticals,Healthcare,27.0,103,"Uptrend (price > 50 > 150 > 200-day, 200-day rising); 3-year profit growth >= 15%/yr; ROE >= 20%",3
AAVAS,-0.07121999011836243,-0.1758953517907036,0.13982083260144051,-0.7514401815972129,0.685761047463175,0.0,0.0,-0.4777977557259083,2.7260808705150508,0.018855733199461117,0.028491359177954312,-0.07935949909155804,-0.031719587949237314,101777265.6,12.336345495060508,21.42142364740154,3.390430554287338,2.1086360575879244,0.0,19.30887173379423,-2.1099999999999994,1.0,13.013517095149748,-0.44999999999999574,19838.0,True,True,18.357615894039736,Housing Finance Company,Financial Services,90.0,103,"Uptrend (price > 50 > 150 > 200-day, 200-day rising); Within 15% of 52-week high; Quarterly profit growth >= 25%; ROE >= 20%; RS rating >= 80; Net profit margin up vs a year ago",6
ABB,0.07321446028620802,0.436579425522867,0.21002930641484863,1.233110537394364,0.898794876648369,0.0,0.0,0.17991064183673366,1.051905917763971,0.018209132498477366,0.03299492385786795,-0.03212962736481062,-0.023839860366681023,1394543814.0,8.04453015021933,21.03065156250532,33.25321757577821,0.12805219921567482,0.0,85.52828342535965,-1.25,1.0,21.286370597243494,0.09000000000000341,20665.0,True,True,67.34247871333964,Heavy Electrical Equipment,Industrials,35.0,103,"Uptrend (price > 50 > 150 > 200-day, 200-day rising); Quarterly profit growth >= 25%; RS rating >= 80; Net profit margin up vs a year ago",4
ABBOTINDIA,-0.02961209170745158,-0.12760591795561538,-0.012935134106905055,-0.5995301398384326,0.8519001794160822,0.0,0.0,-0.2658086944930731,2.1871035064639734,0.012290140364453675,0.052489386337321475,-0.024682643720659314,-0.018242224540485203,183226700.0,17.121078654117294,4.333419622055401,9.51089326588528,3.2187192192161156,0.0,16.01767810745125,2.5799999999999983,1.0,32.50942605781316,-0.049999999999998934,20679.0,True,True,34.18637653736992,Pharmaceuticals,Healthcare,27.0,103,"Uptrend (price > 50 > 150 > 200-day, 200-day rising); Quarterly profit growth >= 25%; Sales growth >= 20% or 2+ strong quarters; RS rating >= 80",4
ABCAPITAL,0.06695961357647158,0.4413768375761924,0.3478625314333612,1.102767203609465,0.8797306710006965,0.0,0.0,0.1420553724419924,1.5128488160773688,0.017972148066213542,0.05141025641025654,-0.053112184589394706,-0.029079552518027758,977308744.0,43.28168965014956,28.169392035307904,26.247098932107594,1.6196499347397018,1.0,18.479147486326376,1.0600000000000005,1.0,11.224726934696722,0.5800000000000018,20654.0,True,True,65.93755912961211,Investment Company,Financial Services,96.0,103,"Uptrend (price > 50 > 150 > 200-day, 200-day rising); ROE >= 20%; RS rating >= 80",3
ABDL,0.11353481640041929,0.1823826154443151,0.43777279698006355,0.9307233133867562,0.9480631467232687,1.0,1.0,1.1220934670269531,1.5821303911146425,0.02325167721831455,0.08493296770262027,0.12685272784610513,-0.04697057561020381,232466082.925,-18.64526069962529,6.076761372255812,33.7146530208382,-0.2815469472173626,0.0,,-1.4100000000000001,1.0,13.2291040288635,0.2599999999999998,20657.0,True,True,77.36423841059603,Breweries & Distilleries,Fast Moving Consumer Goods,55.0,103,Quarterly profit growth >= 25%; Sales growth >= 20% or 2+ strong quarters; 3-year profit growth >= 15%/yr; ROE >= 20%; RS rating >= 80; Net profit margin up vs a year ago,6
ABFRL,-0.15596570467723445,-0.4062426383981155,-0.1257370794311481,-1.2630546733399592,0.5133161029329139,0.0,0.0,-0.28251059632525155,2.250588510157551,0.01838922985800119,0.050783574687562005,-0.14461093654616064,-0.04494929468274478,215573708.5,-100.0,10.59810206065106,0.0,-0.24741569127391028,0.0,-3.1632074751821393,0.4800000000000004,0.0,-14.212328767123289,-3.59,20669.0,True,True,1.4985808893093662,Speciality Retail,Consumer Discretionary,97.0,103,"Uptrend (price > 50 > 150 > 200-day, 200-day rising); Within 15% of 52-week high; Quarterly profit growth >= 25%; Sales growth >= 20% or 2+ strong quarters; 3-year profit growth >= 15%/yr; ROE >= 20%; RS rating >= 80",7
ABLBL,-0.1503686751218314,-0.3682657384987894,-0.10677222638279671,-1.308685076351892,0.4851780622057166,0.0,0.0,-1.3801017616720557,22.595711255915177,0.01305755814215831,0.030901904419690984,-0.14727164223639566,-0.04459584882195981,53130804.150000006,20.479397508203313,11.146486433624192,-36.69655528911948,0.2016780335827178,3.0,,0.10999999999999988,1.0,12.101910828025478,0.480000000000004,20661.0,True,True,2.2478713339640493,Speciality Retail,Consumer Discretionary,97.0,103,"Uptrend (price > 50 > 150 > 200-day, 200-day rising); Within 15% of 52-week high; Quarterly profit growth >= 25%; 3-year profit growth >= 15%/yr; ROE >= 20%; RS rating >= 80",6
ABREL,-0.1202199757449087,-0.21017610279355237,0.20295299668006317,-0.9817710781615497,0.5632183908045977,0.0,0.0,0.02059816187924531,2.300944903331983,0.017185229467027004,0.019458407653640375,-0.18804146260998722,-0.05825537411227215,179707230.5,-100.0,29.74031327287716,0.0,-0.3694693997859015,0.0,29.931288670654222,-2.960000000000001,0.0,-3.10726830586328,0.45000000000000284,20636.0,True,True,5.900662251655629,"Residential, Commercial Projects",Consumer Discretionary,61.0,103,"Uptrend (price > 50 > 150 > 200-day, 200-day rising); Within 15% of 52-week high; Quarterly profit growth >= 25%; ROE >= 20%; RS rating >= 80; Net profit margin up vs a year ago",6
ABSLAMC,0.035777877058102404,0.3443086816720258,0.13961729270021261,0.7923206275612212,0.8242713690913543,0.0,0.0,0.18551525153166232,1.3913013863501689,0.022526753805758557,0.04121770059629659,-0.015536513830168852,-0.032753832353066704,185263530.85000002,11.683086408758768,3.4801850734258677,29.65971408042255,0.9491374793757581,0.0,14.183754570312622,4.909999999999997,1.0,24.12769116555308,1.370000000000001,20679.0,True,True,57.13339640491959,Asset Management Company,Financial Services,73.0,103,"Uptrend (price > 50 > 150 > 200-day, 200-day rising); Within 15% of 52-week high; Quarterly profit growth >= 25%; Sales growth >= 20% or 2+ strong quarters; 3-year profit growth >= 15%/yr; RS rating >= 80",6
ACC,-0.10812168118118815,-0.3027844770883579,-0.04065163285315643,-1.5723115376746117,0.5923502767991947,0.0,0.0,-0.5429240901128233,4.419587305039083,0.011122399776130219,0.022068965517241468,-0.08674594467092578,-0.022725301543739578,153021966.1,-56.39153092632417,-4.587143906177349,6.462332886896284,-0.4142676033238289,0.0,30.762542024804574,-3.35,1.0,10.398520753248016,-0.5999999999999979,20658.0,True,True,8.14853358561968,Cement & Cement Products,Commodities,102.0,103,"Uptrend (price > 50 > 150 > 200-day, 200-day rising); Within 15% of 52-week high; Quarterly profit growth >= 25%; Sales growth >= 20% or 2+ strong quarters; ROE >= 20%; RS rating >= 80; Net profit margin up vs a year ago",7
ACE,0.09401863432369778,0.06054994907878908,0.40105185909980423,0.4777418559061088,0.9875394321766562,0.0,1.0,0.6718471114534246,1.09138729267282,0.022729285238290053,0.04862137949030165,0.09210599759984395,-0.02748556650085806,335466104.1,22.256624033247064,20.488283646178363,28.758304001549607,1.8109562724474153,1.0,30.7946636089506,0.22000000000000064,1.0,20.636499254102436,-1.0099999999999998,20654.0,True,True,72.58751182592242,Construction Vehicles,Industrials,29.0,103,Quarterly profit growth >= 25%; RS rating >= 80,2
ACI,-0.08897876007156028,-0.2853225573675855,-0.15190957355711598,-0.9577000912701399,0.6737664181753639,0.0,0.0,0.17991830384545626,1.8448128969399236,0.021532852025916666,0.03539823008849541,-0.04918203605293325,-0.02418886166334125,130258827.225,-24.356297003654216,11.916814885757265,52.907027862003375,-0.5072425468939659,0.0,-37.52001353538302,-4.450000000000001,1.0,5.426356589147287,-1.740000000000002,20664.0,True,True,12.456953642384107,Specialty Chemicals,Commodities,38.0,103,"Uptrend (price > 50 > 150 > 200-day, 200-day rising); Within 15% of 52-week high; Quarterly profit growth >= 25%; Sales growth >= 20% or 2+ strong quarters; 3-year profit growth >= 15%/yr; ROE >= 20%; RS rating >= 80; Net profit margin up vs a year ago",8
ACMESOLAR,0.1656241748182736,0.5055253792845102,0.4633169488439832,1.79602097604593,0.9398196686936465,1.0,1.0,0.6688120685852328,0.4610540817968086,0.021102610660735474,0.058230002431315375,0.11713184747984795,-0.03158225453068983,576182122.05,64.8116593675891,67.81478727151746,63.7034300720366,1.1593850984068483,1.0,,-0.5,1.0,9.83995257854179,12.840000000000002,20663.0,True,True,84.85714285714285,Power Generation,Utilities,84.0,103,3-year profit growth >= 15%/yr; ROE >= 20%; Net profit margin up vs a year ago,3
ACUTAAS,0.19247865749855897,1.3569692953390766,0.5169178276940576,2.9029611975788465,0.8440374331550802,0.0,0.0,0.06861593565068201,2.844522687621641,0.02679206473438262,0.06465543833672638,-0.028428477599408586,-0.02789019003034903,957152921.0,70.3855392421462,59.076433121019114,-43.73309337414558,1.307758893454357,8.0,62.22915603650048,1.5100000000000016,1.0,21.5235792019347,2.0799999999999983,20658.0,True,True,88.04162724692526,Pharmaceuticals,Healthcare,27.0,103,"Uptrend (price > 50 > 150 > 200-day, 200-day rising); Within 15% of 52-week high",2
ADANIENSOL,0.09463089415061274,0.5760919017288444,0.471644010195412,1.347219610714569,0.7546674119619899,0.0,0.0,-0.5085024400390358,2.4724454057229277,0.021458680289238287,0.035549466397461815,-0.09483423284502701,-0.02845178014956137,2680099486.2,129.4723278258412,42.40623643551813,128.24135639041214,2.82027856572569,1.0,33.66322974792981,4.83,1.0,9.41125575175994,1.4499999999999993,20655.0,True,True,72.96215704824976,Power Distribution,Utilities,,103,"Uptrend (price > 50 > 150 > 200-day, 200-day rising); Within 15% of 52-week high; ROE >= 20%; RS rating >= 80",4
ADANIENT,0.050935716356025305,0.17636086420554076,0.581615963362774,0.4279404272065058,0.8782434514637905,0.0,0.0,-0.04841118367945982,2.62405540346259,0.021582157706418255,0.051335884324946734,-0.04550073448783798,-0.02188837636798503,3127949736.0,-26.893501245403804,49.918856893065964,73.1064987545962,-0.20026197199746076,0.0,-4.153644735699668,-2.2800000000000002,1.0,12.296418950646268,3.1499999999999986,20663.0,True,True,61.06717123935667,Trading - Minerals,Commodities,,103,"Uptrend (price > 50 > 150 > 200-day, 200-day rising); Quarterly profit growth >= 25%; 3-year profit growth >= 15%/yr; ROE >= 20%; RS rating >= 80; Net profit margin up vs a year ago",6
ADANIGREEN,0.06295813142132796,0.22531983960282598,0.4992990654205609,0.5994982069638622,0.8047808764940239,0.0,0.0,-0.13851976394573304,3.5657214575457234,0.022133763383585615,0.04732381101867844,-0.0017000751195983543,-0.019133790309606158,1653770315.4,17.664348200200774,16.605263157894747,-3.422836857129898,0.6144667432771809,0.0,23.889305629670066,0.1999999999999993,1.0,9.952416729276234,1.0,20679.0,True,True,65.46925260170293,Power Generation,Utilities,84.0,103,"Uptrend (price > 50 > 150 > 200-day, 200-day rising); Within 15% of 52-week high; Quarterly profit growth >= 25%; Sales growth >= 20% or 2+ strong quarters; ROE >= 20%; RS rating >= 80",6
ADANIPORTS,0.053730746207453745,0.22593390804597702,0.23874854819976776,0.9339861245923886,0.943049019089419,0.0,1.0,-0.1266099185629664,1.8456696552562373,0.019055462299533844,0.049301041247195476,0.035731998973211665,-0.01963450555887462,3214854171.4,10.23545679628841,18.569296548157265,-0.20640185565574853,1.0725154125767125,0.0,21.182043805515583,-2.5500000000000043,1.0,13.32027219958524,2.0700000000000003,20663.0,True,True,62.28476821192053,Port & Port services,Services,21.0,103,Quarterly profit growth >= 25%; Sales growth >= 20% or 2+ strong quarters; ROE >= 20%; RS rating >= 80; Net profit margin up vs a year ago,5
ADANIPOWER,0.06288968524321596,0.42420512820512823,0.3020566356191785,1.089297237027373,0.7962234461054288,0.0,0.0,0.19003352658541064,1.7580290885844991,0.020319112626400834,0.03922567498726437,-0.01914128339353849,-0.018740272746827397,3205802565.13,47.2344117659991,33.96902010397509,-17.058123117096017,0.7514790987514973,2.0,-0.393849839910676,2.3200000000000003,1.0,19.974744752606373,0.41000000000000014,20656.0,True,True,65.28192999053927,Integrated Power Utilities,Utilities,71.0,103,"Uptrend (price > 50 > 150 > 200-day, 200-day rising); Within 15% of 52-week high; 3-year profit growth >= 15%/yr; ROE >= 20%; RS rating >= 80",5
ADOR,0.15087386847140863,0.7495025763991634,0.9736402877697841,1.5002635379465104,0.8689990942028986,0.0,0.0,0.4655990580221533,1.2471972028232081,0.023996257532781,0.018291889076943013,-0.024072041921033183,-0.022925684369890616,54100230.95,100.0,22.87960609911053,30.767029337951968,2.2581282697047156,4.0,32.47849581731281,10.49,1.0,14.801444043321299,-1.4799999999999986,20635.0,True,True,83.45222327341533,Other Industrial Products,Industrials,7.0,103,"Uptrend (price > 50 > 150 > 200-day, 200-day rising); ROE >= 20%",2
ADVENZYMES,-0.05461450652775602,-0.07499999999999996,0.0862385321100918,-0.3900546697338836,0.6517899761336516,0.0,0.0,0.07113028160796957,0.8429156336185878,0.01791387380173221,0.021716469770673985,-0.08724177230843255,-0.02961744814264124,58229097.55,-4.577961032930922,2.08703135925985,-73.54526032521949,-0.18550733500863065,0.0,11.276133369782704,-1.4200000000000017,1.0,10.661764705882353,0.5599999999999987,20643.0,True,True,24.53926206244087,Biotechnology,Healthcare,,103,"Uptrend (price > 50 > 150 > 200-day, 200-day rising); Within 15% of 52-week high; Quarterly profit growth >= 25%; Sales growth >= 20% or 2+ strong quarters; 3-year profit growth >= 15%/yr; ROE >= 20%; RS rating >= 80; Net profit margin up vs a year ago",8
AEGISLOG,0.22867595966155294,0.7197060788243153,1.1844717861688587,1.8155672974284032,0.913128802250278,1.0,1.0,0.23986787434386003,1.0711199685951929,0.03459431265702376,0.06177873519002919,0.049094527482834494,-0.034208363584249,1014492797.3,210.70053099609757,37.0737636747489,167.68312931757984,7.6294958177331,4.0,40.1700887056508,12.920000000000002,1.0,18.28241123038811,-0.0899999999999963,20649.0,True,True,91.3197729422895,Trading - Gas,Energy,,103,ROE >= 20%,1
AEGISVOPAK,0.08657902432121108,0.17798037041599946,0.6909337420419714,0.4280670736138205,0.9140052967751987,0.0,1.0,0.6216342211712894,1.212769597185065,0.027344150598886688,0.046304091597912045,0.022423256391060242,-0.030902971925789096,243825906.84000003,-11.876284260072012,12.394826674359338,-27.155329537638217,-0.4627522734524051,0.0,,-8.180000000000003,1.0,7.9701701235143325,-0.13000000000000078,20649.0,True,True,70.52696310312204,Oil Storage & Transportation,Energy,,103,Quarterly profit growth >= 25%; Sales growth >= 20% or 2+ strong quarters; 3-year profit growth >= 15%/yr; ROE >= 20%; RS rating >= 80; Net profit margin up vs a year ago,6
AEQUS,,,1.0008902557461963,,0.9708177807940279,1.0,1.0,0.6060428241083533,3.270208265685645,0.024105935453322416,0.05710221499695178,0.16745204102118794,-0.0807316818210352,559029425.295,-100.0,54.771686817701614,0.0,,0.0,,-14.99,0.0,-7.599193006052454,-1.2700000000000014,20663.0,True,True,,Aerospace & Defense,Industrials,20.0,103,Quarterly profit growth >= 25%; 3-year profit growth >= 15%/yr; ROE >= 20%; RS rating >= 80; Net profit margin up vs a year ago,5
AEROENTER,0.1471385540088273,0.6958689458689462,1.0,1.016467429929122,0.830576441102757,0.0,1.0,0.23424257662457987,0.9745619714719765,0.03815985761993509,0.09110782032296716,0.013138083628220443,-0.033495272404061624,75495081.225,300.0,40.54134443783464,258.54820343620383,1.6069739615586245,2.0,19.4906826524732,44.22,1.0,10.278113663845224,0.72,20676.0,True,True,82.79659413434248,Iron & Steel Products,Industrials,16.0,103,Within 15% of 52-week high; ROE >= 20%,2
AEROFLEX,0.34550194241954413,2.0151270785829487,1.144665532655564,3.5235365232090072,0.9599417957716341,0.0,1.0,0.6031427797093923,1.5322287205246763,0.03403013476368907,0.051032333463186585,0.12494006672404212,-0.03470387204666941,566039211.825,162.03913198150124,72.39416577730344,104.9635556717975,3.199609769734618,2.0,22.904695697689004,4.42,1.0,12.527964205816556,-0.20000000000000018,20661.0,True,True,96.65846736045411,Iron & Steel Products,Industrials,16.0,103,ROE >= 20%,1
AETHER,0.2740635518240494,1.2522117871239962,0.49963748413993114,3.560405917320859,0.9921173033460118,1.0,1.0,0.924400333205506,4.151871325018463,0.022968559447022033,0.08356411800120411,0.10507889298086415,-0.035345763078144625,350580167.15000004,27.981813463412863,27.249347309355887,23.189950497298373,0.824378474337764,1.0,22.78741337619725,0.10999999999999943,1.0,8.916938110749186,-1.0399999999999991,20665.0,True,True,93.75496688741721,Specialty Chemicals,Commodities,38.0,103,ROE >= 20%,1
AFCONS,-0.14561903485592773,-0.32762947752680815,0.03877335213253441,-1.3489398365852294,0.505110554860242,0.0,0.0,0.5234510781245791,0.31529355933219844,0.019608806765711813,0.0344427244582044,-0.1056252349972926,-0.03443225580164521,198646546.64999998,-78.05107273061314,-20.750775876904093,21.948927269386857,-1.3507338731115952,0.0,,-2.95,1.0,4.605504587155964,-0.9299999999999997,20647.0,True,True,2.622516556291391,Civil Construction,Industrials,89.0,103,"Uptrend (price > 50 > 150 > 200-day, 200-day rising); Within 15% of 52-week high; Quarterly profit growth >= 25%; Sales growth >= 20% or 2+ strong quarters; 3-year profit growth >= 15%/yr; ROE >= 20%; RS rating >= 80; Net profit margin up vs a year ago",8
AFFLE,-0.061828566629779536,-0.24282296650717705,0.06865503657850325,-0.8352833420499588,0.719095552139634,0.0,0.0,1.0683428427767372,0.5660953759465649,0.024756492867744045,0.06404686677198512,-0.09833731460952189,-0.038672205576168794,236468081.7,21.7112819803309,20.366014756580842,5.720473112649561,7.02353075836963,1.0,23.023586972227772,0.19000000000000128,1.0,12.458926615553121,-0.4200000000000017,20673.0,True,True,22.197729422894987,IT Enabled Services,Information Technology,51.0,103,"Uptrend (price > 50 > 150 > 200-day, 200-day rising); Within 15% of 52-week high; Quarterly profit growth >= 25%; ROE >= 20%; RS rating >= 80",5
AGARWALEYE,0.010322938955368979,0.04633797054009814,0.22649880095923258,-0.014898723854786279,0.8571302816901409,0.0,0.0,-1.800050227708689,0.47016835439501387,0.017093647422305777,0.014917588149384375,-0.03357140872078468,-0.01631011589533914,132061587.57500002,44.522727023170596,25.973493086044886,33.900975852748964,1.6897576914264822,1.0,,1.1500000000000012,1.0,8.292201382033564,-0.0799999999999983,20669.0,True,True,48.7038789025544,Hospital,Healthcare,65.0,103,"Uptrend (price > 50 > 150 > 200-day, 200-day rising); 3-year profit growth >= 15%/yr; ROE >= 20%; RS rating >= 80",4
AGI,0.031069399881905838,-0.14782708536655376,0.4756934088875635,-0.22453055166683777,0.8775316632260224,0.0,0.0,0.6563358598992659,0.6461815821390916,0.02507466125785671,0.09972485068116232,0.05065846518892192,-0.04940050132460149,87681753.85,11.808096853609262,14.194514731117124,-7.580072263074223,0.667268583030262,0.0,14.074337560128303,-0.2699999999999996,1.0,14.624013294557543,-1.4900000000000002,20662.0,True,True,55.822138126773886,Packaging,Industrials,34.0,103,"Uptrend (price > 50 > 150 > 200-day, 200-day rising); Quarterly profit growth >= 25%; Sales growth >= 20% or 2+ strong quarters; 3-year profit growth >= 15%/yr; ROE >= 20%; RS rating >= 80; Net profit margin up vs a year ago",7
AGIIL,-0.03081925082379807,0.11044609368765457,-0.06438056816271631,0.06311028418807123,0.5964548802946594,0.0,0.0,0.21649599681590725,0.43398658195692036,0.014895194188730332,0.042517945886250796,-0.09150198460006453,-0.016433208419294562,245021132.1,37.66384254322253,5.27235018011134,-31.914833841409674,2.542278611856563,8.0,26.629456128326346,6.719999999999999,1.0,20.474137931034484,0.6999999999999997,20678.0,True,True,33.71807000946074,"Residential, Commercial Projects",Consumer Discretionary,61.0,103,"Uptrend (price > 50 > 150 > 200-day, 200-day rising); Within 15% of 52-week high; RS rating >= 80",3
AHCL,0.4171227637681408,0.21212121212121215,0.37809187279151946,2.4603691855997076,0.7964554242749731,1.0,1.0,1.764199707353057,0.7601463394518706,0.04418852973581743,0.1458515283842794,0.541499922041474,-0.17952384763566692,53204078.224999994,-50.25382143489241,78.9495197220519,-150.25382143489242,,0.0,,-24.57,1.0,12.608695652173912,-2.02,20664.0,True,True,98.15704824976348,Pharmaceuticals,Healthcare,27.0,103,Within 15% of 52-week high; Quarterly profit growth >= 25%; 3-year profit growth >= 15%/yr; ROE >= 20%; Net profit margin up vs a year ago,5
AHLUCONT,-0.14138230512178462,-0.38739711934156373,-0.14237361371165191,-1.055494861071152,0.5343939885894521,0.0,0.0,-0.6714884519333044,2.9227234655457184,0.023516857064652147,0.030126849894291707,-0.14845715603463838,-0.02123322099333829,33699551.475,-79.78989589626153,12.034272748984943,-78.22606162302351,-1.7840676842682657,0.0,2.9882877757005044,-4.18,1.0,12.918892666342884,0.3100000000000023,20679.0,True,True,2.903500473036897,Civil Construction,Industrials,89.0,103,"Uptrend (price > 50 > 150 > 200-day, 200-day rising); Within 15% of 52-week high; Quarterly profit growth >= 25%; Sales growth >= 20% or 2+ strong quarters; 3-year profit growth >= 15%/yr; ROE >= 20%; RS rating >= 80; Net profit margin up vs a year ago",8
AIAENG,0.03145372378391759,0.3917065702465876,0.16224156692056568,0.888958427601573,0.7557335907335907,0.0,0.0,-0.44997107827708893,0.9063486270796511,0.016541669292476118,0.04666561563928728,-0.08232987459656915,-0.014856479382573494,172425978.4,-1.3560886967511676,12.424201590082195,-39.199598850103285,-0.0792596221858678,0.0,3.666593177569255,-3.6000000000000014,1.0,15.811113879890357,0.14999999999999858,20677.0,True,True,55.915799432355726,Castings & Forgings,Industrials,6.0,103,"Uptrend (price > 50 > 150 > 200-day, 200-day rising); Within 15% of 52-week high; Quarterly profit growth >= 25%; Sales growth >= 20% or 2+ strong quarters; 3-year profit growth >= 15%/yr; ROE >= 20%; RS rating >= 80; Net profit margin up vs a year ago",8
AIIL,0.013950219762946872,-0.12485247007250055,0.23671670240648068,-0.14168854033856637,0.8054904831625183,0.0,0.0,0.9283712077249253,0.45270608536403056,0.028001301662932104,0.06256099941440585,0.0018246447223697615,-0.020706835062907984,89457511.85,17.508674105298528,20.9368544929349,114.24405911306778,0.20357164683480644,0.0,74.18342654815216,-2.200000000000003,1.0,13.097501357957631,0.05999999999999872,20654.0,True,True,50.015137180700094,Non Banking Financial Company (NBFC),Financial Services,37.0,103,"Uptrend (price > 50 > 150 > 200-day, 200-day rising); Within 15% of 52-week high; Quarterly profit growth >= 25%; ROE >= 20%; RS rating >= 80; Net profit margin up vs a year ago",6
AJANTPHARM,0.09468846984508596,0.42832224565958144,0.261500429922614,1.757132954695176,0.941359325605901,0.0,1.0,0.3555412612535701,3.621591534897664,0.013687549382249217,0.025071715433161224,0.009939998247711523,-0.010001161606133891,299047165.1,30.933010182539956,24.81940659425017,12.559722189443502,6.30232400102331,1.0,22.237269152285055,0.9599999999999973,1.0,23.326706428098078,2.860000000000003,20664.0,True,True,73.0558183538316,Pharmaceuticals,Healthcare,27.0,103,RS rating >= 80,1
AJAXENGG,0.01780375997735176,-0.10032588454376157,0.3236301369863013,-0.24333231326814944,0.8398681098129167,0.0,0.0,0.7184789100791045,0.9441012994397017,0.021861576764158015,0.05658901251738513,0.014492251693129399,-0.024038086788378547,35163836.599999994,5.233779563603624,1.7319729057703848,0.814270391886307,0.1236608697466429,0.0,,0.39000000000000057,1.0,16.163793103448278,0.03999999999999915,20679.0,True,True,51.60737937559129,Construction Vehicles,Industrials,29.0,103,"Uptrend (price > 50 > 150 > 200-day, 200-day rising); Within 15% of 52-week high; Quarterly profit growth >= 25%; Sales growth >= 20% or 2+ strong quarters; 3-year profit growth >= 15%/yr; ROE >= 20%; RS rating >= 80",7
AJMERA,0.3550320451957029,1.8905858788182277,0.06219523415217587,0.4816315361217791,0.6196162046908316,0.0,0.0,-0.2035402649583282,1.7065083244762314,0.016711185012682518,0.022923875432526053,-0.026558603282433757,-0.02258443973350566,31100311.989999995,13.971674607972794,22.65216886584376,-127.58525078779442,0.4102433940160342,0.0,25.852603441316212,-1.08,1.0,11.23032904148784,-0.1399999999999999,20669.0,True,True,96.84578997161778,"Residential, Commercial Projects",Consumer Discretionary,61.0,103,"Uptrend (price > 50 > 150 > 200-day, 200-day rising); Within 15% of 52-week high; Quarterly profit growth >= 25%; ROE >= 20%; Net profit margin up vs a year ago",5
AKUMS,0.18513612123950748,0.7475652076570021,0.564071736298968,2.5043237718482514,0.9712088698140201,1.0,1.0,0.6891829289368533,0.5651155449682698,0.020553700273130547,0.048168942197269304,0.08185383253675549,-0.0255676479883228,198440451.3,56.106603260362384,13.9253732800797,98.64041434554312,0.2906296537168519,1.0,,2.34,1.0,7.724803862401932,-0.3899999999999988,20673.0,True,True,87.47965941343425,Pharmaceuticals,Healthcare,27.0,103,Sales growth >= 20% or 2+ strong quarters; 3-year profit growth >= 15%/yr; ROE >= 20%,3
ALEMBICLTD,0.051904125746116664,0.09751453197033477,0.40631822267882356,0.1648868861353714,0.8918620455317703,0.0,0.0,1.5244407830128925,1.31339765581789,0.02322592840717476,0.03810005053057086,0.07579877982551952,-0.02508364892940916,66214788.73,5.2760752917127896,-2.0301507537688446,7.201482457222685,0.2864102955408002,0.0,6.668310159136537,9.23999999999998,1.0,12.96523517382413,0.010000000000000009,20647.0,True,True,61.44181646168401,"Residential, Commercial Projects",Consumer Discretionary,61.0,103,"Uptrend (price > 50 > 150 > 200-day, 200-day rising); Quarterly profit growth >= 25%; Sales growth >= 20% or 2+ strong quarters; 3-year profit growth >= 15%/yr; ROE >= 20%; RS rating >= 80",6
ALIVUS,0.12649091768016704,0.5106473594548551,0.4337105901374292,1.6723587104559217,0.9264961842281431,0.0,1.0,0.8902857531521712,1.4704310006794719,0.022902894788881273,0.030984291684680754,0.027621027621027583,-0.015133048305742707,128568517.8,31.756949010980364,6.406912021267752,17.11550803592379,1.5109898873667627,1.0,7.982323192076368,4.809999999999999,1.0,16.92169216921692,0.14999999999999858,20679.0,True,True,80.08041627246925,Pharmaceuticals,Healthcare,27.0,103,Sales growth >= 20% or 2+ strong quarters; 3-year profit growth >= 15%/yr; ROE >= 20%,3
ALKEM,-0.01731670427293257,-0.04417448923246825,-0.012362114872575103,-0.11990212231118894,0.8918850594084435,0.0,0.0,-0.05155024036059133,2.09012559211786,0.012975127766298411,0.03352657004830917,-0.016550642438478702,-0.018362588420546878,609012573.75,-20.744622948061554,10.946148780531217,-23.62174150501254,-1.571307550273874,0.0,24.800456139325245,-5.57,1.0,17.011577424023155,1.5200000000000031,20664.0,True,True,39.05676442762535,Pharmaceuticals,Healthcare,27.0,103,"Uptrend (price > 50 > 150 > 200-day, 200-day rising); Quarterly profit growth >= 25%; Sales growth >= 20% or 2+ strong quarters; ROE >= 20%; RS rating >= 80; Net profit margin up vs a year ago",6
ALKYLAMINE,0.036857420280989366,0.0167495685717185,0.5187263078089461,-0.009498412568887839,0.9277541371158393,0.0,1.0,1.4741049687441656,18.69142494880385,0.026307685155770845,0.13395746648173823,0.02944802656775458,-0.03168248711890175,112730545.44999999,160.01798172923162,-1.1286586649820962,37.83444738586476,2.7830735938525892,4.0,56.57729797376505,12.990000000000002,1.0,37.5,0.13999999999999968,18436.0,True,True,57.414380321665085,Specialty Chemicals,Commodities,38.0,103,RS rating >= 80,1
AMBER,-0.0428452285205051,-0.09218989280245027,0.17965454111279144,-0.3953473057199609,0.7654334744818364,0.0,0.0,0.34117050723069814,1.2362725410391913,0.017640951295469706,0.043128321943811665,-0.04830255915030279,-0.029314700712179842,1136118202.25,-23.26503031388051,12.71596025664441,-19.024343347243168,-0.8253947270180299,0.0,10.440206575104071,-0.98,1.0,5.169258920402562,-0.8700000000000045,20678.0,True,True,28.941343424787135,Household Appliances,Consumer Discretionary,98.0,103,"Uptrend (price > 50 > 150 > 200-day, 200-day rising); Within 15% of 52-week high; Quarterly profit growth >= 25%; Sales growth >= 20% or 2+ strong quarters; 3-year profit growth >= 15%/yr; ROE >= 20%; RS rating >= 80; Net profit margin up vs a year ago",8
AMBUJACEM,-0.11310134466027598,-0.2834394904458599,-0.03214243039789699,-1.3049265395105858,0.6140976645435244,0.0,0.0,-0.35922622346509475,1.7782188995131722,0.013586676263661543,0.022556390977443552,-0.10799755257522381,-0.028764555002565986,670021411.0,-32.935123061527946,-7.6683837107590636,-89.20674041057336,-0.25637713806673457,0.0,27.542401237771962,-2.6900000000000004,1.0,9.498373970040609,-0.6600000000000001,20662.0,True,True,6.930936613055818,Cement & Cement Products,Commodities,102.0,103,"Uptrend (price > 50 > 150 > 200-day, 200-day rising); Within 15% of 52-week high; Quarterly profit growth >= 25%; Sales growth >= 20% or 2+ strong quarters; ROE >= 20%; RS rating >= 80; Net profit margin up vs a year ago",7
ANANDRATHI,0.09662258596319867,0.5385635050755226,0.3747896016457828,2.3138477052119972,0.9442779051313701,0.0,0.0,0.39255084011231506,5.169883810168331,0.0096267188374013,0.010211090251385002,-0.005824882225986983,-0.01855937850515704,424575356.95,73.56740023981685,17.506021458287723,33.1089268723463,17.175869389630147,23.0,36.80720583469266,16.349999999999994,1.0,39.73973973973974,1.8900000000000006,20643.0,True,True,73.52412488174078,Financial Products Distributor,Financial Services,,103,"Uptrend (price > 50 > 150 > 200-day, 200-day rising); RS rating >= 80",2
ANANTRAJ,0.017010643952663114,-0.07562159776371946,0.39081350304371876,-0.23678871935586082,0.818799166274457,0.0,0.0,0.42806285976222563,0.6521784205827373,0.020026936655230167,0.03660197480422189,-0.005669756291927119,-0.025053281315202555,907558231.75,18.5187285832447,6.581590452558195,-6.671211828423651,4.68409967541698,0.0,48.43514246654439,2.379999999999999,1.0,9.656244601831059,-0.370000000000001,20649.0,True,True,51.04541154210028,"Residential, Commercial Projects",Consumer Discretionary,61.0,103,"Uptrend (price > 50 > 150 > 200-day, 200-day rising); Within 15% of 52-week high; Quarterly profit growth >= 25%; Sales growth >= 20% or 2+ strong quarters; ROE >= 20%; RS rating >= 80",6
ANDHRSUGAR,0.06952071201822044,0.3697092630155512,0.3801607848480719,0.7234478173309195,0.8805371631073393,0.0,0.0,0.9813340374268691,0.4089344837790213,0.025264421336346335,0.026862425231103826,-0.004287826411576434,-0.013708714779841561,42136708.925,70.55380807722325,4.554927557978639,67.94661637501314,1.2680618286096126,1.0,-4.522462224472346,2.9099999999999993,1.0,5.206463195691203,0.33000000000000007,20673.0,True,True,66.59318826868495,Commodity Chemicals,Commodities,41.0,103,"Uptrend (price > 50 > 150 > 200-day, 200-day rising); Sales growth >= 20% or 2+ strong quarters; 3-year profit growth >= 15%/yr; ROE >= 20%; RS rating >= 80",5
ANGELONE,0.05520215631692142,0.3387006178618237,0.18746107535810674,0.9234925682893086,0.818421417672354,0.0,0.0,-0.27973052765814527,1.5202430340525528,0.019036486259306252,0.04825174825174838,0.006884358478136843,-0.03142770399905014,1198236771.25,102.1381572340224,25.353125301394975,18.705763960005456,0.8285004171995973,2.0,3.554869692991991,6.150000000000002,1.0,14.955867930696307,2.4100000000000037,20649.0,True,True,63.127719962157045,Stockbroking & Allied,Financial Services,15.0,103,"Uptrend (price > 50 > 150 > 200-day, 200-day rising); Within 15% of 52-week high; 3-year profit growth >= 15%/yr; ROE >= 20%; RS rating >= 80",5
ANTELOPUS,0.2607741121585148,0.8231378193594818,0.7145516074450085,1.3845766307483396,0.8525834688976681,1.0,1.0,1.5557873272473548,0.7591542850230149,0.04851052719818346,0.11561076970688355,0.16256469842611154,-0.042788158768458213,209260628.25,300.0,158.81888208571988,142.3860941121395,4.760683066260819,3.0,73.56412004746848,24.99,1.0,13.740458015267176,0.8799999999999999,20679.0,True,True,93.28666035950803,Oil Exploration & Production,Energy,28.0,103,ROE >= 20%,1
ANTHEM,0.06702956227758011,0.21744141375336157,0.43881952326901263,0.47453434326105537,0.910797401667434,0.0,1.0,0.4968226546024493,0.864631473309808,0.018690981237117932,0.04513440544664871,0.009481999167788357,-0.03375297373066291,582405374.0,-11.680611787186624,-22.581958867847685,-140.52284533739765,-0.302041719038236,0.0,,3.539999999999999,1.0,19.46088099934254,3.2200000000000006,20636.0,True,True,66.03122043519394,Biotechnology,Healthcare,,103,Quarterly profit growth >= 25%; Sales growth >= 20% or 2+ strong quarters; 3-year profit growth >= 15%/yr; ROE >= 20%; RS rating >= 80,5
ANUP,-0.11118151522075255,-0.2114101277969206,0.03385178408051237,-0.7195940798170356,0.624366085578447,0.0,0.0,-1.0623549890379942,1.9128321730630113,0.019470128869899822,0.02397660818713465,-0.12975723324759203,-0.028234187734735575,36417273.85,-97.80656144785902,-28.522513268275972,-81.94437596552439,-3.5391407948063125,0.0,10.093285521923367,-14.53,1.0,15.918958031837915,-0.19000000000000128,20668.0,True,True,7.211920529801324,Industrial Products,Industrials,11.0,103,"Uptrend (price > 50 > 150 > 200-day, 200-day rising); Within 15% of 52-week high; Quarterly profit growth >= 25%; Sales growth >= 20% or 2+ strong quarters; 3-year profit growth >= 15%/yr; ROE >= 20%; RS rating >= 80; Net profit margin up vs a year ago",8
ANURAS,0.0005460328673474665,0.1269422989550204,-0.019914651493598945,0.24792032694495628,0.8269964664310955,0.0,0.0,-0.3216957015845035,1.1140433674288392,0.011121596352993512,0.031960716747071016,-0.03617911155843789,-0.011543757697200507,268981704.4,5.74389533377937,34.816705431941216,16.722750939413235,0.10456970788706452,0.0,-0.31701275614496316,-2.1500000000000004,1.0,6.723198061780739,0.8399999999999999,20679.0,True,True,45.33207190160832,Specialty Chemicals,Commodities,38.0,103,"Uptrend (price > 50 > 150 > 200-day, 200-day rising); Within 15% of 52-week high; Quarterly profit growth >= 25%; 3-year profit growth >= 15%/yr; ROE >= 20%; RS rating >= 80; Net profit margin up vs a year ago",7
APARINDS,0.23216344969461092,1.1175766999581365,0.8006509357200977,2.4816015637653948,0.9351674020243965,1.0,1.0,0.4708783627515852,1.253439574512522,0.028262980161688954,0.05937868659064094,0.06544919068205068,-0.03425995025801484,2320002507.0,77.77471519138545,29.131140089652362,74.27100612737227,5.9167310513477975,1.0,19.13555456001439,1.9399999999999995,1.0,18.116076395327276,2.4599999999999937,20658.0,True,True,91.88174077578051,Other Electrical Equipment,Industrials,50.0,103,ROE >= 20%,1
APCOTEXIND,0.14805135300101194,0.6543304082411294,0.8479897712743287,1.2812895916450746,0.8577247191011237,0.0,0.0,0.4537976204741993,0.2469488297248843,0.029671006785526904,0.03993188590889751,-0.003942151334900057,-0.017766731024622343,73287733.8,-33.241551742762496,36.291273584905646,-45.49389822743063,-0.3004038626842244,0.0,41.52115076038378,-4.01,1.0,20.855614973262032,-0.27000000000000046,17119.0,True,True,82.98391674550615,Rubber,Industrials,,103,"Uptrend (price > 50 > 150 > 200-day, 200-day rising); Quarterly profit growth >= 25%; Net profit margin up vs a year ago",3
APEX,0.0728475255660638,0.6725860155382908,0.0005311379630859037,0.7816874131068865,0.6604470359572401,0.0,0.0,0.9781747338590578,0.3635570683233718,0.029241786770670287,0.04345464421510048,-0.0855020588314449,-0.030629457432612126,36003430.525000006,138.54112011226292,-0.6313913851874964,-160.07549403242743,1.7593814858544194,6.0,33.20780469997504,4.93,1.0,7.386363636363637,-0.21999999999999975,20679.0,True,True,67.24881740775781,Seafood,Fast Moving Consumer Goods,,103,"Uptrend (price > 50 > 150 > 200-day, 200-day rising); Within 15% of 52-week high; ROE >= 20%; RS rating >= 80",4
APLAPOLLO,0.0932347320114355,0.30076501415577384,0.13700505475989888,1.0565739197156854,0.9350829929608064,0.0,0.0,0.15176834940219755,2.347316286173714,0.019404375335918166,0.056597626250872723,0.022422990454217917,-0.02107286467608704,1280074202.35,10.814611571932797,8.451826677008833,-10.051606090729436,0.22918625388707728,0.0,19.802664232068334,0.10000000000000053,1.0,22.71096847272041,0.12999999999998835,20666.0,True,True,72.30652790917692,Iron & Steel Products,Industrials,16.0,103,"Uptrend (price > 50 > 150 > 200-day, 200-day rising); Quarterly profit growth >= 25%; Sales growth >= 20% or 2+ strong quarters; RS rating >= 80",4
APLLTD,-0.00412426192229336,-0.11677107374436757,0.22470283450167616,-0.3074968976146345,0.835871743486974,0.0,0.0,0.7507371405290965,2.979498170312192,0.014738510769667177,0.02391041162227614,0.010881946632413264,-0.017649380855929403,117983933.65,12.230551462409277,25.664632435465773,-28.047529929739557,0.5587149033559001,0.0,11.996571011279865,-0.9600000000000009,1.0,11.823788546255507,-0.3299999999999983,20648.0,True,True,43.833491012298964,Pharmaceuticals,Healthcare,27.0,103,"Uptrend (price > 50 > 150 > 200-day, 200-day rising); Within 15% of 52-week high; Quarterly profit growth >= 25%; 3-year profit growth >= 15%/yr; ROE >= 20%; RS rating >= 80; Net profit margin up vs a year ago",7
APOLLO,0.12567676832041014,0.18050207916217476,0.9441485314259626,0.4718487470894113,0.8747052518756699,0.0,1.0,0.39459391089824253,0.9388140275878978,0.022723364154510775,0.055260085614217136,0.0382766719167853,-0.03211090556116848,1903364692.4750001,42.51045120906982,88.11947896391672,-121.11526634724214,1.1379245117733006,5.0,81.22697021619227,-3.210000000000001,1.0,8.14927646610815,3.8500000000000005,20673.0,True,True,79.89309366130558,Aerospace & Defense,Industrials,20.0,103,ROE >= 20%; RS rating >= 80; Net profit margin up vs a year ago,3
APOLLOHOSP,-0.004703347807968215,0.1573901464713714,0.18783737615305784,0.2785038257245887,0.8725538834683866,1.0,0.0,-0.6052643835283887,5.689246152644831,0.013998086704530644,0.026427480052062746,-0.09728598395200438,-0.048016857180441797,2636279590.0,38.44959134829837,20.56452303110181,5.34554161177747,9.046568704441228,11.0,46.59043152715445,1.12,1.0,21.128691983122362,-0.1699999999999875,20668.0,True,True,43.45884578997162,Hospital,Healthcare,65.0,103,"Uptrend (price > 50 > 150 > 200-day, 200-day rising); RS rating >= 80",2
APOLLOPIPE,0.1338722317409509,0.8048458149779734,0.4129210254052189,1.1588469927600322,0.7921650717703349,0.0,0.0,0.2480831093314422,0.814812367134636,0.02526955142298592,0.035407725321888295,-0.0376266543630136,-0.020900037754277172,156286546.35,-100.0,7.4290909090909185,0.0,-2.5296395473657083,0.0,-31.163308428179548,-6.73,0.0,0.6105006105006106,-3.26,20647.0,True,True,81.57899716177862,Plastic Products - Industrial,Industrials,48.0,103,"Uptrend (price > 50 > 150 > 200-day, 200-day rising); Within 15% of 52-week high; Quarterly profit growth >= 25%; Sales growth >= 20% or 2+ strong quarters; 3-year profit growth >= 15%/yr; ROE >= 20%; Net profit margin up vs a year ago",7
APOLLOTYRE,-0.052898547704310246,-0.09595749114398822,0.05959213579191602,-0.5882017074842689,0.7429232192414431,0.0,0.0,0.6787219533005251,5.848067194814643,0.013565688027012546,0.04401950718685832,-0.05634216556019023,-0.014491173001232404,230050225.725,0.03097081423615311,12.758125583011726,-254.2357322435384,0.0003688889575035479,0.0,18.85538922978405,-0.5699999999999994,1.0,8.207705192629817,-0.5700000000000003,20640.0,True,True,25.194891201513716,Tyres & Rubber Products,Consumer Discretionary,76.0,103,"Uptrend (price > 50 > 150 > 200-day, 200-day rising); Within 15% of 52-week high; Quarterly profit growth >= 25%; Sales growth >= 20% or 2+ strong quarters; ROE >= 20%; RS rating >= 80; Net profit margin up vs a year ago",7
APTUS,-0.077317614936214,-0.174891774891775,0.29029184635442795,-0.8636697896534927,0.6743975903614458,0.0,0.0,-0.3136271611282874,2.887852715217602,0.01787802426784352,0.03821050892267008,-0.11269523478900445,-0.03531003255817745,238230762.925,19.02433973404303,15.382693268750236,-7.010698692533278,4.969480717292957,0.0,23.205279699920833,1.3299999999999983,1.0,18.636363636363637,0.09000000000000341,20648.0,True,True,15.45411542100284,Housing Finance Company,Financial Services,90.0,103,"Uptrend (price > 50 > 150 > 200-day, 200-day rising); Within 15% of 52-week high; Quarterly profit growth >= 25%; Sales growth >= 20% or 2+ strong quarters; ROE >= 20%; RS rating >= 80",6
AREandM,-0.07009350669334001,-0.12002045512656612,0.1818681318681319,-0.7596165744838199,0.726197458455523,0.0,0.0,-0.0044749800281620455,0.8667826877381969,0.017366473587124485,0.0247730711043872,-0.14194865089934272,-0.03139935728476539,339084774.125,15.741683751395419,23.917696731626425,4.135966621335729,0.5608600639696671,0.0,-2.8688111951325923,-0.3199999999999994,1.0,11.063094209161624,-1.6099999999999994,20652.0,True,True,19.387890255439924,Auto Components & Equipments,Consumer Discretionary,19.0,103,"Uptrend (price > 50 > 150 > 200-day, 200-day rising); Within 15% of 52-week high; Quarterly profit growth >= 25%; 3-year profit growth >= 15%/yr; ROE >= 20%; RS rating >= 80; Net profit margin up vs a year ago",7
ARFIN,0.17816278233174881,0.8955319148936172,0.16992777413000648,2.6374907921923945,0.9073446327683615,0.0,0.0,0.30026760256897594,6.210613263433615,0.027157364278594862,0.10113129928008213,0.104488560817936,-0.03433274153748894,99486785.69999999,277.08585023484886,95.45287525261806,-22.914149765151137,1.1659013389409512,3.0,22.98145339311446,0.9199999999999999,1.0,8.823529411764707,-0.75,20676.0,True,True,86.35572374645221,Aluminium,Commodities,1.0,103,"Uptrend (price > 50 > 150 > 200-day, 200-day rising); ROE >= 20%",2
ARIS,0.05341251699797849,-0.17973255592876602,0.25028979907264315,-0.16983912687892294,0.8057206954570947,0.0,0.0,0.9401237639359289,2.462614958900856,0.03080140939103327,0.09216510769758846,0.06777700808376919,-0.05952966886082772,204758358.08,211.80725437688994,37.122783855149,111.80725437688994,1.624082303862539,4.0,,3.86,1.0,8.119079837618404,-4.81,20645.0,True,True,62.191106906338696,Other Construction Materials,Commodities,,103,"Uptrend (price > 50 > 150 > 200-day, 200-day rising); Within 15% of 52-week high; 3-year profit growth >= 15%/yr; ROE >= 20%; RS rating >= 80",5
ARMANFIN,0.03841462474793025,0.3495257452574527,0.3488860296607301,0.4350911369347777,0.8077920874640971,0.0,0.0,-0.007639626118897968,1.357538917090059,0.025514896040714247,0.04424873231918869,-0.10385368099925163,-0.06049139763597935,60550541.4,100.0,33.62913907284768,-121.47830448959115,1.9292595900991112,3.0,-0.4690389681385354,32.05,1.0,6.102783725910064,1.1400000000000006,20677.0,True,True,57.9763481551561,Non Banking Financial Company (NBFC),Financial Services,37.0,103,"Uptrend (price > 50 > 150 > 200-day, 200-day rising); Within 15% of 52-week high; 3-year profit growth >= 15%/yr; ROE >= 20%; RS rating >= 80",5
ARSSBL,,,0.1404052707341381,,0.6939045102849594,0.0,0.0,0.7369986000169766,2.7194158912911885,0.01682223576371112,0.03606796622537267,0.08324413500535166,-0.03240190464456119,67781000.8,70.78009996063696,22.37084182785538,-55.064447810657526,1.059401742818052,3.0,,4.49,1.0,9.56973293768546,-1.5900000000000007,20648.0,True,True,,Stockbroking & Allied,Financial Services,15.0,103,"Uptrend (price > 50 > 150 > 200-day, 200-day rising); Within 15% of 52-week high; 3-year profit growth >= 15%/yr; ROE >= 20%; RS rating >= 80",5
ARTEMISMED,0.10829217076397782,0.3785449530212912,0.42656438160652965,1.0043675177218583,0.8404171066525872,1.0,0.0,1.3374734805567738,1.1712725493865808,0.025252497681741135,0.07514277126540425,-0.019477999470237872,-0.045257170844043945,123575765.45000002,48.17939013057855,12.692187009727007,16.06268356217855,5.421436920989427,2.0,43.312770414822396,2.619999999999999,1.0,11.122994652406417,-0.40000000000000036,20642.0,True,True,76.05298013245033,Hospital,Healthcare,65.0,103,"Uptrend (price > 50 > 150 > 200-day, 200-day rising); Within 15% of 52-week high; ROE >= 20%; RS rating >= 80",4
ARVIND,0.12976869368274366,0.85203331700147,0.5523613963039014,1.9002007401178314,0.8805896401218809,0.0,0.0,-0.11705532936003589,0.9286064327686169,0.02076100680465746,0.03182854537163715,-0.02098657598913045,-0.017189163522376812,347164946.79999995,32.416435857561886,24.65409306591173,29.011021013682203,0.6676784505205509,1.0,11.430230364523041,0.16999999999999993,1.0,10.558852621167162,2.3400000000000034,20677.0,True,True,80.73604541154211,Garments & Apparels,Consumer Discretionary,22.0,103,"Uptrend (price > 50 > 150 > 200-day, 200-day rising); 3-year profit growth >= 15%/yr; ROE >= 20%",3
ARVINDFASN,-0.07017793925031339,-0.12424096385542172,0.03768844221105527,-0.6096424665570026,0.7142355008787346,0.0,0.0,-0.3171438040108354,1.4953697081281483,0.018917902467121814,0.0576447625243981,-0.07150380285905544,-0.03992013065118646,79269543.6,11.390914132224328,15.459988621072696,-88.60908586777568,0.04334777272737982,0.0,35.284619673302984,-0.08000000000000007,1.0,19.51219512195122,0.5399999999999991,20655.0,True,True,19.29422894985809,Speciality Retail,Consumer Discretionary,97.0,103,"Uptrend (price > 50 > 150 > 200-day, 200-day rising); Within 15% of 52-week high; Quarterly profit growth >= 25%; Sales growth >= 20% or 2+ strong quarters; ROE >= 20%; RS rating >= 80; Net profit margin up vs a year ago",7
ARVSMART,-0.004416214623323801,0.02068524878204614,0.21011267872360584,-0.10136523222267069,0.8530055802783074,0.0,0.0,2.0255040833151097,0.23756479966297078,0.024598975206682444,0.07794967698061872,-0.031699881488276405,-0.045525712603057295,42015019.150000006,300.0,212.13639937106916,196.9435617588839,3.678714273588965,2.0,85.60699920628076,18.91,1.0,15.870570107858242,0.41000000000000014,20672.0,True,True,43.55250709555345,"Residential, Commercial Projects",Consumer Discretionary,61.0,103,"Uptrend (price > 50 > 150 > 200-day, 200-day rising); ROE >= 20%; RS rating >= 80",3
ASAHIINDIA,0.03881497703167584,0.06126612992169411,0.1711903602726388,0.1670384513746928,0.8910148975791434,0.0,0.0,0.3842805593665686,1.6145242630846954,0.014014203377446216,0.026136789673825822,0.019536273203119903,-0.010028109487618087,106067072.8,172.09440951980346,15.027589237755755,127.45446533678876,3.3481105804479308,3.0,7.7533179384124296,6.090000000000001,1.0,8.774160732451678,-0.08999999999999986,20670.0,True,True,58.257332071901615,Auto Components & Equipments,Consumer Discretionary,19.0,103,"Uptrend (price > 50 > 150 > 200-day, 200-day rising); 3-year profit growth >= 15%/yr; ROE >= 20%; RS rating >= 80",4
ASHAPURMIN,-0.04198722407551962,-0.1627960275019098,0.11906463800673972,-0.42825878957356506,0.5437344577792194,0.0,0.0,-0.16497680946948723,0.944566024019749,0.027810030915937915,0.03223239156386781,-0.14447327010589894,-0.02886920214336873,205137947.375,-4.907301339060687,19.22069682864034,-58.50594763163895,-0.12044907819602617,0.0,32.65899757074424,-1.7000000000000002,1.0,25.227410551849605,-0.21000000000000085,20672.0,True,True,29.315988647114477,Industrial Minerals,Commodities,82.0,103,"Uptrend (price > 50 > 150 > 200-day, 200-day rising); Within 15% of 52-week high; Quarterly profit growth >= 25%; Sales growth >= 20% or 2+ strong quarters; RS rating >= 80; Net profit margin up vs a year ago",6
ASHOKA,-0.13036545720934528,-0.38566266952924544,0.048248749106504674,-1.1761139301938983,0.49613053613053615,0.0,0.0,1.6589076823214886,0.3451906143019067,0.01611869577407712,0.042555147058823684,-0.07155694369318266,-0.026730380599175166,64834052.3,-43.93630700251781,-20.532359689889624,21.355956426937993,-0.28415998206774806,0.0,50.82625309187003,-3.539999999999999,1.0,39.15488676090591,-1.879999999999999,20676.0,True,True,4.214758751182592,Civil Construction,Industrials,89.0,103,"Uptrend (price > 50 > 150 > 200-day, 200-day rising); Within 15% of 52-week high; Quarterly profit growth >= 25%; Sales growth >= 20% or 2+ strong quarters; RS rating >= 80; Net profit margin up vs a year ago",6
ASHOKLEY,0.01360686685340267,0.19319382794335227,0.14086499595796287,0.22468314015276802,0.7134899266549067,0.0,0.0,0.08210389719035831,1.3280817086303727,0.018146241329367412,0.0276131635354937,-0.07907051431844636,-0.025266491852022233,2227249389.6800003,1.4948028596847518,11.62442114900748,-4.8241473700209925,0.08428557470675564,0.0,28.67218504610467,-0.5099999999999998,1.0,26.128783091075064,-1.2100000000000009,20656.0,True,True,49.734153263954596,Commercial Vehicles,Industrials,33.0,103,"Uptrend (price > 50 > 150 > 200-day, 200-day rising); Within 15% of 52-week high; Quarterly profit growth >= 25%; Sales growth >= 20% or 2+ strong quarters; RS rating >= 80; Net profit margin up vs a year ago",6
ASIANENE,0.17182279145126889,0.5734055354993983,1.0262678702878616,0.8023904416925767,0.8197808025455188,0.0,1.0,0.9911918148094275,0.42233421346954936,0.037250863343259596,0.08157483391949971,0.0064958318593097975,-0.023764098844635675,174800783.45,126.87250357722908,135.06110774031376,73.32630807443803,1.027674009061262,3.0,67.54170620789878,-0.16999999999999993,1.0,10.526315789473683,-0.49000000000000044,20678.0,True,True,85.32544938505204,Oil Equipment & Services,Energy,,103,Within 15% of 52-week high; ROE >= 20%; Net profit margin up vs a year ago,3
ASIANPAINT,-0.00038875915097960623,0.0848557281884923,0.17178423236514528,0.14306273076992215,0.8119368992196134,0.0,0.0,-0.03358836229325302,1.3331022246052917,0.011864901917402968,0.024598478444632255,-0.06167433960715896,-0.010766728164859365,1547451900.4499998,39.54414763020846,17.937920579959844,-4.139713789374284,1.417785853709172,2.0,1.3741956725505045,2.289999999999999,1.0,20.564289724873667,0.1700000000000017,20663.0,True,True,44.957426679280985,Paints,Consumer Discretionary,77.0,103,"Uptrend (price > 50 > 150 > 200-day, 200-day rising); Within 15% of 52-week high; 3-year profit growth >= 15%/yr; RS rating >= 80",4
ASIANTILES,-0.023906469094899997,-0.13936261843238584,-0.13459206651654243,-0.34692000565365494,0.6083986845433847,0.0,0.0,0.812979134930325,0.260106518597638,0.03755750163441764,0.031082529474812493,-0.051738413859996224,-0.0263248515914499,190218328.06,11.759381737047692,36.758190809808376,-157.2908263717032,0.05817956043158026,0.0,-5.496549266605378,-0.3400000000000001,1.0,1.2483574244415243,0.33000000000000007,20676.0,True,True,36.71523178807947,Ceramics,Consumer Discretionary,57.0,103,"Uptrend (price > 50 > 150 > 200-day, 200-day rising); Within 15% of 52-week high; Quarterly profit growth >= 25%; 3-year profit growth >= 15%/yr; ROE >= 20%; RS rating >= 80; Net profit margin up vs a year ago",7
ASKAUTOLTD,0.09082122446845847,0.13950973323720284,0.4483390607101949,0.26684281406304877,0.8866511560273375,0.0,0.0,1.3059657814180434,0.7725948361522595,0.0333864405098318,0.06034900630150264,-0.01540950729299384,-0.032958056109873145,167299286.85,28.933343805046597,52.375769951418725,4.678461300428218,3.2718599473408685,3.0,32.74930959084126,-1.1400000000000006,1.0,22.65446224256293,0.9299999999999997,20650.0,True,True,71.65089877010406,Auto Components & Equipments,Consumer Discretionary,19.0,103,"Uptrend (price > 50 > 150 > 200-day, 200-day rising); RS rating >= 80; Net profit margin up vs a year ago",3
ASTERDM,-0.0022215406178622407,0.25899856023036305,0.1958668895304665,0.32867360840449644,0.7682037473353529,0.0,0.0,-1.7455059362913763,1.4175831626043385,0.016387321340070767,0.026241230437128893,-0.12259456744181263,-0.04062585450897214,867070887.275,-10.293536094334199,21.599079666379083,-53.96979019792961,-0.40483975021952645,0.0,12.07321424827892,-2.3500000000000005,1.0,10.164246607950487,-11.379999999999999,20670.0,True,True,44.395458845789975,Hospital,Healthcare,65.0,103,"Uptrend (price > 50 > 150 > 200-day, 200-day rising); Within 15% of 52-week high; Quarterly profit growth >= 25%; 3-year profit growth >= 15%/yr; ROE >= 20%; RS rating >= 80; Net profit margin up vs a year ago",7
ASTRAL,0.014057151272253179,0.08836803028097262,-0.03752816221435462,0.06804233217584262,0.7928422004862328,0.0,0.0,-0.07095060777254485,0.9485518296476224,0.017661039941086365,0.029513251596799073,-0.039078260678887866,-0.014367315296752677,609671356.95,51.78087254726724,15.927123126652942,29.68015787909819,1.6265476673989585,2.0,6.719501930224991,1.7999999999999998,1.0,13.183834401182848,-0.6000000000000014,20666.0,True,True,50.108798486281934,Plastic Products - Industrial,Industrials,48.0,103,"Uptrend (price > 50 > 150 > 200-day, 200-day rising); Within 15% of 52-week high; 3-year profit growth >= 15%/yr; ROE >= 20%; RS rating >= 80",5
ASTRAMICRO,0.13921657704557205,0.5924827850038257,0.7478612292027502,1.5398995399818178,0.8703571428571429,0.0,1.0,0.12354702983029753,1.4743497536553145,0.02536442871328953,0.03930570404377076,0.004811124488435015,-0.01794782007870886,500905586.35,-24.139711309654544,-11.55059330095629,-68.3638410650909,-0.314707497291205,0.0,50.947654144387066,-1.1600000000000001,1.0,14.67680608365019,3.849999999999998,20675.0,True,True,82.0473036896878,Aerospace & Defense,Industrials,20.0,103,Quarterly profit growth >= 25%; Sales growth >= 20% or 2+ strong quarters; ROE >= 20%; Net profit margin up vs a year ago,4
ASTRAZEN,-0.12082795497333061,-0.21233615162004194,-0.11331842861705521,-1.4645474051628289,0.6071881821412255,0.0,0.0,-0.5715643666961205,4.346620163781689,0.01237658334793403,0.012370670265407169,-0.16925269553573163,-0.050646178389835345,41660908.75,-32.0917522588058,29.731527046797513,-5.497946758750295,-0.7711662921433877,0.0,1.7237899293454317,-5.08,1.0,21.534936998854526,0.1899999999999995,20679.0,True,True,5.807000946073794,Pharmaceuticals,Healthcare,27.0,103,"Uptrend (price > 50 > 150 > 200-day, 200-day rising); Within 15% of 52-week high; Quarterly profit growth >= 25%; 3-year profit growth >= 15%/yr; RS rating >= 80; Net profit margin up vs a year ago",6
ATGL,-0.03737320477764115,-0.054216403542549196,0.18075185078357858,-0.2175558261418749,0.6843635517822877,0.0,0.0,1.0397632440113693,0.49338504123617755,0.02117832225947976,0.12555366269165247,-0.06590641761737481,-0.041092140645877906,365219946.675,-14.281728605655308,27.198276487400076,-23.13297007399853,-1.1493761332571302,0.0,4.238848312941723,-3.91,1.0,13.484069886947585,0.10000000000000142,20655.0,True,True,31.376537369914853,LPG/CNG/PNG/LNG Supplier,Energy,72.0,103,"Uptrend (price > 50 > 150 > 200-day, 200-day rising); Within 15% of 52-week high; Quarterly profit growth >= 25%; 3-year profit growth >= 15%/yr; ROE >= 20%; RS rating >= 80; Net profit margin up vs a year ago",7
ATLANTAELE,,,0.5652173913043479,,0.8683917123478584,0.0,1.0,0.29704763012188806,2.6388999041325945,0.033042984787655424,0.09694145062627446,0.09702249327455315,-0.046537824999519944,186008600.29999998,50.38618350227158,47.98959093649835,-78.68896914350832,0.5961610762793519,3.0,,0.15999999999999837,1.0,21.743810548977397,-0.02999999999999936,20655.0,True,True,,Heavy Electrical Equipment,Industrials,35.0,103,3-year profit growth >= 15%/yr; RS rating >= 80,2
ATUL,-0.01381583469616463,0.07244694960212206,0.027477763659466303,-0.021081796452264465,0.8356545961002786,0.0,0.0,0.20603848315465256,1.1715085984776263,0.015452385647333707,0.024590163934426146,-0.06735558001156472,-0.01749056434967466,195883756.5,91.73195709694568,25.030446549391062,29.433342623463503,5.193045279316699,4.0,22.116590372440715,4.779999999999999,1.0,11.075389808712426,-0.020000000000003126,20643.0,True,True,39.99337748344371,Specialty Chemicals,Commodities,38.0,103,"Uptrend (price > 50 > 150 > 200-day, 200-day rising); Within 15% of 52-week high; ROE >= 20%; RS rating >= 80",4
ATULAUTO,-0.04196955929220203,-0.03473530027202332,0.128148691611641,-0.24925531471632736,0.7166205682675384,0.0,0.0,-0.08471340806691895,2.7395120528367034,0.025364254988618398,0.024966412897447388,-0.10790862480201835,-0.022559627644019604,39167372.25,289.72640397957844,42.970284068595376,78.93467191439078,1.157563488625947,7.0,142.05169722905913,2.33,1.0,8.884297520661157,-0.33999999999999986,20673.0,True,True,29.40964995269631,Commercial Vehicles,Industrials,33.0,103,"Uptrend (price > 50 > 150 > 200-day, 200-day rising); Within 15% of 52-week high; ROE >= 20%; RS rating >= 80",4
AUBANK,0.073594291977605,0.44241119483315394,0.2346674344946731,1.2680592802000294,0.8985228563936719,0.0,0.0,0.554016298414055,2.0976293204200247,0.017678305056701444,0.04275582573454928,-0.029076697274047714,-0.02031638770282887,1329567416.9,36.990578696887646,21.110258448214438,-28.186576690279857,2.1861236214052635,3.0,22.667168274438044,1.7400000000000002,1.0,13.22285084864567,0.21999999999998465,20679.0,True,True,67.52980132450331,Other Bank,Financial Services,40.0,103,"Uptrend (price > 50 > 150 > 200-day, 200-day rising); ROE >= 20%; RS rating >= 80",3
AURIONPRO,-0.16083037037063347,-0.4035019117135905,-0.11317098378657697,-1.0345231839093103,0.4968145161290322,0.0,0.0,-0.15399760260712866,1.7416115764785796,0.022325133456770885,0.02932330827067653,-0.1159490793557858,-0.05897228717062581,104238855.77499999,-11.020138532585877,6.309007778635478,-28.884922815730228,-1.6685581391596087,0.0,24.756811491990426,-2.4499999999999993,1.0,12.197928653624857,-0.05000000000000071,20661.0,True,True,1.1239356669820246,Computers - Software & Consulting,Information Technology,94.0,103,"Uptrend (price > 50 > 150 > 200-day, 200-day rising); Within 15% of 52-week high; Quarterly profit growth >= 25%; Sales growth >= 20% or 2+ strong quarters; ROE >= 20%; RS rating >= 80; Net profit margin up vs a year ago",7
AUROPHARMA,0.10763758389927156,0.5021100917431192,0.22763739971507824,2.142465800705282,0.9728735632183908,1.0,1.0,0.27564803626649104,1.288293863111605,0.014874260348359522,0.028606208155812496,0.02591576678840135,-0.014570418422371919,1334986689.6999998,28.05901394738779,16.296227570937983,26.065887409895836,1.7306602372669884,1.0,23.27190996312276,1.0599999999999987,1.0,9.244939431527275,0.36999999999999744,20670.0,True,True,75.9593188268685,Pharmaceuticals,Healthcare,27.0,103,Sales growth >= 20% or 2+ strong quarters; ROE >= 20%; RS rating >= 80,3
AVADHSUGAR,0.3206616892410815,0.9516261594458142,0.7750961127723197,2.298190098029048,0.9716288384512684,1.0,1.0,1.3067828787220268,1.4666475169621143,0.03828561453594024,0.0999861897527965,0.20002803225908394,-0.05548599517382748,103775567.02499999,100.0,8.741156277473095,123.18956464450032,0.5657376462381919,1.0,-13.182833671874395,1.2,1.0,5.0711743772241995,-0.28,20679.0,True,True,95.06622516556291,Sugar,Fast Moving Consumer Goods,12.0,103,Sales growth >= 20% or 2+ strong quarters; 3-year profit growth >= 15%/yr; ROE >= 20%,3
AVALON,0.32722469127645204,1.262286835353891,1.3981229669919477,2.5283333613421815,0.916883116883117,0.0,1.0,0.505102638113431,3.261269364347928,0.037869732119217,0.13798206278026903,0.12066735825219954,-0.0454308180433095,839750115.05,145.17364420862611,49.828338127493744,75.71601725479778,2.2733081317822523,8.0,38.482316783169466,2.8,1.0,15.672676837725383,-0.060000000000002274,20669.0,True,True,95.72185430463577,Other Electrical Equipment,Industrials,50.0,103,ROE >= 20%,1
AVANTEL,-0.04858965035721981,-0.12540516374203647,0.1671265567902156,-0.3381824489962324,0.7026976744186048,0.0,0.0,0.5338819972926087,1.37354085750133,0.020290827809390632,0.06273517137579532,-0.035198522527999376,-0.02724907647820962,112878805.96000001,66.84609338076481,35.657869389327686,88.40640150008801,0.2353739146398581,1.0,-17.41346905512765,1.4300000000000006,1.0,4.437869822485207,1.2099999999999995,20645.0,True,True,27.34910122989593,Aerospace & Defense,Industrials,20.0,103,"Uptrend (price > 50 > 150 > 200-day, 200-day rising); Within 15% of 52-week high; 3-year profit growth >= 15%/yr; ROE >= 20%; RS rating >= 80",5
AVANTIFEED,0.005955984020461699,0.23110836104880494,-0.3443858637449543,0.19578881645040938,0.4480486886685908,0.0,0.0,-0.2377887518890403,1.7317744960020933,0.021397956246274406,0.0643315745979276,-0.13752705418566902,-0.033211347289232585,219130267.425,-37.30785832570046,18.316051689241775,-30.70438200644594,-3.187622703434437,0.0,18.23131400903297,-5.430000000000001,1.0,19.993913572732804,0.08999999999999986,20657.0,True,True,47.1116367076632,Animal Feed,Fast Moving Consumer Goods,,103,"Uptrend (price > 50 > 150 > 200-day, 200-day rising); Within 15% of 52-week high; Quarterly profit growth >= 25%; Sales growth >= 20% or 2+ strong quarters; ROE >= 20%; RS rating >= 80; Net profit margin up vs a year ago",7
AVL,0.007989360672518368,0.04955860501704401,0.3056431445036423,0.14151437302476727,0.844113475177305,0.0,0.0,0.11741741029193352,2.0666752310843752,0.01654010533465243,0.05023589026734232,-0.02692591326870153,-0.03301669587268984,93117976.5,39.81572271426359,26.849813343543616,3.5602859134553455,4.506305874352108,2.0,23.102003127898897,0.5999999999999996,1.0,16.9811320754717,0.9699999999999989,20679.0,True,True,47.67360454115421,Speciality Retail,Consumer Discretionary,97.0,103,"Uptrend (price > 50 > 150 > 200-day, 200-day rising); Within 15% of 52-week high; ROE >= 20%; RS rating >= 80",4
AWFIS,-0.16664647280460115,-0.5464591990098134,-0.007083962373708008,-1.1516753433906843,0.3808883328120113,0.0,0.0,0.8170377571186785,0.6329177720132938,0.03125992448615729,0.17467948717948723,-0.08132017693092897,-0.058279356496477676,78585086.0,140.27816155106345,26.9554825216612,29.63417619790212,2.2122823596829297,3.0,,2.6599999999999997,1.0,12.839059674502712,-0.4399999999999977,20678.0,True,True,0.9366130558183539,Diversified Commercial Services,Services,63.0,103,"Uptrend (price > 50 > 150 > 200-day, 200-day rising); Within 15% of 52-week high; 3-year profit growth >= 15%/yr; ROE >= 20%; RS rating >= 80",5
AWL,-0.06030123429352799,-0.27026200038248227,0.038539001687442065,-1.0539703196002452,0.6572287027218099,0.0,0.0,0.33802894385679083,3.531289447664746,0.014489517000603021,0.05552086290093672,-0.015378586483366208,-0.019683094237560993,309380767.47,47.962845997643264,17.524774820985243,-5.6688442273987505,0.5568454115472565,2.0,56.4416189780818,0.3600000000000001,1.0,10.009578544061302,-0.6699999999999946,20664.0,True,True,22.853358561967834,Edible Oil,Fast Moving Consumer Goods,83.0,103,"Uptrend (price > 50 > 150 > 200-day, 200-day rising); Within 15% of 52-week high; ROE >= 20%; RS rating >= 80",4
AXISBANK,0.0043751529665186275,0.09792027729636055,0.05768428082477661,0.33026193343442883,0.8799266727772685,0.0,0.0,0.15970062933340137,1.4111343054436976,0.01502604910202786,0.03025705857564276,0.005540139422007817,-0.01510068209963,6867326417.200001,22.156247252468695,9.872695049602264,20.40956511570777,1.6007567778276985,1.0,6.846649718726172,2.169999999999998,1.0,12.345839766364703,-2.7900000000000063,20652.0,True,True,46.26868495742668,Private Sector Bank,Financial Services,25.0,103,"Uptrend (price > 50 > 150 > 200-day, 200-day rising); Quarterly profit growth >= 25%; Sales growth >= 20% or 2+ strong quarters; 3-year profit growth >= 15%/yr; ROE >= 20%; RS rating >= 80",6
AXISCADES,0.19144759191116545,0.054864667154352675,0.0623772102161102,0.7887659270316754,0.9697033898305085,1.0,0.0,0.5923903288344055,5.935971830466183,0.03133909766001353,0.09997339718010112,0.32302814751778297,-0.09158596644346398,272207117.15,-100.0,94.1649899396378,0.0,-0.35891528520015237,0.0,-15.066788092286155,-5.37,0.0,9.903713892709765,0.6200000000000001,20678.0,True,True,87.94796594134343,Aerospace & Defense,Industrials,20.0,103,"Uptrend (price > 50 > 150 > 200-day, 200-day rising); Quarterly profit growth >= 25%; 3-year profit growth >= 15%/yr; ROE >= 20%; Net profit margin up vs a year ago",5
AZAD,0.2317193032625763,0.7772995889003085,0.7897153945666235,2.2228150956556973,0.9791233735093833,1.0,1.0,1.1350861669023893,8.59023278743376,0.028393162972655428,0.07100909684105483,0.13458540546628184,-0.044121107590032106,1149831542.0,19.452157855767283,25.90269166241155,-28.906659246032575,1.5722532258623019,0.0,,-1.0999999999999979,1.0,8.763897972531067,-2.84,20672.0,True,True,91.78807947019867,Heavy Electrical Equipment,Industrials,35.0,103,Quarterly profit growth >= 25%; 3-year profit growth >= 15%/yr; ROE >= 20%; Net profit margin up vs a year ago,4
BAJAJ-AUTO,0.029240479893739034,0.36980004596644456,0.36096363532568354,0.6329856915386105,0.8032878909382518,0.0,0.0,-0.25756671122993413,5.2516654572540915,0.01772784984910674,0.014793417366946837,-0.13068607848037983,-0.0562748443059768,2639448908.0,44.242694064824065,65.14316606197201,-47.92547523715611,1.4324092766960788,4.0,20.98225719405327,-2.129999999999999,1.0,27.230119489081172,-0.740000000000002,20655.0,True,True,55.16650898770104,2/3 Wheelers,Consumer Discretionary,45.0,103,"Uptrend (price > 50 > 150 > 200-day, 200-day rising); Within 15% of 52-week high; RS rating >= 80; Net profit margin up vs a year ago",4
BAJAJCON,0.16390816871695585,1.185366482030143,0.4119850187265919,2.247667539504547,0.713150289017341,0.0,0.0,0.013728205279076325,1.3249037394774716,0.028034893566327115,0.027375871760174864,-0.024329486008469625,-0.02119752484695743,307138876.75,84.81467082608309,24.93507443578771,-20.549567086524988,2.0704952241094383,4.0,13.748901211458842,6.710000000000001,1.0,25.165562913907287,0.16000000000000014,20647.0,True,True,84.76348155156101,Personal Care,Fast Moving Consumer Goods,70.0,103,"Uptrend (price > 50 > 150 > 200-day, 200-day rising); Within 15% of 52-week high; 3-year profit growth >= 15%/yr",3
BAJAJELEC,-0.1256489412857214,-0.38492684273488553,-0.043092340730136014,-1.4764366752644371,0.5221739130434783,0.0,0.0,0.7569893144164528,0.7663905320448536,0.019981719793850453,0.03306658613921187,-0.105578923537052,-0.03663168472516405,37547954.5,300.0,2.326717327797545,400.0,0.8694539744426694,1.0,-43.39853350442726,3.21,1.0,-5.708908406524467,-1.1899999999999977,20647.0,True,True,4.964049195837275,Household Appliances,Consumer Discretionary,98.0,103,"Uptrend (price > 50 > 150 > 200-day, 200-day rising); Within 15% of 52-week high; Sales growth >= 20% or 2+ strong quarters; 3-year profit growth >= 15%/yr; ROE >= 20%; RS rating >= 80",6
BAJAJFINSV,-0.03413177714222984,-0.005541134185303553,0.2141768757237763,-0.5100470278539436,0.7983599088838269,0.0,0.0,0.26450538554019937,2.2917352725699836,0.01546680608181949,0.01266864100032894,-0.0950216897335261,-0.029446232623253382,1445854600.5,18.179311808201494,19.1260085650095,8.231782632228702,3.601077069213893,0.0,16.145192432072776,-0.11999999999999922,1.0,25.2441763460181,0.01999999999999602,20644.0,True,True,33.15610217596972,Holding Company,Financial Services,69.0,103,"Uptrend (price > 50 > 150 > 200-day, 200-day rising); Within 15% of 52-week high; Quarterly profit growth >= 25%; Sales growth >= 20% or 2+ strong quarters; RS rating >= 80; Net profit margin up vs a year ago",6
BAJAJHCARE,-0.07153839353183333,-0.31145458395087877,0.045155069901976486,-0.740786318822565,0.6336536575799177,0.0,0.0,0.17505623405344925,0.8946114713838699,0.024585760656084223,0.04939006248140432,-0.018416463625813284,-0.03280292903430522,30251957.4,14.137405881769304,11.280569739317393,-5.1366687708140475,0.5602711084030928,0.0,0.053035076637009126,0.21000000000000085,1.0,3.0018761726078798,-0.7800000000000011,20679.0,True,True,18.07663197729423,Pharmaceuticals,Healthcare,27.0,103,"Uptrend (price > 50 > 150 > 200-day, 200-day rising); Within 15% of 52-week high; Quarterly profit growth >= 25%; Sales growth >= 20% or 2+ strong quarters; 3-year profit growth >= 15%/yr; ROE >= 20%; RS rating >= 80",7
BAJAJHFL,-0.06466822223555994,-0.24884542243955454,0.06346153846153846,-1.1637022742243133,0.7259585720581754,0.0,0.0,-0.22816907708641052,1.8382737229290769,0.009778024825697581,0.034824667472793225,-0.02305708639468207,-0.012007309033153562,206658560.075,22.614621452615392,17.100901858386443,8.578002687094077,2.573598577911252,1.0,,1.0500000000000007,1.0,11.366159037428407,-0.27,20679.0,True,True,21.448438978240304,Housing Finance Company,Financial Services,90.0,103,"Uptrend (price > 50 > 150 > 200-day, 200-day rising); Within 15% of 52-week high; Quarterly profit growth >= 25%; Sales growth >= 20% or 2+ strong quarters; 3-year profit growth >= 15%/yr; ROE >= 20%; RS rating >= 80",7
BAJAJHIND,0.06230883553909836,0.10289710289710285,0.2927400468384076,0.15486842726524977,0.8203846153846153,0.0,1.0,0.5870164454079346,0.8402895812133994,0.03529531557989314,0.06863727454909796,0.07042847249405315,-0.026732128004858375,315911673.275,85.83151351863462,-9.808397814837955,-14.168486481365377,-0.09569626527804614,3.0,-13.925896243290259,-2.4800000000000004,0.0,12.6,0.2600000000000051,20670.0,True,True,65.00094607379376,Sugar,Fast Moving Consumer Goods,12.0,103,Within 15% of 52-week high; 3-year profit growth >= 15%/yr; ROE >= 20%; RS rating >= 80; Net profit margin up vs a year ago,5
BAJAJHLDNG,-0.029882928679476704,-0.12072767364939363,0.24159021406727832,-0.5776668208124308,0.8,0.0,0.0,0.05335850462661733,1.3729204869552307,0.015218794874543817,0.024704813805631165,-0.052019109863830626,-0.026118372604607275,424109686.0,31.196678610507146,21.45937288240003,-15.991627717047454,1.2504228810053286,2.0,18.592003140706638,50.97000000000003,1.0,13.38209159261791,0.030000000000001137,20642.0,True,True,33.905392620624404,Holding Company,Financial Services,69.0,103,"Uptrend (price > 50 > 150 > 200-day, 200-day rising); Within 15% of 52-week high; ROE >= 20%; RS rating >= 80",4
BAJFINANCE,-0.010292106569428808,0.06486651101411023,0.2686702545806374,-0.07289530137692075,0.8186841210472628,0.0,0.0,-0.09473152939367334,1.7555440435665342,0.020274295519976268,0.03409992069785894,-0.08785601175909019,-0.030140538173093968,5909329100.6,27.595729621466127,18.65187657371383,5.455839948490638,3.830942486136863,2.0,19.036178307387885,1.8399999999999999,1.0,16.958043491609576,0.07000000000000028,20644.0,True,True,41.0236518448439,Non Banking Financial Company (NBFC),Financial Services,37.0,103,"Uptrend (price > 50 > 150 > 200-day, 200-day rising); Within 15% of 52-week high; ROE >= 20%; RS rating >= 80",4
BALAMINES,0.18050084097963046,0.7130508714751311,1.2692758928152426,1.0584917602356707,0.8699140619058482,0.0,1.0,0.28155216708293107,9.363166631928053,0.03829197065242197,0.1685054653182143,0.035762018769309734,-0.03533653753784197,380586465.04999995,113.88782250375642,27.233911927219978,53.61949362903904,2.2718532909056544,2.0,-13.480645988286266,6.9399999999999995,1.0,8.552631578947368,0.2999999999999998,20661.0,True,True,86.54304635761589,Specialty Chemicals,Commodities,38.0,103,3-year profit growth >= 15%/yr; ROE >= 20%,2
BALKRISIND,-0.037005724617110936,-0.010585834537879313,0.12582236842105288,-0.3363131003485857,0.7505225225225225,0.0,0.0,-0.26668181536391006,0.5710876894976843,0.02291605672482689,0.04353233830845782,-0.08818435426447968,-0.02726479531513446,411193123.6,56.33779472300478,25.1900348548199,75.08801711862301,1.3043720778624095,1.0,9.10891131613376,2.6000000000000014,1.0,11.345381526104417,-0.45000000000000284,20641.0,True,True,31.47019867549669,Tyres & Rubber Products,Consumer Discretionary,76.0,103,"Uptrend (price > 50 > 150 > 200-day, 200-day rising); Within 15% of 52-week high; 3-year profit growth >= 15%/yr; ROE >= 20%; RS rating >= 80",5
BALRAMCHIN,0.1347060391277827,0.5586412923213102,0.43935833248186373,1.3238625656988579,0.8852039183046289,0.0,1.0,0.5234483740632913,0.6043954181647302,0.03642246387570265,0.04003639672429471,0.0420560747663552,-0.016264244438274175,853479956.25,-14.207396058123967,6.128628579950335,16.14850132315277,-0.15765898459311986,0.0,2.4345507941913036,-0.6399999999999997,1.0,9.134847752537457,0.3200000000000003,20676.0,True,True,81.67265846736045,Sugar,Fast Moving Consumer Goods,12.0,103,Quarterly profit growth >= 25%; Sales growth >= 20% or 2+ strong quarters; 3-year profit growth >= 15%/yr; ROE >= 20%; Net profit margin up vs a year ago,5
BALUFORGE,0.008478120906042629,-0.10223516448921754,0.32701256398324796,-0.32827093427699156,0.777212389380531,0.0,0.0,0.6626424055943069,0.46578836535943124,0.033961137861609175,0.04803102625298328,0.018579729306565484,-0.022448445205755854,434904294.2,15.875216862620256,28.949399656946827,11.03302597000555,0.8521291931317437,0.0,77.17129994182461,-2.4800000000000004,1.0,16.248431618569636,-0.9299999999999997,20677.0,True,True,48.04824976348155,Castings & Forgings,Industrials,6.0,103,"Uptrend (price > 50 > 150 > 200-day, 200-day rising); Within 15% of 52-week high; Quarterly profit growth >= 25%; ROE >= 20%; RS rating >= 80; Net profit margin up vs a year ago",6
BANCOINDIA,-0.06714336764487491,-0.2562093079334459,0.18429641005951236,-0.6487560541025794,0.684985223914526,0.0,0.0,0.010262077505338744,0.9023377181869762,0.01920026935358681,0.02178704645642604,-0.03089898933048174,-0.011775975601551008,54958675.825,11.771116613407484,22.040223072086107,17.430453526846044,0.30112279327564145,0.0,21.339148757587555,-0.9499999999999993,1.0,28.6053412462908,-0.11999999999999922,20673.0,True,True,20.88647114474929,Auto Components & Equipments,Consumer Discretionary,19.0,103,"Uptrend (price > 50 > 150 > 200-day, 200-day rising); Within 15% of 52-week high; Quarterly profit growth >= 25%; RS rating >= 80; Net profit margin up vs a year ago",5
BANDHANBNK,-0.010713572971014738,0.05941168881434633,0.12224955582889163,0.13955938711459023,0.7435676753034971,0.0,0.0,0.3825763670365231,1.6629549544284736,0.03005923030466411,0.04177292046144521,-0.053007357870336724,-0.04628940395922895,1441983067.4,34.93550576334199,2.8296390721764375,-33.101536799875376,0.2847009859921088,2.0,-12.626745394324079,2.12,1.0,4.785923753665689,1.7100000000000009,20679.0,True,True,40.836329233680225,Private Sector Bank,Financial Services,25.0,103,"Uptrend (price > 50 > 150 > 200-day, 200-day rising); Within 15% of 52-week high; 3-year profit growth >= 15%/yr; ROE >= 20%; RS rating >= 80",5
BANKBARODA,-0.01956179847075936,-0.03223988730126781,-0.0365443179996795,-0.22903277983345963,0.7149923195084485,0.0,0.0,-0.214162553231932,1.425174032566914,0.012480718537343035,0.015036309269542913,-0.030157505121541917,-0.011531670415578558,1804690488.0500002,67.44996991024391,6.840469769803792,59.691734142547986,3.633037430681551,1.0,8.58220244079746,6.07,1.0,12.099910170073974,-0.14000000000000057,20658.0,True,True,38.49479659413434,Public Sector Bank,Financial Services,52.0,103,"Uptrend (price > 50 > 150 > 200-day, 200-day rising); Within 15% of 52-week high; Sales growth >= 20% or 2+ strong quarters; 3-year profit growth >= 15%/yr; ROE >= 20%; RS rating >= 80",6
BANKINDIA,0.01601722972384581,0.24645405312473145,0.04196608220753095,0.40729012629714545,0.7409733124018838,0.0,0.0,0.056786667572225065,2.4639649582420224,0.015128308351148652,0.03104726598702512,-0.05609439056094401,-0.029693888382018706,747303236.2,49.844007875368405,8.828312289044927,31.132608517174504,3.2738456289357396,1.0,35.42832704105765,4.500000000000002,1.0,11.459792347539963,-0.389999999999997,20658.0,True,True,50.670766319772945,Public Sector Bank,Financial Services,52.0,103,"Uptrend (price > 50 > 150 > 200-day, 200-day rising); Within 15% of 52-week high; Sales growth >= 20% or 2+ strong quarters; ROE >= 20%; RS rating >= 80",5
BASF,-0.050910286249598855,-0.15020621757062402,0.1574750830564784,-0.7591169061644277,0.7188761672084308,0.0,0.0,1.0072579679940499,0.4594825387319648,0.017841134353969116,0.019406928948913604,-0.07833404119770648,-0.02202538034929685,62708018.8,152.8817385464096,24.51181301522245,-49.82089654393235,2.669594795977278,2.0,95.87118218034503,3.66,1.0,10.614101592115238,-0.129999999999999,20651.0,True,True,26.225165562913908,Specialty Chemicals,Commodities,38.0,103,"Uptrend (price > 50 > 150 > 200-day, 200-day rising); Within 15% of 52-week high; ROE >= 20%; RS rating >= 80",4
BATAINDIA,-0.1289138977232251,-0.42008389692663295,0.03081488244692987,-1.5237870922056043,0.500686591276252,0.0,0.0,0.5571289800234908,0.3483870364361341,0.013593310105996896,0.014401440144014455,-0.08450714626469757,-0.015072176666586626,93363955.425,16.00024351174374,3.9390561129691637,74.5760973532736,0.5174466116587896,0.0,-17.57054366467279,0.6799999999999997,1.0,8.401253918495298,-1.2199999999999989,20652.0,True,True,4.683065279091769,Footwear,Consumer Discretionary,103.0,103,"Uptrend (price > 50 > 150 > 200-day, 200-day rising); Within 15% of 52-week high; Quarterly profit growth >= 25%; Sales growth >= 20% or 2+ strong quarters; 3-year profit growth >= 15%/yr; ROE >= 20%; RS rating >= 80",7
BBL,-0.11658007235626343,-0.2734026745913818,0.017622315696258717,-0.9652487910193619,0.6065083553210203,0.0,0.0,-0.41759374049750114,1.1264637846916328,0.016269419340296878,0.015272062185642366,-0.09810544598179971,-0.028918520905463044,50270786.8,-29.578393202839315,17.69627876962787,-7.6089907273576,-0.8417128599019605,0.0,6.620505517923325,-2.41,1.0,5.914243469689502,-0.5799999999999983,20679.0,True,True,6.1816461684011355,Heavy Electrical Equipment,Industrials,35.0,103,"Uptrend (price > 50 > 150 > 200-day, 200-day rising); Within 15% of 52-week high; Quarterly profit growth >= 25%; Sales growth >= 20% or 2+ strong quarters; 3-year profit growth >= 15%/yr; ROE >= 20%; RS rating >= 80; Net profit margin up vs a year ago",8
BBOX,0.14991754828975323,0.45401371520774503,0.5274923191015997,1.509859964491505,0.7615140525838623,0.0,1.0,0.31789455416823303,2.461045115633761,0.030542270735627902,0.08704808704808698,0.09323222936336273,-0.02986343411456683,270734363.0,20.760948067388174,23.923734802486397,18.92830139028665,1.0261524792322787,1.0,55.54475640911265,-0.10999999999999943,1.0,16.93861693861694,1.8500000000000014,20677.0,True,True,83.26490066225165,IT Enabled Services,Information Technology,51.0,103,Within 15% of 52-week high; Quarterly profit growth >= 25%; ROE >= 20%; Net profit margin up vs a year ago,4
BBTC,-0.08290731377254601,-0.15829596412556057,0.06443609555539798,-0.7985727576128621,0.608056206088993,0.0,0.0,1.9775421241894398,0.6107035681014278,0.02449460912374878,0.08053451479205354,-0.11098997723717985,-0.04896855777218557,50257870.3,14.950641999837554,7.996332697356268,-14.751772409182262,0.4537517344327686,0.0,62.3348542568265,0.6799999999999997,1.0,35.48707753479125,-0.4400000000000013,20654.0,True,True,14.049195837275306,Packaged Foods,Fast Moving Consumer Goods,91.0,103,"Uptrend (price > 50 > 150 > 200-day, 200-day rising); Within 15% of 52-week high; Quarterly profit growth >= 25%; Sales growth >= 20% or 2+ strong quarters; RS rating >= 80",5
BDL,-0.09154273853488999,-0.1603017759380424,0.0608130904183537,-0.71339803296545,0.6745438961675033,0.0,0.0,0.11440348520358097,0.883169999655776,0.017911993041187218,0.03880545186214057,-0.11600135431994374,-0.03087391120342531,1244248764.0,300.0,130.80708264429478,358.50547297920787,1.374451490923991,1.0,13.713270282951683,13.360000000000001,1.0,9.903324687573685,0.22999999999999865,20679.0,True,True,11.426679280983917,Aerospace & Defense,Industrials,20.0,103,"Uptrend (price > 50 > 150 > 200-day, 200-day rising); Within 15% of 52-week high; 3-year profit growth >= 15%/yr; ROE >= 20%; RS rating >= 80",5
BECTORFOOD,0.01719915268713232,-0.1043569922698524,0.21271871861288805,-0.40958070885869646,0.7579849946409433,0.0,0.0,0.5922122822582555,0.8054586454320883,0.033806498646871914,0.05079227262860875,-0.07041387088322082,-0.026513188109372404,306161862.72,25.441616138277155,16.02461096075778,22.052591573746902,3.1475630720674017,1.0,9.859511204402649,0.5299999999999994,1.0,11.093627065302911,-1.5700000000000003,20672.0,True,True,51.139072847682115,Packaged Foods,Fast Moving Consumer Goods,91.0,103,"Uptrend (price > 50 > 150 > 200-day, 200-day rising); Within 15% of 52-week high; Sales growth >= 20% or 2+ strong quarters; 3-year profit growth >= 15%/yr; ROE >= 20%; RS rating >= 80",6
BEL,-0.018384067479616517,0.03207880777974248,-0.030834914611005737,-0.08408765140475863,0.8182490231281022,0.0,0.0,-0.046620330019609135,1.2207381441391838,0.012669219920898995,0.025145819831497107,-0.03170092205867281,-0.013895176280029354,3888756784.475,8.799636265651433,24.939298247194653,4.165608255206598,0.7943370478233841,0.0,24.850579939500996,-2.8199999999999967,1.0,25.270968817742208,-0.47000000000000597,20661.0,True,True,38.96310312204352,Aerospace & Defense,Industrials,20.0,103,"Uptrend (price > 50 > 150 > 200-day, 200-day rising); Within 15% of 52-week high; Quarterly profit growth >= 25%; RS rating >= 80; Net profit margin up vs a year ago",5
BELRISE,0.09373971442923752,0.5120015240030482,0.2480868015515254,1.3950412834568342,0.8829604772557793,0.0,0.0,0.5519282224849518,0.9533096530706383,0.019071783456736168,0.04712909273226673,-0.003058897028920926,-0.031176250507036967,754083561.5,8.919739496615975,12.56558851742322,-8.42665517758665,0.3587174239317749,0.0,,-0.16000000000000014,1.0,9.510141599693839,5.810000000000002,20679.0,True,True,72.49385052034059,Auto Components & Equipments,Consumer Discretionary,19.0,103,"Uptrend (price > 50 > 150 > 200-day, 200-day rising); Quarterly profit growth >= 25%; Sales growth >= 20% or 2+ strong quarters; 3-year profit growth >= 15%/yr; ROE >= 20%; RS rating >= 80; Net profit margin up vs a year ago",7
BEML,0.028994449187513954,-0.011574569221628028,0.4026306913996629,-0.07513432350827905,0.8973744919257388,0.0,1.0,0.7910915941187104,0.5536898647129653,0.02145202446354874,0.06044802066259369,0.051084281292429035,-0.029023985625080646,465367973.40000004,-37.47802168336658,29.279641634726094,62.52197831663342,0.8625997699441887,0.0,2.57804438481557,6.81,0.0,4.805725971370143,0.5799999999999983,20672.0,True,True,54.88552507095554,Construction Vehicles,Industrials,29.0,103,Quarterly profit growth >= 25%; 3-year profit growth >= 15%/yr; ROE >= 20%; RS rating >= 80,4
BEPL,0.11847516208896712,0.2676111382510993,0.48989435002296755,0.7186603896362289,0.9287364620938627,0.0,1.0,0.29998511321664983,0.9839681582881273,0.03078259150064205,0.05518763796909498,0.03422435987116201,-0.02104322378309893,153909175.09,42.946056101549736,53.340261764801376,12.341455035558393,3.2873960746208843,2.0,12.719743922634063,-1.0099999999999998,1.0,16.62049861495845,0.029999999999999805,20636.0,True,True,78.76915799432356,Petrochemicals,Commodities,32.0,103,3-year profit growth >= 15%/yr; ROE >= 20%; RS rating >= 80; Net profit margin up vs a year ago,4
BERGEPAINT,-0.025216751653154273,-0.057627768721833506,0.16376554174067492,-0.3333594363052251,0.794802792027584,0.0,0.0,-0.047911738977990066,1.4453198197445585,0.016139623584000812,0.030868237347295047,-0.0470476728240703,-0.014102469862156393,153066890.52499998,18.244040288095142,11.96559567102813,1.0487387895499651,1.7872154913785963,0.0,8.537058190578929,0.6000000000000014,1.0,16.307647824201243,0.21000000000000085,20656.0,True,True,35.96594134342479,Paints,Consumer Discretionary,77.0,103,"Uptrend (price > 50 > 150 > 200-day, 200-day rising); Within 15% of 52-week high; Quarterly profit growth >= 25%; Sales growth >= 20% or 2+ strong quarters; 3-year profit growth >= 15%/yr; ROE >= 20%; RS rating >= 80",7
BETA,0.03522344012107573,0.24663355408388532,0.6283881199538639,0.18823481102551415,0.7127746714626589,0.0,0.0,-0.2691787438710556,0.6718259286090036,0.03307332440801503,0.039334916864608216,-0.10409651799998743,-0.02257397835281509,41956444.95,40.84049352524086,25.286897515218044,56.03784142617479,0.7209785057185706,1.0,8.180142362671926,1.450000000000001,1.0,16.73469387755102,3.9400000000000004,20654.0,True,True,56.94607379375591,Pharmaceuticals,Healthcare,27.0,103,"Uptrend (price > 50 > 150 > 200-day, 200-day rising); Within 15% of 52-week high; 3-year profit growth >= 15%/yr; ROE >= 20%; RS rating >= 80",5
BHAGYANGR,0.48717970575194497,2.890914773911231,1.4536793692509855,5.492128419686777,0.9253045522547553,0.0,1.0,0.2692926003096812,1.0883370249881037,0.03078487958661618,0.050000000000000044,0.08584699576897115,-0.034991727432225374,42696429.85,167.12652600008454,45.19769357495882,-132.87347399991546,0.8160676769729205,8.0,9.743183294638147,1.31,1.0,19.45525291828794,3.1700000000000004,20661.0,True,True,98.53169347209082,Copper,Commodities,,103,3-year profit growth >= 15%/yr; ROE >= 20%,2
BHARATFORG,0.08539443479301911,0.6772500211667092,0.20601485449896506,1.9526592177827309,0.8191721132897604,0.0,0.0,-0.31554721865650126,1.0980622789391001,0.01855025109884313,0.02564102564102555,-0.07768809766301865,-0.030242472231779016,1849255455.0,-57.65154078800037,18.70649184521904,-59.81889428736294,-4.00705962732829,0.0,20.654656078595735,-4.67,1.0,11.367432150313151,0.45000000000000284,20652.0,True,True,70.33964049195838,Auto Components & Equipments,Consumer Discretionary,19.0,103,"Uptrend (price > 50 > 150 > 200-day, 200-day rising); Within 15% of 52-week high; Quarterly profit growth >= 25%; Sales growth >= 20% or 2+ strong quarters; ROE >= 20%; RS rating >= 80; Net profit margin up vs a year ago",7
BHARATSE,0.029606993616744567,0.21920465567410274,0.36691613893686426,0.300660278581425,0.7832662056387263,0.0,0.0,0.4983908230387525,0.6870380609084115,0.027740052932885492,0.07539326373470634,-0.0679205322447769,-0.026002191580931918,32518423.744999997,44.11467698564224,35.30417271577766,27.690120690834007,4.153825109387621,1.0,27.785371193085883,0.14000000000000012,1.0,18.26086956521739,0.010000000000000009,20679.0,True,True,55.260170293282876,Auto Components & Equipments,Consumer Discretionary,19.0,103,"Uptrend (price > 50 > 150 > 200-day, 200-day rising); Within 15% of 52-week high; ROE >= 20%; RS rating >= 80",4
BHARTIARTL,-0.01915819560713339,-0.02483564645726799,0.04430910208414818,-0.26329100433269736,0.8326051965969188,0.0,0.0,-0.18811110717328638,1.5760516443988049,0.014295575969191102,0.031209150326797275,-0.03733983578681854,-0.02172497174199772,9885623346.9,38.390866904152475,18.35022825326611,45.266468432432816,0.8473937349443348,1.0,40.10885592536451,2.539999999999999,1.0,22.69131942813823,-1.1999999999999957,20648.0,True,True,38.682119205298015,Telecom - Cellular & Fixed line services,Telecommunication,75.0,103,"Uptrend (price > 50 > 150 > 200-day, 200-day rising); Within 15% of 52-week high; Sales growth >= 20% or 2+ strong quarters; RS rating >= 80",4
BHARTIHEXA,-0.04942812115141302,-0.10183141442462573,-0.0007963897000266007,-0.6027344716369912,0.7091429740233176,0.0,0.0,0.22701835219983824,3.9387354727058437,0.018793646081884788,0.039835257578826555,-0.09836342689514033,-0.0421664273338927,125312148.15,23.219415630691252,10.91029606716749,24.265474238158568,0.5469268677386288,1.0,37.78781452720186,1.9199999999999982,1.0,24.18702023726448,-0.06999999999999851,20679.0,True,True,27.16177861873226,Telecom - Cellular & Fixed line services,Telecommunication,75.0,103,"Uptrend (price > 50 > 150 > 200-day, 200-day rising); Within 15% of 52-week high; Quarterly profit growth >= 25%; Sales growth >= 20% or 2+ strong quarters; RS rating >= 80",5
BHEL,0.20403502497086598,0.8691831522444917,0.7403570996735318,2.582978858450888,0.9958140559594625,1.0,1.0,0.34889554290532315,2.9953315853042555,0.021010298873696563,0.053613053613053685,0.07492871462782968,-0.025923529019250265,2763467049.625,100.0,40.29244146523272,-55.70961973280308,2.7684303819798433,4.0,68.58384302987544,13.190000000000001,1.0,6.119482903694638,0.7100000000000009,20645.0,True,True,89.25922421948913,Heavy Electrical Equipment,Industrials,35.0,103,ROE >= 20%,1
BIKAJI,-0.12272168118670541,-0.196950010257813,-0.0635566188197767,-1.3728318743023795,0.626024723487313,0.0,0.0,-0.34100876605383684,3.7472762351940294,0.01943280446423938,0.06764201210150822,-0.18617495462303701,-0.06906574852162324,68437091.1,1.589493489388305,12.500957604915207,-38.163226795069384,0.02742845204761097,0.0,17.17456899473668,-0.870000000000001,1.0,15.805849408836343,0.16000000000000014,20659.0,True,True,5.338694418164617,Packaged Foods,Fast Moving Consumer Goods,91.0,103,"Uptrend (price > 50 > 150 > 200-day, 200-day rising); Within 15% of 52-week high; Quarterly profit growth >= 25%; Sales growth >= 20% or 2+ strong quarters; ROE >= 20%; RS rating >= 80; Net profit margin up vs a year ago",7
BIOCON,0.004675576197303188,0.18619061670109183,0.14026379236987663,0.3560518524305091,0.8254500726825451,0.0,0.0,-0.059650828606576854,1.4399768556979846,0.014824629155837063,0.025974025974025983,-0.08752447441805256,-0.024037729309688914,1073966926.15,45.746974809102234,9.99771683705828,100.88211350743188,0.09178701482237438,1.0,-8.387499369253215,0.7800000000000002,1.0,1.0843054861743704,-0.060000000000002274,20650.0,True,True,46.45600756859035,Pharmaceuticals,Healthcare,27.0,103,"Uptrend (price > 50 > 150 > 200-day, 200-day rising); Within 15% of 52-week high; Sales growth >= 20% or 2+ strong quarters; 3-year profit growth >= 15%/yr; ROE >= 20%; RS rating >= 80",6
BIRLACABLE,0.5236076273371654,1.2925722321656865,2.1432953549517966,2.7377050217185612,0.9442454632282712,0.0,1.0,0.8156907778330753,2.128945076278952,0.036059388633347705,0.04997103128621094,0.26788407477325893,-0.0448574242193879,76604331.635,300.0,51.12219451371571,0.0,4.979771783972214,3.0,3.41486046336712,10.74,1.0,6.049822064056939,0.019999999999999997,20647.0,True,True,98.71901608325449,Telecom -  Equipment & Accessories,Telecommunication,26.0,103,3-year profit growth >= 15%/yr; ROE >= 20%,2
BIRLACORPN,-0.11120560554507283,-0.2880465529782591,-0.010002247696111466,-1.0681866717552908,0.5968724463264246,0.0,0.0,-0.5796039823357761,2.6634872408275254,0.0157721377867209,0.027336105675146882,-0.07416476629127755,-0.020150990222575826,37891463.5,-3.2384808853817337,7.832631141462465,0.3713714540603541,-0.04900619791366788,0.0,183.4375540107808,-0.5,1.0,7.576374745417515,0.120000000000001,20645.0,True,True,7.118259224219488,Cement & Cement Products,Commodities,102.0,103,"Uptrend (price > 50 > 150 > 200-day, 200-day rising); Within 15% of 52-week high; Quarterly profit growth >= 25%; Sales growth >= 20% or 2+ strong quarters; ROE >= 20%; RS rating >= 80; Net profit margin up vs a year ago",7
BLACKBUCK,0.006438297527882542,-0.050537985001630314,0.015607289214403908,-0.07145336832189278,0.7967914438502673,0.0,0.0,0.6000657922741139,1.0456316702178161,0.021345129151129752,0.07211128178870108,0.012809663155819662,-0.020478143649991797,244902558.75,25.087586459410005,42.16976533667569,102.14224935741316,0.05249745914709468,1.0,,-2.8200000000000003,1.0,11.251758087201125,2.5700000000000003,20663.0,True,True,47.205298013245034,Transport Related Services,Services,,103,"Uptrend (price > 50 > 150 > 200-day, 200-day rising); Within 15% of 52-week high; 3-year profit growth >= 15%/yr; ROE >= 20%; RS rating >= 80; Net profit margin up vs a year ago",6
BLS,-0.09539906480925511,-0.28088037131307075,-0.10525335320417273,-0.6890004155058016,0.6238718662952646,0.0,0.0,-0.05450435770733762,0.42528036334538505,0.02146756532491405,0.038099652375434445,-0.0732303984732735,-0.022753160431883298,226955020.81,11.401019213057427,25.32614661468959,-17.286415134748868,2.0599960046224886,0.0,44.41578998005766,-2.8299999999999983,1.0,29.395046691027204,-1.8899999999999988,20672.0,True,True,10.209082308420056,"Tour, Travel Related Services",Consumer Discretionary,99.0,103,"Uptrend (price > 50 > 150 > 200-day, 200-day rising); Within 15% of 52-week high; Quarterly profit growth >= 25%; RS rating >= 80; Net profit margin up vs a year ago",5
BLSE,0.19119057870345274,0.7416455900554269,1.0162596561176174,1.6961483222987777,0.9470276633313714,1.0,1.0,0.1772195867255204,0.8785585817323935,0.020112389628150516,0.034200157604413084,0.019814443209202004,-0.016762317623738116,119972521.975,6.40600595416887,24.63215705561701,1.09811055908271,0.47503651964443566,0.0,,-1.0499999999999998,1.0,13.193116634799235,0.19,20671.0,True,True,87.8543046357616,IT Enabled Services,Information Technology,51.0,103,Quarterly profit growth >= 25%; 3-year profit growth >= 15%/yr; ROE >= 20%; Net profit margin up vs a year ago,4
BLUEDART,-0.055244150084280054,-0.11363355953115362,0.027690924325097566,-0.647844517061089,0.6484934621944287,0.0,0.0,0.5141539641226682,3.318532147633741,0.015376590124303452,0.011582167832167922,-0.08133122008105087,-0.027580776687465506,36175192.900000006,81.09713106222188,14.966156236129603,92.37163211736508,2.5430871721819726,1.0,1.1664798393013376,1.9499999999999997,1.0,13.89983117613956,-0.14000000000000057,20665.0,True,True,24.3519394512772,Logistics Solution Provider,Services,67.0,103,"Uptrend (price > 50 > 150 > 200-day, 200-day rising); Within 15% of 52-week high; Sales growth >= 20% or 2+ strong quarters; 3-year profit growth >= 15%/yr; ROE >= 20%; RS rating >= 80",6
BLUEJET,-0.005732462069140826,-0.10357640501625631,0.6202602490555478,-0.35481311461034404,0.7766632991773704,0.0,0.0,-0.1510436797363149,1.0207980990704502,0.01719766392850941,0.02615091255788604,-0.07134980854085526,-0.03408169300213283,262418754.09999996,-14.16307972551618,-17.377945653399472,27.394032151130762,-0.26673434209757496,0.0,10.047600874766305,1.0,1.0,18.235294117647058,4.6899999999999995,20679.0,True,True,43.084200567644274,Pharmaceuticals,Healthcare,27.0,103,"Uptrend (price > 50 > 150 > 200-day, 200-day rising); Within 15% of 52-week high; Quarterly profit growth >= 25%; Sales growth >= 20% or 2+ strong quarters; 3-year profit growth >= 15%/yr; ROE >= 20%; RS rating >= 80",7
BLUESTARCO,-0.03866782732206482,-0.2139569334955822,-0.027874108486553584,-0.5176621356272699,0.7730335973240199,0.0,0.0,-0.39676683205324886,1.7702892264611945,0.0216298893994003,0.04072847682119196,0.02277904328018221,-0.020972617763693743,772779108.5,-20.852586859080834,13.267499371280067,-30.984366571072073,-0.6704483876708621,0.0,22.408383815756384,-1.2199999999999998,1.0,15.359953366365492,-0.5900000000000034,20648.0,True,True,30.90823084200568,Household Appliances,Consumer Discretionary,98.0,103,"Uptrend (price > 50 > 150 > 200-day, 200-day rising); Within 15% of 52-week high; Quarterly profit growth >= 25%; Sales growth >= 20% or 2+ strong quarters; ROE >= 20%; RS rating >= 80; Net profit margin up vs a year ago",7
BLUESTONE,0.18054342725011097,0.41845096484271727,0.8825868319494794,0.8115778503662601,0.8391071244458193,1.0,0.0,0.40095663286465966,0.4218970086674651,0.04344603165567181,0.1004790348335205,-0.015684225549032482,-0.04584586808095426,965590016.275,100.0,49.55955183892182,0.0,1.1431498694922146,3.0,,7.859999999999999,1.0,0.7222222222222222,-0.9200000000000159,20654.0,True,True,86.63670766319773,"Gems, Jewellery And Watches",Consumer Discretionary,10.0,103,"Uptrend (price > 50 > 150 > 200-day, 200-day rising); Within 15% of 52-week high; 3-year profit growth >= 15%/yr; ROE >= 20%",4
BLUSPRING,0.2515790552770653,0.698292220113852,1.3067010309278349,1.4193964626957463,0.9477377049180328,1.0,1.0,0.6717134320838418,0.6532673390833275,0.03908193482110326,0.06011011388490828,0.14891817425908171,-0.07211770653001626,48514107.63,100.0,19.07354213965855,0.0,,4.0,,0.6499999999999999,0.0,-3.44311377245509,-0.08999999999999986,20665.0,True,True,92.81835383159887,Diversified Commercial Services,Services,63.0,103,3-year profit growth >= 15%/yr; ROE >= 20%,2
BOMDYEING,-0.11576235004485572,-0.32828912230728147,0.09967939376275137,-1.0240096402437582,0.5693499308437068,0.0,0.0,0.5794931082654101,0.723535043065468,0.01572041180728312,0.03486750348675027,-0.09179642684420664,-0.030253269600391246,43866404.33,-47.11558377597142,8.723269108617405,-128.49300970430446,-0.09420875819561503,0.0,218.4569009653193,-1.8900000000000001,1.0,1.1816192560175056,-0.13000000000000034,20645.0,True,True,6.368968779564806,Other Textile Products,Consumer Discretionary,23.0,103,"Uptrend (price > 50 > 150 > 200-day, 200-day rising); Within 15% of 52-week high; Quarterly profit growth >= 25%; Sales growth >= 20% or 2+ strong quarters; ROE >= 20%; RS rating >= 80; Net profit margin up vs a year ago",7
BOROLTD,0.011649137657464621,-0.2937650901860531,0.03859810351309578,-0.46697514300677595,0.7893505778756192,0.0,0.0,1.3851549415773634,1.6635891575383244,0.027437488979130297,0.06216284710908382,0.1340822453760997,-0.04901748380145267,32993307.42,-26.42264282675788,8.981907258584387,-21.6277452144505,-0.8761693269959571,0.0,15.493445633881397,-2.4300000000000006,1.0,8.455467869222097,0.03000000000000025,20679.0,True,True,49.17218543046357,Houseware,Consumer Discretionary,,103,"Uptrend (price > 50 > 150 > 200-day, 200-day rising); Within 15% of 52-week high; Quarterly profit growth >= 25%; Sales growth >= 20% or 2+ strong quarters; ROE >= 20%; RS rating >= 80; Net profit margin up vs a year ago",7
BORORENEW,-0.07162974311394883,-0.1436440313279973,0.19966240655895828,-0.5475727466101867,0.6239251040221915,0.0,0.0,-0.20199256991759115,1.2050327614709604,0.01702538358332828,0.03101196953210006,-0.12562028770853628,-0.02290397597382813,186466575.5,100.0,17.055225344797755,0.0,1.1474194520711505,4.0,141.7275278154916,21.54,1.0,8.40502978160159,0.1899999999999995,20650.0,True,True,17.982970671712394,Glass - Industrial,Industrials,,103,"Uptrend (price > 50 > 150 > 200-day, 200-day rising); Within 15% of 52-week high; ROE >= 20%; RS rating >= 80",4
BOSCHLTD,0.05738178986012104,0.23197903014416776,0.46257974171464133,0.6174408049004234,0.9,0.0,0.0,0.43059458612511176,1.3217554104838074,0.01700752497513221,0.03063457330415753,-0.028906224711099604,-0.025214592231039466,1378755615.0,5.201963257601272,21.995990477383764,2.219974491001042,0.5223320221673132,0.0,16.337319325215717,-1.9299999999999997,1.0,18.678431900848715,0.0,20644.0,True,True,63.68968779564806,Auto Components & Equipments,Consumer Discretionary,19.0,103,"Uptrend (price > 50 > 150 > 200-day, 200-day rising); Quarterly profit growth >= 25%; ROE >= 20%; RS rating >= 80; Net profit margin up vs a year ago",5
BPCL,-0.012999880554782805,-0.013257283798365993,0.15063814488585314,-0.2501765746331473,0.7672666921996681,0.0,0.0,0.10770534104631542,1.600113528572832,0.012791665001171397,0.0228013029315961,-0.03988702297881053,-0.02060147066785593,1503083277.6,-100.0,34.407002308721935,-125.82978950096171,-2.378901838602957,0.0,-8.226519196855008,-8.6,0.0,25.798883908516434,-0.18000000000000682,20656.0,True,True,40.18070009460738,Refineries & Marketing,Energy,44.0,103,"Uptrend (price > 50 > 150 > 200-day, 200-day rising); Within 15% of 52-week high; Quarterly profit growth >= 25%; 3-year profit growth >= 15%/yr; RS rating >= 80; Net profit margin up vs a year ago",6
BRIGADE,-0.009084738517616393,0.046684202019014576,0.37788954444336964,-0.4439134164052703,0.7078182134772767,0.0,0.0,0.7166903227585258,0.9954445439576107,0.025591505889840434,0.02384646794610057,-0.07072818268657677,-0.040018707632008675,184615470.10000002,20.69004122582887,-12.925207237304281,45.20476818044145,0.45423986577930175,1.0,66.42852469991749,4.76,1.0,10.628940038117578,-0.3999999999999915,20658.0,True,True,41.39829706717124,"Residential, Commercial Projects",Consumer Discretionary,61.0,103,"Uptrend (price > 50 > 150 > 200-day, 200-day rising); Within 15% of 52-week high; Quarterly profit growth >= 25%; Sales growth >= 20% or 2+ strong quarters; ROE >= 20%; RS rating >= 80",6
BRITANNIA,-0.05704223753226454,-0.13351912845198888,-0.05733186328555673,-0.894656396193272,0.7787912613618243,0.0,0.0,-0.44314547931656745,1.7939853456506105,0.011528365687952891,0.023857442348008462,-0.06565121267521667,-0.016073888745134164,1378717973.75,14.13398544903146,8.172479890615335,-7.352336118400405,1.1555215746854586,0.0,6.986750783086548,0.6199999999999992,1.0,49.686643164904034,-0.1700000000000017,20652.0,True,True,23.50898770104068,Packaged Foods,Fast Moving Consumer Goods,91.0,103,"Uptrend (price > 50 > 150 > 200-day, 200-day rising); Within 15% of 52-week high; Quarterly profit growth >= 25%; Sales growth >= 20% or 2+ strong quarters; 3-year profit growth >= 15%/yr; RS rating >= 80",6
BSE,0.09086086127840093,0.6180990602975724,0.15946552570667039,1.5778510465653939,0.7432310875236124,0.0,0.0,0.07968235145201492,6.6528718898634995,0.02180466466105675,0.04386080105055812,-0.013279084084146908,-0.02383863604604241,13999757195.75,65.82727769710688,63.47617307792681,4.464934164326117,3.5664507996477792,9.0,121.66207487253536,0.7899999999999991,1.0,37.26959388580848,0.9599999999999937,20664.0,True,True,71.74456007568591,Exchange and Data Platform,Financial Services,31.0,103,"Uptrend (price > 50 > 150 > 200-day, 200-day rising); Within 15% of 52-week high; RS rating >= 80",3
BSOFT,-0.041551751761203674,-0.18801052194379064,-0.209249022515842,-0.5976790847587319,0.5895569620253164,0.0,0.0,0.5776027039536864,1.0821829727547772,0.01914160156901879,0.023169601482854407,-0.0515673151328383,-0.019910882851926562,308565587.7,51.30783312523055,7.354657950035026,7.138100185007403,1.4013362743912667,3.0,19.640623276649684,3.3900000000000006,1.0,12.594213469486991,-2.230000000000004,20638.0,True,True,29.50331125827815,Computers - Software & Consulting,Information Technology,94.0,103,"Uptrend (price > 50 > 150 > 200-day, 200-day rising); Within 15% of 52-week high; ROE >= 20%; RS rating >= 80",4
CAMLINFINE,-0.17663101199032402,-0.5143860981863071,-0.00660450660450651,-0.9593309009004771,0.4470588235294118,0.0,0.0,-0.05017921817712493,0.5666352410940725,0.028582919125435972,0.042123738481790296,-0.11904567609071404,-0.029974289646885234,57343814.825,-67.31771738437833,27.509074855292837,32.68228261562167,-0.5389893247153144,0.0,-39.01759793434593,-3.47,0.0,2.3054755043227666,-2.3100000000000005,20655.0,True,True,0.37464522232734154,Specialty Chemicals,Commodities,38.0,103,"Uptrend (price > 50 > 150 > 200-day, 200-day rising); Within 15% of 52-week high; Quarterly profit growth >= 25%; 3-year profit growth >= 15%/yr; ROE >= 20%; RS rating >= 80; Net profit margin up vs a year ago",7
CAMS,-0.034381001291637216,-0.016578947368421137,0.13088213042820396,-0.29591018286675436,0.8212806249260267,0.0,0.0,0.17236511735542537,1.6896547015842198,0.015296709932652983,0.028267045454545503,-0.06877434922236814,-0.025096427596728924,852302414.8,17.61201371590948,11.543131441479604,6.4028854182827555,1.1018273192765138,0.0,18.422940711139745,1.6600000000000001,1.0,35.730507191521575,1.9200000000000017,20668.0,True,True,32.875118259224216,"Depositories, Clearing Houses and Other Intermediaries",Financial Services,87.0,103,"Uptrend (price > 50 > 150 > 200-day, 200-day rising); Within 15% of 52-week high; Quarterly profit growth >= 25%; Sales growth >= 20% or 2+ strong quarters; RS rating >= 80",5
CANBK,-0.00038502140234290827,0.06537940379403784,-0.009760705289672655,-0.007672993367025499,0.7233102093437289,0.0,0.0,0.11921006874533494,1.4562063318623915,0.011848675591368249,0.02522375915378361,-0.06504826325295299,-0.023756862219157328,1661341712.4499998,2.2725722286095484,4.549633315124413,12.768680334560901,0.22037435855896903,0.0,15.387181920887505,-0.34999999999999964,1.0,16.746952126077908,-0.5599999999999987,20661.0,True,True,45.05108798486282,Public Sector Bank,Financial Services,52.0,103,"Uptrend (price > 50 > 150 > 200-day, 200-day rising); Within 15% of 52-week high; Quarterly profit growth >= 25%; Sales growth >= 20% or 2+ strong quarters; ROE >= 20%; RS rating >= 80; Net profit margin up vs a year ago",7
CANFINHOME,-0.028942065967783856,0.0825040344271113,-0.021456357889618305,-0.044989008201090676,0.7563046834791559,0.0,0.0,-0.39711988016639416,1.7741376574143364,0.013082462471046347,0.019268635724331906,-0.07287651182011468,-0.03158280475947807,166166988.47500002,19.623409324530726,7.430929209177428,-28.138824485806914,1.3616560571455032,0.0,20.70427333130713,2.4899999999999984,1.0,18.15749874602909,-0.21999999999999176,20679.0,True,True,34.46736045411542,Housing Finance Company,Financial Services,90.0,103,"Uptrend (price > 50 > 150 > 200-day, 200-day rising); Within 15% of 52-week high; Quarterly profit growth >= 25%; Sales growth >= 20% or 2+ strong quarters; ROE >= 20%; RS rating >= 80",6
CANHLIFE,,,0.06656068565109208,,0.8586597876297318,0.0,0.0,0.3476561807573174,0.8279296537148402,0.017036273777859306,0.019198608602582157,-0.0508796918890102,-0.028724386354376324,89207755.03,21.677222705631927,19.805265433237594,13.053077427216353,,1.0,,0.010000000000000009,1.0,7.912772585669782,-0.36999999999999744,20679.0,True,True,,Life Insurance,Financial Services,93.0,103,"Uptrend (price > 50 > 150 > 200-day, 200-day rising); Quarterly profit growth >= 25%; Sales growth >= 20% or 2+ strong quarters; 3-year profit growth >= 15%/yr; ROE >= 20%; RS rating >= 80",6
CAPACITE,-0.1240185419474501,-0.2793513886493014,-0.014577534556776905,-0.7882098027280962,0.5871439936356404,0.0,0.0,-0.3477132865902688,2.4794648368032184,0.02191209045035562,0.03513979318268867,-0.1008924316301083,-0.033545508144003186,50196344.78,-15.244665374208532,6.714062712094471,0.8427721938590214,-0.44345940732953043,0.0,29.39829842220998,-1.6399999999999997,1.0,10.110005238344682,-0.8900000000000006,20638.0,True,True,5.057710501419111,Civil Construction,Industrials,89.0,103,"Uptrend (price > 50 > 150 > 200-day, 200-day rising); Within 15% of 52-week high; Quarterly profit growth >= 25%; Sales growth >= 20% or 2+ strong quarters; ROE >= 20%; RS rating >= 80; Net profit margin up vs a year ago",7
CAPILLARY,,,-0.026465220036503756,,0.7349646410914326,0.0,0.0,1.0256385329586026,0.4035144372065492,0.03516505536357162,0.0781824256598731,0.13624049907893343,-0.08342678185737404,144018713.775,300.0,42.66496192117406,245.62899335837403,,2.0,,8.49,1.0,5.078125,0.6899999999999977,20669.0,True,True,,Software Products,Information Technology,62.0,103,"Uptrend (price > 50 > 150 > 200-day, 200-day rising); Within 15% of 52-week high; 3-year profit growth >= 15%/yr; ROE >= 20%; RS rating >= 80",5
CAPLIPOINT,0.09615919664285777,0.39673032549462417,0.8169625750415124,0.9323268978959101,0.8962207357859531,1.0,1.0,1.011709210649863,0.7861069634175439,0.025418520033703637,0.0585380882692752,0.01581975217288467,-0.03777508330094747,279864531.70000005,18.776687751098486,19.62682764297754,-0.25685590986763884,5.938529719820584,0.0,19.743258301837653,-0.21000000000000085,1.0,19.287833827893174,-0.040000000000000924,20677.0,True,True,73.43046357615894,Pharmaceuticals,Healthcare,27.0,103,Quarterly profit growth >= 25%; Sales growth >= 20% or 2+ strong quarters; ROE >= 20%; RS rating >= 80; Net profit margin up vs a year ago,5
CARBORUNIV,0.1044504517789035,0.17186650722904662,0.2622950819672132,1.0959106952791593,0.9274600043830812,1.0,1.0,1.1854786411888538,1.255106722361252,0.024010211885214846,0.048794063079777183,0.1204521345601588,-0.06847733340963691,240688360.39999998,33.10786492014037,17.030893668684687,-48.29750617158261,0.380832209252888,2.0,-14.742321030053528,0.6799999999999997,1.0,4.3076923076923075,0.0,20654.0,True,True,75.39735099337749,Abrasives & Bearings,Industrials,47.0,103,3-year profit growth >= 15%/yr; ROE >= 20%; RS rating >= 80,3
CARERATING,-0.0021106600049473957,0.0959712599435465,0.14190227925940802,0.06333154465520821,0.8640914036996736,0.0,0.0,0.24302573595632246,1.2301036908026644,0.014477999039537726,0.017443221727932556,-0.05402684843582661,-0.012676616920400598,77295108.0,24.485006491354678,18.922372484293493,1.2471672107566825,1.2936081153162917,6.0,26.183663908352294,1.3200000000000003,1.0,18.669527896995707,0.35999999999999943,20672.0,True,True,44.48912015137181,Ratings,Financial Services,,103,"Uptrend (price > 50 > 150 > 200-day, 200-day rising); Quarterly profit growth >= 25%; ROE >= 20%; RS rating >= 80",4
CARRARO,0.03153213734090206,0.16050858509019772,0.15811734085240214,0.3287489189038746,0.7874316530596959,0.0,0.0,0.717552701685499,2.4329117812538423,0.01743047513523797,0.02640295258824632,-0.009635167419041246,-0.02436761564761219,54731503.900000006,7.693918917040232,10.498448055504817,-68.0000297218455,0.229579150955313,0.0,,-0.15000000000000036,1.0,23.1858407079646,-1.5299999999999976,20671.0,True,True,56.00946073793756,Auto Components & Equipments,Consumer Discretionary,19.0,103,"Uptrend (price > 50 > 150 > 200-day, 200-day rising); Within 15% of 52-week high; Quarterly profit growth >= 25%; Sales growth >= 20% or 2+ strong quarters; 3-year profit growth >= 15%/yr; RS rating >= 80; Net profit margin up vs a year ago",7
CARTRADE,0.09671504402958211,0.22928392424304667,0.764685067232838,0.3626408072661356,0.8848807172162285,0.0,0.0,0.20184164229480492,0.6421307258992665,0.029066016010129123,0.05989600693287134,-0.005601580819247554,-0.020331922413867675,818095132.4,25.524980623317294,16.250577901063345,-28.151602746742444,1.4167557893217626,17.0,72.66791952398988,2.1700000000000017,1.0,9.822866344605476,-2.219999999999999,20663.0,True,True,73.61778618732261,E-Retail/ E-Commerce,Consumer Discretionary,36.0,103,"Uptrend (price > 50 > 150 > 200-day, 200-day rising); ROE >= 20%; RS rating >= 80",3
CARYSIL,0.049021957333939624,0.4303374953640746,0.4496930209246961,0.6239715564207776,0.8065422749629165,0.0,0.0,-0.05613612269246543,3.146159970903658,0.020701115491164875,0.02190476190476187,-0.0920388390471637,-0.03438247083144456,82727461.39999999,39.97866944099868,15.485263668002979,-5.402665432381951,2.024252025312793,5.0,33.57624304412907,2.1400000000000006,1.0,16.25615763546798,0.20999999999999908,20675.0,True,True,60.69252601702933,Household Appliances,Consumer Discretionary,98.0,103,"Uptrend (price > 50 > 150 > 200-day, 200-day rising); Within 15% of 52-week high; ROE >= 20%; RS rating >= 80",4
CASTROLIND,0.023045986859840717,-0.047322158626328825,0.047774280575539674,0.1575450683697254,0.9662162162162162,0.0,0.0,0.5840178451054989,1.910256354106804,0.010239739702396226,0.035266940451745166,0.05269910578416592,-0.02249061826136993,395822145.15,42.517598643743156,25.028894396825297,38.81439117317879,8.894859744400753,1.0,10.093603053093014,2.2799999999999976,1.0,49.973698053655966,-0.879999999999999,20679.0,True,True,53.29328287606433,Lubricants,Energy,5.0,103,"Uptrend (price > 50 > 150 > 200-day, 200-day rising); 3-year profit growth >= 15%/yr; RS rating >= 80",3
CCL,0.01591752941482558,0.24534667941292243,0.013083257090576339,0.5838830521076515,0.8492191273546933,0.0,0.0,-0.26084363654850473,2.4788786722009575,0.01407934792921929,0.0363903874448257,-0.04150016264240275,-0.01716963493689201,163377756.75,61.45930513682272,13.717744685688293,49.09792444743988,3.01901322888302,1.0,16.027390663927555,2.88,1.0,16.545842217484008,0.5,20661.0,True,True,50.48344370860928,Tea & Coffee,Fast Moving Consumer Goods,46.0,103,"Uptrend (price > 50 > 150 > 200-day, 200-day rising); Within 15% of 52-week high; Sales growth >= 20% or 2+ strong quarters; ROE >= 20%; RS rating >= 80",5
CDSL,-0.03826846492411928,-0.050214621516658786,0.1750821883166147,-0.4409441344710802,0.7548545139511262,0.0,0.0,0.07527402615234866,1.145533290113753,0.015054496448491762,0.03879907621247125,-0.06162914371616823,-0.03608871599913222,1372531046.6999998,14.905831711803085,13.104620615051775,35.41972221304922,0.41265325065677544,0.0,17.21562225020026,0.6299999999999955,1.0,23.214285714285715,-2.3500000000000014,20644.0,True,True,31.095553453169348,"Depositories, Clearing Houses and Other Intermediaries",Financial Services,87.0,103,"Uptrend (price > 50 > 150 > 200-day, 200-day rising); Within 15% of 52-week high; Quarterly profit growth >= 25%; Sales growth >= 20% or 2+ strong quarters; RS rating >= 80",5
CEATLTD,-0.02765827084878428,-0.024768348286512643,-0.015734940474423253,-0.05508675841966137,0.7500450653447498,0.0,0.0,0.38510732077437754,0.7196226604015962,0.01798310746932704,0.03796587608906088,-0.038630937905961726,-0.02139374234363203,186058765.9,-96.60117754478763,22.35760838764522,-196.5669182552731,-1.3801051798694741,0.0,23.505954156861808,-3.1500000000000004,1.0,13.812921125644074,-1.4399999999999977,20650.0,True,True,35.12298959318827,Tyres & Rubber Products,Consumer Discretionary,76.0,103,"Uptrend (price > 50 > 150 > 200-day, 200-day rising); Within 15% of 52-week high; Quarterly profit growth >= 25%; ROE >= 20%; RS rating >= 80; Net profit margin up vs a year ago",6
CEIGALL,0.08206095711375597,0.3257676902536717,0.2585551330798481,1.4257025770697758,0.9272861720483115,0.0,1.0,0.9950592541225085,0.875870303193029,0.017889574918329987,0.04075323215289495,0.07293505634192443,-0.012414783361174027,115772846.30000001,27.195764831414238,15.683981960915316,-51.02017740878597,0.4570656173327461,2.0,,0.6100000000000003,1.0,14.452759588400374,-0.9800000000000004,20673.0,True,True,69.77767265846735,Civil Construction,Industrials,89.0,103,3-year profit growth >= 15%/yr; ROE >= 20%; RS rating >= 80,3
CELLO,-0.07631379711199704,-0.39373345101500445,-0.15103201087628237,-1.0007266633067418,0.5478628673196795,0.0,0.0,1.4533080221063261,13.535539687769857,0.029686089164858355,0.0855756506396117,0.060650900324961565,-0.03371199977663795,77447036.125,-8.985862549934753,-0.43288406646376787,-2.7206777125547417,-0.9176725241902146,0.0,,-1.3100000000000005,1.0,12.291743798593114,0.120000000000001,20655.0,True,True,15.922421948912016,Houseware,Consumer Discretionary,,103,"Uptrend (price > 50 > 150 > 200-day, 200-day rising); Within 15% of 52-week high; Quarterly profit growth >= 25%; Sales growth >= 20% or 2+ strong quarters; 3-year profit growth >= 15%/yr; ROE >= 20%; RS rating >= 80; Net profit margin up vs a year ago",8
CEMPRO,0.1969302620196192,0.6180910792264505,1.4045610457031614,0.8508846227912829,0.7032500606354596,0.0,0.0,-0.15272768189203895,0.6301887851892515,0.02359275275172444,0.04998010346199755,-0.08744708640848509,-0.04248757645379981,342501984.95,2.637256109940611,5.609377425865558,-110.71186501631297,0.09620949336581777,0.0,59.97751643500704,-0.15000000000000036,1.0,24.92705293872447,0.8699999999999992,20662.0,True,True,88.4162724692526,Civil Construction,Industrials,89.0,103,"Uptrend (price > 50 > 150 > 200-day, 200-day rising); Within 15% of 52-week high; Quarterly profit growth >= 25%; Sales growth >= 20% or 2+ strong quarters; Net profit margin up vs a year ago",5
CENTRALBK,-0.04677149293313856,-0.15023474178403762,-0.07569840793030935,-0.5867550609414312,0.737781036168133,0.0,0.0,0.28067983346161757,1.0525509876466985,0.011395701369162488,0.043749999999999956,-0.023722981800307852,-0.019919111858654425,144449922.07999998,7.950456485629931,12.785241981682361,40.39237562589648,0.40033016611919825,0.0,33.71503657544965,-0.6100000000000012,1.0,11.617650829465912,6.309999999999999,20644.0,True,True,27.630085146641438,Public Sector Bank,Financial Services,52.0,103,"Uptrend (price > 50 > 150 > 200-day, 200-day rising); Within 15% of 52-week high; Quarterly profit growth >= 25%; Sales growth >= 20% or 2+ strong quarters; ROE >= 20%; RS rating >= 80; Net profit margin up vs a year ago",7
CENTUM,0.17288530775792557,0.4424156766874212,0.33125330512956097,1.3932507249942214,0.8902890289028903,1.0,1.0,0.4540205822780395,5.425364416794144,0.03635032848630898,0.16181350038489084,0.1277702075087046,-0.06003091935893621,192398904.75,-36.85462738198636,14.350529322802895,-52.915446133293855,-0.4393723673255087,0.0,101.3944842226917,-4.460000000000001,1.0,-15.160349854227405,-0.9000000000000021,20661.0,True,True,85.5127719962157,Aerospace & Defense,Industrials,20.0,103,Quarterly profit growth >= 25%; Sales growth >= 20% or 2+ strong quarters; ROE >= 20%; Net profit margin up vs a year ago,4
CENTURYPLY,-0.052845578140805864,-0.06215184327470735,0.0368115139773042,-0.5265174035254403,0.7914435389988359,0.0,0.0,-0.5285793960729948,5.783498955559096,0.014152367473168916,0.02533834586466166,-0.08289615149581597,-0.028260011841716993,37935638.325,57.39953071063497,33.52432099610046,7.914483464328349,0.9162449391983611,2.0,-7.006809851850548,0.8099999999999996,1.0,10.268199233716475,-3.552713678800501e-15,20665.0,True,True,25.288552507095556,Plywood Boards/ Laminates,Consumer Discretionary,59.0,103,"Uptrend (price > 50 > 150 > 200-day, 200-day rising); Within 15% of 52-week high; 3-year profit growth >= 15%/yr; ROE >= 20%; RS rating >= 80",5
CERA,-0.05771410233893927,-0.0802653936402622,0.2151241100634982,-0.6029021025052176,0.7600148367952523,0.0,0.0,-0.6383359380522868,2.5419612714185615,0.014075602165155843,0.018298583619248632,-0.1076468005936827,-0.04447307911844999,33344118.0,-0.8685975973727555,5.360485138878501,-16.3963255745058,-0.0430143993147808,0.0,10.488371826783549,-0.6999999999999993,1.0,18.403547671840354,1.110000000000003,20306.0,True,True,23.32166508987701,Sanitary Ware,Consumer Discretionary,,103,"Uptrend (price > 50 > 150 > 200-day, 200-day rising); Within 15% of 52-week high; Quarterly profit growth >= 25%; Sales growth >= 20% or 2+ strong quarters; 3-year profit growth >= 15%/yr; ROE >= 20%; RS rating >= 80; Net profit margin up vs a year ago",8
CESC,-0.07233106936925808,-0.0953225313359829,-0.0345187601957585,-0.6325850095184562,0.657359413202934,0.0,0.0,-0.3122780309312975,2.432441871133202,0.013664604445932907,0.02478603218075981,-0.11318135879905111,-0.030476787063326308,212560585.18,3.676093295470473,5.440215301807005,-15.59096595679863,0.39148402600056276,0.0,3.5556015535898933,-0.1299999999999999,1.0,12.913008778930566,-0.2499999999999929,20678.0,True,True,17.608325449385053,Integrated Power Utilities,Utilities,71.0,103,"Uptrend (price > 50 > 150 > 200-day, 200-day rising); Within 15% of 52-week high; Quarterly profit growth >= 25%; Sales growth >= 20% or 2+ strong quarters; 3-year profit growth >= 15%/yr; ROE >= 20%; RS rating >= 80; Net profit margin up vs a year ago",8
CGCL,0.0805599636344354,0.46658749865054516,0.6334996693320505,0.9484635826108225,0.8588624108540616,0.0,0.0,0.4897180530176935,0.9935055405990598,0.026349872106613118,0.031637125976748504,-0.000803792801157166,-0.03637673002737181,719031246.395,102.13307589390178,57.05433461515472,43.04772001315039,3.9665122267852233,8.0,71.85665811346152,5.0,1.0,13.175065944745246,0.9200000000000017,20661.0,True,True,69.40302743614001,Non Banking Financial Company (NBFC),Financial Services,37.0,103,"Uptrend (price > 50 > 150 > 200-day, 200-day rising); ROE >= 20%; RS rating >= 80",3
CGPOWER,0.05399829376967824,0.21044089802542598,0.3160797000220572,0.6794772696372706,0.929758385156489,0.0,1.0,0.28018033001228665,1.5657312380952084,0.021391457133938162,0.033662019721183434,0.03502516064453021,-0.02134019823974629,1974666850.0,15.592821588436534,13.994197460085811,-16.214828370809343,1.454229317985607,0.0,15.076519346393846,0.13000000000000078,1.0,15.043914680050188,0.1600000000000037,20636.0,True,True,62.47209082308421,Heavy Electrical Equipment,Industrials,35.0,103,Quarterly profit growth >= 25%; Sales growth >= 20% or 2+ strong quarters; ROE >= 20%; RS rating >= 80,4
CHALET,-0.02596868934075483,-0.06864282726892512,0.2227179135209334,-0.5104863459364832,0.8239677744209467,0.0,0.0,0.16141502407517308,5.666454329782527,0.016293658328961638,0.02772171435355575,-0.048226155052357944,-0.026506909186798166,93564463.625,-54.459801969758615,-42.73433569951373,-86.05649106975251,-0.8259622556702977,0.0,37.02179689720517,-4.650000000000002,1.0,17.441860465116278,-0.030000000000001137,20663.0,True,True,35.778618732261116,Hotels & Resorts,Consumer Discretionary,66.0,103,"Uptrend (price > 50 > 150 > 200-day, 200-day rising); Within 15% of 52-week high; Quarterly profit growth >= 25%; Sales growth >= 20% or 2+ strong quarters; ROE >= 20%; RS rating >= 80; Net profit margin up vs a year ago",7
CHAMBLFERT,-0.07247813744675705,-0.19511256494131235,-0.07537577365163561,-0.8404870459287634,0.7712679813279985,0.0,0.0,-0.38896139337794544,1.3094364651145587,0.011567851233457263,0.01810865191146882,-0.05294212606070248,-0.01758819839224736,175231979.55,-4.531669846672304,-11.769671844861252,-34.512983775583535,-0.5872791745432271,0.0,23.24579966798648,0.7899999999999991,1.0,18.764411990776324,-0.240000000000002,20664.0,True,True,17.514664143803216,Fertilizers,Commodities,68.0,103,"Uptrend (price > 50 > 150 > 200-day, 200-day rising); Within 15% of 52-week high; Quarterly profit growth >= 25%; Sales growth >= 20% or 2+ strong quarters; ROE >= 20%; RS rating >= 80",6
CHEMPLASTS,-0.10481649946860004,-0.6007887189292542,-0.3484298810220402,-0.9611624176518486,0.4984943687018376,0.0,0.0,1.4114750986087703,1.1854523502636318,0.03189885907746239,0.0965943588894409,0.14084410742948683,-0.0667096752619417,50246838.665,100.0,2.251113737612509,-200.0,-1.2990366387036933,1.0,,-9.77,0.0,-15.954415954415953,-2.3699999999999974,20649.0,True,True,8.804162724692526,Specialty Chemicals,Commodities,38.0,103,"Uptrend (price > 50 > 150 > 200-day, 200-day rising); Within 15% of 52-week high; Sales growth >= 20% or 2+ strong quarters; 3-year profit growth >= 15%/yr; ROE >= 20%; RS rating >= 80; Net profit margin up vs a year ago",7
CHENNPETRO,0.19670721751393747,0.8934911242603549,0.3950108985226448,1.617712936493019,0.837973174366617,0.0,1.0,0.8322567768598186,1.2662408844870656,0.03629816606480838,0.10056249142543572,0.018099383650440615,-0.02395284999039855,2107994083.6,100.0,84.77481108516409,-102.8849186986657,1.0446747618725185,4.0,34.11614606194724,4.04,1.0,27.93230713835629,1.290000000000001,20657.0,True,True,88.22894985808892,Refineries & Marketing,Energy,44.0,103,Within 15% of 52-week high,1
CHOICEIN,-0.021573510924387553,-0.044751072161103855,0.21139749349728065,-0.29984994712247104,0.8450319581638582,0.0,0.0,0.07689364243413993,1.9209982039080788,0.013119315927043903,0.035027100271002753,-0.0682402086096322,-0.02426186377817131,290075881.5,26.29259944655864,32.03904185491433,-0.49657256962540686,1.0427169347916883,6.0,50.40317711078293,-0.8900000000000006,1.0,14.23444976076555,-1.3800000000000008,20675.0,True,True,37.27719962157048,Holding Company,Financial Services,69.0,103,"Uptrend (price > 50 > 150 > 200-day, 200-day rising); Within 15% of 52-week high; ROE >= 20%; RS rating >= 80; Net profit margin up vs a year ago",5
CHOLAFIN,-0.002822861523211855,0.17797311930696202,0.36348890363488895,0.07877801316539072,0.8250960307298335,0.0,0.0,-0.3108823315062542,1.2966228256706223,0.017511115842998883,0.020119013884953185,-0.1101954697847568,-0.04940827919870483,2195391872.7,45.531990836260825,21.87331425111467,14.913254809711194,7.824593015040451,2.0,26.915380395833786,3.039999999999999,1.0,17.181036180970516,0.29999999999999716,20642.0,True,True,44.2081362346263,Non Banking Financial Company (NBFC),Financial Services,37.0,103,"Uptrend (price > 50 > 150 > 200-day, 200-day rising); Within 15% of 52-week high; ROE >= 20%; RS rating >= 80",4
CHOLAHLDNG,-0.06984852115989598,-0.18308327897368992,0.07581072374543618,-0.6173796510603096,0.6902131782945736,0.0,0.0,-0.1682930987447862,2.539144746801126,0.015132255961138224,0.025408878504673105,-0.060301394838319755,-0.03706857864431559,216045210.3,42.04603168927632,19.54805772606796,22.70209676739383,4.868788128324618,1.0,25.829591397697428,2.5500000000000007,1.0,35.49242914455804,-0.00999999999999801,20657.0,True,True,19.575212866603593,Investment Company,Financial Services,96.0,103,"Uptrend (price > 50 > 150 > 200-day, 200-day rising); Within 15% of 52-week high; Sales growth >= 20% or 2+ strong quarters; RS rating >= 80",4
CIEINDIA,-0.04947244124201745,-0.07925659472422064,-0.15818899364174532,-0.2957889214623831,0.720532319391635,0.0,0.0,0.020003305393166835,0.602704469609136,0.018667096747616123,0.026343799893560282,-0.042053594447449494,-0.0169608681664076,101975231.6,15.523304468009336,10.618404390038005,-4.989038890749953,1.5116580419209835,0.0,6.23051039270055,0.379999999999999,1.0,11.100683737766456,-0.45000000000000284,20656.0,True,True,27.068117313150427,Auto Components & Equipments,Consumer Discretionary,19.0,103,"Uptrend (price > 50 > 150 > 200-day, 200-day rising); Within 15% of 52-week high; Quarterly profit growth >= 25%; Sales growth >= 20% or 2+ strong quarters; 3-year profit growth >= 15%/yr; ROE >= 20%; RS rating >= 80",7
CIPLA,-0.02837392079272791,-0.069827931172469,0.1696578329419658,-0.5079005133182941,0.8010759115361626,0.0,0.0,-0.32935617081381463,1.3996797301461117,0.00980117909120886,0.013475699558173737,-0.05127718676290283,-0.016794234120131035,1209223871.6,-39.18898221673227,2.3257017277832137,16.144677900959323,-1.2195009890332347,0.0,3.3395531019956737,-7.529999999999999,1.0,11.216310408921933,0.28999999999999204,20657.0,True,True,34.65468306527909,Pharmaceuticals,Healthcare,27.0,103,"Uptrend (price > 50 > 150 > 200-day, 200-day rising); Within 15% of 52-week high; Quarterly profit growth >= 25%; Sales growth >= 20% or 2+ strong quarters; 3-year profit growth >= 15%/yr; ROE >= 20%; RS rating >= 80; Net profit margin up vs a year ago",8
CLEAN,-0.04279852882210527,-0.2253655435473616,0.20083063494298203,-0.7845015713330524,0.7362701252236136,0.0,0.0,0.8437625903030038,0.9137149979460214,0.018507659710062588,0.029194798699675006,0.015591360039875823,-0.025888746481753915,230393262.05,4.701039326157397,10.524148721538262,26.05150349279528,0.31641508577477173,0.0,-7.166381959582613,-1.5200000000000031,1.0,14.520202020202019,-0.9200000000000017,20666.0,True,True,29.128666035950808,Specialty Chemicals,Commodities,38.0,103,"Uptrend (price > 50 > 150 > 200-day, 200-day rising); Within 15% of 52-week high; Quarterly profit growth >= 25%; Sales growth >= 20% or 2+ strong quarters; 3-year profit growth >= 15%/yr; ROE >= 20%; RS rating >= 80; Net profit margin up vs a year ago",8
CMSINFO,-0.13561683492814516,-0.3556315789473684,-0.12954141485958048,-1.476918734815779,0.5602593440122043,0.0,0.0,-0.05818899131338357,1.1177640045306938,0.019990078817032964,0.04252837468036419,-0.107363491632672,-0.02555891602249986,153932833.52999997,-10.635784126862568,1.1619196378763519,9.765827993299027,-0.6852208880504248,0.0,-1.3584882915242957,-1.7400000000000002,1.0,12.453760789149198,-1.4399999999999977,20675.0,True,True,3.465468306527909,Diversified Commercial Services,Services,63.0,103,"Uptrend (price > 50 > 150 > 200-day, 200-day rising); Within 15% of 52-week high; Quarterly profit growth >= 25%; Sales growth >= 20% or 2+ strong quarters; 3-year profit growth >= 15%/yr; ROE >= 20%; RS rating >= 80; Net profit margin up vs a year ago",8
CNL,0.19771917160515115,0.9167565901032835,1.0869419268210812,1.5080541075959524,0.8057228915662651,0.0,0.0,1.5388448577276552,0.15545932520667655,0.03531547634553673,0.044675132078969115,-0.06094386550609865,-0.024763348853158586,32184918.25,32.99869607539938,20.822759110750155,3.3180945776944526,0.8024574854127582,4.0,36.21771768570643,0.2599999999999998,1.0,19.230769230769234,0.25,20669.0,True,True,88.6972563859981,Trading & Distributors,Services,9.0,103,"Uptrend (price > 50 > 150 > 200-day, 200-day rising); Within 15% of 52-week high; ROE >= 20%",3
COALINDIA,0.005140196490485935,0.07940382885776698,-0.06520529653944585,0.24411105463825547,0.8379643765903307,0.0,0.0,0.6282483203896324,0.8905996294827013,0.012501660383354199,0.03207137689896311,-0.00795037462435133,-0.013048929777231308,2557071582.0,0.6677140744993038,7.77181308132493,-13.03345494474435,0.040076311285566206,0.0,0.051267049199599235,-1.3500000000000014,1.0,26.087723128075098,1.4299999999999997,20661.0,True,True,46.64333017975402,Coal,Energy,,103,"Uptrend (price > 50 > 150 > 200-day, 200-day rising); Within 15% of 52-week high; Quarterly profit growth >= 25%; Sales growth >= 20% or 2+ strong quarters; 3-year profit growth >= 15%/yr; RS rating >= 80; Net profit margin up vs a year ago",7
COCHINSHIP,-0.0902079256902906,-0.20675488208302206,0.1310003803727653,-0.8459418940427813,0.6642831234779004,0.0,0.0,-0.06640618706353425,1.3772893156555701,0.020778852882789665,0.04774038821854165,-0.10888804241748518,-0.03096455613424648,1128463470.35,-19.386682679602195,2.397551914204721,-15.66849130488741,-0.7076496224571143,0.0,28.665179535629413,-3.7399999999999984,1.0,12.208411374084795,0.6399999999999988,20679.0,True,True,11.894985808893093,Ship Building & Allied Services,Industrials,,103,"Uptrend (price > 50 > 150 > 200-day, 200-day rising); Within 15% of 52-week high; Quarterly profit growth >= 25%; Sales growth >= 20% or 2+ strong quarters; ROE >= 20%; RS rating >= 80; Net profit margin up vs a year ago",7
COFORGE,0.0996673847438265,0.2816379590510236,0.6250206032635568,0.523445365408615,0.915149416188403,0.0,0.0,0.5267781390427656,1.299046768407298,0.02332746065273932,0.04396546795494838,0.01351425396540118,-0.02002444922945031,3648901589.15,79.41083890182135,49.219846668826264,-52.755250732422425,1.9162798142916513,6.0,38.78076079990278,1.7400000000000002,1.0,18.29715843556674,-19.91000000000001,20661.0,True,True,74.6480605487228,Computers - Software & Consulting,Information Technology,94.0,103,"Uptrend (price > 50 > 150 > 200-day, 200-day rising); ROE >= 20%; RS rating >= 80",3
COHANCE,-0.06095624929800823,-0.46986080754630155,0.49991863303498785,-0.9393597419070515,0.49790270741406545,0.0,0.0,1.112607959271741,1.2659619887847946,0.021057159383982824,0.05125570776255706,0.02281984941943227,-0.024352117540090937,275843465.7,-100.0,-23.12901640239573,-4.956104884324958,-1.0945364043744523,0.0,-47.906543762851825,-20.189999999999998,0.0,3.83533623114293,-0.7899999999999991,20670.0,True,True,22.759697256385998,Pharmaceuticals,Healthcare,27.0,103,"Uptrend (price > 50 > 150 > 200-day, 200-day rising); Within 15% of 52-week high; Quarterly profit growth >= 25%; Sales growth >= 20% or 2+ strong quarters; 3-year profit growth >= 15%/yr; ROE >= 20%; RS rating >= 80; Net profit margin up vs a year ago",8
COLPAL,-0.06166534935627213,-0.16827766038753778,0.011205247335337454,-0.7575495144235945,0.7765998540709902,0.0,0.0,-0.13791853076421562,1.312417942260246,0.016134676983331972,0.04211269901646464,-0.05244691157602566,-0.028648496912007493,652944316.7,7.751405949861212,11.801458795308427,4.736049559030042,0.518032684350751,0.0,6.702574850878817,-0.8099999999999987,1.0,83.6489898989899,0.28999999999999915,20679.0,True,True,22.385052034058656,Personal Care,Fast Moving Consumer Goods,70.0,103,"Uptrend (price > 50 > 150 > 200-day, 200-day rising); Within 15% of 52-week high; Quarterly profit growth >= 25%; Sales growth >= 20% or 2+ strong quarters; 3-year profit growth >= 15%/yr; RS rating >= 80; Net profit margin up vs a year ago",7
COMSYN,0.1984046672458407,0.9596038065643813,0.9766226981846677,1.38936450801429,0.8338617628408371,0.0,0.0,0.5760759839029103,1.2700220546555714,0.04423660302895612,0.046245733788395915,-0.029175670477859628,-0.06389770189775348,133092088.60000001,60.89421139553044,20.57231245166278,82.36749830904643,1.368789340178176,1.0,65.44395332637636,2.05,1.0,14.689265536723164,-0.2,20673.0,True,True,88.79091769157995,Packaging,Industrials,34.0,103,"Uptrend (price > 50 > 150 > 200-day, 200-day rising); Within 15% of 52-week high; ROE >= 20%",3
CONCOR,-0.04044971470325014,-0.03039253048780477,0.15845190665907793,-0.5488748665707223,0.8004488330341114,0.0,0.0,0.4128730589014982,1.0019381550843314,0.020787374721834298,0.033596230666803395,-0.10734307177294056,-0.04628173439033588,551184043.0,0.6078738570217901,0.2846357080835693,12.839607879558624,0.06119122754612919,0.0,3.6041596650627117,0.03999999999999915,1.0,9.626825310978909,-0.39000000000000057,20658.0,True,True,30.065279091769156,Logistics Solution Provider,Services,67.0,103,"Uptrend (price > 50 > 150 > 200-day, 200-day rising); Within 15% of 52-week high; Quarterly profit growth >= 25%; Sales growth >= 20% or 2+ strong quarters; 3-year profit growth >= 15%/yr; ROE >= 20%; RS rating >= 80",7
CONCORDBIO,0.002738451491830579,-0.07518845023636134,0.41225246317432473,-0.30899740602065906,0.8208203406092588,0.0,0.0,0.4873772880892982,0.8741698273948543,0.024474289860139362,0.056879014989293264,-0.05599348961027317,-0.05204262417955265,192024761.64999998,30.960279915682133,26.22677582234423,67.95012672406816,0.4606071595766619,1.0,3.913242314850973,0.8099999999999987,1.0,12.840852751611303,-0.11000000000000298,20644.0,True,True,45.8003784295175,Pharmaceuticals,Healthcare,27.0,103,"Uptrend (price > 50 > 150 > 200-day, 200-day rising); Within 15% of 52-week high; 3-year profit growth >= 15%/yr; ROE >= 20%; RS rating >= 80",5
CONFIPET,0.21103544370291324,0.8523076923076924,0.6087039511357129,1.4529611883535094,0.9299356223175965,0.0,1.0,0.47505701807335016,0.7517062976037088,0.03155718626978619,0.09904230815856474,0.05995788052451223,-0.019197799447818575,228558982.18,206.06009125042962,116.59637226953481,179.9543826843641,4.3131874585407814,2.0,9.316722698899337,0.76,1.0,6.840620592383639,0.51,20676.0,True,True,89.82119205298012,LPG/CNG/PNG/LNG Supplier,Energy,72.0,103,3-year profit growth >= 15%/yr; ROE >= 20%,2
COROMANDEL,-0.061764560388971074,-0.1167970000457309,0.028217004738327223,-0.6060714193815048,0.7156062424969988,0.0,0.0,-0.24495425065010368,4.268523827349448,0.015087571258295103,0.03611773240750349,-0.09396921836035932,-0.04666242653203711,199998617.55,-23.95576063074387,15.938968802805897,26.638385972743333,-0.6944737688004552,0.0,-3.3418369857805885,-2.45,1.0,15.113871635610765,0.21000000000000085,20637.0,True,True,22.291390728476824,Fertilizers,Commodities,68.0,103,"Uptrend (price > 50 > 150 > 200-day, 200-day rising); Within 15% of 52-week high; Quarterly profit growth >= 25%; Sales growth >= 20% or 2+ strong quarters; 3-year profit growth >= 15%/yr; ROE >= 20%; RS rating >= 80; Net profit margin up vs a year ago",8
CORONA,,,0.41929028815368197,,0.8891554702495201,0.0,0.0,1.1431661456734992,1.5434493472501822,0.017042858664262802,0.049684693292566307,-0.035681168745150704,-0.03282280701597468,46650331.1,30.129611383627353,21.899347838633343,-13.603557649733734,,8.0,,0.9000000000000004,1.0,24.765729585006692,7.260000000000002,20665.0,True,True,,Pharmaceuticals,Healthcare,27.0,103,"Uptrend (price > 50 > 150 > 200-day, 200-day rising); 3-year profit growth >= 15%/yr; RS rating >= 80",3
COSMOFIRST,0.0071272373685196955,0.10651444712528679,0.5272092267706301,-0.06082734849525063,0.8324799196787148,0.0,0.0,0.6245659127638585,0.3960488988905448,0.01793399738462461,0.019388169733557614,-0.07751479158276053,-0.022619110676572952,51980520.375,25.30172375998585,45.6870367361224,-28.13173397722861,1.3005718273351694,2.0,1.3878450769107875,-0.75,1.0,9.653465346534654,0.6299999999999999,20648.0,True,True,47.48628192999054,Packaging,Industrials,34.0,103,"Uptrend (price > 50 > 150 > 200-day, 200-day rising); Within 15% of 52-week high; 3-year profit growth >= 15%/yr; ROE >= 20%; RS rating >= 80; Net profit margin up vs a year ago",6
CPPLUS,0.32156469615995636,1.9897983581732683,1.084518781951545,4.9581991418751405,0.9491752011267875,1.0,1.0,-0.16997859160758888,1.6566450796489376,0.0283921940747662,0.04997944923962194,0.09780698145600808,-0.048937003292713575,785945728.95,300.0,89.50597265012703,92.2031365688218,2.540755154654762,9.0,,5.7,1.0,19.605753862546617,-0.509999999999998,20648.0,True,True,95.25354777672658,Industrial Products,Industrials,11.0,103,3-year profit growth >= 15%/yr; ROE >= 20%,2
CRAFTSMAN,0.12380827894717861,0.6549893059960175,0.6526734423331861,1.4547882943517785,0.8624052004333694,0.0,0.0,0.6485212022577596,0.9970070976239279,0.02035893876197694,0.035069261792039175,-0.030598718644112233,-0.029768975855676602,427508030.0,98.98415951011081,36.29932735426009,42.495547294571104,1.521285981817302,5.0,19.418548555265012,1.9500000000000002,1.0,11.76470588235294,6.700000000000003,20663.0,True,True,79.51844843897824,Auto Components & Equipments,Consumer Discretionary,19.0,103,"Uptrend (price > 50 > 150 > 200-day, 200-day rising); ROE >= 20%; RS rating >= 80",3
CRAMC,,,0.08505032180035421,,0.636332767402377,0.0,0.0,-0.7074943064395038,1.3393310347074807,0.017618779944994563,0.025377379129293276,-0.09258842299712144,-0.022361383200459935,66314258.6,23.98043361588933,20.07103328652846,24.872972052358943,,1.0,,1.6400000000000006,1.0,27.38255033557047,-1.2700000000000014,20679.0,True,True,,Asset Management Company,Financial Services,73.0,103,"Uptrend (price > 50 > 150 > 200-day, 200-day rising); Within 15% of 52-week high; Quarterly profit growth >= 25%; 3-year profit growth >= 15%/yr; RS rating >= 80",5
CREDITACC,-0.041285337548045725,0.04348457350272228,0.2203073265981832,-0.20365008963452855,0.7746634026927784,0.0,0.0,0.2872591668254009,1.1732058483707484,0.019126890693407183,0.04579462303707982,-0.1212529330908183,-0.05343696352670225,326010604.0,300.0,21.91552338179903,0.0,1.44799394106614,3.0,5.302519612744927,23.55,1.0,9.920938536087732,0.6199999999999974,20658.0,True,True,29.690633869441818,Microfinance Institutions,Financial Services,54.0,103,"Uptrend (price > 50 > 150 > 200-day, 200-day rising); Within 15% of 52-week high; 3-year profit growth >= 15%/yr; ROE >= 20%; RS rating >= 80",5
CRISIL,0.03065813799571184,0.030126609674277605,0.28435737607598677,-0.07708771950201443,0.8930679776501018,0.0,0.0,0.8339255004629524,0.611241902662082,0.016676287612681095,0.02889380530973451,-0.008918919037354311,-0.014112695528509684,164217917.2,26.184925881018508,27.563996109226373,-19.691284158779297,2.0984610666983006,2.0,13.659843928140635,-0.22000000000000242,1.0,25.25552258489944,-0.46000000000000085,20655.0,True,True,55.54115421002839,Other Financial Services,Financial Services,,103,"Uptrend (price > 50 > 150 > 200-day, 200-day rising); 3-year profit growth >= 15%/yr; RS rating >= 80; Net profit margin up vs a year ago",4
CRIZAC,-0.13018503112953084,-0.45964035964035965,-0.16135200785570314,-1.0214618702455538,0.5070570570570571,0.0,0.0,0.4657578704101478,1.264545033510054,0.022145399130420917,0.06037619488128265,-0.05001367170137849,-0.03298238173636149,36416784.480000004,0.812678510440823,-3.9753746301422144,-48.40884931982661,0.013780742565135926,0.0,,1.0899999999999999,1.0,37.43589743589744,-0.9499999999999993,20668.0,True,True,4.4957426679280985,Internet & Catalogue Retail,Consumer Discretionary,95.0,103,"Uptrend (price > 50 > 150 > 200-day, 200-day rising); Within 15% of 52-week high; Quarterly profit growth >= 25%; Sales growth >= 20% or 2+ strong quarters; 3-year profit growth >= 15%/yr; RS rating >= 80",6
CROMPTON,-0.09632220784349176,-0.22587149692412856,-0.02328489500237163,-0.9224012636283134,0.6827053140096618,0.0,0.0,-0.7210024659791113,1.668556613223459,0.01922388229219257,0.04341391218549595,-0.10625444806848439,-0.03498621484138317,568911208.2,15.088605641537356,11.841591689268306,46.32434913100232,0.5227091919731959,0.0,-0.4454084485224663,0.17999999999999972,1.0,-7.785642062689585,-0.25,20644.0,True,True,10.021759697256385,Household Appliances,Consumer Discretionary,98.0,103,"Uptrend (price > 50 > 150 > 200-day, 200-day rising); Within 15% of 52-week high; Quarterly profit growth >= 25%; Sales growth >= 20% or 2+ strong quarters; 3-year profit growth >= 15%/yr; ROE >= 20%; RS rating >= 80",7
CSBBANK,-0.050539054538212363,-0.09898793844447518,-0.11949600325159193,-0.32830611729609066,0.5324686629526463,0.0,0.0,0.2300750801400111,0.934100984530881,0.023365053368764425,0.10933018390416738,-0.05987188314562519,-0.04543353974007387,139834776.85000002,26.600565474580407,23.668991488462332,20.75478673136608,1.8659929431681566,1.0,5.569210364826516,0.2699999999999996,1.0,12.931562819203268,-0.35999999999999943,20679.0,True,True,26.31882686849574,Private Sector Bank,Financial Services,25.0,103,"Uptrend (price > 50 > 150 > 200-day, 200-day rising); Within 15% of 52-week high; 3-year profit growth >= 15%/yr; ROE >= 20%; RS rating >= 80",5
CUB,0.09291562276013324,0.501056811631333,0.29609556464992814,1.1030522222246044,0.8991360257183042,0.0,0.0,0.3600227957774089,2.5768668478012113,0.024493187027397327,0.051835652133451315,0.005310736494015034,-0.026445644630992998,505896494.035,25.012321395327675,23.649966050593974,0.1437299066231006,4.13425352523081,2.0,14.299704697019177,0.21000000000000085,1.0,12.550875532418363,-0.6099999999999923,20679.0,True,True,72.21286660359509,Private Sector Bank,Financial Services,25.0,103,"Uptrend (price > 50 > 150 > 200-day, 200-day rising); 3-year profit growth >= 15%/yr; ROE >= 20%; RS rating >= 80",4
CUMMINSIND,0.029218505107199234,0.2845779714256764,0.09135908748520394,0.8564699640342569,0.8063934426229509,0.0,0.0,-0.64283150127739,1.9202196211113254,0.013713970892628066,0.025892857142857162,-0.049614783890245984,-0.019910113067600276,1984095580.5,2.523010835264783,17.861099070461872,-15.500596513695774,0.2505950525523088,0.0,20.799450238082116,-2.66,1.0,27.870206489675514,0.04999999999999716,20645.0,True,True,55.0728476821192,"Compressors, Pumps & Diesel Engines",Industrials,56.0,103,"Uptrend (price > 50 > 150 > 200-day, 200-day rising); Within 15% of 52-week high; Quarterly profit growth >= 25%; Sales growth >= 20% or 2+ strong quarters; RS rating >= 80; Net profit margin up vs a year ago",6
CUPID,0.7360328375109897,5.495359628770301,2.1979666438199676,11.088427640157,0.9976919526080935,1.0,1.0,0.7570771761467995,2.529758759028174,0.03267428206833912,0.08884688090737236,0.18704140365266042,-0.06891871999983679,6150382658.36,194.18838358938822,158.7290969899666,-20.858897948085314,2.482918253112074,5.0,73.46264729268852,3.4399999999999977,1.0,24.0,3.33,20672.0,True,True,99.0,Personal Care,Fast Moving Consumer Goods,70.0,103,,0
CYIENT,0.07872531439041615,-0.020104047262146207,0.38075417779710485,-0.03786533465342319,0.9160392798690672,0.0,0.0,1.281881600760717,2.2358889027603697,0.02440189931972301,0.043020941912252475,0.1272354133582534,-0.022425646432697007,444867201.8,-30.860324183886,21.258324570627394,24.984073993361022,-1.2515307479496098,0.0,-9.60954058231085,-3.9499999999999993,1.0,8.148539246744106,-1.490000000000002,20657.0,True,True,68.84105960264901,IT Enabled Services,Information Technology,51.0,103,"Uptrend (price > 50 > 150 > 200-day, 200-day rising); Quarterly profit growth >= 25%; 3-year profit growth >= 15%/yr; ROE >= 20%; RS rating >= 80; Net profit margin up vs a year ago",6
CYIENTDLM,0.40880011532452176,0.9275345622119815,1.986611924312745,2.525782123571879,0.9306243805748265,0.0,1.0,0.5860768284747359,0.9368854500412211,0.03638662790100436,0.12815623736060555,0.1611457627453987,-0.027139467456036702,409374632.125,118.41123013313997,34.25277448550803,146.1040479301939,1.0489562424406782,1.0,38.69637379667839,1.6800000000000002,1.0,7.213438735177865,1.9699999999999989,20655.0,True,True,97.87606433301798,Aerospace & Defense,Industrials,20.0,103,ROE >= 20%,1
DABUR,-0.07287942464335961,-0.23821910955477743,-0.08759736369083282,-0.9754206445688641,0.7282771535580523,0.0,0.0,-0.5247475040662034,2.8804645014403403,0.01148057478430113,0.027824730204134562,-0.016647955416654203,-0.012812883483185173,703489645.0,15.308114934117523,10.568410787821115,-0.48871931743461516,1.6496466175102324,0.0,4.4867026052785475,0.6400000000000006,1.0,16.36745774586216,-0.17999999999999972,20641.0,True,True,17.23368022705771,Personal Care,Fast Moving Consumer Goods,70.0,103,"Uptrend (price > 50 > 150 > 200-day, 200-day rising); Within 15% of 52-week high; Quarterly profit growth >= 25%; Sales growth >= 20% or 2+ strong quarters; 3-year profit growth >= 15%/yr; ROE >= 20%; RS rating >= 80",7
DALBHARAT,-0.06361712699662485,-0.2005055520447775,-0.012874101320849318,-0.8561960624254296,0.72528988318462,0.0,0.0,0.4660430253022022,0.5199777671936837,0.015477719209965334,0.04021732711273862,-0.05638262433978747,-0.02251795239385361,175565848.05,-13.944077218737993,6.98569856985698,-5.620325150517413,-0.4037991283561015,0.0,-0.469447201440254,-2.0599999999999987,1.0,6.4352856109906,-0.6400000000000006,20658.0,True,True,21.635761589403973,Cement & Cement Products,Commodities,102.0,103,"Uptrend (price > 50 > 150 > 200-day, 200-day rising); Within 15% of 52-week high; Quarterly profit growth >= 25%; Sales growth >= 20% or 2+ strong quarters; 3-year profit growth >= 15%/yr; ROE >= 20%; RS rating >= 80; Net profit margin up vs a year ago",8
DALMIASUG,0.11728847927633546,0.3277177825773938,0.24574439340718723,0.6526670415671134,0.8711538461538462,0.0,1.0,1.114834174223253,1.5308218049087126,0.038405843076057544,0.08432064532392225,0.06637664988241587,-0.04201124692337047,115727640.45,-82.48912391216182,-9.85141569594422,-34.58367473580604,-0.5670151399632714,0.0,-12.876255386604463,-3.36,1.0,7.279457125231338,-0.04999999999999993,20672.0,True,True,78.01986754966887,Sugar,Fast Moving Consumer Goods,12.0,103,Quarterly profit growth >= 25%; Sales growth >= 20% or 2+ strong quarters; 3-year profit growth >= 15%/yr; ROE >= 20%; RS rating >= 80; Net profit margin up vs a year ago,6
DAMCAPITAL,-0.06774018324535655,-0.38824322048172477,0.06307624762183517,-0.801491078047556,0.5332517482517483,0.0,0.0,0.9286722085626561,5.011547217092174,0.028322075355776306,0.1482124764799535,0.03900970132984516,-0.05086246457690902,31133248.97,-35.47271745002703,-3.209076175040526,61.600572466430656,-0.003493313194533537,0.0,,-0.25,1.0,21.987951807228914,-1.4000000000000004,20676.0,True,True,20.69914853358562,Stockbroking & Allied,Financial Services,15.0,103,"Uptrend (price > 50 > 150 > 200-day, 200-day rising); Within 15% of 52-week high; Quarterly profit growth >= 25%; Sales growth >= 20% or 2+ strong quarters; 3-year profit growth >= 15%/yr; RS rating >= 80; Net profit margin up vs a year ago",7
DATAMATICS,-0.033086186375852394,-0.09193718504629078,0.09845477743124476,-0.23349270349297108,0.7635643564356436,0.0,0.0,0.6750473197796586,1.9919223098289465,0.018759729865178997,0.04743687834736021,-0.042598887170179345,-0.025107293393101762,53150221.599999994,43.69335008757209,9.913166224655656,10.623963979018548,1.9431281683631116,4.0,8.90284541636519,3.3100000000000005,1.0,12.629533678756477,0.010000000000000009,20670.0,True,True,33.24976348155156,IT Enabled Services,Information Technology,51.0,103,"Uptrend (price > 50 > 150 > 200-day, 200-day rising); Within 15% of 52-week high; 3-year profit growth >= 15%/yr; ROE >= 20%; RS rating >= 80",5
DATAPATTNS,0.11008493797579763,0.727861689705827,0.5014237554413641,1.215088850748808,0.8598399999999999,0.0,0.0,0.08096919427698993,0.503033339961674,0.031607452259872694,0.0743879062472772,-0.04758360227488223,-0.023226064942484418,2278562315.6000004,-13.49402508297608,16.812644719621474,-34.81399462873971,-0.19649800710331672,0.0,25.858302653678102,-6.66,1.0,15.610599078341014,0.33000000000000185,20679.0,True,True,76.42762535477767,Aerospace & Defense,Industrials,20.0,103,"Uptrend (price > 50 > 150 > 200-day, 200-day rising); Quarterly profit growth >= 25%; Sales growth >= 20% or 2+ strong quarters; ROE >= 20%; RS rating >= 80; Net profit margin up vs a year ago",6
DBL,-0.05771334161384174,-0.21691718243442382,-0.019195275009228574,-0.6082837120603914,0.7447045707915273,0.0,0.0,0.4974793332829323,0.16755642956860275,0.022074994519540165,0.041998285784253575,-0.03717031851693475,-0.022144323832744776,53206664.55,-6.295903901468758,-9.25681400123648,44.80098003126585,-0.07276347278224822,0.0,27.604011970131136,0.16999999999999993,1.0,20.471518523942013,0.03999999999999915,20675.0,True,True,23.415326395458845,Civil Construction,Industrials,89.0,103,"Uptrend (price > 50 > 150 > 200-day, 200-day rising); Within 15% of 52-week high; Quarterly profit growth >= 25%; Sales growth >= 20% or 2+ strong quarters; RS rating >= 80",5
DBREALTY,-0.1349700212156745,-0.3763616557734205,0.13842244807777293,-0.8851212965051378,0.5331439393939393,0.0,0.0,-0.5904792535259702,1.2984994909799328,0.0210564783615687,0.04997413347128821,-0.13703249540159412,-0.03562709701542528,83500984.52,-100.0,-86.81589375602442,200.0,-0.017998220433751322,0.0,-56.83072893695951,-1.79,0.0,0.659985333659252,-0.1800000000000006,20679.0,True,True,3.559129612109744,"Residential, Commercial Projects",Consumer Discretionary,61.0,103,"Uptrend (price > 50 > 150 > 200-day, 200-day rising); Within 15% of 52-week high; Quarterly profit growth >= 25%; Sales growth >= 20% or 2+ strong quarters; 3-year profit growth >= 15%/yr; ROE >= 20%; RS rating >= 80; Net profit margin up vs a year ago",8
DCAL,-0.1269197828428464,-0.37070222222222216,0.19993220338983053,-0.851309061310694,0.5018627450980392,0.0,0.0,-0.2031008223177891,1.4637180767175049,0.022576242478328495,0.051878354203935606,-0.1246071078003852,-0.047284624040577525,35737064.54,-100.0,-4.294894428359575,-40.49731041410023,-1.1204050824211864,0.0,-16.12551654216886,-11.82,0.0,1.4527482402276473,-0.16000000000000014,20679.0,True,True,4.87038789025544,Pharmaceuticals,Healthcare,27.0,103,"Uptrend (price > 50 > 150 > 200-day, 200-day rising); Within 15% of 52-week high; Quarterly profit growth >= 25%; Sales growth >= 20% or 2+ strong quarters; 3-year profit growth >= 15%/yr; ROE >= 20%; RS rating >= 80; Net profit margin up vs a year ago",8
DCBBANK,0.1275371913251277,0.7943955422757005,0.34276045443558134,1.547494976530854,0.8551107325383305,0.0,0.0,0.7077566727246561,0.6958557185357551,0.021939615232071167,0.03723284081153144,-0.02080222233710194,-0.04517058788552607,221710293.72,35.53778432350059,9.414580082378965,19.475995563472416,6.362400894891853,1.0,16.710738279043724,2.0700000000000003,1.0,11.201224177505738,0.3200000000000074,20679.0,True,True,80.36140018921476,Private Sector Bank,Financial Services,25.0,103,"Uptrend (price > 50 > 150 > 200-day, 200-day rising); Sales growth >= 20% or 2+ strong quarters; ROE >= 20%",3
DCMSHRIRAM,-0.038834946261603186,-0.11650485436893188,-0.0992487847989394,-0.4314083856786555,0.7018097941802697,0.0,0.0,0.6536030149965079,5.958098107663199,0.024574903721297114,0.15184429619010853,-0.022000900014340852,-0.037714374724236714,79879126.9,300.0,9.268496065188803,206.5447914362751,8.92088638763107,2.0,24.373674771142582,13.88,1.0,11.099585062240664,-0.1800000000000015,20657.0,True,True,30.627246925260167,Diversified,Diversified,79.0,103,"Uptrend (price > 50 > 150 > 200-day, 200-day rising); Within 15% of 52-week high; ROE >= 20%; RS rating >= 80",4
DCW,-0.07085567614053204,-0.325760885393913,0.1356389502084865,-0.6784477433714311,0.6413554633471645,0.0,0.0,0.48130642049275285,0.9279257055653809,0.02314090313631938,0.05608093248295587,0.005298576061883109,-0.03758024077946768,46398262.839999996,202.96055029793192,13.966351209253403,142.05885377072966,2.048251103419864,2.0,-15.167191913049438,3.98,1.0,4.465116279069767,-0.5599999999999996,20679.0,True,True,18.732261116367077,Petrochemicals,Commodities,32.0,103,"Uptrend (price > 50 > 150 > 200-day, 200-day rising); Within 15% of 52-week high; 3-year profit growth >= 15%/yr; ROE >= 20%; RS rating >= 80",5
DCXINDIA,-0.11680630993235855,-0.34019455252918296,0.02199855351976865,-0.7991135884747071,0.616743648960739,0.0,0.0,-0.17374917731513798,0.7884688549696687,0.015666262390540336,0.02866789077770515,-0.06485493374669693,-0.01378720146567143,56685585.22,-100.0,-53.57850198055456,0.0,-1.804109593018828,0.0,-40.49301205650262,-10.23,0.0,-0.5287508261731658,0.6699999999999999,20677.0,True,True,6.0879848628193,Aerospace & Defense,Industrials,20.0,103,"Uptrend (price > 50 > 150 > 200-day, 200-day rising); Within 15% of 52-week high; Quarterly profit growth >= 25%; Sales growth >= 20% or 2+ strong quarters; 3-year profit growth >= 15%/yr; ROE >= 20%; RS rating >= 80; Net profit margin up vs a year ago",8
DEEDEV,0.27824114310347375,1.3629047009328699,1.1462036883203188,2.510870016623507,0.8575,0.0,1.0,0.10183887844701679,0.9819363142412229,0.029064270629135382,0.04992542585760251,9.361011234743088e-05,-0.03959474530638891,118369621.75,22.40478512204911,31.596353235609588,39.762050198698205,0.16807689563977285,1.0,,-0.41000000000000014,1.0,8.651685393258427,5.869999999999999,20669.0,True,True,93.84862819299906,Industrial Products,Industrials,11.0,103,Quarterly profit growth >= 25%; 3-year profit growth >= 15%/yr; ROE >= 20%; Net profit margin up vs a year ago,4
DEEPAKFERT,-0.008726563295652141,-0.11471663619744044,0.36580206497104006,-0.2291345000766131,0.8242712671029149,0.0,0.0,0.10968486229867873,2.4399317458095116,0.021275447724578348,0.06773522385759412,-0.03403466209338979,-0.023080375261038868,306924980.5,101.00586784956774,22.473342736248235,150.84109757195137,2.12791101674955,1.0,3.098642795403972,5.880000000000001,1.0,10.797779076563414,1.1600000000000001,20664.0,True,True,41.67928098391675,Commodity Chemicals,Commodities,41.0,103,"Uptrend (price > 50 > 150 > 200-day, 200-day rising); Within 15% of 52-week high; 3-year profit growth >= 15%/yr; ROE >= 20%; RS rating >= 80",5
DEEPAKNTR,-0.032314547234197646,-0.06659813893096744,0.2523045655803149,-0.5284371617599937,0.822277253806839,0.0,0.0,0.5648353332268962,0.7435041647277866,0.017637211610997607,0.04248496993987971,-0.06796464405160063,-0.026907591159701132,405281527.20000005,207.2210452996534,36.389612038859596,198.63556197767264,4.027867510472473,1.0,1.077100019893007,7.44,1.0,9.43978070926846,0.34999999999999787,20650.0,True,True,33.437086092715234,Specialty Chemicals,Commodities,38.0,103,"Uptrend (price > 50 > 150 > 200-day, 200-day rising); Within 15% of 52-week high; 3-year profit growth >= 15%/yr; ROE >= 20%; RS rating >= 80",5
DEEPINDS,0.25053527619576627,0.48554048663741534,0.6972769739090805,1.0578061186805254,0.9078181818181819,0.0,1.0,0.9700169330034404,0.6307331213132119,0.034406716191223354,0.05585017117540447,0.0743256327684021,-0.024114072413552554,319298411.75,44.465321078318176,39.809523809523824,-255.53467892168183,0.5318415206146564,5.0,61.04770438513576,1.0300000000000011,1.0,9.854927463731865,0.06000000000000005,20662.0,True,True,92.72469252601704,Oil Equipment & Services,Energy,,103,ROE >= 20%,1
DELHIVERY,-0.0498329393553681,0.041844289881086016,0.08938416422287387,-0.27557234968929384,0.7776717557251909,0.0,0.0,0.0685644563443941,1.8873618560348635,0.016484192523248155,0.024294478527607355,-0.09185724664488604,-0.028737445689050206,1037767571.25,-64.92332752838969,27.756320836965998,-62.750807550816184,-0.8177748949165802,0.0,,-2.88,1.0,1.5794363580055746,0.5,20673.0,True,True,26.787133396404922,Logistics Solution Provider,Services,67.0,103,"Uptrend (price > 50 > 150 > 200-day, 200-day rising); Within 15% of 52-week high; Quarterly profit growth >= 25%; 3-year profit growth >= 15%/yr; ROE >= 20%; RS rating >= 80; Net profit margin up vs a year ago",7
DELTACORP,0.08661706173119085,-0.3000248880039821,0.00842595912513433,0.09183553452562172,0.951918735891648,1.0,0.0,0.8731478619658131,18.218331430684046,0.03634864956342271,0.16262928688078393,0.3433144859440951,-0.12847100711161924,46819280.120000005,219.51468072976058,-8.481294456208921,248.3648838670427,2.515406877911134,1.0,-17.348092750298672,39.86,1.0,3.774422735346359,-0.43000000000000016,20676.0,True,True,70.62062440870389,Amusement Parks/ Other Recreation,Consumer Discretionary,43.0,103,"Uptrend (price > 50 > 150 > 200-day, 200-day rising); Sales growth >= 20% or 2+ strong quarters; 3-year profit growth >= 15%/yr; ROE >= 20%; RS rating >= 80",5
DENTA,-0.11117234366266793,-0.3720390153274502,0.10340324818411806,-0.8090569984963131,0.548790658882402,0.0,0.0,0.2958874466344496,0.42709038962482077,0.02070837582659855,0.02443539429840791,-0.10877242883215998,-0.02662885890013582,32050026.5,-39.78755622376422,-12.812128418549351,-6.175953795186238,-0.8717788226928893,0.0,,-8.530000000000001,1.0,13.28976034858388,-0.010000000000000009,20678.0,True,True,7.30558183538316,Water Supply & Management,Utilities,81.0,103,"Uptrend (price > 50 > 150 > 200-day, 200-day rising); Within 15% of 52-week high; Quarterly profit growth >= 25%; Sales growth >= 20% or 2+ strong quarters; 3-year profit growth >= 15%/yr; ROE >= 20%; RS rating >= 80; Net profit margin up vs a year ago",8
DEVYANI,-0.01039546917516073,-0.18751103525395785,0.4316084206159909,-0.607077664678586,0.7498552738219288,0.0,0.0,0.7765607242333438,0.44267399219613224,0.023938721005808537,0.023294247265286838,-0.04292467677557321,-0.04174899183374743,344356487.865,300.0,16.47420355645297,0.0,0.5100668059492868,2.0,,0.9000000000000001,1.0,-2.7885862516212714,0.19000000000000128,20658.0,True,True,40.929990539262064,Restaurants,Consumer Discretionary,74.0,103,"Uptrend (price > 50 > 150 > 200-day, 200-day rising); Within 15% of 52-week high; 3-year profit growth >= 15%/yr; ROE >= 20%; RS rating >= 80",5
DHAMPURSUG,0.1440002256064702,0.327609478104379,0.2802805698170512,1.0617984085062475,0.9444277711084434,0.0,1.0,0.3549972912279052,3.473788381688173,0.030305304592356586,0.06762793327678818,0.14705317719331923,-0.0533171996481777,112014783.87,300.0,5.983660005369962,306.8462322490022,0.29748851004926785,1.0,-24.554730105857413,0.93,1.0,5.430242272347535,-0.15000000000000036,20665.0,True,True,82.42194891201514,Sugar,Fast Moving Consumer Goods,12.0,103,Sales growth >= 20% or 2+ strong quarters; 3-year profit growth >= 15%/yr; ROE >= 20%,3
DIFFNKG,0.09897219422336856,0.362819232415466,0.6988581794899158,0.6202434877293183,0.8734371994614349,0.0,1.0,0.3583399855277837,1.1979933731155312,0.03734664747070082,0.05846153846153834,0.06761649503926281,-0.02347378024877151,52665383.3,36.04536513280225,36.494359737200945,13.310555808702016,2.946287408996293,3.0,,-0.049999999999998934,1.0,12.345679012345679,0.5999999999999996,20676.0,True,True,74.46073793755913,Other Industrial Products,Industrials,7.0,103,3-year profit growth >= 15%/yr; ROE >= 20%; RS rating >= 80; Net profit margin up vs a year ago,4
DIVGIITTS,0.15746276255889682,0.8292484265087006,0.9488797727989904,1.4150521526071063,0.8416303203489247,0.0,0.0,0.6905011893385333,0.8405861484690492,0.03224478414611729,0.05543045210462494,-0.020883217227976147,-0.03198172208336373,125673925.05,182.53088454482906,91.3225446428571,-6.712983878161481,2.933090643173912,5.0,8.599667842980097,5.939999999999998,1.0,7.4015748031496065,0.08000000000000185,20679.0,True,True,83.73320719016084,Auto Components & Equipments,Consumer Discretionary,19.0,103,"Uptrend (price > 50 > 150 > 200-day, 200-day rising); Within 15% of 52-week high; 3-year profit growth >= 15%/yr; ROE >= 20%",4
DIVISLAB,0.2031159016429354,0.6258019158098251,0.5794416460343208,2.807858591217076,0.9804928131416838,1.0,1.0,0.562979197449893,1.293093806783263,0.018266992166057584,0.03849499782514143,0.07405707910458492,-0.01700714127660559,4446234800.0,65.55888133807792,27.800829875518662,52.10823003452671,5.933998581109486,1.0,26.380805542680406,6.68,1.0,15.32128154644711,0.060000000000002274,20650.0,True,True,89.1655629139073,Pharmaceuticals,Healthcare,27.0,103,ROE >= 20%,1
DIXON,-0.036883476789877044,-0.17508994346410822,0.45607580263091574,-0.6548350411829025,0.7379372909224925,0.0,0.0,-0.20507130392613995,0.8534910726054084,0.01788624587698315,0.026528258362168433,-0.06518763045355103,-0.018388321806172937,4158395542.5,156.7038085567434,21.128636938030464,143.3731320115342,3.0657280848939834,1.0,95.97232027039428,2.44,1.0,35.15073765234125,-0.18999999999999773,20665.0,True,True,31.657521286660362,Consumer Electronics,Consumer Discretionary,80.0,103,"Uptrend (price > 50 > 150 > 200-day, 200-day rising); Within 15% of 52-week high; RS rating >= 80",3
DLF,0.0021280355075873527,-0.04804133789539833,0.30521780756342753,-0.22961149354822785,0.8469167196439924,0.0,0.0,0.11856131415835484,1.7691214673688456,0.017157465470159332,0.03215926493108734,0.003576777164070677,-0.02818915777313305,1970069341.35,4.112517899651635,-52.87149850922075,7.3340029440380095,0.09240688983898525,0.0,27.195432096402094,33.94,1.0,9.709058122402304,-0.14000000000000057,20648.0,True,True,45.70671712393567,"Residential, Commercial Projects",Consumer Discretionary,61.0,103,"Uptrend (price > 50 > 150 > 200-day, 200-day rising); Within 15% of 52-week high; Quarterly profit growth >= 25%; Sales growth >= 20% or 2+ strong quarters; ROE >= 20%; RS rating >= 80",6
DMART,-0.06280321352785279,-0.16707246890079241,-0.1374014304052814,-0.8314716045522326,0.7712962962962964,0.0,0.0,-0.29646046913276225,4.659580761122368,0.015248947589136473,0.015303150648662944,-0.07011169355508673,-0.023284477780848273,1621871621.25,11.475547394626084,14.883096878304602,-7.7540191573466615,1.591986286467445,0.0,8.49936719737907,-0.13999999999999968,1.0,12.140287769784171,0.120000000000001,20645.0,True,True,21.823084200567646,Diversified Retail,Consumer Discretionary,53.0,103,"Uptrend (price > 50 > 150 > 200-day, 200-day rising); Within 15% of 52-week high; Quarterly profit growth >= 25%; Sales growth >= 20% or 2+ strong quarters; 3-year profit growth >= 15%/yr; ROE >= 20%; RS rating >= 80; Net profit margin up vs a year ago",8
DOMS,-0.05438803364348562,-0.10994637745434033,-0.06314717365472766,-0.6303341529387781,0.7525226860254083,0.0,0.0,-0.22223060757942523,1.3391778807826888,0.01030158736650642,0.026603001364256418,-0.05117486446335917,-0.012370303685819978,57255866.75,-23.413243023663266,19.24841715871097,-36.95398047787152,-2.4979480400060123,0.0,,-3.76,1.0,19.672131147540984,6.649999999999995,20668.0,True,True,24.726584673604542,Stationary,Fast Moving Consumer Goods,,103,"Uptrend (price > 50 > 150 > 200-day, 200-day rising); Within 15% of 52-week high; Quarterly profit growth >= 25%; Sales growth >= 20% or 2+ strong quarters; 3-year profit growth >= 15%/yr; ROE >= 20%; RS rating >= 80; Net profit margin up vs a year ago",8
DPABHUSHAN,0.4315879905296898,-0.07912207018019235,0.3538492182053581,0.8987036197709956,0.9881818181818182,1.0,0.0,2.076609985249103,17.048676186746484,0.046662219304881264,0.19997118570811123,0.4747461591477675,-0.1313129453873742,41616565.099999994,16.53289795365098,-25.50408349994916,-64.70403864777336,0.5560518400662515,0.0,,0.79,1.0,29.71014492753623,-0.09,19136.0,True,True,98.25070955534531,"Gems, Jewellery And Watches",Consumer Discretionary,10.0,103,"Uptrend (price > 50 > 150 > 200-day, 200-day rising); Quarterly profit growth >= 25%; Sales growth >= 20% or 2+ strong quarters; 3-year profit growth >= 15%/yr",4
DREDGECORP,0.08117144026040027,0.7015516149461685,0.2725873297809356,0.7051278116001202,0.7068429237947123,0.0,0.0,0.48904565657206517,0.7474423970569923,0.02434093034772977,0.023847856711612048,-0.13869232839226364,-0.04534687372633775,92686576.19999999,100.0,46.726387054161165,-161.37756120525745,0.7176745309264215,2.0,-38.638061182616404,12.790000000000001,1.0,0.40650406504065045,-0.9699999999999998,20679.0,True,True,69.49668874172185,Dredging,Services,,103,"Uptrend (price > 50 > 150 > 200-day, 200-day rising); Within 15% of 52-week high; 3-year profit growth >= 15%/yr; ROE >= 20%; RS rating >= 80",5
DRREDDY,-0.026367576364482375,-0.07828585108929842,-0.051178838412880956,-0.15190849255539637,0.8537705844936038,0.0,0.0,0.10587810343925365,2.8762545497605356,0.01267964793775063,0.030701754385964897,0.02536940460669257,-0.02429027096924852,1990363539.2,-69.09680089244074,-5.509735070752797,16.96434937941501,-1.945990682407221,0.0,-12.326074358103522,-11.07,1.0,10.97329251557057,0.5600000000000023,20636.0,True,True,35.49763481551561,Pharmaceuticals,Healthcare,27.0,103,"Uptrend (price > 50 > 150 > 200-day, 200-day rising); Quarterly profit growth >= 25%; Sales growth >= 20% or 2+ strong quarters; 3-year profit growth >= 15%/yr; ROE >= 20%; RS rating >= 80; Net profit margin up vs a year ago",7
DWARKESH,0.04606955187041761,0.20234032179424655,0.09332742185768117,0.3024012838126876,0.7823038397328882,0.0,1.0,0.620590163847315,1.466763754617915,0.03881881499169294,0.10481099656357373,0.047010456698543424,-0.03810389675288073,110331788.89000002,-49.0457612434036,-8.147757255936671,50.9542387565964,-1.2553684829862,0.0,38.509048428010885,-29.180000000000003,0.0,,-0.1399999999999999,14927.0,True,True,59.94323557237465,Sugar,Fast Moving Consumer Goods,12.0,103,Within 15% of 52-week high; Quarterly profit growth >= 25%; Sales growth >= 20% or 2+ strong quarters; ROE >= 20%; RS rating >= 80; Net profit margin up vs a year ago,6
DYCL,0.09521243542824273,0.36741615374952885,1.0107872474047803,0.2148415937459863,0.7965178571428572,0.0,0.0,0.6765459342043573,0.44475581498046557,0.040652315501808464,0.0510192837465564,-0.001857321876118756,-0.03436135916274388,186501628.42499998,37.0577175871881,33.22393527705694,34.406064702803945,1.8822976054345688,1.0,37.32954988743482,0.20000000000000018,1.0,18.38074398249453,-0.52,20679.0,True,True,73.14947965941343,Cables - Electricals,Industrials,3.0,103,"Uptrend (price > 50 > 150 > 200-day, 200-day rising); Within 15% of 52-week high; ROE >= 20%; RS rating >= 80",4
DYNAMATECH,0.23118069895363175,0.6647899523603291,0.2289002557544757,2.2940479044872837,0.9909778610590603,1.0,1.0,0.41411250262497146,2.3500947093152553,0.02136924765964262,0.04799445551416448,0.21647847414972587,-0.05694802809139977,206375964.0,93.11394379644082,14.525651740220535,82.28414581861884,1.3214701868300576,1.0,-0.8822981200768965,1.9899999999999998,1.0,4.030226700251889,0.3599999999999959,20672.0,True,True,91.69441816461683,Industrial Products,Industrials,11.0,103,Sales growth >= 20% or 2+ strong quarters; 3-year profit growth >= 15%/yr; ROE >= 20%,3
EBGNG,0.19625215558102432,0.8005788712011579,0.6904891304347827,1.8621477834418392,0.9385616438356164,1.0,1.0,0.4081024113313025,1.1875383397569983,0.034038684333752026,0.07438216766273609,0.10778936884381807,-0.026557253162496075,372001665.82500005,56.13526020125927,32.0801844498527,-129.3834671620388,1.0823868150840175,9.0,,1.08,1.0,17.41424802110818,4.109999999999999,20664.0,True,True,88.13528855250709,Computers Hardware & Equipments,Information Technology,13.0,103,3-year profit growth >= 15%/yr; ROE >= 20%,2
ECLERX,0.06288212531447288,-0.05136038875123283,0.36270647591402305,-0.1676403274737463,0.7676476476476477,0.0,0.0,-0.0508265279538083,0.8394744903614763,0.029012790319462647,0.04514948139109198,0.016697123741988396,-0.029888089058603434,332117798.4,15.980030206410456,23.305084745762716,-8.375324276097261,1.0837934488101753,0.0,13.680103386778896,-0.9000000000000004,1.0,27.567356501366653,-0.9199999999999946,20670.0,True,True,65.18826868495744,Business Process Outsourcing (BPO)/ Knowledge Process Outsourcing (KPO),Services,17.0,103,"Uptrend (price > 50 > 150 > 200-day, 200-day rising); Within 15% of 52-week high; Quarterly profit growth >= 25%; 3-year profit growth >= 15%/yr; RS rating >= 80; Net profit margin up vs a year ago",6
EDELWEISS,0.0676267174059099,0.23259855483398884,0.2718006795016987,0.6042734911455171,0.9282876712328767,1.0,1.0,0.730806389859606,1.5822878279755075,0.0240421168400904,0.061633161913666745,0.059684151103313265,-0.037212784254817596,718459551.72,30.916319082440946,3.6893549751742194,47.52083977074489,0.5553966208382061,1.0,18.24873618777221,1.1999999999999993,1.0,14.709063378758383,1.2199999999999989,20671.0,True,True,66.31220435193944,Holding Company,Financial Services,69.0,103,Sales growth >= 20% or 2+ strong quarters; ROE >= 20%; RS rating >= 80,3
EFCIL,-0.12120254548765355,-0.33899420747761977,0.078567209065034,-1.0727959458770784,0.5144101369945867,0.0,0.0,0.07567952241817098,1.4996855868214185,0.021099948969553608,0.028597112197314534,-0.09069915131920792,-0.026417046416168363,42657495.769999996,51.837537564884784,28.8042983334851,8.275414657091652,4.606967446711434,18.0,149.013342395236,3.8000000000000007,1.0,29.120198265179674,1.620000000000001,20663.0,True,True,5.7133396404919585,Diversified Commercial Services,Services,63.0,103,"Uptrend (price > 50 > 150 > 200-day, 200-day rising); Within 15% of 52-week high; RS rating >= 80",3
EICHERMOT,-0.010049085615286613,0.0912445012061871,0.15647793067147897,0.0021240065133637308,0.8567436208991495,0.0,0.0,-0.22272293292745668,1.8271992533949566,0.011566413007424316,0.014667630057803471,-0.08814275202164346,-0.02862879080050705,2913845640.25,21.365054047811615,31.547609602843394,9.776291290100335,3.135561956033514,1.0,21.767220121902398,-1.8499999999999979,1.0,21.97211155378486,-0.00999999999999801,20661.0,True,True,41.21097445600757,2/3 Wheelers,Consumer Discretionary,45.0,103,"Uptrend (price > 50 > 150 > 200-day, 200-day rising); Quarterly profit growth >= 25%; RS rating >= 80; Net profit margin up vs a year ago",4
EIDPARRY,-0.08490976954698243,-0.24558937572702588,-0.036043847154270225,-1.1874936254797712,0.625402504472272,0.0,0.0,0.015595487994300267,0.8417694715641315,0.016394183183879186,0.0257949744273962,-0.07838839233343575,-0.012208614106066242,241316430.05,-33.06165560734841,3.4148914819805753,45.89700450888931,-0.8616326087252372,0.0,-1.7189419783640747,-1.88,1.0,15.742642026009582,-1.0699999999999967,20654.0,True,True,13.674550614947965,Other Food Products,Fast Moving Consumer Goods,,103,"Uptrend (price > 50 > 150 > 200-day, 200-day rising); Within 15% of 52-week high; Quarterly profit growth >= 25%; Sales growth >= 20% or 2+ strong quarters; 3-year profit growth >= 15%/yr; ROE >= 20%; RS rating >= 80; Net profit margin up vs a year ago",8
EIEL,-0.07409245137881143,-0.20827095051187638,0.1638115631691648,-0.521040803297311,0.7200962508732437,0.0,0.0,0.23275153474438337,1.0870537025866134,0.02126948565650943,0.050254841997961375,-0.08223299232407644,-0.039633372164053084,138578995.69,-2.0353216289539677,49.08683380375229,24.444353509652608,-0.0637855676596786,0.0,,-6.57,1.0,15.247364152473642,-0.07999999999999985,20676.0,True,True,16.765373699148533,Water Supply & Management,Utilities,81.0,103,"Uptrend (price > 50 > 150 > 200-day, 200-day rising); Within 15% of 52-week high; Quarterly profit growth >= 25%; 3-year profit growth >= 15%/yr; ROE >= 20%; RS rating >= 80; Net profit margin up vs a year ago",7
EIHOTEL,-0.05678523766225907,-0.22497667599626814,0.00884802220680081,-0.6571562559028968,0.7264162338446672,0.0,0.0,0.24478823890812698,7.549729987743495,0.019556372270245502,0.060020006668889625,-0.008265007948391578,-0.025372675183150166,43309474.725,-7.532264481019091,14.536769064472255,2.8299294644430937,-0.33286987700813525,0.0,21.1246550526206,-4.370000000000001,1.0,12.48574686431015,-0.07000000000000028,20649.0,True,True,23.883632923368022,Hotels & Resorts,Consumer Discretionary,66.0,103,"Uptrend (price > 50 > 150 > 200-day, 200-day rising); Within 15% of 52-week high; Quarterly profit growth >= 25%; Sales growth >= 20% or 2+ strong quarters; ROE >= 20%; RS rating >= 80; Net profit margin up vs a year ago",7
EIMCOELECO,0.11585473796915965,0.29025687450492255,0.4674388674388674,0.7057567966384367,0.9817459331925991,1.0,1.0,0.9972023528257355,2.2588540167002593,0.024619837736122658,0.057941924260671795,0.11819866200868412,-0.014102384879630472,43604984.800000004,51.25010092311009,31.226650062266504,-2.5468655934554434,1.6717977993530742,7.0,50.673738609696414,2.330000000000002,1.0,10.103626943005182,0.08000000000000007,19831.0,True,True,77.92620624408704,Industrial Products,Industrials,11.0,103,ROE >= 20%; RS rating >= 80,2
ELECON,-0.055710226793167845,-0.22936185257203467,0.12314826742238827,-0.4574280182746354,0.7129392971246007,0.0,0.0,1.4821506577114305,1.012185305850196,0.025535473192407218,0.10949946498632745,0.03001894791745996,-0.056945279979017764,146159935.05,-34.59896717790969,6.113296777218324,16.088474423504955,-0.9823227100850926,0.0,3.998870534501764,-8.410000000000002,1.0,14.793926247288503,1.3699999999999992,20644.0,True,True,23.97729422894986,Heavy Electrical Equipment,Industrials,35.0,103,"Uptrend (price > 50 > 150 > 200-day, 200-day rising); Within 15% of 52-week high; Quarterly profit growth >= 25%; Sales growth >= 20% or 2+ strong quarters; 3-year profit growth >= 15%/yr; ROE >= 20%; RS rating >= 80; Net profit margin up vs a year ago",8
ELECTCAST,-0.02730759586999876,-0.11615895435859602,0.04851819432287097,-0.35165959943086234,0.7976767676767677,0.0,0.0,1.1885638954170639,10.039653566118226,0.019201711005252354,0.0577747062888736,0.049426848423800074,-0.022107970250037426,104433155.54,-45.76106106015779,-8.481790343393115,44.75234854926048,-0.40948065373296405,0.0,-18.694747137610612,-2.3299999999999996,1.0,2.7177582714382176,-2.790000000000001,20672.0,True,True,35.310312204351945,Iron & Steel Products,Industrials,16.0,103,"Uptrend (price > 50 > 150 > 200-day, 200-day rising); Within 15% of 52-week high; Quarterly profit growth >= 25%; Sales growth >= 20% or 2+ strong quarters; 3-year profit growth >= 15%/yr; ROE >= 20%; RS rating >= 80; Net profit margin up vs a year ago",8
ELGIEQUIP,0.05005247922488916,0.2971499125424426,0.31405044819678984,0.7029887711903441,0.9171258034894398,0.0,0.0,0.7092882135565671,0.8058216837087724,0.01884185123085138,0.02738917916736905,-0.009687462816800996,-0.015562046364134137,204803020.65,26.898412658373296,22.556824737510084,1.4223328814410046,1.9793333369874138,4.0,6.6400741771706295,0.34999999999999964,1.0,19.265232974910393,0.7399999999999949,20656.0,True,True,60.879848628192995,"Compressors, Pumps & Diesel Engines",Industrials,56.0,103,"Uptrend (price > 50 > 150 > 200-day, 200-day rising); 3-year profit growth >= 15%/yr; ROE >= 20%; RS rating >= 80",4
ELLEN,0.056344448728143155,-0.3214579055441479,0.6699514857489388,-0.5518290420886823,0.6936254980079681,0.0,0.0,0.8930706557122647,7.468039711336284,0.03333351302182573,0.09990706319702602,0.06442816791186212,-0.03636883153812314,195721401.875,86.85425526609396,18.043764199449974,61.48622786142239,1.679573515900227,4.0,,13.039999999999996,1.0,10.644831115660185,-1.6199999999999992,20679.0,True,True,63.50236518448439,Industrial Gases,Commodities,,103,"Uptrend (price > 50 > 150 > 200-day, 200-day rising); Within 15% of 52-week high; 3-year profit growth >= 15%/yr; ROE >= 20%; RS rating >= 80",5
EMAMILTD,-0.08183576105962745,-0.33996594066505337,-0.07557117750439368,-1.228060023966008,0.6766519823788546,0.0,0.0,0.34964466113806303,1.745961199685183,0.017385747227630567,0.032975980458678444,-0.01282555547843267,-0.020565804602131314,478661037.875,-15.419912223879951,14.945414726409979,-3.721541018284503,-0.7441086609603538,0.0,3.158544275789432,-4.8000000000000025,1.0,26.50478796169631,-0.6100000000000065,20666.0,True,True,14.236518448438977,Personal Care,Fast Moving Consumer Goods,70.0,103,"Uptrend (price > 50 > 150 > 200-day, 200-day rising); Within 15% of 52-week high; Quarterly profit growth >= 25%; Sales growth >= 20% or 2+ strong quarters; 3-year profit growth >= 15%/yr; RS rating >= 80; Net profit margin up vs a year ago",7
EMBDL,-0.06910304090325843,-0.36009174311926606,0.346896551724138,-0.7434229808106768,0.5778651345630481,0.0,0.0,-0.6592549696927436,0.7908313477825724,0.024199055214830963,0.09298440979955447,-0.044197329154232134,-0.036758075333566904,119843074.965,-100.0,-68.16806673324326,-200.0,-0.28706869463017876,0.0,-80.87654429070467,-83.81,0.0,-8.83664369679773,-0.8500000000000014,20675.0,True,True,19.949858088930934,"Residential, Commercial Projects",Consumer Discretionary,61.0,103,"Uptrend (price > 50 > 150 > 200-day, 200-day rising); Within 15% of 52-week high; Quarterly profit growth >= 25%; Sales growth >= 20% or 2+ strong quarters; 3-year profit growth >= 15%/yr; ROE >= 20%; RS rating >= 80; Net profit margin up vs a year ago",8
EMCURE,0.0945024775402203,0.4442454446347921,0.19843628844662708,1.5262009135586443,0.9151235302518209,0.0,0.0,0.45605503036458883,2.1639818537944255,0.016570981540243168,0.04921981359304639,-0.0033718629854051496,-0.015769188318505482,233829469.5,34.60892730926941,22.84698220457595,18.512513714604562,2.5940146441577734,1.0,,0.9900000000000002,1.0,19.01010101010101,3.8800000000000026,20671.0,True,True,72.86849574266792,Pharmaceuticals,Healthcare,27.0,103,"Uptrend (price > 50 > 150 > 200-day, 200-day rising); 3-year profit growth >= 15%/yr; ROE >= 20%; RS rating >= 80",4
EMIL,0.2098207958533114,0.20245733788395892,0.8601900739176345,0.8078078616476772,0.9516205234810545,1.0,1.0,1.6029003250420926,1.8076201497331739,0.03290502662612553,0.07120129362057281,0.1324841108127437,-0.03819747627223517,438424943.98,300.0,39.06886897130602,262.04430877943554,4.628624978937605,2.0,11.246379219641,3.45,1.0,6.580565805658056,0.39000000000000057,20672.0,True,True,89.72753074739829,Diversified Retail,Consumer Discretionary,53.0,103,3-year profit growth >= 15%/yr; ROE >= 20%,2
EMMVEE,,,0.50041371701756,,0.7980083434261875,0.0,0.0,0.22611200006127077,1.6848803769081768,0.02373953307713266,0.041806020066889715,-0.08286110217515041,-0.04549068033169251,479818853.35,102.64534196442483,51.341674612286205,13.198788650411956,,8.0,,6.189999999999998,1.0,29.290741743367622,-2.01,20649.0,True,True,,Other Electrical Equipment,Industrials,50.0,103,"Uptrend (price > 50 > 150 > 200-day, 200-day rising); Within 15% of 52-week high; 3-year profit growth >= 15%/yr; RS rating >= 80",4
EMSLIMITED,-0.09682766800178574,-0.2889398806792106,0.3475387023830232,-0.6995133758360753,0.5793898422603571,0.0,0.0,1.2336688311019282,0.33551140156573694,0.022221913149957268,0.01967663209273951,-0.11499621374595559,-0.046459454244974566,64926129.300000004,-59.30083310346973,-34.17891079576373,28.527235991039376,-1.0784924287874156,0.0,-16.62103009613749,-6.08,1.0,8.617424242424242,-0.25999999999999995,20677.0,True,True,9.74077578051088,Waste Management,Utilities,,103,"Uptrend (price > 50 > 150 > 200-day, 200-day rising); Within 15% of 52-week high; Quarterly profit growth >= 25%; Sales growth >= 20% or 2+ strong quarters; 3-year profit growth >= 15%/yr; ROE >= 20%; RS rating >= 80; Net profit margin up vs a year ago",8
EMUDHRA,0.09196822230038726,-0.17784279614107223,0.26345850042532515,-0.0908590047962304,0.8798668403531625,0.0,0.0,1.1077361335907725,0.6859221072675082,0.03783629956021446,0.19997975913369093,0.10304057425609625,-0.043949998675846626,89930883.45,27.87689096297612,29.477257298031212,6.3761901663294225,3.7479215119558638,3.0,22.366921737237643,-0.2099999999999973,1.0,12.074643249176729,-1.9900000000000002,20663.0,True,True,71.93188268684958,IT Enabled Services,Information Technology,51.0,103,"Uptrend (price > 50 > 150 > 200-day, 200-day rising); ROE >= 20%; RS rating >= 80; Net profit margin up vs a year ago",4
ENDURANCE,-0.022358781359032937,0.008936746877632462,0.22327812069807695,-0.25494833614405943,0.8190104166666666,0.0,0.0,0.1337170009143839,1.097554538032891,0.01585828645820478,0.02374067873991792,-0.10277249006309819,-0.026468891048807213,321527637.70000005,8.08752049904966,30.010033475047404,-9.324506904055287,1.6038291195143035,0.0,22.193580483871077,-1.1500000000000004,1.0,13.916094138283878,-0.16000000000000014,20657.0,True,True,37.08987701040681,Auto Components & Equipments,Consumer Discretionary,19.0,103,"Uptrend (price > 50 > 150 > 200-day, 200-day rising); Within 15% of 52-week high; Quarterly profit growth >= 25%; ROE >= 20%; RS rating >= 80; Net profit margin up vs a year ago",6
ENGINERSIN,0.1637289657107487,0.43954865720412517,0.40588381949638475,1.3641861159665019,0.9747977598008712,1.0,1.0,1.0936455303529997,1.5254937758205789,0.024981899698840127,0.07095926412614961,0.19162719298579267,-0.06802870895024872,647296405.69,141.5719616824151,-5.804494691851647,171.69481249978088,0.8187336906367655,1.0,23.09531184655407,11.750000000000002,1.0,21.99618563254927,1.5399999999999991,20678.0,True,True,84.66982024597918,Civil Construction,Industrials,89.0,103,Sales growth >= 20% or 2+ strong quarters,1
ENRIN,1.5057132676001006e-05,-0.10266765257948918,0.20796324655436438,-0.15241714342347082,0.8335433467741935,0.0,1.0,0.40850007594460425,2.8041145228461195,0.02464532357699791,0.04187500000000011,0.005041158828409165,-0.02914861981455025,1221676002.6,67.8557245808341,39.28051103888828,15.564579580426624,,8.0,,3.019999999999998,1.0,25.108422734535495,-0.05000000000000071,20679.0,True,True,45.23841059602649,Heavy Electrical Equipment,Industrials,35.0,103,Within 15% of 52-week high; 3-year profit growth >= 15%/yr; RS rating >= 80,3
ENTERO,0.1969146211313071,0.7060561299852288,0.47946521495476757,1.4648996905066947,0.8966666666666666,0.0,1.0,1.07403860862298,0.6661509137344102,0.027645554280170404,0.03942157686307457,0.08167745453951425,-0.0361460986776717,242015104.2,72.30526805099575,38.229972503597345,29.066177815895955,4.191105426970341,14.0,,0.5300000000000002,1.0,8.644168146832445,-0.8100000000000023,20662.0,True,True,88.32261116367076,Pharmacy Retail,Consumer Discretionary,,103,3-year profit growth >= 15%/yr; ROE >= 20%,2
EPACK,-0.17483939862561568,-0.46730525426116354,-0.12402131109566816,-1.0423471741641697,0.47176215042085257,0.0,0.0,-0.5329517458466984,0.8149746916188791,0.017562208500405973,0.033426515196574025,-0.12918355257024927,-0.024005094335362666,64666638.93000001,-48.583169704172505,33.76107731094975,51.416830295827495,-0.6929581035440258,0.0,,-2.13,1.0,0.3125,-1.2599999999999998,20676.0,True,True,0.5619678334910123,Household Appliances,Consumer Discretionary,98.0,103,"Uptrend (price > 50 > 150 > 200-day, 200-day rising); Within 15% of 52-week high; Quarterly profit growth >= 25%; 3-year profit growth >= 15%/yr; ROE >= 20%; RS rating >= 80; Net profit margin up vs a year ago",7
EPACKPEB,,,0.5615553723550426,,0.7204069767441861,0.0,0.0,0.6773788947469476,0.9753367210499676,0.03123991034019845,0.06766551754618577,0.03464399929860296,-0.04517132242916785,129949031.83,13.377134646823997,23.870792984357013,-37.72547107654327,0.3936383917410872,0.0,,-0.45999999999999996,1.0,12.670299727520437,0.06999999999999851,20666.0,True,True,,Industrial Products,Industrials,11.0,103,"Uptrend (price > 50 > 150 > 200-day, 200-day rising); Within 15% of 52-week high; Quarterly profit growth >= 25%; 3-year profit growth >= 15%/yr; ROE >= 20%; RS rating >= 80; Net profit margin up vs a year ago",7
EPIGRAL,-0.07126957102356257,-0.25464079074252655,0.3997736276174306,-0.9029948435729661,0.5850931677018634,0.0,0.0,-0.1018169690143334,1.061421259027855,0.02607548940179523,0.035736102626756194,-0.07879904270489202,-0.039792377315876266,48301608.55,-37.92469929784973,16.292412701553083,-31.148137612773127,-1.2635706704059861,0.0,-0.7209894896527458,-12.349999999999998,1.0,14.94822152183701,0.14999999999999947,20661.0,True,True,18.2639545884579,Specialty Chemicals,Commodities,38.0,103,"Uptrend (price > 50 > 150 > 200-day, 200-day rising); Within 15% of 52-week high; Quarterly profit growth >= 25%; Sales growth >= 20% or 2+ strong quarters; 3-year profit growth >= 15%/yr; ROE >= 20%; RS rating >= 80; Net profit margin up vs a year ago",8
EPL,0.022934341617650178,0.1907751750784834,0.15355822767042548,0.4401641031505773,0.8657081341458965,0.0,0.0,-0.9195643279844298,0.5941861497230484,0.02230485828325088,0.03435609334485723,-0.016403094372729576,-0.010896801489189128,386280820.94,-0.7399417102310957,25.273039082949733,0.6178143145104675,-0.03168090207826471,0.0,18.351411834343168,-1.9000000000000004,1.0,13.785864240727783,0.45000000000000284,20676.0,True,True,53.1996215704825,Packaging,Industrials,34.0,103,"Uptrend (price > 50 > 150 > 200-day, 200-day rising); Quarterly profit growth >= 25%; ROE >= 20%; RS rating >= 80; Net profit margin up vs a year ago",5
EQUITASBNK,0.028110709238203628,0.28750220341970767,0.3463594470046083,0.5738232005932888,0.8100119189511322,0.0,0.0,-0.4531800900717797,0.9968544932750545,0.01847106394000627,0.030133146461107208,-0.07311431408277069,-0.039030095168868115,114222297.51499999,100.0,18.894266341593593,-200.0,2.891212103355597,4.0,-8.565710010028527,22.939999999999998,1.0,1.6816326530612244,1.3400000000000034,20679.0,True,True,54.51087984862819,Other Bank,Financial Services,40.0,103,"Uptrend (price > 50 > 150 > 200-day, 200-day rising); Within 15% of 52-week high; 3-year profit growth >= 15%/yr; ROE >= 20%; RS rating >= 80",5
ERIS,-0.08749909920074857,-0.1778618732261117,-0.02146985962014858,-0.847950599705221,0.6808620689655173,0.0,0.0,-0.5854791473469585,9.178875719584044,0.01356131291131968,0.016179775280898756,-0.10289418285904672,-0.04194664596787696,74514608.75,14.574814865748674,12.968952134540746,-158.14125836652647,0.2886940677603158,0.0,21.89317447644923,0.23000000000000043,1.0,16.60261337432744,-0.2700000000000031,20663.0,True,True,12.737937559129612,Pharmaceuticals,Healthcare,27.0,103,"Uptrend (price > 50 > 150 > 200-day, 200-day rising); Within 15% of 52-week high; Quarterly profit growth >= 25%; Sales growth >= 20% or 2+ strong quarters; ROE >= 20%; RS rating >= 80",6
ESCORTS,-0.05025554460929783,-0.1595789711318678,0.04722388269629718,-0.6713288632096608,0.7050754802146546,0.0,0.0,0.4907086605984262,3.4699778368330882,0.014499028645181688,0.057586323248228544,-0.05242802470150998,-0.019542949581122893,188764360.5,23.574234680238337,28.29943401131978,6.402346311763662,1.715386967782649,1.0,20.11326436382024,-0.46000000000000085,1.0,19.348581588943667,-0.35999999999999943,20668.0,True,True,26.59981078524125,Tractors,Industrials,,103,"Uptrend (price > 50 > 150 > 200-day, 200-day rising); Within 15% of 52-week high; Quarterly profit growth >= 25%; ROE >= 20%; RS rating >= 80; Net profit margin up vs a year ago",6
ETERNAL,0.04441261110350671,0.011838006230529663,0.4016916968755395,0.07494187139729848,0.8929298412267608,0.0,0.0,0.6058615212351313,1.022776518839364,0.016936150583834388,0.027688542144714612,0.0231244791083578,-0.028348349072432305,7483032329.5,270.62967170962156,182.00083717036418,-29.37032829037844,0.40977422990037904,3.0,,0.11000000000000004,1.0,1.1814073595868302,-0.19000000000001194,20656.0,True,True,59.381267738883636,E-Retail/ E-Commerce,Consumer Discretionary,36.0,103,"Uptrend (price > 50 > 150 > 200-day, 200-day rising); 3-year profit growth >= 15%/yr; ROE >= 20%; RS rating >= 80",4
ETHOSLTD,0.02480071318182244,0.09173702313946208,0.2551002067044126,0.06714264577348662,0.8075418219908191,0.0,0.0,0.7154406474723755,1.4785552590423103,0.02584037310862759,0.02780520557683963,-0.03909320194732846,-0.020174824565156645,79576654.19999999,50.803341172193605,33.318895818895825,50.74596226594154,3.660152137724897,1.0,17.715707717958228,0.7199999999999998,1.0,6.451612903225806,0.759999999999998,20668.0,True,True,53.85525070955534,"Gems, Jewellery And Watches",Consumer Discretionary,10.0,103,"Uptrend (price > 50 > 150 > 200-day, 200-day rising); Within 15% of 52-week high; ROE >= 20%; RS rating >= 80",4
EUREKAFORB,-0.12779712491350761,-0.24745792426367463,-0.07359447501888428,-1.1857233153697944,0.529402962741284,0.0,0.0,-0.6066968320463044,3.213965082370711,0.017947942595678317,0.0340493935408448,-0.14705059836642587,-0.04514519430175483,75135661.35,10.338183469421569,15.222004704953363,5.352160024459329,0.6612304868230114,0.0,48.609710358468746,-0.27000000000000046,1.0,3.544248749728202,0.120000000000001,20661.0,True,True,4.776726584673605,Household Appliances,Consumer Discretionary,98.0,103,"Uptrend (price > 50 > 150 > 200-day, 200-day rising); Within 15% of 52-week high; Quarterly profit growth >= 25%; Sales growth >= 20% or 2+ strong quarters; ROE >= 20%; RS rating >= 80; Net profit margin up vs a year ago",7
EUROPRATIK,-0.08311353385454753,0.1376709702160297,0.19682639293558646,-0.4801022335734261,0.46158974358974364,0.0,0.0,-0.969857529716778,3.3212975836552014,0.02219857595025876,0.0077821011673151474,-0.30805982311361557,-0.11093381544190448,48977515.25,36.84868766431077,60.12707267937394,-12.646469499431959,1.170764948411774,2.0,,-3.3000000000000007,1.0,24.838709677419356,-0.07000000000000028,20675.0,True,True,13.861873226111635,"Furniture, Home Furnishing",Consumer Discretionary,,103,"Uptrend (price > 50 > 150 > 200-day, 200-day rising); Within 15% of 52-week high; 3-year profit growth >= 15%/yr; RS rating >= 80; Net profit margin up vs a year ago",5
EXCELSOFT,,,-0.0675640010556876,,0.5757767024335507,0.0,0.0,1.142338183492438,0.7179514165798038,0.02740173470057069,0.08934260063712718,0.0707448001711104,-0.029502727827859284,38417380.18000001,57.31042950473437,44.04163675520461,73.85019245285908,,1.0,,0.9700000000000006,1.0,7.439446366782007,-1.209999999999999,20672.0,True,True,,IT Enabled Services,Information Technology,51.0,103,"Uptrend (price > 50 > 150 > 200-day, 200-day rising); Within 15% of 52-week high; 3-year profit growth >= 15%/yr; ROE >= 20%; RS rating >= 80",5
EXICOM,0.07279267065860048,0.1387346631023374,0.9565422211753623,0.11829757634567256,0.8255537347359517,0.0,0.0,0.12714399713306662,0.5724207863220907,0.03226813823825255,0.07054716186119303,-0.03290249388171662,-0.03769949052818744,157918567.29500002,-100.0,61.24586012078708,0.0,-0.06276741801442524,0.0,,12.420000000000002,0.0,-42.08909370199693,-3.1500000000000004,20675.0,True,True,67.06149479659413,Heavy Electrical Equipment,Industrials,35.0,103,"Uptrend (price > 50 > 150 > 200-day, 200-day rising); Within 15% of 52-week high; Quarterly profit growth >= 25%; 3-year profit growth >= 15%/yr; ROE >= 20%; RS rating >= 80",6
EXIDEIND,0.01991005514462538,0.08796296296296302,0.4135338345864661,0.14756385688809592,0.8173851732473811,0.0,0.0,0.1678716314135397,0.7119946404173012,0.016977197952606812,0.041208791208791284,-0.07806510689445978,-0.02597320360220545,944861599.0999999,27.81124041794696,17.74736321968342,12.285619426251749,1.809593006193243,1.0,3.757841791057004,0.5,1.0,6.184825602301331,0.5,20664.0,True,True,52.450331125827816,Auto Components & Equipments,Consumer Discretionary,19.0,103,"Uptrend (price > 50 > 150 > 200-day, 200-day rising); Within 15% of 52-week high; Sales growth >= 20% or 2+ strong quarters; 3-year profit growth >= 15%/yr; ROE >= 20%; RS rating >= 80",6
FACT,-0.06208571011842892,-0.15111653317774354,0.03418416801292423,-0.4735277471533603,0.716984696769318,0.0,0.0,1.7784113067108327,0.8148030494824036,0.020937217544461165,0.049136351740382,-0.051904186111582984,-0.028052270649270974,78317804.0,-100.0,65.13660971961829,-186.9660819703273,-0.9614102977268665,0.0,-72.97148832487841,-5.17,0.0,2.9905178701677606,-0.04000000000000001,20481.0,True,True,22.10406811731315,Fertilizers,Commodities,68.0,103,"Uptrend (price > 50 > 150 > 200-day, 200-day rising); Within 15% of 52-week high; Quarterly profit growth >= 25%; 3-year profit growth >= 15%/yr; ROE >= 20%; RS rating >= 80; Net profit margin up vs a year ago",7
FCL,0.3561282233041018,0.9333067092651757,1.2845681925436523,2.1816402777707578,0.9487179487179488,0.0,1.0,0.28443048994806075,2.0784414692015445,0.03938663412906075,0.09998058629392359,0.2008844351583261,-0.036712057147573675,814972600.1099999,92.61126960736958,174.77201429926316,-25.01515202731653,2.225471830560528,2.0,15.836884873085255,-5.460000000000001,1.0,14.17233560090703,0.3200000000000003,20657.0,True,True,96.93945127719962,Specialty Chemicals,Commodities,38.0,103,ROE >= 20%; Net profit margin up vs a year ago,2
FDC,-0.08799271305679256,-0.24782560827920286,0.025056264066016576,-0.8964790440559335,0.7003568429890847,0.0,0.0,-0.8035091138159621,0.5533843873058272,0.01571603602967121,0.028085106382978564,-0.06637901122639744,-0.026164939575637088,41531810.8,9.134230649938303,2.973427306796639,-158.28439875566175,0.32671866807799044,0.0,9.743827459055954,1.120000000000001,1.0,11.30784708249497,-0.9800000000000004,20670.0,True,True,12.644276253547778,Pharmaceuticals,Healthcare,27.0,103,"Uptrend (price > 50 > 150 > 200-day, 200-day rising); Within 15% of 52-week high; Quarterly profit growth >= 25%; Sales growth >= 20% or 2+ strong quarters; 3-year profit growth >= 15%/yr; ROE >= 20%; RS rating >= 80",7
FEDERALBNK,0.11325303887990602,0.7964758627880306,0.2976840519676145,2.5420486166641525,0.8609093354856067,0.0,0.0,-0.28878853029715806,2.1339712975874185,0.016451357516269402,0.028755499685732433,-0.07378731262283189,-0.024625591076416615,1709593873.45,37.07249088426299,9.939251892085398,12.78843317137748,2.3916460668374064,2.0,11.880865779427975,3.280000000000001,1.0,11.215443398346778,0.5400000000000063,20651.0,True,True,77.17691579943236,Private Sector Bank,Financial Services,25.0,103,"Uptrend (price > 50 > 150 > 200-day, 200-day rising); 3-year profit growth >= 15%/yr; ROE >= 20%; RS rating >= 80",4
FEDFINA,-0.0016698763679257704,0.06202906350914983,0.1585204755614269,0.034310035518486,0.8444643657552667,0.0,0.0,0.0796241485540181,1.758100122277337,0.016844290376743246,0.02407774201535018,-0.02116776659734998,-0.011164620639408951,121677748.35,52.45509017959127,29.68060394889662,12.11096026438485,1.2300842966058698,4.0,23.929087980398766,2.5500000000000007,1.0,11.756664388243337,0.7100000000000009,20679.0,True,True,44.58278145695365,Non Banking Financial Company (NBFC),Financial Services,37.0,103,"Uptrend (price > 50 > 150 > 200-day, 200-day rising); Within 15% of 52-week high; ROE >= 20%; RS rating >= 80",4
FIEMIND,-0.051422798277878906,0.037963717896453364,0.025991034100639743,-0.2645968619590132,0.6652833856736952,0.0,0.0,-0.49386600998212293,1.1983095775936428,0.02306718125844567,0.025192989776757768,-0.1684400692725171,-0.03485779066006853,134275460.75,12.826704300982716,17.679465776293824,-13.916876032735814,1.9385083077085856,0.0,21.601850255698896,-0.3600000000000012,1.0,21.069958847736626,0.36999999999999744,20644.0,True,True,25.9441816461684,Auto Components & Equipments,Consumer Discretionary,19.0,103,"Uptrend (price > 50 > 150 > 200-day, 200-day rising); Within 15% of 52-week high; Quarterly profit growth >= 25%; Sales growth >= 20% or 2+ strong quarters; RS rating >= 80; Net profit margin up vs a year ago",6
FILATEX,0.41191011682188694,0.4853823814133591,0.8901207193890119,2.2742578727098746,0.9773565034228542,1.0,1.0,1.0193632868340212,0.8700035240535154,0.04271496483621783,0.14636065573770485,0.2974756548546982,-0.08327286628172176,299934427.015,19.572990890820343,9.138555364970436,21.84223980336485,0.6227633070969509,0.0,43.89090714546284,0.3700000000000001,1.0,12.167553191489363,-0.1299999999999999,20664.0,True,True,98.06338694418164,Other Textile Products,Consumer Discretionary,23.0,103,Quarterly profit growth >= 25%; Sales growth >= 20% or 2+ strong quarters; ROE >= 20%,3
FINCABLES,0.2218953818063062,0.5526957794584046,0.5958126998056794,1.837566946516879,0.9839786381842457,0.0,1.0,1.6100080529623002,0.5484883712742521,0.03243065439438736,0.06136919315403411,0.16350570425642585,-0.029590297113700908,873381872.7,53.173573583843535,44.258054345333655,36.109903095572,1.7142899659782784,1.0,13.648252920415782,0.7199999999999989,1.0,11.731843575418994,0.29999999999999716,20676.0,True,True,90.94512771996216,Cables - Electricals,Industrials,3.0,103,3-year profit growth >= 15%/yr; ROE >= 20%,2
FINEORG,0.062298876835230624,0.11877916018662504,0.1870602525611349,0.6553456180346109,0.9905187835420394,1.0,1.0,0.6360136173274243,2.548527647204947,0.016081046731046624,0.06276391554702498,0.08201040934269188,-0.019936915703118185,102014087.85,23.438462214005117,17.979876950270235,2.4902780694257665,1.854404800685414,2.0,-7.748510989691459,0.879999999999999,1.0,15.653153153153154,-0.0600000000000005,20662.0,True,True,64.90728476821192,Specialty Chemicals,Commodities,38.0,103,Quarterly profit growth >= 25%; 3-year profit growth >= 15%/yr; ROE >= 20%; RS rating >= 80,4
FINOPB,-0.10704210592035919,-0.46364505641614073,0.15140816158962123,-0.8508422159252516,0.37843657817109144,0.0,0.0,-0.6170902981472065,0.431326948302851,0.03740119939746728,0.016782911944202228,-0.11306379801443556,-0.029588782868304738,30386036.47,-100.0,18.429250696835542,-34.96256895997536,-4.689228862537574,0.0,-30.76117470452726,-48.11,0.0,6.459627329192546,-1.42,20679.0,True,True,8.52317880794702,Other Bank,Financial Services,40.0,103,"Uptrend (price > 50 > 150 > 200-day, 200-day rising); Within 15% of 52-week high; Quarterly profit growth >= 25%; Sales growth >= 20% or 2+ strong quarters; 3-year profit growth >= 15%/yr; ROE >= 20%; RS rating >= 80; Net profit margin up vs a year ago",8
FINPIPE,-0.07255439826947611,-0.23690150314556013,-0.0011315061604224574,-0.9409985892107392,0.7387318563789153,0.0,0.0,-0.01619264924453606,1.0985493841255678,0.013924107430405614,0.03623334003080836,-0.023392624947925267,-0.011290700058702044,56925742.86,16.657990901933317,-15.296937161482049,-42.10445250051149,0.2574591126725368,0.0,32.25760080832496,3.5500000000000007,1.0,9.637972646822204,-1.4400000000000013,20671.0,True,True,17.42100283822138,Plastic Products - Industrial,Industrials,48.0,103,"Uptrend (price > 50 > 150 > 200-day, 200-day rising); Within 15% of 52-week high; Quarterly profit growth >= 25%; Sales growth >= 20% or 2+ strong quarters; ROE >= 20%; RS rating >= 80",6
FIVESTAR,0.024506500982354868,0.04772170504654594,0.4825291181364393,0.019570194575954172,0.7722972972972973,0.0,0.0,0.3018804042687009,2.153162892711519,0.02116210514790706,0.04734686100790708,-0.036196729421155704,-0.028955490820549677,260890711.27500004,1.921532662103198,5.377027508008347,5.44203630073985,0.16860782765936067,0.0,19.445716948532986,-1.1099999999999994,1.0,14.889581357539628,0.2599999999999909,20679.0,True,True,53.66792809839168,Non Banking Financial Company (NBFC),Financial Services,37.0,103,"Uptrend (price > 50 > 150 > 200-day, 200-day rising); Within 15% of 52-week high; Quarterly profit growth >= 25%; Sales growth >= 20% or 2+ strong quarters; ROE >= 20%; RS rating >= 80; Net profit margin up vs a year ago",7
FLUOROCHEM,0.08369014474391243,0.27605327534656166,0.4654596535039801,0.7886388958115279,0.923027284276755,0.0,0.0,0.20548708598897264,1.064716259387384,0.02057443133289274,0.033274639938597694,-0.0002769485338763866,-0.016557199935956744,558465257.55,20.301642420676558,23.9656518345043,67.04055145446327,0.5013590320849853,1.0,-20.536117276005317,-0.4200000000000017,1.0,7.29722857869311,-0.019999999999999574,20677.0,True,True,69.96499526963103,Specialty Chemicals,Commodities,38.0,103,"Uptrend (price > 50 > 150 > 200-day, 200-day rising); Quarterly profit growth >= 25%; 3-year profit growth >= 15%/yr; ROE >= 20%; RS rating >= 80; Net profit margin up vs a year ago",6
FMGOETZE,-0.028968710406265964,0.1766848816029145,0.4692362939909027,-0.3041705629445466,0.6995788488535329,0.0,0.0,2.0446839253995575,0.16652544733023905,0.03678359216843258,0.03934167512118125,-0.07739778863461044,-0.025761269674603432,57184266.5,0.4109256550449025,8.807658114003347,14.827177565352534,0.024396390452136638,0.0,17.29942336625363,-0.7200000000000006,1.0,12.386917188587335,0.010000000000000009,20677.0,True,True,34.37369914853359,Auto Components & Equipments,Consumer Discretionary,19.0,103,"Uptrend (price > 50 > 150 > 200-day, 200-day rising); Within 15% of 52-week high; Quarterly profit growth >= 25%; Sales growth >= 20% or 2+ strong quarters; ROE >= 20%; RS rating >= 80; Net profit margin up vs a year ago",7
FORCEMOT,-0.01638825951262926,0.007368178678333059,-0.171636845593108,-0.03348467379798425,0.6468809073724008,0.0,0.0,0.06787806977872164,1.449609409221422,0.017652643038140903,0.047248631518294504,-0.03310499315657589,-0.016070668680597835,1118621935.0,22.81038469909675,6.214386766786384,-33.72462590405259,0.6201578010460672,15.0,114.53476194063951,1.200000000000001,1.0,28.898426323319025,-1.7100000000000009,20663.0,True,True,39.244087038789026,Passenger Cars & Utility Vehicles,Consumer Discretionary,100.0,103,"Uptrend (price > 50 > 150 > 200-day, 200-day rising); Within 15% of 52-week high; Quarterly profit growth >= 25%; RS rating >= 80",4
FORTIS,-0.0711855874581545,-0.01634950415438219,0.16323296354992078,-0.6680955550372516,0.6918409852395183,0.0,0.0,-0.5387675247538057,4.591707979147074,0.016054639453966832,0.01948051948051943,-0.14961632558564042,-0.06714437704912628,952766314.8499999,3.3094129319287013,17.460031753064563,-18.806321598695796,0.26300955851762936,0.0,24.628078481886217,-1.4299999999999997,1.0,10.751818916734033,0.09999999999999432,20652.0,True,True,18.544938505203405,Hospital,Healthcare,65.0,103,"Uptrend (price > 50 > 150 > 200-day, 200-day rising); Within 15% of 52-week high; Quarterly profit growth >= 25%; Sales growth >= 20% or 2+ strong quarters; ROE >= 20%; RS rating >= 80; Net profit margin up vs a year ago",7
FOSECOIND,0.08402340580840476,0.10127019787436264,0.37801660755989985,0.2847454299539834,0.8715068678530347,0.0,1.0,0.11909439982908351,1.0121666913413327,0.022970990772775767,0.10010444283763165,0.08673641579480251,-0.027955083558415993,58966483.0,-15.749243362521648,-24.318932530987336,-62.773605856786695,-0.8669549642203597,0.0,26.719541822061267,1.5999999999999996,1.0,7.232401157184184,-0.1999999999999999,20678.0,True,True,70.05865657521286,Specialty Chemicals,Commodities,38.0,103,Quarterly profit growth >= 25%; Sales growth >= 20% or 2+ strong quarters; ROE >= 20%; RS rating >= 80,4
FSL,-0.02977037446622339,-0.24544937428896474,0.21820185508311152,-0.5207008921519876,0.7000672494956288,0.0,0.0,0.8322960103106599,1.7159468085228127,0.03541932551592617,0.14438610662358653,-0.04583021387335373,-0.038899141797518924,220776910.2,29.94835460347098,22.87195905575721,2.220815024427388,3.8003945616790844,6.0,12.900148955393353,0.4400000000000004,1.0,15.370581527936144,-0.5499999999999972,20649.0,True,True,33.999053926206244,Business Process Outsourcing (BPO)/ Knowledge Process Outsourcing (KPO),Services,17.0,103,"Uptrend (price > 50 > 150 > 200-day, 200-day rising); Within 15% of 52-week high; 3-year profit growth >= 15%/yr; ROE >= 20%; RS rating >= 80",5
FUSION,-0.04101877848424933,0.049773993482602696,0.3533676649952566,-0.24783818008561573,0.6954732510288066,0.0,0.0,0.2146566861525357,2.059106198942816,0.023037912852095284,0.017323386571872046,-0.13296606665182287,-0.03978988289390346,104654402.59,100.0,3.592746676313663,0.0,0.31549968026463987,3.0,-26.962082754857164,34.48,1.0,0.5700325732899023,0.8399999999999999,20679.0,True,True,29.87795648060549,Microfinance Institutions,Financial Services,54.0,103,"Uptrend (price > 50 > 150 > 200-day, 200-day rising); Within 15% of 52-week high; 3-year profit growth >= 15%/yr; ROE >= 20%; RS rating >= 80",5
GABRIEL,0.0531369023507597,0.08733941989173455,0.5350747119881372,0.18321902199300266,0.8455625000000001,0.0,0.0,0.533676624317771,0.730233639084845,0.03375241355029682,0.14035495621173388,-0.0335600194302369,-0.041142879309426825,322795912.5,2.5159763836314575,15.499530120872373,-83.62229568147279,0.14130309483443076,0.0,36.754163335899804,-0.9599999999999991,1.0,18.421052631578945,-3.59,20655.0,True,True,62.09744560075686,Auto Components & Equipments,Consumer Discretionary,19.0,103,"Uptrend (price > 50 > 150 > 200-day, 200-day rising); Within 15% of 52-week high; Quarterly profit growth >= 25%; Sales growth >= 20% or 2+ strong quarters; ROE >= 20%; RS rating >= 80; Net profit margin up vs a year ago",7
GAEL,0.09714315137023574,0.6220218319886095,0.21752760954755979,1.4988597607521599,0.8801016271149792,0.0,0.0,0.33533185343427024,0.42148989292608535,0.027546409216250716,0.03889737713267105,-0.029782882559690194,-0.014745347215660783,146819730.075,171.67248491625244,23.46522308186767,-128.32751508374756,2.3277138191422186,2.0,13.528902603907799,6.05,1.0,9.226100151745069,0.6699999999999999,20666.0,True,True,73.80510879848629,Other Agricultural Products,Fast Moving Consumer Goods,64.0,103,"Uptrend (price > 50 > 150 > 200-day, 200-day rising); 3-year profit growth >= 15%/yr; ROE >= 20%; RS rating >= 80",4
GAIL,0.005624317544613943,0.015405185443552849,0.23241374444366047,0.0013800775874897233,0.920854069674105,0.0,0.0,-0.01958811450411455,1.369860875355591,0.013911053426494593,0.027343283582089706,-0.009089108272332225,-0.00949664897195016,1205712196.3200002,96.00864327733143,16.671811474602016,136.97672469056553,2.7884237602713724,1.0,33.604701154409675,4.59,1.0,8.514413412840122,0.5500000000000043,20665.0,True,True,46.83065279091769,Gas Transmission/Marketing,Energy,,103,"Uptrend (price > 50 > 150 > 200-day, 200-day rising); Sales growth >= 20% or 2+ strong quarters; ROE >= 20%; RS rating >= 80",4
GALAPREC,0.10496899789615764,0.3365459755144571,0.39961811238406986,1.1312603872972304,0.9214285714285714,0.0,1.0,0.08491615856877327,2.2278578460700253,0.03049591383049197,0.10037807183364844,0.08777939346695263,-0.063749433375929,34159723.349999994,26.487967310529893,19.49904882688649,5.07150245204997,1.170664406005819,4.0,,0.6099999999999994,1.0,11.945392491467576,0.3200000000000003,20671.0,True,True,75.49101229895932,Industrial Products,Industrials,11.0,103,3-year profit growth >= 15%/yr; ROE >= 20%; RS rating >= 80,3
GALAXYSURF,0.07682298284045133,0.030905178334325267,0.36023681507883776,0.3233690458399251,0.922356495468278,0.0,1.0,0.28547230938630297,3.5082551561934237,0.033393010908177714,0.0539642422540485,0.11007989266440066,-0.03569863057230558,61790591.0,108.70793304795532,39.43752347564793,126.44052602501483,9.491275533127931,1.0,0.7080096158131655,3.0900000000000007,1.0,9.730320699708454,0.22999999999999687,20652.0,True,True,68.37275307473983,Specialty Chemicals,Commodities,38.0,103,3-year profit growth >= 15%/yr; ROE >= 20%; RS rating >= 80,3
GALLANTT,-0.07022839561857716,-0.12719097698521575,0.030131318582478972,-0.35457840135138835,0.5591244725738396,0.0,0.0,-0.20353645346923013,0.6840696376096109,0.024152532332764334,0.024288027431183856,-0.06853200433003903,-0.017437440389056473,30484188.7,-28.869811697503266,1.5863022930004078,-34.40747139373788,-1.4323879580597685,0.0,43.60150388562785,-4.620000000000001,1.0,14.595898673100121,-0.06999999999999998,20661.0,True,True,19.200567644276255,Iron & Steel Products,Industrials,16.0,103,"Uptrend (price > 50 > 150 > 200-day, 200-day rising); Within 15% of 52-week high; Quarterly profit growth >= 25%; Sales growth >= 20% or 2+ strong quarters; ROE >= 20%; RS rating >= 80; Net profit margin up vs a year ago",7
GANDHAR,0.2731787572412386,0.906731317741015,1.1134998419222257,2.0366405449973994,0.9318204307814097,0.0,1.0,-0.15287330645077887,0.27825387467887985,0.03954567919273121,0.043884754817782756,0.10400035015373921,-0.028787349651348618,230218356.2,300.0,91.80583857535218,98.90487877314845,8.029069580766095,4.0,17.158671719306206,9.0,1.0,10.125646711012564,2.06,20656.0,True,True,93.66130558183538,Lubricants,Energy,5.0,103,ROE >= 20%,1
GANECOS,-0.03778826436477606,-0.14865431374193017,-0.085348826735126,-0.33601171307583944,0.7808359621451104,0.0,0.0,-0.7136183562869869,0.4870903682763106,0.020943523080977668,0.050909090909091015,-0.06061994719130004,-0.018439992769196983,72920641.5,169.86283778656897,25.673350735643098,172.27297454988488,0.917744378476771,1.0,-1.8323158574955922,3.6599999999999997,1.0,2.978056426332288,-2.8599999999999994,20668.0,True,True,31.18921475875118,Other Textile Products,Consumer Discretionary,23.0,103,"Uptrend (price > 50 > 150 > 200-day, 200-day rising); Within 15% of 52-week high; 3-year profit growth >= 15%/yr; ROE >= 20%; RS rating >= 80",5
GARUDA,-0.013710617641934089,-0.04510756419153372,0.19237435008665504,-0.14112979257937425,0.6953870838347372,0.0,0.0,0.894514794027934,0.3543392324428708,0.02061222363430113,0.027878855735318897,-0.028879301169534854,-0.019682802069849212,64200086.754999995,48.396756981117804,40.124640460210934,-42.3264761332002,1.589068567938019,6.0,,1.3200000000000003,1.0,26.813186813186814,-0.26000000000000023,20675.0,True,True,40.08703878902554,Civil Construction,Industrials,89.0,103,"Uptrend (price > 50 > 150 > 200-day, 200-day rising); Within 15% of 52-week high; 3-year profit growth >= 15%/yr; RS rating >= 80",4
GATEWAY,-0.06508681034453079,-0.11626398573050112,0.0034984349106979007,-0.5650776095498768,0.7782023845918679,0.0,0.0,-0.14520447284464919,1.5777263741343959,0.01505670330552992,0.009113825867752556,-0.06325555036266428,-0.010603055408331744,42245725.53,-19.457724041654334,-0.20529404283923247,-45.79775566771835,-1.0377202202174771,0.0,0.2795846438643279,-2.1800000000000015,1.0,11.295246402093326,-1.25,20670.0,True,True,21.073793755912963,Logistics Solution Provider,Services,67.0,103,"Uptrend (price > 50 > 150 > 200-day, 200-day rising); Within 15% of 52-week high; Quarterly profit growth >= 25%; Sales growth >= 20% or 2+ strong quarters; 3-year profit growth >= 15%/yr; ROE >= 20%; RS rating >= 80; Net profit margin up vs a year ago",8
GCSL,0.32279676904815857,1.2652509652509654,0.7502983293556087,3.184453803230064,0.9954039497307001,1.0,1.0,0.9036044703507963,0.5800092813268486,0.02690429753775164,0.04071674939008996,0.21826028107614004,-0.04691890977544024,301511772.525,300.0,70.70063694267516,200.0,0.6399336449799055,3.0,15.474369420425681,29.749999999999996,1.0,16.470588235294116,0.48,20644.0,True,True,95.53453169347209,Other Capital Market related Services,Financial Services,,103,ROE >= 20%,1
GENESYS,0.09027038039517692,-0.3559836848043044,0.3778314147790567,-0.16605060813746914,0.7212333197575526,0.0,0.0,1.058698084605133,0.6108638587721974,0.056983172059299994,0.1999916722185211,0.2676195111927795,-0.020949898342824735,143340153.72,-24.35905020918405,14.801749682517285,8.725979763205483,-0.179473452288406,0.0,67.29456540257392,-3.3599999999999994,1.0,4.6875,-0.6100000000000003,20679.0,True,True,71.55723746452223,IT Enabled Services,Information Technology,51.0,103,"Uptrend (price > 50 > 150 > 200-day, 200-day rising); Within 15% of 52-week high; Quarterly profit growth >= 25%; Sales growth >= 20% or 2+ strong quarters; ROE >= 20%; RS rating >= 80; Net profit margin up vs a year ago",7
GENUSPOWER,0.01579252953900474,0.13048687144330917,0.4548802946593,0.052799306161843404,0.8558295027162558,0.0,0.0,0.362170616041283,1.6783098373982936,0.024854112544859183,0.09616413916146294,-0.027937309550705836,-0.03444367961159187,491381670.075,43.23673233836569,44.82714713185205,2.24701316421492,2.210359874658136,10.0,153.31476947787328,-0.16000000000000014,1.0,26.690712353471596,-0.46000000000000085,20678.0,True,True,50.38978240302743,Other Electrical Equipment,Industrials,50.0,103,"Uptrend (price > 50 > 150 > 200-day, 200-day rising); RS rating >= 80; Net profit margin up vs a year ago",3
GESHIP,0.11780927007120169,0.3602652999698521,-0.05973881633787159,1.5519392443334317,0.8523915461624026,0.0,0.0,0.8007024282473778,2.2184085060462517,0.017633892745929095,0.036938761259688535,0.10445240030670422,-0.03712010330194597,1047657023.1,159.44610485322102,66.90886996762298,-28.082388161727238,2.1134189719313534,4.0,13.27208409568097,23.279999999999994,1.0,17.349525437717382,0.15000000000000568,20644.0,True,True,78.20719016083254,Shipping,Services,2.0,103,"Uptrend (price > 50 > 150 > 200-day, 200-day rising); 3-year profit growth >= 15%/yr; ROE >= 20%; RS rating >= 80",4
GHCL,-0.07466573688479272,-0.24858320453374538,-0.03665785997357984,-1.1105889850443729,0.6127847721822541,0.0,0.0,-0.45525129286294486,4.303559933571654,0.008767790565606715,0.017039800995025,-0.04895823883395323,-0.020338048790104063,46478735.6,-23.040878844003743,1.1567942467401116,14.033631303417394,-0.5378811026544537,0.0,-23.78796731052327,-4.6,1.0,13.288288288288289,-1.5900000000000034,20578.0,True,True,16.57805108798486,Commodity Chemicals,Commodities,41.0,103,"Uptrend (price > 50 > 150 > 200-day, 200-day rising); Within 15% of 52-week high; Quarterly profit growth >= 25%; Sales growth >= 20% or 2+ strong quarters; 3-year profit growth >= 15%/yr; ROE >= 20%; RS rating >= 80; Net profit margin up vs a year ago",8
GHCLTEXTIL,0.1676748453287307,0.7841261633919339,0.8917214912280704,1.752292921260555,0.9100214399336054,0.0,1.0,-0.07389546255256667,0.534958317512312,0.025814288151097008,0.04023773190908364,0.04226900647794185,-0.041663376868617964,76678418.45,190.94694881252826,52.73202614379085,96.16139210956662,4.165932721414136,3.0,,4.569999999999999,1.0,4.660452729693742,-4.119999999999999,20679.0,True,True,84.9508041627247,Other Textile Products,Consumer Discretionary,23.0,103,3-year profit growth >= 15%/yr; ROE >= 20%,2
GICRE,-0.05105254769712904,-0.009869335557408987,-0.05917316074494794,-0.5336213996451814,0.7518841966742433,0.0,0.0,0.3221706697417971,1.099189904306649,0.01242797460699025,0.034035909445745416,-0.0987696808052998,-0.03434285627490673,218181984.3,-31.10423795734785,-1.5205911677697026,-32.4245698379656,-1.7119692031363467,0.0,7.441020996680825,-5.199999999999999,1.0,13.708659071239056,4.559999999999999,20678.0,True,True,26.13150425733207,General Insurance,Financial Services,86.0,103,"Uptrend (price > 50 > 150 > 200-day, 200-day rising); Within 15% of 52-week high; Quarterly profit growth >= 25%; Sales growth >= 20% or 2+ strong quarters; 3-year profit growth >= 15%/yr; ROE >= 20%; RS rating >= 80; Net profit margin up vs a year ago",8
GILLETTE,-0.07644633060288397,-0.22961485990135377,-0.02993062438057481,-1.1500448132898715,0.7104600825531058,0.0,0.0,-0.3436644494120103,1.840772349464446,0.009909759972678543,0.02032382629903129,-0.04626628861493054,-0.01744553766900535,112999081.75,9.452391442924245,10.796354992076074,-11.858054124426243,0.8975647056256882,0.0,23.387229858248084,-0.25,1.0,69.06019007391764,-0.5199999999999996,20679.0,True,True,15.828760643330181,Personal Care,Fast Moving Consumer Goods,70.0,103,"Uptrend (price > 50 > 150 > 200-day, 200-day rising); Within 15% of 52-week high; Quarterly profit growth >= 25%; Sales growth >= 20% or 2+ strong quarters; RS rating >= 80; Net profit margin up vs a year ago",6
GIPCL,0.019667297673630055,0.13342413511304807,0.5996924259900036,-0.14530071660814717,0.8221623919512541,0.0,0.0,0.7239355478716192,1.0850752088254476,0.021906645379029338,0.025251444468221695,-0.04183428786587651,-0.031193893622192805,71957798.00999999,174.77097179559559,34.38845822566752,-125.22902820440441,1.0569515595075203,2.0,40.0129765550816,16.159999999999997,1.0,10.46875,0.05999999999999961,20679.0,True,True,52.356669820245976,Power Generation,Utilities,84.0,103,"Uptrend (price > 50 > 150 > 200-day, 200-day rising); Within 15% of 52-week high; ROE >= 20%; RS rating >= 80",4
GKENERGY,-0.0705657695792441,-0.2276737808513175,0.3979712959965469,-0.6060300432142149,0.47767111853088484,0.0,0.0,0.48732296690370036,2.208878249979754,0.021926486125847845,0.05694247307339073,-0.10075051385684919,-0.04119700169430593,40327729.055,59.875518146277095,55.54358200683518,27.715506885039943,4.427765829542739,9.0,,0.3200000000000003,1.0,22.972972972972975,-0.6199999999999974,20672.0,True,True,19.013245033112582,Civil Construction,Industrials,89.0,103,"Uptrend (price > 50 > 150 > 200-day, 200-day rising); Within 15% of 52-week high; 3-year profit growth >= 15%/yr; RS rating >= 80",4
GLAND,0.14641548401808085,0.4850620499463767,0.7220774606182638,1.6048984790767449,0.988198553583169,0.0,1.0,0.7703151440780405,1.293274875665366,0.021213770700734193,0.03249184269277006,0.06338572733376391,-0.014749451412561954,1130343007.25,47.14380811716001,19.570011025358337,-49.44722904263133,1.3807282251747168,3.0,13.646928854248053,3.299999999999999,1.0,9.91599884136333,-1.4699999999999989,20666.0,True,True,82.70293282876065,Pharmaceuticals,Healthcare,27.0,103,3-year profit growth >= 15%/yr; ROE >= 20%,2
GLAXO,0.038479110789761094,0.09919922167340212,0.2708198139736102,0.12208403742949034,0.882814753100266,0.0,0.0,1.016147699956805,0.5981546651125906,0.018133405356946266,0.028660723798700216,-0.019931498369991307,-0.017897087462312757,173996891.25,15.681994661737363,16.55178409528424,9.975038191725249,1.3752558007619768,0.0,19.819864262324096,-0.19000000000000128,1.0,45.69916188795765,0.29999999999999893,20668.0,True,True,58.070009460737936,Pharmaceuticals,Healthcare,27.0,103,"Uptrend (price > 50 > 150 > 200-day, 200-day rising); Quarterly profit growth >= 25%; Sales growth >= 20% or 2+ strong quarters; RS rating >= 80; Net profit margin up vs a year ago",5
GLENMARK,0.03669434697148737,0.24714713191662008,0.1755425948943492,0.6411189151399871,0.9107030264817151,0.0,0.0,-0.014219200475781778,2.392874169841821,0.016538622064123737,0.049791460635507656,-0.01996207070861289,-0.02608852465823429,1116293997.0,85.03306744291646,23.098601904155068,33.081005435181474,0.2467141882621776,4.0,58.6569398753869,4.02,1.0,12.95662100456621,-0.14000000000000057,20665.0,True,True,57.32071901608325,Pharmaceuticals,Healthcare,27.0,103,"Uptrend (price > 50 > 150 > 200-day, 200-day rising); ROE >= 20%; RS rating >= 80",3
GLOBUSSPR,-0.06853176135855672,-0.12062535857716583,0.06256499133448878,-0.6111018714699521,0.6487068965517242,0.0,0.0,0.07600644500873992,1.4609635954933442,0.01630332457175991,0.028929543584224948,-0.06512383916955111,-0.021861891692485366,56670733.474999994,49.686312864575434,12.710229627195169,-250.31368713542457,0.35866651668340305,4.0,-18.32100886863688,0.8300000000000001,1.0,8.340971585701192,6.210000000000001,20651.0,True,True,20.51182592242195,Breweries & Distilleries,Fast Moving Consumer Goods,55.0,103,"Uptrend (price > 50 > 150 > 200-day, 200-day rising); Within 15% of 52-week high; 3-year profit growth >= 15%/yr; ROE >= 20%; RS rating >= 80",5
GMDCLTD,-0.0654931813194345,-0.03930390492359925,-0.028333476431699145,-0.353242221405337,0.6368052856587642,0.0,0.0,0.3794674103050195,1.189554943514418,0.017452808191751656,0.020175753228120596,-0.12222430557415687,-0.055819524868203026,424737339.7,-0.16423256691713295,23.75648375648376,24.481011576609415,-0.006834541932429043,0.0,-19.12233704656736,-4.32,1.0,13.530326594090203,-0.22999999999999865,20665.0,True,True,20.980132450331126,Industrial Minerals,Commodities,82.0,103,"Uptrend (price > 50 > 150 > 200-day, 200-day rising); Within 15% of 52-week high; Quarterly profit growth >= 25%; 3-year profit growth >= 15%/yr; ROE >= 20%; RS rating >= 80; Net profit margin up vs a year ago",7
GMMPFAUDLR,0.28474211017697426,0.012926967352330676,0.26153122980198584,0.958361150597222,0.929642670839854,0.0,0.0,1.6560500656219528,1.057896701924659,0.030057339101102566,0.07648749891105489,0.24268808328633784,-0.039045289214695765,280121910.25,117.31801806053745,16.38789251777737,115.02841932777304,0.4960056965964025,1.0,-14.434981570395578,1.11,1.0,4.3153526970954355,-1.9199999999999946,20647.0,True,True,94.03595080416272,Industrial Products,Industrials,11.0,103,"Uptrend (price > 50 > 150 > 200-day, 200-day rising); Sales growth >= 20% or 2+ strong quarters; 3-year profit growth >= 15%/yr; ROE >= 20%",4
GMRAIRPORT,-0.008997584404212243,0.10987626031164077,0.09001912906492637,0.2092777469759672,0.8047388446904186,0.0,0.0,-0.4684207361695612,1.5326448481306114,0.016401781318842405,0.044823232323232265,-0.06610521921338486,-0.027802474514418044,977150183.01,100.0,23.7627252958446,0.0,0.6929402607366903,4.0,-66.33380731916031,7.85,1.0,-17.182380779031668,1.7799999999999976,20677.0,True,True,41.58561967833491,Airport & Airport services,Services,,103,"Uptrend (price > 50 > 150 > 200-day, 200-day rising); Within 15% of 52-week high; 3-year profit growth >= 15%/yr; ROE >= 20%; RS rating >= 80",5
GMRPandUI,-0.015562647782209086,-0.19301179369829258,-0.07196356275303639,-0.26026731621707294,0.7500366837857667,0.0,0.0,0.04514629456084578,2.5512425276716333,0.019385623906797923,0.04626687847498001,0.05911263703817271,-0.04812625887265644,104375110.09,-100.0,3.4414146622584907,0.0,0.35695107329770226,0.0,,2.81,0.0,32.247899159663866,12.819999999999999,20679.0,True,True,39.7123935666982,Power Generation,Utilities,84.0,103,"Uptrend (price > 50 > 150 > 200-day, 200-day rising); Within 15% of 52-week high; Quarterly profit growth >= 25%; Sales growth >= 20% or 2+ strong quarters; 3-year profit growth >= 15%/yr; RS rating >= 80",6
GNA,0.21860232231151566,0.714654199580848,0.43226501481281976,2.103136805935396,0.9503086419753086,1.0,1.0,0.8103211804803024,1.4342650198540414,0.03208151634296947,0.06231638921036242,0.1125082200591121,-0.04957084455113537,167540094.6,66.33928911590843,36.672380232997305,45.20619028909607,3.0083608108381306,3.0,-1.0131860581121255,1.450000000000001,1.0,11.653386454183266,1.0199999999999996,20650.0,True,True,90.66414380321665,Auto Components & Equipments,Consumer Discretionary,19.0,103,3-year profit growth >= 15%/yr; ROE >= 20%,2
GNFC,0.10745159773696215,0.1810778202292378,0.47316277903185355,0.8106108252532744,0.9897798742138365,1.0,1.0,1.1536860839269971,2.503469244391907,0.02258829641570476,0.08355720240852249,0.0973245849515747,-0.04524107125369683,299804181.5,276.1852510134833,39.78763272954404,188.60069106636212,2.8044791655201062,2.0,1.6192491358559158,8.76,1.0,8.875479978058145,1.009999999999998,20670.0,True,True,75.86565752128666,Commodity Chemicals,Commodities,41.0,103,3-year profit growth >= 15%/yr; ROE >= 20%; RS rating >= 80,3
GOCLCORP,0.018070763107436973,0.20310055468638888,0.5535353535353535,0.1268920328273555,0.8072171651495449,0.0,0.0,1.1939512445431608,0.7461946156557234,0.029147810019313075,0.07118205349439166,-0.08320902686496623,-0.10135796281304867,36989578.4,-5.92002045075033,26.54867256637168,-124.05733638419376,-0.06084770091241813,0.0,41.789494285495124,-331.1199999999999,1.0,48.425071587655104,0.33999999999999986,20678.0,True,True,51.794701986754966,Explosives,Commodities,14.0,103,"Uptrend (price > 50 > 150 > 200-day, 200-day rising); Within 15% of 52-week high; Quarterly profit growth >= 25%; RS rating >= 80; Net profit margin up vs a year ago",5
GOCOLORS,-0.14076778482378965,-0.5306315483119908,0.17899700270487617,-1.0718566988633715,0.4283318191348102,0.0,0.0,0.6547845818014438,0.621740846281001,0.02489562621093063,0.04661885245901631,-0.05063291139240522,-0.024000187569999522,33170133.299999997,-25.922601684393186,0.004487726069202225,34.13753996255086,-0.7093091886562338,0.0,-14.232279609097553,-2.59,1.0,8.5383502170767,-3.4600000000000044,20679.0,True,True,3.0908230842005677,Speciality Retail,Consumer Discretionary,97.0,103,"Uptrend (price > 50 > 150 > 200-day, 200-day rising); Within 15% of 52-week high; Quarterly profit growth >= 25%; Sales growth >= 20% or 2+ strong quarters; 3-year profit growth >= 15%/yr; ROE >= 20%; RS rating >= 80; Net profit margin up vs a year ago",8
GODFRYPHLP,-0.11475939275684924,-0.37709412123058184,0.07073668778470066,-0.8946679765017234,0.536723163841808,0.0,0.0,0.20993371703444555,0.8043723264544949,0.021366410453514065,0.03860010293360783,-0.0821229433515267,-0.02712618216054997,387887788.1,-44.29997922199771,-18.886421746736648,-121.50109638859848,-2.434088795067282,0.0,19.4361781526732,-7.509999999999998,1.0,24.56535737282679,0.27000000000000135,20661.0,True,True,6.649952696310312,Cigarettes & Tobacco Products,Fast Moving Consumer Goods,,103,"Uptrend (price > 50 > 150 > 200-day, 200-day rising); Within 15% of 52-week high; Quarterly profit growth >= 25%; Sales growth >= 20% or 2+ strong quarters; RS rating >= 80; Net profit margin up vs a year ago",6
GODIGIT,-0.09096382852526318,-0.2650705429670799,-0.19622817955112215,-0.9941472242821866,0.6914438502673798,0.0,0.0,0.5788410895193373,3.507705399569176,0.024270358547818515,0.03764288529759563,0.005932120976368971,-0.02777624820585846,70881431.7,-37.57382409298381,8.544390130457934,-66.66509184532005,-2.7002070865151215,0.0,,-2.6300000000000003,1.0,11.668811668811669,0.610000000000003,20679.0,True,True,11.520340586565752,General Insurance,Financial Services,86.0,103,"Uptrend (price > 50 > 150 > 200-day, 200-day rising); Within 15% of 52-week high; Quarterly profit growth >= 25%; Sales growth >= 20% or 2+ strong quarters; 3-year profit growth >= 15%/yr; ROE >= 20%; RS rating >= 80; Net profit margin up vs a year ago",8
GODREJAGRO,0.01884501150283968,-0.07942162615255643,0.15666140073723,-0.30547312541732147,0.8914718019257222,0.0,1.0,1.7431711308439723,0.40503149069853633,0.020873183018110947,0.03202295107389319,0.05526934524778726,-0.022396953371108155,114697163.4,-13.81734085664541,9.215886531333538,-68.28616922869597,-1.175206763655481,0.0,12.382735748155515,-1.2000000000000002,1.0,21.8996062992126,-0.41999999999999815,20647.0,True,True,52.07568590350048,Animal Feed,Fast Moving Consumer Goods,,103,Quarterly profit growth >= 25%; Sales growth >= 20% or 2+ strong quarters; 3-year profit growth >= 15%/yr; RS rating >= 80; Net profit margin up vs a year ago,5
GODREJCP,-0.08889954221726021,-0.24392129908067706,-0.11540008041817451,-0.9527346877085194,0.6849046235968286,0.0,0.0,-0.935380985359759,0.9407497360236592,0.01904589418828995,0.04241338112305848,-0.06370758917313302,-0.01614533896830208,1011102236.5,10.50419507154996,15.391358489947727,-8.967848776008823,0.6351918878054621,0.0,5.416289384859985,-0.5399999999999991,1.0,14.713788741302972,-0.030000000000001137,20650.0,True,True,12.550614947965942,Personal Care,Fast Moving Consumer Goods,70.0,103,"Uptrend (price > 50 > 150 > 200-day, 200-day rising); Within 15% of 52-week high; Quarterly profit growth >= 25%; Sales growth >= 20% or 2+ strong quarters; 3-year profit growth >= 15%/yr; ROE >= 20%; RS rating >= 80; Net profit margin up vs a year ago",8
GODREJIND,-0.03127441537632974,-0.034058577405857826,0.3710654472027557,-0.3013711232358769,0.7241857241857241,0.0,0.0,0.22125563068610268,0.9560564711403285,0.01652303643278235,0.029438405797101552,-0.11581697665249158,-0.034060972893764536,75007340.3,-27.800907872525528,22.15996233014934,-130.24889095350966,-1.1763180556208135,0.0,15.791130082297066,-6.650000000000002,1.0,21.580030419611703,0.08999999999999986,20657.0,True,True,33.624408703878906,Diversified,Diversified,79.0,103,"Uptrend (price > 50 > 150 > 200-day, 200-day rising); Within 15% of 52-week high; Quarterly profit growth >= 25%; RS rating >= 80; Net profit margin up vs a year ago",5
GODREJPROP,-0.05929419016025868,0.022425418880261505,0.32699065172710995,-0.49460879564205623,0.6845238095238095,0.0,0.0,-0.1293398099535422,1.2592926266608442,0.01937094641607129,0.01729296314025852,-0.158285244060683,-0.023605723714848807,962210683.9,-41.61683053328241,16.478737113402065,-112.5514918667374,-1.6120663174701109,0.0,31.29820218017216,-68.67999999999999,1.0,9.610565880141992,-0.00999999999999801,20643.0,True,True,23.13434247871334,"Residential, Commercial Projects",Consumer Discretionary,61.0,103,"Uptrend (price > 50 > 150 > 200-day, 200-day rising); Within 15% of 52-week high; Quarterly profit growth >= 25%; Sales growth >= 20% or 2+ strong quarters; ROE >= 20%; RS rating >= 80; Net profit margin up vs a year ago",7
GOKEX,-0.03415463626936057,0.04045811873136351,0.26289380603767376,-0.13394597720365858,0.7149963346947324,0.0,0.0,-0.08882730950314208,1.882451178643521,0.019314669136319962,0.02807268937666918,-0.10720240189033803,-0.032627444564965614,165808914.14999998,6.782571784298108,20.686552485378584,38.89241371881155,0.14665749973902206,0.0,-13.924716932376423,-0.5,1.0,4.6274872744099955,0.4399999999999977,20676.0,True,True,33.06244087038789,Garments & Apparels,Consumer Discretionary,22.0,103,"Uptrend (price > 50 > 150 > 200-day, 200-day rising); Within 15% of 52-week high; Quarterly profit growth >= 25%; 3-year profit growth >= 15%/yr; ROE >= 20%; RS rating >= 80; Net profit margin up vs a year ago",7
GOKULAGRO,0.020690423483249586,0.19772599806250968,0.21469569264181199,0.17551373294973113,0.8119707467282524,0.0,0.0,0.2958168376674165,0.47457467472614767,0.018052059662500196,0.02782234037677056,-0.07639781575417082,-0.028138615102655796,63279190.33499999,71.61899540040812,7.261872125255109,-73.26059938400559,2.4088257571853715,2.0,48.58893404122811,0.8699999999999999,1.0,25.931131412508783,0.3800000000000001,20663.0,True,True,52.63765373699148,Edible Oil,Fast Moving Consumer Goods,83.0,103,"Uptrend (price > 50 > 150 > 200-day, 200-day rising); Within 15% of 52-week high; RS rating >= 80",3
GOLDIAM,0.04143781302932271,0.23080536185280187,0.5537058152793612,0.26321536953313,0.7973380210949272,0.0,0.0,-0.2800847344071225,1.0883652467553235,0.019404310666667507,0.04002501563477168,-0.08166393817212081,-0.02041539743974933,157130975.2,120.10505720421479,41.9187742132068,59.440366361346335,5.923375856729817,7.0,37.50811092998767,8.06,1.0,15.46112115732369,-0.5299999999999998,20672.0,True,True,58.725638599810786,"Gems, Jewellery And Watches",Consumer Discretionary,10.0,103,"Uptrend (price > 50 > 150 > 200-day, 200-day rising); Within 15% of 52-week high; ROE >= 20%; RS rating >= 80",4
GOODLUCK,0.06008657522201667,0.20482546201232021,0.34652897303499697,0.5966842027871563,0.8814611478909881,0.0,1.0,0.01995022276703807,0.9561637680789713,0.02759343344635295,0.07483064095883263,0.003923331562385002,-0.03299769335174132,285578025.92999995,67.51447571268842,30.930854580032353,33.61847957767398,6.547271511742593,2.0,30.02925688388767,1.1399999999999997,1.0,12.273641851106639,-0.9200000000000017,20671.0,True,True,64.62630085146641,Iron & Steel Products,Industrials,16.0,103,ROE >= 20%; RS rating >= 80,2
GOPAL,-0.07579505501753088,-0.26745790781120626,0.015885167464114724,-0.9529707193783077,0.702113062568606,0.0,0.0,0.2597662808424732,3.395028488964393,0.014256317571174007,0.020457280385078214,-0.042803536220823,-0.015471152964691735,37795440.225,300.0,31.086072570382093,180.87690143946742,0.8074147943081775,3.0,-26.87734979688804,2.29,1.0,15.481171548117153,-0.5600000000000005,20679.0,True,True,16.203405865657523,Packaged Foods,Fast Moving Consumer Goods,91.0,103,"Uptrend (price > 50 > 150 > 200-day, 200-day rising); Within 15% of 52-week high; 3-year profit growth >= 15%/yr; ROE >= 20%; RS rating >= 80",5
GPIL,-0.05362639201824862,-0.06475381076761133,-0.1331526648599819,-0.418323988292673,0.6843125,0.0,0.0,0.021261814666859637,1.6096180466283312,0.0206233941679017,0.03624834374408481,-0.08422625942935824,-0.03932460669332759,334889536.14,2.753999136820795,32.285660306064614,-29.594921884860547,0.09076153663084685,0.0,5.7588204892523365,-3.650000000000002,1.0,13.806162850748837,0.5299999999999994,20672.0,True,True,25.007568590350047,Iron & Steel Products,Industrials,16.0,103,"Uptrend (price > 50 > 150 > 200-day, 200-day rising); Within 15% of 52-week high; Quarterly profit growth >= 25%; 3-year profit growth >= 15%/yr; ROE >= 20%; RS rating >= 80; Net profit margin up vs a year ago",7
GPPL,0.04067252852399463,0.05868424420837082,0.1363511471355956,0.2614418801448778,0.8406716977360188,0.0,0.0,0.4166424862518537,1.0598482357336652,0.014047460257943118,0.0386819484240688,0.051316442436659226,-0.015720309228722223,207192277.435,41.765712182098746,32.63902770559308,2.871989819816534,1.612467135481989,2.0,16.561487083938676,2.8699999999999974,1.0,21.566164154103852,-1.2299999999999969,20677.0,True,True,58.63197729422895,Port & Port services,Services,21.0,103,"Uptrend (price > 50 > 150 > 200-day, 200-day rising); Within 15% of 52-week high; RS rating >= 80",3
GRANULES,0.10595717493070711,0.6550688117852299,0.3915417209908736,2.1078290651405807,0.9055378119417529,0.0,0.0,0.2947088840484265,1.0779921577066933,0.017938343044738077,0.041646720919100044,-0.01911574997068144,-0.022913490920188934,619461837.75,36.605261242819395,22.037021733741025,-8.007215803649252,1.394548029283225,4.0,14.151879763467633,1.299999999999999,1.0,11.701081612586037,1.2899999999999991,20650.0,True,True,75.678334910123,Pharmaceuticals,Healthcare,27.0,103,"Uptrend (price > 50 > 150 > 200-day, 200-day rising); 3-year profit growth >= 15%/yr; ROE >= 20%; RS rating >= 80",4
GRAPHITE,0.18280579787246157,0.3030439887995664,0.13100744805958442,1.2258811682508461,0.973523188654429,0.0,1.0,0.791555979037058,1.005317866675466,0.030431269292472404,0.15035750766087852,0.14224216016886748,-0.025140178145680335,809088688.0,28.579097744360894,26.61654135338345,128.5790977443609,0.25055193577975293,1.0,6.723708463600286,0.3099999999999987,1.0,2.9185867895545314,-0.9200000000000017,20645.0,True,True,87.01135288552507,Electrodes & Refractories,Industrials,4.0,103,3-year profit growth >= 15%/yr; ROE >= 20%,2
GRASIM,0.008446103437107052,0.2050385903596912,0.2909012909012909,0.34707176759773906,0.870393714637507,0.0,0.0,0.07075713202492667,1.5223987998749777,0.015144770876692068,0.019276261108624793,-0.07777560345282797,-0.029347309278626114,2608335790.8,37.785343625502854,21.432032639647748,13.896852551332127,1.4836193983272854,5.0,1.584726257014002,0.9399999999999995,1.0,9.954576205663477,-0.43000000000000327,20654.0,True,True,47.95458845789972,Cement & Cement Products,Commodities,102.0,103,"Uptrend (price > 50 > 150 > 200-day, 200-day rising); 3-year profit growth >= 15%/yr; ROE >= 20%; RS rating >= 80",4
GRAVITA,-0.009740651874916004,0.0812475933769734,0.30090340514246017,-0.10033239218988586,0.7843331939799332,0.0,0.0,-0.2728264021175367,3.3592476399094107,0.019274420532773284,0.05437302423603807,-0.10483920027769122,-0.05048706210704042,333785446.8000001,14.26510747343288,41.84087543512125,17.494884555050117,1.4163876949274523,0.0,22.722880855650263,-1.7399999999999993,1.0,15.415986949429037,-0.7100000000000009,20661.0,True,True,41.30463576158941,Industrial Minerals,Commodities,82.0,103,"Uptrend (price > 50 > 150 > 200-day, 200-day rising); Within 15% of 52-week high; Quarterly profit growth >= 25%; ROE >= 20%; RS rating >= 80; Net profit margin up vs a year ago",6
GREAVESCOT,0.05193793182919419,-0.10065564687413431,0.4750473305566072,0.06454400142740388,0.8193453475542479,0.0,1.0,0.24385202281539223,1.4723506675810096,0.028654118712216285,0.0767923887189943,0.08412557520263486,-0.08057699175085402,208457191.5,-70.9089292214435,30.67893698938868,-118.06460568335896,-0.9096616655968215,0.0,-17.232171715337795,-2.2,1.0,2.4458420684835778,0.0,20644.0,True,True,61.535477767265846,"Compressors, Pumps & Diesel Engines",Industrials,56.0,103,Within 15% of 52-week high; Quarterly profit growth >= 25%; 3-year profit growth >= 15%/yr; ROE >= 20%; RS rating >= 80; Net profit margin up vs a year ago,6
GREENPANEL,-0.13333093854526296,-0.42891304347826087,-0.13352756857786818,-1.1201015712253142,0.5086513994910942,0.0,0.0,0.0626970862618475,2.3226411514255307,0.02009340648125552,0.048279794715833324,-0.0546273131836692,-0.0334231908645775,42811632.54,-56.74390073643938,-10.151559774359441,-48.96301696497153,-1.3478110212987655,0.0,27.514155146983477,-8.1,1.0,10.858010630220196,-0.03999999999999915,19844.0,True,True,3.840113528855251,Plywood Boards/ Laminates,Consumer Discretionary,59.0,103,"Uptrend (price > 50 > 150 > 200-day, 200-day rising); Within 15% of 52-week high; Quarterly profit growth >= 25%; Sales growth >= 20% or 2+ strong quarters; ROE >= 20%; RS rating >= 80; Net profit margin up vs a year ago",7
GREENPLY,0.04287908613544365,-0.04232717764340577,0.5043384504800532,0.07689676725702166,0.9428827751196174,0.0,1.0,0.3601298135138184,3.8385613934652656,0.022156460911675956,0.07029438001784127,0.0867467221816276,-0.034214852538241726,47332559.25,50.5251204143637,20.652119638488053,-100.92576212104944,0.8368347376587191,2.0,15.28770502238328,1.0300000000000002,1.0,10.06711409395973,-0.1599999999999966,20658.0,True,True,59.193945127719964,Plywood Boards/ Laminates,Consumer Discretionary,59.0,103,ROE >= 20%; RS rating >= 80,2
GRINDWELL,0.07224331648337946,0.2702007205352548,0.4225808775848403,0.8518110294047607,0.8281466395112016,0.0,1.0,0.4098911425288659,2.293166538573031,0.031707847277045696,0.040381906401627754,0.009033707909779976,-0.029834165841227913,46351877.1,22.01528752498103,14.192704631393394,-6.481442682706298,1.9531728550175005,2.0,6.178216595038499,0.9199999999999999,1.0,16.456195737963693,0.060000000000002274,20635.0,True,True,66.9678334910123,Abrasives & Bearings,Industrials,47.0,103,Within 15% of 52-week high; Quarterly profit growth >= 25%; 3-year profit growth >= 15%/yr; ROE >= 20%; RS rating >= 80,5
GRMOVER,-0.09278728050685174,-0.28711472958378337,-0.44809621816310774,-0.8040114305314033,0.42620652466972236,0.0,0.0,-0.2796290903882572,0.92025322940579,0.017719976115613472,0.027622377622377625,-0.08310519233446245,-0.01915356179609438,93200243.11,10.181282157909433,30.51900361099211,4.645823698805507,0.7210097726025646,0.0,7.23258580552375,-0.9100000000000001,1.0,12.312811980033278,-2.219999999999999,20677.0,True,True,11.052034058656576,Other Agricultural Products,Fast Moving Consumer Goods,64.0,103,"Uptrend (price > 50 > 150 > 200-day, 200-day rising); Within 15% of 52-week high; Quarterly profit growth >= 25%; 3-year profit growth >= 15%/yr; ROE >= 20%; RS rating >= 80; Net profit margin up vs a year ago",7
GROWW,,,0.1542288557213931,,0.8503080985915493,0.0,1.0,0.03876827857853765,1.140579359466506,0.0195199160979157,0.038532008217200486,0.002743673615991371,-0.022695403798325305,4446885622.934999,94.31001601541513,66.01282618310482,-27.71409128557758,,2.0,,7.130000000000003,1.0,21.581019477828427,8.54,20649.0,True,True,,Stockbroking & Allied,Financial Services,15.0,103,3-year profit growth >= 15%/yr; RS rating >= 80,2
GRSE,-0.07206557086106419,-0.038943136128661626,0.11284529774309404,-0.4161113722460562,0.6401018268942797,0.0,0.0,-0.15048501363744002,1.352731967075348,0.01487745466452934,0.03077186084280714,-0.14079428187800747,-0.050142261332678593,889801341.25,43.82192930164912,38.534358371441435,19.622692378896,1.2732848217240054,6.0,46.50692068643956,0.34999999999999964,1.0,28.473543966501712,-0.05999999999999961,20679.0,True,True,17.70198675496689,Aerospace & Defense,Industrials,20.0,103,"Uptrend (price > 50 > 150 > 200-day, 200-day rising); Within 15% of 52-week high; RS rating >= 80",3
GRWRHITECH,0.2281062309001078,1.3534091285756902,0.917157206890965,2.500772708713509,0.8889236545682102,0.0,1.0,-0.37647720989048683,1.269319797033277,0.022405286646337865,0.05605531187272317,0.018644675510935738,-0.03473218924739399,307572698.75,59.776584513377415,27.897533283500685,20.664553125135555,1.9157423428070226,2.0,32.885735149011765,4.18,1.0,12.725903614457831,1.3100000000000005,20671.0,True,True,91.13245033112584,Plastic Products - Industrial,Industrials,48.0,103,ROE >= 20%,1
GSFC,-0.05543115852848489,-0.17966651462166128,0.0655694535878868,-0.82977766869035,0.7673883694184709,0.0,0.0,-0.23979321240954307,1.1960679475379032,0.012812970416987281,0.04217031101453217,-0.026777413778452552,-0.01814030100388772,124527253.82499999,14.357287273334451,64.03285097577837,41.653594614462484,0.6789318393654883,0.0,-12.446665723930806,-1.92,1.0,5.486263960218472,0.030000000000001137,20677.0,True,True,24.164616840113528,Fertilizers,Commodities,68.0,103,"Uptrend (price > 50 > 150 > 200-day, 200-day rising); Within 15% of 52-week high; Quarterly profit growth >= 25%; 3-year profit growth >= 15%/yr; ROE >= 20%; RS rating >= 80; Net profit margin up vs a year ago",7
GUFICBIO,0.07284406631663469,0.22723463687150836,0.5223492723492722,0.5560231419902567,0.9144933732364259,0.0,1.0,0.49979427919235936,1.9823733451221377,0.01916081169196101,0.038296860133206545,0.019153802172670042,-0.018256297100595426,30576781.35,70.68263840074067,16.583229036295364,-112.76437990141366,1.1698229728507488,2.0,-2.5071337213805056,2.710000000000001,1.0,9.624060150375941,-0.11000000000000032,20679.0,True,True,67.15515610217598,Pharmaceuticals,Healthcare,27.0,103,3-year profit growth >= 15%/yr; ROE >= 20%; RS rating >= 80,3
GUJALKALI,0.030210709387189064,0.29172623302358835,0.19786229182202342,0.23502626649391925,0.7522699386503068,0.0,0.0,0.5766459627169095,1.7357555221143601,0.02218215135261788,0.03455955130320021,-0.09516219486997846,-0.048502495286297215,48148841.775,100.0,12.649305052844962,30.288345855368505,1.881841956262358,4.0,-25.647808697263553,5.67,1.0,-0.03853564547206166,1.6199999999999992,20657.0,True,True,55.44749290444654,Commodity Chemicals,Commodities,41.0,103,"Uptrend (price > 50 > 150 > 200-day, 200-day rising); Within 15% of 52-week high; 3-year profit growth >= 15%/yr; ROE >= 20%; RS rating >= 80",5
GUJENERGY,-0.11871575575837812,-0.26981669385385265,0.004984968986643246,-1.1386985095156483,0.6075986155512695,0.0,0.0,-0.30136759332173496,2.6167405839613345,0.018384310984591364,0.030034722222222143,-0.10489298183474183,-0.02119356118805282,329411039.93,84.05984542265384,63.12412840775479,111.04854162510135,4.5801911206940815,1.0,8.982689244820774,1.200000000000001,1.0,9.162389428852244,16.290000000000003,20676.0,True,True,5.994323557237465,LPG/CNG/PNG/LNG Supplier,Energy,72.0,103,"Uptrend (price > 50 > 150 > 200-day, 200-day rising); Within 15% of 52-week high; 3-year profit growth >= 15%/yr; ROE >= 20%; RS rating >= 80",5
GUJTHEM,0.04698955498983372,0.06314868075528324,0.691536349528471,-0.04807286673605709,0.81419624217119,0.0,0.0,-0.12737840769793143,0.9459083750885239,0.026529443836416932,0.0557884928954111,-0.005104578814850047,-0.04255195885728439,91410570.875,-14.651380243605793,10.804655870445323,-17.685395182716945,-0.5669211416544645,0.0,-8.449812532735901,-7.539999999999999,1.0,16.319444444444446,15.79,20672.0,True,True,60.13055818353831,Pharmaceuticals,Healthcare,27.0,103,"Uptrend (price > 50 > 150 > 200-day, 200-day rising); Within 15% of 52-week high; Quarterly profit growth >= 25%; Sales growth >= 20% or 2+ strong quarters; 3-year profit growth >= 15%/yr; ROE >= 20%; RS rating >= 80; Net profit margin up vs a year ago",8
GULFOILLUB,-0.00792515532924791,-0.08473879062114353,0.2511246063877641,-0.3534116625264326,0.8437257639212037,0.0,0.0,0.4000246084652784,1.1095083472776244,0.01835746109608909,0.04548482253306685,-0.02350096312479677,-0.021635091594734222,59435722.05,26.946043145807018,30.573072949972936,30.400148648237955,2.9666720022816166,1.0,16.345130815207852,-0.2599999999999998,1.0,22.4609375,-0.5999999999999979,20668.0,True,True,42.053926206244086,Lubricants,Energy,5.0,103,"Uptrend (price > 50 > 150 > 200-day, 200-day rising); Within 15% of 52-week high; RS rating >= 80; Net profit margin up vs a year ago",4
GULPOLY,0.01042501236275142,0.2574765408762574,0.24072470525544531,0.31397117501488353,0.7376883539076571,0.0,0.0,-0.8536136876577118,0.35181039608583176,0.021905092588312584,0.044018900770952385,-0.09106262097874251,-0.022419290915841477,31955885.28,300.0,22.98680954435035,264.5919264855825,2.7905795985204054,2.0,-5.1596693557555255,2.63,1.0,4.078303425774878,0.030000000000000027,20398.0,True,True,48.79754020813623,Other Agricultural Products,Fast Moving Consumer Goods,64.0,103,"Uptrend (price > 50 > 150 > 200-day, 200-day rising); Within 15% of 52-week high; 3-year profit growth >= 15%/yr; ROE >= 20%; RS rating >= 80",5
GVPIL,0.2157129726015219,1.0285757946210268,0.614963503649635,2.0647664679588993,0.6779059040590406,0.0,1.0,-0.05556460131494392,1.8920355361498176,0.03005554871142773,0.04999237921048616,0.0625438298426102,-0.04367966384453076,136316257.0,42.524338547942044,7.613735401777921,-57.475661452057956,0.2900519397090608,5.0,66.92706969832535,5.330000000000002,1.0,43.470790378006875,-0.16999999999999993,20655.0,True,True,90.19583727530747,Heavy Electrical Equipment,Industrials,35.0,103,Within 15% of 52-week high,1
GVTandD,0.07420481903370774,0.5006708638662403,0.14122756527654245,1.030554170587378,0.7513451327433629,0.0,0.0,0.11870882479068935,0.9523467078942168,0.02421295503014741,0.08765341637662583,-0.015213377007803897,-0.018291200843482208,3473345110.0,24.673057628535933,38.04214625638096,-61.61317429865501,2.0088314955691726,16.0,354.3292883150956,-2.120000000000001,1.0,45.836431226765804,-0.4299999999999997,20679.0,True,True,67.81078524124881,Heavy Electrical Equipment,Industrials,35.0,103,"Uptrend (price > 50 > 150 > 200-day, 200-day rising); Within 15% of 52-week high; Quarterly profit growth >= 25%; RS rating >= 80; Net profit margin up vs a year ago",5
HAL,0.029619277252647555,0.006228753615844296,0.2925413615405479,0.060800352274216596,0.9351637895881474,0.0,0.0,0.3722770777553837,1.3393160323736015,0.015906470553574026,0.036229197561377546,-0.0011220783961537473,-0.017990707247284164,3198382108.7,14.884611560055493,14.446120676238472,9.363055722739233,0.7136008609608687,0.0,15.680988215755608,0.10999999999999943,1.0,22.211934407056358,0.6000000000000014,20670.0,True,True,55.35383159886471,Aerospace & Defense,Industrials,20.0,103,"Uptrend (price > 50 > 150 > 200-day, 200-day rising); Quarterly profit growth >= 25%; Sales growth >= 20% or 2+ strong quarters; RS rating >= 80",4
HAPPSTMNDS,-0.13255436055178044,-0.34013795674869496,-0.09970749077960062,-1.086468685451689,0.5596863468634686,0.0,0.0,-0.23695380223951829,0.2865406598009967,0.026769542714366323,0.013720485003190896,-0.17633514620152968,-0.027782261250878754,385711906.15,18.365516103111588,14.29532642298601,-22.696325798011287,0.8753361188174915,0.0,-0.3766123120466536,0.3699999999999992,1.0,12.61101243339254,-3.2699999999999996,20640.0,True,True,3.933774834437086,Computers - Software & Consulting,Information Technology,94.0,103,"Uptrend (price > 50 > 150 > 200-day, 200-day rising); Within 15% of 52-week high; Quarterly profit growth >= 25%; Sales growth >= 20% or 2+ strong quarters; 3-year profit growth >= 15%/yr; ROE >= 20%; RS rating >= 80",7
HAPPYFORGE,0.228862930543961,1.3850311850311852,0.9303382130237257,2.920352904476135,0.8054251012145749,0.0,0.0,0.6150567607425396,1.8143469576463138,0.024439352953603444,0.039338572048401854,-0.03960158962495519,-0.027570117022237935,191706892.0,39.20251333852656,27.026568682871677,15.648871183047966,3.6664799071675205,3.0,,1.7800000000000011,1.0,14.191729323308271,-0.7900000000000027,20638.0,True,True,91.41343424787134,Castings & Forgings,Industrials,6.0,103,"Uptrend (price > 50 > 150 > 200-day, 200-day rising); Within 15% of 52-week high; 3-year profit growth >= 15%/yr; ROE >= 20%",4
HARIOMPIPE,-0.0870830680045823,-0.29157947184853017,0.1376220195231237,-0.6610102727656727,0.6594160297864001,0.0,0.0,-0.11399908235928452,0.9456422565293574,0.01982934159773578,0.03789503789503801,-0.07184447809525374,-0.0324234496322506,33364914.875,-29.625189482276106,-6.894307532106902,-104.24055355753671,-1.3286199250509696,0.0,9.634931358560884,-1.25,1.0,11.746522411128284,0.7599999999999998,20677.0,True,True,13.01892147587512,Iron & Steel Products,Industrials,16.0,103,"Uptrend (price > 50 > 150 > 200-day, 200-day rising); Within 15% of 52-week high; Quarterly profit growth >= 25%; Sales growth >= 20% or 2+ strong quarters; 3-year profit growth >= 15%/yr; ROE >= 20%; RS rating >= 80; Net profit margin up vs a year ago",8
HARSHA,0.05165420973255188,0.11563195646796931,0.3522710238345075,0.45979108061467433,0.9584364686468646,1.0,1.0,0.5460105553634677,2.1264734151810627,0.01955592704470226,0.06232262458848892,0.060801154290462955,-0.03428714433330129,57488253.2,-1.4375333853309913,25.223794793178023,-202.34643456802465,-0.03696427066685435,0.0,9.743827017964858,-2.210000000000001,1.0,11.055634807417974,0.019999999999999574,20638.0,True,True,61.34815515610218,Other Industrial Products,Industrials,7.0,103,Quarterly profit growth >= 25%; 3-year profit growth >= 15%/yr; ROE >= 20%; RS rating >= 80; Net profit margin up vs a year ago,5
HATSUN,0.11404420828412695,0.296114336757481,0.2868466271270993,0.772585616144642,0.8520411943394828,0.0,1.0,1.2110766879874169,0.4763599421633859,0.02546716880199891,0.05755649717514122,0.08090427511739562,-0.03960782635013522,51618160.75,47.592330525940916,17.61263838785918,-22.85079013550429,0.4667264999891567,2.0,171.9808695632919,0.52,1.0,16.249271986022134,-0.010000000000001563,20472.0,True,True,77.64522232734153,Dairy Products,Fast Moving Consumer Goods,8.0,103,ROE >= 20%; RS rating >= 80,2
HAVELLS,-0.09275497154396987,-0.20392729202600512,0.016432322547857092,-1.2369520368318447,0.6949832336116772,0.0,0.0,-0.21451535658979093,2.2989067399790235,0.014312623356277072,0.03699633699633709,-0.11276824700800603,-0.02873469462007611,864265215.1000001,-16.718615872290687,19.48252632736669,-56.67477027003227,-0.7148915841165073,0.0,14.257619422726009,-1.9299999999999997,1.0,17.861675126903553,-0.4799999999999969,20651.0,True,True,11.145695364238412,Consumer Electronics,Consumer Discretionary,80.0,103,"Uptrend (price > 50 > 150 > 200-day, 200-day rising); Within 15% of 52-week high; Quarterly profit growth >= 25%; Sales growth >= 20% or 2+ strong quarters; 3-year profit growth >= 15%/yr; ROE >= 20%; RS rating >= 80; Net profit margin up vs a year ago",8
HBLENGINE,-0.008313940727851077,-0.20355411954765756,-0.0027719508540605675,-0.19232247185289725,0.6811942959001782,0.0,0.0,0.521878967152184,1.3265275277891737,0.022382228545024425,0.07393741573830992,0.06320380043540852,-0.036852745143676265,648270855.25,-25.068265332126348,6.025557937417947,-70.12952488984386,-0.30832388866525945,0.0,83.67025954629908,-7.100000000000001,1.0,36.74943566591422,-0.14000000000000057,20673.0,True,True,41.96026490066225,Other Industrial Products,Industrials,7.0,103,"Uptrend (price > 50 > 150 > 200-day, 200-day rising); Within 15% of 52-week high; Quarterly profit growth >= 25%; Sales growth >= 20% or 2+ strong quarters; RS rating >= 80; Net profit margin up vs a year ago",6
HCC,-0.02436214233462988,-0.003875968992248069,0.5019480519480519,-0.26030880204430284,0.7108771929824562,0.0,0.0,0.2687640851069329,0.612008957341468,0.025126049606085474,0.024714828897338448,-0.06608400634288447,-0.03392500194228397,407995357.075,0.6206159220341734,-8.971621782595552,35.21878146036132,0.0015663401607115962,0.0,78.92483558470298,0.4899999999999993,1.0,7.804419370004702,0.05000000000000071,20659.0,True,True,36.5279091769158,Civil Construction,Industrials,89.0,103,"Uptrend (price > 50 > 150 > 200-day, 200-day rising); Within 15% of 52-week high; Quarterly profit growth >= 25%; Sales growth >= 20% or 2+ strong quarters; ROE >= 20%; RS rating >= 80",6
HCG,0.030903772398200018,0.09329831214447815,0.33304908091718777,0.18202706631229962,0.8509959860449412,0.0,0.0,0.18891895859609747,1.327656101260193,0.020945057140003356,0.03178395598030681,-0.025576557137395817,-0.024344128991198217,73107481.325,174.1547300634652,13.363559266749302,-125.8452699365348,0.7691373284825199,2.0,57.51499369102873,1.3900000000000001,1.0,1.7267267267267266,0.259999999999998,20671.0,True,True,55.728476821192054,Hospital,Healthcare,65.0,103,"Uptrend (price > 50 > 150 > 200-day, 200-day rising); ROE >= 20%; RS rating >= 80",3
HCLTECH,-0.015835325005899924,-0.0546835805919873,-0.059335330195407265,-0.46930221748106016,0.6765912027414192,0.0,0.0,-0.2590343474595661,2.2556128155035955,0.01795392204928085,0.03946604759141037,-0.07148429911095622,-0.018439172028573626,2860620759.3,20.32269273242564,13.93785627203532,16.173439416632675,2.383619769196213,1.0,6.316094303062392,0.7100000000000009,1.0,22.15392802501164,-0.8100000000000023,20647.0,True,True,39.52507095553453,Computers - Software & Consulting,Information Technology,94.0,103,"Uptrend (price > 50 > 150 > 200-day, 200-day rising); Within 15% of 52-week high; Quarterly profit growth >= 25%; Sales growth >= 20% or 2+ strong quarters; 3-year profit growth >= 15%/yr; RS rating >= 80",6
HDFCAMC,-0.05915560018369895,-0.10663582992350107,0.06906242016520503,-0.509659896510748,0.7927879349566097,0.0,0.0,-0.09838734978383047,1.7894158207007846,0.01710314125086364,0.02581747852291616,-0.054527448606709994,-0.02740321434622452,1662961178.85,11.98624968355717,13.58983628569954,14.449947347141423,1.6225519966354798,0.0,22.934876233925916,-1.0899999999999892,1.0,30.967602123740384,-0.00999999999999801,20649.0,True,True,23.228003784295176,Asset Management Company,Financial Services,73.0,103,"Uptrend (price > 50 > 150 > 200-day, 200-day rising); Within 15% of 52-week high; Quarterly profit growth >= 25%; Sales growth >= 20% or 2+ strong quarters; RS rating >= 80; Net profit margin up vs a year ago",6
HDFCBANK,-0.07469913304422461,-0.25226178509073593,-0.05892928485817017,-1.1304319285624875,0.6971582557569819,0.0,0.0,-0.3370722086959489,2.2105666595517164,0.013073544164178916,0.02524544179523147,-0.017156419186344585,-0.015967079443141057,19359384559.55,19.248235551738002,3.6664661063108728,9.967006312211858,2.2718517442662027,0.0,19.020400548460348,2.9400000000000013,1.0,13.517239731835872,-0.6200000000000045,20645.0,True,True,16.484389782403028,Private Sector Bank,Financial Services,25.0,103,"Uptrend (price > 50 > 150 > 200-day, 200-day rising); Within 15% of 52-week high; Quarterly profit growth >= 25%; Sales growth >= 20% or 2+ strong quarters; ROE >= 20%; RS rating >= 80",6
HDFCLIFE,-0.07088791167043684,-0.3020669806384092,-0.0575869987634694,-1.185086286922773,0.689854153455929,0.0,0.0,-0.04651473872077112,2.0635756375764407,0.0177239210048078,0.05054696341003395,0.005820984389850681,-0.028343866244215678,1683256610.0,11.4985659119043,14.578636793448641,7.155959068619721,2.2228151348691916,0.0,11.50098595222877,-0.050000000000000044,1.0,10.771830985915493,-0.30999999999999517,20662.0,True,True,18.63859981078524,Life Insurance,Financial Services,93.0,103,"Uptrend (price > 50 > 150 > 200-day, 200-day rising); Within 15% of 52-week high; Quarterly profit growth >= 25%; Sales growth >= 20% or 2+ strong quarters; 3-year profit growth >= 15%/yr; ROE >= 20%; RS rating >= 80; Net profit margin up vs a year ago",8
HEGAM,0.14507091743574446,0.39606586363134055,0.28625973629282697,0.8882182171426799,0.9238461538461539,0.0,1.0,0.522697472753589,2.655319212652093,0.031046482847082175,0.07888095136245021,0.02686350829764028,-0.03666381719593091,324274182.65000004,22.556282310181718,11.098599823754029,74.40110600469563,0.25873729414480734,4.0,-11.5873155048146,1.6799999999999997,1.0,7.166876839007987,-1.1199999999999974,20656.0,True,True,82.51561021759697,Electrodes & Refractories,Industrials,4.0,103,Quarterly profit growth >= 25%; 3-year profit growth >= 15%/yr; ROE >= 20%,3
HERITGFOOD,0.027817493270148742,-0.2328102415857939,0.19105625901586798,-0.47000930874935387,0.8060738388249306,0.0,0.0,1.3730096538659289,0.5815456055985873,0.022691876236066652,0.04861198341916828,0.07734550133308571,-0.022352851756856643,100911021.625,-38.3419291922406,17.710862451177036,8.935266187874355,-0.7067217174351286,0.0,23.494317445241663,-1.6999999999999997,1.0,13.599274705349048,-0.0600000000000005,20650.0,True,True,54.32355723746452,Dairy Products,Fast Moving Consumer Goods,8.0,103,"Uptrend (price > 50 > 150 > 200-day, 200-day rising); Within 15% of 52-week high; Quarterly profit growth >= 25%; Sales growth >= 20% or 2+ strong quarters; ROE >= 20%; RS rating >= 80; Net profit margin up vs a year ago",7
HEROMOTOCO,-0.0043883669039106905,-0.003659909909909942,0.05926369350493865,-0.17854310766439213,0.7943961806370823,0.0,0.0,0.18594313870234358,1.6760374028864038,0.016641355537711344,0.025257780720840062,-0.06830713149848866,-0.021860939818517895,2900106517.5,-16.867006593351686,34.937164298013414,-43.0442332515543,-1.4525873567050787,0.0,22.582729168741622,-6.73,1.0,26.727129702466335,-0.490000000000002,20647.0,True,True,43.64616840113529,2/3 Wheelers,Consumer Discretionary,45.0,103,"Uptrend (price > 50 > 150 > 200-day, 200-day rising); Within 15% of 52-week high; Quarterly profit growth >= 25%; RS rating >= 80; Net profit margin up vs a year ago",5
HEXT,-0.040298710458747944,-0.20328263815690406,0.19180087847730598,-0.6445108708234394,0.6193748065614361,0.0,0.0,0.41115494526846674,0.44118578297915056,0.020975147490279282,0.041142742178855274,-0.07047518542190001,-0.02800456325976341,103586376.0,-12.974150028080967,17.925598797804156,-20.41261841708876,-1.1303273636327915,0.0,27.776344064436785,-3.0500000000000007,1.0,21.659278024065863,0.010000000000001563,20663.0,True,True,30.158940397350992,Computers - Software & Consulting,Information Technology,94.0,103,"Uptrend (price > 50 > 150 > 200-day, 200-day rising); Within 15% of 52-week high; Quarterly profit growth >= 25%; Sales growth >= 20% or 2+ strong quarters; RS rating >= 80; Net profit margin up vs a year ago",6
HIKAL,0.006523386156293824,-0.05778126225009794,0.4932902584493042,-0.22283436047675342,0.8675478927203065,0.0,0.0,1.2904074673937032,0.5377828027853178,0.04014193825360618,0.09311740890688247,0.029079459495817916,-0.030579021872951903,78850971.68,22.4717982297868,5.888538380651953,-64.13050009126154,0.25167104514718186,2.0,-23.382942085922508,1.8399999999999999,0.0,-4.08673894912427,-0.4299999999999997,20671.0,True,True,47.29895931882687,Pharmaceuticals,Healthcare,27.0,103,"Uptrend (price > 50 > 150 > 200-day, 200-day rising); Quarterly profit growth >= 25%; 3-year profit growth >= 15%/yr; ROE >= 20%; RS rating >= 80",5
HIMATSEIDE,-0.15036935406235377,-0.405830164765526,-0.13174465983454753,-1.061222593025909,0.5047494014981851,0.0,0.0,-0.15561345902013715,1.3016084406625694,0.01990229907095539,0.07372251226071835,-0.08581786851218809,-0.030019369132795112,32224243.83,-54.42176047325663,-5.425152982007509,44.100102893143465,-0.1292053499430928,0.0,41.396024601760374,-0.8599999999999999,1.0,2.8958430639887904,-9.25,20677.0,True,True,2.154210028382214,Other Textile Products,Consumer Discretionary,23.0,103,"Uptrend (price > 50 > 150 > 200-day, 200-day rising); Within 15% of 52-week high; Quarterly profit growth >= 25%; Sales growth >= 20% or 2+ strong quarters; ROE >= 20%; RS rating >= 80; Net profit margin up vs a year ago",7
HINDALCO,0.044642405306162744,0.35780063184781863,0.10231923601637116,0.9091759984007102,0.7997448979591837,0.0,0.0,0.06073119947780064,1.4296457942752292,0.015252663171236172,0.03165467625899265,-0.0631182373672875,-0.021291891787013354,3632854764.75,116.85029158945687,32.06034375389215,139.043400093245,3.9845579428407487,1.0,35.10778440029774,4.0,1.0,9.804294824392494,-0.0799999999999983,20636.0,True,True,59.47492904446547,Aluminium,Commodities,1.0,103,"Uptrend (price > 50 > 150 > 200-day, 200-day rising); Within 15% of 52-week high; ROE >= 20%; RS rating >= 80",4
HINDCOPPER,0.11968742476192779,0.6620187838574221,0.04715742704231052,1.0163957346129204,0.6387737648838893,0.0,0.0,0.12523451450983897,0.8189842912000609,0.026221573574184875,0.04665095266155972,-0.05941294193545876,-0.029108554434796576,3780566759.6,162.48690935688631,81.36220152216434,25.11297361688841,2.5821759985529993,4.0,61.67324868565112,11.630000000000003,1.0,27.490278193239604,-0.9299999999999997,20675.0,True,True,79.05014191106906,Copper,Commodities,,103,"Uptrend (price > 50 > 150 > 200-day, 200-day rising); Within 15% of 52-week high; RS rating >= 80",3
HINDOILEXP,0.018110153743881256,0.06689040620298581,0.48765531708891396,-0.08005503973979279,0.8258042096902303,0.0,0.0,1.4985723103154613,0.3284824552106525,0.02476815974818778,0.026860915092192128,-0.008785373283026754,-0.02937423138294146,70345876.37,-87.79220927974076,163.1481908273796,-6.895590337805615,-2.0189519280502193,0.0,-47.802052809009844,-112.44,1.0,4.552023121387283,0.3999999999999999,20677.0,True,True,51.8883632923368,Oil Exploration & Production,Energy,28.0,103,"Uptrend (price > 50 > 150 > 200-day, 200-day rising); Within 15% of 52-week high; Quarterly profit growth >= 25%; 3-year profit growth >= 15%/yr; ROE >= 20%; RS rating >= 80; Net profit margin up vs a year ago",7
HINDPETRO,-0.04397731921554322,-0.14422735346358784,0.10843558282208599,-0.4792108179390072,0.6903333661126955,0.0,0.0,0.11911587956512208,1.1066175737990014,0.01532436885102495,0.025266540090550516,-0.04560174673913919,-0.01709656065738821,1705328372.8,-100.0,26.8520923871826,-177.41873291148693,-4.159658219608773,0.0,-41.41774820968437,-12.43,0.0,27.529135395692233,-0.4100000000000037,20656.0,True,True,28.754020813623463,Refineries & Marketing,Energy,44.0,103,"Uptrend (price > 50 > 150 > 200-day, 200-day rising); Within 15% of 52-week high; Quarterly profit growth >= 25%; 3-year profit growth >= 15%/yr; RS rating >= 80; Net profit margin up vs a year ago",6
HINDUNILVR,-0.07715218396455603,-0.20591877868527353,-0.050016946690553565,-1.077350652689049,0.7223524479255998,0.0,0.0,-0.6650160683671633,1.3787397907796142,0.015277443551633879,0.03089643167972156,-0.05210520471866753,-0.02193065414743302,2396150014.1,-3.901955438813909,10.052675001586596,-12.111353713310091,-1.0807881609469943,0.0,2.096980848463681,-2.289999999999999,1.0,30.89722809249266,-0.00999999999999801,20662.0,True,True,15.547776726584674,Diversified FMCG,Fast Moving Consumer Goods,92.0,103,"Uptrend (price > 50 > 150 > 200-day, 200-day rising); Within 15% of 52-week high; Quarterly profit growth >= 25%; Sales growth >= 20% or 2+ strong quarters; 3-year profit growth >= 15%/yr; RS rating >= 80; Net profit margin up vs a year ago",7
HINDZINC,0.06937759660785417,0.30917390336228023,0.13999030538051382,0.6027350200594098,0.7607776261937244,0.0,0.0,0.18933829059090568,0.8759206796096909,0.020431915808080153,0.04141184693342659,-0.03646620763535524,-0.02670333850824558,2595366525.8,144.7698679035209,76.90129970402779,77.18659862571933,4.9103001880374615,3.0,22.021113803189674,11.030000000000001,1.0,61.12510495382032,-0.07000000000000028,20658.0,True,True,66.40586565752129,Zinc,Commodities,,103,"Uptrend (price > 50 > 150 > 200-day, 200-day rising); Within 15% of 52-week high; RS rating >= 80",3
HIRECT,0.10102941586391845,0.46049754771612594,0.7826181031373962,0.6628954394617658,0.8197283774124374,0.0,0.0,-0.16896525498481502,0.6405283055003163,0.032844556185107905,0.05734796600379566,-0.07895539985286415,-0.038813850228781234,66826406.7,-63.79746478840175,20.338036038552865,36.20253521159825,-1.2867073250800607,0.0,52.07770199176935,-4.16,1.0,18.660287081339714,3.29,20649.0,True,True,74.83538315988648,Industrial Products,Industrials,11.0,103,"Uptrend (price > 50 > 150 > 200-day, 200-day rising); Within 15% of 52-week high; Quarterly profit growth >= 25%; ROE >= 20%; RS rating >= 80; Net profit margin up vs a year ago",6
HITECH,-0.10683588795523778,-0.3485045513654096,-0.02554460580912865,-0.8483867472059439,0.6032310177705978,0.0,0.0,0.05313192303975767,8.024524492954608,0.022655744952316245,0.06609564596716644,-0.049086394601133176,-0.02133163894359337,36223459.145,-3.9735200774424384,78.52810351799432,-4.010567714661784,-0.20941282258831104,0.0,17.570625755369672,-1.2200000000000002,1.0,5.701425356339085,0.15000000000000213,20677.0,True,True,8.616840113528855,Iron & Steel Products,Industrials,16.0,103,"Uptrend (price > 50 > 150 > 200-day, 200-day rising); Within 15% of 52-week high; Quarterly profit growth >= 25%; ROE >= 20%; RS rating >= 80; Net profit margin up vs a year ago",6
HLEGLAS,0.051267369899193706,-0.3257136837669862,0.19868913857677906,-0.10070900245453339,0.6754286577536067,0.0,0.0,0.458143425591574,0.6182019169056928,0.04700380686730801,0.09999999999999987,0.16325659811839133,-0.0398888962593171,81130775.95,-88.54956382690138,5.916534601162171,-53.1797532318611,-1.7656287361485001,0.0,-10.453131380463976,-5.61,1.0,10.674157303370785,-0.39000000000000057,20675.0,True,True,61.1608325449385,Industrial Products,Industrials,11.0,103,"Uptrend (price > 50 > 150 > 200-day, 200-day rising); Within 15% of 52-week high; Quarterly profit growth >= 25%; Sales growth >= 20% or 2+ strong quarters; 3-year profit growth >= 15%/yr; ROE >= 20%; RS rating >= 80; Net profit margin up vs a year ago",8
HMAAGRO,-0.01906219681615057,-0.33513341804320207,-0.11501057082452426,-0.5547714273633695,0.7172897196261682,0.0,0.0,-0.08202055378321585,0.9580125297829759,0.031890600172166314,0.1664175386148481,0.11622157179995263,-0.01654608583777416,35377694.175,300.0,87.98336020523605,333.221712515346,1.4805230345971447,1.0,22.385302888445914,2.3400000000000003,1.0,17.534537725823593,-0.6300000000000008,20678.0,True,True,38.86944181646168,Meat Products including Poultry,Fast Moving Consumer Goods,30.0,103,"Uptrend (price > 50 > 150 > 200-day, 200-day rising); Within 15% of 52-week high; ROE >= 20%; RS rating >= 80",4
HNDFDS,0.039400269451984375,0.18753551809054736,0.2782138852074625,0.3919814932268662,0.8627812615271118,0.0,0.0,-0.13033447009476415,1.7652312147253433,0.0170707246501019,0.02578721164810105,-0.03820849370045065,-0.03278545406648488,44394385.75,32.82897083881993,17.90436737378396,-1.3417210444964596,2.1682709726636413,4.0,26.641515489508393,0.3999999999999999,1.0,12.789699570815449,-0.379999999999999,20669.0,True,True,58.35099337748345,Diversified FMCG,Fast Moving Consumer Goods,92.0,103,"Uptrend (price > 50 > 150 > 200-day, 200-day rising); ROE >= 20%; RS rating >= 80",3
HOMEFIRST,-0.019152014725088276,0.019258505132773385,0.2524367995830077,-0.15252591366743745,0.8435152159065037,0.0,0.0,0.2103672340221877,1.8610061520273207,0.018223979255725727,0.05795619193727086,-0.057701078875039946,-0.049378991793071134,173020467.4,34.44459854427719,18.606291748418236,-8.313725703716983,3.5064655717339974,13.0,33.168498252310094,3.5,1.0,12.393848978655038,0.4899999999999949,20679.0,True,True,38.77578051087985,Housing Finance Company,Financial Services,90.0,103,"Uptrend (price > 50 > 150 > 200-day, 200-day rising); Within 15% of 52-week high; ROE >= 20%; RS rating >= 80",4
HONASA,0.13100321782733376,0.6776859504132231,0.5692434210526316,2.0568548525156447,0.9382110631620243,0.0,1.0,0.46442593941634036,12.079164256945335,0.022160401025200983,0.08188192716579956,0.020721739687146634,-0.03751065211996646,358024291.1,119.04247966913869,26.997060058798827,-59.09794846941526,1.4947297017079109,4.0,91.96130384780396,5.03,1.0,14.174344436569807,2.240000000000002,20678.0,True,True,80.92336802270577,Personal Care,Fast Moving Consumer Goods,70.0,103,ROE >= 20%,1
HONAUT,-0.016237416922028253,-0.023130193905817165,0.3116979728473126,-0.20978124587293193,0.8140739848174479,0.0,0.0,0.5402419010918765,5.358271002160467,0.016875341770244003,0.04511278195488733,-0.060696052587673965,-0.01512635489976181,82885552.5,20.942302093515043,1.8003549995774026,6.30775102010568,1.677867345339535,1.0,8.378718830292108,1.9800000000000004,1.0,11.763387855702442,0.23000000000000043,20679.0,True,True,39.33774834437086,Industrial Products,Industrials,11.0,103,"Uptrend (price > 50 > 150 > 200-day, 200-day rising); Within 15% of 52-week high; Quarterly profit growth >= 25%; Sales growth >= 20% or 2+ strong quarters; 3-year profit growth >= 15%/yr; ROE >= 20%; RS rating >= 80",7
HSCL,0.10218362117155114,0.46298342541436455,0.47718397857860095,1.350624246399161,0.8158023184868822,0.0,0.0,-0.380651489143463,0.3598833867959977,0.024000614494960715,0.03367261039259195,-0.048002164440520634,-0.017031028757436673,2441469751.0249996,27.323481440279718,28.04192114746624,-6.219574886534904,5.475108859458849,17.0,40.674006072244964,-0.08999999999999986,1.0,16.043348916277093,0.9299999999999979,20649.0,True,True,75.11636707663197,Carbon Black,Commodities,,103,"Uptrend (price > 50 > 150 > 200-day, 200-day rising); Within 15% of 52-week high; ROE >= 20%; RS rating >= 80; Net profit margin up vs a year ago",5
HUBTOWN,-0.13019101574529696,-0.33940539611617115,0.03539298604751373,-0.8519764121578239,0.5014749262536873,0.0,0.0,0.08908600025176508,3.0879922331006284,0.028377063315277756,0.09536686497205693,-0.06752439794986986,-0.025754889218754105,63942823.885000005,-67.67095451466732,-16.962808814897812,-367.6709545146673,-1.6379022663866372,0.0,32.427988125852416,-26.79,1.0,6.2404870624048705,0.07000000000000006,20668.0,True,True,4.402081362346263,"Residential, Commercial Projects",Consumer Discretionary,61.0,103,"Uptrend (price > 50 > 150 > 200-day, 200-day rising); Within 15% of 52-week high; Quarterly profit growth >= 25%; Sales growth >= 20% or 2+ strong quarters; ROE >= 20%; RS rating >= 80; Net profit margin up vs a year ago",7
HUDCO,-0.08984057659419242,-0.17714155873665083,0.07792594356471017,-0.8442877073881793,0.6523799878468706,0.0,0.0,-0.6572361832263618,4.644172459963271,0.014372804706202388,0.03201856148491866,-0.1199596047031668,-0.032377883518372216,281614958.75,35.04185789964745,26.550142817748213,-137.20969657362204,0.5261002443489129,2.0,34.85218256453191,1.4399999999999977,1.0,18.356388787768473,-0.7599999999999998,20661.0,True,True,11.98864711447493,Financial Institution,Financial Services,85.0,103,"Uptrend (price > 50 > 150 > 200-day, 200-day rising); Within 15% of 52-week high; ROE >= 20%; RS rating >= 80",4
HUHTAMAKI,0.03732136094931369,0.12495643081212959,0.5819139811297636,0.04189484733541329,0.7074242424242424,0.0,0.0,-1.2625287069229756,0.18741029142281374,0.03131975316598217,0.06840845632229775,-0.1186455267437947,-0.026509304753422107,35120808.4,-20.675766469335287,-1.0360044697816262,-27.773002018292402,-0.9965074165401941,0.0,18.945766070456504,-0.77,1.0,12.762520193861066,-0.79,17211.0,True,True,57.60170293282876,Packaging,Industrials,34.0,103,"Uptrend (price > 50 > 150 > 200-day, 200-day rising); Within 15% of 52-week high; Quarterly profit growth >= 25%; Sales growth >= 20% or 2+ strong quarters; ROE >= 20%; RS rating >= 80; Net profit margin up vs a year ago",7
HYUNDAI,-0.043709729963440955,-0.1846013943619278,0.25737657026000593,-0.8959650083214267,0.7350332594235033,0.0,0.0,0.29330560980926307,2.282463907159167,0.017668850661497395,0.026400077647287246,-0.07748307327539428,-0.032369861431977225,1375107767.55,-35.08316221253479,-0.4767597155404868,-12.874117042175754,-2.313620602552549,0.0,,-2.8999999999999995,1.0,27.13964526605046,-0.21000000000000085,20664.0,True,True,28.847682119205295,Passenger Cars & Utility Vehicles,Consumer Discretionary,100.0,103,"Uptrend (price > 50 > 150 > 200-day, 200-day rising); Within 15% of 52-week high; Quarterly profit growth >= 25%; Sales growth >= 20% or 2+ strong quarters; 3-year profit growth >= 15%/yr; RS rating >= 80; Net profit margin up vs a year ago",7
IBULLSLTD,,,1.4539411206077872,,0.9523076923076923,0.0,1.0,0.12207642916024569,1.6736418429719,0.030315564637167697,0.04998240056318193,0.11440772560005197,-0.02672465704117104,250226445.32999998,100.0,292.3270028378083,0.0,0.7173441951362983,4.0,-10.819774894894184,41.209999999999994,1.0,11.219195849546045,0.029999999999997584,20657.0,True,True,,Diversified Commercial Services,Services,63.0,103,3-year profit growth >= 15%/yr; ROE >= 20%; RS rating >= 80,3
ICICIBANK,-0.009000879716653046,0.05177993527508096,0.17618029281131764,-0.06305499602606446,0.9072972972972972,0.0,0.0,-0.3113865069694399,1.4986455726688774,0.01011402893548243,0.02282928339266377,-0.03911244559764948,-0.013840995158132136,14034256151.6,12.620690150153656,6.440286422401331,3.3535217429633057,1.8014455420263005,0.0,15.508383868133446,1.7100000000000009,1.0,15.957692943315156,1.690000000000012,20652.0,True,True,41.491958372753075,Private Sector Bank,Financial Services,25.0,103,"Uptrend (price > 50 > 150 > 200-day, 200-day rising); Quarterly profit growth >= 25%; Sales growth >= 20% or 2+ strong quarters; ROE >= 20%; RS rating >= 80",5
ICICIGI,-0.05199823410017717,-0.19656810982048567,-0.0991060327985317,-0.6069210018857834,0.7740326408058501,0.0,0.0,-0.3781199421486386,2.053239809481438,0.02178248540637088,0.05091296814607493,0.014530838995358453,-0.03584124536016198,1073221838.35,-46.00825606791481,10.830152746354127,-53.30118001038297,-2.967188009533092,0.0,11.105253945763138,-5.989999999999999,1.0,16.665664642578008,0.39000000000000057,20679.0,True,True,25.569536423841058,General Insurance,Financial Services,86.0,103,"Uptrend (price > 50 > 150 > 200-day, 200-day rising); Within 15% of 52-week high; Quarterly profit growth >= 25%; Sales growth >= 20% or 2+ strong quarters; 3-year profit growth >= 15%/yr; ROE >= 20%; RS rating >= 80; Net profit margin up vs a year ago",8
ICICIPRULI,-0.051988552479801,-0.15448334756618276,-0.01658720699245131,-0.8122696319388627,0.6501131861912847,0.0,0.0,-0.21895813308683726,1.852552753592437,0.01815907832703458,0.043617021276595835,-0.06505545574222793,-0.03829757103569775,558286004.0,61.704732105214966,-79.6940458918413,42.194784502268455,2.9844867300793374,1.0,23.92965679732186,17.13,1.0,11.796640011737951,0.08999999999999986,20557.0,True,True,25.663197729422897,Life Insurance,Financial Services,93.0,103,"Uptrend (price > 50 > 150 > 200-day, 200-day rising); Within 15% of 52-week high; Sales growth >= 20% or 2+ strong quarters; ROE >= 20%; RS rating >= 80",5
ICIL,0.17590450246506606,0.6254738719988107,0.7672849234250618,1.2720185904244175,0.9736598415474843,1.0,1.0,1.0610999193564215,0.8887038323334215,0.03213584165710484,0.061595010024504404,0.09510506666913532,-0.03005257093891662,198016633.6,62.08487772151441,25.894170291328965,47.10184636522299,0.8179852289353371,1.0,-17.957350749196888,1.17,1.0,5.390492359932089,0.38000000000000256,20669.0,True,True,85.88741721854305,Other Textile Products,Consumer Discretionary,23.0,103,3-year profit growth >= 15%/yr; ROE >= 20%,2
ICRA,-0.10769556678149036,-0.24536193857076705,-0.042815191855912205,-1.475923605390805,0.6581117824773414,0.0,0.0,0.07501159687115526,1.8397106098590081,0.017587792972990113,0.020392249527410256,-0.09329789244361497,-0.03171731195706645,144221185.5,24.43107675531597,31.231424210780002,30.34869601947286,1.7413698451507378,1.0,8.220006353121967,-1.7800000000000011,1.0,15.495342929720577,-1.259999999999998,20641.0,True,True,8.242194891201514,Ratings,Financial Services,,103,"Uptrend (price > 50 > 150 > 200-day, 200-day rising); Within 15% of 52-week high; Quarterly profit growth >= 25%; 3-year profit growth >= 15%/yr; ROE >= 20%; RS rating >= 80; Net profit margin up vs a year ago",7
IDBI,0.020751096617024553,0.026794685720665568,0.3223580158159598,-0.06003965010773943,0.735005913161007,0.0,0.0,0.29561303671710704,2.1113921407625025,0.02305455731709937,0.053163017031629956,0.022739828434541698,-0.01853647224887979,587032941.0799999,5.274597016615212,7.438284694490371,9.171845530712442,0.24242337599798275,0.0,30.654377713546666,-0.5800000000000018,1.0,13.472084475818214,-0.08999999999999997,20652.0,True,True,52.731315042573314,Private Sector Bank,Financial Services,25.0,103,"Uptrend (price > 50 > 150 > 200-day, 200-day rising); Within 15% of 52-week high; Quarterly profit growth >= 25%; Sales growth >= 20% or 2+ strong quarters; ROE >= 20%; RS rating >= 80; Net profit margin up vs a year ago",7
IDEAFORGE,0.12531155415534814,0.5562124248496993,0.959994952044422,0.8093749618467568,0.7290501385739481,0.0,0.0,-0.4193703605047016,1.2457055901275045,0.023656818116673705,0.049958881578947345,-0.08493160388695375,-0.022755288670834796,177545517.35000002,100.0,300.0,0.0,0.5303776729580172,1.0,-25.844123344972203,180.57,0.0,-2.8380634390651087,11.67,20648.0,True,True,79.79943235572374,Aerospace & Defense,Industrials,20.0,103,"Uptrend (price > 50 > 150 > 200-day, 200-day rising); Within 15% of 52-week high; 3-year profit growth >= 15%/yr; ROE >= 20%; RS rating >= 80",5
IDFCFIRSTB,0.0620722670260475,0.27569616562181065,0.45300564596479576,0.5937247686961142,0.9101662760852584,1.0,0.0,0.24300921981841742,1.731911597858737,0.015773553910101015,0.029635703408691594,-0.039643551858777215,-0.03113252550732331,1275942043.53,153.366342436428,14.612301198384191,141.61451412592461,2.627536948918016,1.0,-5.5067148432174085,5.69,1.0,3.3984473884060415,1.2000000000000028,20659.0,True,True,64.81362346263009,Private Sector Bank,Financial Services,25.0,103,"Uptrend (price > 50 > 150 > 200-day, 200-day rising); Sales growth >= 20% or 2+ strong quarters; 3-year profit growth >= 15%/yr; ROE >= 20%; RS rating >= 80",5
IEX,-0.0798190487933383,-0.1350900116144017,-0.0022609278177859737,-0.7555500725231217,0.6542709178261683,0.0,0.0,-0.41091094837672876,1.7560534311575329,0.015657029301635667,0.01816578483245146,-0.1256318448117434,-0.03487032951339829,320031312.93,11.65387608339261,11.379188712522037,0.850830258764244,3.056644011080658,0.0,17.492233973513137,0.20999999999999375,1.0,36.14369501466276,-0.3200000000000003,20657.0,True,True,14.330179754020813,Exchange and Data Platform,Financial Services,31.0,103,"Uptrend (price > 50 > 150 > 200-day, 200-day rising); Within 15% of 52-week high; Quarterly profit growth >= 25%; Sales growth >= 20% or 2+ strong quarters; RS rating >= 80",5
IFBIND,-0.045021671674635846,-0.23452179494660685,0.3793901156677182,-0.6868457683117998,0.6002079413803347,0.0,0.0,0.16857049339369015,0.8407285553502724,0.017899391510435816,0.037589646360564055,-0.07635130193095363,-0.022212162594330554,41679523.8,65.17168131487685,18.41352153088598,-64.27670973928537,1.1383650421490366,2.0,139.00026925445653,0.7700000000000002,1.0,14.472361809045225,-0.13999999999999968,20643.0,True,True,28.285714285714285,Household Appliances,Consumer Discretionary,98.0,103,"Uptrend (price > 50 > 150 > 200-day, 200-day rising); Within 15% of 52-week high; ROE >= 20%; RS rating >= 80",4
IFCI,0.03320728437788725,0.8004505350103246,0.8289473684210527,0.41216132272802575,0.6093953488372094,0.0,0.0,0.32475304628707213,0.59294172556916,0.034938255845366153,0.057032634761755796,-0.17298301781034275,-0.07376765096601383,2941757925.7,-4.983533380694583,-19.67680141460779,80.4435015713436,-0.02628093429660883,0.0,92.98653684409668,2.8499999999999996,1.0,4.863595706618963,0.8700000000000001,20676.0,True,True,56.384105960264904,Financial Institution,Financial Services,85.0,103,"Uptrend (price > 50 > 150 > 200-day, 200-day rising); Within 15% of 52-week high; Quarterly profit growth >= 25%; Sales growth >= 20% or 2+ strong quarters; ROE >= 20%; RS rating >= 80",6
IGIL,-0.031923174192197215,-0.06147422977253103,0.01748088028718575,-0.2227929344551623,0.8230749420551121,0.0,0.0,0.24189851988419406,0.9279893117204413,0.01785706783655322,0.05096856144807882,-0.04511217541731527,-0.021354467861740722,157216288.85000002,30.984890817315105,23.219567312485445,3.353273850355489,2.9638885856069135,2.0,,2.6500000000000057,1.0,40.207156308851225,0.019999999999999574,20657.0,True,True,33.530747398297066,Diversified Commercial Services,Services,63.0,103,"Uptrend (price > 50 > 150 > 200-day, 200-day rising); Within 15% of 52-week high; 3-year profit growth >= 15%/yr; RS rating >= 80",4
IGL,-0.07832915397985633,-0.26124789874419063,0.02125623675756949,-1.1290508639298433,0.632572706935123,0.0,0.0,0.03858906005725665,2.0237587893635087,0.013319534507545663,0.0576897336367288,-0.05648918946695458,-0.020465803797389288,154582230.225,-44.35456388285933,17.187787429739387,-19.12312891127643,-2.6758216128860255,0.0,-6.9452905074288696,-5.739999999999999,1.0,13.421418636995828,-0.14999999999999858,20678.0,True,True,15.079470198675496,LPG/CNG/PNG/LNG Supplier,Energy,72.0,103,"Uptrend (price > 50 > 150 > 200-day, 200-day rising); Within 15% of 52-week high; Quarterly profit growth >= 25%; Sales growth >= 20% or 2+ strong quarters; 3-year profit growth >= 15%/yr; ROE >= 20%; RS rating >= 80; Net profit margin up vs a year ago",8
IGPL,0.16041723704806712,0.312881234302117,0.5643437366395896,1.0271700661001835,0.9665518937530743,1.0,1.0,0.44174978781292024,1.6106862497206362,0.026482412473841963,0.0640794223826715,0.12484758744521263,-0.03592640392329863,38190882.75,100.0,31.432826295074978,52.08981519957647,2.5426696302541294,2.0,-19.19585836524661,13.51,1.0,0.15003750937734434,-0.08999999999999986,20647.0,True,True,84.20151371807002,Commodity Chemicals,Commodities,41.0,103,3-year profit growth >= 15%/yr; ROE >= 20%,2
IIFL,0.13194903328170215,0.5342792416835578,0.4794205564497587,1.076559029383069,0.8534751773049646,0.0,0.0,0.4039723598177323,0.9710865857714094,0.021799952225519562,0.02971908187735539,-0.030530944221290657,-0.023560489999640676,1209078094.65,160.3016092569058,32.72521614857611,12.324326470367026,1.489639969747588,3.0,8.819997484353959,8.92,1.0,13.053160919540229,-3.8900000000000006,20636.0,True,True,81.20435193945127,Non Banking Financial Company (NBFC),Financial Services,37.0,103,"Uptrend (price > 50 > 150 > 200-day, 200-day rising); 3-year profit growth >= 15%/yr; ROE >= 20%",3
IIFLCAPS,0.07189216157224225,0.23466033601168745,0.29496265083317375,0.6740745971897482,0.8391684901531727,0.0,0.0,-0.10817919075038022,3.0518602732032574,0.0065828301601688595,0.02418756492061136,0.019389518141677886,-0.0132318410078899,100764041.025,4.911896618227685,2.2855014011046837,14.961900968993236,0.11332760813583934,0.0,26.742892012017872,0.7300000000000004,1.0,18.40130505709625,-1.8299999999999983,20657.0,True,True,66.87417218543047,Stockbroking & Allied,Financial Services,15.0,103,"Uptrend (price > 50 > 150 > 200-day, 200-day rising); Within 15% of 52-week high; Quarterly profit growth >= 25%; Sales growth >= 20% or 2+ strong quarters; ROE >= 20%; RS rating >= 80",6
IKIO,0.03079468167634159,-0.012421182382781004,0.7146267182484156,-0.13966529524539442,0.8202261306532663,0.0,0.0,1.0153874070526472,0.29598142441470005,0.03253703674952894,0.08252044536407532,-0.04080555291656418,-0.034380735150631204,38842572.72,300.0,40.91060429498916,200.0,0.8949280087615729,3.0,-3.964790630883419,4.550000000000001,1.0,6.976744186046512,-0.5500000000000003,20644.0,True,True,55.63481551561022,Consumer Electronics,Consumer Discretionary,80.0,103,"Uptrend (price > 50 > 150 > 200-day, 200-day rising); Within 15% of 52-week high; 3-year profit growth >= 15%/yr; ROE >= 20%; RS rating >= 80",5
IKS,0.03951080614896532,0.164873587950511,0.29004393476803925,0.5330943616833672,0.8939086294416244,1.0,0.0,0.15796732079654377,1.1193734920395497,0.020359883141274234,0.0484630917657618,-0.015981224854716092,-0.031814011495581974,245380107.8,27.819366681867287,20.744493987299006,-11.53249847331712,0.7110992473568196,7.0,,1.1999999999999993,1.0,25.785714285714285,0.9199999999999999,20670.0,True,True,58.44465468306528,IT Enabled Services,Information Technology,51.0,103,"Uptrend (price > 50 > 150 > 200-day, 200-day rising); 3-year profit growth >= 15%/yr; RS rating >= 80",3
IMAGICAA,0.0032180989342319236,0.0036798528058876734,0.30909527237820966,-0.1899425185978481,0.8051612903225807,0.0,0.0,0.6054240872514188,0.8244598075357417,0.03469959201876039,0.05076343446361298,-0.01876378389215838,-0.02466221324573772,34947809.635000005,26.193347697386884,19.918973666441598,123.95147664181138,0.568498287867622,1.0,-66.9139695253715,1.6000000000000014,1.0,0.07974481658692185,-0.33000000000000007,20672.0,True,True,46.081362346263006,Amusement Parks/ Other Recreation,Consumer Discretionary,43.0,103,"Uptrend (price > 50 > 150 > 200-day, 200-day rising); Within 15% of 52-week high; Sales growth >= 20% or 2+ strong quarters; 3-year profit growth >= 15%/yr; ROE >= 20%; RS rating >= 80",6
IMFA,-0.00022525480600872616,0.1413178984861978,0.019244532803180947,0.12376769858115824,0.7087326626584914,0.0,0.0,-0.255814756240075,0.9622309414228907,0.01784455916126753,0.02735352489429621,-0.10907373900185735,-0.028512749751858205,135779029.35,108.16137006839087,49.71007263771552,-9.49032330150574,3.2519109393198944,3.0,36.549633895968036,5.630000000000001,1.0,15.636497424576895,-0.22000000000000064,20649.0,True,True,45.14474929044465,Ferro & Silica Manganese,Commodities,,103,"Uptrend (price > 50 > 150 > 200-day, 200-day rising); Within 15% of 52-week high; ROE >= 20%; RS rating >= 80",4
INDGN,0.05560303071531297,0.04301355578727839,0.26988997037663975,0.13233912371744702,0.9510366826156299,1.0,1.0,0.8492448218376628,2.631574856685303,0.016868876769926648,0.03236217725052337,0.03921226908330411,-0.01876031312613673,235994923.22500002,-0.17660288791296885,39.73449001051523,18.917366936030547,-0.012075284416799698,0.0,,-4.370000000000001,1.0,12.774769034724434,0.10000000000000142,20655.0,True,True,63.22138126773888,"Healthcare Research, Analytics & Technology",Healthcare,49.0,103,Quarterly profit growth >= 25%; 3-year profit growth >= 15%/yr; ROE >= 20%; RS rating >= 80; Net profit margin up vs a year ago,5
INDHOTEL,0.01599577961494507,0.031276415891800635,0.2561132561132562,0.1487261952264536,0.9717454449432269,0.0,0.0,0.45784927828433747,11.6608188703742,0.012521043050535577,0.020018198362147244,0.011375222956018893,-0.014695348663187044,1146147295.4,18.7264695977845,14.605502969016415,4.406593793399004,1.0393164247854265,0.0,23.996051140630705,0.5800000000000018,1.0,17.215752375114928,0.36999999999999744,20655.0,True,True,50.57710501419111,Hotels & Resorts,Consumer Discretionary,66.0,103,"Uptrend (price > 50 > 150 > 200-day, 200-day rising); Quarterly profit growth >= 25%; Sales growth >= 20% or 2+ strong quarters; ROE >= 20%; RS rating >= 80",5
INDIACEM,-0.08592314078995136,-0.06938140319024766,-0.00041788549937316066,-0.7161181123395778,0.6077603952243722,0.0,0.0,-0.06824846414775307,1.8957932340218282,0.017582570990082813,0.05094875242790975,-0.17955572351930993,-0.06886090355738402,41988328.3,100.0,-0.5191560786150684,0.0,0.4016954052982921,4.0,12.758088159627423,5.54,1.0,-0.6617937574081391,-0.39000000000000057,20652.0,True,True,13.487228003784297,Cement & Cement Products,Commodities,102.0,103,"Uptrend (price > 50 > 150 > 200-day, 200-day rising); Within 15% of 52-week high; 3-year profit growth >= 15%/yr; ROE >= 20%; RS rating >= 80",5
INDIAGLYCO,0.24413690001848237,0.46494181581900884,0.3695604152860612,1.9426402835922645,0.9783742331288343,1.0,1.0,0.8488920153600171,1.2935402413439892,0.03914717249567616,0.18742724097788122,0.2579878977580641,-0.07730111977095924,54038396.605000004,32.254689741687685,8.643292389904467,-3.411034612265439,4.790844920154281,8.0,31.924012857938312,1.5300000000000002,1.0,9.989771564950562,-0.010000000000000675,20663.0,True,True,92.53736991485336,Breweries & Distilleries,Fast Moving Consumer Goods,55.0,103,ROE >= 20%,1
INDIAMART,-0.10862681775539675,-0.26926652019604536,-0.1433453861013424,-1.3576013988422013,0.6306267073122451,0.0,0.0,-0.2684782693291605,0.80556183517557,0.01384976463869349,0.03498809305733652,-0.07158510712703703,-0.017830387178746077,148394992.55,12.177860301482957,11.367911851652778,84.37443461611832,0.2581707024479828,0.0,15.35428241937944,0.29999999999999716,1.0,19.791666666666664,-0.6799999999999997,20655.0,True,True,7.961210974456008,Internet & Catalogue Retail,Consumer Discretionary,95.0,103,"Uptrend (price > 50 > 150 > 200-day, 200-day rising); Within 15% of 52-week high; Quarterly profit growth >= 25%; Sales growth >= 20% or 2+ strong quarters; ROE >= 20%; RS rating >= 80",6
INDIANB,0.038566557595323375,0.2582289233382884,0.02225672877846785,0.4611308907031978,0.8122689579378559,0.0,0.0,0.09132003696963545,1.136410235674579,0.013304280063665637,0.02124440521969362,-0.0498973351548504,-0.022828812746755377,833290182.0,20.46625855611306,11.114699940436346,14.008261648911471,2.2369797744410738,1.0,27.883741172735,1.4400000000000013,1.0,14.625888584885624,-0.379999999999999,20644.0,True,True,58.16367076631977,Public Sector Bank,Financial Services,52.0,103,"Uptrend (price > 50 > 150 > 200-day, 200-day rising); Within 15% of 52-week high; Quarterly profit growth >= 25%; Sales growth >= 20% or 2+ strong quarters; ROE >= 20%; RS rating >= 80",6
INDIASHLTR,-0.09391531668653376,-0.22476245321048083,-0.1181133311496888,-0.8383372074970293,0.6886904761904762,0.0,0.0,-0.18496673611839415,2.2431070024412665,0.02120418163221042,0.022170722286597222,-0.05408940776349791,-0.022293395049734262,59740216.5,27.221948576604248,24.730361453145534,-1.8090177964025926,7.410875546665747,11.0,41.165316857625925,0.6600000000000037,1.0,15.728580362726705,0.5199999999999996,20575.0,True,True,10.864711447492905,Housing Finance Company,Financial Services,90.0,103,"Uptrend (price > 50 > 150 > 200-day, 200-day rising); Within 15% of 52-week high; ROE >= 20%; RS rating >= 80",4
INDIGO,-0.02062975939741203,-0.10447761194029848,0.18755216406343145,-0.2696829664609724,0.8459798994974874,0.0,0.0,-0.08314042346647625,1.0390981500060623,0.016474916888476368,0.023555508608851694,-0.011362915646481286,-0.017742272692237906,2719221690.25,-100.0,19.94408746944569,0.0,-1.2721003229139936,0.0,-11.895929789263882,-11.59,0.0,-34.34227513986516,-0.6099999999999994,20657.0,True,True,38.120151371807,Airline,Services,,103,"Uptrend (price > 50 > 150 > 200-day, 200-day rising); Within 15% of 52-week high; Quarterly profit growth >= 25%; Sales growth >= 20% or 2+ strong quarters; 3-year profit growth >= 15%/yr; ROE >= 20%; RS rating >= 80; Net profit margin up vs a year ago",8
INDIGOPNTS,0.01605932371894597,0.08481569778103792,0.5412975508077122,-0.07190512195298025,0.7893602793669664,0.0,0.0,1.0169439189920153,0.6664609422378232,0.018669685793059162,0.02800763844684906,-0.05224262731475282,-0.03055898838260842,64025713.45,60.15262647647195,19.688532020980375,57.07867409278842,4.41290562993631,1.0,5.295055868068577,2.8499999999999996,1.0,12.824956672443674,0.5599999999999987,20678.0,True,True,50.76442762535478,Paints,Consumer Discretionary,77.0,103,"Uptrend (price > 50 > 150 > 200-day, 200-day rising); Within 15% of 52-week high; Sales growth >= 20% or 2+ strong quarters; 3-year profit growth >= 15%/yr; ROE >= 20%; RS rating >= 80",6
INDNIPPON,0.12160319815231119,0.1855097243000643,0.5686108165429482,0.7129443144187136,0.7939258312020461,0.0,1.0,1.2577013830919865,0.6231059832731805,0.031923743496188726,0.17018622471709888,0.05456886418763296,-0.024353871205931146,38334518.25,4.058216927307212,28.105749486652964,-52.182671384722745,0.44083968620968944,0.0,27.28949467946835,-2.17,1.0,13.520097442143728,0.08000000000000007,20601.0,True,True,79.33112582781457,Auto Components & Equipments,Consumer Discretionary,19.0,103,Within 15% of 52-week high; Quarterly profit growth >= 25%; ROE >= 20%; RS rating >= 80; Net profit margin up vs a year ago,5
INDOBORAX,0.22737084325118134,1.206065820606582,1.0829440675900726,2.207167123092189,0.9059506263817245,0.0,1.0,1.8037460731979904,1.3220266301483132,0.04443480220043976,0.06751329642895909,0.0670245475316853,-0.024651088396495432,58891612.05,59.348955187824615,31.34216912450998,23.4772206253707,2.4816017205583423,2.0,0.5115631929132336,4.060000000000002,1.0,12.953367875647666,-2.47,20648.0,True,True,91.03878902554399,Commodity Chemicals,Commodities,41.0,103,3-year profit growth >= 15%/yr; ROE >= 20%,2
INDOCO,-0.008381837054123709,-0.04632610216934918,0.4553609568560444,-0.2702715125120156,0.7787931306128879,0.0,0.0,1.5010085336920114,15.618819375857703,0.03645294720099082,0.09979236958214366,0.03333168881058346,-0.02682359918250373,36900010.705,-100.0,6.329747310482858,0.0,0.6227329253819011,0.0,-45.046172023435304,4.069999999999999,0.0,-10.543130990415335,-0.14000000000000057,20662.0,True,True,41.77294228949858,Pharmaceuticals,Healthcare,27.0,103,"Uptrend (price > 50 > 150 > 200-day, 200-day rising); Within 15% of 52-week high; Quarterly profit growth >= 25%; Sales growth >= 20% or 2+ strong quarters; 3-year profit growth >= 15%/yr; ROE >= 20%; RS rating >= 80",7
INDORAMA,0.3954046616540284,0.25606419843151573,1.1151719901719903,1.217919780101588,0.8468388245770258,1.0,1.0,0.9647945580404887,1.2665070761193205,0.04609348441156911,0.17023613399231197,0.2993720384974832,-0.07327094234642323,75024831.80000001,20.918212169533202,-28.265847699718925,-4.76964548277634,0.2188682430274073,2.0,19.94564742985425,2.7699999999999996,1.0,28.901734104046245,-0.1100000000000001,20663.0,True,True,97.4077578051088,Other Textile Products,Consumer Discretionary,23.0,103,Within 15% of 52-week high; Quarterly profit growth >= 25%,2
INDOTECH,0.2702477057555858,1.1163472246644393,1.8839456869009585,1.6053441300916098,0.8319602977667494,0.0,0.0,0.10495001028425771,2.4126281587618688,0.02312670408390371,0.04999686343391252,-0.051799228498059846,-0.027184315896168845,66643261.599999994,34.140962439005506,39.01665344964314,20.09699084891223,1.1760293613300494,1.0,52.482666732700125,-0.41000000000000014,1.0,24.86631016042781,0.06,20679.0,True,True,93.56764427625355,Heavy Electrical Equipment,Industrials,35.0,103,"Uptrend (price > 50 > 150 > 200-day, 200-day rising); Within 15% of 52-week high; Net profit margin up vs a year ago",3
INDRAMEDCO,-0.07785983781053292,-0.2025288128007161,-0.1082332332332332,-0.5879416581817101,0.5229772957790434,0.0,0.0,0.6865971408714545,1.1282456996577988,0.014748430121020015,0.03781687214295615,-0.07891409977354191,-0.03714799380401296,62092999.425000004,8.494018082328259,11.255683997151156,6.836428555810836,1.0537195830876873,0.0,24.94171315596636,-0.34999999999999964,1.0,24.831309041835357,0.05999999999999961,20679.0,True,True,15.266792809839167,Hospital,Healthcare,65.0,103,"Uptrend (price > 50 > 150 > 200-day, 200-day rising); Within 15% of 52-week high; Quarterly profit growth >= 25%; Sales growth >= 20% or 2+ strong quarters; RS rating >= 80; Net profit margin up vs a year ago",6
INDSWFTLAB,0.5438553217793903,2.729610727509256,1.6841915736406192,5.235549044164752,0.942789876397881,1.0,1.0,1.3165526268455225,0.63382321527997,0.043823806531665795,0.06892461781760684,0.19795642902784993,-0.037110471380086586,212062982.275,183.6797121654186,25.351928239376686,174.33292170332643,0.36188848479339464,1.0,28.826511868584383,7.25,1.0,3.106936416184971,-3.0100000000000016,20675.0,True,True,98.81267738883633,Pharmaceuticals,Healthcare,27.0,103,ROE >= 20%,1
INDUSINDBK,0.03830615455761572,0.40975096457383375,0.2903557210735841,0.9342472813576089,0.8406550076541264,0.0,0.0,-0.25886742019058157,1.6877039949073092,0.016010959544501914,0.026651480637813085,-0.07928175644711066,-0.034581235642489494,1362826112.0,71.53582080952634,-7.778451843951495,-28.464179190473658,0.2054437429960704,2.0,-44.95763451841027,4.24,1.0,1.3522969272893215,2.3299999999999983,20656.0,True,True,57.69536423841059,Private Sector Bank,Financial Services,25.0,103,"Uptrend (price > 50 > 150 > 200-day, 200-day rising); Within 15% of 52-week high; 3-year profit growth >= 15%/yr; ROE >= 20%; RS rating >= 80",5
INDUSTOWER,0.031862902471241995,0.08273173548945989,-0.1174532187831,0.45916677423176255,0.8080996884735203,0.0,0.0,0.2818471212600826,1.9227969263528333,0.01730053197720634,0.043010752688172005,0.025493704981458976,-0.017867110941906687,1657723112.625,0.556780622672215,4.6353752978554486,-0.2287517316049481,0.007306148236406515,0.0,31.03442083852743,-0.8399999999999999,1.0,18.021994652676185,-0.1599999999999966,20661.0,True,True,56.196783349101224,Telecom - Infrastructure,Telecommunication,,103,"Uptrend (price > 50 > 150 > 200-day, 200-day rising); Within 15% of 52-week high; Quarterly profit growth >= 25%; Sales growth >= 20% or 2+ strong quarters; ROE >= 20%; RS rating >= 80; Net profit margin up vs a year ago",7
INFY,-0.07256335797463116,-0.21989095175650497,-0.13107318573185733,-0.989868074493121,0.5867187500000001,0.0,0.0,-0.08750542750206014,1.4033968381616213,0.018825734011100183,0.041142742178855274,-0.07926820962007386,-0.02394520124979382,9675735175.0,12.290212343430262,14.030606211121356,-8.607726313500308,1.243891679709875,0.0,8.134267141844065,-0.25,1.0,31.74298884245897,-1.769999999999996,20657.0,True,True,17.327341532639544,Computers - Software & Consulting,Information Technology,94.0,103,"Uptrend (price > 50 > 150 > 200-day, 200-day rising); Within 15% of 52-week high; Quarterly profit growth >= 25%; Sales growth >= 20% or 2+ strong quarters; 3-year profit growth >= 15%/yr; RS rating >= 80; Net profit margin up vs a year ago",7
INGERRAND,0.0031619923326044186,0.20933250155957572,0.32814469717730876,0.09757488343890783,0.8336629667003027,0.0,0.0,0.1750164342850472,0.969868160318372,0.020641692523511394,0.019702413967733312,-0.07127202547594269,-0.013811973530720738,81364300.5,19.50464378432979,20.34124064442471,39.83556095821277,1.0470865823856046,0.0,10.377234386376632,-0.129999999999999,1.0,41.55844155844156,0.7299999999999986,20679.0,True,True,45.98770104068117,"Compressors, Pumps & Diesel Engines",Industrials,56.0,103,"Uptrend (price > 50 > 150 > 200-day, 200-day rising); Within 15% of 52-week high; Quarterly profit growth >= 25%; 3-year profit growth >= 15%/yr; RS rating >= 80; Net profit margin up vs a year ago",6
INNOVACAP,0.11274613538006117,0.33175551742500464,0.5976717773992051,0.9688108453150958,0.8435906908016254,1.0,1.0,0.10100755842121442,5.955105977898469,0.0233495802445661,0.05779734246351986,0.04518038927431456,-0.055282658538939704,64992880.099999994,42.29145888314929,33.93923877794845,13.637480388234867,2.1277794316353065,3.0,28.142071810218617,0.5499999999999989,1.0,12.923923006416132,-0.10999999999999943,20676.0,True,True,76.89593188268685,Pharmaceuticals,Healthcare,27.0,103,Within 15% of 52-week high; ROE >= 20%; RS rating >= 80,3
INOXGREEN,-0.08745139274291128,-0.16405142494011826,0.19462102689486538,-0.6281270626309845,0.5306617434115262,0.0,0.0,-0.30129695379510946,2.9420716325296405,0.023534449933311816,0.023916730015788534,-0.1586727472873094,-0.06243189830118684,197801088.27,82.16923744801265,-22.971530249110327,-159.0924957107186,1.3688510747429337,5.0,170.4294277181769,54.379999999999995,1.0,6.033977738722906,-0.5099999999999998,20672.0,True,True,12.831598864711449,Diversified Commercial Services,Services,63.0,103,"Uptrend (price > 50 > 150 > 200-day, 200-day rising); Within 15% of 52-week high; ROE >= 20%; RS rating >= 80",4
INOXINDIA,0.16219949054591565,0.8380067567567566,0.751750784834581,1.7605767291398666,0.8879247702500536,0.0,1.0,0.6899690512008877,1.8293735983993396,0.033385806198714146,0.05641900121802679,0.01901060854157821,-0.02847887811232481,388437447.7,-5.015222896178074,9.1779047170367,-16.213310616971032,-0.4000977607038366,0.0,6.67389924494286,-2.34,1.0,23.097582811101162,-0.3199999999999985,20668.0,True,True,84.48249763481552,Other Industrial Products,Industrials,7.0,103,Quarterly profit growth >= 25%; Sales growth >= 20% or 2+ strong quarters; 3-year profit growth >= 15%/yr; Net profit margin up vs a year ago,4
INOXWIND,-0.15659237102397675,-0.46166157427615306,-0.06976744186046513,-1.3003982976896562,0.4312617702448211,0.0,0.0,0.045235031934577695,0.8372513989352547,0.02138531428870398,0.036437246963562764,-0.07707932550216556,-0.04765354132688114,729737395.98,-34.174263925882734,-1.4704992435703446,10.324433829674469,-0.4470390256425715,0.0,,-3.9099999999999993,1.0,7.035412096521466,-1.0100000000000051,20672.0,True,True,1.3112582781456954,Heavy Electrical Equipment,Industrials,35.0,103,"Uptrend (price > 50 > 150 > 200-day, 200-day rising); Within 15% of 52-week high; Quarterly profit growth >= 25%; Sales growth >= 20% or 2+ strong quarters; 3-year profit growth >= 15%/yr; ROE >= 20%; RS rating >= 80; Net profit margin up vs a year ago",8
INTELLECT,-0.12355790626131738,-0.3121736044212341,0.03100775193798455,-1.052751605385203,0.48320745621083083,0.0,0.0,0.03435175162947847,1.12717725994187,0.015862112353068013,0.03133925125434178,-0.11752578529786817,-0.03847054256186224,184413631.60000002,8.718779161471236,20.44777608345565,20.60039978558239,0.2558418970189497,0.0,7.876110499443212,-1.299999999999999,1.0,10.82018927444795,-1.8200000000000003,20647.0,True,True,5.151371807000946,Computers - Software & Consulting,Information Technology,94.0,103,"Uptrend (price > 50 > 150 > 200-day, 200-day rising); Within 15% of 52-week high; Quarterly profit growth >= 25%; 3-year profit growth >= 15%/yr; ROE >= 20%; RS rating >= 80; Net profit margin up vs a year ago",7
INTERARCH,-0.03566793884342622,-0.1319079450936368,-0.045877734155917005,-0.3440326207091695,0.6101498588286397,0.0,0.0,-0.2263572965261509,1.154490796690089,0.014113953016357879,0.02935133548576463,-0.023163360512758135,-0.010678776401376919,76849163.19999999,-0.3486048140178055,20.715917745620715,5.051251554021052,-0.020307783494226794,0.0,,-1.2999999999999998,1.0,15.32349602724177,0.5,20679.0,True,True,32.313150425733205,Civil Construction,Industrials,89.0,103,"Uptrend (price > 50 > 150 > 200-day, 200-day rising); Within 15% of 52-week high; Quarterly profit growth >= 25%; 3-year profit growth >= 15%/yr; ROE >= 20%; RS rating >= 80; Net profit margin up vs a year ago",7
IOB,-0.052026445431811875,-0.130104712041885,0.013418725221103989,-0.6939069179688322,0.7526315789473685,0.0,0.0,-0.33881894791487016,5.740830770793919,0.011239229622295913,0.0319289005924952,-0.044767780800621715,-0.018058717397399247,67654217.845,45.63423200598322,18.816675217157663,3.111978371285403,2.9779538716568306,13.0,39.06281010323076,3.6000000000000014,1.0,14.646805979832934,0.04999999999999982,20654.0,True,True,25.38221381267739,Public Sector Bank,Financial Services,52.0,103,"Uptrend (price > 50 > 150 > 200-day, 200-day rising); Within 15% of 52-week high; ROE >= 20%; RS rating >= 80",4
IOC,-0.02893479577020326,-0.04991726420297837,0.02736151494818473,-0.34373731874152474,0.6964436917866215,0.0,0.0,-0.15910314600823347,1.4770450067981558,0.012754884781402473,0.027411863245260015,-0.043152652052204865,-0.019387330849224203,1067356957.4,-100.0,38.50804809071824,-181.68307222227497,-0.7878789731628375,0.0,11.842612971461119,-3.97,0.0,19.896773840869542,-0.3399999999999963,20665.0,True,True,34.561021759697255,Refineries & Marketing,Energy,44.0,103,"Uptrend (price > 50 > 150 > 200-day, 200-day rising); Within 15% of 52-week high; Quarterly profit growth >= 25%; 3-year profit growth >= 15%/yr; ROE >= 20%; RS rating >= 80; Net profit margin up vs a year ago",7
IOLCP,0.2950724889729658,0.8911138923654569,1.5414672014490876,2.093382471627856,0.9810993425858291,0.0,1.0,0.48225681051422453,1.0200957324597997,0.03526247365076746,0.08383467023172897,0.17861275797579168,-0.037431813593044365,654614257.8599999,89.9067919461663,37.080606862549615,20.658750920668965,2.253685479809419,4.0,5.505168799378968,2.369999999999999,1.0,7.670928293496387,3.5599999999999996,20673.0,True,True,94.59791863765373,Pharmaceuticals,Healthcare,27.0,103,3-year profit growth >= 15%/yr; ROE >= 20%,2
IONEXCHANG,0.00686610486920709,-0.05977859778597794,0.09985611510791359,0.01610426119581482,0.8419753086419753,0.0,1.0,0.45809628751833587,0.48388386837542563,0.024013196313424724,0.07306940371456516,0.014797896005535272,-0.028017618552885874,101905658.9,-93.64047141113932,20.108369485073464,-31.9870126375464,-2.748148925598372,0.0,-18.188961956862205,-7.87,1.0,10.679611650485436,0.75,20670.0,True,True,47.3926206244087,Water Supply & Management,Utilities,81.0,103,Within 15% of 52-week high; Quarterly profit growth >= 25%; 3-year profit growth >= 15%/yr; ROE >= 20%; RS rating >= 80; Net profit margin up vs a year ago,6
IPCALAB,0.09187525613415826,0.4265606767794632,0.3143183497950681,1.389853177730065,0.954612365063788,0.0,1.0,1.040791656410276,0.7743697099962525,0.018475145283129497,0.0199462010861291,0.02919518047814318,-0.015084756523426175,419429892.20000005,82.15291001297138,20.757086861424522,-7.375425329393181,4.5212004177135805,4.0,42.4341997561331,5.130000000000001,1.0,14.684360659804044,-7.105427357601002e-15,20649.0,True,True,71.83822138126774,Pharmaceuticals,Healthcare,27.0,103,ROE >= 20%; RS rating >= 80,2
IRCON,-0.11518404159843967,-0.3012069473064468,-0.05017605633802813,-0.9150081896985641,0.5785239219051705,0.0,0.0,0.4407697998711153,25.92427947682847,0.02445715116801587,0.14267590514296868,-0.09478490021316954,-0.03127770139008119,173901932.305,-43.883966808498954,9.4917929999776,-34.185165102155224,-1.2195122955360265,0.0,-13.669574543200735,-4.4799999999999995,1.0,8.917005573128483,-0.16999999999999993,20677.0,True,True,6.556291390728477,Civil Construction,Industrials,89.0,103,"Uptrend (price > 50 > 150 > 200-day, 200-day rising); Within 15% of 52-week high; Quarterly profit growth >= 25%; Sales growth >= 20% or 2+ strong quarters; 3-year profit growth >= 15%/yr; ROE >= 20%; RS rating >= 80; Net profit margin up vs a year ago",8
IRCTC,-0.09689127220477671,-0.32498933295406063,-0.07268464243845252,-1.584939512108699,0.6181447502548421,0.0,0.0,-0.7615781037227248,1.9094348453095182,0.012421055250534859,0.043216630196936556,-0.0561808945114054,-0.016572777735563607,329552933.975,-0.1654023651927794,18.09550910596025,0.375575168768405,-0.032656080750689924,0.0,10.920614921006177,-4.41,1.0,32.32768623810629,-0.9499999999999993,20677.0,True,True,9.647114474929046,"Tour, Travel Related Services",Consumer Discretionary,99.0,103,"Uptrend (price > 50 > 150 > 200-day, 200-day rising); Within 15% of 52-week high; Quarterly profit growth >= 25%; Sales growth >= 20% or 2+ strong quarters; 3-year profit growth >= 15%/yr; RS rating >= 80; Net profit margin up vs a year ago",7
IREDA,-0.07877484555926703,-0.227508887065901,-0.01687837132416914,-0.8443810106254128,0.686830497794581,0.0,0.0,-0.0668372680586225,1.8062342754897598,0.014776047262466327,0.048903569134783,-0.053180012195736315,-0.01815671153293364,432773490.73,37.08622737488767,15.498562333127941,38.858558370069844,0.8808207913260747,1.0,29.796375002438523,2.370000000000001,1.0,13.594486760972071,0.29000000000000004,20668.0,True,True,14.704824976348155,Financial Institution,Financial Services,85.0,103,"Uptrend (price > 50 > 150 > 200-day, 200-day rising); Within 15% of 52-week high; Sales growth >= 20% or 2+ strong quarters; ROE >= 20%; RS rating >= 80",5
IRFC,-0.10938540593529693,-0.3220408498072348,-0.1000653310104529,-1.2860371072560053,0.5620762557410512,0.0,0.0,-0.5988476643108801,4.671532673135572,0.010266145136283733,0.0276131635354937,-0.08178868992325627,-0.01869490684161873,617921091.4250001,10.420000215968251,19.45995737038313,10.288922060805916,2.1908815141162545,0.0,5.124933929909492,-1.9100000000000001,1.0,12.35087842957585,1.1000000000000005,20679.0,True,True,7.680227057710502,Financial Institution,Financial Services,85.0,103,"Uptrend (price > 50 > 150 > 200-day, 200-day rising); Within 15% of 52-week high; Quarterly profit growth >= 25%; Sales growth >= 20% or 2+ strong quarters; 3-year profit growth >= 15%/yr; ROE >= 20%; RS rating >= 80; Net profit margin up vs a year ago",8
IRISDOREME,0.20778613592113235,0.8796615481040426,0.9144589849984042,2.05638497383368,0.8595588235294118,1.0,0.0,1.517850475720708,0.46344205154831225,0.02271430927641464,0.07511172224132001,-0.0020181600254062237,-0.05211778518614505,43096312.0,52.54242703159111,26.310160427807496,8.982310201022223,1.8377648208124413,3.0,22.36372446352086,1.46,1.0,11.267605633802818,-0.050000000000000044,20679.0,True,True,89.44654683065279,Garments & Apparels,Consumer Discretionary,22.0,103,"Uptrend (price > 50 > 150 > 200-day, 200-day rising); ROE >= 20%",2
ISGEC,-0.0028670615560482567,-0.1396853732009371,-0.1563457330415755,0.023367524269345952,0.8124607235838046,0.0,0.0,0.37604093143024203,2.4286512749393863,0.02329056456568561,0.08470588235294119,0.1168041384689047,-0.05927355720657571,38531894.400000006,31.08603243115389,45.98217248014864,44.37885925839403,0.11884391059141088,1.0,10.628664620287399,-0.09999999999999998,1.0,5.628654970760234,-0.16000000000000014,20676.0,True,True,44.11447492904446,Civil Construction,Industrials,89.0,103,"Uptrend (price > 50 > 150 > 200-day, 200-day rising); Within 15% of 52-week high; 3-year profit growth >= 15%/yr; ROE >= 20%; RS rating >= 80; Net profit margin up vs a year ago",6
ITC,-0.08936150503782192,-0.3507775857812886,-0.10192931534915495,-1.567888839544618,0.6254690431519699,0.0,0.0,-0.25637890055171914,3.3302191008547637,0.014274291987601427,0.05080109417741285,-0.0156746522382607,-0.01488507935091405,3558300279.25,-21.44786499343798,-11.07440454175176,-27.917116908978713,-4.109974360445372,0.0,-0.08209498407166782,-2.8999999999999986,1.0,28.98754603003848,-0.6199999999999903,20665.0,True,True,12.269631031220435,Diversified FMCG,Fast Moving Consumer Goods,92.0,103,"Uptrend (price > 50 > 150 > 200-day, 200-day rising); Within 15% of 52-week high; Quarterly profit growth >= 25%; Sales growth >= 20% or 2+ strong quarters; 3-year profit growth >= 15%/yr; RS rating >= 80; Net profit margin up vs a year ago",7
ITCHOTELS,-0.07907368391139905,-0.2868903524385903,0.08211222904990212,-0.9537303605890189,0.6741993855994614,0.0,0.0,0.07968769012120674,1.3695634597639506,0.016239081798819534,0.028963908507743108,-0.011078684088372537,-0.022219119341954287,257418188.04,35.97805165154675,14.773033818083725,13.980949159683664,3.212165044366272,9.0,,3.030000000000001,1.0,7.04237433522045,-0.44999999999999574,20648.0,True,True,14.517502365184484,Hotels & Resorts,Consumer Discretionary,66.0,103,"Uptrend (price > 50 > 150 > 200-day, 200-day rising); Within 15% of 52-week high; 3-year profit growth >= 15%/yr; ROE >= 20%; RS rating >= 80",5
ITDC,0.06948006099549657,0.10285420416559532,0.5857776682277547,0.28122615370355825,0.8214720194647201,0.0,0.0,1.958044032963367,7.5414390623808005,0.03277634705270246,0.082521665771915,-0.005678053205243172,-0.025748069967865515,68136302.75,-3.5393088821405794,2.678062678062676,-16.817455656837524,-0.049289563637249956,0.0,9.858771041893988,-0.6799999999999997,1.0,19.38534278959811,0.010000000000000009,20675.0,True,True,66.49952696310312,Hotels & Resorts,Consumer Discretionary,66.0,103,"Uptrend (price > 50 > 150 > 200-day, 200-day rising); Within 15% of 52-week high; Quarterly profit growth >= 25%; Sales growth >= 20% or 2+ strong quarters; 3-year profit growth >= 15%/yr; ROE >= 20%; RS rating >= 80; Net profit margin up vs a year ago",8
ITI,-0.06255417716841875,-0.11504862370199453,0.05344739630341788,-0.5057493736129592,0.6647177148987529,0.0,0.0,-0.03657182603352702,4.344798210602858,0.011830111352067142,0.029449636552440372,-0.07724017966711538,-0.02309023571235615,45124311.425,-100.0,-14.654324210357228,400.0,0.5398591744567488,0.0,-28.05919945164438,4.500000000000001,0.0,15.372507869884574,0.08000000000000002,20678.0,True,True,21.916745506149482,Telecom -  Equipment & Accessories,Telecommunication,26.0,103,"Uptrend (price > 50 > 150 > 200-day, 200-day rising); Within 15% of 52-week high; Quarterly profit growth >= 25%; Sales growth >= 20% or 2+ strong quarters; 3-year profit growth >= 15%/yr; ROE >= 20%; RS rating >= 80",7
IVALUE,-0.06007328034182395,-0.14782608695652166,0.0822030791788857,-0.4062299418487041,0.6748529411764705,0.0,0.0,-0.14428040413180507,0.8787785807398741,0.021016189959545812,0.04108901860634795,-0.09564379756294827,-0.02032655987389719,53030676.5,51.660647382455195,-21.136463361123305,40.3071950516058,1.1273269192323183,1.0,,4.2,1.0,17.253521126760564,0.6999999999999993,20662.0,True,True,22.947019867549667,IT Enabled Services,Information Technology,51.0,103,"Uptrend (price > 50 > 150 > 200-day, 200-day rising); Within 15% of 52-week high; Sales growth >= 20% or 2+ strong quarters; 3-year profit growth >= 15%/yr; ROE >= 20%; RS rating >= 80",6
IXIGO,-0.1310291422773057,-0.4189213402616019,-0.026769101494508174,-0.7946522716562726,0.47215096564941766,0.0,0.0,-0.21857810259196342,1.4629478669944944,0.026790713859129643,0.03492440334874414,-0.06595534691420513,-0.01646034128316421,128690368.05,80.90584449798864,12.877709223224176,-10.198325921701866,1.2198115559128182,3.0,,3.6099999999999994,1.0,3.4684904738641915,-0.009999999999990905,20671.0,True,True,4.121097445600757,"Tour, Travel Related Services",Consumer Discretionary,99.0,103,"Uptrend (price > 50 > 150 > 200-day, 200-day rising); Within 15% of 52-week high; 3-year profit growth >= 15%/yr; ROE >= 20%; RS rating >= 80",5
IZMO,-0.06949771455775575,-0.31641580781493284,0.3579055895132188,-0.6138487433200309,0.6287189932348876,0.0,0.0,-0.001081740984530974,0.722747388689533,0.025686841513305917,0.03778409090909096,-0.06486542631230452,-0.031036670276215532,78499600.85,103.2856541565065,15.696336931516552,-47.82579366901501,0.47630707398384786,3.0,32.864233555077064,8.040000000000001,1.0,11.7359413202934,0.11000000000000032,20679.0,True,True,19.8561967833491,IT Enabled Services,Information Technology,51.0,103,"Uptrend (price > 50 > 150 > 200-day, 200-day rising); Within 15% of 52-week high; ROE >= 20%; RS rating >= 80",4
JAIBALAJI,-0.07442554347085142,-0.255933627389204,0.22387286232509918,-0.6379806398678524,0.6291176470588236,0.0,0.0,-0.053281419644091464,0.658677993111272,0.02489837752638066,0.04990183246073299,-0.020756841883589394,-0.023060367274261022,35999239.95,-82.68181222513896,-13.055628722126212,-16.485166669510832,-0.7043938690089729,0.0,68.15177684075002,-7.88,1.0,26.27118644067797,-0.22999999999999998,20406.0,True,True,16.671712393566697,Iron & Steel,Commodities,60.0,103,"Uptrend (price > 50 > 150 > 200-day, 200-day rising); Within 15% of 52-week high; Quarterly profit growth >= 25%; Sales growth >= 20% or 2+ strong quarters; RS rating >= 80; Net profit margin up vs a year ago",6
JAINREC,,,-0.3962671269824145,,0.4885091337654684,0.0,0.0,0.29621791249357793,0.9888510778961678,0.02457052275836212,0.06782768102658121,-0.024076042353384564,-0.030465731779930404,280481825.375,20.871859133647398,75.85670485718896,-1.1310232125833153,0.33740454414006216,4.0,,-1.1600000000000001,1.0,22.229340166559897,-2.1499999999999986,20668.0,True,True,,Diversified Metals,Commodities,,103,"Uptrend (price > 50 > 150 > 200-day, 200-day rising); Within 15% of 52-week high; Quarterly profit growth >= 25%; 3-year profit growth >= 15%/yr; RS rating >= 80; Net profit margin up vs a year ago",6
JAMNAAUTO,0.08712173309711001,0.18267273960655106,0.05170630816959676,0.9192167174859819,0.9450196592398428,0.0,0.0,0.5611621174790747,2.3355393571764704,0.02834461192079327,0.07259204165117161,0.11513901153880068,-0.03881446280198046,214991005.19,6.116030487500201,6.65062006174455,-67.2594776753319,0.16649062050862323,0.0,11.052200624521724,-0.040000000000000036,1.0,20.13949433304272,-1.1600000000000001,20672.0,True,True,70.71428571428572,Auto Components & Equipments,Consumer Discretionary,19.0,103,"Uptrend (price > 50 > 150 > 200-day, 200-day rising); Quarterly profit growth >= 25%; Sales growth >= 20% or 2+ strong quarters; 3-year profit growth >= 15%/yr; RS rating >= 80; Net profit margin up vs a year ago",6
JandKBANK,0.057400568328569504,0.5053741838272228,0.3196548080309969,0.9850405879985841,0.6914498141263941,0.0,0.0,-0.5771082738563686,1.176032800359483,0.024845855086969622,0.02268055365218591,-0.07223899655498056,-0.026022809640194326,304365519.12,-11.483679453569762,8.503876798849962,-48.72947715687788,-0.5803695106644459,0.0,19.481245621956145,-2.7300000000000004,1.0,14.303030303030303,2.880000000000001,20663.0,True,True,63.783349101229895,Private Sector Bank,Financial Services,25.0,103,"Uptrend (price > 50 > 150 > 200-day, 200-day rising); Within 15% of 52-week high; Quarterly profit growth >= 25%; Sales growth >= 20% or 2+ strong quarters; ROE >= 20%; RS rating >= 80; Net profit margin up vs a year ago",7
JARO,,,0.03898479478678385,,0.465,0.0,0.0,-0.09043418303710936,0.9467667627457038,0.02009207294095517,0.04178559196255294,-0.08529105581083862,-0.0625181457613933,45721587.5,48.37570577384129,16.6144717323224,31.121245837290452,0.41337655020620884,1.0,,3.379999999999999,1.0,14.681440443213297,-2.1900000000000004,20679.0,True,True,,E-Learning,Consumer Discretionary,,103,"Uptrend (price > 50 > 150 > 200-day, 200-day rising); Within 15% of 52-week high; Sales growth >= 20% or 2+ strong quarters; 3-year profit growth >= 15%/yr; ROE >= 20%; RS rating >= 80",6
JASH,0.0956977386122277,-0.07502989238740543,0.2602497963616617,0.4545710934441323,0.9605263157894738,1.0,1.0,1.6965803327314994,1.6879944465346142,0.024968576478265933,0.10505612587546764,0.15764342364359485,-0.0660545495215383,54211077.9,100.0,17.451610375362424,41.502444242894555,0.7898390194713621,2.0,17.80415822495145,7.449999999999999,1.0,14.64354527938343,-0.32000000000000006,20676.0,True,True,73.33680227057711,Industrial Products,Industrials,11.0,103,ROE >= 20%; RS rating >= 80,2
JAYBARMARU,0.09436116049973309,0.1809015996122152,0.45098272781417514,0.5031846949551402,0.6491304347826087,0.0,1.0,-0.1336232807082109,1.8950116399918513,0.03090965740183829,0.049956933677864024,0.037196104706093136,-0.06055303841339345,38540239.0,-6.017156929085998,12.563978233931339,-292.75851018203866,-0.0683783936415005,0.0,57.85028062932689,-0.6899999999999995,1.0,20.114942528735632,-0.020000000000000018,20669.0,True,True,72.77483443708608,Auto Components & Equipments,Consumer Discretionary,19.0,103,Within 15% of 52-week high; Quarterly profit growth >= 25%; Sales growth >= 20% or 2+ strong quarters; RS rating >= 80; Net profit margin up vs a year ago,5
JAYKAY,,,0.2887890987921957,,0.984132190741728,1.0,0.0,1.7341937329501955,6.745106958447496,0.04237276017355781,0.12274406332453824,0.4696211754765156,-0.10422255366214626,49600088.974999994,-77.66639678798997,34.48151487826869,-177.66639678798998,-2.162986057285185,0.0,38.67646403498788,-30.38,1.0,31.30434782608696,-0.009999999999999981,20679.0,True,True,,Aerospace & Defense,Industrials,20.0,103,"Uptrend (price > 50 > 150 > 200-day, 200-day rising); Quarterly profit growth >= 25%; RS rating >= 80; Net profit margin up vs a year ago",4
JAYNECOIND,0.09342075702569358,0.4326364692218352,0.24927205975439937,0.7568703364686672,0.8072649572649573,0.0,1.0,0.13922264198088977,1.1558179398752852,0.027462346518833728,0.05319390770629684,0.02529309596178897,-0.021293493613651585,268254026.055,108.56505044862939,27.720617212841425,20.826734220196613,1.069777540457669,2.0,26.505366427290955,3.570000000000001,1.0,16.29707849348821,0.9000000000000001,20679.0,True,True,72.40018921475875,Iron & Steel Products,Industrials,16.0,103,Within 15% of 52-week high; ROE >= 20%; RS rating >= 80,3
JBMA,-0.06799536076806674,-0.08294460641399415,0.11999287876090436,-0.45759037873608344,0.7524035206499661,0.0,0.0,0.9552728400088866,0.7812069935767662,0.01757331349444465,0.026561853537443003,-0.10604251868679238,-0.03787216368253745,124087194.7,13.559318947940557,15.038919194819279,-2.847310699600868,1.4932551763296233,0.0,24.517526697918314,-0.040000000000000036,1.0,15.464587394411955,0.1200000000000001,20664.0,True,True,20.605487228003785,Auto Components & Equipments,Consumer Discretionary,19.0,103,"Uptrend (price > 50 > 150 > 200-day, 200-day rising); Within 15% of 52-week high; Quarterly profit growth >= 25%; Sales growth >= 20% or 2+ strong quarters; ROE >= 20%; RS rating >= 80; Net profit margin up vs a year ago",7
JGCHEM,0.23992469294435015,0.494993894993895,0.815001482359917,1.2952256074759338,0.9672238372093024,1.0,1.0,1.067690573608968,2.092606946835132,0.039589142891466846,0.09152792585909952,0.1212356591524475,-0.04017787013378072,195800274.72499996,59.65172851398255,44.78693637906517,40.859138262509596,1.8193074427097815,1.0,,0.7699999999999996,1.0,13.068181818181818,-0.54,20673.0,True,True,92.25638599810786,Commodity Chemicals,Commodities,41.0,103,3-year profit growth >= 15%/yr; ROE >= 20%,2
JINDALSAW,0.09715305464702897,0.5066401706087633,0.620783148235049,0.7783367441123227,0.8825,0.0,0.0,0.9522081882675566,1.0232677868537028,0.025136148957154523,0.03537777777777773,-0.003514516789227873,-0.024793123418579404,356030597.70000005,-78.13565000040586,9.000215439153148,-120.6609895838418,-1.5364713782405186,0.0,-5.604386299355513,-8.129999999999999,1.0,7.356449817082869,2.1899999999999977,20648.0,True,True,73.89877010406812,Iron & Steel Products,Industrials,16.0,103,"Uptrend (price > 50 > 150 > 200-day, 200-day rising); Quarterly profit growth >= 25%; Sales growth >= 20% or 2+ strong quarters; 3-year profit growth >= 15%/yr; ROE >= 20%; RS rating >= 80; Net profit margin up vs a year ago",7
JINDALSTEL,0.022734362591116098,0.11219038368139866,0.006239564109324025,0.1952999368877865,0.8313428265196754,0.0,0.0,0.15093133103233186,4.8554260541828365,0.014813907395750173,0.030061349693251582,-0.03554255283244434,-0.024711592985099364,863823093.9000001,-43.60683506295364,25.9274894098815,-197.5937838463483,-1.1490770697152561,0.0,-7.948894639453064,-6.72,1.0,6.603273148784848,0.030000000000001137,20658.0,True,True,53.10596026490066,Iron & Steel,Commodities,60.0,103,"Uptrend (price > 50 > 150 > 200-day, 200-day rising); Within 15% of 52-week high; Quarterly profit growth >= 25%; 3-year profit growth >= 15%/yr; ROE >= 20%; RS rating >= 80; Net profit margin up vs a year ago",7
JINDRILL,0.01842639199154214,0.07235376619090839,0.34708259923308105,-0.04858056956183432,0.8385860306643953,0.0,0.0,1.0243504194796813,0.4375937964373025,0.027516677663485176,0.053951367781154946,-0.03908720604885396,-0.019041746408176834,138623737.825,-28.688912269974963,8.382856468180556,3.553162986981093,-0.3052674522229062,0.0,35.1750814128305,-8.899999999999999,1.0,11.593406593406593,-0.19,20672.0,True,True,51.98202459791863,Offshore Support Solution Drilling,Energy,,103,"Uptrend (price > 50 > 150 > 200-day, 200-day rising); Within 15% of 52-week high; Quarterly profit growth >= 25%; Sales growth >= 20% or 2+ strong quarters; ROE >= 20%; RS rating >= 80; Net profit margin up vs a year ago",7
JINDWORLD,0.20790874882830776,0.34010576120233793,1.390764647467726,0.41135380821057127,0.732214873366672,0.0,1.0,1.1212073631623967,0.11881362452412417,0.05561662117264089,0.19439252336448587,0.05051449520221052,-0.04863110393961148,262585781.28499997,85.76796413967271,2.744952769031306,67.26609047455364,3.2987654667112216,1.0,-1.1337011001323893,2.61,1.0,8.13953488372093,-0.07,20665.0,True,True,89.54020813623463,Other Textile Products,Consumer Discretionary,23.0,103,Within 15% of 52-week high; Sales growth >= 20% or 2+ strong quarters; 3-year profit growth >= 15%/yr; ROE >= 20%,4
JIOFIN,-0.07493125703999333,-0.1973973297279028,0.034730695485445384,-0.9366628445445219,0.6877071169323024,0.0,0.0,-0.062486739289075305,1.928638386040899,0.015697911109358656,0.02783018867924536,-0.08730155405863893,-0.031215437024514396,2702520153.065,174.4687466422887,227.2817816673742,188.34643161055854,25.383825153702965,1.0,78.22651596577879,-7.969999999999999,1.0,1.166204717115044,-2.030000000000001,20650.0,True,True,16.39072847682119,Investment Company,Financial Services,96.0,103,"Uptrend (price > 50 > 150 > 200-day, 200-day rising); Within 15% of 52-week high; ROE >= 20%; RS rating >= 80; Net profit margin up vs a year ago",5
JISLJALEQS,-0.1516835877272034,-0.45908567038033044,-0.04477611940298509,-1.0809134774016909,0.4776841727908227,0.0,0.0,0.5724684443984756,0.4596222867702566,0.028666221941662608,0.09623579545454541,-0.08447559174138597,-0.046173497112395115,45281148.57,-100.0,-2.411930255879413,0.0,-1.1977239118965193,0.0,4.121102180344938,-1.9,0.0,-0.6837606837606838,-0.7300000000000004,20652.0,True,True,1.966887417218543,Plastic Products - Industrial,Industrials,48.0,103,"Uptrend (price > 50 > 150 > 200-day, 200-day rising); Within 15% of 52-week high; Quarterly profit growth >= 25%; Sales growth >= 20% or 2+ strong quarters; 3-year profit growth >= 15%/yr; ROE >= 20%; RS rating >= 80; Net profit margin up vs a year ago",8
JKCEMENT,-0.06223024894980862,-0.20606538007089403,-0.025336041001837395,-0.6643786603174106,0.7332397072954394,0.0,0.0,-0.6813896382395022,7.4248007981353235,0.01711153911740408,0.05831578947368432,-0.04492510556851037,-0.026845651324981772,164992649.25,-15.308791889843542,20.259028256272103,-6.863913848277381,-0.46956233288172233,0.0,36.82133565003418,-2.8600000000000003,1.0,14.040073895125763,-0.03999999999999915,20652.0,True,True,22.010406811731315,Cement & Cement Products,Commodities,102.0,103,"Uptrend (price > 50 > 150 > 200-day, 200-day rising); Within 15% of 52-week high; Quarterly profit growth >= 25%; ROE >= 20%; RS rating >= 80; Net profit margin up vs a year ago",6
JKLAKSHMI,-0.13714473436077512,-0.3944316910942375,-0.1253931820113916,-1.572706217596089,0.5406520142380925,0.0,0.0,-0.5004418030891944,2.232561567512372,0.013434427229087071,0.03879310344827602,-0.09995579258255982,-0.03545215689972918,59689143.9,-27.948434625563877,9.411636309328909,0.6927133131778973,-0.5514732455259804,0.0,4.873938569431191,-2.9399999999999995,1.0,10.62789500772002,0.25,20641.0,True,True,3.2781456953642385,Cement & Cement Products,Commodities,102.0,103,"Uptrend (price > 50 > 150 > 200-day, 200-day rising); Within 15% of 52-week high; Quarterly profit growth >= 25%; Sales growth >= 20% or 2+ strong quarters; 3-year profit growth >= 15%/yr; ROE >= 20%; RS rating >= 80; Net profit margin up vs a year ago",8
JKPAPER,0.03278197257361815,0.10731641468682507,0.24382107657316143,0.17479572793560966,0.8845548561151079,0.0,0.0,0.3507851300914539,0.5797846299474947,0.019261960006476946,0.037925889082317754,-0.011377513329882571,-0.036909342677044155,133630153.95,62.75621975981389,13.613760053942126,26.527711396840353,0.6080198600493542,2.0,-35.91833593927112,2.1799999999999997,1.0,4.963768115942029,-0.08000000000000185,20661.0,True,True,56.29044465468307,Paper & Paper Products,Commodities,18.0,103,"Uptrend (price > 50 > 150 > 200-day, 200-day rising); 3-year profit growth >= 15%/yr; ROE >= 20%; RS rating >= 80",4
JKTYRE,-0.02324858942331999,0.03155102610638005,-0.05013497878904749,-0.1414952059502368,0.5545840823663998,0.0,0.0,-0.15245821199006185,1.6777539508971147,0.015658176940036975,0.036439665471923455,-0.08744500736820604,-0.015738349047433296,165927444.375,-76.48167263029814,1.9979632664243852,-184.8032028199396,-0.9694479728217639,0.0,21.658568453535707,-3.0700000000000003,1.0,12.803167794093383,-3.030000000000001,20649.0,True,True,36.902554399243144,Tyres & Rubber Products,Consumer Discretionary,76.0,103,"Uptrend (price > 50 > 150 > 200-day, 200-day rising); Within 15% of 52-week high; Quarterly profit growth >= 25%; Sales growth >= 20% or 2+ strong quarters; ROE >= 20%; RS rating >= 80; Net profit margin up vs a year ago",7
JLHL,-0.053842000144664295,-0.03899629237288127,0.1809454072085266,-0.6742240546861252,0.7466176470588235,0.0,0.0,-0.9230882331061107,7.589475725449405,0.015374322570240654,0.02464511041009465,-0.14213781217262011,-0.037146739366476465,39608892.95,-14.609623648297665,16.441422297775897,-23.131029092595533,-0.7540455128575783,0.0,24.765398253129423,-3.3199999999999985,1.0,12.55663430420712,0.39000000000000057,20665.0,True,True,24.820245979186375,Hospital,Healthcare,65.0,103,"Uptrend (price > 50 > 150 > 200-day, 200-day rising); Within 15% of 52-week high; Quarterly profit growth >= 25%; Sales growth >= 20% or 2+ strong quarters; ROE >= 20%; RS rating >= 80; Net profit margin up vs a year ago",7
JMFINANCIL,-0.059836602069860356,-0.17617881200244956,0.11968372867249277,-0.6058758359256581,0.6794520547945205,0.0,0.0,0.3161367365578272,0.858881539637784,0.017048731898352498,0.030936250102032492,-0.02134416800047989,-0.02018769852644843,271725677.69,-19.661307764786507,8.025446757967858,11.441800090013444,-0.663995404352726,0.0,17.933450750593938,-10.580000000000002,1.0,11.268530681178458,-0.5899999999999999,20647.0,True,True,23.040681173131503,Holding Company,Financial Services,69.0,103,"Uptrend (price > 50 > 150 > 200-day, 200-day rising); Within 15% of 52-week high; Quarterly profit growth >= 25%; Sales growth >= 20% or 2+ strong quarters; ROE >= 20%; RS rating >= 80; Net profit margin up vs a year ago",7
JNKINDIA,0.1318303750208186,0.5348630380647454,0.7418247880500606,1.0003360052409767,0.7902329749103942,0.0,1.0,0.13411354737182196,3.1170401344043666,0.030582988132134985,0.07559523809523805,0.016114499823715267,-0.029635750345399982,57234200.175,300.0,81.59434914228055,150.36737060409422,0.5936527860330655,4.0,,4.21,1.0,11.443661971830986,-1.9000000000000004,20676.0,True,True,81.11069063386944,Industrial Products,Industrials,11.0,103,Within 15% of 52-week high; 3-year profit growth >= 15%/yr; ROE >= 20%,3
JSFB,0.04403866552797447,0.15278377211911964,0.4333243895894823,0.18362821517717373,0.823543949254469,0.0,0.0,0.4307598294569377,0.8504048645051006,0.02903124888816837,0.03673385858999301,-0.07423013025786718,-0.03972229676419425,305765505.05,52.22313023067038,22.07552492644984,38.97293103132277,0.643948538979928,1.0,8.036441219151037,2.0299999999999994,1.0,7.293064876957494,0.7200000000000024,20679.0,True,True,59.2876064333018,Other Bank,Financial Services,40.0,103,"Uptrend (price > 50 > 150 > 200-day, 200-day rising); Within 15% of 52-week high; 3-year profit growth >= 15%/yr; ROE >= 20%; RS rating >= 80",5
JSL,0.009290438738736254,-0.06430970031046057,0.028698801894678327,-0.15164364339470685,0.8494909502262444,0.0,0.0,0.5132610886726048,1.125764173726638,0.01716894394306167,0.060304568527918656,0.023195799031509923,-0.013734224672480646,376918171.75,7.6552334934173905,10.496573966850665,-38.156580380949464,0.40092856054054343,0.0,12.367024281547344,-0.17999999999999972,1.0,16.09317366479713,-0.22000000000000597,20668.0,True,True,48.23557237464522,Iron & Steel,Commodities,60.0,103,"Uptrend (price > 50 > 150 > 200-day, 200-day rising); Within 15% of 52-week high; Quarterly profit growth >= 25%; Sales growth >= 20% or 2+ strong quarters; 3-year profit growth >= 15%/yr; ROE >= 20%; RS rating >= 80; Net profit margin up vs a year ago",8
JSLL,-0.15477021600785762,-0.3754514883547142,-0.17334322453016815,-0.8245987547367173,0.5259237187127532,0.0,0.0,-0.46150184820200396,2.725413709523615,0.02437135032525557,0.04004075394803874,-0.1537970301871523,-0.052606503615709864,251263934.64999998,28.48835397406646,28.750932354122448,-49.354110563191654,1.0427556029862906,13.0,,-0.060000000000002274,1.0,47.53747323340471,-1.4899999999999993,20672.0,True,True,1.6859035004730372,Wellness,Consumer Discretionary,,103,"Uptrend (price > 50 > 150 > 200-day, 200-day rising); Within 15% of 52-week high; 3-year profit growth >= 15%/yr; RS rating >= 80; Net profit margin up vs a year ago",5
JSWCEMENT,-0.06970566891581843,-0.1272637238256933,0.0640848714852511,-0.6832930147358641,0.7894002789400278,0.0,0.0,-0.4099356668481358,1.4635864592464396,0.01204391957576913,0.018993608785669247,-0.08611656050441185,-0.020432306664436302,150458288.13,300.0,21.57877190957933,0.0,0.9555406005067066,6.0,,5.83,1.0,-12.198473282442748,3.5200000000000014,20647.0,True,True,19.762535477767265,Cement & Cement Products,Commodities,102.0,103,"Uptrend (price > 50 > 150 > 200-day, 200-day rising); Within 15% of 52-week high; 3-year profit growth >= 15%/yr; ROE >= 20%; RS rating >= 80",5
JSWENERGY,-0.024883473811992567,0.03730051913093635,0.09855426593361827,-0.16130621059172004,0.8016522232121163,0.0,0.0,-0.4594351737604331,2.1738907749265226,0.015567882893732421,0.02734375,-0.07399437922633911,-0.024027420071832697,870570253.5,-36.26574387549856,1.239654156710479,-74.60156502480442,-1.7173456886749894,0.0,27.30299240111109,-6.02,1.0,8.981821729374655,3.539999999999999,20656.0,True,True,36.15326395458846,Power Generation,Utilities,84.0,103,"Uptrend (price > 50 > 150 > 200-day, 200-day rising); Within 15% of 52-week high; Quarterly profit growth >= 25%; Sales growth >= 20% or 2+ strong quarters; ROE >= 20%; RS rating >= 80; Net profit margin up vs a year ago",7
JSWHL,-0.07845421892130025,-0.3586054233536248,-0.027358173883853643,-1.0031756151085027,0.4964019306713471,0.0,0.0,0.37637886690600714,9.009979705839278,0.01849127755265802,0.0314545454545454,-0.013052862260111597,-0.012842772398343277,30296959.5,-27.415225969240275,14.998337213169254,-64.96926269003062,-0.26616240979742195,0.0,-26.488667460218174,-41.47,1.0,0.44530611008451726,-0.2799999999999976,20651.0,True,True,14.985808893093662,Investment Company,Financial Services,96.0,103,"Uptrend (price > 50 > 150 > 200-day, 200-day rising); Within 15% of 52-week high; Quarterly profit growth >= 25%; Sales growth >= 20% or 2+ strong quarters; 3-year profit growth >= 15%/yr; ROE >= 20%; RS rating >= 80; Net profit margin up vs a year ago",8
JSWINFRA,0.06369228343131247,0.035487370215403935,0.38487046632124366,0.38469629337291394,0.966844207723036,1.0,1.0,0.8069932827210639,0.9634230494261181,0.021720354162067676,0.0661258227460586,0.07073549102534615,-0.03914775745122052,846494539.2,-8.203288574547862,18.056134330187533,-2.0094487789386495,-0.41541604124624865,0.0,21.607250014425606,-7.079999999999998,1.0,14.222671692562288,11.049999999999999,20655.0,True,True,65.56291390728477,Port & Port services,Services,21.0,103,Quarterly profit growth >= 25%; Sales growth >= 20% or 2+ strong quarters; ROE >= 20%; RS rating >= 80; Net profit margin up vs a year ago,5
JSWSTEEL,0.024601617059136972,0.15670321896002837,0.14606150880574797,0.4758041763978443,0.9323464100666172,0.0,0.0,0.2005916394636488,1.9943411322362867,0.01308350743645638,0.024309392265193353,-0.020077671836491007,-0.014886431551558037,1777567792.3,112.47188028715782,9.773564790136046,-40.76709530486396,1.4464973358085467,5.0,35.872702964503866,4.79,1.0,25.49448792140166,0.8700000000000045,20638.0,True,True,53.76158940397351,Iron & Steel,Commodities,60.0,103,"Uptrend (price > 50 > 150 > 200-day, 200-day rising); RS rating >= 80",2
JTLIND,0.07612438189716475,0.2642041449316226,0.7977145148356053,0.3188831827442479,0.8992553191489362,0.0,1.0,0.5435331499076019,1.108142375042893,0.026057462049992514,0.032151300236406666,0.022355638981345294,-0.030449235345836913,209523986.70499998,113.86411605540903,32.68304343029455,-11.574911646458034,1.6858408202890895,2.0,5.36046085388886,1.8600000000000003,1.0,6.9313593539703895,1.5799999999999996,20670.0,True,True,68.279091769158,Iron & Steel Products,Industrials,16.0,103,3-year profit growth >= 15%/yr; ROE >= 20%; RS rating >= 80,3
JUBLFOOD,-0.056857813116218237,-0.20431702092601745,0.08140185869443495,-0.795932693738763,0.7082677165354331,0.0,0.0,0.7340811626049967,1.070150479384696,0.019975660729235935,0.041232819658475695,-0.06105491706594013,-0.03840590937963295,665927038.95,6.257085953503161,13.658077014941217,-60.85970826193558,0.23343772960613904,0.0,13.527721517553992,-0.28000000000000025,1.0,19.3717277486911,-0.759999999999998,20668.0,True,True,23.69631031220435,Restaurants,Consumer Discretionary,74.0,103,"Uptrend (price > 50 > 150 > 200-day, 200-day rising); Within 15% of 52-week high; Quarterly profit growth >= 25%; Sales growth >= 20% or 2+ strong quarters; 3-year profit growth >= 15%/yr; ROE >= 20%; RS rating >= 80; Net profit margin up vs a year ago",8
JUBLINGREA,-0.006302522204122793,0.06238461538461526,0.19235085901752558,-0.024410944714634463,0.810377358490566,0.0,0.0,-0.42004226442703596,1.497610825135194,0.018492575156694644,0.0378076424870466,-0.06695477500467084,-0.01731325576842066,167027696.825,40.85634746940012,25.282549837648283,24.120017375037147,1.5312428907337103,1.0,3.6174768969796434,0.9000000000000004,1.0,8.893154190658988,0.21999999999999886,20656.0,True,True,42.89687795648061,Specialty Chemicals,Commodities,38.0,103,"Uptrend (price > 50 > 150 > 200-day, 200-day rising); Within 15% of 52-week high; 3-year profit growth >= 15%/yr; ROE >= 20%; RS rating >= 80",5
JUBLPHARMA,-0.001630848858476973,-0.12944673506568238,0.08173477898248538,-0.1740033568502981,0.8349088453747469,0.0,0.0,0.5089487301522154,3.5690674960007422,0.020880551261577205,0.052662780357672245,0.03268103497773778,-0.03233824031168499,187849787.6,-44.94380695404379,17.293628663124117,-28.742049646417556,-0.7105564515859777,0.0,98.21992147465366,-2.86,1.0,5.611165938248978,0.7399999999999984,20669.0,True,True,44.67644276253548,Pharmaceuticals,Healthcare,27.0,103,"Uptrend (price > 50 > 150 > 200-day, 200-day rising); Within 15% of 52-week high; Quarterly profit growth >= 25%; Sales growth >= 20% or 2+ strong quarters; ROE >= 20%; RS rating >= 80; Net profit margin up vs a year ago",7
JUSTDIAL,0.009337590281314662,-0.14765018639613758,0.3531580479285923,-0.4900391546038525,0.75,0.0,0.0,0.01038068986053073,0.44594073928650346,0.03942320925054702,0.02047832585949183,-0.03540013438085998,-0.01823082790044134,100301276.875,100.11898106337527,16.23016384982583,-5.017620325888302,1.076885123855407,8.0,-12.372187575961114,7.6,1.0,9.02311707680835,-1.0500000000000025,19830.0,True,True,48.329233680227055,Internet & Catalogue Retail,Consumer Discretionary,95.0,103,"Uptrend (price > 50 > 150 > 200-day, 200-day rising); Within 15% of 52-week high; 3-year profit growth >= 15%/yr; ROE >= 20%; RS rating >= 80",5
JWL,-0.09647350051325874,-0.2833234244946492,-0.06048088539028096,-0.7416694567004192,0.6270481507327285,0.0,0.0,0.8400477900746282,17.218401113673984,0.016049172720638473,0.0605040487671733,-0.07780525532774374,-0.01788323176236669,153356703.17,-15.75621878883079,46.02255409935996,53.44082383791158,-0.1332170634400083,0.0,0.3101873644846487,-2.86,1.0,5.574210879785091,-0.7100000000000009,20679.0,True,True,9.92809839167455,Railway Wagons,Industrials,88.0,103,"Uptrend (price > 50 > 150 > 200-day, 200-day rising); Within 15% of 52-week high; Quarterly profit growth >= 25%; 3-year profit growth >= 15%/yr; ROE >= 20%; RS rating >= 80; Net profit margin up vs a year ago",7
JYOTHYLAB,-0.1026495433714152,-0.35426731078904994,-0.036289353520788326,-1.4280238602774022,0.5640615384615384,0.0,0.0,-0.6201475458566619,0.5125225865617548,0.016170916290762758,0.016595567578815862,-0.08210760751137602,-0.027641441079945463,100725418.91999999,1.5681851035417083,1.0560766072213346,5.415782730039565,0.06415075345862041,0.0,32.900523460404905,0.0600000000000005,1.0,18.048780487804876,-1.4799999999999969,20220.0,True,True,9.085146641438032,Household Products,Fast Moving Consumer Goods,,103,"Uptrend (price > 50 > 150 > 200-day, 200-day rising); Within 15% of 52-week high; Quarterly profit growth >= 25%; Sales growth >= 20% or 2+ strong quarters; ROE >= 20%; RS rating >= 80",6
JYOTICNC,0.13691190519936622,0.18171356234535918,0.3273655635987589,0.5108180777159523,0.9457958751983078,0.0,0.0,0.6629539793177759,0.5455446035629986,0.02965146124709607,0.07019421929958702,0.1228324969551371,-0.04247101327136158,806585484.375,-19.967021141134012,23.96567276982715,-3.097991067197892,-0.5127217520248945,0.0,,-6.17,1.0,16.79160419790105,-3.75,20672.0,True,True,81.85998107852413,Industrial Products,Industrials,11.0,103,"Uptrend (price > 50 > 150 > 200-day, 200-day rising); Quarterly profit growth >= 25%; 3-year profit growth >= 15%/yr; ROE >= 20%; Net profit margin up vs a year ago",5
KAJARIACER,0.014466165579931814,0.06577612445045644,0.29418407679277236,0.09024773820388128,0.938166640902767,0.0,0.0,0.6766087432435454,10.24266925432516,0.013548180499323345,0.03746325073498524,-0.0031356303865416324,-0.011803584006548821,236429898.9,51.929192420120195,20.434553929303355,-63.951644016430926,1.3975872047972602,4.0,16.246317356287697,2.67,1.0,15.88388780169602,0.11999999999999744,20665.0,True,True,50.20245979186377,Ceramics,Consumer Discretionary,57.0,103,"Uptrend (price > 50 > 150 > 200-day, 200-day rising); ROE >= 20%; RS rating >= 80",3
KALAMANDIR,-0.1580497860979448,-0.4351772676445438,-0.10496143422972681,-1.0906135240865593,0.34685916692821595,0.0,0.0,-0.11226106391768043,1.5352040686095367,0.015871880867190213,0.031741797812750105,-0.07847056609257719,-0.019957579239859316,33968653.25,-14.64190885061447,-1.0395229803176642,-156.08526567685607,-0.2656102929117206,0.0,16.74566175047161,-1.0899999999999999,1.0,11.190476190476192,-2.210000000000001,20679.0,True,True,1.21759697256386,Speciality Retail,Consumer Discretionary,97.0,103,"Uptrend (price > 50 > 150 > 200-day, 200-day rising); Within 15% of 52-week high; Quarterly profit growth >= 25%; Sales growth >= 20% or 2+ strong quarters; ROE >= 20%; RS rating >= 80; Net profit margin up vs a year ago",7
KALYANKJIL,0.1730974763295091,0.2841158402808248,0.48421453023963457,0.42322769393900794,0.8446721627244008,0.0,0.0,0.2911215359996059,1.226651109113369,0.02703623881194564,0.05364238410596034,-0.07607953654807886,-0.033676961254588064,5011626828.7,32.03763914792908,45.682866293915666,-86.1261285600655,0.9662913528127786,7.0,44.078490821512005,-0.33999999999999986,1.0,21.398002853067048,-2.030000000000001,20669.0,True,True,85.60643330179754,"Gems, Jewellery And Watches",Consumer Discretionary,10.0,103,"Uptrend (price > 50 > 150 > 200-day, 200-day rising); Within 15% of 52-week high; Net profit margin up vs a year ago",3
KANSAINER,-0.0707140685633471,-0.20873550166274635,0.09244120940649503,-0.8792161770510369,0.696969696969697,0.0,0.0,-0.10525094750978338,2.0621986874115783,0.018602113229109745,0.03972424704752209,-0.05575267288706709,-0.01617742784277244,36906425.305,5.931202301510985,9.785248123291534,-13.626421006764545,0.5194201151387318,0.0,5.26712655612398,-0.3500000000000014,1.0,8.579088471849866,0.40000000000000036,20668.0,True,True,18.825922421948913,Paints,Consumer Discretionary,77.0,103,"Uptrend (price > 50 > 150 > 200-day, 200-day rising); Within 15% of 52-week high; Quarterly profit growth >= 25%; Sales growth >= 20% or 2+ strong quarters; 3-year profit growth >= 15%/yr; ROE >= 20%; RS rating >= 80; Net profit margin up vs a year ago",8
KAPSTON,0.381304495687036,2.500210729122765,1.0586048158640229,5.416390797836833,0.888104511522233,1.0,1.0,-0.2237273346529175,5.009577015661054,0.03385773034114146,0.036594010278220956,0.0041210706710408385,-0.03223442555182529,34675633.5,38.685283110102645,16.234923964341895,14.502327711014878,1.7650651284478895,7.0,66.6808096410134,0.6200000000000001,1.0,24.137931034482758,0.01,20675.0,True,True,97.22043519394512,Diversified Commercial Services,Services,63.0,103,,0
KARURVYSYA,0.11312021072245133,0.7020035012643455,0.2836970474967908,1.5880892493097503,0.9067335842743622,0.0,0.0,0.2896804536539196,1.6690594645270418,0.0216347608164143,0.03190013869625519,-0.03162985152848852,-0.013787762278131839,532442549.4,44.922055178052304,18.721457631737735,3.6572133774566637,4.0501592918443015,4.0,30.46132749308064,4.48,1.0,17.791324071448823,0.6300000000000026,20679.0,True,True,77.08325449385052,Private Sector Bank,Financial Services,25.0,103,"Uptrend (price > 50 > 150 > 200-day, 200-day rising); ROE >= 20%; RS rating >= 80",3
KAYNES,-0.11451909671656338,-0.5252690369159515,-0.014980214810627501,-0.9925883352012534,0.4419208306294614,0.0,0.0,0.09820361060108568,1.1328991976367733,0.028707791658967443,0.04003419290497212,-0.06569649102492414,-0.02820940602561697,3774877722.0,-24.44058920235246,40.46950866408303,-2.9555619178805017,-0.7565595134755497,0.0,46.79377356219767,-5.12,1.0,7.6663858466722825,-4.809999999999999,20672.0,True,True,6.743614001892149,Industrial Products,Industrials,11.0,103,"Uptrend (price > 50 > 150 > 200-day, 200-day rising); Within 15% of 52-week high; Quarterly profit growth >= 25%; ROE >= 20%; RS rating >= 80; Net profit margin up vs a year ago",6
KDDL,0.15852094880589881,0.44713036297436304,0.737482536391906,1.128996981072643,0.936744730679157,1.0,1.0,1.0088124801355915,0.6795918976832391,0.021868195508074614,0.07017190606830925,0.04313360997928273,-0.031211652652875347,110125144.94999999,50.592424318912265,36.301075268817186,41.07022798377264,2.7050659937865182,1.0,18.3044207378223,0.6699999999999999,1.0,12.5,0.10000000000000142,20669.0,True,True,83.9205298013245,"Gems, Jewellery And Watches",Consumer Discretionary,10.0,103,ROE >= 20%,1
KEC,-0.19312333984253346,-0.5199456296909166,-0.23295561850802649,-1.536351801411822,0.4198208286674132,0.0,0.0,-0.0720490605592775,1.1798603330313437,0.01768450823418058,0.051500508646999066,-0.1161312529764853,-0.03420350334363776,320360011.725,-41.52457547809612,0.013139871945977433,-13.525068141353707,-0.9555863852255508,0.0,47.39434503672408,-1.03,1.0,9.839259620068193,-3.440000000000005,20664.0,True,True,0.18732261116367077,Civil Construction,Industrials,89.0,103,"Uptrend (price > 50 > 150 > 200-day, 200-day rising); Within 15% of 52-week high; Quarterly profit growth >= 25%; Sales growth >= 20% or 2+ strong quarters; ROE >= 20%; RS rating >= 80; Net profit margin up vs a year ago",7
KEI,0.010277669727069028,0.3155360185711109,0.3159259899706035,0.35689329492130795,0.7725716223088659,0.0,0.0,-0.15781232080319876,1.182744269186356,0.025287841305149723,0.032240437158469915,-0.10554751310256916,-0.017791634939446983,1778438630.0,40.05019971792414,22.97090706939684,14.489202793981669,3.765525238207351,6.0,26.280266772358573,1.0499999999999998,1.0,13.77344336084021,0.12000000000000455,20668.0,True,True,48.61021759697256,Cables - Electricals,Industrials,3.0,103,"Uptrend (price > 50 > 150 > 200-day, 200-day rising); Within 15% of 52-week high; ROE >= 20%; RS rating >= 80",4
KERNEX,0.16030526316400664,0.5766854191644379,0.7837132870780947,0.9720884616590223,0.6781782945736434,0.0,0.0,-0.09229839277275541,0.6854999163052775,0.041390750158075605,0.06282171268132908,-0.08964809646598038,-0.023749349319316562,348334750.1,300.0,300.0,190.18612605414307,5.9430736136021896,2.0,19.499372733783147,8.559999999999999,1.0,35.483870967741936,2.21,20678.0,True,True,84.10785241248817,Transport Related Services,Services,,103,"Uptrend (price > 50 > 150 > 200-day, 200-day rising); Within 15% of 52-week high",2
KFINTECH,-0.04004014195967247,-0.13363840119536785,0.026046563070287077,-0.5698266169020901,0.7109465020576131,0.0,0.0,0.48237844032461896,1.4342803033987526,0.022652055195606046,0.04266826923076916,-0.06555199286885716,-0.03241594940314945,554330607.0,-2.670585543303916,30.095599503758308,-1.5971198552954258,-0.19411253387651511,0.0,20.210299768263674,-7.100000000000001,1.0,20.54958183990442,-3.440000000000005,20635.0,True,True,30.439924314096498,"Depositories, Clearing Houses and Other Intermediaries",Financial Services,87.0,103,"Uptrend (price > 50 > 150 > 200-day, 200-day rising); Within 15% of 52-week high; Quarterly profit growth >= 25%; RS rating >= 80; Net profit margin up vs a year ago",5
KIMS,-0.02469046033114592,0.05662584285124539,0.22610778443113766,-0.14309350583452335,0.8081585081585081,0.0,0.0,-0.11510014674003265,3.934440843494446,0.014407550091626309,0.03287027978869106,-0.11201949612805162,-0.04919265704580449,373823736.65,-56.001753333097994,35.32583754015604,6.2365589256057845,-1.3873983482230616,0.0,-18.12406473384326,-6.58,1.0,10.76991544281264,2.1000000000000014,20668.0,True,True,36.340586565752126,Hospital,Healthcare,65.0,103,"Uptrend (price > 50 > 150 > 200-day, 200-day rising); Within 15% of 52-week high; Quarterly profit growth >= 25%; 3-year profit growth >= 15%/yr; ROE >= 20%; RS rating >= 80; Net profit margin up vs a year ago",7
KINGFA,0.17980457514150888,0.354715505142305,0.4043791442064588,1.6466465778835249,0.9908519153802172,1.0,1.0,0.8581186953717854,1.3136751021176714,0.020724359923247754,0.040150995195607386,0.17641069155706401,-0.04957634464526551,74574051.25,101.694800533026,49.06371095187583,60.405337240960755,7.879874538348084,3.0,25.567179285006137,3.040000000000001,1.0,13.214285714285715,-0.0799999999999983,20679.0,True,True,86.44938505203406,Plastic Products - Industrial,Industrials,48.0,103,ROE >= 20%,1
KIRIINDUS,0.132037988611838,0.023603253182461037,0.5434550786456944,-0.005229079777888823,0.7241335044929397,0.0,0.0,1.005337469872524,0.6234250494572657,0.032687350993716315,0.05966697502312668,0.14586464943570077,-0.027357473564640744,342042606.15,300.0,54.54185632297646,200.0,1.174626332188636,2.0,151.4227214118618,88.04,1.0,86.49782473586079,-1.5600000000000023,20677.0,True,True,81.39167455061494,Dyes And Pigments,Commodities,,103,"Uptrend (price > 50 > 150 > 200-day, 200-day rising); Within 15% of 52-week high",2
KIRLOSBROS,-0.020330730771331944,-0.0373042677310409,0.3400527103070019,-0.27663937821753476,0.7972318655216518,0.0,0.0,-0.13209062251688497,7.330918962344083,0.018774814671357956,0.06696299717139054,-0.0593007574965424,-0.019271395945972554,66211596.0,-0.18734464210855561,12.860061287027591,6.063751864499611,-0.004919151626567364,0.0,12.984257354477236,-0.7999999999999998,1.0,15.300324675324676,0.019999999999999574,20644.0,True,True,38.21381267738884,"Compressors, Pumps & Diesel Engines",Industrials,56.0,103,"Uptrend (price > 50 > 150 > 200-day, 200-day rising); Within 15% of 52-week high; Quarterly profit growth >= 25%; Sales growth >= 20% or 2+ strong quarters; 3-year profit growth >= 15%/yr; ROE >= 20%; RS rating >= 80; Net profit margin up vs a year ago",8
KIRLOSENG,0.22099441887622284,1.47770979020979,0.6385576992557265,3.050650879895314,0.833125,0.0,1.0,0.24764338505762198,9.979624345169128,0.029059074721105346,0.12180085933121632,0.04731472221041111,-0.04249710361745947,870717934.6500001,-17.3368795060035,13.494230299865473,-62.81006287815821,-0.6027708756772646,0.0,14.172094730635942,-2.0700000000000003,1.0,15.52486187845304,-0.15000000000000568,20649.0,True,True,90.85146641438033,"Compressors, Pumps & Diesel Engines",Industrials,56.0,103,Within 15% of 52-week high; Quarterly profit growth >= 25%; Sales growth >= 20% or 2+ strong quarters; 3-year profit growth >= 15%/yr; ROE >= 20%; Net profit margin up vs a year ago,6
KIRLPNU,0.028500077493546855,0.25992869579636846,0.39374484086948547,0.49096727375646326,0.6470802421373629,0.0,0.0,0.3146462478941182,1.3825703618759102,0.01971509451206258,0.04907024793388426,-0.020136244965249572,-0.017963125112906334,110180821.75,31.20091743336866,7.596734114306014,-42.06698729849805,0.2846928129794937,2.0,81.03316025640453,1.9699999999999989,1.0,20.336269015212167,0.269999999999996,20637.0,True,True,54.604541154210025,"Compressors, Pumps & Diesel Engines",Industrials,56.0,103,"Uptrend (price > 50 > 150 > 200-day, 200-day rising); Within 15% of 52-week high; RS rating >= 80",3
KITEX,-0.13337605244325065,-0.3526023667399727,-0.20595979705863465,-0.7301013772703769,0.5112161581435325,0.0,0.0,-0.04228721570383504,1.196720537656925,0.01799660267664114,0.04213846651569075,-0.07704387145027314,-0.014211807995906779,44636850.195,-100.0,-19.451929432101267,0.0,-1.0105071848427183,0.0,-47.36479714905494,-20.62,0.0,-1.262135922330097,0.32000000000000006,20679.0,True,True,3.7464522232734154,Garments & Apparels,Consumer Discretionary,22.0,103,"Uptrend (price > 50 > 150 > 200-day, 200-day rising); Within 15% of 52-week high; Quarterly profit growth >= 25%; Sales growth >= 20% or 2+ strong quarters; 3-year profit growth >= 15%/yr; ROE >= 20%; RS rating >= 80; Net profit margin up vs a year ago",8
KMEW,0.31825715332525994,1.5284109149277691,0.9865060848729428,2.6124749870848976,0.98775447254781,1.0,1.0,0.6214918005941885,5.503636807670172,0.029742588262609393,0.07010860484544712,0.14453370160848755,-0.03982956397803091,224836007.0,300.0,138.10604497627398,176.14536886733654,4.525208029834792,3.0,24.410799630058456,31.49,1.0,13.859649122807017,2.879999999999999,20679.0,True,True,94.97256385998108,Dredging,Services,,103,ROE >= 20%,1
KNRCON,-0.11334282318340402,-0.3978999444696856,-0.014948794185662417,-1.0460778416455192,0.5642839717004148,0.0,0.0,0.14143366350548664,1.1930691759962524,0.021943703277319385,0.04519158212459118,-0.07119325765813811,-0.029797017200856278,151175161.16000003,-77.32128527646856,-4.044261652957304,-107.90229609775342,-0.34567419971809116,0.0,-8.756455003835494,-15.38,1.0,8.789219629927594,-2.8900000000000006,20678.0,True,True,6.837275307473982,Civil Construction,Industrials,89.0,103,"Uptrend (price > 50 > 150 > 200-day, 200-day rising); Within 15% of 52-week high; Quarterly profit growth >= 25%; Sales growth >= 20% or 2+ strong quarters; 3-year profit growth >= 15%/yr; ROE >= 20%; RS rating >= 80; Net profit margin up vs a year ago",8
KOLTEPATIL,0.052800922362112174,0.0568943223227929,0.4681580666231222,0.057676897348627305,0.7817345834835918,0.0,0.0,1.8534119883315594,0.16132807312551622,0.027471326371108967,0.02781757402101226,-0.010634170831336553,-0.012911209078476036,32214032.7,100.0,300.0,200.0,2.6090391254457495,1.0,-2.561955814747663,36.45,1.0,-3.1483015741507874,0.5700000000000003,20638.0,True,True,61.91012298959319,"Residential, Commercial Projects",Consumer Discretionary,61.0,103,"Uptrend (price > 50 > 150 > 200-day, 200-day rising); Within 15% of 52-week high; 3-year profit growth >= 15%/yr; ROE >= 20%; RS rating >= 80",5
KOPRAN,0.21781741744165004,0.3370948241119236,0.9356559426571096,1.0898192181623976,0.9113342122164758,1.0,1.0,1.9790957937744327,1.098743921392392,0.030733011624231456,0.06222902320836532,0.20113162994809652,-0.03787847350016099,54153392.04000001,-10.093882094676122,13.88108268007693,-104.81596919368022,-0.08583473462549024,0.0,3.682816513660181,-1.1600000000000001,1.0,4.905660377358491,-0.05999999999999994,20661.0,True,True,90.57048249763481,Pharmaceuticals,Healthcare,27.0,103,Quarterly profit growth >= 25%; Sales growth >= 20% or 2+ strong quarters; 3-year profit growth >= 15%/yr; ROE >= 20%; Net profit margin up vs a year ago,5
KOTAKBANK,0.04798092626948078,0.05561961098857027,0.17639664804469257,0.38363595791401367,0.953000882612533,0.0,0.0,0.4503092670111787,5.579917264124787,0.012956551150670398,0.03822115384615388,0.06286636774831789,-0.017127195296187833,4514897638.0,22.541996609853364,6.413729808891411,18.02010580121256,2.3942617128042163,1.0,7.067121702360635,3.9299999999999997,1.0,10.643064460949311,0.3300000000000054,20647.0,True,True,60.50520340586565,Private Sector Bank,Financial Services,25.0,103,"Uptrend (price > 50 > 150 > 200-day, 200-day rising); Quarterly profit growth >= 25%; Sales growth >= 20% or 2+ strong quarters; 3-year profit growth >= 15%/yr; ROE >= 20%; RS rating >= 80",6
KPEL,-0.16935852556000291,-0.4034422981674096,-0.1424044999821994,-1.070912248064212,0.4651268213707501,0.0,0.0,-0.8313135792286952,0.9704989803607735,0.024628511679399005,0.07119144227222418,-0.14780772181836888,-0.032643948424793595,66687236.4,2.573130220623021,136.61291791928582,-69.26094031098984,0.0717580955934435,0.0,54.697699642807976,-6.5600000000000005,1.0,34.541984732824424,-0.10000000000000009,20676.0,True,True,0.7492904446546831,Power Generation,Utilities,84.0,103,"Uptrend (price > 50 > 150 > 200-day, 200-day rising); Within 15% of 52-week high; Quarterly profit growth >= 25%; RS rating >= 80; Net profit margin up vs a year ago",5
KPIGREEN,-0.09159991094116707,-0.3221949038891372,-0.2168130165289256,-0.5890182953308811,0.6026740433379437,0.0,0.0,0.2873018677502871,2.1653468618774903,0.03034623665534702,0.12989980664440148,-0.011093425647419108,-0.09877323948845501,310636721.25,-14.970835754208512,15.076126977808734,-64.20139680949696,-1.7658970426050609,0.0,59.44399397700275,-4.82,1.0,16.776532630191166,-0.05000000000000071,20676.0,True,True,11.33301797540208,Power Generation,Utilities,84.0,103,"Uptrend (price > 50 > 150 > 200-day, 200-day rising); Within 15% of 52-week high; Quarterly profit growth >= 25%; Sales growth >= 20% or 2+ strong quarters; ROE >= 20%; RS rating >= 80; Net profit margin up vs a year ago",7
KPIL,0.05137709923844071,0.14210907919117055,0.2817105144200345,0.5649170634345991,0.9741610738255033,1.0,1.0,0.842936456386862,2.7464672214141217,0.017245576117041753,0.052727008993327606,0.05639696945437089,-0.0196639311042831,191139424.75,45.85224894491438,3.8371978085192993,-31.53085975509444,1.4216892733516764,2.0,38.47669090236858,1.4000000000000004,1.0,13.258744855967079,-0.4299999999999997,20676.0,True,True,61.25449385052033,Civil Construction,Industrials,89.0,103,ROE >= 20%; RS rating >= 80,2
KPITTECH,-0.17661426302198763,-0.518881926121372,-0.1626004592422502,-1.5043192703577817,0.3834539652891275,0.0,0.0,0.39096468727592526,1.1162687694660016,0.022565663991752583,0.021021611001964757,-0.14216817125297077,-0.04880334872645934,773641670.475,-32.27126538167799,8.853232472900263,1.1591807690190237,-0.9408224211926887,0.0,12.68921582457705,-4.22,1.0,17.989268568201073,-1.0799999999999983,20663.0,True,True,0.46830652790917693,Computers - Software & Consulting,Information Technology,94.0,103,"Uptrend (price > 50 > 150 > 200-day, 200-day rising); Within 15% of 52-week high; Quarterly profit growth >= 25%; Sales growth >= 20% or 2+ strong quarters; 3-year profit growth >= 15%/yr; ROE >= 20%; RS rating >= 80; Net profit margin up vs a year ago",8
KPRMILL,0.012303860525984294,0.09758147352694002,0.4163152187010484,0.06597723560675445,0.8248875562218891,0.0,0.0,0.6793344069022292,0.6445039973522289,0.017909565407173422,0.041993792222019266,-0.009061093490817407,-0.019109344310887975,186444961.54999998,21.596350903861516,9.582340185815298,10.499767515103574,4.692007424883699,1.0,4.9101140722172865,1.3200000000000003,1.0,15.200982973494822,0.16000000000000014,20675.0,True,True,49.26584673604541,Other Textile Products,Consumer Discretionary,23.0,103,"Uptrend (price > 50 > 150 > 200-day, 200-day rising); Within 15% of 52-week high; Quarterly profit growth >= 25%; Sales growth >= 20% or 2+ strong quarters; 3-year profit growth >= 15%/yr; ROE >= 20%; RS rating >= 80",7
KRBL,0.04186218543628609,0.21088629239099466,0.3817886178861787,0.27679089549809244,0.8594302120141342,0.0,0.0,0.862211288293981,0.9948833611841198,0.023210120811700083,0.03834316491408063,-0.016441091354841952,-0.02023016033790262,155936670.60000002,73.22620965263853,-5.585255783128728,72.40122997431202,1.8149727607158628,1.0,1.2189286007547429,7.93,1.0,11.158946099535044,-0.47999999999999865,20678.0,True,True,59.0066225165563,Other Agricultural Products,Fast Moving Consumer Goods,64.0,103,"Uptrend (price > 50 > 150 > 200-day, 200-day rising); Sales growth >= 20% or 2+ strong quarters; 3-year profit growth >= 15%/yr; ROE >= 20%; RS rating >= 80",5
KRISHANA,0.24192412523911158,0.756715995852578,0.7282084569732938,1.8092521406991504,0.9383206550704977,0.0,1.0,0.7277426365246314,1.6621551131851107,0.024555938605768594,0.04213528493784624,0.04299738685153298,-0.02082069377319854,115383208.84,54.07706339658729,34.57804520402485,-98.78615102257267,1.0388785158069758,7.0,82.22183625924806,1.1199999999999992,1.0,32.0855614973262,0.14,20679.0,True,True,92.44370860927152,Fertilizers,Commodities,68.0,103,,0
KRISHNADEF,0.1182996098296877,0.24746475389562206,0.14625,1.1064674644493802,0.9373571428571428,0.0,0.0,0.5768689595723516,11.473942853840894,0.037766866613492454,0.1999200719352583,0.2076165516073638,-0.0667573091533049,84474613.44999999,20.665350525029112,-15.181858341923126,-52.14256946552625,0.5552102874917663,3.0,,5.899999999999999,1.0,21.1340206185567,0.010000000000000231,20677.0,True,True,78.58183538315988,Aerospace & Defense,Industrials,20.0,103,"Uptrend (price > 50 > 150 > 200-day, 200-day rising); Quarterly profit growth >= 25%; 3-year profit growth >= 15%/yr; RS rating >= 80",4
KRN,0.17317578095765024,0.8123721266097004,0.7352076971826929,1.5544894086350438,0.866804979253112,0.0,1.0,0.05035723069235418,1.894534313140595,0.027221493842630583,0.049974868959574925,0.028246362850090856,-0.023582317571261443,248009411.1,165.0083732990025,118.87578070784177,107.88576233189175,6.706353572691677,4.0,,2.2699999999999996,1.0,13.240418118466899,4.139999999999997,20677.0,True,True,85.70009460737938,Other Industrial Products,Industrials,7.0,103,3-year profit growth >= 15%/yr; ROE >= 20%,2
KROSS,0.14888050057640737,0.06318543112989228,0.3217837263118395,0.5628610212773205,0.8946996466431095,1.0,0.0,0.8864165844378494,0.8203449732639685,0.030848722174551032,0.08757271697965874,0.14174503011735795,-0.05922844995747886,95370719.515,24.353331001243774,32.276119402985074,-6.610697956998557,1.2339260519028457,2.0,,-0.45999999999999996,1.0,11.224489795918368,-0.09000000000000163,20679.0,True,True,83.07757805108798,Auto Components & Equipments,Consumer Discretionary,19.0,103,"Uptrend (price > 50 > 150 > 200-day, 200-day rising); Quarterly profit growth >= 25%; 3-year profit growth >= 15%/yr; ROE >= 20%; Net profit margin up vs a year ago",5
KRSNAA,-0.06469232920489586,-0.3055397995840423,0.0009083477155054087,-0.9989164095017575,0.6516920174507723,0.0,0.0,1.3632906954753348,1.1416852544416085,0.017519649236705934,0.036607059264113895,-0.0010952348248527422,-0.015930353778861914,35403802.275,-19.284676725014116,22.048916986216206,-121.07529860749474,-0.5396032261693716,0.0,15.946036185221901,-3.6000000000000005,1.0,10.306122448979592,0.9899999999999984,20678.0,True,True,21.354777672658468,Healthcare Service Provider,Healthcare,24.0,103,"Uptrend (price > 50 > 150 > 200-day, 200-day rising); Within 15% of 52-week high; Quarterly profit growth >= 25%; ROE >= 20%; RS rating >= 80; Net profit margin up vs a year ago",6
KSB,-0.022805089778087127,-0.011041298115049059,-0.03304306334247875,-0.04071259643341434,0.7868326363901585,0.0,0.0,0.8177375082466215,18.594966576649828,0.021032465369204903,0.045384417588069104,-0.0024768557616794418,-0.026477007897290898,110075381.75,-18.768322947489004,3.5998200089995436,4.1198016556293275,-1.216904473647097,0.0,9.679510823374283,-2.280000000000001,1.0,16.081000595592617,-0.4200000000000017,20669.0,True,True,36.99621570482498,"Compressors, Pumps & Diesel Engines",Industrials,56.0,103,"Uptrend (price > 50 > 150 > 200-day, 200-day rising); Within 15% of 52-week high; Quarterly profit growth >= 25%; Sales growth >= 20% or 2+ strong quarters; 3-year profit growth >= 15%/yr; ROE >= 20%; RS rating >= 80; Net profit margin up vs a year ago",8
KSCL,-0.1100400682792885,-0.29255319148936176,-0.10845104141728512,-0.8632272706542172,0.6546673966602792,0.0,0.0,1.8169851706508806,0.5312486122900263,0.021631050833982174,0.10292669199380877,-0.05167696346289585,-0.04862028088254187,79039695.94999999,-14.468089831397112,-13.514961620444243,134.13757642693122,-2.479387846480034,0.0,-6.387751604773806,-0.4200000000000017,1.0,16.856492027334852,-0.39000000000000057,20678.0,True,True,7.586565752128666,Other Agricultural Products,Fast Moving Consumer Goods,64.0,103,"Uptrend (price > 50 > 150 > 200-day, 200-day rising); Within 15% of 52-week high; Quarterly profit growth >= 25%; Sales growth >= 20% or 2+ strong quarters; 3-year profit growth >= 15%/yr; ROE >= 20%; RS rating >= 80; Net profit margin up vs a year ago",8
KSL,0.07134690235510607,0.21695696721311486,0.518255172964768,0.557534141235793,0.9127698712363248,1.0,1.0,0.7767111759725344,2.278516755523802,0.024920946680670828,0.06348857644991224,0.039103029688500435,-0.022937389586721285,62916325.0,10.650403391907526,4.925807981570562,20.151781725198404,0.6037316352614909,0.0,2.474641596249727,0.7599999999999998,1.0,12.256532066508314,0.28999999999999915,20664.0,True,True,66.78051087984863,Iron & Steel Products,Industrials,16.0,103,Quarterly profit growth >= 25%; Sales growth >= 20% or 2+ strong quarters; 3-year profit growth >= 15%/yr; ROE >= 20%; RS rating >= 80,5
KTKBANK,0.1834110662442953,0.9862613270973399,0.49360355211676277,2.5530680871391493,0.9374096559699335,0.0,1.0,0.7178413853491179,1.1562277781361558,0.020008993671968935,0.05388650453028121,0.017337884815702642,-0.028294570207076975,766081036.75,43.23114797533392,5.367314087596409,-18.349448392510645,1.676377585092221,2.0,0.029463734968748767,4.65,1.0,9.913793103448276,0.9100000000000037,20663.0,True,True,87.19867549668874,Private Sector Bank,Financial Services,25.0,103,3-year profit growth >= 15%/yr; ROE >= 20%,2
LALPATHLAB,0.08527040235853378,0.20532164658005958,0.4489350492963047,0.7955282704231307,0.963504365741195,0.0,1.0,0.13388265202678346,1.4325372316048948,0.014305330717582982,0.019227771137556582,0.024529880469775334,-0.01691073010470119,462939174.95,27.18968225651284,19.095252314123634,42.17187183809344,1.4456775039958758,1.0,28.60164255382238,1.3599999999999994,1.0,20.326823435631724,0.39000000000000057,20636.0,True,True,70.24597918637654,Healthcare Service Provider,Healthcare,24.0,103,Sales growth >= 20% or 2+ strong quarters; RS rating >= 80,2
LANDMARK,-0.014021461223720437,-0.1735125715708239,0.2281134401972873,-0.4331693427874971,0.7259818731117825,0.0,0.0,1.6127255413976094,32.33419383422285,0.033399271751752425,0.0325220310532941,-0.05930342260098875,-0.030425046867237657,54929773.324999996,99.10858344704003,22.665109445051424,-200.89141655295998,0.675636329724237,5.0,-16.4358380923589,0.43000000000000016,1.0,6.495726495726497,-2.469999999999999,20676.0,True,True,39.89971617786187,Auto Dealer,Consumer Discretionary,,103,"Uptrend (price > 50 > 150 > 200-day, 200-day rising); Within 15% of 52-week high; 3-year profit growth >= 15%/yr; ROE >= 20%; RS rating >= 80",5
LATENTVIEW,-0.13460674349670518,-0.3445854379696933,-0.14770906760653646,-0.9302623403637484,0.4507826086956522,0.0,0.0,-0.26072867562327495,1.6165009304907338,0.01729274119968819,0.011374975054879277,-0.14305802799020506,-0.03616627187185817,111892314.725,-6.867245485614326,21.54902126938394,-14.286198921292058,-0.7818381177442967,0.0,8.207707476163284,-5.009999999999998,1.0,11.503416856492027,-1.5599999999999987,20643.0,True,True,3.65279091769158,Computers - Software & Consulting,Information Technology,94.0,103,"Uptrend (price > 50 > 150 > 200-day, 200-day rising); Within 15% of 52-week high; Quarterly profit growth >= 25%; 3-year profit growth >= 15%/yr; ROE >= 20%; RS rating >= 80; Net profit margin up vs a year ago",7
LAURUSLABS,0.2917606199791143,1.2449837798870602,0.7916386997794609,5.042813660159922,0.9974213010266141,1.0,1.0,0.03862731855204827,0.9066046319412444,0.017703242343064383,0.039870143045551254,0.08440477815194147,-0.01986077315183438,3094294340.3999996,123.98169469580162,29.09968972393713,102.79868157466937,2.5183091762188763,7.0,24.286315840332517,7.57,1.0,16.79245283018868,1.9500000000000028,20658.0,True,True,94.31693472090824,Pharmaceuticals,Healthcare,27.0,103,ROE >= 20%,1
LEMONTREE,-0.08307617153573849,-0.36759918003135184,-0.030949741315594914,-1.0912593488884883,0.6321469575200919,0.0,0.0,0.36230792239067616,9.669231857197575,0.01346437643845878,0.032805755395683533,0.021271228567400824,-0.019407281206200066,273821873.225,19.236831598486994,9.133229882509442,10.076533680811853,0.6380767938694402,0.0,28.141931953237396,1.4100000000000001,1.0,20.689655172413794,-3.469999999999999,20672.0,True,True,13.955534531693472,Hotels & Resorts,Consumer Discretionary,66.0,103,"Uptrend (price > 50 > 150 > 200-day, 200-day rising); Within 15% of 52-week high; Quarterly profit growth >= 25%; Sales growth >= 20% or 2+ strong quarters; RS rating >= 80",5
LENSKART,,,0.3866377977111044,,0.9446206896551724,0.0,1.0,0.6853805186342323,0.6958909644533413,0.016346429716497246,0.040076476211486245,0.06636583892324865,-0.016579219704413083,3739176627.975,244.66505494969542,43.26932212873324,252.1943824706462,,1.0,,4.92,1.0,5.7335774776836805,16.58,20662.0,True,True,,Speciality Retail,Consumer Discretionary,97.0,103,3-year profit growth >= 15%/yr; ROE >= 20%; RS rating >= 80,3
LGBBROSLTD,0.04727754641333018,0.2202787258248009,0.004624480477667836,0.4708638220327714,0.80947265625,0.0,0.0,-0.022028491591315796,1.8938434396697978,0.012235056208073983,0.01697204604181346,0.003708964359794731,-0.015489120134329211,39195317.7,4.632167833087331,21.567612814854286,11.638848721082141,0.3339936861621892,0.0,9.43006872370875,-1.29,1.0,14.809656453110492,-0.0799999999999983,20665.0,True,True,60.317880794701985,Auto Components & Equipments,Consumer Discretionary,19.0,103,"Uptrend (price > 50 > 150 > 200-day, 200-day rising); Within 15% of 52-week high; Quarterly profit growth >= 25%; 3-year profit growth >= 15%/yr; ROE >= 20%; RS rating >= 80; Net profit margin up vs a year ago",7
LGEINDIA,,,0.2604640582347588,,0.9636164383561643,1.0,1.0,0.6330880294147809,4.125551194845557,0.019247996576486237,0.02851666860262525,0.07080358371521212,-0.025525760347661287,831076833.2,27.184775178056707,15.494480228135687,35.391216373706726,,1.0,,0.8300000000000001,1.0,21.98017218888599,0.20999999999999908,20679.0,True,True,,Household Appliances,Consumer Discretionary,98.0,103,Sales growth >= 20% or 2+ strong quarters; 3-year profit growth >= 15%/yr; RS rating >= 80,3
LICHSGFIN,-0.037665684111984385,-0.019382246216479437,0.07073830691921157,-0.4276579804062126,0.8391842193246405,0.0,0.0,0.11380211295020431,2.01691462639526,0.016831477585170215,0.03621271549758287,-0.054971658562389836,-0.047210482957883194,1472489828.7,9.876241816031994,-1.443711263313452,1.2210551077552978,1.09770262223642,0.0,20.437126649700875,2.1799999999999997,1.0,13.526756619759105,0.20999999999999375,20664.0,True,True,31.28287606433302,Housing Finance Company,Financial Services,90.0,103,"Uptrend (price > 50 > 150 > 200-day, 200-day rising); Within 15% of 52-week high; Quarterly profit growth >= 25%; Sales growth >= 20% or 2+ strong quarters; ROE >= 20%; RS rating >= 80",6
LICI,-0.03697064726340256,-0.04431148705957877,0.1346378902103802,-0.40854633015346287,0.8324795081967212,0.0,0.0,0.006630107106123088,0.82748317532064,0.01680891820394935,0.01924999999999999,-0.04499307007791886,-0.018547537452456457,2890464965.7,23.827411192269388,6.762856292981367,0.5551470418758484,1.369172989865976,2.0,9.300966238610652,0.7800000000000002,1.0,32.53192151977577,-0.15000000000000013,20642.0,True,True,31.563859981078522,Life Insurance,Financial Services,93.0,103,"Uptrend (price > 50 > 150 > 200-day, 200-day rising); Within 15% of 52-week high; Quarterly profit growth >= 25%; 3-year profit growth >= 15%/yr; RS rating >= 80",5
LINDEINDIA,-0.025547329159523242,0.008864967547886682,-0.12656753237853768,-0.09306633434552995,0.7643806684060132,0.0,0.0,0.06057513437191551,1.7371063158622038,0.013375777459008344,0.02412010829436384,-0.055452354268695214,-0.014698790610123923,133264436.75,-2.4452449291883616,21.58716817258528,32.14597385622871,-0.06750818630827657,0.0,10.946206480536901,-3.709999999999999,1.0,12.869198312236287,-0.10999999999999943,20655.0,True,True,35.872280037842955,Industrial Gases,Commodities,,103,"Uptrend (price > 50 > 150 > 200-day, 200-day rising); Within 15% of 52-week high; Quarterly profit growth >= 25%; 3-year profit growth >= 15%/yr; ROE >= 20%; RS rating >= 80; Net profit margin up vs a year ago",7
LLOYDSENGG,0.21945309566406956,0.4390987633406742,1.0182941316227132,1.3932140974580738,0.9707293666026872,1.0,1.0,0.2025086089412755,3.6432464283330765,0.029428099647504712,0.08414915850841509,0.12929444496545694,-0.08543751965846577,664509466.6,127.1185726237809,142.91507303810883,-10.59154306066334,3.9142638068435143,9.0,110.89964248105701,-0.9000000000000004,1.0,11.8491921005386,-0.34999999999999964,20669.0,True,True,90.7578051087985,Industrial Products,Industrials,11.0,103,ROE >= 20%; Net profit margin up vs a year ago,2
LLOYDSENT,0.09213082387065069,0.13894603576515263,0.5814106789716547,0.47297943592850994,0.9306965761511216,0.0,1.0,0.11086202807632181,1.4600882898787086,0.02424930446762702,0.05411484519714205,0.04103387619052645,-0.06388034494429627,221257422.92999998,-55.781090584017825,70.15110305228166,-244.3535236507373,-1.6350255089583963,0.0,53.38708245742983,-55.620000000000005,1.0,10.06517016654598,0.15000000000000002,20676.0,True,True,72.02554399243141,Trading - Metals,Commodities,,103,Quarterly profit growth >= 25%; ROE >= 20%; RS rating >= 80; Net profit margin up vs a year ago,4
LLOYDSME,0.09856829373767226,0.48370786516853936,0.33162861053086523,1.3203354457444156,0.8744470588235295,0.0,0.0,0.07219283870937468,2.0294469954371337,0.020036921535537666,0.03588738223601817,-0.016810831059931086,-0.020751902125887657,716618590.9,170.26959565140757,208.5520574612338,-129.73040434859243,2.3335155052302405,4.0,67.6157372186027,-3.3400000000000034,1.0,27.60435440847812,0.0600000000000005,20675.0,True,True,74.36707663197728,Industrial Minerals,Commodities,82.0,103,"Uptrend (price > 50 > 150 > 200-day, 200-day rising); RS rating >= 80; Net profit margin up vs a year ago",3
LMW,0.05415606142979578,0.30008898624135805,0.542766631467793,0.49550365672324514,0.8391643094635503,0.0,0.0,0.5157727642889157,0.629853860042487,0.02080758008931632,0.03139013452914807,-0.05021343518310495,-0.02559649909954904,67701840.5,300.0,23.99804074106089,266.12264496904123,0.9669272374988422,2.0,-23.315098382510747,4.91,1.0,4.569236135333101,-0.14000000000000057,20658.0,True,True,62.56575212866604,Industrial Products,Industrials,11.0,103,"Uptrend (price > 50 > 150 > 200-day, 200-day rising); Within 15% of 52-week high; 3-year profit growth >= 15%/yr; ROE >= 20%; RS rating >= 80",5
LODHA,0.04575004393488649,0.08141267198317426,0.7728611450326845,-0.012540666059931148,0.8443436558979887,0.0,0.0,0.1772050685347068,3.8950947585895688,0.024732074820589926,0.03771190281932757,-0.05219678184250742,-0.025277033228815134,1640719152.45,103.43760143872926,43.10221382134778,94.20605015087966,5.593350497804408,1.0,39.4288251381081,8.150000000000002,1.0,14.734175040797046,1.3499999999999979,20645.0,True,True,59.849574266792814,"Residential, Commercial Projects",Consumer Discretionary,61.0,103,"Uptrend (price > 50 > 150 > 200-day, 200-day rising); Within 15% of 52-week high; ROE >= 20%; RS rating >= 80",4
LT,-0.0056357148342583326,0.06582651830004016,0.10016329467770069,0.042807689372260184,0.8490990990990991,0.0,0.0,0.10552860081905678,1.7030998286195917,0.010990031243866273,0.016423546451479476,-0.04600338681450167,-0.018289804616465146,5522095269.25,15.506744050689104,6.694240417394015,10.539491775592946,2.060662546233797,0.0,16.1300357620598,0.5599999999999996,1.0,17.34284930002745,0.03999999999999915,20662.0,True,True,43.17786187322611,Civil Construction,Industrials,89.0,103,"Uptrend (price > 50 > 150 > 200-day, 200-day rising); Within 15% of 52-week high; Quarterly profit growth >= 25%; Sales growth >= 20% or 2+ strong quarters; ROE >= 20%; RS rating >= 80",6
LTF,0.010464259453148897,0.34114858859875574,0.3184938631162886,0.32925902056901935,0.7808623744831659,0.0,0.0,-0.4801284565998524,2.5903619781841933,0.020553120121393237,0.034733708236850847,-0.13639644759749026,-0.06947973071636222,1145744708.6999998,30.71371553386748,22.381367133302188,3.490980112701081,3.18806621857936,3.0,26.634020256506673,1.120000000000001,1.0,10.660043597898724,0.05999999999999872,20644.0,True,True,48.89120151371807,Non Banking Financial Company (NBFC),Financial Services,37.0,103,"Uptrend (price > 50 > 150 > 200-day, 200-day rising); Within 15% of 52-week high; ROE >= 20%; RS rating >= 80",4
LTFOODS,0.011457898881808547,0.06446181599518952,0.1463540992099468,-0.047524325023377785,0.8317709394742204,0.0,0.0,1.8344725350280349,0.5347856442441139,0.019027225520992477,0.020529251216328426,-0.03693461348787075,-0.026147661037000294,184337828.75,8.843641967186233,27.91933179648689,24.23801645485132,1.0115774493283973,0.0,11.248113118397352,-1.0199999999999996,1.0,13.824375138243752,0.010000000000001563,20664.0,True,True,48.984862819299906,Other Agricultural Products,Fast Moving Consumer Goods,64.0,103,"Uptrend (price > 50 > 150 > 200-day, 200-day rising); Within 15% of 52-week high; Quarterly profit growth >= 25%; 3-year profit growth >= 15%/yr; ROE >= 20%; RS rating >= 80; Net profit margin up vs a year ago",7
LTM,-0.027939610163503346,-0.10147783251231524,0.05950417063593494,-0.6608611629846439,0.6176374523679913,0.0,0.0,0.1589715061005863,2.313980426375391,0.020260934902075048,0.027693089430894213,-0.10036143219034632,-0.032484263957351864,1472069179.0,17.035108253003873,17.960286974371485,-1.8215901720398655,1.7436862475029462,0.0,7.757144046271014,-0.09999999999999964,1.0,20.740894901144642,-0.48999999999999844,20645.0,True,True,34.9356669820246,Computers - Software & Consulting,Information Technology,94.0,103,"Uptrend (price > 50 > 150 > 200-day, 200-day rising); Within 15% of 52-week high; Quarterly profit growth >= 25%; Sales growth >= 20% or 2+ strong quarters; 3-year profit growth >= 15%/yr; RS rating >= 80; Net profit margin up vs a year ago",7
LTTS,-0.034929047848374785,-0.13740175909729246,0.045914861837191845,-0.5504769159609287,0.6868387642826915,0.0,0.0,0.3039901803114039,1.6312920763581342,0.01723435829348102,0.04770249221183809,-0.05897332424196022,-0.021680834525709097,200730253.5,17.35029610441532,11.47298578199052,-6.63212134752078,1.4618803435379277,0.0,2.445193407870705,0.5999999999999996,1.0,19.78989649312529,-0.3200000000000003,20648.0,True,True,32.59413434247872,IT Enabled Services,Information Technology,51.0,103,"Uptrend (price > 50 > 150 > 200-day, 200-day rising); Within 15% of 52-week high; Quarterly profit growth >= 25%; Sales growth >= 20% or 2+ strong quarters; 3-year profit growth >= 15%/yr; ROE >= 20%; RS rating >= 80",7
LUMAXIND,0.0269330314947388,0.3118343681894815,0.33343782654127474,0.23643220477908025,0.7838344509337372,0.0,0.0,0.19370040190948162,1.2707872767431243,0.021918199585141223,0.022187281621243837,-0.0632033945627708,-0.02458072896036002,74192515.75,41.391254611370634,32.5965832719074,14.948100592883563,2.0345176545146564,4.0,22.472407878695087,0.2599999999999998,1.0,18.75681570338059,0.3600000000000003,20669.0,True,True,54.22989593188269,Auto Components & Equipments,Consumer Discretionary,19.0,103,"Uptrend (price > 50 > 150 > 200-day, 200-day rising); Within 15% of 52-week high; ROE >= 20%; RS rating >= 80",4
LUMAXTECH,0.1291727331462342,0.5289949942241048,0.23018774397422392,0.8195272429650756,0.8478995433789954,1.0,0.0,0.8304194226237722,1.0855458151244124,0.03386743449033717,0.041972249752229907,-0.03107510015893933,-0.036116630206706676,247098810.3,82.61732042391934,32.85852080633691,60.56858711585258,2.546460991938547,6.0,47.2557546499305,1.9700000000000006,1.0,27.82824112303881,0.0400000000000027,20669.0,True,True,80.64238410596028,Auto Components & Equipments,Consumer Discretionary,19.0,103,"Uptrend (price > 50 > 150 > 200-day, 200-day rising); Within 15% of 52-week high",2
LUPIN,-0.019676625656880064,0.11053234711949167,-0.06265113211694873,0.29089414905780403,0.8022534097647757,0.0,0.0,-0.8865113945183172,1.1933336626424824,0.011843881854891497,0.025965770171149094,-0.07466601247762239,-0.018593676374047238,1663575218.2,15.986264006437745,32.04277368489903,-84.00511097999534,1.0587390591258938,0.0,82.23603858296052,-2.3699999999999974,1.0,23.85513186029936,0.05000000000000426,20649.0,True,True,38.40113528855251,Pharmaceuticals,Healthcare,27.0,103,"Uptrend (price > 50 > 150 > 200-day, 200-day rising); Within 15% of 52-week high; Quarterly profit growth >= 25%; RS rating >= 80; Net profit margin up vs a year ago",5
LXCHEM,0.050563039845272675,-0.15780890253261692,0.4879661016949153,-0.2146675308811805,0.8711254612546125,0.0,0.0,0.2979011930158656,2.8953111795281385,0.03045497617260101,0.07285307285307296,0.06460457544340681,-0.028159158069770197,155800797.255,216.12380745950185,39.745717460638176,217.23866776713814,3.7074070859231925,1.0,8.449656946720996,3.9000000000000004,1.0,3.9798488664987404,-0.45999999999999996,20649.0,True,True,60.973509933774835,Specialty Chemicals,Commodities,38.0,103,"Uptrend (price > 50 > 150 > 200-day, 200-day rising); 3-year profit growth >= 15%/yr; ROE >= 20%; RS rating >= 80",4
MACPOWER,0.3345338881616811,1.3282634730538923,1.2601871766552346,2.733824734654364,0.9285206574855619,1.0,1.0,0.6802665924522774,1.4470727374967218,0.037940882711770235,0.09518109908409667,0.1308767608910668,-0.047175412910017596,95330576.94999999,-100.0,300.0,-400.0,-558.5592418847932,0.0,,-20.299999999999997,0.0,19.428571428571427,-0.6700000000000002,19037.0,True,True,96.00283822138127,Industrial Products,Industrials,11.0,103,Quarterly profit growth >= 25%; 3-year profit growth >= 15%/yr; ROE >= 20%; Net profit margin up vs a year ago,4
MAHABANK,0.08424890275969706,0.5988145952954249,0.35107215526686475,1.3751830922741617,0.855026455026455,0.0,0.0,0.21620524756782805,1.6542627074681144,0.019419892244181416,0.03391089108910905,-0.009245407950560391,-0.02159597991932157,898536923.255,34.461394001685505,13.902364338997275,-1.6642180241128557,5.174662874633104,4.0,35.39982390684515,3.8500000000000014,1.0,21.119638826185103,0.620000000000001,20644.0,True,True,70.1523178807947,Public Sector Bank,Financial Services,52.0,103,"Uptrend (price > 50 > 150 > 200-day, 200-day rising); RS rating >= 80",2
MAHLIFE,-0.006889904868827394,0.009031540919827608,0.13664110189388023,-0.06878583074637705,0.8247277836318931,0.0,0.0,-0.06250389964720968,1.1561934968202798,0.014475748629320065,0.056806625018160695,-0.04951585219728627,-0.018901698940816745,35735229.599999994,66.85952462059721,300.0,60.935676906742,0.6553449775517284,1.0,91.66172347149191,-151.45,1.0,8.216156603253378,-0.3500000000000014,20636.0,True,True,42.615894039735096,"Residential, Commercial Projects",Consumer Discretionary,61.0,103,"Uptrend (price > 50 > 150 > 200-day, 200-day rising); Within 15% of 52-week high; ROE >= 20%; RS rating >= 80; Net profit margin up vs a year ago",5
MAHLOG,0.05195149025083055,0.15944967414916733,0.15045265124299467,0.5227324339046097,0.9223333333333333,0.0,1.0,0.3740608761955265,1.7593425160568323,0.017554511133519437,0.040594554084436574,0.02279700048546185,-0.03723517458524239,56617112.625,100.0,23.285259665515625,0.0,3.874659386857242,3.0,157.2295435044248,1.9699999999999998,1.0,0.9361702127659575,-0.14999999999999858,20654.0,True,True,61.62913907284768,Logistics Solution Provider,Services,67.0,103,ROE >= 20%; RS rating >= 80,2
MAHSCOOTER,-0.07005914031122057,-0.21929021179164276,0.19776938614209194,-0.9597222356074976,0.6804619294949719,0.0,0.0,-0.08534815502360357,6.769921841379396,0.018626682646354045,0.043951030339898,-0.07116329726093107,-0.03701636758682369,42353057.5,-90.61081747854641,-81.51691151349505,-90.36267852073001,-0.6986398909058893,0.0,12.74565742231668,-59.440000000000005,1.0,1.1254252008395456,0.009999999999999787,20679.0,True,True,19.48155156102176,Investment Company,Financial Services,96.0,103,"Uptrend (price > 50 > 150 > 200-day, 200-day rising); Within 15% of 52-week high; Quarterly profit growth >= 25%; Sales growth >= 20% or 2+ strong quarters; 3-year profit growth >= 15%/yr; ROE >= 20%; RS rating >= 80; Net profit margin up vs a year ago",8
MAHSEAMLES,0.05821884282899932,0.09500670241286868,0.11063902107409929,0.565224333230113,0.8928385416666668,1.0,1.0,1.1588628118589595,4.836702456428694,0.0195883458212624,0.06322094055013316,0.05331555533708565,-0.021074524708408385,144985644.5,15.651742739493834,-4.721157456320335,72.59342543783534,0.4286885945341301,0.0,-6.376050671687539,4.300000000000001,1.0,10.194880744618965,0.6899999999999995,20672.0,True,True,64.25165562913907,Iron & Steel Products,Industrials,16.0,103,Quarterly profit growth >= 25%; Sales growth >= 20% or 2+ strong quarters; 3-year profit growth >= 15%/yr; ROE >= 20%; RS rating >= 80,5
MAITHANALL,-0.05444066288636332,-0.06609712230215825,0.1439114391143912,-0.4715800956837547,0.75283034459962,0.0,0.0,0.7565675601711569,0.8486710292463404,0.018097560599931166,0.05012036591237368,-0.07862904857071185,-0.04552768301959006,39835731.025000006,-26.428563927262427,-14.673182457971556,102.6816578095813,-0.7132744557647811,0.0,-5.006670755414177,-11.719999999999999,1.0,10.636758321273517,-0.17999999999999994,20678.0,True,True,24.632923368022706,Ferro & Silica Manganese,Commodities,,103,"Uptrend (price > 50 > 150 > 200-day, 200-day rising); Within 15% of 52-week high; Quarterly profit growth >= 25%; Sales growth >= 20% or 2+ strong quarters; 3-year profit growth >= 15%/yr; ROE >= 20%; RS rating >= 80; Net profit margin up vs a year ago",8
MANAKCOAT,0.019987413354587556,-0.08445894672939747,0.16065416065416072,-0.04145104696475782,0.707362432994202,0.0,0.0,-0.1635134465014217,1.133501571693094,0.022495958866546234,0.046200278594644706,0.044937483132485356,-0.023686856684514406,38659893.09,0.6376009898827917,4.939951961569244,-6.063296536582485,0.017454707244506536,0.0,103.34737098531903,-0.23000000000000043,1.0,11.74785100286533,-0.92,20648.0,True,True,52.54399243140965,Iron & Steel Products,Industrials,16.0,103,"Uptrend (price > 50 > 150 > 200-day, 200-day rising); Within 15% of 52-week high; Quarterly profit growth >= 25%; Sales growth >= 20% or 2+ strong quarters; ROE >= 20%; RS rating >= 80; Net profit margin up vs a year ago",7
MANALIPETC,0.211864089065389,0.39030058878215046,1.0935604293047132,0.9044051317775066,0.9931182795698925,0.0,1.0,1.883761299581024,5.239490649705708,0.0362815189679157,0.11567498400511833,0.20288922635312012,-0.039322916142477266,90085983.44,300.0,17.066518941492337,288.2728113504733,5.30814001823883,1.0,85.87121445524078,17.32,1.0,10.14832162373146,0.010000000000000009,20678.0,True,True,89.91485335856197,Petrochemicals,Commodities,32.0,103,Sales growth >= 20% or 2+ strong quarters; ROE >= 20%,2
MANAPPURAM,0.019030244196893496,0.23149151318165417,0.33307271305707586,0.3537697511019595,0.8129996068667278,0.0,0.0,-0.24170330597415585,1.6217093360026378,0.0199309507234878,0.03374999999999995,-0.090607932408306,-0.020299771361788694,1467770555.1999998,300.0,34.11303974999888,200.0,1.1032175481313857,2.0,-5.564731210183327,13.41,1.0,6.186530434240857,0.9600000000000009,20657.0,True,True,52.16934720908231,Non Banking Financial Company (NBFC),Financial Services,37.0,103,"Uptrend (price > 50 > 150 > 200-day, 200-day rising); Within 15% of 52-week high; 3-year profit growth >= 15%/yr; ROE >= 20%; RS rating >= 80",5
MANCREDIT,0.05693657877192426,0.24254953552059288,0.3713405238828966,0.6653820876376978,0.8072544992515752,0.0,1.0,0.28349527593194673,0.9111839436430107,0.029290399315026163,0.048846675712347354,0.013608314472963068,-0.019400568084951227,31418522.310000002,-75.28629119969736,-37.96491228070175,-362.9416901400346,-0.9402148572674741,0.0,27.915987411567002,-33.48,1.0,8.60215053763441,0.03,18306.0,True,True,63.59602649006622,Non Banking Financial Company (NBFC),Financial Services,37.0,103,Within 15% of 52-week high; Quarterly profit growth >= 25%; Sales growth >= 20% or 2+ strong quarters; ROE >= 20%; RS rating >= 80; Net profit margin up vs a year ago,6
MandM,-0.050363646042633214,-0.07257470925953191,0.045920908457017795,-0.5983074476374765,0.7435089455454569,0.0,0.0,-0.22936146142809014,2.4504558055820986,0.013612586287365329,0.01753444865390419,-0.11586311888807477,-0.027561215235544192,6278095997.6,37.19814928057599,27.802778832656582,-18.854919115063225,2.4773927937620925,3.0,21.409123156045084,0.7300000000000004,1.0,20.002792786018883,-0.12999999999999545,20641.0,True,True,26.506149479659413,Passenger Cars & Utility Vehicles,Consumer Discretionary,100.0,103,"Uptrend (price > 50 > 150 > 200-day, 200-day rising); Within 15% of 52-week high; RS rating >= 80",3
MandMFIN,0.057780977779053624,0.34423592493297583,0.31877958968963727,0.4307943542940202,0.7897590361445783,0.0,0.0,-0.06922943801983605,1.5820164160409442,0.02476579751321036,0.02198437951981491,-0.11376523363879487,-0.03531330973243729,727292510.7,75.31887186022144,14.573368786581199,-30.78228558695986,1.928650537006538,2.0,14.54544590616733,5.619999999999999,1.0,10.739892638612561,-0.480000000000004,20655.0,True,True,64.0643330179754,Non Banking Financial Company (NBFC),Financial Services,37.0,103,"Uptrend (price > 50 > 150 > 200-day, 200-day rising); Within 15% of 52-week high; 3-year profit growth >= 15%/yr; ROE >= 20%; RS rating >= 80",5
MANGLMCEM,0.07417069537190164,0.4839537869062902,0.36498663849356805,1.0826400328924206,0.8822321428571429,0.0,0.0,1.363353329607464,1.3171793510037846,0.02054207964472001,0.046925566343042124,-0.006392433257546681,-0.020183621176465917,55030982.849999994,-43.9694246671972,0.7703546287687546,-343.9694246671972,-0.6140629576351108,0.0,77.76412765432659,-3.1699999999999995,1.0,13.190184049079754,-0.0600000000000005,20679.0,True,True,67.71712393566698,Cement & Cement Products,Commodities,102.0,103,"Uptrend (price > 50 > 150 > 200-day, 200-day rising); Quarterly profit growth >= 25%; Sales growth >= 20% or 2+ strong quarters; ROE >= 20%; RS rating >= 80; Net profit margin up vs a year ago",6
MANINDS,0.34492320393707865,0.9187424425634825,1.2636233951497862,2.0385136948829237,0.8868423583726074,1.0,1.0,1.1161705746142285,0.7620783170979568,0.040297893186398516,0.16096011295446533,0.2541092974512493,-0.0746671917089795,545532826.725,122.39632754253269,41.90640453828847,147.80699925414456,1.8408148379049831,1.0,40.793947121255194,2.11,1.0,8.145663632007667,0.5499999999999998,20676.0,True,True,96.56480605487228,Iron & Steel Products,Industrials,16.0,103,ROE >= 20%,1
MANINFRA,0.026279660304748428,-0.16416208238293306,0.45753392606457655,-0.43939683469160495,0.8169163462813204,0.0,0.0,0.4988164166251706,1.115523742300244,0.024065314663206636,0.04654908593057905,0.05578781440614078,-0.0156426415118555,217394548.35,7.570247712844225,19.360306178239473,65.31897594017644,0.15949541677067292,0.0,-13.443186725409085,-3.150000000000002,1.0,9.307454786060873,-2.6799999999999997,20654.0,True,True,54.136234626300855,"Residential, Commercial Projects",Consumer Discretionary,61.0,103,"Uptrend (price > 50 > 150 > 200-day, 200-day rising); Within 15% of 52-week high; Quarterly profit growth >= 25%; Sales growth >= 20% or 2+ strong quarters; 3-year profit growth >= 15%/yr; ROE >= 20%; RS rating >= 80; Net profit margin up vs a year ago",8
MANKIND,0.007670241885705708,-0.045954327600789324,0.1852889667250439,0.02615818094956134,0.9462528387585163,0.0,1.0,0.011797352541258039,4.506559776215316,0.01732084504919346,0.059590559394966824,0.034927563349986146,-0.039638576304265115,856863923.5,29.121472178573814,12.890612965115466,-5.078206245034881,1.1106967673621087,3.0,12.741036526191628,1.790000000000001,1.0,11.889570552147239,0.13999999999999702,20650.0,True,True,47.57994323557237,Pharmaceuticals,Healthcare,27.0,103,3-year profit growth >= 15%/yr; ROE >= 20%; RS rating >= 80,3
MANOMAY,0.17795941522665412,0.34553327796891686,-0.012924281984334152,0.9165366021537928,0.9240418654763737,0.0,0.0,0.49346931327079924,2.918798079380685,0.019963791707740042,0.03888987883107631,0.07673834460110807,-0.02600169608795279,32984434.75,11.585711989851365,20.477003781871407,-38.39204914128776,0.328849079119626,0.0,17.25890728104311,-0.20000000000000018,1.0,11.695906432748536,-0.040000000000000036,20679.0,True,True,86.26206244087038,Other Textile Products,Consumer Discretionary,23.0,103,"Uptrend (price > 50 > 150 > 200-day, 200-day rising); Quarterly profit growth >= 25%; ROE >= 20%; Net profit margin up vs a year ago",4
MANORAMA,0.14352836095287697,0.39960139511709003,0.612117733868984,0.9261092598540075,0.9237497092347057,0.0,1.0,1.4485727994296977,0.9322868229225489,0.028455000505356792,0.06453383908963883,0.07558684377881142,-0.022393185630729454,293291227.95,67.59130480821189,39.53030564669313,36.53650215948047,2.5247900640641934,8.0,95.50251304268602,3.259999999999998,1.0,32.99120234604106,-0.040000000000000924,20678.0,True,True,82.3282876064333,Other Food Products,Fast Moving Consumer Goods,,103,,0
MANYAVAR,0.01763492225684163,-0.19289772727272725,0.5398373983739839,-0.8057754801348481,0.7103802094314428,0.0,0.0,1.67642963491129,0.6264780200781603,0.027573188356300314,0.04575853572685684,-0.03828771828337996,-0.03346294058968089,179039738.3,37.31702246259378,22.743930371049004,69.35515917173075,0.9434059880634321,1.0,17.403259536143302,2.6499999999999986,1.0,25.842696629213485,0.240000000000002,20025.0,True,True,51.42005676442763,Speciality Retail,Consumer Discretionary,97.0,103,"Uptrend (price > 50 > 150 > 200-day, 200-day rising); Within 15% of 52-week high; RS rating >= 80",3
MAPMYINDIA,-0.09432111395553851,-0.40305682238382834,0.10608655932396927,-0.9823714909108011,0.44874874874874876,0.0,0.0,0.1735436027616948,1.109879076765139,0.02813677536831783,0.032692876145433036,-0.0863066243279268,-0.02445394440060102,133233985.9,8.578457155454377,14.891867445111417,4.700185368059561,0.43679522302571816,0.0,6.147878880861235,-2.0700000000000003,1.0,14.806629834254142,-3.200000000000001,20654.0,True,True,10.583727530747398,Software Products,Information Technology,62.0,103,"Uptrend (price > 50 > 150 > 200-day, 200-day rising); Within 15% of 52-week high; Quarterly profit growth >= 25%; Sales growth >= 20% or 2+ strong quarters; 3-year profit growth >= 15%/yr; ROE >= 20%; RS rating >= 80; Net profit margin up vs a year ago",8
MARATHON,-0.11064075006819639,-0.29316649061509714,0.05865887793598623,-0.8919149913480537,0.5524666322542586,0.0,0.0,0.5259566383517857,0.6840478762184065,0.034019770460525164,0.0493263302123772,-0.06495633051522265,-0.041790105036487564,32638372.5,-14.843334064730474,40.259924721255594,1.216470440752481,-0.6451242789206173,0.0,8.572444468629946,-17.179999999999996,1.0,9.054945054945055,-0.4399999999999977,20672.0,True,True,7.492904446546831,"Residential, Commercial Projects",Consumer Discretionary,61.0,103,"Uptrend (price > 50 > 150 > 200-day, 200-day rising); Within 15% of 52-week high; Quarterly profit growth >= 25%; 3-year profit growth >= 15%/yr; ROE >= 20%; RS rating >= 80; Net profit margin up vs a year ago",7
MARICO,0.015115189698270236,0.18479272571060346,0.08675379260524063,0.7430798207818342,0.8932066134293105,0.0,0.0,-0.21695350789343787,1.9135196809642323,0.012340567378471647,0.025500684164697196,-0.048557531029855716,-0.022010573652537647,1243559249.75,27.091573600974318,22.850046569388383,8.854336154876119,5.746313193794808,1.0,12.233990808267926,0.5500000000000007,1.0,43.064133016627075,0.01999999999999602,20645.0,True,True,50.2961210974456,Edible Oil,Fast Moving Consumer Goods,83.0,103,"Uptrend (price > 50 > 150 > 200-day, 200-day rising); 3-year profit growth >= 15%/yr; RS rating >= 80",3
MARINE,0.41060722381664344,1.025983807192619,1.4979686593151476,2.3811815433479406,0.9772448979591837,1.0,1.0,1.1453684403663842,3.1785436328679215,0.03593912995821571,0.09651898734177222,0.2655969595014258,-0.06813485470663477,423771747.125,51.17874649261693,55.20421607378132,6.432131537818158,2.0716807048095336,5.0,55.29238387420141,-0.1800000000000006,1.0,11.967545638945234,0.6000000000000001,20679.0,True,True,97.96972563859981,Industrial Products,Industrials,11.0,103,ROE >= 20%; Net profit margin up vs a year ago,2
MARKSANS,0.21321441852444895,1.020927120087602,0.975617008623253,2.228128157048329,0.924348197748967,1.0,1.0,0.6727148679285702,1.2413472006150459,0.031985319877209616,0.056067468374199736,0.03749900055968647,-0.031258266768467,605639903.5999999,173.82983143034303,35.61509056597687,109.59552660411474,4.110183929426626,2.0,23.67042807440236,9.57,1.0,13.893483294740324,0.3299999999999983,20669.0,True,True,90.0085146641438,Pharmaceuticals,Healthcare,27.0,103,ROE >= 20%,1
MARUTI,-0.09376870370076586,-0.21054893773793437,0.017892486738975588,-1.2024400339245422,0.6692573402417962,0.0,0.0,-0.24906011451791618,2.2930499272520577,0.012558906665269874,0.014137760973204072,-0.1114341796301731,-0.023827257508924997,4473004930.0,-9.067844938335812,35.91381471926063,-2.54106020172914,-0.6140112225712983,0.0,13.690553018258456,-3.25,1.0,13.699652842584642,-0.30000000000000426,20665.0,True,True,10.958372753074741,Passenger Cars & Utility Vehicles,Consumer Discretionary,100.0,103,"Uptrend (price > 50 > 150 > 200-day, 200-day rising); Within 15% of 52-week high; Quarterly profit growth >= 25%; 3-year profit growth >= 15%/yr; ROE >= 20%; RS rating >= 80; Net profit margin up vs a year ago",7
MASFIN,-0.05538477536878021,-0.03287625970593089,-0.009810554803789007,-0.40506333384678456,0.743764804235753,0.0,0.0,-0.16101895464361135,1.0024958860323856,0.01566450193184373,0.019210799584631344,-0.10070488025122315,-0.031042431414358532,44372851.7,27.2012395049132,20.70475127687883,1.9693393263181989,9.654060589658815,3.0,22.81634844331444,1.0,1.0,12.642905178211164,-0.129999999999999,20663.0,True,True,24.258278145695364,Non Banking Financial Company (NBFC),Financial Services,37.0,103,"Uptrend (price > 50 > 150 > 200-day, 200-day rising); Within 15% of 52-week high; ROE >= 20%; RS rating >= 80",4
MASTEK,-0.05156342914192338,-0.17208571956401253,0.18849035337797515,-0.6100746105853394,0.682271000422119,0.0,0.0,0.8060281128508209,0.568685754767759,0.033931367779697214,0.03381331961943945,-0.05640880739600829,-0.022514087535827804,158256442.85000002,15.100775037106517,7.712911337050388,-25.397064063766408,0.5711953492076245,0.0,15.57986768935542,0.6899999999999995,1.0,13.502673796791445,0.26000000000000156,20655.0,True,True,25.850520340586566,Computers - Software & Consulting,Information Technology,94.0,103,"Uptrend (price > 50 > 150 > 200-day, 200-day rising); Within 15% of 52-week high; Quarterly profit growth >= 25%; Sales growth >= 20% or 2+ strong quarters; ROE >= 20%; RS rating >= 80",6
MAWANASUG,0.18386548476047845,0.6615926388731115,0.5753365643511041,1.5236583126447576,0.9017682926829268,0.0,1.0,0.47509721873093275,1.3152838131674647,0.03610006896811887,0.14491201224177508,0.1283938032570744,-0.06255280315352209,36848182.575,-9.554758249906914,3.7774948193643576,-0.3051400592230742,-1.0842192415941079,0.0,51.895241716276175,-2.1799999999999997,0.0,7.0476190476190474,-0.10000000000000009,20673.0,True,True,87.38599810785242,Sugar,Fast Moving Consumer Goods,12.0,103,Quarterly profit growth >= 25%; Sales growth >= 20% or 2+ strong quarters; ROE >= 20%; Net profit margin up vs a year ago,4
MAXESTATES,0.11939857839699947,0.15444855340439423,0.5968105912441704,0.5561857304930338,0.8654258578431374,1.0,1.0,1.4399415604292762,0.48475571973048837,0.02756701025345416,0.03135704874835321,0.1118742939465387,-0.029321404724836287,61820265.900000006,-30.053672041966205,0.8548669127647068,69.94632795803379,-0.22865235099496511,0.0,-11.70784112536194,-7.109999999999999,1.0,0.6614303431169904,0.509999999999998,20664.0,True,True,78.95648060548723,"Residential, Commercial Projects",Consumer Discretionary,61.0,103,Quarterly profit growth >= 25%; Sales growth >= 20% or 2+ strong quarters; 3-year profit growth >= 15%/yr; ROE >= 20%; RS rating >= 80; Net profit margin up vs a year ago,6
MAXHEALTH,-0.07360994747745682,-0.11438490297311743,0.053250052932458214,-0.7264809415305703,0.7386038137327113,0.0,0.0,-0.43711905739038415,6.5317371896895695,0.016574913844780697,0.044813695871097625,-0.12061464408034817,-0.061953836556524505,1914794751.0,4.8684778939826145,16.699793348688342,-2.4350692108087157,0.21459049189174748,0.0,8.547137794657234,-1.5399999999999991,1.0,13.417697962222016,0.01999999999999602,20644.0,True,True,16.952696310312202,Hospital,Healthcare,65.0,103,"Uptrend (price > 50 > 150 > 200-day, 200-day rising); Within 15% of 52-week high; Quarterly profit growth >= 25%; Sales growth >= 20% or 2+ strong quarters; 3-year profit growth >= 15%/yr; ROE >= 20%; RS rating >= 80; Net profit margin up vs a year ago",8
MAYURUNIQ,0.08748992613498333,0.430421982335623,0.3779542446587256,1.2677601409648023,0.8391951488423374,0.0,1.0,0.22408909017279527,1.550511107469856,0.023589884317084298,0.07727690892364314,0.014899143439256468,-0.020311041952465365,67804710.7,37.73263503178814,24.712803409301465,-5.488313328908092,2.2084905365927057,3.0,24.37941230018481,1.9699999999999989,1.0,16.946160635481025,0.5800000000000001,20670.0,True,True,70.99526963103122,Leather And Leather Products,Consumer Discretionary,,103,Within 15% of 52-week high; ROE >= 20%; RS rating >= 80,3
MAZDOCK,-0.08598913158777549,-0.1250530485217145,0.0924666607789455,-0.7579934778659378,0.7171382735433662,0.0,0.0,0.24283230794881838,0.972350808365742,0.01643867408130338,0.03167420814479649,-0.12048184701323839,-0.032875215465174044,1330986702.0,21.77544352301077,12.077666353086336,-85.43134650772356,0.3738677649088174,2.0,33.172580987276646,1.490000000000002,1.0,26.427473090722707,-0.08000000000000096,20664.0,True,True,13.299905392620625,Ship Building & Allied Services,Industrials,,103,"Uptrend (price > 50 > 150 > 200-day, 200-day rising); Within 15% of 52-week high; Quarterly profit growth >= 25%; RS rating >= 80",4
MBAPL,0.2621061970704647,0.9828725226327382,0.5240244475787497,2.67590528959634,0.9543271978964216,0.0,1.0,0.34945330798543944,1.4588879859525075,0.02707601896008203,0.030604628016919655,0.020095172221638258,-0.02356568436828604,133154504.29,16.80380942920452,1.6134150211135179,-283.19619057079547,0.3458864442201927,0.0,14.6753901806973,1.0300000000000002,1.0,27.27272727272727,0.22000000000000003,20679.0,True,True,93.38032166508987,Fertilizers,Commodities,68.0,103,Quarterly profit growth >= 25%; Sales growth >= 20% or 2+ strong quarters; 3-year profit growth >= 15%/yr,3
MCLOUD,-0.15397489399133946,-0.6654867256637168,0.25106382978723407,-1.0220880239015464,0.31328794755421085,0.0,0.0,0.5854691229885337,3.365094963306989,0.0229560067980384,0.04885177453027145,-0.08476848509848411,-0.018180984640307433,44694578.004999995,-14.646371836595605,9.953647231031958,-48.66170652066775,-0.5114934538051721,0.0,10.422825190860618,-3.790000000000001,1.0,16.593886462882097,-0.010000000000000009,20679.0,True,True,1.779564806054872,Computers - Software & Consulting,Information Technology,94.0,103,"Uptrend (price > 50 > 150 > 200-day, 200-day rising); Within 15% of 52-week high; Quarterly profit growth >= 25%; Sales growth >= 20% or 2+ strong quarters; 3-year profit growth >= 15%/yr; ROE >= 20%; RS rating >= 80; Net profit margin up vs a year ago",8
MCX,0.21660991770414784,1.0012625465564042,0.2976668031109291,2.7546285275546563,0.9507669328431091,1.0,1.0,0.4131794453385564,0.9472653785186032,0.02252205679794657,0.04032435490461084,0.06738109181154228,-0.021569633449781495,6373687381.2,103.47322938367323,88.09785375525846,-187.62022447956952,1.7860242549037744,10.0,129.72980324525528,4.450000000000003,1.0,46.76966292134831,0.23000000000000398,20669.0,True,True,90.38315988647115,Exchange and Data Platform,Financial Services,31.0,103,,0
MEDANTA,0.008606124499517146,0.09048241901977372,0.4167333066773291,0.002801732914691893,0.8424870466321244,0.0,0.0,0.19578410116572068,1.5724182028257705,0.019704754719345737,0.05294943820224729,-0.09278074418760363,-0.05256428897397197,328306544.1,-1.0613647862564357,26.503628109114906,-4.104896188013408,-0.0839684714488565,0.0,15.47320652269606,-3.3599999999999994,1.0,13.98283695103483,1.4400000000000013,20664.0,True,True,48.14191106906339,Hospital,Healthcare,65.0,103,"Uptrend (price > 50 > 150 > 200-day, 200-day rising); Within 15% of 52-week high; Quarterly profit growth >= 25%; ROE >= 20%; RS rating >= 80; Net profit margin up vs a year ago",6
MEDIASSIST,-0.1222566829374801,-0.34864122715651924,0.06949626865671621,-1.1004733118140373,0.5320997306923813,0.0,0.0,-0.6460020663807446,2.309801158906498,0.017661509844293388,0.03617054024934574,-0.0913811007268952,-0.04096809877595115,55301015.900000006,21.819899244332497,24.118387909319907,-129.84654704304333,0.28778498462829116,2.0,2.3429212150327228,-0.22000000000000064,1.0,10.607866507747318,-0.8299999999999983,20673.0,True,True,5.432355723746452,Insurance Distributors,Financial Services,,103,"Uptrend (price > 50 > 150 > 200-day, 200-day rising); Within 15% of 52-week high; Quarterly profit growth >= 25%; 3-year profit growth >= 15%/yr; ROE >= 20%; RS rating >= 80; Net profit margin up vs a year ago",7
MEDPLUS,-0.07324439735054497,-0.1604397000889567,-0.20979606482865854,-0.5747212211576175,0.6373018978673449,0.0,0.0,0.010498867113351523,0.9803045735435579,0.021735063097501256,0.023764474381291256,-0.03069286600662413,-0.006333551222989342,80028832.19999999,-21.735328201231486,21.843864050355542,-46.32648088304997,-1.1436479161877946,0.0,61.277540463474466,-0.9800000000000002,1.0,11.139240506329113,0.9799999999999969,20655.0,True,True,17.140018921475875,Pharmacy Retail,Consumer Discretionary,,103,"Uptrend (price > 50 > 150 > 200-day, 200-day rising); Within 15% of 52-week high; Quarterly profit growth >= 25%; ROE >= 20%; RS rating >= 80; Net profit margin up vs a year ago",6
METROPOLIS,0.024986538612947487,0.1752208875210961,0.4034380557202133,0.33108476112971774,0.9073967654543962,0.0,0.0,-0.18867516851529614,2.2062744728362365,0.01831926760441112,0.0341806939196152,-0.03682763981379655,-0.034514354936136686,132718676.275,25.77358485895578,16.619178366057085,-48.18714277812821,1.3375320382482883,3.0,14.690531129014062,0.9199999999999999,1.0,12.623925974884337,-0.0799999999999983,20662.0,True,True,53.94891201513719,Healthcare Service Provider,Healthcare,24.0,103,"Uptrend (price > 50 > 150 > 200-day, 200-day rising); 3-year profit growth >= 15%/yr; ROE >= 20%; RS rating >= 80",4
MFSL,-0.05120364328069483,-0.005564182194616962,0.04971998360879648,-0.4088586026262026,0.7191545574636724,0.0,0.0,-0.2000016319435523,2.722217713474842,0.02127573058388905,0.04463565474589948,-0.09884737215683381,-0.060109489422898094,862437726.7,35.63814627877804,16.751822113378555,135.63814627877804,0.40326767853938844,1.0,-34.70881328775993,0.10999999999999999,1.0,2.006815600151458,-0.21999999999999886,20663.0,True,True,26.03784295175024,Life Insurance,Financial Services,93.0,103,"Uptrend (price > 50 > 150 > 200-day, 200-day rising); Within 15% of 52-week high; Sales growth >= 20% or 2+ strong quarters; 3-year profit growth >= 15%/yr; ROE >= 20%; RS rating >= 80",6
MGL,-0.04413269310990224,-0.13840187444453422,0.11881655563132787,-0.5444878192563317,0.7786431031900554,0.0,0.0,0.8522234626780081,0.8457662878605552,0.012890300035134071,0.02831957989497358,-0.05018890261102138,-0.015798875934621863,174976704.7,-39.50720097475284,13.908238558624287,7.970438634743196,-2.4883523850749336,0.0,-9.781264922757693,-7.17,1.0,13.08338518979465,0.6000000000000014,20664.0,True,True,28.660359508041626,LPG/CNG/PNG/LNG Supplier,Energy,72.0,103,"Uptrend (price > 50 > 150 > 200-day, 200-day rising); Within 15% of 52-week high; Quarterly profit growth >= 25%; Sales growth >= 20% or 2+ strong quarters; 3-year profit growth >= 15%/yr; ROE >= 20%; RS rating >= 80; Net profit margin up vs a year ago",8
MIDHANI,0.07892987985071831,0.08567708333333335,0.42505554606050233,0.4453705259014396,0.9584369817578774,0.0,1.0,0.9722995743052537,1.0072780531209078,0.03166619058383998,0.13598475827578005,0.09609922856993847,-0.03624309963673722,302116239.35,26.98919850019843,40.46334310850441,-11.577752688208488,0.29423349495287887,2.0,-4.958309032097407,-0.7300000000000004,1.0,8.550913838120104,0.8100000000000005,20677.0,True,True,69.02838221381268,Aerospace & Defense,Industrials,20.0,103,3-year profit growth >= 15%/yr; ROE >= 20%; RS rating >= 80; Net profit margin up vs a year ago,4
MINDACORP,0.03356091558445492,0.23665324698057066,0.4090546469884324,0.4904950720541032,0.8577373211963589,0.0,0.0,0.38805531592003106,1.159890717601268,0.017800196413691897,0.0298773690078038,-0.06102885386015933,-0.018239225208401072,166724277.675,64.90227307419684,33.22293416457411,-69.43948084766717,1.6858434774022295,3.0,13.088499682907951,1.12,1.0,13.565744600227358,-0.4499999999999993,20665.0,True,True,56.57142857142857,Auto Components & Equipments,Consumer Discretionary,19.0,103,"Uptrend (price > 50 > 150 > 200-day, 200-day rising); 3-year profit growth >= 15%/yr; ROE >= 20%; RS rating >= 80",4
MMFL,0.17061859702427096,1.0793779361736595,0.5575779638393397,2.038233438394046,0.841848971582237,0.0,0.0,0.31064412803189917,1.1856797681742834,0.028138412902512924,0.04823529411764693,-0.05392999261635778,-0.03475003052339595,63800096.175,78.01348339882885,16.267109083367902,43.49692827902349,1.8051781448180455,2.0,-4.294802037541556,2.820000000000001,1.0,10.153846153846153,-0.3000000000000007,20655.0,True,True,85.23178807947019,Auto Components & Equipments,Consumer Discretionary,19.0,103,"Uptrend (price > 50 > 150 > 200-day, 200-day rising); Within 15% of 52-week high; 3-year profit growth >= 15%/yr; ROE >= 20%",4
MMP,0.3227582294786051,0.4168903202719627,0.8325927982967694,1.6056916742501408,0.9649598393574298,0.0,1.0,0.8173930017602726,1.2114575226225137,0.03182125691369245,0.10095261660274657,0.21216936822403487,-0.0208841380974344,33683224.875,15.342015046506763,26.89579923622476,1.140285311842181,2.0248437556029604,0.0,21.85878253863798,-0.5900000000000007,1.0,8.959537572254336,0.0,20675.0,True,True,95.44087038789026,Aluminium,Commodities,1.0,103,Quarterly profit growth >= 25%; ROE >= 20%; Net profit margin up vs a year ago,3
MMTC,-0.04461872879111639,-0.048694855747214216,0.12572254335260125,-0.2876223754180895,0.7276324186343331,0.0,0.0,0.7349948068094491,0.5830831382912369,0.015772835137346557,0.02984595635430054,-0.07790796224291074,-0.030250981304571562,65819533.515,135.47997959233854,-50.0,-164.52002040766146,1.2886285824719539,3.0,-17.356160528818588,12069.85,1.0,18.246110325318245,0.040000000000000036,20676.0,True,True,28.37937559129612,Trading & Distributors,Services,9.0,103,"Uptrend (price > 50 > 150 > 200-day, 200-day rising); Within 15% of 52-week high; 3-year profit growth >= 15%/yr; ROE >= 20%; RS rating >= 80",5
MOBIKWIK,0.04804680610390053,-0.2513648324889046,0.12083970363401164,-0.09564045616188528,0.8161105493764745,0.0,0.0,1.1917155184955481,18.264864379239725,0.034884201826618354,0.19996035482432228,0.2066408601464671,-0.0480295008043263,155311423.54000002,100.0,3.729363207547176,0.0,0.9746947867838174,3.0,,18.16,1.0,-11.50278293135436,-0.3100000000000005,20668.0,True,True,60.5988647114475,Financial Technology (Fintech),Financial Services,39.0,103,"Uptrend (price > 50 > 150 > 200-day, 200-day rising); Within 15% of 52-week high; 3-year profit growth >= 15%/yr; ROE >= 20%; RS rating >= 80",5
MOIL,-0.09883424435966126,-0.29266365688487583,-0.14502046384720324,-0.8210800395108542,0.5907631513954062,0.0,0.0,0.8136253180395032,0.4771373922558338,0.018464802183815902,0.024014155712841267,-0.07168587588688546,-0.016927683770932386,158501311.675,-7.391165538131839,4.480524549215503,84.32098671639329,-0.08057873862566879,0.0,-36.70448248175319,-2.4599999999999973,1.0,8.97575099529497,-1.2399999999999984,18670.0,True,True,9.55345316934721,Industrial Minerals,Commodities,82.0,103,"Uptrend (price > 50 > 150 > 200-day, 200-day rising); Within 15% of 52-week high; Quarterly profit growth >= 25%; Sales growth >= 20% or 2+ strong quarters; 3-year profit growth >= 15%/yr; ROE >= 20%; RS rating >= 80; Net profit margin up vs a year ago",8
MOL,0.016415578086548567,-0.1650797576357117,0.5024477080551846,-0.5188820771384998,0.705916813122437,0.0,0.0,0.6479261769521786,0.9226504870460652,0.03445455438044468,0.09885099398139707,0.007723932147146062,-0.04194421544998047,64564695.25,279.4957838703934,-11.536455786969125,339.0375250387508,2.052449488003014,1.0,-6.617478476633664,6.8100000000000005,1.0,1.878238341968912,-0.43000000000000005,20663.0,True,True,50.85808893093662,Pesticides & Agrochemicals,Commodities,101.0,103,"Uptrend (price > 50 > 150 > 200-day, 200-day rising); Within 15% of 52-week high; Sales growth >= 20% or 2+ strong quarters; 3-year profit growth >= 15%/yr; ROE >= 20%; RS rating >= 80",6
MOLDTKPAC,-0.006697660705564129,-0.04926275735543928,0.3383070301291249,-0.1992539405341599,0.8319018404907975,0.0,0.0,-0.4578724613045681,1.035202827530743,0.01914017051647694,0.0625048831939996,-0.0035258723190364494,-0.019761135379085613,34266311.1,-4.110452674395648,10.475007761564715,-15.570307001661888,-0.12778508179500292,0.0,25.875435393743217,-1.4800000000000004,1.0,14.00437636761488,-0.5300000000000011,19121.0,True,True,42.80321665089877,Packaging,Industrials,34.0,103,"Uptrend (price > 50 > 150 > 200-day, 200-day rising); Within 15% of 52-week high; Quarterly profit growth >= 25%; Sales growth >= 20% or 2+ strong quarters; ROE >= 20%; RS rating >= 80; Net profit margin up vs a year ago",7
MONARCH,0.021358929852370222,0.18086094766181482,0.43713251922207164,0.1990511011901858,0.8469099397960437,0.0,0.0,0.8749683134985312,0.8436135062585587,0.02007586961856062,0.017362124306973925,-0.08252606807914797,-0.032324502797893194,33809850.825,-0.14530192433718225,-7.236170647070839,-84.29121860742022,-0.006665002373691716,0.0,56.13588802261194,3.530000000000001,1.0,18.640576725025745,1.3,20675.0,True,True,53.01229895931883,Stockbroking & Allied,Financial Services,15.0,103,"Uptrend (price > 50 > 150 > 200-day, 200-day rising); Within 15% of 52-week high; Quarterly profit growth >= 25%; Sales growth >= 20% or 2+ strong quarters; ROE >= 20%; RS rating >= 80",6
MOREPENLAB,0.6172173303424279,1.403314917127072,2.1063210790796085,3.420739053109387,0.991118760757315,1.0,1.0,1.2159021280660876,1.5327465127591169,0.048400668813016925,0.08011673884390902,0.4486774126677764,-0.06325761085473683,2103382351.53,300.0,34.072523751293396,322.67794984604444,2.9705839940706076,1.0,35.01617539656061,7.200000000000001,1.0,7.698476343223737,-0.09999999999999964,20669.0,True,True,98.90633869441817,Pharmaceuticals,Healthcare,27.0,103,ROE >= 20%,1
MOSCHIP,-0.0451781687310854,-0.10919708029197084,0.2832422039295799,-0.3668374421291986,0.6853874154966199,0.0,0.0,0.29206480468733054,0.6871028327474971,0.02450762098282553,0.04468768829082137,-0.04711962143127768,-0.021632477793070773,254003229.74,-77.53520729968268,-14.293089460874697,-68.77978019122357,-2.044875106447849,0.0,59.71715257559724,-5.940000000000001,1.0,8.557457212713937,0.37,20658.0,True,True,28.098391674550612,Computers Hardware & Equipments,Information Technology,13.0,103,"Uptrend (price > 50 > 150 > 200-day, 200-day rising); Within 15% of 52-week high; Quarterly profit growth >= 25%; Sales growth >= 20% or 2+ strong quarters; ROE >= 20%; RS rating >= 80; Net profit margin up vs a year ago",7
MOTHERSON,0.11991420413593495,0.5332197614991483,0.5167119183597042,1.5073907233879207,0.9234143244647082,0.0,0.0,0.30231372812171603,1.4481366492815335,0.019152422053853972,0.029641775983854535,-0.012555358615207513,-0.01743377456365824,2094048318.0,59.550385793902464,16.654872236197527,6.7962226876271,1.01676524119919,2.0,41.171828285044775,0.8199999999999998,1.0,9.970960735986726,-0.07000000000000028,20644.0,True,True,79.14380321665091,Auto Components & Equipments,Consumer Discretionary,19.0,103,"Uptrend (price > 50 > 150 > 200-day, 200-day rising); ROE >= 20%; RS rating >= 80",3
MOTILALOFS,0.07996015721785352,0.11205050782322257,0.4786480765019343,0.46689770614581705,0.9854616716798835,0.0,1.0,0.5846361436330584,2.095620154223896,0.021531742180410325,0.06928098110968262,0.11560202163204081,-0.024289915061439103,757521926.0,9.52166331243427,25.16340705070825,67.71595795208385,0.22197265934376814,0.0,11.508683378959915,-5.310000000000002,1.0,14.52513966480447,0.5899999999999999,20657.0,True,True,69.21570482497634,Stockbroking & Allied,Financial Services,15.0,103,Quarterly profit growth >= 25%; 3-year profit growth >= 15%/yr; ROE >= 20%; RS rating >= 80; Net profit margin up vs a year ago,5
MPHASIS,-0.028301700516347457,-0.06486527399333941,0.11815014254038636,-0.4390060926600163,0.772436974789916,0.0,0.0,0.22518904725340033,2.269401354036041,0.0188989341769912,0.04446713702190852,-0.03373354761069791,-0.02586362729986494,952817087.5,10.903505621550114,17.45644328584941,-3.262824580839375,2.8442448503093147,0.0,5.855585986612488,-0.6600000000000001,1.0,17.339910647803425,-0.3499999999999943,20637.0,True,True,34.74834437086093,Computers - Software & Consulting,Information Technology,94.0,103,"Uptrend (price > 50 > 150 > 200-day, 200-day rising); Within 15% of 52-week high; Quarterly profit growth >= 25%; Sales growth >= 20% or 2+ strong quarters; 3-year profit growth >= 15%/yr; ROE >= 20%; RS rating >= 80; Net profit margin up vs a year ago",8
MPSLTD,0.12569385525342247,0.19416723627249932,0.5793406858313748,0.4912141355491685,0.9000335683115138,0.0,0.0,-0.0062338784823361025,0.5504741574571355,0.036162787231339505,0.04302462343969338,-0.011264329328779299,-0.017352629770024667,51725063.2,41.173903473479,20.37792570324244,31.31146451008542,2.396158389799557,1.0,15.502654871506373,3.3099999999999987,1.0,29.026845637583893,0.0900000000000003,20655.0,True,True,79.98675496688742,Printing & Publication,Consumer Discretionary,,103,"Uptrend (price > 50 > 150 > 200-day, 200-day rising); RS rating >= 80",2
MRF,-0.05190280248211081,-0.12141102022956007,0.03259751562623636,-0.7238540417551124,0.7584352078239609,0.0,0.0,-0.21542319434604124,1.0609296546908853,0.009204127635697616,0.0178745531361717,-0.04488016355888358,-0.00675268502403903,398514537.5,-1.2577831320746968,9.639065928052904,-36.692435812098246,-0.031780314955552065,0.0,25.93263053395203,-0.6500000000000004,1.0,11.566701630590256,-0.6900000000000013,20649.0,True,True,25.75685903500473,Tyres & Rubber Products,Consumer Discretionary,76.0,103,"Uptrend (price > 50 > 150 > 200-day, 200-day rising); Within 15% of 52-week high; Quarterly profit growth >= 25%; Sales growth >= 20% or 2+ strong quarters; ROE >= 20%; RS rating >= 80; Net profit margin up vs a year ago",7
MRPL,0.11746821440601679,0.38150561268545413,-0.033765235533106286,0.7200663112057183,0.8229475766567754,0.0,1.0,0.38353447506362726,2.570352011792337,0.029727563007231523,0.0664893617021276,0.02245994311864341,-0.019280080440862445,1078721131.105,100.0,120.40610201639414,168.40220041572314,0.8343096746475144,1.0,43.017431899173864,3.1,1.0,13.559202648446856,-1.19,20649.0,True,True,78.1135288552507,Refineries & Marketing,Energy,44.0,103,Within 15% of 52-week high; ROE >= 20%; RS rating >= 80,3
MSTCLTD,0.1249754932664639,0.5391376279598801,0.8270529029090461,0.9871909129731307,0.8873291925465838,0.0,1.0,0.8018085865887173,0.667405706956734,0.02801319134485925,0.07007627349496048,0.039167734736542004,-0.024748209379001847,156173507.25,37.51352544304356,21.709931551078366,47.57197172890988,1.0350682355432703,1.0,-0.5536606466105765,7.100000000000001,1.0,24.11504424778761,1.0700000000000003,20678.0,True,True,79.7057710501419,Trading & Distributors,Services,9.0,103,3-year profit growth >= 15%/yr; RS rating >= 80,2
MSUMI,-0.09431363458136886,-0.20960512273212384,-0.0010790396547072367,-0.9531449657906016,0.6215711886545997,0.0,0.0,-0.6115299273610972,1.5133619453866667,0.015126378046109645,0.016915703411333638,-0.11719963320453097,-0.027653265028431923,327273736.69,1.6294521072418133,36.61664053760381,0.09953374413109728,0.12505039891988312,0.0,9.046585069188406,-1.4700000000000006,1.0,28.921795465062473,-0.389999999999997,20679.0,True,True,10.677388836329234,Auto Components & Equipments,Consumer Discretionary,19.0,103,"Uptrend (price > 50 > 150 > 200-day, 200-day rising); Within 15% of 52-week high; Quarterly profit growth >= 25%; 3-year profit growth >= 15%/yr; RS rating >= 80; Net profit margin up vs a year ago",6
MUFIN,0.11442838347635874,0.5863746958637468,0.3700220132079246,1.5363063825620513,0.9552650176678444,0.0,1.0,0.31035964612517203,2.3104924124989457,0.013271061131124652,0.017612374607550274,0.007722117103617032,-0.00941776343509788,108818107.25999999,300.0,57.134096484055604,77.44976473055493,3.8975916362440133,3.0,53.50734742048542,11.81,1.0,4.869565217391305,1.8400000000000016,20676.0,True,True,77.8325449385052,Non Banking Financial Company (NBFC),Financial Services,37.0,103,ROE >= 20%; RS rating >= 80,2
MUNJALAU,0.028777731918889368,0.08985619148730817,0.563772330702119,0.034403752458421935,0.8065084226646249,0.0,0.0,1.2798182898816282,4.285388861951048,0.03415577586763378,0.05991735537190079,-0.03068708668692466,-0.024158695910551253,37605128.13,135.1513176652682,42.35876339049327,235.1513176652682,1.3881301183889592,1.0,50.22404292717313,1.6099999999999999,1.0,10.267857142857142,0.06,20675.0,True,True,54.791863765373705,Auto Components & Equipments,Consumer Discretionary,19.0,103,"Uptrend (price > 50 > 150 > 200-day, 200-day rising); Within 15% of 52-week high; ROE >= 20%; RS rating >= 80",4
MUTHOOTFIN,-0.04063743199254533,-0.031056517564480357,-0.07936957342393358,-0.29750594421953036,0.6473069044463189,0.0,0.0,-0.25477527669222466,1.1864717445317716,0.019874921314974047,0.025593819940798568,-0.07376946860023326,-0.02223741114141034,2106356725.5,43.09304295781211,34.44070119516971,-92.26690388305556,1.2675358583736305,8.0,43.34972692495944,1.9699999999999989,1.0,27.107078967544084,-0.38000000000000256,20666.0,True,True,29.971617786187323,Non Banking Financial Company (NBFC),Financial Services,37.0,103,"Uptrend (price > 50 > 150 > 200-day, 200-day rising); Within 15% of 52-week high; RS rating >= 80",3
MUTHOOTMF,0.0016587075128146247,0.28511087645195343,0.35346068297788813,0.22425919733419106,0.6726795296266698,0.0,0.0,-1.016200051793115,0.4528153967253718,0.022775035372062956,0.018390340019198703,-0.14266091356376787,-0.0315993737612621,53661397.86,300.0,19.694962586373556,200.0,0.2761595125558219,3.0,-0.8278371829523179,11.05,1.0,5.954465849387041,0.16999999999999815,20679.0,True,True,45.519394512771996,Microfinance Institutions,Financial Services,54.0,103,"Uptrend (price > 50 > 150 > 200-day, 200-day rising); Within 15% of 52-week high; 3-year profit growth >= 15%/yr; ROE >= 20%; RS rating >= 80",5
NACLIND,-0.10219629853334694,-0.17729339659944643,0.20484980094100602,-0.5918343937772046,0.5576734693877551,0.0,0.0,-0.4209942844083893,1.2645567585027788,0.02783143940820008,0.0486606800214906,-0.16653958067723607,-0.05111978904870207,69606625.89500001,59.82762992060564,-14.503970024087797,-91.92466469629585,0.18116142431718238,1.0,-14.789841626587375,2.5300000000000002,1.0,0.7320644216691069,-0.09999999999999987,20637.0,True,True,9.178807947019868,Pesticides & Agrochemicals,Commodities,101.0,103,"Uptrend (price > 50 > 150 > 200-day, 200-day rising); Within 15% of 52-week high; Sales growth >= 20% or 2+ strong quarters; 3-year profit growth >= 15%/yr; ROE >= 20%; RS rating >= 80",6
NAM-INDIA,0.041448326778491466,0.36102348405187534,0.403663091938788,0.6492250937703041,0.8456085072863332,0.0,0.0,-0.16454746397661837,0.8414942068398197,0.019437380422340077,0.03217158176943702,-0.07910042652190774,-0.03961380308287507,1063584418.3,27.15462046212538,26.418951220718423,-1.6801586830231372,1.7638322269489588,3.0,24.660623836302253,0.38000000000000966,1.0,32.818201330757674,0.4100000000000037,20656.0,True,True,58.81929990539262,Asset Management Company,Financial Services,73.0,103,"Uptrend (price > 50 > 150 > 200-day, 200-day rising); Within 15% of 52-week high; RS rating >= 80",3
NATCOPHARM,-0.025995447263500625,0.021382881510813245,-0.1841759525083938,0.009686521593148,0.671380828170851,0.0,0.0,-0.48636232889199865,1.639179346305965,0.01329525185604779,0.027667014293601744,-0.04847668470400135,-0.012778116249179225,315511293.45,-56.999174996209376,-44.676047859131614,-23.266169263203636,-1.4706134106549995,0.0,11.981172333792811,-8.05,1.0,15.377941654918123,-0.2100000000000044,20679.0,True,True,35.68495742667928,Pharmaceuticals,Healthcare,27.0,103,"Uptrend (price > 50 > 150 > 200-day, 200-day rising); Within 15% of 52-week high; Quarterly profit growth >= 25%; Sales growth >= 20% or 2+ strong quarters; 3-year profit growth >= 15%/yr; ROE >= 20%; RS rating >= 80; Net profit margin up vs a year ago",8
NATIONALUM,0.1338252098849804,0.8645926812244489,-0.06918865107018424,1.6010146739321796,0.7576097944513086,0.0,0.0,0.29360372650950195,1.1546942840094525,0.02340429649465622,0.03194207836456564,-0.08686246212746818,-0.024950648081628883,2027375120.8249998,90.86223451948557,39.2819429778247,107.53738932401514,1.6724073952586205,1.0,77.35313163374889,10.21,1.0,26.834235985742723,0.19000000000000483,20665.0,True,True,81.48533585619678,Aluminium,Commodities,1.0,103,"Uptrend (price > 50 > 150 > 200-day, 200-day rising); Within 15% of 52-week high",2
NAUKRI,0.013211320365740886,0.010484728764625473,0.3382974441537534,-0.18384765821925722,0.8740052116346221,0.0,0.0,0.15085534712931067,1.327099979148517,0.019772429048155155,0.036125319693094626,-0.036242261203975,-0.025687117461509038,1673837776.5,11.03571996735453,11.366107781402523,4.908147023734233,0.2049582254149254,0.0,99.4923901699127,-0.13000000000000256,1.0,4.649997362451865,0.14999999999999858,20668.0,True,True,49.64049195837275,Internet & Catalogue Retail,Consumer Discretionary,95.0,103,"Uptrend (price > 50 > 150 > 200-day, 200-day rising); Quarterly profit growth >= 25%; Sales growth >= 20% or 2+ strong quarters; ROE >= 20%; RS rating >= 80; Net profit margin up vs a year ago",6
NAVA,-0.039416587038839324,-0.1843665373636828,-0.005177646848776973,-0.43916287032965007,0.777657560183933,0.0,0.0,0.07429149001500931,1.9984843242427335,0.01634627305592464,0.03287228309682044,0.023820291940130467,-0.015106706603063593,136237152.45000002,-16.557481149833087,1.5571311241849628,38.402418257844424,-0.6018506072598524,0.0,-7.313085108835271,-5.969999999999999,1.0,11.881074899942824,-0.34999999999999787,20655.0,True,True,30.533585619678334,Power Generation,Utilities,84.0,103,"Uptrend (price > 50 > 150 > 200-day, 200-day rising); Within 15% of 52-week high; Quarterly profit growth >= 25%; Sales growth >= 20% or 2+ strong quarters; 3-year profit growth >= 15%/yr; ROE >= 20%; RS rating >= 80; Net profit margin up vs a year ago",8
NAVINFLUOR,0.16900611278858113,0.901731828916295,0.4763198098794772,2.373502532595426,0.9537963014693558,0.0,1.0,0.7711704272363236,0.7372095027118538,0.024906650102294495,0.045012165450121655,0.031292776721972615,-0.01837354553105528,1018654421.5,107.67414668623098,44.06947890818857,-5.286105845503684,2.601942234343043,7.0,29.962269331566294,7.130000000000003,1.0,16.708605938600908,0.7999999999999972,20651.0,True,True,85.13812677388836,Specialty Chemicals,Commodities,38.0,103,ROE >= 20%,1
NAZARA,0.12699893448672014,0.3064285714285715,0.5571258300698112,0.9037868095832082,0.9443891515302315,1.0,1.0,1.245997581930684,1.0445547339523213,0.019416338087604814,0.03246475865014964,0.05710983302928607,-0.030654376422306392,577392219.7249999,-100.0,-14.034524931331072,-400.0,-1.397553033762457,0.0,15.074290005029823,-26.53,0.0,2.361071120069105,2.3599999999999994,20668.0,True,True,80.26773888363293,Digital Entertainment,Consumer Discretionary,,103,Quarterly profit growth >= 25%; Sales growth >= 20% or 2+ strong quarters; ROE >= 20%; Net profit margin up vs a year ago,4
NBCC,-0.08191137998752196,-0.1776003042403499,0.04103983632206032,-0.7698480798828672,0.6122367898291617,0.0,0.0,-0.3910131850781156,1.5792508164317043,0.013599845662782951,0.025518925518925428,-0.11598951807947733,-0.032446295231483756,452064993.67499995,16.90491056643142,-5.506045107247848,16.733013098803106,1.247423988788924,0.0,20.83023983654162,1.3399999999999999,1.0,24.593967517401392,0.30999999999999694,20676.0,True,True,14.142857142857142,Civil Construction,Industrials,89.0,103,"Uptrend (price > 50 > 150 > 200-day, 200-day rising); Within 15% of 52-week high; Quarterly profit growth >= 25%; Sales growth >= 20% or 2+ strong quarters; RS rating >= 80",5
NCC,-0.10839345086785662,-0.27292479383734125,0.039023357561216665,-1.2149513062880684,0.5913463751438435,0.0,0.0,-0.06270918634874272,10.222716197622107,0.017416689536832727,0.016707416462917513,-0.08893244753578466,-0.02635301007662729,243667562.005,11.935271285117622,12.219370958430131,30.04173941584818,0.5334793265515388,0.0,3.2264683437418284,-0.010000000000000231,1.0,9.200660820942941,0.6600000000000001,20663.0,True,True,8.054872280037843,Civil Construction,Industrials,89.0,103,"Uptrend (price > 50 > 150 > 200-day, 200-day rising); Within 15% of 52-week high; Quarterly profit growth >= 25%; Sales growth >= 20% or 2+ strong quarters; 3-year profit growth >= 15%/yr; ROE >= 20%; RS rating >= 80; Net profit margin up vs a year ago",8
NELCO,0.053876045417772335,0.0873362445414847,0.6659232827832293,0.16347758593081813,0.8251339285714285,0.0,0.0,0.27221503661758695,0.5933860655824044,0.03290995311358029,0.048277648277648355,-0.03496937256040389,-0.04944215197917095,235557323.55,15.44246434969503,7.006284262601947,-84.55753565030497,0.06634856037589151,0.0,-34.07923228462475,0.18999999999999995,1.0,2.3255813953488373,0.6799999999999997,20650.0,True,True,62.37842951750236,Computers Hardware & Equipments,Information Technology,13.0,103,"Uptrend (price > 50 > 150 > 200-day, 200-day rising); Within 15% of 52-week high; Quarterly profit growth >= 25%; Sales growth >= 20% or 2+ strong quarters; 3-year profit growth >= 15%/yr; ROE >= 20%; RS rating >= 80",7
NEOGEN,0.1822920881091989,0.40672722485518675,0.7886675594241714,1.1932239288524893,0.9717966155938713,0.0,1.0,0.5596782288352131,0.7406342156968163,0.028006635585065217,0.05928520752039734,0.09108777300774973,-0.022647917224719784,356761235.04999995,66.9987261347804,34.03845123975795,43.29067485604838,1.1500046912330233,2.0,-9.878353632104886,1.3499999999999996,1.0,3.553921568627451,-3.3999999999999986,20658.0,True,True,86.91769157994324,Specialty Chemicals,Commodities,38.0,103,3-year profit growth >= 15%/yr; ROE >= 20%,2
NESCO,-0.06978180023078795,-0.23692667250949462,-0.021814436850482122,-0.7539051335931723,0.7289148158560584,0.0,0.0,0.08546756442062067,3.40977241942426,0.016290367480182883,0.03819702602230479,-0.01811716320973722,-0.022894514967303464,35797577.9,3.9747251273563045,9.547946622530269,-1.031854353454631,0.25987248036592847,0.0,10.00201924266284,-2.529999999999994,1.0,13.785046728971961,-0.029999999999997584,20638.0,True,True,19.66887417218543,Diversified Commercial Services,Services,63.0,103,"Uptrend (price > 50 > 150 > 200-day, 200-day rising); Within 15% of 52-week high; Quarterly profit growth >= 25%; Sales growth >= 20% or 2+ strong quarters; 3-year profit growth >= 15%/yr; ROE >= 20%; RS rating >= 80; Net profit margin up vs a year ago",8
NESTLEIND,0.017835550742416335,0.21795974539824536,0.1886174767061195,0.7282493651776705,0.863747585318738,0.0,0.0,-0.06500037211077099,0.9894798864047534,0.014397293240435417,0.034153110785598795,-0.06489544730817609,-0.021297842435312304,2219438479.2,48.92549142642832,25.156588490157294,18.676837007513722,2.2782421536582422,3.0,13.480194559520097,2.41,1.0,67.84952491758774,0.05000000000000071,20656.0,True,True,51.70104068117313,Packaged Foods,Fast Moving Consumer Goods,91.0,103,"Uptrend (price > 50 > 150 > 200-day, 200-day rising); 3-year profit growth >= 15%/yr; RS rating >= 80",3
NETWEB,0.08832769464024476,0.42609731016939967,0.6703645007923931,0.5229441372780748,0.8164803027696542,0.0,0.0,0.32110940224145773,1.0438919773039788,0.029521768332012067,0.05415569763068828,-0.029850166611000373,-0.01974120915546359,6779187973.05,179.9306597776321,172.1323993227317,114.39458580215886,4.123333429809027,6.0,77.73570211931214,0.2900000000000009,1.0,28.492392807745503,1.2100000000000009,20679.0,True,True,71.18259224219489,IT Enabled Services,Information Technology,51.0,103,"Uptrend (price > 50 > 150 > 200-day, 200-day rising); Within 15% of 52-week high; RS rating >= 80",3
NETWORK18,-0.152630162940965,-0.46691176470588236,-0.07951887738055463,-1.3268066900491944,0.4836745987825124,0.0,0.0,0.11686687519530332,0.6850444401494357,0.0215519274033967,0.030660377358490365,-0.06566700400530234,-0.021849950794894043,79773697.905,-40.32386699936169,10.344974992519118,-140.32386699936168,-0.24861840261687637,0.0,-46.12731586197791,-7.05,0.0,3.1516876779178524,-1.9699999999999998,20649.0,True,True,1.8732261116367077,Media & Entertainment,Consumer Discretionary,42.0,103,"Uptrend (price > 50 > 150 > 200-day, 200-day rising); Within 15% of 52-week high; Quarterly profit growth >= 25%; Sales growth >= 20% or 2+ strong quarters; 3-year profit growth >= 15%/yr; ROE >= 20%; RS rating >= 80; Net profit margin up vs a year ago",8
NEULANDLAB,0.14797984214516754,0.6389803809251038,0.8410681251508083,1.4836334841641705,0.9042311661506708,0.0,0.0,0.7139290140510638,1.2024294491609218,0.0230266630670192,0.049191080017490174,-0.013435828515735437,-0.024553097900495167,1083876384.0,300.0,119.15627668659266,0.0,1.60741118682074,2.0,32.20307218942571,18.27,1.0,19.413333333333334,1.2999999999999972,20644.0,True,True,82.89025543992432,Pharmaceuticals,Healthcare,27.0,103,"Uptrend (price > 50 > 150 > 200-day, 200-day rising); ROE >= 20%",2
NEWGEN,-0.1089348932902493,-0.4174544226873734,0.1755421823549448,-0.916138461123496,0.4382168050290321,0.0,0.0,0.5963625435593999,1.7595692874325775,0.030410008519947986,0.01704660076659259,-0.1193879302530555,-0.03627127342237562,305454505.175,26.293653768502836,11.233081768851738,22.666036958444003,1.3658686823056,1.0,22.28029385057797,2.0999999999999996,1.0,16.938660664040516,-1.3999999999999986,20640.0,True,True,7.867549668874172,Computers - Software & Consulting,Information Technology,94.0,103,"Uptrend (price > 50 > 150 > 200-day, 200-day rising); Within 15% of 52-week high; Sales growth >= 20% or 2+ strong quarters; ROE >= 20%; RS rating >= 80",5
NFL,-0.08685764597591195,-0.23778042700769475,0.013985005767012781,-0.9908361328710821,0.6603255340793489,0.0,0.0,0.45647460572099724,1.1479465042554322,0.009619088896421418,0.025758533501896164,-0.06674143087186557,-0.02005103486430456,31722208.060000002,100.0,27.339375298867918,87.27189129865987,1.80881469785518,1.0,19.849083556102975,3.64,1.0,7.426962337205209,-0.7700000000000005,20677.0,True,True,13.112582781456954,Fertilizers,Commodities,68.0,103,"Uptrend (price > 50 > 150 > 200-day, 200-day rising); Within 15% of 52-week high; ROE >= 20%; RS rating >= 80",4
NH,-0.019441221058112322,0.09113043478260874,0.1582769230769232,-0.0022849711685855607,0.8234844503893373,0.0,0.0,-0.44784313422978844,3.2879940799714205,0.016710994869300225,0.03205608476934607,-0.08364564229327809,-0.04023505230831363,430230564.5,5.650507289989393,78.0457383216013,-6.8148453591618585,0.39489188608474,0.0,8.239466314189947,-5.29,1.0,17.765042979942695,-0.6699999999999982,20659.0,True,True,38.58845789971618,Hospital,Healthcare,65.0,103,"Uptrend (price > 50 > 150 > 200-day, 200-day rising); Within 15% of 52-week high; Quarterly profit growth >= 25%; 3-year profit growth >= 15%/yr; ROE >= 20%; RS rating >= 80; Net profit margin up vs a year ago",7
NHPC,-0.040226182659375116,-0.08596365375418458,0.014867914509491653,-0.5453424817870068,0.8296640944167044,0.0,0.0,-0.3032976767625265,1.0615668158507265,0.010305668637731939,0.023271276595744572,-0.04264429737607811,-0.023887827906185558,641777023.34,4.124938351219876,18.499768185028785,-64.37032706678767,0.12324303297529124,0.0,-0.27338460119561425,-4.270000000000003,1.0,10.184134951854624,5.710000000000001,20669.0,True,True,30.346263008514665,Power Generation,Utilities,84.0,103,"Uptrend (price > 50 > 150 > 200-day, 200-day rising); Within 15% of 52-week high; Quarterly profit growth >= 25%; Sales growth >= 20% or 2+ strong quarters; 3-year profit growth >= 15%/yr; ROE >= 20%; RS rating >= 80; Net profit margin up vs a year ago",8
NIACL,-0.028298672873726005,0.03959763691521645,0.585084800779031,-0.29971491334833433,0.662489694971146,0.0,0.0,0.8942642760712151,0.599449288352153,0.03822564545298555,0.1770337377770952,-0.12362302703398309,-0.07744305963724048,354202450.21,-100.0,1.541768459963766,-162.8981856832121,-3.2135998615958474,0.0,-12.92347148540931,-5.4399999999999995,0.0,4.966527636605797,0.009999999999999787,20642.0,True,True,34.84200567644276,General Insurance,Financial Services,86.0,103,"Uptrend (price > 50 > 150 > 200-day, 200-day rising); Within 15% of 52-week high; Quarterly profit growth >= 25%; Sales growth >= 20% or 2+ strong quarters; 3-year profit growth >= 15%/yr; ROE >= 20%; RS rating >= 80; Net profit margin up vs a year ago",8
NIBE,-0.015782351933955177,-0.04126477627094072,0.44047943339689466,-0.19226234224621075,0.6714826839826841,0.0,0.0,-0.21048003228470225,0.811639112701672,0.02357071007427356,0.0653457653457652,-0.08647864720216125,-0.043445495047970045,59938653.3,-100.0,-23.624242424242425,-315.8350738763827,-0.9823405040522275,0.0,-80.04984683589245,-20.3,0.0,0.0,0.9100000000000001,20679.0,True,True,39.61873226111637,Aerospace & Defense,Industrials,20.0,103,"Uptrend (price > 50 > 150 > 200-day, 200-day rising); Within 15% of 52-week high; Quarterly profit growth >= 25%; Sales growth >= 20% or 2+ strong quarters; 3-year profit growth >= 15%/yr; ROE >= 20%; RS rating >= 80; Net profit margin up vs a year ago",8
NILKAMAL,0.12665803431024736,0.36217576461478895,0.7240506329113923,0.4719223633181856,0.8427541288671784,0.0,0.0,0.9191305846014648,0.27063517121409925,0.034532840198973624,0.023652578518805756,-0.05947307647576794,-0.02553391457306125,57944093.8,58.96747993510096,-7.180062051316893,37.19450661861276,1.0037221137886996,3.0,-0.6224876010598734,1.24,1.0,7.3557387444514895,-0.8300000000000001,20666.0,True,True,80.17407757805108,Plastic Products - Consumer,Consumer Discretionary,58.0,103,"Uptrend (price > 50 > 150 > 200-day, 200-day rising); Within 15% of 52-week high; 3-year profit growth >= 15%/yr; ROE >= 20%",4
NITCO,-0.08947750507872995,-0.14074074074074072,0.12713650199016624,-0.488617168810255,0.6980833333333333,0.0,0.0,-1.0345928378250813,1.477224117401941,0.02641584814571876,0.029179725494434372,-0.11046501749974524,-0.03471222696042593,45353371.64,-100.0,-22.773265876714145,0.0,-0.6200647509613487,0.0,-9.702690125998359,-40.49,0.0,7.9452054794520555,-0.20999999999999996,20677.0,True,True,12.1759697256386,Ceramics,Consumer Discretionary,57.0,103,"Uptrend (price > 50 > 150 > 200-day, 200-day rising); Within 15% of 52-week high; Quarterly profit growth >= 25%; Sales growth >= 20% or 2+ strong quarters; 3-year profit growth >= 15%/yr; ROE >= 20%; RS rating >= 80; Net profit margin up vs a year ago",8
NITINSPIN,0.1727176536816304,0.9398575973337373,0.6973753976670203,2.27146536873805,0.926145755071375,0.0,1.0,0.898036963420228,0.6334979026850588,0.02478389065102447,0.044067256355088125,0.031777784845831825,-0.020473522971587697,47450805.55,83.47965811877451,10.301143310937722,59.76507443744802,4.423967190638118,2.0,18.24937755800193,3.4299999999999997,1.0,12.100611828687967,1.2200000000000024,20679.0,True,True,85.41911069063387,Other Textile Products,Consumer Discretionary,23.0,103,ROE >= 20%,1
NIVABUPA,-0.027646099497119787,0.003231017770597866,0.11213665794186523,-0.20631709205521293,0.837636761487965,0.0,0.0,0.27931077395078413,6.8629341637394505,0.014958672500440745,0.039325842696628976,-0.0634862385321101,-0.0366743244871539,60723325.84,92.9301018891287,27.92856218454771,115.56673098553252,1.0166067531407734,1.0,,1.88,1.0,3.4601162176439515,1.1700000000000053,20679.0,True,True,35.216650898770105,General Insurance,Financial Services,86.0,103,"Uptrend (price > 50 > 150 > 200-day, 200-day rising); Within 15% of 52-week high; 3-year profit growth >= 15%/yr; ROE >= 20%; RS rating >= 80",5
NLCINDIA,-0.04450090110418821,-0.01656351733266548,-0.01328068916008629,-0.2414178789204724,0.6572975760701393,0.0,0.0,-0.26311821663036244,1.4231048212796642,0.016354383323253792,0.027217544546700667,-0.07199417493401294,-0.02154250062620674,409336914.0,-48.01868359637938,23.29406290761473,-264.3192654371071,-1.0306530213788696,0.0,38.05035821199267,-12.690000000000001,1.0,17.509872241579558,-0.020000000000003126,20672.0,True,True,28.473036896877954,Power Generation,Utilities,84.0,103,"Uptrend (price > 50 > 150 > 200-day, 200-day rising); Within 15% of 52-week high; Quarterly profit growth >= 25%; ROE >= 20%; RS rating >= 80; Net profit margin up vs a year ago",6
NMDC,-0.021542657682400584,0.12268302440325374,0.07825307377049184,-0.028613704969779667,0.7629500461585803,0.0,0.0,0.2164751986927102,1.2040090461338129,0.013722616934471304,0.02244389027431426,-0.1050910429695866,-0.03574456628264296,1254389026.44,0.42239065759628325,0.8367884182191032,-36.85661840627066,0.03523189497908522,0.0,14.614643292885532,-0.120000000000001,1.0,21.871880688156892,0.030000000000001137,20679.0,True,True,37.370860927152314,Industrial Minerals,Commodities,82.0,103,"Uptrend (price > 50 > 150 > 200-day, 200-day rising); Within 15% of 52-week high; Quarterly profit growth >= 25%; Sales growth >= 20% or 2+ strong quarters; 3-year profit growth >= 15%/yr; RS rating >= 80; Net profit margin up vs a year ago",7
NOCIL,-0.007405323501759289,-0.0291591320072333,0.040392418094834515,-0.06664829221229038,0.8135890151515153,1.0,0.0,0.6493204108434042,1.6982685067254502,0.027228604435102086,0.07455147186901234,-0.00825807106973997,-0.07044398461642883,102209848.80000001,60.992228355076584,19.867943608351666,79.15567014754517,0.7632877403036089,1.0,-15.897213431930602,1.7599999999999998,1.0,3.1584884376762554,-0.2099999999999973,20641.0,True,True,42.24124881740776,Specialty Chemicals,Commodities,38.0,103,"Uptrend (price > 50 > 150 > 200-day, 200-day rising); Within 15% of 52-week high; Sales growth >= 20% or 2+ strong quarters; 3-year profit growth >= 15%/yr; ROE >= 20%; RS rating >= 80",6
NORTHARC,0.03499066021148598,0.1612214555297169,0.38429376477004196,0.35493963491385094,0.892814371257485,0.0,1.0,0.5017263332000624,0.7634743806786818,0.02267639865543616,0.04950996958431908,0.012721851290863784,-0.03720264314388411,233663778.55,45.84259996055309,28.796062302826098,-199.86131486874942,0.865300575670038,3.0,,1.7100000000000009,1.0,10.369609856262834,-0.3500000000000014,20661.0,True,True,56.75875118259224,Non Banking Financial Company (NBFC),Financial Services,37.0,103,3-year profit growth >= 15%/yr; ROE >= 20%; RS rating >= 80,3
NPST,0.04559962439258872,-0.10134923125196105,0.5211791262780507,-0.06670987652897338,0.891885325558795,0.0,1.0,1.7713164271732647,1.0081023917338967,0.0303916113362698,0.11899969502897223,0.10493346320038799,-0.04378619132325075,77985799.1,53.622576556898174,67.99524092801903,-80.88321709762047,0.45034982595979867,3.0,57.602986647437234,-1.8300000000000018,1.0,9.297052154195011,-0.03999999999999915,20676.0,True,True,59.662251655629134,Financial Technology (Fintech),Financial Services,39.0,103,ROE >= 20%; RS rating >= 80; Net profit margin up vs a year ago,3
NRBBEARING,0.2321914167149825,0.6120443173695496,0.9234541577825159,2.201086176825374,0.9590105375959994,1.0,1.0,1.1897794801707808,0.9329701972694644,0.030817773853865176,0.11287590004235493,0.11702846919564402,-0.04747319093822786,185668679.25,9.383427698867997,19.184002580228988,14.16709242014256,0.462541558642771,0.0,15.137849380587355,-0.8699999999999992,1.0,15.176715176715177,8.020000000000003,20641.0,True,True,91.97540208136235,Auto Components & Equipments,Consumer Discretionary,19.0,103,Quarterly profit growth >= 25%; Sales growth >= 20% or 2+ strong quarters; ROE >= 20%; Net profit margin up vs a year ago,4
NSLNISP,-0.021128395262287738,0.012037449843959047,0.27851309490284426,-0.22502842098768897,0.7609302325581395,0.0,0.0,0.4906323489322725,0.9253388953225007,0.02513323776764104,0.03387438249823593,-0.05041396379035734,-0.021499904092463336,178684385.77,97.58382888238475,8.814282572907572,-2.4161711176152494,0.05356082924000277,3.0,,0.6199999999999999,1.0,0.4478518293608623,0.5599999999999987,20679.0,True,True,37.74550614947966,Iron & Steel,Commodities,60.0,103,"Uptrend (price > 50 > 150 > 200-day, 200-day rising); Within 15% of 52-week high; 3-year profit growth >= 15%/yr; ROE >= 20%; RS rating >= 80",5
NTPC,-0.026318865596398795,-0.020716188221367227,-0.0799388294174892,-0.25199679723331064,0.775699806949807,0.0,0.0,-0.09502297242558755,1.4215938284391247,0.010072553968097862,0.02126309108219604,-0.03818534343470614,-0.011875284483968263,2538795253.625,12.878538788080252,7.811878842478448,-21.48628689976002,0.8587561338762487,0.0,16.21680575230331,0.6099999999999994,1.0,13.5577036657873,0.07000000000000028,20658.0,True,True,35.59129612109744,Power Generation,Utilities,84.0,103,"Uptrend (price > 50 > 150 > 200-day, 200-day rising); Within 15% of 52-week high; Quarterly profit growth >= 25%; Sales growth >= 20% or 2+ strong quarters; ROE >= 20%; RS rating >= 80",6
NTPCGREEN,-0.024241379303845293,-0.10716441940028165,-0.08732771034766507,-0.3198554791317422,0.7513964151729887,0.0,0.0,0.019659013494682295,0.6258568743548779,0.014927165603382387,0.03755972885876213,-0.0073110719013852465,-0.03195067059602439,185605950.435,38.27210856316625,62.72327663515678,53.750053901831336,0.8088800083490145,1.0,,-4.869999999999997,1.0,2.7471658317954124,0.1999999999999993,20656.0,True,True,36.62157048249763,Power Generation,Utilities,84.0,103,"Uptrend (price > 50 > 150 > 200-day, 200-day rising); Within 15% of 52-week high; 3-year profit growth >= 15%/yr; ROE >= 20%; RS rating >= 80; Net profit margin up vs a year ago",6
NUVAMA,0.1140350908652875,0.5038430089942765,0.6096621739891477,1.366179113275571,0.890029041626331,0.0,1.0,0.4769036985799314,8.418683836493909,0.02203524650278905,0.07017750088162678,0.05626440386661247,-0.030683694372937186,475943478.9,15.857507360528999,22.58673673896583,10.574980578495019,0.9379299215941416,0.0,41.60999139153496,-1.2899999999999991,1.0,25.236593059936908,2.25,20664.0,True,True,77.5515610217597,Stockbroking & Allied,Financial Services,15.0,103,Quarterly profit growth >= 25%; RS rating >= 80; Net profit margin up vs a year ago,3
NUVOCO,-0.03641135527609085,-0.19480828768754455,0.15431888016387862,-0.6212719306091555,0.7422985108559735,0.0,0.0,0.1385966460742297,3.1484007303841333,0.026190184035866357,0.04155575273587675,-0.02070467272340082,-0.02679460323363298,90335229.5,19.70911811908298,8.911825112263738,17.009061804339165,0.2906324663295272,0.0,0.03754828469326732,0.45999999999999996,1.0,3.8535645472061653,-0.5199999999999996,20647.0,True,True,31.938505203405864,Cement & Cement Products,Commodities,102.0,103,"Uptrend (price > 50 > 150 > 200-day, 200-day rising); Within 15% of 52-week high; Quarterly profit growth >= 25%; Sales growth >= 20% or 2+ strong quarters; 3-year profit growth >= 15%/yr; ROE >= 20%; RS rating >= 80",7
NYKAA,0.10069328309183545,0.44913710866360246,0.3586470444751606,1.6382275484454567,0.9675296810184523,0.0,1.0,0.1545840339560951,3.547105637840668,0.016522295908067038,0.04492998922911218,0.014893304164903753,-0.01913972216857633,1400804753.5,225.01169487521048,29.098722006181134,-74.98830512478952,2.579857619179382,12.0,133.2476481909774,1.7300000000000002,1.0,14.186369958275383,0.060000000000002274,20668.0,True,True,74.74172185430463,E-Retail/ E-Commerce,Consumer Discretionary,36.0,103,ROE >= 20%; RS rating >= 80,2
OBEROIRLTY,0.012344360817477872,0.2055523863852442,0.2621939080230937,0.3968938378545374,0.8820301092593525,0.0,0.0,0.23926868833792359,1.2857393147922511,0.017049160892659558,0.025449531797552716,-0.03923041906840774,-0.03232961254143793,617422061.1500001,29.011690625645127,31.72902637841124,-33.3497293020736,0.5361059360349748,2.0,13.236457142717795,-0.8799999999999955,1.0,13.988394152438344,-0.060000000000002274,20651.0,True,True,49.359508041627244,"Residential, Commercial Projects",Consumer Discretionary,61.0,103,"Uptrend (price > 50 > 150 > 200-day, 200-day rising); 3-year profit growth >= 15%/yr; ROE >= 20%; RS rating >= 80; Net profit margin up vs a year ago",5
OFSS,0.057733765671808615,0.42677627715795663,0.737432963889882,0.6995425974915754,0.8358851674641148,0.0,0.0,0.4646722589712458,0.8863235511354608,0.02104648844195646,0.02375215146299481,-0.08893686702754566,-0.04823545079543112,2380635622.5,120.47720671906643,68.72907893316057,89.75774238816274,6.192213932750556,2.0,23.41820839367914,10.630000000000003,1.0,33.71662194966143,1.3300000000000018,20656.0,True,True,63.97067171239356,Software Products,Information Technology,62.0,103,"Uptrend (price > 50 > 150 > 200-day, 200-day rising); Within 15% of 52-week high; RS rating >= 80",3
OIL,0.03358521707119384,0.194393662400975,0.020514422576278335,0.2959760500567732,0.8434086629001883,0.0,0.0,0.3589203012532152,1.143885208545021,0.015770361656154277,0.01914893617021285,-0.04753296469587398,-0.03274753484370625,940433420.9000001,96.80144003406481,57.69776986275108,34.7864548993775,2.872902356169706,2.0,5.889968812842894,6.400000000000002,1.0,13.019189986034242,0.3099999999999987,20672.0,True,True,56.66508987701041,Oil Exploration & Production,Energy,28.0,103,"Uptrend (price > 50 > 150 > 200-day, 200-day rising); Within 15% of 52-week high; 3-year profit growth >= 15%/yr; ROE >= 20%; RS rating >= 80",5
OLECTRA,-0.08642777967640122,-0.1987641606591143,0.220272522301735,-0.6668226437344089,0.691473354231975,0.0,0.0,0.055217670650292275,1.663490683664623,0.017966977642252795,0.0482254354255669,-0.12953091432008068,-0.050422586982289096,317079963.05,2.3217287790641805,65.74794078682102,-174.94085736888152,0.043074505014460314,0.0,38.14638092070353,-2.87,1.0,14.65798045602606,0.7399999999999993,20678.0,True,True,13.20624408703879,Passenger Cars & Utility Vehicles,Consumer Discretionary,100.0,103,"Uptrend (price > 50 > 150 > 200-day, 200-day rising); Within 15% of 52-week high; Quarterly profit growth >= 25%; ROE >= 20%; RS rating >= 80; Net profit margin up vs a year ago",6
OMAXE,0.1054211632662534,0.5363910681955342,0.7403609515996719,0.531051141557665,0.7755057959536324,0.0,1.0,1.8195060947539003,0.12394612613480446,0.04642650731335339,0.07141173697855274,0.003665788890069299,-0.04699441262124833,91064962.65,100.0,43.90943877551021,200.0,2.8570871223105203,1.0,-25.050660879350673,66.13999999999999,1.0,77.35849056603774,-1.0099999999999998,20677.0,True,True,75.58467360454115,"Residential, Commercial Projects",Consumer Discretionary,61.0,103,Within 15% of 52-week high; 3-year profit growth >= 15%/yr; RS rating >= 80,3
ONEPOINT,0.2290010226128607,0.24561003420752558,0.19675723049956173,2.030537757424062,0.9709876543209878,1.0,1.0,1.8058880788828693,4.227823118060062,0.021611840793108867,0.08243670886075938,0.3127455660412004,-0.0961329893644221,61554342.815,72.73282709260714,129.41602666280247,55.22414617963585,6.064296088288045,1.0,67.26091391925395,-3.379999999999999,1.0,8.501118568232663,-0.9800000000000004,20677.0,True,True,91.50709555345317,Business Process Outsourcing (BPO)/ Knowledge Process Outsourcing (KPO),Services,17.0,103,ROE >= 20%; Net profit margin up vs a year ago,2
ONESOURCE,-0.034156127872124034,-0.11962230416806341,0.12189391242435033,-0.33534040082208244,0.7978181818181818,0.0,0.0,0.09139573089271157,2.1424183480372085,0.01835414150401209,0.03262208962967761,-0.020876659020519717,-0.02466042607620497,264917335.25,300.0,37.201698903046406,395.3381038852814,0.2958579428370663,1.0,,5.7299999999999995,1.0,-1.2690790601955069,4.450000000000003,20658.0,True,True,32.968779564806056,Pharmaceuticals,Healthcare,27.0,103,"Uptrend (price > 50 > 150 > 200-day, 200-day rising); Within 15% of 52-week high; 3-year profit growth >= 15%/yr; ROE >= 20%; RS rating >= 80",5
ONGC,-0.020735836911607936,-0.008486681791446182,-0.17827298050139273,-0.24267324550628672,0.7291056910569106,0.0,0.0,-0.16216513061510066,1.6735394061302815,0.010741749379733479,0.014838709677419404,-0.048544595758766684,-0.02407669313636998,2598888742.8,-43.631415396826135,25.67712730707632,-98.56291771612642,-1.086494480595872,0.0,-2.7496146295257873,-3.9099999999999997,1.0,13.393568031675668,0.05000000000000071,20669.0,True,True,38.026490066225165,Oil Exploration & Production,Energy,28.0,103,"Uptrend (price > 50 > 150 > 200-day, 200-day rising); Within 15% of 52-week high; Quarterly profit growth >= 25%; 3-year profit growth >= 15%/yr; ROE >= 20%; RS rating >= 80; Net profit margin up vs a year ago",7
OPTIEMUS,0.29497414218985685,-0.13973499847700277,0.8171143638410809,0.6160941150673046,0.9621580711428263,1.0,1.0,1.6135101636733695,11.037585328707394,0.047300860264569033,0.19999999999999996,0.42917482378221417,-0.11541781505727837,111928663.17500001,45.74108931556893,102.82301596416676,45.778599888511096,1.7583801629601696,1.0,16.20693259900743,-0.94,1.0,8.494208494208493,1.4899999999999993,20669.0,True,True,94.5042573320719,Telecom -  Equipment & Accessories,Telecommunication,26.0,103,ROE >= 20%; Net profit margin up vs a year ago,2
ORCHPHARMA,0.1362986159426581,0.2955159747730265,0.784364261168385,0.8967503848012988,0.8802361171840839,1.0,1.0,0.08366715505023799,1.4873826786384086,0.029905908709788348,0.09305850257653825,0.0029634028713321214,-0.0531659715027716,62225252.95,100.0,15.570500398951337,83.05606095095413,0.44453298267276187,1.0,-22.13692951593694,3.22,1.0,0.6583278472679395,0.4400000000000013,20679.0,True,True,81.76631977294228,Pharmaceuticals,Healthcare,27.0,103,Sales growth >= 20% or 2+ strong quarters; 3-year profit growth >= 15%/yr; ROE >= 20%,3
ORIENTCEM,-0.1494955172821774,-0.42900315541531486,-0.02740348221044664,-1.5896029297284557,0.5102706515031297,0.0,0.0,-0.08650570455803036,1.9451853168658297,0.01269784933153497,0.020149070357932564,-0.10169975540407983,-0.02781596954095993,36914595.355,-62.43088424263179,-30.254041570438794,-93.92327494338309,-1.9520285685237513,0.0,20.193852145183055,-10.920000000000002,1.0,15.7502329916123,-0.3799999999999999,20679.0,True,True,2.3415326395458846,Cement & Cement Products,Commodities,102.0,103,"Uptrend (price > 50 > 150 > 200-day, 200-day rising); Within 15% of 52-week high; Quarterly profit growth >= 25%; Sales growth >= 20% or 2+ strong quarters; ROE >= 20%; RS rating >= 80; Net profit margin up vs a year ago",7
ORIENTHOT,0.0542112201127088,0.0743964277605389,0.5819032761310454,0.1847575178794006,0.9651209677419355,0.0,1.0,1.1142996832817356,0.5279255442048916,0.03312427063461752,0.021673604133773505,0.05008006668567799,-0.013977858548420902,59835242.705,-20.14615667657934,3.557826288899202,-87.06953212972552,-0.19829657655518307,0.0,9.095262787896097,-1.4100000000000001,1.0,8.923884514435695,-0.009999999999999787,20642.0,True,True,62.659413434247874,Hotels & Resorts,Consumer Discretionary,66.0,103,Quarterly profit growth >= 25%; Sales growth >= 20% or 2+ strong quarters; 3-year profit growth >= 15%/yr; ROE >= 20%; RS rating >= 80; Net profit margin up vs a year ago,6
ORIENTTECH,-0.07362516720723554,-0.24194316558183837,-0.060261355585294774,-0.45678849214705275,0.48496989694255777,0.0,0.0,1.3311807457582212,0.3103064474163458,0.023646656167825048,0.06067301155676397,-0.07817229279544924,-0.021634577575280728,33588306.28,-48.47763821820199,-5.0056454648099376,51.52236178179801,-0.7659459738642628,0.0,,-2.1599999999999997,1.0,0.8955223880597015,0.03,20677.0,True,True,16.85903500473037,IT Enabled Services,Information Technology,51.0,103,"Uptrend (price > 50 > 150 > 200-day, 200-day rising); Within 15% of 52-week high; Quarterly profit growth >= 25%; Sales growth >= 20% or 2+ strong quarters; 3-year profit growth >= 15%/yr; ROE >= 20%; RS rating >= 80; Net profit margin up vs a year ago",8
ORISSAMINE,-0.053660878726795376,-0.10936040356230925,0.2722932297381455,-0.5749385665614449,0.5878903386600206,0.0,0.0,1.349150303000184,0.3896352936145647,0.02270137379904937,0.024643688603713576,-0.137128025431412,-0.034541941071328644,39117096.05,100.0,47.90913784202373,-197.33386290100202,0.3002477476003928,3.0,-19.28441827670151,26.439999999999998,1.0,5.514705882352941,-0.23000000000000043,20679.0,True,True,24.913907284768214,Industrial Minerals,Commodities,82.0,103,"Uptrend (price > 50 > 150 > 200-day, 200-day rising); Within 15% of 52-week high; 3-year profit growth >= 15%/yr; ROE >= 20%; RS rating >= 80",5
ORKLAINDIA,,,-0.025420220253374204,,0.7171052631578947,0.0,0.0,-0.3421072807578242,1.8649468839133028,0.015412029456364077,0.030090791180285237,-0.04013807921942969,-0.03487850906716595,42540073.05,9.733919217874565,10.402010050251253,-24.22238793333984,,0.0,,-0.08000000000000007,1.0,10.4,-0.16000000000000014,20662.0,True,True,,Other Food Products,Fast Moving Consumer Goods,,103,"Uptrend (price > 50 > 150 > 200-day, 200-day rising); Within 15% of 52-week high; Quarterly profit growth >= 25%; Sales growth >= 20% or 2+ strong quarters; 3-year profit growth >= 15%/yr; ROE >= 20%; RS rating >= 80; Net profit margin up vs a year ago",8
OSWALPUMPS,-0.21429823209152418,-0.6142009384487994,-0.1017030848329048,-1.4051695583321118,0.33518987341772155,0.0,0.0,-0.15583032988571607,0.5638687615234355,0.022855870785457623,0.038925438596491224,-0.10174257869081016,-0.02333001720119468,114395657.625,-42.82439799306199,-7.858741122677316,-86.76616779516618,-4.635872254406003,0.0,,-6.990000000000002,1.0,22.341057635175282,-1.88,20673.0,True,True,0.09366130558183539,"Compressors, Pumps & Diesel Engines",Industrials,56.0,103,"Uptrend (price > 50 > 150 > 200-day, 200-day rising); Within 15% of 52-week high; Quarterly profit growth >= 25%; Sales growth >= 20% or 2+ strong quarters; 3-year profit growth >= 15%/yr; RS rating >= 80; Net profit margin up vs a year ago",7
PACEDIGITK,,,0.07508731082654241,,0.7168786376374219,0.0,0.0,0.9551297956771927,12.77723723990876,0.02259067415399696,0.08317189719746865,-0.04641856421420121,-0.03624750761534372,101346587.11,14.229986989650945,51.291271657404394,-73.95158162648839,0.22629860481281466,0.0,,-3.6500000000000004,1.0,13.910285455369278,-0.21000000000000085,20670.0,True,True,,Telecom - Infrastructure,Telecommunication,,103,"Uptrend (price > 50 > 150 > 200-day, 200-day rising); Within 15% of 52-week high; Quarterly profit growth >= 25%; 3-year profit growth >= 15%/yr; ROE >= 20%; RS rating >= 80; Net profit margin up vs a year ago",7
PAGEIND,-0.026945776166492193,-0.1303346265761397,0.05656208572691113,-0.32551816643307485,0.8658077756242162,0.0,0.0,-0.20536982996907666,3.068597493793245,0.015582952616413572,0.03940605368360939,0.0231412619370972,-0.030495468577064463,763165365.0,-3.9946801251547814,7.891019019262324,-12.951835559694812,-0.3612210815299334,0.0,14.371291756288018,-1.6799999999999997,1.0,50.86551264980027,0.3400000000000034,20679.0,True,True,35.40397350993378,Garments & Apparels,Consumer Discretionary,22.0,103,"Uptrend (price > 50 > 150 > 200-day, 200-day rising); Quarterly profit growth >= 25%; Sales growth >= 20% or 2+ strong quarters; 3-year profit growth >= 15%/yr; RS rating >= 80; Net profit margin up vs a year ago",6
PAISALO,0.2556601334294359,0.8548429664819213,0.9653243847874722,2.697803745381047,0.8758431703204047,0.0,1.0,0.401245214367546,1.1345754623484607,0.026407790013443243,0.07165991902834001,0.1023296164529659,-0.0657934209335914,775327431.22,29.93603471716093,19.011476384253136,-28.06465234834632,1.7418552321276959,2.0,30.266193288810108,1.9800000000000004,1.0,13.218070273284996,-10.77,20670.0,True,True,93.00567644276254,Non Banking Financial Company (NBFC),Financial Services,37.0,103,ROE >= 20%,1
PANACEABIO,-0.03882082568288438,-0.038551834919065775,0.2029993815708102,-0.18627794153798022,0.5613601236476043,0.0,0.0,-0.7207235853296137,0.5412723072304507,0.02599164923716413,0.03697359029264802,-0.07792451776366238,-0.023583332540710454,39363248.625,100.0,19.71805638872226,133.72917213860896,0.32351904411684024,2.0,16.16884902444806,3.12,1.0,-0.8383233532934131,1.0000000000000004,20678.0,True,True,30.720908230842007,Pharmaceuticals,Healthcare,27.0,103,"Uptrend (price > 50 > 150 > 200-day, 200-day rising); Within 15% of 52-week high; ROE >= 20%; RS rating >= 80",4
PANAMAPET,0.18120256602855486,0.7364271635907542,0.8087647915189071,1.59689618376996,0.8407271514342896,0.0,1.0,-0.11670732176808825,1.0022825600987506,0.03382805242206313,0.04541683948569064,0.05034400276702411,-0.027637681687502243,101932826.55000001,300.0,150.3029341334641,239.48181001324767,20.51200595189808,2.0,30.730550170378045,11.65,1.0,14.431586113002043,0.4400000000000013,20663.0,True,True,86.73036896877956,Lubricants,Energy,5.0,103,Within 15% of 52-week high; ROE >= 20%,2
PARACABLES,0.10262227538360871,0.44235082996859587,0.9754224270353304,0.5109748595568306,0.7690885072655218,0.0,0.0,0.03509150400478125,0.9574786435129939,0.025037844037011873,0.05243103185490017,-0.07615750070613181,-0.039280243830714136,83203766.61,6.475806556256747,17.352367441035632,-2.9313494064591383,0.14506592613797517,0.0,3.307243677728011,-0.37999999999999945,1.0,7.712082262210797,3.9600000000000004,20679.0,True,True,75.2100283822138,Cables - Electricals,Industrials,3.0,103,"Uptrend (price > 50 > 150 > 200-day, 200-day rising); Within 15% of 52-week high; Quarterly profit growth >= 25%; Sales growth >= 20% or 2+ strong quarters; 3-year profit growth >= 15%/yr; ROE >= 20%; RS rating >= 80; Net profit margin up vs a year ago",8
PARADEEP,0.012521646599734142,-0.15850918059742392,0.3307618965068908,-0.354476243194825,0.7760780236645378,0.0,0.0,1.3221939817029569,0.25758624273154435,0.02526104253021152,0.047466630345954774,0.02734429272103367,-0.016901068098304422,408087805.365,18.772470471441437,35.98867547463085,29.300378535451664,0.5807532274333064,0.0,107.81097066930876,-0.8900000000000006,1.0,14.683768244139761,-0.6799999999999997,20662.0,True,True,49.453169347209084,Fertilizers,Commodities,68.0,103,"Uptrend (price > 50 > 150 > 200-day, 200-day rising); Within 15% of 52-week high; Quarterly profit growth >= 25%; ROE >= 20%; RS rating >= 80; Net profit margin up vs a year ago",6
PARAGMILK,0.12020013974912695,-0.05736641079838334,0.31369509043927635,0.2990804618375656,0.8189415041782729,0.0,0.0,0.8728392600430587,4.554154231868716,0.0322896794896898,0.09857651245551602,0.26399836216603534,-0.04093878914647812,242316152.475,-20.228050434720068,10.927517850432178,-43.40703410407587,-0.8196192894358826,0.0,27.851022577631813,-0.9100000000000001,1.0,10.722795869737887,-0.7599999999999998,20671.0,True,True,79.23746452223274,Dairy Products,Fast Moving Consumer Goods,8.0,103,"Uptrend (price > 50 > 150 > 200-day, 200-day rising); Within 15% of 52-week high; Quarterly profit growth >= 25%; Sales growth >= 20% or 2+ strong quarters; ROE >= 20%; RS rating >= 80; Net profit margin up vs a year ago",7
PARAS,0.19892784939593566,1.0315198618307426,1.2209110219494925,1.763526006005051,0.8348895899053628,0.0,0.0,0.2841770502964691,0.5842043363058339,0.02703321317867084,0.05265389780196483,-0.03181199607837404,-0.02964320490241585,1156659542.1999998,45.325896700510505,37.25721643953215,-30.553556748193593,1.3112385548592251,4.0,38.91432681798326,0.9000000000000004,1.0,12.275862068965518,5.0299999999999985,20672.0,True,True,88.88457899716178,Aerospace & Defense,Industrials,20.0,103,"Uptrend (price > 50 > 150 > 200-day, 200-day rising); Within 15% of 52-week high; ROE >= 20%",3
PATANJALI,-0.1157124874972896,-0.4178268251273345,-0.2656601349180855,-1.3299842712603802,0.5911570718996825,0.0,0.0,0.42002146670122475,1.5103681055240301,0.028061067596590668,0.07956403269754775,0.014609822429305863,-0.06341205748306546,916244158.6500001,85.83902695255354,29.333917406169043,-7.340008972564036,1.0468850913484444,4.0,-7.246982917678546,0.8999999999999999,1.0,13.850500114530046,-1.6799999999999997,20679.0,True,True,6.462630085146642,Edible Oil,Fast Moving Consumer Goods,83.0,103,"Uptrend (price > 50 > 150 > 200-day, 200-day rising); Within 15% of 52-week high; 3-year profit growth >= 15%/yr; ROE >= 20%; RS rating >= 80",5
PATELENG,-0.0859804194302175,-0.24819744869661686,0.11152111521115216,-0.671673890115181,0.6918356456776948,0.0,0.0,0.20322967393376806,0.6356674122185648,0.01886985369427712,0.042718446601941906,-0.05882950767309836,-0.027560924096105877,65502467.865,21.71999468079322,3.833961652276141,29.08703413860745,0.5536227881509854,1.0,32.96557417182739,1.1300000000000008,1.0,6.058558558558558,-0.9900000000000002,20675.0,True,True,13.393566698202461,Civil Construction,Industrials,89.0,103,"Uptrend (price > 50 > 150 > 200-day, 200-day rising); Within 15% of 52-week high; Quarterly profit growth >= 25%; Sales growth >= 20% or 2+ strong quarters; ROE >= 20%; RS rating >= 80",6
PAYTM,0.17705894498178637,0.4548524706718804,0.6272365805168987,1.2818835181916692,0.9129614659121531,0.0,1.0,0.7552581352782477,0.8476610167793439,0.026707507995717843,0.04929098128190579,0.046074195930808415,-0.038780525431212035,5230614434.5,57.612668874399844,27.632950990615225,-42.387331125600156,0.1737547391927795,5.0,,1.71,1.0,3.4444028453762634,0.4800000000000182,20654.0,True,True,86.07473982970671,Financial Technology (Fintech),Financial Services,39.0,103,3-year profit growth >= 15%/yr; ROE >= 20%,2
PCBL,-0.006810483296727017,-0.16211171843754169,0.21364847642219909,-0.2705963669363811,0.831725888324873,0.0,1.0,0.4236004468552585,0.44782756850293143,0.030315567130713338,0.03878902554399222,0.005702150121838168,-0.031829048412900116,300490117.975,64.58420588417404,16.9967597738937,121.28333977224057,1.7577999049477842,1.0,-14.628668579076653,1.8099999999999996,1.0,4.942586120818772,0.5,20663.0,True,True,42.709555345316936,Carbon Black,Commodities,,103,Within 15% of 52-week high; Sales growth >= 20% or 2+ strong quarters; 3-year profit growth >= 15%/yr; ROE >= 20%; RS rating >= 80,5
PDSL,0.021256931698642265,0.09177849760913159,0.24110117482027005,0.17170846262871997,0.8301075268817204,0.0,0.0,0.18085968449150408,4.223471638425114,0.019806371307170986,0.02613990791623344,-0.029172337280173544,-0.023768310110924493,31571774.1,42.230861150568664,14.812863820338595,45.260191021532144,0.4694056556190866,1.0,-15.208561180282354,0.15999999999999992,1.0,10.096426545660805,-0.13000000000000078,20645.0,True,True,52.918637653736994,Trading - Textile Products,Consumer Discretionary,,103,"Uptrend (price > 50 > 150 > 200-day, 200-day rising); Within 15% of 52-week high; Sales growth >= 20% or 2+ strong quarters; 3-year profit growth >= 15%/yr; ROE >= 20%; RS rating >= 80",6
PENIND,-0.036833116009843875,-0.2905365190034861,0.14591773673006925,-0.5307293111485828,0.6354055019649876,0.0,0.0,0.12004035388879818,2.3694512144634845,0.020930901532738293,0.05265878029171933,0.059467174686687274,-0.034122105912124424,67623756.24,10.823164351136283,2.926673525133916,-4.230976308100942,3.1791175231483417,0.0,19.640124176750206,0.2900000000000005,1.0,11.951848667239897,0.5500000000000007,20677.0,True,True,31.84484389782403,Industrial Products,Industrials,11.0,103,"Uptrend (price > 50 > 150 > 200-day, 200-day rising); Within 15% of 52-week high; Quarterly profit growth >= 25%; Sales growth >= 20% or 2+ strong quarters; ROE >= 20%; RS rating >= 80",6
PERSISTENT,0.057844585353082886,0.14259745505958388,0.08212024408439667,0.3337822198010567,0.8366419154417336,0.0,0.0,0.46401978239817504,1.4563845048421846,0.017918155013691543,0.030370784423327635,0.002656558619722915,-0.01943622170492607,2242575990.0,13.697769742318089,29.086960304056575,-20.010609284696024,1.8308082394509941,0.0,27.496963903458614,-1.5199999999999996,1.0,23.7943352896147,-1.5399999999999991,20647.0,True,True,64.15799432355723,Computers - Software & Consulting,Information Technology,94.0,103,"Uptrend (price > 50 > 150 > 200-day, 200-day rising); Within 15% of 52-week high; Quarterly profit growth >= 25%; RS rating >= 80; Net profit margin up vs a year ago",5
PETRONET,0.036882124563007365,0.08467590857999263,0.13667595900899143,0.3856576296583106,0.9114583333333334,0.0,0.0,0.8147920096613306,2.7503611205917298,0.013503918945391545,0.03228082554242384,0.040628224635780086,-0.014424279149206675,435214017.3,35.006323784115125,-53.21628369357888,9.786777274868033,1.19147300944232,2.0,7.149430678133828,13.370000000000001,1.0,17.558896118465338,-0.11999999999999744,20677.0,True,True,57.508041627246925,LPG/CNG/PNG/LNG Supplier,Energy,72.0,103,"Uptrend (price > 50 > 150 > 200-day, 200-day rising); 3-year profit growth >= 15%/yr; ROE >= 20%; RS rating >= 80",4
PFC,-0.07610151837319264,-0.13038006544173175,-0.14108141702921073,-0.6618998034089792,0.6631038026721481,0.0,0.0,-0.44795144716696206,1.5644630774865043,0.016763135788087892,0.029232995658466043,-0.11837689524371708,-0.03271651234191056,2798310319.0,0.17966075272066728,-0.04267838021181358,-2.68798788899991,0.02995341118810279,0.0,14.229065052190371,0.07000000000000028,1.0,25.308405024800358,0.3500000000000014,20672.0,True,True,16.01608325449385,Financial Institution,Financial Services,85.0,103,"Uptrend (price > 50 > 150 > 200-day, 200-day rising); Within 15% of 52-week high; Quarterly profit growth >= 25%; Sales growth >= 20% or 2+ strong quarters; 3-year profit growth >= 15%/yr; RS rating >= 80",6
PFIZER,-0.07654185296942596,-0.05826404380450212,-0.0498045875877311,-0.927652233450921,0.6905440530608586,0.0,0.0,-0.3438407576921058,3.2351167047409746,0.013859881926769974,0.008320007995202827,-0.14469681831301762,-0.019584699306931543,133252039.75,6.608080830203278,8.311085316308775,9.249058559961998,0.5399767194848741,0.0,11.389124299434084,-0.5,1.0,17.178206043302403,-0.25,20679.0,True,True,15.735099337748345,Pharmaceuticals,Healthcare,27.0,103,"Uptrend (price > 50 > 150 > 200-day, 200-day rising); Within 15% of 52-week high; Quarterly profit growth >= 25%; Sales growth >= 20% or 2+ strong quarters; 3-year profit growth >= 15%/yr; ROE >= 20%; RS rating >= 80; Net profit margin up vs a year ago",8
PFOCUS,0.1771454669566807,0.5901532086581973,-0.11941425120772953,1.1074957448780813,0.7975476839237057,0.0,0.0,0.24136484510500544,2.216808627052594,0.032434513514620816,0.052631578947368585,-0.029642482762644584,-0.06988652824253387,314633406.425,-94.15319519783675,23.814689928163023,-92.85189414558138,-0.6681895035577621,0.0,7.595064468366974,-10.290000000000001,1.0,14.408808042125418,-0.34999999999999964,20671.0,True,True,86.16840113528855,Media & Entertainment,Consumer Discretionary,42.0,103,"Uptrend (price > 50 > 150 > 200-day, 200-day rising); Within 15% of 52-week high; Quarterly profit growth >= 25%; 3-year profit growth >= 15%/yr; ROE >= 20%; Net profit margin up vs a year ago",6
PGEL,-0.00045360095704747097,0.07626542310307971,0.2188359555506656,0.05823328128763994,0.8188237119801366,0.0,0.0,0.24155521158337942,3.899259490603048,0.021304449340036797,0.08191511174902599,-0.0709978432149303,-0.03226618185297176,605115798.5,13.974880204478923,35.25019117598165,69.26885876559692,0.19748744828211667,0.0,29.46018848522791,-0.7000000000000002,1.0,6.461134798294522,-0.4099999999999966,20671.0,True,True,44.863765373699145,Consumer Electronics,Consumer Discretionary,80.0,103,"Uptrend (price > 50 > 150 > 200-day, 200-day rising); Within 15% of 52-week high; Quarterly profit growth >= 25%; ROE >= 20%; RS rating >= 80; Net profit margin up vs a year ago",6
PGHH,-0.1698374876374153,-0.4339830011723329,-0.20826073588193095,-2.4596971951798046,0.47315459370046176,0.0,0.0,-1.7204949185748863,2.339427021359805,0.010792275986716284,0.019430637144148166,-0.1305118770937692,-0.04822512933229353,93472355.75,-34.286022026522275,-4.86323810336915,-32.408939819222276,-1.285602267519393,0.0,5.252428176874258,-6.34,1.0,113.67861885790174,-0.370000000000001,20679.0,True,True,0.6556291390728477,Personal Care,Fast Moving Consumer Goods,70.0,103,"Uptrend (price > 50 > 150 > 200-day, 200-day rising); Within 15% of 52-week high; Quarterly profit growth >= 25%; Sales growth >= 20% or 2+ strong quarters; 3-year profit growth >= 15%/yr; RS rating >= 80; Net profit margin up vs a year ago",7
PGHL,-0.04998946475358408,-0.08443985052079195,0.20485079311932353,-0.6228523789208009,0.7607168458781361,0.0,0.0,-0.43499388418447815,6.358858962819359,0.015363191084395508,0.054912491897398,-0.086773708858777,-0.01869042375485976,51605612.25,9.514468060907767,7.371435319123809,-45.153260577743005,0.35134358623015605,0.0,13.243270722603917,0.39000000000000057,1.0,62.28571428571429,-1.1000000000000014,20679.0,True,True,26.693472090823082,Pharmaceuticals,Healthcare,27.0,103,"Uptrend (price > 50 > 150 > 200-day, 200-day rising); Within 15% of 52-week high; Quarterly profit growth >= 25%; Sales growth >= 20% or 2+ strong quarters; 3-year profit growth >= 15%/yr; RS rating >= 80",6
PGIL,0.2153553093663145,0.818820773135494,0.5671892873965414,1.9486085486766855,0.9328374696222107,1.0,1.0,1.0617404356953704,0.8395246872537406,0.030463176193960335,0.08862666331910618,0.07861720371874714,-0.05401949675438406,166663032.8,54.18085966026271,24.45924815948921,23.73854785784961,6.530096737303942,2.0,27.02697597954007,1.2799999999999994,1.0,18.493150684931507,0.6999999999999993,20636.0,True,True,90.10217596972564,Garments & Apparels,Consumer Discretionary,22.0,103,ROE >= 20%,1
PHOENIXLTD,0.040324510848576064,0.27239678005712786,0.28507736690270136,0.8531036534878271,0.8680523550557654,0.0,0.0,-0.3321056454073617,1.3529343709417332,0.014611575776700888,0.02721124660525054,-0.019480249047331477,-0.02454736721726955,767579846.2,22.94725257085828,12.796566595662085,-16.680563792140358,1.2383429304581073,2.0,19.224848902148818,3.030000000000001,1.0,14.16871416871417,0.0,20662.0,True,True,58.53831598864711,"Residential, Commercial Projects",Consumer Discretionary,61.0,103,"Uptrend (price > 50 > 150 > 200-day, 200-day rising); Quarterly profit growth >= 25%; ROE >= 20%; RS rating >= 80",4
PICCADIL,-0.03500209112426534,-0.07746060065417781,0.15088565334322546,-0.29024408887506603,0.7338520439669013,0.0,0.0,-0.41471441382057317,0.5120846392204187,0.027833331345376966,0.039918809201623606,-0.09923566917603244,-0.01926820107142598,105755023.07499999,16.333440750338333,17.423215370950395,4.249042770920484,0.36780074816147224,0.0,76.1741052928222,-0.08000000000000007,1.0,15.316315205327413,0.1399999999999999,20676.0,True,True,32.50047303689688,Breweries & Distilleries,Fast Moving Consumer Goods,55.0,103,"Uptrend (price > 50 > 150 > 200-day, 200-day rising); Within 15% of 52-week high; Quarterly profit growth >= 25%; Sales growth >= 20% or 2+ strong quarters; ROE >= 20%; RS rating >= 80; Net profit margin up vs a year ago",7
PIDILITIND,0.001976879202206795,0.11086248982912927,0.2863536432160805,0.13729432343525932,0.8904831625183016,0.0,0.0,0.16387824605824647,1.1657507357940364,0.015164702268001828,0.022047455804261595,-0.053950634951250964,-0.027919667927083877,1160841634.5,28.72403122586713,21.274413151794526,-3.591500669927065,5.942386901103422,2.0,23.951647356855176,1.1099999999999994,1.0,22.812038404726735,0.18999999999999773,20641.0,True,True,45.613055818353835,Specialty Chemicals,Commodities,38.0,103,"Uptrend (price > 50 > 150 > 200-day, 200-day rising); RS rating >= 80",2
PIIND,-0.11273918204256811,-0.30614175937607524,-0.13488488488488481,-1.2384309847096726,0.5870228808474002,0.0,0.0,-0.21119036538171063,2.231560942394747,0.01915454218514929,0.037987768110948394,-0.09367238310992032,-0.02876526319781502,390604791.0,-38.9384216305123,-10.42883451723231,0.05173131312898249,-2.1104366280208264,0.0,-7.164526871090882,-6.700000000000001,1.0,11.76313446126447,-0.740000000000002,20655.0,True,True,7.024597918637653,Pesticides & Agrochemicals,Commodities,101.0,103,"Uptrend (price > 50 > 150 > 200-day, 200-day rising); Within 15% of 52-week high; Quarterly profit growth >= 25%; Sales growth >= 20% or 2+ strong quarters; 3-year profit growth >= 15%/yr; ROE >= 20%; RS rating >= 80; Net profit margin up vs a year ago",8
PINELABS,,,0.024415788440138808,,0.6082042253521126,0.0,0.0,0.40203731411839705,0.5991318888724625,0.03704010067471922,0.16746549633308305,0.03466204713693388,-0.060116058566203,3397095017.335,300.0,19.64735107402056,200.0,,5.0,,1.8800000000000001,1.0,1.9165535956580733,17.700000000000003,20662.0,True,True,,Financial Technology (Fintech),Financial Services,39.0,103,"Uptrend (price > 50 > 150 > 200-day, 200-day rising); Within 15% of 52-week high; 3-year profit growth >= 15%/yr; ROE >= 20%; RS rating >= 80",5
PIRAMALFIN,,,0.26639065335753176,,0.8676495873452544,0.0,0.0,-0.07267805590609547,4.779480396751861,0.01769257751026495,0.023942574167461927,-0.060934794401245385,-0.04671521339301689,632081423.4,66.871870255607,27.622241166998208,166.871870255607,0.15232097056905217,1.0,39.79191592985607,3.219999999999999,1.0,5.350291317322723,2.8500000000000014,20650.0,True,True,,Housing Finance Company,Financial Services,90.0,103,"Uptrend (price > 50 > 150 > 200-day, 200-day rising); ROE >= 20%; RS rating >= 80",3
PITTIENG,0.07730362749405717,0.09410425226473929,0.4975269327190186,0.27787079990699287,0.9136807817589576,0.0,1.0,0.9063161888142377,0.41942048405758564,0.02294146677769391,0.08415522167941747,0.046094348013772546,-0.01674395968674226,87032427.20000002,29.07084901512902,15.886192395304022,55.45237616159399,0.7117478802405905,1.0,26.762006461562816,0.5700000000000003,1.0,11.955420466058763,0.28999999999999915,20675.0,True,True,68.46641438032167,Industrial Products,Industrials,11.0,103,Sales growth >= 20% or 2+ strong quarters; ROE >= 20%; RS rating >= 80,3
PNB,0.027829682301614138,0.07913535578439546,0.11332312404287892,0.14142881602306132,0.8281169071402146,0.0,0.0,0.27698895905970494,1.9210706082410034,0.014019472671095552,0.0253719083690791,-0.028418245458080915,-0.024761280333534995,1333835015.125,169.35721896653226,3.121790796052948,157.5840040488166,2.398332550156229,1.0,70.67774903432411,10.72,1.0,12.313549772292346,-0.45000000000000284,20652.0,True,True,54.41721854304636,Public Sector Bank,Financial Services,52.0,103,"Uptrend (price > 50 > 150 > 200-day, 200-day rising); Within 15% of 52-week high; Sales growth >= 20% or 2+ strong quarters; ROE >= 20%; RS rating >= 80",5
PNBHOUSING,0.06493258750090695,0.32565675269066086,0.4603518612952575,0.8631494289332582,0.9096987205943045,0.0,0.0,0.3908514177575656,1.172755981088544,0.016353358773614983,0.03239929947460585,-0.027293331827039857,-0.01857808229743884,1003347983.0999999,4.441608442847489,9.023124978926923,-14.71362249602992,0.7713910237858748,0.0,25.96442584180172,-1.0799999999999983,1.0,11.91987513007284,1.8499999999999943,20659.0,True,True,65.75023651844843,Housing Finance Company,Financial Services,90.0,103,"Uptrend (price > 50 > 150 > 200-day, 200-day rising); Quarterly profit growth >= 25%; Sales growth >= 20% or 2+ strong quarters; ROE >= 20%; RS rating >= 80; Net profit margin up vs a year ago",6
PNCINFRA,-0.18583520723933294,-0.3836280949974735,0.0516121616184837,-1.337843164351361,0.44610932475884246,0.0,0.0,-1.0397528480415026,1.2563917935721,0.03416014413429672,0.03800952097590016,-0.26512105851382195,-0.024144427430639003,112106027.1,103.58501855349012,18.671633398931696,68.64404269765421,0.6926533242262075,2.0,0.4460546670586263,8.2,1.0,12.211947746954351,-0.620000000000001,20673.0,True,True,0.28098391674550616,Civil Construction,Industrials,89.0,103,"Uptrend (price > 50 > 150 > 200-day, 200-day rising); Within 15% of 52-week high; 3-year profit growth >= 15%/yr; ROE >= 20%; RS rating >= 80",5
PNGJL,0.0049215736578895435,-0.006219010000840464,0.03910369068541297,-0.031206933753737162,0.7992938620315047,0.0,0.0,-0.20485720427676885,0.859932361225898,0.018708717140445492,0.030105708245242946,-0.04343855075902492,-0.01909366405277036,255875394.625,52.230301155115534,40.73464912280702,6.316418850493925,1.4123273904919988,5.0,,0.33000000000000007,1.0,20.88639836984208,7.369999999999999,20661.0,True,True,46.549668874172184,"Gems, Jewellery And Watches",Consumer Discretionary,10.0,103,"Uptrend (price > 50 > 150 > 200-day, 200-day rising); Within 15% of 52-week high; 3-year profit growth >= 15%/yr; RS rating >= 80",4
POCL,-0.024978016087896515,0.020447530864197594,0.09740918310898028,-0.09325698218391532,0.6906269302038295,0.0,0.0,-0.5893991175205893,0.8272805326984062,0.021092373138589606,0.04043188605559367,-0.07917925996689379,-0.03424109812062252,177799960.575,42.469073501563216,55.083522717847465,-86.80909818386458,1.4511655013250628,9.0,50.26859372643446,-0.33999999999999986,1.0,16.751269035532996,1.2699999999999996,20669.0,True,True,36.05960264900662,Diversified Metals,Commodities,,103,"Uptrend (price > 50 > 150 > 200-day, 200-day rising); Within 15% of 52-week high; ROE >= 20%; RS rating >= 80; Net profit margin up vs a year ago",5
POKARNA,-0.06500736338526775,0.055611985779583595,-0.04486185306450696,-0.19036583733142126,0.6193508986215319,0.0,0.0,0.07152576911322178,0.7335504012142081,0.016990574534370192,0.030367095906207897,-0.15916022622960524,-0.025972552653118673,40340736.6,50.55661860444729,10.791998128217116,107.11804752835704,0.47186757446864347,1.0,19.031731754574356,5.939999999999998,1.0,9.451575262543757,-0.3200000000000003,20637.0,True,True,21.167455061494795,Granites & Marbles,Consumer Discretionary,,103,"Uptrend (price > 50 > 150 > 200-day, 200-day rising); Within 15% of 52-week high; Sales growth >= 20% or 2+ strong quarters; ROE >= 20%; RS rating >= 80",5
POLICYBZR,-0.14197730923211613,0.11501997495677063,0.3105333239890671,-0.7554123618557657,0.5268811729966398,0.0,0.0,-1.492417116371118,6.143239476835208,0.05312886473516414,0.06013112067199344,-0.36894956230746534,-0.361164461047666,1957392948.6,92.50006248983209,40.08115787209103,38.676860455263395,2.5260700608948046,11.0,,2.3500000000000005,1.0,9.163019693654267,1.0500000000000114,20670.0,True,True,2.8098391674550616,Financial Technology (Fintech),Financial Services,39.0,103,"Uptrend (price > 50 > 150 > 200-day, 200-day rising); Within 15% of 52-week high; 3-year profit growth >= 15%/yr; ROE >= 20%; RS rating >= 80",5
POLYCAB,0.008261183957223594,0.20279959030385797,0.28053213143355626,0.3667152668636762,0.8045625123444599,0.0,0.0,-0.3269039893691236,4.656240456923561,0.01737538287775229,0.02332947554364373,-0.06919086899892612,-0.018359647930058193,2457519577.0,32.84419897561621,39.00707418582521,25.87268991001925,2.0698940290042596,1.0,25.670475378456594,-0.45000000000000107,1.0,22.549754350903488,0.46000000000000085,20650.0,True,True,47.860927152317885,Cables - Electricals,Industrials,3.0,103,"Uptrend (price > 50 > 150 > 200-day, 200-day rising); Within 15% of 52-week high; RS rating >= 80; Net profit margin up vs a year ago",4
POLYMED,-0.02784224326196359,-0.09737177851492729,0.32566331884275224,-0.3907533835408484,0.7801174616817074,0.0,0.0,0.5813440060821125,1.0564242206806378,0.01907820017721054,0.017693196327597693,-0.051520249676931806,-0.023864069603717182,189074774.0,-8.372685713612704,30.299347734431194,20.786099329949938,-0.4256401264721972,0.0,13.910086047120785,-6.849999999999998,1.0,10.33483580167418,0.11999999999999744,20672.0,True,True,35.02932828760643,Medical Equipment & Supplies,Healthcare,,103,"Uptrend (price > 50 > 150 > 200-day, 200-day rising); Within 15% of 52-week high; Quarterly profit growth >= 25%; 3-year profit growth >= 15%/yr; ROE >= 20%; RS rating >= 80; Net profit margin up vs a year ago",7
POLYPLEX,0.01153930757219683,0.14390336693931904,0.5145447676615036,-0.04851269775800863,0.8182753164556962,0.0,0.0,-0.0797695303999891,1.3545044713125995,0.01966630903025512,0.026313351246178174,-0.08808131179454814,-0.028021051438394236,54712149.900000006,100.0,29.61746622418284,0.0,2.112479787715425,2.0,-2.607228005677953,11.03,1.0,0.9669811320754716,0.25,20676.0,True,True,49.07852412488174,Packaging,Industrials,34.0,103,"Uptrend (price > 50 > 150 > 200-day, 200-day rising); Within 15% of 52-week high; 3-year profit growth >= 15%/yr; ROE >= 20%; RS rating >= 80",5
POONAWALLA,-0.007697918632980505,-0.04152498712004116,0.182557843885075,-0.13933257562232973,0.8072405329593269,0.0,0.0,-0.017128699052828565,1.1256518377215197,0.02268041969956399,0.10767097966728278,-0.017618645297285407,-0.03741489739600291,436131660.57500005,300.0,77.34194844631155,0.0,0.6060714454886128,4.0,6.099981093564399,8.450000000000001,1.0,5.237220987535028,5.349999999999998,20637.0,True,True,42.147587511825925,Non Banking Financial Company (NBFC),Financial Services,37.0,103,"Uptrend (price > 50 > 150 > 200-day, 200-day rising); Within 15% of 52-week high; 3-year profit growth >= 15%/yr; ROE >= 20%; RS rating >= 80",5
POWERGRID,-0.03483464008882509,-0.05899025686448178,-0.08397999655112942,-0.41556535794629573,0.7915063855977843,0.0,0.0,-0.29557720923178976,2.7789332833492897,0.01252284575153955,0.024834123222748916,-0.04392303803491249,-0.018785236757916178,2147794444.6,-0.8940064648586321,2.6839415445570003,-10.625224013306001,-0.14405109596112628,0.0,1.464467799675484,-1.129999999999999,1.0,15.849702469799192,-0.11999999999999744,20668.0,True,True,32.78145695364238,Power - Transmission,Utilities,,103,"Uptrend (price > 50 > 150 > 200-day, 200-day rising); Within 15% of 52-week high; Quarterly profit growth >= 25%; Sales growth >= 20% or 2+ strong quarters; 3-year profit growth >= 15%/yr; ROE >= 20%; RS rating >= 80; Net profit margin up vs a year ago",8
POWERINDIA,0.11782070895118663,0.674603589931446,0.26357354392892396,1.465480797916633,0.8157792961196338,0.0,0.0,0.18391080622752826,3.3588660242789974,0.02412532620835355,0.047070124879923236,-0.025156748263059803,-0.020427737539717876,2765347202.5,123.56080019996641,68.61789167624586,43.79953240605619,2.3469172815359536,11.0,132.42215961243593,2.9000000000000004,1.0,19.088098918083464,0.129999999999999,20679.0,True,True,78.30085146641437,Heavy Electrical Equipment,Industrials,35.0,103,"Uptrend (price > 50 > 150 > 200-day, 200-day rising); Within 15% of 52-week high; ROE >= 20%; RS rating >= 80",4
POWERMECH,-0.01588261683802434,-0.10592004768823804,0.2674553712897434,-0.2511960587176387,0.8066500415627598,0.0,0.0,0.0067347264716739845,4.474889046039797,0.018139986638000934,0.038920407141665336,-0.019417632697935394,-0.02286639477762201,122494642.3,10.825288281032153,25.53482654378736,-7.45925973268251,0.7535983349733393,0.0,24.314940436506195,-0.7300000000000004,1.0,16.355696705041684,0.4800000000000004,20673.0,True,True,39.4314096499527,Civil Construction,Industrials,89.0,103,"Uptrend (price > 50 > 150 > 200-day, 200-day rising); Within 15% of 52-week high; Quarterly profit growth >= 25%; ROE >= 20%; RS rating >= 80; Net profit margin up vs a year ago",6
PPLPHARMA,0.05271751072055464,0.1425451446225965,0.5085806723871149,0.20004542264051184,0.8645712068296469,0.0,0.0,0.8700971753263522,0.8910921896722155,0.020895452305796206,0.03168533187653644,-0.03805469444852205,-0.026361663357150466,714049220.94,-25.01778875343489,17.386784988441907,74.98221124656511,0.39090549447381945,0.0,-33.57708958363569,1.77,0.0,-3.9941190884587114,-18.700000000000003,20638.0,True,True,61.81646168401136,Pharmaceuticals,Healthcare,27.0,103,"Uptrend (price > 50 > 150 > 200-day, 200-day rising); Quarterly profit growth >= 25%; Sales growth >= 20% or 2+ strong quarters; 3-year profit growth >= 15%/yr; ROE >= 20%; RS rating >= 80",6
PRAJIND,-0.04215813384456167,-0.019517795637198465,0.022448368751870618,-0.23764114915765616,0.7367005728983983,0.0,0.0,0.5987156406473895,0.8948321988735044,0.018417857190247033,0.03617826015457992,-0.03318265651516128,-0.017005132437041992,154553105.95,118.23534061268508,11.811933770696648,192.5610729460582,0.3134219086078649,1.0,-41.88093074479527,0.7900000000000001,1.0,1.8334606569900689,1.4200000000000017,20656.0,True,True,29.22232734153264,Industrial Products,Industrials,11.0,103,"Uptrend (price > 50 > 150 > 200-day, 200-day rising); Within 15% of 52-week high; Sales growth >= 20% or 2+ strong quarters; 3-year profit growth >= 15%/yr; ROE >= 20%; RS rating >= 80",6
PRAKASH,-0.07801960529690025,-0.2719029674988225,0.006839276990718179,-0.7232050005767898,0.690749610479543,0.0,0.0,-0.030020105884925263,2.1272984595740554,0.023939053013457823,0.05134854771784236,-0.03985754277326359,-0.015641009798286833,45235277.29000001,-21.950598482502627,-0.48983684961622087,-24.677526591684718,-1.8363276723101953,0.0,9.750968495369472,-1.9000000000000004,1.0,9.280936454849497,-0.13999999999999968,20679.0,True,True,15.173131504257332,Iron & Steel,Commodities,60.0,103,"Uptrend (price > 50 > 150 > 200-day, 200-day rising); Within 15% of 52-week high; Quarterly profit growth >= 25%; Sales growth >= 20% or 2+ strong quarters; 3-year profit growth >= 15%/yr; ROE >= 20%; RS rating >= 80; Net profit margin up vs a year ago",8
PRECWIRE,0.3152708424111221,1.6924775097963467,0.6258956840526579,3.0259125280791563,0.9814250333396838,0.0,1.0,0.7302954679022765,1.7403215585648124,0.04095724734457544,0.06488592097941015,0.14482611488040598,-0.04655646861905238,242200547.89999998,72.7835642238787,-6.160650464617579,50.33019152833617,1.1073603000452266,3.0,-6.838401491407353,1.0599999999999998,1.0,20.077720207253886,0.8600000000000001,16951.0,True,True,94.87890255439923,"Aluminium, Copper & Zinc Products",Industrials,,103,3-year profit growth >= 15%/yr,1
PREMEXPLN,0.061640718876393906,0.13180467091295123,0.5653042048390886,0.31387469347016617,0.8256206314774646,0.0,1.0,-0.005436392077161854,1.8836769461670562,0.010400549451387919,0.021786656615152777,0.02729352914538663,-0.009204265016169505,116515642.64999999,-83.3373814701479,-27.85086176574042,-158.9753521716222,-2.4956450185740784,0.0,35.18501577104827,-9.99,1.0,15.916955017301039,0.6899999999999995,20678.0,True,True,64.71996215704824,Explosives,Commodities,14.0,103,Within 15% of 52-week high; Quarterly profit growth >= 25%; Sales growth >= 20% or 2+ strong quarters; ROE >= 20%; RS rating >= 80; Net profit margin up vs a year ago,6
PREMIERENE,-0.041475467667327154,-0.019788982350366968,0.09881724532621128,-0.3431802820551426,0.7998236331569665,0.0,0.0,0.010057877428351802,2.6984693530385386,0.018977069507082837,0.02499999999999991,-0.07661546480754511,-0.02191563800696852,839306422.5,53.339124159999194,35.25215022463395,-11.07619247847429,5.334646289217041,13.0,,2.2600000000000016,1.0,35.0592059438124,6.48,20671.0,True,True,29.596972563859982,Other Electrical Equipment,Industrials,50.0,103,"Uptrend (price > 50 > 150 > 200-day, 200-day rising); Within 15% of 52-week high; 3-year profit growth >= 15%/yr; RS rating >= 80",4
PRESTIGE,-0.0036033059562402842,0.07151386493299716,0.40208333333333335,-0.07798596844487385,0.8130401063594062,0.0,0.0,-0.01221930386402302,2.4711481539988807,0.021134367622499976,0.045432098765432194,-0.057186758860273135,-0.017775007900223117,798121040.0,-12.829762541113476,15.940709920686501,-312.8297625411135,-0.13065979518004084,0.0,6.5294045065865,-3.3499999999999996,1.0,8.019418668960855,-0.01999999999999602,20663.0,True,True,44.02081362346263,"Residential, Commercial Projects",Consumer Discretionary,61.0,103,"Uptrend (price > 50 > 150 > 200-day, 200-day rising); Within 15% of 52-week high; Quarterly profit growth >= 25%; Sales growth >= 20% or 2+ strong quarters; 3-year profit growth >= 15%/yr; ROE >= 20%; RS rating >= 80; Net profit margin up vs a year ago",8
PRICOLLTD,0.07337360739309776,0.422962962962963,0.4502217608757195,0.656841537857041,0.8233900364520048,0.0,0.0,0.07222705759417102,3.314778197917055,0.022488411419092278,0.02947539210383976,-0.1021137724471558,-0.03642965472949476,254899659.25,34.327402538554,23.465945897647835,-75.26206000002146,1.2833375530166127,4.0,27.733394086282836,0.4899999999999993,1.0,20.0,-2.3099999999999987,20649.0,True,True,67.43614001892148,Auto Components & Equipments,Consumer Discretionary,19.0,103,"Uptrend (price > 50 > 150 > 200-day, 200-day rising); Within 15% of 52-week high; RS rating >= 80",3
PRINCEPIPE,-0.04569530107976183,-0.12086243546917708,0.28735325506937026,-0.6028514404272537,0.7331061896649631,0.0,0.0,0.3743021384600486,0.8716027111859874,0.0188371635907657,0.043443119822186294,-0.05508814175873644,-0.024617483674400323,34484384.1,300.0,4.996381930326321,167.97327073676684,0.9268976503894782,2.0,-5.885959416613085,4.71,1.0,4.5592705167173255,-0.6999999999999993,20679.0,True,True,28.00473036896878,Plastic Products - Industrial,Industrials,48.0,103,"Uptrend (price > 50 > 150 > 200-day, 200-day rising); Within 15% of 52-week high; 3-year profit growth >= 15%/yr; ROE >= 20%; RS rating >= 80",5
PRIVISCL,0.0871680878129598,0.42793650793650784,0.14701982251538537,1.402573787026924,0.9259239690381211,0.0,0.0,-0.05658840434738163,4.907137782759629,0.0138519995866896,0.025719860462366295,-0.0037084139438182673,-0.01667152688882512,254404687.14999998,43.87568381701548,19.2212021975269,-3.149488285079947,2.5961620764217668,12.0,365.8344414973996,2.129999999999999,1.0,22.45042492917847,-0.02999999999999936,20645.0,True,True,70.80794701986756,Specialty Chemicals,Commodities,38.0,103,"Uptrend (price > 50 > 150 > 200-day, 200-day rising); RS rating >= 80",2
PROTEAN,0.005654612586152172,-0.4484449894103222,0.010311383358856618,-0.4823899000940164,0.7578339747113799,0.0,0.0,1.4411858459586768,1.3360547395045612,0.03666930356077015,0.1999796043238833,0.2082418131427961,-0.11516829652073252,142007329.4,-75.3733833140345,19.028647315499914,-126.78051219954972,-2.559574367953528,0.0,-9.991509428684175,-8.97,1.0,9.369202226345083,-2.6999999999999957,20669.0,True,True,46.92431409649953,IT Enabled Services,Information Technology,51.0,103,"Uptrend (price > 50 > 150 > 200-day, 200-day rising); Within 15% of 52-week high; Quarterly profit growth >= 25%; Sales growth >= 20% or 2+ strong quarters; 3-year profit growth >= 15%/yr; ROE >= 20%; RS rating >= 80; Net profit margin up vs a year ago",8
PRSMJOHNSN,-0.10648369015853575,-0.32119770703744355,-0.10001617076326008,-1.0905484869435875,0.6237492465340566,0.0,0.0,-0.42270813630359627,0.4979977308097669,0.018233297062988436,0.03182299012693934,-0.06171567845174031,-0.05093258597664747,34300135.4,300.0,2.5663523928218135,278.55317698571173,1.0141773302030714,2.0,-36.98746943560819,3.6,1.0,1.963350785340314,-0.3999999999999986,20654.0,True,True,8.71050141911069,Cement & Cement Products,Commodities,102.0,103,"Uptrend (price > 50 > 150 > 200-day, 200-day rising); Within 15% of 52-week high; 3-year profit growth >= 15%/yr; ROE >= 20%; RS rating >= 80",5
PRUDENT,0.07022702245379815,0.3038624255719209,0.4863356256140037,0.6939379819215152,0.7804895871392036,0.0,0.0,0.011674994226200629,2.178064676253094,0.027359100220984513,0.054635262935967654,-0.029180042973848463,-0.04141260928532169,90727564.25,44.38187817668195,18.338099128540296,30.15088063530586,3.8415476074201966,1.0,25.025953506334364,3.8800000000000026,1.0,25.141562853907136,-0.240000000000002,20647.0,True,True,66.68684957426679,Financial Products Distributor,Financial Services,,103,"Uptrend (price > 50 > 150 > 200-day, 200-day rising); Within 15% of 52-week high; Sales growth >= 20% or 2+ strong quarters; RS rating >= 80",4
PSPPROJECT,-0.006973625386058644,0.11456649641171524,0.3704587010096192,-0.03259764543751597,0.6664479440069991,0.0,0.0,-0.5561623174159745,0.9936267217045782,0.021098686897897893,0.023356980323919085,-0.13860172471893595,-0.035802582901254945,46088206.95,300.0,64.8389215080346,73.70168229576902,0.932196721397189,4.0,-19.509442832091118,2.07,1.0,4.430379746835443,0.9199999999999999,20664.0,True,True,42.52223273415326,Civil Construction,Industrials,89.0,103,"Uptrend (price > 50 > 150 > 200-day, 200-day rising); Within 15% of 52-week high; 3-year profit growth >= 15%/yr; ROE >= 20%; RS rating >= 80",5
PTC,-0.029091343805850232,-0.07108239095315017,-0.060230024213074995,-0.17284346556957766,0.6846760489739009,0.0,0.0,0.3484103098133182,1.4658268470914477,0.024530416406843877,0.026125296130560693,-0.030229871437881473,-0.009910678843167816,210339734.02499998,-53.82520390486657,19.072027377237678,-50.23061975501755,-3.0534656386144747,0.0,5.151744974958894,-3.7099999999999995,1.0,11.9879618792844,2.8499999999999943,20669.0,True,True,34.28003784295175,Power Trading,Utilities,,103,"Uptrend (price > 50 > 150 > 200-day, 200-day rising); Within 15% of 52-week high; Quarterly profit growth >= 25%; Sales growth >= 20% or 2+ strong quarters; 3-year profit growth >= 15%/yr; ROE >= 20%; RS rating >= 80; Net profit margin up vs a year ago",8
PTCIL,0.1683566687341069,0.5620696439110762,0.6175471954366427,1.407980135147539,0.9585492227979274,0.0,1.0,0.7938214876394775,0.6131559804389497,0.025198568469101425,0.05561760107214653,0.10197550254848209,-0.017286521740124884,430901510.0,300.0,97.42665980442615,159.9578419285889,1.945598281097424,3.0,54.27042087564726,9.91,1.0,6.768414067684141,0.14000000000000057,20679.0,True,True,85.04446546830653,Castings & Forgings,Industrials,6.0,103,ROE >= 20%,1
PURVA,-0.03684650201242506,-0.19184532924961706,0.1940154986141751,-0.44101606965637974,0.7335537765402018,0.0,0.0,1.984180939969344,0.23134327395990595,0.025876275308726982,0.09299350987730359,-0.015953920028687896,-0.022395585533308286,31942487.23,100.0,61.84591914569033,0.0,0.7588940844889618,3.0,119.35177980652992,16.04,1.0,3.1879194630872485,-0.07000000000000028,20679.0,True,True,31.751182592242195,"Residential, Commercial Projects",Consumer Discretionary,61.0,103,"Uptrend (price > 50 > 150 > 200-day, 200-day rising); Within 15% of 52-week high; ROE >= 20%; RS rating >= 80",4
PVP,0.33835486841003354,1.1119427269768956,1.646818923327896,1.0495667537263773,0.6987784564131038,1.0,1.0,0.8046431444877167,1.1799943133985307,0.05074087714674444,0.04996786632390737,0.01497255904543393,-0.11990939559186901,108178832.905,100.0,165.1946542707728,200.0,6.225989290602396,1.0,,46.78,1.0,-4.587155963302752,-0.37,20679.0,True,True,96.28382213812678,"Residential, Commercial Projects",Consumer Discretionary,61.0,103,Within 15% of 52-week high; 3-year profit growth >= 15%/yr; ROE >= 20%,3
PVRINOX,0.08036939269021845,0.12539467749210642,0.32374787775891334,0.3993999668036806,0.920164972750037,0.0,1.0,0.0671007361203548,1.2928708095738186,0.024684521586307337,0.06467790747946389,0.03148105951779456,-0.03829346180149129,522095131.2,100.0,11.906732891832238,0.0,0.8911441383153915,5.0,-34.95224480129866,6.75,1.0,4.51341827053402,-0.490000000000002,20657.0,True,True,69.30936613055817,"Film Production, Distribution & Exhibition",Consumer Discretionary,,103,3-year profit growth >= 15%/yr; ROE >= 20%; RS rating >= 80,3
PWL,,,0.3404468156052016,,0.8140008642508797,0.0,0.0,0.9687615256334059,2.178956082997459,0.02906874708972563,0.0909544811517018,0.04860181123576934,-0.037885097477290734,839178572.085,55.11962427621562,24.420073427852994,-14.42202428623014,,4.0,,6.609999999999999,0.0,-0.6491750067622396,0.10999999999999588,20679.0,True,True,,E-Learning,Consumer Discretionary,,103,"Uptrend (price > 50 > 150 > 200-day, 200-day rising); Within 15% of 52-week high; 3-year profit growth >= 15%/yr; ROE >= 20%; RS rating >= 80",5
QPOWER,0.232648409698148,0.40520005920370994,0.633797969368439,1.143116063676927,0.9808447352766211,1.0,1.0,0.4871940916661993,1.4075402517309963,0.028528814966830608,0.04999648901060327,0.20488266863095883,-0.0475840895253364,378503672.35,26.07238390310762,31.660253508374826,-37.946613378915586,0.6918839297719039,4.0,,-0.8900000000000006,1.0,34.31734317343174,1.5700000000000003,20674.0,True,True,92.06906338694418,Heavy Electrical Equipment,Industrials,35.0,103,3-year profit growth >= 15%/yr; Net profit margin up vs a year ago,2
QUADFUTURE,0.14126030144846236,0.06147898740491331,0.4857741316111015,0.5987037010292146,0.9650916784203102,1.0,1.0,1.4146632693609593,0.5531050118053139,0.04394856963822923,0.09798072510325828,0.2743450183213285,-0.03580475556510584,186616120.27499998,-27.629110211631147,41.280891054646716,,0.6399641369512572,0.0,,24.500000000000004,0.0,-16.666666666666664,2.21,20679.0,True,True,82.23462630085147,Cables - Electricals,Industrials,3.0,103,Quarterly profit growth >= 25%; 3-year profit growth >= 15%/yr; ROE >= 20%,3
QUESS,0.11811005872740674,0.44996044303797467,1.0489100055897151,0.8622537338737198,0.8603215434083601,0.0,0.0,1.0943062917394206,0.49186812700632787,0.025885100784003072,0.051851851851851816,-0.0209939640889637,-0.028447402295762318,149775961.75,54.802551071770054,14.522295435748278,49.629922871284535,1.6043636341787346,1.0,16.856539938691164,0.51,1.0,19.039451114922812,-0.2700000000000031,20663.0,True,True,78.48817407757805,Diversified Commercial Services,Services,63.0,103,"Uptrend (price > 50 > 150 > 200-day, 200-day rising); Sales growth >= 20% or 2+ strong quarters; ROE >= 20%; RS rating >= 80",4
RACLGEAR,0.1183883825146455,0.40280777537796975,0.21790764903508064,0.7671719328117886,0.8265808995175599,0.0,1.0,0.9447617615678735,0.542732437092868,0.02958818365616701,0.10609495025815385,0.04578097537091952,-0.061895979240898485,50625011.25,7.6307291279037015,31.49528067560854,-84.90600524744464,0.10877628763301372,0.0,7.398877206337029,-1.490000000000001,1.0,13.920454545454545,-0.2699999999999996,20672.0,True,True,78.67549668874172,Auto Components & Equipments,Consumer Discretionary,19.0,103,Within 15% of 52-week high; Quarterly profit growth >= 25%; 3-year profit growth >= 15%/yr; ROE >= 20%; RS rating >= 80; Net profit margin up vs a year ago,6
RADICO,0.13738848054761554,0.5814485916470098,0.7379536444037817,1.6414502005088685,0.939561828523278,0.0,0.0,0.2940804922130121,1.7738577218753262,0.016572364953367003,0.039868503881933304,-0.007010438179102629,-0.022387794464614457,1237262362.0,69.24474976101416,11.795835435977796,-25.60309039304238,3.3158296398027955,8.0,46.35011034328056,4.630000000000001,1.0,18.21471652593486,1.2999999999999972,20649.0,True,True,81.95364238410596,Breweries & Distilleries,Fast Moving Consumer Goods,55.0,103,"Uptrend (price > 50 > 150 > 200-day, 200-day rising); ROE >= 20%",2
RAILTEL,-0.0945544092071457,-0.28323852361423474,0.027888446215139417,-0.8154161875725303,0.6428393213572854,0.0,0.0,0.7634317715161597,7.2591189386667905,0.015531557663420226,0.02734297602536162,-0.0614356228257108,-0.019449988881524254,118832735.025,23.27627333259994,39.756478738541205,-25.22641370290344,0.601953047412495,2.0,10.1012978220967,-1.5200000000000014,1.0,11.461491813220134,0.2599999999999998,19656.0,True,True,10.490066225165563,Other Telecom Services,Telecommunication,78.0,103,"Uptrend (price > 50 > 150 > 200-day, 200-day rising); Within 15% of 52-week high; Quarterly profit growth >= 25%; 3-year profit growth >= 15%/yr; ROE >= 20%; RS rating >= 80; Net profit margin up vs a year ago",7
RAIN,0.1583598576784753,0.6306708773010858,0.8722143615139726,1.1689139041805443,0.8437698412698412,0.0,0.0,0.029767007798712195,0.8857785843093704,0.030563988308077574,0.03468752945612219,-0.0019554407345623304,-0.035510441996096515,759110047.005,300.0,17.39863406477058,200.0,0.7198232380472237,5.0,-9.632868927147186,4.71,1.0,1.8257484226070615,0.47999999999999865,20671.0,True,True,83.82686849574267,Petrochemicals,Commodities,32.0,103,"Uptrend (price > 50 > 150 > 200-day, 200-day rising); Within 15% of 52-week high; 3-year profit growth >= 15%/yr; ROE >= 20%",4
RAINBOW,-0.03586822298573749,0.05801145542664132,0.2534145280556763,-0.39118754597909183,0.77,0.0,0.0,-0.11793141376152153,3.2376882601606787,0.013385819594419998,0.01568546158098405,-0.14520072647940196,-0.06097394296174736,135685281.2,16.22732785445311,33.16805032159351,-23.972182663220895,0.9766744679107033,0.0,10.63713453593329,-1.9399999999999995,1.0,17.101273499090357,0.23000000000000398,20640.0,True,True,32.21948912015137,Hospital,Healthcare,65.0,103,"Uptrend (price > 50 > 150 > 200-day, 200-day rising); Within 15% of 52-week high; Quarterly profit growth >= 25%; 3-year profit growth >= 15%/yr; ROE >= 20%; RS rating >= 80; Net profit margin up vs a year ago",7
RAJRATAN,0.08960580887814812,0.5309214594928882,0.33324357075535205,0.8962784198333749,0.8286195584714956,0.0,0.0,0.3859943619374336,0.7232941228141025,0.025147831898914678,0.07330075521990231,-0.05188557701476837,-0.027137600880626733,42122520.0,69.91237826036875,29.14283396211108,68.4612553492477,1.5049959757394762,1.0,0.6866480351690907,1.7299999999999995,1.0,10.76923076923077,0.3099999999999987,20638.0,True,True,71.27625354777672,Auto Components & Equipments,Consumer Discretionary,19.0,103,"Uptrend (price > 50 > 150 > 200-day, 200-day rising); Within 15% of 52-week high; 3-year profit growth >= 15%/yr; ROE >= 20%; RS rating >= 80",5
RALLIS,-0.10705616542661817,-0.31928629359286287,-0.10668823704712838,-1.047503488837316,0.6358730158730159,0.0,0.0,-0.49552377228207334,0.8657546231326274,0.011899497020925366,0.015926151349158202,-0.03965187740146958,-0.009267356320973008,118813975.26500002,-100.0,7.698510376437651,-96.20273931850777,-1.318104918565385,0.0,2.001277043508254,-4.26,0.0,9.669811320754718,-2.030000000000001,19103.0,True,True,8.429517502365185,Pesticides & Agrochemicals,Commodities,101.0,103,"Uptrend (price > 50 > 150 > 200-day, 200-day rising); Within 15% of 52-week high; Quarterly profit growth >= 25%; Sales growth >= 20% or 2+ strong quarters; 3-year profit growth >= 15%/yr; ROE >= 20%; RS rating >= 80; Net profit margin up vs a year ago",8
RAMCOCEM,-0.04949609204597687,-0.12225439297124607,-0.04972166675674217,-0.5967136745522535,0.6984355701934952,0.0,0.0,0.016759514895846653,1.3684963393521181,0.013984164569352137,0.0176487496407014,-0.04905774598939472,-0.02046116498555372,184399929.10000002,-74.48124448475642,9.5963394759935,-374.4812444847564,-0.9689977303450347,0.0,-11.92279017278075,-3.13,1.0,8.636026686434397,0.05999999999999517,20657.0,True,True,26.974456007568595,Cement & Cement Products,Commodities,102.0,103,"Uptrend (price > 50 > 150 > 200-day, 200-day rising); Within 15% of 52-week high; Quarterly profit growth >= 25%; Sales growth >= 20% or 2+ strong quarters; 3-year profit growth >= 15%/yr; ROE >= 20%; RS rating >= 80; Net profit margin up vs a year ago",8
RAMCOIND,-0.047250758868435244,-0.09332587099482303,0.2804805754258388,-0.41209399023540805,0.7528445006321113,0.0,0.0,1.176132017134079,0.2802315094180471,0.021354666343677785,0.03490183857899676,-0.1008905034107277,-0.035262819558210104,39665226.825,21.840537686433457,15.482013847080056,-107.07272220067821,0.6326161309005175,5.0,46.57775523967218,0.6799999999999997,1.0,6.7669172932330826,0.17999999999999972,20663.0,True,True,27.5364238410596,Other Construction Materials,Commodities,,103,"Uptrend (price > 50 > 150 > 200-day, 200-day rising); Within 15% of 52-week high; Quarterly profit growth >= 25%; ROE >= 20%; RS rating >= 80",5
RAMCOSYS,0.09734047391068229,0.18232211247732288,0.6067661964114504,0.2115813044567255,0.5824289405684755,0.0,0.0,-0.3345611314894226,0.4037329978568502,0.03655138867403028,0.04998227578872738,-0.03817103998716431,-0.025920059650849387,60256195.65,-48.848862555558426,7.097694024299539,-348.8488625555584,-0.01319423956528584,0.0,-39.74432262882739,-0.35000000000000003,1.0,12.0,1.200000000000001,20657.0,True,True,74.08609271523179,Software Products,Information Technology,62.0,103,"Uptrend (price > 50 > 150 > 200-day, 200-day rising); Within 15% of 52-week high; Quarterly profit growth >= 25%; Sales growth >= 20% or 2+ strong quarters; 3-year profit growth >= 15%/yr; ROE >= 20%; RS rating >= 80; Net profit margin up vs a year ago",8
RAMRAT,0.28992177250642515,0.7444320019907924,0.8505197162184457,2.3112515532094706,0.9673380101078676,1.0,1.0,1.1430247081852343,3.4682625268358653,0.030803556210984063,0.06047926968429085,0.24047444471744006,-0.05610891246454698,137246787.225,121.23830753101869,88.63476747381598,10.783093900471869,2.537937540858459,4.0,41.72796425866336,0.2799999999999998,1.0,18.79310344827586,0.47999999999999987,20647.0,True,True,94.2232734153264,Other Electrical Equipment,Industrials,50.0,103,ROE >= 20%,1
RATEGAIN,0.09898891848988563,0.3386947822071724,0.7624113475177305,0.7344780062217481,0.8137619047619048,0.0,0.0,-0.30174184330286413,0.8353746731100746,0.02276375235377408,0.02977180888994546,-0.04762063992046128,-0.018364857630485093,301237927.875,102.17976176680108,187.63373882456395,74.47068741865843,4.070585881051366,2.0,45.48423490572298,-5.109999999999999,1.0,9.67098703888335,0.3999999999999986,20671.0,True,True,74.55439924314096,Computers - Software & Consulting,Information Technology,94.0,103,"Uptrend (price > 50 > 150 > 200-day, 200-day rising); Within 15% of 52-week high; ROE >= 20%; RS rating >= 80; Net profit margin up vs a year ago",5
RATNAMANI,0.017230188980453698,0.10601541138453885,0.18379744590280245,0.1685137454303291,0.7776382660687593,0.0,1.0,0.9148408336460977,0.7558205959516867,0.02945926680223138,0.05790720047361808,0.014205584447080088,-0.03378878707398091,108205701.6,-15.858555679220853,-15.629287438564798,30.01927690507907,-0.41007558542820693,0.0,-2.3308837764076884,-0.02999999999999936,1.0,12.989540257844807,-0.19999999999999574,20656.0,True,True,51.23273415326395,Iron & Steel Products,Industrials,16.0,103,Within 15% of 52-week high; Quarterly profit growth >= 25%; Sales growth >= 20% or 2+ strong quarters; 3-year profit growth >= 15%/yr; ROE >= 20%; RS rating >= 80; Net profit margin up vs a year ago,7
RATNAVEER,0.38104012002098725,0.7571551406461126,1.0547256535478313,2.0604540993865967,0.9372379088621751,1.0,1.0,0.8497048644035908,1.2314842795369108,0.039751137015687256,0.1179615705931496,0.23825001385067135,-0.05570095907988003,1966256149.175,70.49042979393391,54.911131898970986,19.825371272181506,2.540800837009139,3.0,37.922321418201754,0.5300000000000002,1.0,9.566517189835576,-4.290000000000001,20658.0,True,True,97.12677388836329,Iron & Steel Products,Industrials,16.0,103,ROE >= 20%,1
RAYMOND,0.5017059899670248,0.24829119657415788,1.159259259259259,2.186579557985991,0.9666168782673636,1.0,1.0,0.23201255912765237,0.7202750604294084,0.04204345405363099,0.17444516015693612,0.6083735333517248,-0.08454778415989772,587105512.5,49.605202178911846,15.510499914169639,40.266262118071985,0.14950049067962307,1.0,-26.145470460248543,1.1599999999999997,1.0,188.50210970464133,-1.6500000000000004,20672.0,True,True,98.62535477767265,Industrial Products,Industrials,11.0,103,Sales growth >= 20% or 2+ strong quarters; 3-year profit growth >= 15%/yr,2
RAYMONDLSL,-0.13932169674455142,-0.4626772829061956,-0.16782273603082853,-1.1167144186144513,0.5213815789473684,0.0,0.0,0.1037384953979067,1.0230265450314007,0.019244835473091564,0.03776041666666674,-0.06371789792169436,-0.029259749389446543,142846143.45,100.0,5.947861831756884,71.92677321993162,-0.03481133899095763,2.0,,-0.10000000000000009,0.0,0.4773765047737651,-0.7699999999999996,20665.0,True,True,3.184484389782403,Other Textile Products,Consumer Discretionary,23.0,103,"Uptrend (price > 50 > 150 > 200-day, 200-day rising); Within 15% of 52-week high; 3-year profit growth >= 15%/yr; ROE >= 20%; RS rating >= 80; Net profit margin up vs a year ago",6
RAYMONDREL,0.07581411010362735,-0.12424539076521457,0.30532587548638146,0.26012061289221655,0.9539726396657455,1.0,1.0,1.4176803797916193,2.0351502929276917,0.0358297608091102,0.13901611535199332,0.15909466813177464,-0.07640122539685155,241304175.75,-18.673071449765967,38.415243101182654,-318.673071449766,-0.04910611302587895,0.0,,-1.79,1.0,19.4515306122449,-2.789999999999999,20672.0,True,True,68.18543046357615,"Residential, Commercial Projects",Consumer Discretionary,61.0,103,Quarterly profit growth >= 25%; 3-year profit growth >= 15%/yr; ROE >= 20%; RS rating >= 80; Net profit margin up vs a year ago,5
RBLBANK,0.11306094459905641,0.4984395079860473,0.3558139534883722,1.6708424771770924,0.964851024208566,1.0,1.0,1.0284666267312441,1.4507670207014094,0.01685746003117083,0.05168986083499005,0.04727783560896226,-0.01939281163801565,1065927565.1,9.267942422639596,11.596603490663092,-171.99669429139132,0.12175430926059036,0.0,-4.4307011836591474,-0.13000000000000078,1.0,5.25591963645061,-37.510000000000005,20651.0,True,True,76.98959318826869,Private Sector Bank,Financial Services,25.0,103,Quarterly profit growth >= 25%; Sales growth >= 20% or 2+ strong quarters; 3-year profit growth >= 15%/yr; ROE >= 20%; RS rating >= 80; Net profit margin up vs a year ago,6
RCF,-0.07890882613807343,-0.2033391304347827,-0.0035673888453842117,-0.717206528782432,0.6930025445292621,0.0,0.0,0.17868549732608802,1.4812913273500106,0.0143300929891616,0.021089136751335724,-0.07190796434845281,-0.00942760154105577,101153398.845,35.456081447765996,6.3825810394650295,-88.583409709349,0.46101271587675613,2.0,-13.370258692295689,0.4399999999999997,1.0,8.336587270597423,-0.26000000000000023,20678.0,True,True,14.61116367076632,Fertilizers,Commodities,68.0,103,"Uptrend (price > 50 > 150 > 200-day, 200-day rising); Within 15% of 52-week high; 3-year profit growth >= 15%/yr; ROE >= 20%; RS rating >= 80",5
RECLTD,-0.06764142644235002,-0.14643440391943374,-0.03448275862068961,-0.6493773798959587,0.7686395080707148,0.0,0.0,-0.32256129725410615,6.721419048716381,0.0166604805282677,0.027454387489139753,-0.0866134060795013,-0.026775571271882678,1570617438.625,-6.093523642149757,-2.0527974649617198,15.617960440501575,-0.4663649583547705,0.0,11.173811054006343,-1.25,1.0,19.300321908729405,0.5900000000000034,20658.0,True,True,20.792809839167454,Financial Institution,Financial Services,85.0,103,"Uptrend (price > 50 > 150 > 200-day, 200-day rising); Within 15% of 52-week high; Quarterly profit growth >= 25%; Sales growth >= 20% or 2+ strong quarters; 3-year profit growth >= 15%/yr; ROE >= 20%; RS rating >= 80; Net profit margin up vs a year ago",8
REDINGTON,0.21666545377841556,0.40637390023788855,0.8519715578539107,1.1435504077572776,0.967103694874851,1.0,1.0,1.5323044148940081,1.19675577473257,0.027204852722206997,0.04667771967861234,0.11512106361165109,-0.022134076361135957,1613372978.1,94.37263877559208,34.565672998486804,102.14667434100845,4.4462889020350636,1.0,5.448620889676281,0.4,1.0,12.637795275590552,-0.28000000000000114,20643.0,True,True,90.47682119205298,Trading & Distributors,Services,9.0,103,3-year profit growth >= 15%/yr; ROE >= 20%,2
REDTAPE,-0.07066125659430833,-0.198033995494573,0.028271334792122627,-0.5890316370928477,0.7220579910686206,0.0,0.0,1.054709859640223,1.0570741021988683,0.01810156004907748,0.041085271317829575,-0.06700952170421937,-0.021750916845864374,43337560.33,15.255252019086264,3.6548857444379745,-54.127796589120656,0.36918338268201883,0.0,15.284392136566538,0.9299999999999997,1.0,23.581213307240702,0.129999999999999,20669.0,True,True,18.91958372753075,Footwear,Consumer Discretionary,103.0,103,"Uptrend (price > 50 > 150 > 200-day, 200-day rising); Within 15% of 52-week high; Quarterly profit growth >= 25%; Sales growth >= 20% or 2+ strong quarters; RS rating >= 80",5
REFEX,-0.05697582262553503,-0.2509388412017167,0.36853712325410437,-0.5674327362333961,0.6933838912133891,0.0,0.0,0.10157277424397554,0.847740837294226,0.021976561727068338,0.07853595732940954,-0.07898850255305845,-0.03823071908060878,79243224.25,155.08503518992697,160.4189166145626,80.54973154321003,2.614720579380452,2.0,49.44347427581213,-0.16999999999999993,1.0,13.563829787234042,-0.18999999999999995,20644.0,True,True,23.602649006622517,Waste Management,Utilities,,103,"Uptrend (price > 50 > 150 > 200-day, 200-day rising); Within 15% of 52-week high; ROE >= 20%; RS rating >= 80; Net profit margin up vs a year ago",5
RELAXO,-0.09072015541630864,-0.20058105752469502,0.2860347728547392,-0.7336796318301604,0.6140350877192983,0.0,0.0,-0.4959857707429115,0.46268809219588897,0.03382070524717001,0.030324525625110788,-0.18118962858987042,-0.035321303396021755,61972454.949999996,12.339828738985847,7.7250989319928465,-7.9961526727502665,0.8053968665018343,0.0,2.4725677414382696,0.3200000000000003,1.0,8.114233907524932,-1.7763568394002505e-15,20679.0,True,True,11.801324503311259,Footwear,Consumer Discretionary,103.0,103,"Uptrend (price > 50 > 150 > 200-day, 200-day rising); Within 15% of 52-week high; Quarterly profit growth >= 25%; Sales growth >= 20% or 2+ strong quarters; 3-year profit growth >= 15%/yr; ROE >= 20%; RS rating >= 80",7
RELIANCE,-0.03491094520671245,-0.05451509872241578,-0.03554239170677531,-0.5383850161405389,0.7556768829879638,0.0,0.0,-0.16767510314870995,2.1341305820879524,0.012417008642337881,0.026635198921105774,-0.046309578246462424,-0.022004594044315203,13224124796.400002,-0.8667616063721573,27.022722795035126,8.093549957567824,-0.08046533993150855,0.0,6.73353972364894,-2.1099999999999994,1.0,10.591905135891508,-0.8399999999999963,20651.0,True,True,32.68779564806055,Refineries & Marketing,Energy,44.0,103,"Uptrend (price > 50 > 150 > 200-day, 200-day rising); Within 15% of 52-week high; Quarterly profit growth >= 25%; 3-year profit growth >= 15%/yr; ROE >= 20%; RS rating >= 80; Net profit margin up vs a year ago",7
RELIGARE,-0.04506518093237649,-0.0003571712040638664,0.1251116669644452,-0.25449425754475363,0.8133928571428571,0.0,0.0,-0.026637989366541954,1.473660727139803,0.02177534848793814,0.02060423200603445,-0.06150355577862443,-0.047856435803606795,169534175.99,-100.0,26.43307653461411,-63.53199353254539,-0.743402489009629,0.0,-40.25848399361115,-2.44,0.0,2.5103163686382395,2.6000000000000014,20677.0,True,True,28.192052980132452,Investment Company,Financial Services,96.0,103,"Uptrend (price > 50 > 150 > 200-day, 200-day rising); Within 15% of 52-week high; Quarterly profit growth >= 25%; 3-year profit growth >= 15%/yr; ROE >= 20%; RS rating >= 80; Net profit margin up vs a year ago",7
RENUKA,-0.056842785904570814,-0.19742063492063489,-0.13691322901849223,-0.7318042900375217,0.7129367327667611,0.0,0.0,0.6096020835573887,1.015692786736759,0.023390696891982456,0.04617304492512475,-0.024211614682061233,-0.026258421640314725,278305272.885,-100.0,5.47209232912147,0.0,0.060830026199725794,0.0,-22.4026190962757,1.25,0.0,29.585356742622338,-2.3099999999999987,20670.0,True,True,23.789971617786186,Sugar,Fast Moving Consumer Goods,12.0,103,"Uptrend (price > 50 > 150 > 200-day, 200-day rising); Within 15% of 52-week high; Quarterly profit growth >= 25%; Sales growth >= 20% or 2+ strong quarters; 3-year profit growth >= 15%/yr; RS rating >= 80",6
RGL,0.15853529304391914,0.20534458509142062,0.3250869733281794,0.762607307371171,0.9414269275028768,1.0,0.0,1.1346315357135177,0.3288025226671629,0.040070886312888916,0.08853558926487737,0.1730915932020627,-0.0370541469638514,87892173.27000001,61.93166768496183,47.16586212098355,28.928093692857487,2.117961986965224,4.0,12.01024465153151,0.2999999999999998,1.0,5.968169761273209,2.27,20672.0,True,True,84.01419110690634,"Gems, Jewellery And Watches",Consumer Discretionary,10.0,103,"Uptrend (price > 50 > 150 > 200-day, 200-day rising); 3-year profit growth >= 15%/yr; ROE >= 20%",3
RHIM,-0.03588805655298309,-0.1660087966617797,0.01579670329670324,-0.38989471423554845,0.7346055479047806,0.0,0.0,0.7580829704723628,0.8833609254011839,0.018373954498485733,0.0304347826086957,-0.02464762979448143,-0.027491737165868366,105557649.35000001,83.26625287029663,5.586679440186604,120.37327377478744,1.4013029095857856,1.0,6.059475445469165,2.7,1.0,-10.755405784891884,0.4800000000000004,20676.0,True,True,32.12582781456953,Electrodes & Refractories,Industrials,4.0,103,"Uptrend (price > 50 > 150 > 200-day, 200-day rising); Within 15% of 52-week high; Sales growth >= 20% or 2+ strong quarters; 3-year profit growth >= 15%/yr; ROE >= 20%; RS rating >= 80",6
RICOAUTO,0.05976887428624596,0.3563156766030451,0.1631264367816092,0.5390695890953381,0.771124754731312,0.0,0.0,0.36023298935078596,0.49710127202714005,0.02956491235833843,0.0384025755020696,-0.08315635634611118,-0.028181550888979164,129194817.88499999,-100.0,38.93938836344901,-89.6380887754728,-2.2452508271734155,0.0,-9.401590026488925,-3.6,0.0,6.666666666666667,1.5900000000000003,20677.0,True,True,64.43897824030275,Auto Components & Equipments,Consumer Discretionary,19.0,103,"Uptrend (price > 50 > 150 > 200-day, 200-day rising); Within 15% of 52-week high; Quarterly profit growth >= 25%; 3-year profit growth >= 15%/yr; ROE >= 20%; RS rating >= 80; Net profit margin up vs a year ago",7
RISHABH,0.15718528286715744,0.848930817610063,0.8956667526437969,1.4460731083111718,0.807981220657277,0.0,0.0,0.1948137061752086,0.6624847843927802,0.028715412851714497,0.09682442954837844,-0.019853519073274706,-0.04574085710492589,129610634.525,-1.2794511834389732,4.1769558135869245,-229.14288143150523,-0.019982206452933346,0.0,20.305183703020614,-0.5400000000000009,1.0,11.006711409395974,0.5600000000000005,20645.0,True,True,83.639545884579,Other Electrical Equipment,Industrials,50.0,103,"Uptrend (price > 50 > 150 > 200-day, 200-day rising); Within 15% of 52-week high; Quarterly profit growth >= 25%; Sales growth >= 20% or 2+ strong quarters; ROE >= 20%; Net profit margin up vs a year ago",6
RITES,-0.05549084462304523,-0.13906004591035404,0.12073394495412848,-0.5285240045328019,0.78363496341933,0.0,0.0,1.8854183253866938,33.73752842876632,0.01775230824210822,0.08704695543653473,-0.050315410453577014,-0.02337631501133702,73171487.12,7.557445153867737,8.66990648098993,8.968830840663777,0.3598360057083766,0.0,-5.454672201112998,-0.18999999999999773,1.0,16.927665920954514,0.0,20669.0,True,True,24.070955534531695,Civil Construction,Industrials,89.0,103,"Uptrend (price > 50 > 150 > 200-day, 200-day rising); Within 15% of 52-week high; Quarterly profit growth >= 25%; Sales growth >= 20% or 2+ strong quarters; 3-year profit growth >= 15%/yr; ROE >= 20%; RS rating >= 80; Net profit margin up vs a year ago",8
RKFORGE,0.13131209278565337,0.36433599249178794,0.4450298210735586,1.0442179027824132,0.948046066252588,0.0,1.0,0.9115455010380737,0.7915040943181822,0.023217067584066282,0.04597044756941959,0.02911410363199396,-0.016736291057043676,549041821.7,297.7390792370497,19.83826802986428,369.61195648377645,0.4438911961240027,1.0,-25.251174320708934,2.6900000000000004,1.0,2.188449848024316,-0.6799999999999997,20658.0,True,True,81.0170293282876,Auto Components & Equipments,Consumer Discretionary,19.0,103,Sales growth >= 20% or 2+ strong quarters; 3-year profit growth >= 15%/yr; ROE >= 20%,3
RML,0.18366280047646863,0.3778185151237399,0.6845722824056781,1.6109652811386537,0.9683333333333334,0.0,1.0,1.2576286342128808,0.8154928450209153,0.033101994330574626,0.1494589320560582,0.14884760961591392,-0.025085178682544326,50226329.2,56.09333403853953,18.285260049965913,-243.90666596146048,0.28970548766759946,5.0,40.25872232179886,0.7000000000000002,1.0,14.247669773635153,0.09000000000000008,20649.0,True,True,87.29233680227058,Auto Components & Equipments,Consumer Discretionary,19.0,103,ROE >= 20%,1
ROLEXRINGS,0.14969032331700519,0.31708603284616554,0.47910321489001695,0.9128620373138001,0.9456281407035176,1.0,1.0,1.014667129385964,1.2701403127418158,0.03130171321613224,0.07684251143817877,0.09744120892322705,-0.056853246273775374,262175877.045,22.329351835058773,4.376157486796073,50.002605560093116,1.039562482198941,1.0,-0.5495115638293746,2.900000000000002,1.0,11.624072547403133,-2.1199999999999974,20679.0,True,True,83.17123935666982,Auto Components & Equipments,Consumer Discretionary,19.0,103,Quarterly profit growth >= 25%; Sales growth >= 20% or 2+ strong quarters; 3-year profit growth >= 15%/yr; ROE >= 20%,4
ROSSTECH,0.3358057654306377,0.5301213076554041,0.5416378953183261,1.9555067052034645,0.9488522660388463,1.0,1.0,1.0097547593989458,1.27638302252576,0.03140800279461438,0.09884533352945502,0.3538048626460373,-0.060428532841415195,264690251.7,116.44627888608632,77.09240999770697,106.7268542124451,0.7841265933509917,1.0,,0.8400000000000003,1.0,14.193548387096774,-2.6499999999999995,20662.0,True,True,96.19016083254495,Aerospace & Defense,Industrials,20.0,103,3-year profit growth >= 15%/yr; ROE >= 20%,2
ROUTE,-0.14134323280830957,-0.3700437773608506,0.09679878048780477,-1.2396342948318293,0.5255260750228729,0.0,0.0,-0.3047478537375746,0.5344446435345639,0.021716420140652715,0.024755564801331564,-0.13740456486785735,-0.04373402031977546,83028203.3,16.638092553365745,9.580997877867969,-29.61081167000657,0.46378776572869274,0.0,1.705367822555326,0.3600000000000003,1.0,9.277978339350181,-0.6400000000000006,20657.0,True,True,2.9971617786187323,Other Telecom Services,Telecommunication,78.0,103,"Uptrend (price > 50 > 150 > 200-day, 200-day rising); Within 15% of 52-week high; Quarterly profit growth >= 25%; Sales growth >= 20% or 2+ strong quarters; 3-year profit growth >= 15%/yr; ROE >= 20%; RS rating >= 80",7
RPEL,0.40057061402284755,1.9088103687702516,2.007418042593922,3.4873712843345515,0.9443844214642176,0.0,1.0,0.6004986636544631,1.6530749699043623,0.03730729993563702,0.06936005171299287,0.1608537549407114,-0.04432185759755966,133408113.5,67.53869748015696,48.716632443531836,17.85119501223989,6.837658333985101,9.0,34.737847458577484,2.530000000000001,1.0,22.448979591836736,0.4600000000000001,20649.0,True,True,97.50141911069063,Electrodes & Refractories,Industrials,4.0,103,,0
RPGLIFE,0.10123221486350482,0.15061599861183428,0.3805954611701021,0.6871161872538726,0.9377837457637955,1.0,1.0,0.15098410804494233,3.8255717653054724,0.02959453063814631,0.10138701809312312,0.06339474233740927,-0.04219741596162575,39643442.85,17.038974960843035,15.847738574473125,-16.66743359321387,0.7163658552480734,0.0,17.78397679733461,0.16000000000000014,1.0,19.00826446280992,1.3099999999999987,20636.0,True,True,75.02270577105014,Pharmaceuticals,Healthcare,27.0,103,Quarterly profit growth >= 25%; Sales growth >= 20% or 2+ strong quarters; ROE >= 20%; RS rating >= 80,4
RPOWER,-0.1662160835029904,-0.5078194816800714,-0.02694346289752647,-1.184582879349282,0.4039030159668835,0.0,0.0,0.006936060941852235,2.357406463991898,0.015581921628324436,0.035033487892838666,-0.07589479001298893,-0.028012134712178036,369028194.645,44.90206664186373,3.7516307979507557,144.90206664186374,0.04209408740900637,1.0,-52.50821174298772,0.94,1.0,-2.100997506234414,-0.8099999999999987,20659.0,True,True,1.0302743614001892,Power Generation,Utilities,84.0,103,"Uptrend (price > 50 > 150 > 200-day, 200-day rising); Within 15% of 52-week high; Sales growth >= 20% or 2+ strong quarters; 3-year profit growth >= 15%/yr; ROE >= 20%; RS rating >= 80",6
RPTECH,0.3525167660761186,1.585671263274687,1.2364957499314504,4.547627337591334,0.9537672937195182,1.0,1.0,0.14238096966543068,2.9846693583460984,0.030670750718958972,0.08824978445621379,0.12846946213842148,-0.06503003441763619,262569686.14999998,69.28558447432474,61.85353442423245,-1.1372656362164832,2.0402541989293344,3.0,23.289581652072687,0.08999999999999986,1.0,13.925925925925926,-2.280000000000001,20669.0,True,True,96.75212866603594,Computers Hardware & Equipments,Information Technology,13.0,103,ROE >= 20%,1
RRKABEL,0.25930693889890105,1.148649757859312,0.9628824235152968,3.2629224739571074,0.9349487231047656,0.0,1.0,0.4010724897492922,1.5414940070456717,0.027514045360052603,0.05351208459214485,0.056931945964131536,-0.03813784879362303,938338899.4000001,117.0847159867265,53.90070921985814,87.11083532912127,3.02275630870609,6.0,35.42092794879104,1.79,1.0,19.106796116504853,0.11999999999999744,20661.0,True,True,93.1929990539262,Cables - Electricals,Industrials,3.0,103,ROE >= 20%,1
RSYSTEMS,-0.0796942514002772,-0.392984142239308,-0.04947514955415944,-0.8408388527275225,0.5650378527185135,0.0,0.0,1.6033068442546403,23.874710858089262,0.03371887524622713,0.16802478567184442,-0.014199844865554256,-0.07622887691928885,50776936.480000004,-26.714500181667955,30.232457469373642,-96.24039246732129,-1.043469003427923,0.0,17.91986850623546,-7.1800000000000015,1.0,23.484848484848484,-2.0,20669.0,True,True,14.423841059602648,IT Enabled Services,Information Technology,51.0,103,"Uptrend (price > 50 > 150 > 200-day, 200-day rising); Within 15% of 52-week high; Quarterly profit growth >= 25%; RS rating >= 80; Net profit margin up vs a year ago",5
RTNINDIA,-0.15603996006121568,-0.47431966270601766,-0.04723862452240357,-1.1629496499855425,0.47944954128440365,0.0,0.0,-0.28033864117227464,3.4972170459135468,0.018422242011360047,0.02631578947368407,-0.10190754425158965,-0.02479046866586026,32681027.08,-97.05889241914342,-19.138156131386218,0.0,-1.2900346992490153,0.0,-47.40060513418891,-20.93,1.0,-21.614583333333336,-0.15999999999999925,20670.0,True,True,1.4049195837275308,E-Retail/ E-Commerce,Consumer Discretionary,36.0,103,"Uptrend (price > 50 > 150 > 200-day, 200-day rising); Within 15% of 52-week high; Quarterly profit growth >= 25%; Sales growth >= 20% or 2+ strong quarters; 3-year profit growth >= 15%/yr; ROE >= 20%; RS rating >= 80; Net profit margin up vs a year ago",8
RUBICON,,,1.2916693553591019,,0.8408636124275934,0.0,0.0,0.5762718696264472,2.0057671761986944,0.02798289480824771,0.06417295813315027,-0.05547432129962182,-0.04561797374152031,380689115.5,95.90677047414104,51.590116031660486,-15.929659489015023,,8.0,,3.59,1.0,19.162141194724594,-0.6099999999999994,20670.0,True,True,,Pharmaceuticals,Healthcare,27.0,103,"Uptrend (price > 50 > 150 > 200-day, 200-day rising); Within 15% of 52-week high; 3-year profit growth >= 15%/yr; ROE >= 20%; RS rating >= 80",5
RVNL,-0.12171045815945321,-0.38040260509177026,-0.1970382874242308,-1.216710801356661,0.49608185675068633,0.0,0.0,-0.3979137171890007,3.696703417296075,0.015992865572595057,0.062419434804164675,-0.07824827293273595,-0.030131257435086413,825412786.315,18.58648316240088,10.55216858500243,78.76504593714793,0.287063542097681,0.0,-15.15302106093519,0.25,1.0,8.867847688861739,-2.2700000000000014,20669.0,True,True,5.526017029328288,Civil Construction,Industrials,89.0,103,"Uptrend (price > 50 > 150 > 200-day, 200-day rising); Within 15% of 52-week high; Quarterly profit growth >= 25%; Sales growth >= 20% or 2+ strong quarters; 3-year profit growth >= 15%/yr; ROE >= 20%; RS rating >= 80",7
SAFARI,-0.12159401991259568,-0.3111080686381891,0.007475138490289135,-1.1259217333475158,0.5257069921423159,0.0,0.0,-0.8932347310820229,1.5150012269621709,0.01516416868591961,0.0287027171017582,-0.12034460066448016,-0.05275684046135224,40569664.400000006,-5.502493985201662,11.509387492184974,-5.195855734349786,-0.29206309853787926,0.0,3.609718369337389,-1.4600000000000009,1.0,15.067264573991032,-0.28999999999999915,20647.0,True,True,5.619678334910123,Plastic Products - Consumer,Consumer Discretionary,58.0,103,"Uptrend (price > 50 > 150 > 200-day, 200-day rising); Within 15% of 52-week high; Quarterly profit growth >= 25%; Sales growth >= 20% or 2+ strong quarters; 3-year profit growth >= 15%/yr; ROE >= 20%; RS rating >= 80; Net profit margin up vs a year ago",8
SAGILITY,0.023993991218820197,0.08458864426419455,0.12149532710280386,0.04835968235318176,0.7579892900328209,0.0,0.0,0.74164539040213,0.7790667464577966,0.019227243096344382,0.030772844726333126,-0.009606009172655416,-0.02925975639079642,626924760.8499999,52.97161069953875,27.58652059209585,11.82750984220251,1.502582097033385,8.0,,1.92,1.0,9.576560720571488,-0.8899999999999935,20655.0,True,True,53.480605487228,IT Enabled Services,Information Technology,51.0,103,"Uptrend (price > 50 > 150 > 200-day, 200-day rising); Within 15% of 52-week high; 3-year profit growth >= 15%/yr; ROE >= 20%; RS rating >= 80",5
SAIL,0.07889058026661867,0.5035872385895281,0.26965712812580556,0.9910198565412034,0.849308536003815,0.0,0.0,0.3833530144789204,1.2771620424344539,0.02139874355173129,0.06568588012183207,-0.00644000928289612,-0.02512837009964333,2970720811.42,134.60265740010735,1.249567930572626,71.61322854806392,2.1244383166726895,3.0,51.35491282133713,3.7800000000000002,1.0,5.588508184770363,0.5500000000000043,20658.0,True,True,68.93472090823084,Iron & Steel,Commodities,60.0,103,"Uptrend (price > 50 > 150 > 200-day, 200-day rising); Within 15% of 52-week high; ROE >= 20%; RS rating >= 80",4
SAILIFE,0.19047662786651007,0.8345759552656105,0.6405021094848689,2.4138223091423376,0.9181496758986446,0.0,1.0,0.5094098133784358,0.8822640852385424,0.020554155279127972,0.042732337300582346,0.045887201793601395,-0.020999786183268903,636125974.8,21.19143841663287,11.657467467064176,3.300512542958245,0.5890800415035442,1.0,,1.040000000000001,1.0,14.049919484702095,-0.3500000000000014,20671.0,True,True,87.76064333017976,Pharmaceuticals,Healthcare,27.0,103,Quarterly profit growth >= 25%; Sales growth >= 20% or 2+ strong quarters; 3-year profit growth >= 15%/yr; ROE >= 20%,4
SAKAR,0.31046927541817426,1.8245441795231416,0.954104405200854,3.524108064377126,0.8525429930479327,1.0,1.0,0.5748912546875585,1.235776285605828,0.03457192368981587,0.0939934904822961,0.05627098564136346,-0.046994016992773106,103721227.35,120.2784151653244,38.35798255593477,28.8673453684124,2.4895455223267127,3.0,41.57144784435127,5.24,1.0,9.25925925925926,-0.759999999999998,20658.0,True,True,94.69157994323557,Pharmaceuticals,Healthcare,27.0,103,ROE >= 20%,1
SAKSOFT,-0.06902949852924005,-0.2308577719947953,0.23873619730797135,-0.5855057762423859,0.6401183909592358,0.0,0.0,-0.28099745451348385,0.6295326935422346,0.02271594598248946,0.038826696896698376,-0.08581807561950971,-0.017208133079905662,38875948.099999994,-9.478700334142165,-0.18067210021278646,-29.126982941899715,-0.975572793708172,0.0,14.452610701673452,-1.2100000000000009,1.0,17.073170731707318,-0.20999999999999996,20652.0,True,True,20.04351939451277,Computers - Software & Consulting,Information Technology,94.0,103,"Uptrend (price > 50 > 150 > 200-day, 200-day rising); Within 15% of 52-week high; Quarterly profit growth >= 25%; Sales growth >= 20% or 2+ strong quarters; 3-year profit growth >= 15%/yr; ROE >= 20%; RS rating >= 80; Net profit margin up vs a year ago",8
SALSTEEL,0.4010390446370753,1.9500179791441932,1.0428286852589643,4.419253617311859,0.8749999999999999,1.0,1.0,-0.13349235465395196,2.0802367463091116,0.0384639988544919,0.04998823806163255,0.18678954883453547,-0.09872739511630133,48284139.255,100.0,-31.571115288220554,-400.0,1.898221249191352,1.0,-38.12981416059562,11.11,1.0,-0.0,0.0,20679.0,True,True,97.59508041627247,Sponge Iron,Commodities,,103,Sales growth >= 20% or 2+ strong quarters; 3-year profit growth >= 15%/yr; ROE >= 20%,3
SAMBHV,0.17662401430593871,0.13123909249563703,0.28521859819569717,0.8948577967949249,0.9446126965637741,1.0,1.0,1.2364038823172783,2.2654916703894945,0.0316012354168726,0.14315593771787127,0.2222213849179735,-0.08005605823506833,224001454.44,66.96765643483415,31.06528471439056,-170.08609672723173,1.4760846249023227,5.0,,1.6600000000000001,1.0,13.472485768500949,0.09000000000000075,20668.0,True,True,85.98107852412488,Iron & Steel Products,Industrials,16.0,103,3-year profit growth >= 15%/yr; ROE >= 20%,2
SAMHI,-0.07132156393558597,-0.2447908933432319,0.11599502669494632,-0.6965312030830233,0.6890473999079613,0.0,0.0,0.3100358839372173,0.8420134077169835,0.022173775642818687,0.05097421767368626,-0.07384268995719634,-0.030246100260453587,127468636.875,13.091957416682188,12.122993277249194,-286.9080425833178,0.029303183176174606,0.0,,0.07000000000000028,1.0,25.98533455545371,1.2999999999999972,20668.0,True,True,18.170293282876063,Hotels & Resorts,Consumer Discretionary,66.0,103,"Uptrend (price > 50 > 150 > 200-day, 200-day rising); Within 15% of 52-week high; Quarterly profit growth >= 25%; Sales growth >= 20% or 2+ strong quarters; 3-year profit growth >= 15%/yr; RS rating >= 80",6
SAMMAANCAP,-0.03880303079430347,0.11522275431722528,0.045933991153453535,-0.06266418757368022,0.6965535112723504,0.0,0.0,-0.051338021242739215,1.104807914864417,0.017606998976471125,0.030513988288874527,-0.10799499309094329,-0.029589459316586485,725747230.15,-27.226658344527866,-31.179046214478834,72.77334165547214,-0.05128872525086128,0.0,2.963715331294803,0.8000000000000007,1.0,-37.62110362257793,-30.749999999999996,20678.0,True,True,30.81456953642384,Housing Finance Company,Financial Services,90.0,103,"Uptrend (price > 50 > 150 > 200-day, 200-day rising); Within 15% of 52-week high; Quarterly profit growth >= 25%; Sales growth >= 20% or 2+ strong quarters; 3-year profit growth >= 15%/yr; ROE >= 20%; RS rating >= 80",7
SANATHAN,0.04629629873351036,-0.13390000000000002,0.033039122137404675,0.1494016460932092,0.9657358074591218,1.0,1.0,0.547535342122247,0.9486199293026478,0.025458085952542137,0.0743687672395501,0.10418145840597925,-0.05106317514189314,31929352.400000002,-41.1884043706941,79.07800466901011,9.51293965278932,-1.1827943493479196,0.0,,-3.6399999999999997,1.0,4.113247863247863,0.3100000000000005,20655.0,True,True,60.03689687795648,Other Textile Products,Consumer Discretionary,23.0,103,Quarterly profit growth >= 25%; 3-year profit growth >= 15%/yr; ROE >= 20%; RS rating >= 80; Net profit margin up vs a year ago,5
SANDHAR,0.033482027231561615,0.3843016205490024,0.36089736642462333,0.5255172057034584,0.7312631027253669,0.0,0.0,0.19978321879779362,0.9229661797542628,0.020837477301365297,0.022099447513812098,-0.09994032931765773,-0.027000782480364187,96190505.55000001,33.18084291972754,26.768431964333228,-22.887501392847653,0.8136988582604279,2.0,36.19292258063243,0.13000000000000034,1.0,14.928732183045762,-1.25,20676.0,True,True,56.47776726584674,Auto Components & Equipments,Consumer Discretionary,19.0,103,"Uptrend (price > 50 > 150 > 200-day, 200-day rising); Within 15% of 52-week high; ROE >= 20%; RS rating >= 80",4
SANDUMA,0.03153792595923281,0.22078963602714374,0.08118887614052328,0.25648094416062034,0.6717216117216117,0.0,0.0,-0.18480038172648117,1.049345781767328,0.017160373983024797,0.03400056385678041,-0.06839176925296597,-0.014685555841987465,96327587.54999998,36.30339215102853,21.085451566876266,-14.701927081143488,1.100953466892562,2.0,38.97286005507892,1.8499999999999996,1.0,20.221266133988934,0.020000000000000018,20662.0,True,True,56.10312204351939,Iron & Steel,Commodities,60.0,103,"Uptrend (price > 50 > 150 > 200-day, 200-day rising); Within 15% of 52-week high; RS rating >= 80",3
SANGHVIMOV,0.041654633777159056,0.23838162930563156,0.5802141835560051,0.2911215337593136,0.7945075757575758,0.0,0.0,0.21903599673322335,1.6204909671377195,0.029753273674661965,0.027924066135946113,-0.0762638340225571,-0.04231216140687492,145792971.35,29.82713221150748,38.89010828211881,2.728051867577431,1.6080173055270628,2.0,22.306316868049247,-1.1999999999999993,1.0,14.035087719298245,0.4299999999999997,20665.0,True,True,58.91296121097445,Diversified Commercial Services,Services,63.0,103,"Uptrend (price > 50 > 150 > 200-day, 200-day rising); Within 15% of 52-week high; ROE >= 20%; RS rating >= 80; Net profit margin up vs a year ago",5
SANOFI,-0.10402824366497335,-0.3280404338212066,-0.022725880551301647,-1.8950908855058837,0.6220906492445897,0.0,0.0,0.07218874770295101,0.8227215517879618,0.010644507912176873,0.026307168129996006,-0.04750353395882789,-0.011902922423581432,48911542.5,22.368204406228532,9.73998294970162,20.391585366341047,0.3966936323154757,1.0,-13.83726535575176,1.7100000000000009,1.0,47.96747967479675,-1.2100000000000009,20146.0,True,True,8.991485335856197,Pharmaceuticals,Healthcare,27.0,103,"Uptrend (price > 50 > 150 > 200-day, 200-day rising); Within 15% of 52-week high; Quarterly profit growth >= 25%; Sales growth >= 20% or 2+ strong quarters; 3-year profit growth >= 15%/yr; RS rating >= 80",6
SANSERA,0.32125901402891033,1.6445219818562458,0.7736590845268183,4.606897626235897,0.8923579635290396,1.0,1.0,0.4512306091268037,3.6739634031478543,0.027541027716224933,0.06737258552478465,0.07316778828406734,-0.05831254522573356,820178684.4,58.56190920428514,33.26982552752804,-49.1118449997893,1.8870269107491697,6.0,33.23786873819699,1.5599999999999987,1.0,10.592808551992224,-1.6099999999999994,20677.0,True,True,95.15988647114474,Auto Components & Equipments,Consumer Discretionary,19.0,103,ROE >= 20%,1
SAPPHIRE,-0.010213931285942827,-0.24025240783792767,0.48574397609924014,-0.6198935078865109,0.6929468599033817,0.0,0.0,0.8177341106418733,1.8581872058369053,0.02789564998281353,0.044420562421637166,-0.03402984109710072,-0.04510723483225246,203099116.78500003,100.0,14.691760101952811,200.0,2.002493185764674,1.0,-77.82899845817543,1.79,1.0,-2.302158273381295,0.7000000000000028,20658.0,True,True,41.11731315042574,Restaurants,Consumer Discretionary,74.0,103,"Uptrend (price > 50 > 150 > 200-day, 200-day rising); Within 15% of 52-week high; Sales growth >= 20% or 2+ strong quarters; 3-year profit growth >= 15%/yr; ROE >= 20%; RS rating >= 80",6
SARDAEN,-0.021362518368596484,-0.10566737288135586,-0.02436440677966112,-0.35591410171128246,0.8024038461538462,0.0,0.0,1.3666070317633539,0.2854260195150348,0.017381637394402214,0.05001442723862648,-0.014736643256741178,-0.00801153720497919,146202061.4,9.474990399103934,-1.5351078616872016,-44.80087318088897,0.5160640386234829,0.0,23.74934725711375,2.990000000000002,1.0,15.047489823609226,0.16000000000000014,20666.0,True,True,37.464522232734154,Iron & Steel,Commodities,60.0,103,"Uptrend (price > 50 > 150 > 200-day, 200-day rising); Within 15% of 52-week high; Quarterly profit growth >= 25%; Sales growth >= 20% or 2+ strong quarters; ROE >= 20%; RS rating >= 80",6
SAREGAMA,0.056258984117999816,0.045314981471678006,0.5402496099843994,0.15767093965011877,0.8767624020887729,0.0,0.0,0.8132983145912773,2.10605442743954,0.022832823585171937,0.031032363785334027,-0.006687162659167689,-0.01427513818009249,200328959.225,42.0666936104154,27.484644774387014,8.241645109993861,1.7712558178247215,2.0,6.8280165695524975,2.0199999999999996,1.0,12.174940898345152,0.8200000000000003,20669.0,True,True,63.40870387890256,Media & Entertainment,Consumer Discretionary,42.0,103,"Uptrend (price > 50 > 150 > 200-day, 200-day rising); 3-year profit growth >= 15%/yr; ROE >= 20%; RS rating >= 80",4
SASKEN,0.04702624968842041,0.3683377688268721,0.6028309040357234,0.37928579715398086,0.6040932307028272,0.0,0.0,-0.2492057632104204,1.3434887627124388,0.024837159621345015,0.037063396474323884,-0.08358851350908925,-0.021094584258437042,32948896.000000004,134.83035696626916,24.022959090410566,-16.94982393931474,1.4898488246162862,3.0,-11.052278861656351,3.2699999999999996,1.0,6.900584795321637,0.9100000000000001,20642.0,True,True,60.22421948912015,IT Enabled Services,Information Technology,51.0,103,"Uptrend (price > 50 > 150 > 200-day, 200-day rising); Within 15% of 52-week high; 3-year profit growth >= 15%/yr; ROE >= 20%; RS rating >= 80",5
SATIN,0.10934987997554359,0.5122707845029644,0.506662087912088,1.6706751758556586,0.8329685562121544,0.0,1.0,-0.1681922208260594,10.742691764546155,0.02251297309377087,0.05575847242128629,0.0034654383388394994,-0.03226310422390537,55373764.555,172.0725888837872,8.389390599445345,-127.9274111162128,0.9126548703256082,3.0,10.65849861854893,9.68,1.0,11.59622773314705,2.379999999999999,20648.0,True,True,76.240302743614,Microfinance Institutions,Financial Services,54.0,103,Within 15% of 52-week high; 3-year profit growth >= 15%/yr; ROE >= 20%; RS rating >= 80,4
SBC,0.33973962018095916,1.0032422417786013,0.4143230869849577,6.4566012664548085,0.9576284339593356,1.0,1.0,0.5041972826162371,3.4188754609852654,0.022286676638012846,0.10435325973755472,0.36409059153335277,-0.0846973681895938,398102286.02,268.08216027233425,67.09908915263595,216.44664625364268,2.1457132134025634,4.0,49.13649500395672,4.33,1.0,30.864197530864196,2.1,20677.0,True,True,96.37748344370861,Garments & Apparels,Consumer Discretionary,22.0,103,,0
SBCL,0.3117399160889218,1.1497117351683093,1.8182372302816048,1.8829750100650606,0.9044994653286171,0.0,1.0,1.0720797054665259,0.44544032453112475,0.044311612753692844,0.04369640576537126,0.08474977557241359,-0.03572958108785787,283048812.625,44.01752390181559,33.382137628111266,20.217677897716513,2.51196287512485,5.0,10.645387412851793,1.3300000000000018,1.0,19.91701244813278,-5.150000000000002,20671.0,True,True,94.7852412488174,Iron & Steel Products,Industrials,16.0,103,3-year profit growth >= 15%/yr; ROE >= 20%,2
SBFC,-0.06158212377926567,-0.06258797034812791,0.20988252391909912,-0.7053085213595656,0.6770731707317074,0.0,0.0,0.0397693276447053,2.965707132275755,0.017349452837269762,0.023009758602978936,-0.10698201096327553,-0.048055096232743635,82426860.32,27.554945564785903,29.317701050518075,-10.70417027802391,2.904336425765002,12.0,,-0.35999999999999943,1.0,10.815047021943574,-0.240000000000002,20204.0,True,True,22.572374645222325,Non Banking Financial Company (NBFC),Financial Services,37.0,103,"Uptrend (price > 50 > 150 > 200-day, 200-day rising); Within 15% of 52-week high; 3-year profit growth >= 15%/yr; ROE >= 20%; RS rating >= 80; Net profit margin up vs a year ago",6
SBICARD,-0.08955535037066004,-0.24357727298735488,0.03572547790661229,-1.2746654775146011,0.5900518134715026,0.0,0.0,0.5347932439521489,0.6368013276342831,0.0190197399732978,0.03049668338456568,-0.10807572114443253,-0.05247425825410854,927233634.9,19.493107240103093,3.3551913912879483,5.420907006903121,0.8462060614921432,0.0,0.7539244290301061,1.7799999999999994,1.0,13.779727839247109,-0.5500000000000007,20679.0,True,True,12.082308420056764,Non Banking Financial Company (NBFC),Financial Services,37.0,103,"Uptrend (price > 50 > 150 > 200-day, 200-day rising); Within 15% of 52-week high; Quarterly profit growth >= 25%; Sales growth >= 20% or 2+ strong quarters; 3-year profit growth >= 15%/yr; ROE >= 20%; RS rating >= 80",7
SBILIFE,-0.011723587421154022,-0.04658661329775404,-0.033258173618940234,-0.12823126973986673,0.8208255159474672,0.0,0.0,-0.31797028481484757,3.1994276530952064,0.013534549132559526,0.04063843571470649,-0.015096599325538085,-0.017567859158564635,1658549669.8000002,21.949838953158405,18.82292000564152,23.123936540913125,1.4058533471399,1.0,12.212579556278147,0.040000000000000036,1.0,12.941423032589332,-0.01999999999999602,20679.0,True,True,40.55534531693472,Life Insurance,Financial Services,93.0,103,"Uptrend (price > 50 > 150 > 200-day, 200-day rising); Within 15% of 52-week high; Quarterly profit growth >= 25%; Sales growth >= 20% or 2+ strong quarters; 3-year profit growth >= 15%/yr; ROE >= 20%; RS rating >= 80",7
SBIN,0.00971837009194099,0.19423536962483223,0.004909662215239585,0.5007888031608175,0.776504414027699,0.0,0.0,0.11542284807399994,2.9121077883959186,0.01192344130800938,0.0241735537190082,-0.061867341437233936,-0.01642429866841289,7711918052.9,13.597014649394112,8.360709744188831,12.955226836732692,1.520017302203885,0.0,8.173757413715865,0.8500000000000014,1.0,14.538079717377556,-0.18999999999999773,20672.0,True,True,48.51655629139073,Public Sector Bank,Financial Services,52.0,103,"Uptrend (price > 50 > 150 > 200-day, 200-day rising); Within 15% of 52-week high; Quarterly profit growth >= 25%; Sales growth >= 20% or 2+ strong quarters; 3-year profit growth >= 15%/yr; ROE >= 20%; RS rating >= 80",7
SCHAEFFLER,-0.02159560856937781,-0.010370741482965906,0.04946339390075449,-0.1498803472565159,0.8546008013071603,0.0,0.0,-0.2503731430746269,1.5377265573981094,0.012852446487685097,0.05677774993735918,-0.050622996799852826,-0.02884718651411154,194144424.2,13.493645893862771,17.340888127553033,-12.099074621463357,1.3915502113895415,0.0,11.54928982291139,-0.3999999999999986,1.0,19.014550264550266,0.0,20656.0,True,True,37.18353831598864,Auto Components & Equipments,Consumer Discretionary,19.0,103,"Uptrend (price > 50 > 150 > 200-day, 200-day rising); Quarterly profit growth >= 25%; Sales growth >= 20% or 2+ strong quarters; 3-year profit growth >= 15%/yr; ROE >= 20%; RS rating >= 80; Net profit margin up vs a year ago",7
SCHNEIDER,0.09713304068948857,0.42549371633752253,0.31449699243971097,1.070677681843464,0.8229974160206718,0.0,1.0,0.11386375143432376,3.904266516712144,0.028768879690340074,0.05983048030580029,0.014202012482486204,-0.023684120348027585,333021088.15,-69.81376432402246,4.782587712948216,1.7717464703470682,-1.135347708722775,0.0,14.422809220698785,-4.72,1.0,30.869565217391305,0.8200000000000003,20679.0,True,True,73.71144749290445,Heavy Electrical Equipment,Industrials,35.0,103,Within 15% of 52-week high; Quarterly profit growth >= 25%; Sales growth >= 20% or 2+ strong quarters; 3-year profit growth >= 15%/yr; RS rating >= 80; Net profit margin up vs a year ago,6
SCI,0.05487031974946346,0.308272344200488,0.29052723692846194,0.6073313824476785,0.783728813559322,0.0,1.0,0.23054701321200352,8.992809030056787,0.02067023644453349,0.08818573300879984,0.007874674794763115,-0.025227878760720236,453719284.85,74.8814295323388,40.31184462478343,-43.68630432668617,1.5766269574991465,3.0,20.166461283747527,6.629999999999999,1.0,14.87467018469657,-0.40000000000000036,20671.0,True,True,62.75307473982971,Shipping,Services,2.0,103,Within 15% of 52-week high; ROE >= 20%; RS rating >= 80,3
SDBL,-0.07869616448534342,-0.4618348895805543,0.04459148446490224,-0.8540958135114386,0.5442647058823529,0.0,0.0,1.164276675129731,1.2599735815188924,0.034233964115765084,0.10588935157644275,0.022723190476322097,-0.06525710559078099,33471475.68,-96.29555571490825,-49.15969567356827,3.7044442850917534,-1.5918796848419465,0.0,-28.306545887890668,-7.38,1.0,1.2836970474967908,-1.02,20676.0,True,True,14.798486281929991,Breweries & Distilleries,Fast Moving Consumer Goods,55.0,103,"Uptrend (price > 50 > 150 > 200-day, 200-day rising); Within 15% of 52-week high; Quarterly profit growth >= 25%; Sales growth >= 20% or 2+ strong quarters; 3-year profit growth >= 15%/yr; ROE >= 20%; RS rating >= 80; Net profit margin up vs a year ago",8
SEAMECLTD,0.15063305825779302,0.976218129528234,0.1944908738383364,2.093442742078457,0.8571660356949703,0.0,0.0,0.5119658378692695,1.0779452506623985,0.016536736244071835,0.0216854724964739,-0.02850431714562074,-0.03774130371977315,96403311.35,7.3140299724124835,40.77375308173716,-145.88121496958553,0.10833038184186745,0.0,91.83160905577985,-8.54,1.0,19.52344350499616,2.0999999999999996,20678.0,True,True,83.3585619678335,Shipping,Services,2.0,103,"Uptrend (price > 50 > 150 > 200-day, 200-day rising); Quarterly profit growth >= 25%; ROE >= 20%; Net profit margin up vs a year ago",4
SENCO,-0.014177591544135183,0.031471631205673756,0.2086218836565097,-0.13628557290778337,0.7412790697674418,0.0,0.0,0.2679537349344209,0.8544845476994429,0.03064503245628632,0.03141690229343386,-0.10837664408353709,-0.03312265160349889,303642121.35,-3.3362538506545913,67.33633396850429,-154.79726115325158,-0.03969013266080448,0.0,51.032246329498406,-2.4200000000000004,1.0,22.8321400159109,0.2099999999999973,20675.0,True,True,39.806054872280036,"Gems, Jewellery And Watches",Consumer Discretionary,10.0,103,"Uptrend (price > 50 > 150 > 200-day, 200-day rising); Within 15% of 52-week high; Quarterly profit growth >= 25%; RS rating >= 80; Net profit margin up vs a year ago",5
SENORES,0.19027580878416736,1.1235154394299287,0.823908192540644,2.598569352510028,0.8684177611006879,0.0,0.0,0.09587602253395956,1.985658720071954,0.023147887436089108,0.051014229488343776,-0.02361163847051717,-0.01942418628286471,293408669.1,43.783680684976225,30.596420030436988,-60.31757978851717,1.5840596091691264,11.0,,1.549999999999999,1.0,13.062098501070663,3.130000000000001,20661.0,True,True,87.66698202459793,Pharmaceuticals,Healthcare,27.0,103,"Uptrend (price > 50 > 150 > 200-day, 200-day rising); 3-year profit growth >= 15%/yr; ROE >= 20%",3
SETL,0.4069907885320626,1.2161473087818697,2.083806370230211,2.767966245612943,0.9148777101356403,0.0,1.0,1.1543673798508705,0.8233530172062484,0.031090376640017618,0.04993819530284305,0.20771720863082166,-0.03148013449353089,253295455.40000004,26.588650769617985,43.1155023978737,-1.305861634843673,1.1131748531132708,3.0,,-1.4100000000000001,1.0,10.532994923857867,0.19999999999999973,20671.0,True,True,97.78240302743615,Industrial Products,Industrials,11.0,103,3-year profit growth >= 15%/yr; ROE >= 20%; Net profit margin up vs a year ago,3
SFL,-0.020771746610368604,-0.03291594811426868,0.2930325814536341,-0.1670290294062991,0.7488738062346086,0.0,0.0,0.39594806643550284,0.7172699473113854,0.021557350635248038,0.05173486852341691,-0.07923946420421579,-0.027822097778200834,99186960.275,300.0,25.63031859850746,0.0,1.482505927928587,3.0,-0.6035635782596915,4.79,1.0,4.950799507995081,-2.010000000000005,20669.0,True,True,37.93282876064333,"Furniture, Home Furnishing",Consumer Discretionary,,103,"Uptrend (price > 50 > 150 > 200-day, 200-day rising); Within 15% of 52-week high; 3-year profit growth >= 15%/yr; ROE >= 20%; RS rating >= 80",5
SGFIN,0.14581488124977815,0.9362036904591615,0.4960212201591512,2.076565632186185,0.9102343803697848,0.0,0.0,0.44993186962022164,9.641007088323546,0.02421543951955766,0.07296035451452099,-0.0010861858282921188,-0.035261593765293,139697133.3,118.91585444569554,101.37594318686199,41.22953994670186,3.9711718507946596,5.0,65.07948610273031,3.1599999999999966,1.0,8.767123287671232,-0.8199999999999998,20679.0,True,True,82.60927152317882,Non Banking Financial Company (NBFC),Financial Services,37.0,103,"Uptrend (price > 50 > 150 > 200-day, 200-day rising); ROE >= 20%",2
SGMART,0.20804474665831885,1.2478302796528449,0.6161846275752774,2.5666115171728423,0.8631768533581222,0.0,0.0,0.13332173596527808,1.4100091404927269,0.025786609236457876,0.03625771076079509,-0.016712642095844,-0.020180698073814035,163547582.575,41.184946609002424,14.408491217639895,15.913755664438597,1.1122508951679706,2.0,314.82618269731233,0.6600000000000001,1.0,6.950532247964934,-1.12,20654.0,True,True,89.63386944181646,Trading - Metals,Commodities,,103,"Uptrend (price > 50 > 150 > 200-day, 200-day rising); ROE >= 20%",2
SHAILY,0.09766166771134745,0.45651107841826044,0.5682330917294676,0.7441751966032162,0.8575735782252711,0.0,0.0,0.6467018444229403,0.6119138717948629,0.02236400069439799,0.03660549876182606,-0.03736404859164466,-0.02409251927243419,375286271.1,16.777415525042837,13.774372694474856,-23.76023802667517,0.8469102193548284,0.0,66.54813763384276,0.4399999999999977,1.0,23.743016759776538,5.679999999999996,20673.0,True,True,74.17975402081362,Plastic Products - Consumer,Consumer Discretionary,58.0,103,"Uptrend (price > 50 > 150 > 200-day, 200-day rising); Quarterly profit growth >= 25%; Sales growth >= 20% or 2+ strong quarters; RS rating >= 80",4
SHAKTIPUMP,-0.1471265908967338,-0.4291931097008159,-0.04769587576888179,-1.0022769535240856,0.5358015858820724,0.0,0.0,0.36014675784182293,1.3904608623171753,0.01684764713477578,0.07567336468576302,-0.08117779368162759,-0.020616765610370718,171278543.0,-46.72152156182572,37.93895582329316,18.498821902521463,-0.6879513561698564,0.0,134.8367416355814,-9.55,1.0,15.131964809384163,-2.33,20649.0,True,True,2.43519394512772,"Compressors, Pumps & Diesel Engines",Industrials,56.0,103,"Uptrend (price > 50 > 150 > 200-day, 200-day rising); Within 15% of 52-week high; Quarterly profit growth >= 25%; ROE >= 20%; RS rating >= 80; Net profit margin up vs a year ago",6
SHANTIGEAR,0.10935493218995344,0.10295230885692663,0.3058480842482634,0.3306895490096948,0.8106325706594885,0.0,1.0,2.3758365503916643,0.31129910164579766,0.044704530887428755,0.10000000000000009,0.12148871435647068,-0.07401771598363073,36397011.175,-56.5802152262349,-14.382089109644891,-39.466654609428176,-2.217627287022117,0.0,-2.093283054056072,-8.290000000000001,1.0,17.5,0.0,20679.0,True,True,76.33396404919583,Industrial Products,Industrials,11.0,103,Within 15% of 52-week high; Quarterly profit growth >= 25%; Sales growth >= 20% or 2+ strong quarters; 3-year profit growth >= 15%/yr; ROE >= 20%; RS rating >= 80; Net profit margin up vs a year ago,7
SHANTIGOLD,0.22833552214974742,0.12300077906603724,0.44837165317099137,1.0802178891532845,0.9939474461175081,1.0,1.0,0.9309000232206535,1.3827825641946088,0.038696060560478605,0.14829701713560395,0.32068809948804455,-0.0962671637644011,449968631.61,186.68079083698424,136.25750280324516,-113.31920916301576,,7.0,,1.2400000000000002,1.0,23.411371237458194,2.9299999999999997,20678.0,True,True,91.22611163670767,"Gems, Jewellery And Watches",Consumer Discretionary,10.0,103,3-year profit growth >= 15%/yr,1
SHARDACROP,-0.054950176405521224,-0.06497670760481578,-0.12909951538374842,-0.20479735358269435,0.5718966846569006,0.0,0.0,-0.8728107618987395,0.789746123317903,0.016017294502991858,0.03707081894585951,-0.04815251118348607,-0.01890462402553576,92179818.0,-38.33983730101623,9.033214528690813,-94.85594508362537,-1.4071212252652834,0.0,39.50100713604927,-6.300000000000001,1.0,21.715561224489797,-1.9999999999999982,20649.0,True,True,24.445600756859037,Pesticides & Agrochemicals,Commodities,101.0,103,"Uptrend (price > 50 > 150 > 200-day, 200-day rising); Within 15% of 52-week high; Quarterly profit growth >= 25%; Sales growth >= 20% or 2+ strong quarters; RS rating >= 80; Net profit margin up vs a year ago",6
SHARDAMOTR,-0.0055473550043668475,-0.16094810283857397,0.19263686999049034,-0.3114765981739534,0.7803596940919404,0.0,0.0,0.6789670998986361,0.6954617705498911,0.02047417041903715,0.04063565379962619,0.018467434379020542,-0.02107604930605566,49698221.1,4.609777750917865,33.69520661157026,-1.8216890607643865,0.4391255009697292,0.0,15.375806500500723,-2.379999999999999,1.0,26.275704493526277,-0.21999999999999886,20675.0,True,True,43.271523178807946,Auto Components & Equipments,Consumer Discretionary,19.0,103,"Uptrend (price > 50 > 150 > 200-day, 200-day rising); Within 15% of 52-week high; Quarterly profit growth >= 25%; RS rating >= 80; Net profit margin up vs a year ago",5
SHAREINDIA,0.18178629258412604,0.3221120049988284,0.30922731843143336,1.2195914375730539,0.9059352903364046,0.0,1.0,1.8295530147116321,0.7240163434780511,0.028128384678786655,0.11420555980617175,0.13660191512583797,-0.047358333757885764,108429777.5,47.44692870382758,31.24688790603671,-164.00947836253206,0.9387317343786081,2.0,1.102521401366885,3.0500000000000007,1.0,12.296015180265654,0.3400000000000003,20658.0,True,True,86.8240302743614,Stockbroking & Allied,Financial Services,15.0,103,3-year profit growth >= 15%/yr; ROE >= 20%,2
SHILCTECH,,,0.016857042218084928,,0.7583256158547879,0.0,0.0,-0.31535908827475745,1.6022632624597613,0.027761020055211937,0.039759338179994996,-0.014275691742903662,-0.011315630071261403,74203063.19999999,-49.72064413906945,-15.206299212598417,-0.9935704890978627,-1.2722375871387985,0.0,36.823757381474124,-10.64,1.0,32.244897959183675,0.05999999999999961,20679.0,True,True,,Other Electrical Equipment,Industrials,50.0,103,"Uptrend (price > 50 > 150 > 200-day, 200-day rising); Within 15% of 52-week high; Quarterly profit growth >= 25%; Sales growth >= 20% or 2+ strong quarters; RS rating >= 80; Net profit margin up vs a year ago",6
SHILPAMED,0.4345026178365175,1.4775218303837483,1.4586011828233478,4.193211934681215,0.9805479452054795,1.0,1.0,1.9537014946646456,0.8584638020991894,0.030960036082154203,0.0654771221370063,0.22655303982270558,-0.04602148474610598,791062737.2,115.10824478123224,44.89516580601007,-32.5977869127113,4.314482506717213,12.0,198.00450994952726,7.07,1.0,9.375,-0.2099999999999973,20670.0,True,True,98.34437086092714,Pharmaceuticals,Healthcare,27.0,103,ROE >= 20%,1
SHK,-0.0632560312135981,-0.34908523367727395,0.24267505379903986,-0.8169939668506322,0.584452383885672,0.0,0.0,0.8861300129943264,0.7011590789240627,0.029645975586027704,0.0446196123806768,-0.06508412403532604,-0.02054688321117477,60600191.68,2.781705670704482,14.11197243755382,97.60187022567155,0.032570878191574615,0.0,-12.474211162923766,-0.4200000000000004,1.0,5.069801616458487,-0.6699999999999999,20637.0,True,True,21.72942289498581,Specialty Chemicals,Commodities,38.0,103,"Uptrend (price > 50 > 150 > 200-day, 200-day rising); Within 15% of 52-week high; Quarterly profit growth >= 25%; Sales growth >= 20% or 2+ strong quarters; 3-year profit growth >= 15%/yr; ROE >= 20%; RS rating >= 80; Net profit margin up vs a year ago",8
SHREECEM,-0.07857594154541393,-0.172950536146662,0.03394594594594591,-1.0171869595146796,0.7333663529800231,0.0,0.0,-0.7216847831065786,13.895751232135273,0.014436760337308476,0.02914389799635697,-0.07703687696872474,-0.012338991670605457,418867592.5,-17.50345223617179,18.032032540031206,-9.319341183604333,-0.3741712327029493,0.0,1.5518085897672007,-3.67,1.0,7.517084282460136,-0.09999999999999432,20643.0,True,True,14.892147587511825,Cement & Cement Products,Commodities,102.0,103,"Uptrend (price > 50 > 150 > 200-day, 200-day rising); Within 15% of 52-week high; Quarterly profit growth >= 25%; Sales growth >= 20% or 2+ strong quarters; 3-year profit growth >= 15%/yr; ROE >= 20%; RS rating >= 80; Net profit margin up vs a year ago",8
SHREEJISPG,0.40154050504610117,1.6969143321153064,0.9869877355668562,5.171185442938376,0.9962476547842402,1.0,1.0,0.5785356465030111,1.0837479041880405,0.02238559531829147,0.03807684348485907,0.17520342896769492,-0.045607611068639524,560884017.8,19.069696966764617,29.567591041627892,37.139263190208254,0.5968663114665939,0.0,,-1.8699999999999974,1.0,19.89596879063719,0.18000000000000016,20679.0,True,True,97.68874172185431,Shipping,Services,2.0,103,Quarterly profit growth >= 25%; 3-year profit growth >= 15%/yr; ROE >= 20%; Net profit margin up vs a year ago,4
SHRINGARMS,0.04987077908277199,0.17901134082153125,0.23503666230887288,0.5272508604390383,0.8379737335834897,0.0,0.0,0.13842487867024716,4.519216226644587,0.012776554941628548,0.04024825158630918,0.010856339986673902,-0.025073714687216385,78235304.805,19.30105364814345,64.9048435104176,-104.36803080942583,0.9975949210630748,0.0,,-2.37,1.0,16.986706056129986,-1.6599999999999993,20679.0,True,True,60.78618732261116,"Gems, Jewellery And Watches",Consumer Discretionary,10.0,103,"Uptrend (price > 50 > 150 > 200-day, 200-day rising); Within 15% of 52-week high; Quarterly profit growth >= 25%; 3-year profit growth >= 15%/yr; ROE >= 20%; RS rating >= 80; Net profit margin up vs a year ago",7
SHRIPISTON,0.12765630519644688,0.7141727241911793,0.5541934161999726,1.683594601976177,0.9095601899648977,1.0,0.0,0.5100911075822844,3.6171994977876976,0.01928708636913771,0.04862261691740133,-0.01817304850470336,-0.03278285640651636,294775882.85,9.545224006762476,53.05719921104539,3.570489823438816,1.5894024997026457,0.0,20.411048013373478,-3.9800000000000004,1.0,19.33815925542916,4.02,20638.0,True,True,80.4550614947966,Auto Components & Equipments,Consumer Discretionary,19.0,103,"Uptrend (price > 50 > 150 > 200-day, 200-day rising); Quarterly profit growth >= 25%; ROE >= 20%; Net profit margin up vs a year ago",4
SHRIRAMFIN,0.10642696516198695,0.7229601518026567,0.171152983400628,1.6636453197586207,0.83648262113201,0.0,0.0,-0.06555607199114527,1.3319874216662533,0.018588848197702942,0.027936507936507926,-0.08615372086614881,-0.019883585577892163,4259413091.8,59.904252812655386,16.15861903969378,18.968311741551354,5.796321841715003,2.0,21.280822018888436,7.050000000000001,1.0,15.20677205012288,6.210000000000008,20658.0,True,True,75.77199621570483,Non Banking Financial Company (NBFC),Financial Services,37.0,103,"Uptrend (price > 50 > 150 > 200-day, 200-day rising); Within 15% of 52-week high; ROE >= 20%; RS rating >= 80",4
SHYAMMETL,0.05500397791234509,0.186442546155966,0.35797640825080435,0.56545954230147,0.9181184668989547,1.0,1.0,-0.12296436601426697,1.0045023689641808,0.017196496980423807,0.033130758674769556,0.009410309009800999,-0.023567431907483977,427657176.04999995,20.63649837932131,23.450724624562103,-20.953722025968922,0.5235980338622644,2.0,21.06155561891674,-0.15000000000000036,1.0,9.198993317712402,4.459999999999999,20654.0,True,True,63.03405865657521,Iron & Steel Products,Industrials,16.0,103,Quarterly profit growth >= 25%; ROE >= 20%; RS rating >= 80; Net profit margin up vs a year ago,4
SIEMENS,0.06753321303324299,0.30155346704130737,0.33152712614815316,0.7879479908367152,0.9288089844314842,0.0,0.0,0.40324677151873556,0.9782204982877393,0.016898181280625743,0.04131204236578312,-0.012235566695884326,-0.018371327236725063,1005942208.0,-18.623757186015546,14.752781361832646,-9.011554470963636,-0.9946854701506028,0.0,-5.290673322755413,-2.9899999999999993,1.0,17.698769290877124,0.17999999999999972,20648.0,True,True,66.21854304635761,Heavy Electrical Equipment,Industrials,35.0,103,"Uptrend (price > 50 > 150 > 200-day, 200-day rising); Quarterly profit growth >= 25%; Sales growth >= 20% or 2+ strong quarters; 3-year profit growth >= 15%/yr; ROE >= 20%; RS rating >= 80; Net profit margin up vs a year ago",7
SIGACHI,0.0628178366182077,-0.14544499868731964,0.6839110191412312,-0.40094751839866954,0.7317013463892289,0.0,0.0,0.494946602305923,1.2653508428562374,0.040128526605401546,0.06728110599078363,0.00121928343650346,-0.036440698299336806,74793411.57,-59.11026816289975,-5.44249512670566,-12.153378793822625,-1.156787525809128,0.0,-17.414874773584078,-8.82,1.0,-15.900383141762454,-0.06000000000000005,20678.0,True,True,65.09460737937559,Pharmaceuticals,Healthcare,27.0,103,"Uptrend (price > 50 > 150 > 200-day, 200-day rising); Within 15% of 52-week high; Quarterly profit growth >= 25%; Sales growth >= 20% or 2+ strong quarters; 3-year profit growth >= 15%/yr; ROE >= 20%; RS rating >= 80; Net profit margin up vs a year ago",8
SIGNATURE,-0.07767166006947446,-0.24734647460197123,0.059639759839893225,-0.8731685631393694,0.6234075743131987,0.0,0.0,0.07548990948590713,1.2406467603321194,0.017491997727129043,0.020617886178861733,-0.08347528944394411,-0.027837218594801393,161190994.15,-100.0,-36.2355169983943,-161.33591167042314,-1.2232223096493469,0.0,,-6.970000000000001,0.0,59.189189189189186,-0.02999999999999936,20671.0,True,True,15.360454115421003,"Residential, Commercial Projects",Consumer Discretionary,61.0,103,"Uptrend (price > 50 > 150 > 200-day, 200-day rising); Within 15% of 52-week high; Quarterly profit growth >= 25%; Sales growth >= 20% or 2+ strong quarters; 3-year profit growth >= 15%/yr; RS rating >= 80; Net profit margin up vs a year ago",7
SILVERTUC,0.13197018302438324,1.3914329998590955,0.4831774884208686,1.7855368891679297,0.6350553505535055,0.0,0.0,-0.7445593411740458,0.477019901692177,0.025749555124018608,0.09857806945583802,-0.21278661417052702,-0.05079951893451899,73562081.84,147.6715001683802,23.449367088607588,104.12777777227394,3.2505537109532714,6.0,61.652456706404735,6.430000000000001,1.0,21.301775147928996,-0.6599999999999999,20664.0,True,True,81.2980132450331,Computers - Software & Consulting,Information Technology,94.0,103,"Uptrend (price > 50 > 150 > 200-day, 200-day rising); Within 15% of 52-week high",2
SIRCA,-0.029725237490339042,-0.08961240310077523,0.04335465529495375,-0.5776572690103726,0.7543599257884973,0.0,0.0,0.3736684388406132,0.40387225002955074,0.014139240178824381,0.02422145328719716,-0.04467203774320816,-0.011278702611715636,131628234.82499999,14.170496235501462,13.80427170868348,-11.185477731044925,0.7030899346591413,0.0,12.296755073237907,0.040000000000000924,1.0,13.684210526315791,3.3199999999999994,20655.0,True,True,34.09271523178808,Paints,Consumer Discretionary,77.0,103,"Uptrend (price > 50 > 150 > 200-day, 200-day rising); Within 15% of 52-week high; Quarterly profit growth >= 25%; Sales growth >= 20% or 2+ strong quarters; 3-year profit growth >= 15%/yr; ROE >= 20%; RS rating >= 80",7
SIS,0.052678319554192055,0.26260139049826203,0.5141566788257772,0.6764711233953464,0.8664102297536126,0.0,0.0,-0.3700124273977098,1.5360368255073011,0.015229582079117595,0.06202435312024357,-0.016488626010772278,-0.01785730085397315,80460051.225,9.431686231272796,29.73349227417861,-81.97827433854506,0.2656653712301982,0.0,4.331814749318941,-0.41000000000000014,1.0,5.420267085624509,0.33999999999999986,20670.0,True,True,61.722800378429525,Other Consumer Services,Consumer Discretionary,,103,"Uptrend (price > 50 > 150 > 200-day, 200-day rising); Quarterly profit growth >= 25%; 3-year profit growth >= 15%/yr; ROE >= 20%; RS rating >= 80; Net profit margin up vs a year ago",6
SJS,0.05755660806695026,0.6608803471791691,0.50327327140096,0.9696595087133679,0.765019305019305,0.0,0.0,0.007970650135769957,2.1502790000592715,0.023836317966117567,0.06919682259488091,-0.1676496583893723,-0.05808742555896362,340971239.65,57.814564412873935,24.487265095869514,12.891170197730183,4.69731758920744,11.0,40.581606773873126,4.419999999999998,1.0,19.81566820276498,1.9400000000000048,20671.0,True,True,63.87701040681173,Auto Components & Equipments,Consumer Discretionary,19.0,103,"Uptrend (price > 50 > 150 > 200-day, 200-day rising); Within 15% of 52-week high; ROE >= 20%; RS rating >= 80",4
SJVN,-0.12297037485978682,-0.286326194398682,-0.035046035046034985,-1.1931625519253193,0.6213107638888888,0.0,0.0,-0.4637466375847046,5.116621317440406,0.008966127724975613,0.015333232123880158,-0.12173603612447237,-0.04659428431540099,109653869.74,-1.2500207308829392,51.9843043217614,80.80736165210386,-0.03297001974379829,0.0,-15.076533010399906,-8.689999999999998,1.0,4.50874359154435,0.040000000000000036,20665.0,True,True,5.245033112582782,Power Generation,Utilities,84.0,103,"Uptrend (price > 50 > 150 > 200-day, 200-day rising); Within 15% of 52-week high; Quarterly profit growth >= 25%; 3-year profit growth >= 15%/yr; ROE >= 20%; RS rating >= 80; Net profit margin up vs a year ago",7
SKFINDIA,-0.09416955272212543,-0.31682830244737425,0.004237011928818202,-1.2440213021455457,0.6021624961383998,0.0,0.0,1.0706089005533284,1.8709797891637963,0.015822212466064155,0.025058004640371223,-0.04778219686853946,-0.02352688011111823,59029088.0,-47.626269889310734,-54.19163776643416,52.373730110689266,-0.6797066601821902,0.0,-24.98465162690433,1.3199999999999985,1.0,20.0150489089541,-0.03999999999999915,20652.0,True,True,10.771050141911068,Abrasives & Bearings,Industrials,47.0,103,"Uptrend (price > 50 > 150 > 200-day, 200-day rising); Within 15% of 52-week high; Quarterly profit growth >= 25%; Sales growth >= 20% or 2+ strong quarters; 3-year profit growth >= 15%/yr; RS rating >= 80",6
SKFINDUS,,,0.3445127304653206,,0.862025041165688,0.0,0.0,0.541549112650491,2.5820518549750484,0.02117877317553639,0.03853482955748455,-0.01820006411812447,-0.03021559219231863,105591941.85,-13.843999573331478,18.295699645394393,-11.941697104842032,,0.0,,-2.38,1.0,14.769647696476964,-0.3299999999999983,20679.0,True,True,,Abrasives & Bearings,Industrials,47.0,103,"Uptrend (price > 50 > 150 > 200-day, 200-day rising); Quarterly profit growth >= 25%; Sales growth >= 20% or 2+ strong quarters; 3-year profit growth >= 15%/yr; ROE >= 20%; RS rating >= 80; Net profit margin up vs a year ago",7
SKIPPER,0.045255186422361704,0.06952185391610444,0.5559032716927452,0.19409344493682235,0.8941309987029832,0.0,1.0,0.6939322082564656,0.9658617299342654,0.02530736326060478,0.08081916255256916,0.008383386815135951,-0.025192079759066822,378585650.1,25.588077645040986,4.46381573700414,-37.22808708338627,1.8796297000660165,9.0,64.16301326874351,0.73,1.0,14.285714285714285,6.8500000000000005,20676.0,True,True,59.5685903500473,Heavy Electrical Equipment,Industrials,35.0,103,ROE >= 20%; RS rating >= 80,2
SKMEGGPROD,0.07914829700138865,0.6487590323594092,0.653121653121653,0.5567757009146126,0.5646505376344086,0.0,0.0,-0.2638679467353305,0.49722282603108114,0.03715106804589544,0.04294935451837145,-0.14527584335089305,-0.04883165514341689,57542843.5,46.27769090075206,4.871940808195796,-253.72230909924792,0.40682852521419866,5.0,2.2129236225232107,3.66,1.0,26.329113924050635,0.65,20663.0,True,True,69.12204351939451,Meat Products including Poultry,Fast Moving Consumer Goods,30.0,103,"Uptrend (price > 50 > 150 > 200-day, 200-day rising); Within 15% of 52-week high; 3-year profit growth >= 15%/yr; RS rating >= 80",4
SKYGOLD,0.3834303040530771,1.7229357798165137,1.1820320541096896,4.405941408187351,0.9779361459521094,1.0,1.0,0.6625085381877677,3.675792760788712,0.028869402098191933,0.05316711590296497,0.10619982665043226,-0.02288103685935708,644960536.25,140.78016446267213,77.92776068738729,3.0920106837797334,4.721838517679966,15.0,142.8562332390038,1.3599999999999999,1.0,23.519599666388658,2.6499999999999986,20674.0,True,True,97.31409649952697,"Gems, Jewellery And Watches",Consumer Discretionary,10.0,103,,0
SMARTWORKS,0.004414432962931689,-0.07702996092053849,0.4174446519071753,-0.36088342532700657,0.8140549273021002,0.0,0.0,0.13205097849613656,1.2934328071675827,0.019932257472867223,0.05279861511829198,-0.01941324366189512,-0.030684243057870864,37244823.6,100.0,44.04947126921759,0.0,3.432463136623905,3.0,,3.5200000000000005,1.0,2.0754716981132075,-0.02000000000000135,20656.0,True,True,46.36234626300852,Diversified Commercial Services,Services,63.0,103,"Uptrend (price > 50 > 150 > 200-day, 200-day rising); Within 15% of 52-week high; 3-year profit growth >= 15%/yr; ROE >= 20%; RS rating >= 80",5
SMCGLOBAL,0.2401153255286454,0.13246827320690158,0.28573741298364896,1.112365364196636,0.92125,1.0,0.0,1.0845834734210693,18.923928874289025,0.03323102225046536,0.15586513224308507,0.32352096083670956,-0.0982134782377959,60194037.855000004,22.59075128435841,21.21525898383263,-277.4092487156416,0.24804195637419085,2.0,-1.038568016442032,0.08000000000000007,1.0,7.898773006134969,-0.2699999999999996,20660.0,True,True,92.35004730368969,Stockbroking & Allied,Financial Services,15.0,103,"Uptrend (price > 50 > 150 > 200-day, 200-day rising); Quarterly profit growth >= 25%; 3-year profit growth >= 15%/yr; ROE >= 20%",4
SMLMAH,0.2822617399314674,0.7971251020023853,0.40999753755232704,1.5472171842760465,0.8893962455606291,1.0,1.0,1.0347242838816515,0.39741048595440065,0.049514103007121994,0.09998253580160665,0.07154358862226973,-0.04120832893306867,438879404.75,-5.095690857432933,13.199115724266752,-7.4802023024933995,-0.36945244042801834,0.0,46.968848630775724,-1.2800000000000002,1.0,30.828516377649322,1.3399999999999999,20679.0,True,True,93.94228949858089,Commercial Vehicles,Industrials,33.0,103,Quarterly profit growth >= 25%; Sales growth >= 20% or 2+ strong quarters; Net profit margin up vs a year ago,3
SMSPHARMA,0.16097155434626714,0.48660998092816254,-0.03631680618158406,1.7957364332898047,0.9550005056122964,1.0,1.0,0.9607550287704049,0.8406910416596535,0.03136488904058267,0.11019283746556474,0.17926177513610697,-0.05923350656679346,99631804.925,2.0292401728394083,5.5649069115021765,-58.925113468863174,0.11342905230180612,0.0,80.85220431904307,-0.34999999999999964,1.0,12.993630573248408,0.1499999999999999,20665.0,True,True,84.38883632923368,Pharmaceuticals,Healthcare,27.0,103,Quarterly profit growth >= 25%; Sales growth >= 20% or 2+ strong quarters; ROE >= 20%; Net profit margin up vs a year ago,4
SOBHA,-0.07328581196438134,-0.18356892750616016,0.08843360995850613,-0.7411669742390005,0.6874711316397228,0.0,0.0,-0.7650099583893848,4.345153270064582,0.012088811875384284,0.021691609214730123,-0.06690656840726028,-0.01495669636842824,94551711.2,273.1994559412159,50.0299320366697,148.1962403218464,1.642659722589174,2.0,27.361942061660717,2.38,1.0,4.088983050847458,-0.21999999999999886,20654.0,True,True,17.04635761589404,"Residential, Commercial Projects",Consumer Discretionary,61.0,103,"Uptrend (price > 50 > 150 > 200-day, 200-day rising); Within 15% of 52-week high; ROE >= 20%; RS rating >= 80",4
SOLARA,0.07460872073052995,0.023647001462701267,0.32293635790800246,0.24247984782073823,0.8819767441860464,0.0,1.0,1.1355174509297281,0.7486330603865764,0.03407105896513349,0.09058906360009389,0.0920740047512778,-0.03316675068447973,193605197.575,54.713229743779635,19.56760144132854,-45.286770256220365,0.0599063288788695,2.0,,0.9699999999999998,1.0,-0.5586592178770949,-0.08000000000000007,20657.0,True,True,67.90444654683066,Pharmaceuticals,Healthcare,27.0,103,3-year profit growth >= 15%/yr; ROE >= 20%; RS rating >= 80,3
SOLARINDS,0.11091226203054329,0.561818974284469,0.6400945915020215,1.2655428305828478,0.8841850220264317,0.0,1.0,-0.1616672481130052,1.609918393477616,0.027305345321621384,0.05630026809651478,0.01712763682396301,-0.022897930184414623,2500834597.5,88.98304177656868,70.26155167212049,28.416263110995608,6.413015032636863,3.0,35.174833554430386,1.8000000000000007,1.0,27.67245499442409,0.2699999999999996,20656.0,True,True,76.70860927152317,Explosives,Commodities,14.0,103,RS rating >= 80,1
SOLARWORLD,,,-0.13955759839126702,,0.3356241956241956,0.0,0.0,-0.7519387939102757,1.339513915343995,0.02357513990158331,0.054357592093441154,-0.14256254052426076,-0.03643239690190438,37549622.92,-26.427990750218733,146.80539273153576,-326.4279907502187,-0.15712781117539112,0.0,,-13.280000000000001,1.0,14.167650531286895,-2.620000000000001,20679.0,True,True,,Civil Construction,Industrials,89.0,103,"Uptrend (price > 50 > 150 > 200-day, 200-day rising); Within 15% of 52-week high; Quarterly profit growth >= 25%; 3-year profit growth >= 15%/yr; ROE >= 20%; RS rating >= 80; Net profit margin up vs a year ago",7
SOMANYCERA,0.11934095520670585,0.25898087763899635,0.4670273055126224,1.068916161770362,0.9893936995409213,1.0,1.0,0.8648937289131615,0.6617822344758579,0.0174776054891469,0.02942717429269992,0.13966867552265216,-0.03941237475478935,58455854.025000006,300.0,24.009000066176945,186.83390329156566,2.296640150837798,3.0,17.11692715488191,3.3500000000000005,1.0,8.788598574821853,-2.1799999999999997,20655.0,True,True,78.8628192999054,Ceramics,Consumer Discretionary,57.0,103,ROE >= 20%; RS rating >= 80,2
SONACOMS,0.20166150932558602,0.9651191353475803,0.6111167052663378,3.228553383203472,0.9715639810426541,0.0,1.0,0.29090638269194163,1.7359150498281504,0.019039985427797924,0.038693919526931575,0.02728056284952607,-0.022445308069612074,1610757930.4,39.00749917089772,52.38139850803949,26.16636200044817,3.870228383514389,1.0,18.021605429143015,-1.3199999999999985,1.0,10.5131205081063,0.05000000000001137,20657.0,True,True,89.07190160832545,Auto Components & Equipments,Consumer Discretionary,19.0,103,ROE >= 20%; Net profit margin up vs a year ago,2
SONATSOFTW,-0.0688321787193843,-0.20626048071548353,0.22524699081064758,-0.6348105632518196,0.6293383270911361,0.0,0.0,0.2822358819025059,1.686976465037125,0.030697848167667376,0.05811547865337596,-0.14605058985357,-0.046571030135592634,275170223.05,-1.1011656869211128,10.586878368260955,-43.74678108615351,-0.0544859618116285,0.0,2.934992427738714,-0.3900000000000001,1.0,24.35695538057743,-0.4399999999999977,20642.0,True,True,20.324503311258276,Computers - Software & Consulting,Information Technology,94.0,103,"Uptrend (price > 50 > 150 > 200-day, 200-day rising); Within 15% of 52-week high; Quarterly profit growth >= 25%; Sales growth >= 20% or 2+ strong quarters; 3-year profit growth >= 15%/yr; RS rating >= 80; Net profit margin up vs a year ago",7
SOTL,0.2691719715773261,0.8704972095383054,1.343769866497139,1.9572311202136101,0.9013249651324965,1.0,1.0,0.6089901206116468,2.684171128935853,0.038083494502854816,0.0664191419141913,0.11229200999987099,-0.027330008298970126,174226876.75,300.0,49.60469912649628,238.1323967226829,8.864586241929329,5.0,29.492761785669085,13.809999999999999,1.0,10.02754820936639,0.1399999999999988,20670.0,True,True,93.47398297067171,Lubricants,Energy,5.0,103,ROE >= 20%,1
SOUTHBANK,0.1109082135099699,0.6453949637806142,0.29831246597713656,1.475549045256717,0.9319258089976321,1.0,1.0,0.3745417688291227,1.491288761831881,0.017241501517895726,0.05989804587935432,0.015126960723205185,-0.03611546620418296,385120504.37,17.185957112982386,11.232877872030599,-1.7875366616439052,2.500365610053531,0.0,20.55483989054658,0.7299999999999986,1.0,12.752912323727776,2.6700000000000017,20650.0,True,True,76.61494796594134,Private Sector Bank,Financial Services,25.0,103,Quarterly profit growth >= 25%; Sales growth >= 20% or 2+ strong quarters; ROE >= 20%; RS rating >= 80,4
SPAL,0.05310896277088336,0.49721772205395487,0.4819772711427177,0.6791555990418232,0.7771912595138718,0.0,0.0,0.5730328678453395,0.6512881069157814,0.02913132796348892,0.030775806796323968,-0.042052256647077124,-0.02262522598778809,51666760.8,16.51667118358675,-0.5849692643267956,55.37779114649904,0.4636096544085463,0.0,13.656071132836844,0.9100000000000001,1.0,10.676532769556026,-0.4100000000000037,20676.0,True,True,62.00378429517502,Garments & Apparels,Consumer Discretionary,22.0,103,"Uptrend (price > 50 > 150 > 200-day, 200-day rising); Within 15% of 52-week high; Quarterly profit growth >= 25%; Sales growth >= 20% or 2+ strong quarters; 3-year profit growth >= 15%/yr; ROE >= 20%; RS rating >= 80",7
SPARC,0.1136977350485804,0.5371888281724349,0.632597130420764,0.8548565246882055,0.681280276816609,0.0,0.0,-0.10634205160726928,1.4217828551636549,0.025437573159347072,0.040788835605366724,-0.021800693568099883,-0.036313206122762065,163659017.115,100.0,300.0,0.0,0.04876399790056815,1.0,114.30766928432301,486.02000000000004,0.0,116.06875934230195,1.0699999999999998,20652.0,True,True,77.45789971617786,Pharmaceuticals,Healthcare,27.0,103,"Uptrend (price > 50 > 150 > 200-day, 200-day rising); Within 15% of 52-week high; RS rating >= 80",3
SPLPETRO,0.02332848397841756,-0.16584300655097117,-0.008808467053601943,-0.13974865055562902,0.8371807967313586,0.0,1.0,0.603656276863791,3.05935631894004,0.023607415333391647,0.07273853779429995,0.07686526570822672,-0.04595777027241519,108966010.875,189.75254090161607,22.29815038055223,130.02902816263955,3.7260623993772493,2.0,9.241517811489853,8.01,1.0,13.883045856121162,0.009999999999999787,20661.0,True,True,53.386944181646165,Petrochemicals,Commodities,32.0,103,Within 15% of 52-week high; 3-year profit growth >= 15%/yr; ROE >= 20%; RS rating >= 80,4
SPORTKING,0.1971750580941562,1.2827162938032073,0.7949715886977504,2.086978253331044,0.8397167819137925,0.0,0.0,0.7613849740396145,0.932379411347494,0.03354823248025954,0.04789955045729344,-0.04711606953233516,-0.0293100317571323,65613759.16,122.90849063576816,20.12290884260839,130.2901963838623,6.210245643451419,1.0,21.51305483535282,4.98,1.0,11.549566891241577,0.12999999999999998,20679.0,True,True,88.50993377483444,Other Textile Products,Consumer Discretionary,23.0,103,"Uptrend (price > 50 > 150 > 200-day, 200-day rising); Within 15% of 52-week high; ROE >= 20%",3
SRF,-0.04028687615049775,-0.06765470804089924,0.08315053184884746,-0.40286987472819524,0.7694704049844237,0.0,0.0,-0.5326732766217589,1.0638734493666493,0.016502559510976705,0.02253941373331725,-0.03652769261254696,-0.016064290390620933,592452018.5,75.58921485576174,31.808349613211064,63.24174166793049,2.539668780735591,1.0,5.408575860735421,3.76,1.0,13.067939040022788,0.04999999999999716,20656.0,True,True,30.252601702932825,Commodity Chemicals,Commodities,41.0,103,"Uptrend (price > 50 > 150 > 200-day, 200-day rising); Within 15% of 52-week high; 3-year profit growth >= 15%/yr; ROE >= 20%; RS rating >= 80",5
SRM,-0.07201853896098649,-0.1386446886446886,0.12565820966969832,-0.5312877898931062,0.6438187552888683,0.0,0.0,-0.3952834508589684,1.0451532496692528,0.018532009400734697,0.04966762824532811,-0.09338492737546367,-0.021495149318766945,32196436.550000004,54.60818529910236,37.82303370786515,-70.14681436738309,0.6941616601204258,7.0,,1.0899999999999999,1.0,29.919137466307276,-1.19,20678.0,True,True,17.79564806054872,Civil Construction,Industrials,89.0,103,"Uptrend (price > 50 > 150 > 200-day, 200-day rising); Within 15% of 52-week high; 3-year profit growth >= 15%/yr; RS rating >= 80",4
SSWL,0.32222744174088397,0.5710180266480887,0.9064729194187584,1.9995291801333648,0.9785714285714285,1.0,1.0,1.2501868694202425,1.9333114694159954,0.032901637336560895,0.06934673366834154,0.2544638769343466,-0.05841341741228878,271850491.8,47.03804331487396,27.219872259390954,46.72036081466755,3.209457366817634,1.0,3.249746211852411,0.6199999999999997,1.0,10.526315789473683,-1.5500000000000007,20649.0,True,True,95.34720908230842,Auto Components & Equipments,Consumer Discretionary,19.0,103,3-year profit growth >= 15%/yr; ROE >= 20%,2
STAR,0.054934619033559035,0.2919681177191906,0.08489934613602412,0.8687072730878337,0.8634308827028313,0.0,1.0,0.8969885317838808,1.066535652226637,0.023990668045967552,0.11249528123820318,0.013249396908598055,-0.04797612885352756,244764833.5,0.22845971045999391,13.009270009109253,-24.95600488234555,0.008958786136863467,0.0,45.83566761776186,-1.1400000000000006,1.0,18.506598004505953,0.7000000000000028,20657.0,True,True,62.84673604541155,Pharmaceuticals,Healthcare,27.0,103,Quarterly profit growth >= 25%; Sales growth >= 20% or 2+ strong quarters; ROE >= 20%; RS rating >= 80; Net profit margin up vs a year ago,5
STARCEMENT,-0.09594151322739153,-0.27101363366923537,-0.10832366589327147,-1.335158765178975,0.6461904761904762,0.0,0.0,-0.7825751129729124,2.514207870871888,0.013655272110443439,0.03143418467583481,-0.08520301222875282,-0.0332419732824371,34367142.78,-24.668824427451053,3.388195045998299,-47.46326541520253,-0.4174797369574079,0.0,11.06474726152169,-2.92,1.0,12.22187402068317,-0.2400000000000002,20672.0,True,True,10.115421002838222,Cement & Cement Products,Commodities,102.0,103,"Uptrend (price > 50 > 150 > 200-day, 200-day rising); Within 15% of 52-week high; Quarterly profit growth >= 25%; Sales growth >= 20% or 2+ strong quarters; 3-year profit growth >= 15%/yr; ROE >= 20%; RS rating >= 80; Net profit margin up vs a year ago",8
STARHEALTH,0.03515038607326995,0.2545699226197151,0.19035965098957242,0.9886539752682615,0.8810209633541366,0.0,0.0,0.7942445271754622,2.8899700454587443,0.01430359597889942,0.02858477347034083,-0.032760186719185236,-0.014294859856530222,208244855.55,25.495886550611367,13.147897713302182,-274.5041134493886,1.1817247250052196,2.0,6.809951572196393,0.9800000000000004,1.0,7.353135313531353,0.0800000000000054,20679.0,True,True,56.852412488174075,General Insurance,Financial Services,86.0,103,"Uptrend (price > 50 > 150 > 200-day, 200-day rising); 3-year profit growth >= 15%/yr; ROE >= 20%; RS rating >= 80",4
STEELCAS,0.1635790495221565,0.5109093501925179,0.3604845268159056,1.6778753673817381,0.9455103607060631,1.0,1.0,0.8732789684578308,1.9652662025688794,0.028619208419430168,0.10300834777130263,0.09277338552784875,-0.07613417599041551,32963447.65,19.316693354166127,16.993157746742902,32.70950129793163,0.5922832165420224,0.0,5.768484103554639,0.370000000000001,1.0,22.025316455696203,0.06000000000000005,20679.0,True,True,84.57615894039735,Castings & Forgings,Industrials,6.0,103,Quarterly profit growth >= 25%; Sales growth >= 20% or 2+ strong quarters; 3-year profit growth >= 15%/yr,3
STLNETWORK,0.33264591322689224,-0.08637873754152825,0.47058823529411775,1.0463540120646464,0.8332743362831858,1.0,1.0,0.4839258671184501,5.942762508250308,0.031424748438032814,0.04999999999999982,0.43833900562748584,-0.10550008224507318,46169297.215,-100.0,-7.265069755198727,0.0,0.0316885237972452,0.0,,-0.6199999999999992,0.0,-12.359550561797752,-2.49,20662.0,True,True,95.8155156102176,Other Telecom Services,Telecommunication,78.0,103,Within 15% of 52-week high; Quarterly profit growth >= 25%; Sales growth >= 20% or 2+ strong quarters; 3-year profit growth >= 15%/yr; ROE >= 20%; Net profit margin up vs a year ago,6
STOVEKRAFT,0.08188311585311754,0.25457533427952495,0.7628844337147054,0.49912814896479224,0.9275370581527936,0.0,1.0,0.8253594060658698,0.750405195962972,0.02231224373651569,0.02963837454952145,0.009828275191705371,-0.014845522295760218,84959240.60000001,112.60958655794293,17.508484727490515,-187.39041344205708,,5.0,,3.6500000000000004,1.0,26.82119205298013,-0.46999999999999886,18772.0,True,True,69.68401135288552,Household Appliances,Consumer Discretionary,98.0,103,3-year profit growth >= 15%/yr; RS rating >= 80,2
STYL,,,0.686492374727669,,0.8451251571608184,0.0,0.0,0.44817396274772137,3.5862170945722127,0.03005287881783766,0.031700699700128565,-0.025646296691625103,-0.02001080231200879,41822348.5,63.615537122644426,21.102068388715555,33.668937409825375,1.9031835310939473,2.0,,4.160000000000002,1.0,16.830294530154276,0.6499999999999995,20657.0,True,True,,Financial Technology (Fintech),Financial Services,39.0,103,"Uptrend (price > 50 > 150 > 200-day, 200-day rising); Within 15% of 52-week high; 3-year profit growth >= 15%/yr; ROE >= 20%; RS rating >= 80",5
STYLAMIND,0.1753052605946927,0.961566396320058,0.4890420399724329,2.899355464709872,0.7960240963855422,0.0,0.0,-0.21977683996812467,1.0204039719036428,0.021751154186819024,0.04520349285692249,-0.0349695373462553,-0.01674117601821932,116236092.69999999,70.3389904852906,15.36857728461376,41.006686720962705,2.6991282428541763,3.0,18.212953457766723,4.76,1.0,18.610421836228287,-1.3599999999999994,20656.0,True,True,85.79375591296122,Plywood Boards/ Laminates,Consumer Discretionary,59.0,103,"Uptrend (price > 50 > 150 > 200-day, 200-day rising); Within 15% of 52-week high; ROE >= 20%",3
STYLEBAAZA,0.06293594631428343,0.09589231196225367,0.30961857379767843,0.07268320211241386,0.8397450234846789,0.0,1.0,0.31800356226101756,1.781814809202499,0.03222006301592927,0.04976051091005851,0.02500191104364835,-0.031493733358279125,296043643.4,13.867366423868832,28.719631609590856,-134.82183130356339,0.027713898894986173,0.0,,-0.06,1.0,10.444444444444445,-0.6999999999999993,20678.0,True,True,65.3755912961211,Speciality Retail,Consumer Discretionary,97.0,103,Within 15% of 52-week high; Quarterly profit growth >= 25%; 3-year profit growth >= 15%/yr; ROE >= 20%; RS rating >= 80; Net profit margin up vs a year ago,6
STYRENIX,-0.04123193690946188,-0.1595125424012731,0.09708101016726789,-0.4663810004685068,0.7700339238597814,0.0,0.0,0.03573761266652616,1.2968778573871795,0.018931440588155657,0.02492421690804969,-0.05273241881755919,-0.016751809029269992,82650510.9,166.484844630727,7.139374668786425,132.65606708251727,4.083104792298811,2.0,28.660458335613104,8.18,1.0,13.386978785662034,0.010000000000001563,20669.0,True,True,29.78429517502365,Specialty Chemicals,Commodities,38.0,103,"Uptrend (price > 50 > 150 > 200-day, 200-day rising); Within 15% of 52-week high; ROE >= 20%; RS rating >= 80",4
SUDARSCHEM,0.07541820286787675,-0.10738782509288369,0.6390711099448962,-0.28806593111386564,0.880813540036979,0.0,1.0,0.9632258499106886,1.0090506937906953,0.023946023800791433,0.04819976771196277,0.05306831765832154,-0.019051044770121227,295740540.0,88.16761628316807,5.39311500259283,-79.502264885646,1.0810863625495202,2.0,25.16740231354202,1.7200000000000002,1.0,1.1884057971014492,2.039999999999999,20662.0,True,True,67.99810785241249,Dyes And Pigments,Commodities,,103,ROE >= 20%; RS rating >= 80,2
SUDEEPPHRM,,,1.1017720695821818,,0.8406386066763426,0.0,1.0,0.7141281710624735,1.0290830789180339,0.03199510747877139,0.04952581664910438,0.038327775985084855,-0.028334759632414226,256547943.02499998,29.835407885177556,26.69708613512649,20.000920234198418,,1.0,,0.6199999999999974,1.0,19.70554926387316,-2.210000000000001,20648.0,True,True,,Pharmaceuticals,Healthcare,27.0,103,Within 15% of 52-week high; 3-year profit growth >= 15%/yr; ROE >= 20%; RS rating >= 80,4
SULA,-0.14391158677502852,-0.4424755355725999,-0.05706434915969072,-1.5797997384673728,0.5004294409798722,0.0,0.0,0.23215533964148527,0.5166882598585949,0.018522221956370512,0.017742656925600286,-0.0853596111293875,-0.013679253697200132,35622605.78,-45.3281102818263,2.9460051076249494,-11.975236379938117,-0.13064343085433344,0.0,-33.12290289583982,-0.8300000000000001,1.0,4.421768707482993,-1.5100000000000016,20671.0,True,True,2.716177861873226,Breweries & Distilleries,Fast Moving Consumer Goods,55.0,103,"Uptrend (price > 50 > 150 > 200-day, 200-day rising); Within 15% of 52-week high; Quarterly profit growth >= 25%; Sales growth >= 20% or 2+ strong quarters; 3-year profit growth >= 15%/yr; ROE >= 20%; RS rating >= 80; Net profit margin up vs a year ago",8
SUMICHEM,-0.06122573475687679,-0.06928751517415266,0.30015653535090014,-0.6214772902483894,0.7307927628703785,0.0,0.0,0.03480754244359677,2.1094759135645726,0.019452777015566143,0.014644808743169424,-0.16131180824022928,-0.03999816258735478,127988388.825,9.280540523328696,0.621699880769877,-2.2478064736364036,0.5422092554066743,0.0,10.304576213867488,1.4499999999999993,1.0,16.01769911504425,-0.040000000000000924,20637.0,True,True,22.66603595080416,Pesticides & Agrochemicals,Commodities,101.0,103,"Uptrend (price > 50 > 150 > 200-day, 200-day rising); Within 15% of 52-week high; Quarterly profit growth >= 25%; Sales growth >= 20% or 2+ strong quarters; 3-year profit growth >= 15%/yr; ROE >= 20%; RS rating >= 80",7
SUNDARMFIN,-0.019923016791770998,0.020622004235871128,0.00881445570736017,-0.10290556982452743,0.770613257710032,0.0,0.0,0.34581388344162617,1.0074033920456233,0.014417399612940389,0.018601818011432902,-0.0488158437640972,-0.038366539585008866,172553644.65,33.87900291930232,12.567424316603738,32.48562590979247,2.9706332777198248,1.0,11.305723451958215,3.8299999999999983,1.0,13.825287047606258,-0.08000000000000185,20635.0,True,True,38.30747398297067,Non Banking Financial Company (NBFC),Financial Services,37.0,103,"Uptrend (price > 50 > 150 > 200-day, 200-day rising); Within 15% of 52-week high; Sales growth >= 20% or 2+ strong quarters; 3-year profit growth >= 15%/yr; ROE >= 20%; RS rating >= 80",6
SUNDRMFAST,0.08717148366986195,0.20974576271186418,0.5990132017602345,0.5647453354596225,0.8464222090261282,0.0,0.0,0.6325104410906268,2.806155833723896,0.019091767652706218,0.045397750937109516,-0.018949089110188666,-0.035073530842471244,164009834.375,14.028764942804939,20.391420317075237,-15.652545917174445,1.558078299578719,0.0,8.272746903278772,-0.5099999999999998,1.0,13.871345029239764,0.060000000000002274,20669.0,True,True,70.90160832544939,Auto Components & Equipments,Consumer Discretionary,19.0,103,"Uptrend (price > 50 > 150 > 200-day, 200-day rising); Within 15% of 52-week high; Quarterly profit growth >= 25%; 3-year profit growth >= 15%/yr; ROE >= 20%; RS rating >= 80; Net profit margin up vs a year ago",7
SUNFLAG,0.2301717368654701,0.3487738419618529,0.617873651771957,1.721535756370626,0.970507399577167,1.0,1.0,1.5221681825023496,5.381088962342385,0.026633753470324296,0.09998591747641172,0.24538457573365235,-0.11101173026046428,71830935.375,5.445501011502785,5.445501011502785,26.125484252548613,0.2550436067371134,0.0,-1.191532572017151,0.0,1.0,2.276825969341749,0.49,20676.0,True,True,91.600756859035,Iron & Steel Products,Industrials,16.0,103,Quarterly profit growth >= 25%; Sales growth >= 20% or 2+ strong quarters; 3-year profit growth >= 15%/yr; ROE >= 20%; Net profit margin up vs a year ago,5
SUNPHARMA,0.01764241925482353,0.2075376567719165,0.13131790269248933,0.7043579355946884,0.8813816014460891,0.0,0.0,-0.1876783692088594,1.6336992420846381,0.011007078239173847,0.01719915092799229,-0.05050666661052816,-0.015037136776051487,2915093416.0,5.528046570096645,10.45728229637437,-7.654673917677135,0.4396496830746933,0.0,12.694988615581138,-0.9299999999999997,1.0,13.77168840493,-0.3400000000000034,20641.0,True,True,51.51371807000946,Pharmaceuticals,Healthcare,27.0,103,"Uptrend (price > 50 > 150 > 200-day, 200-day rising); Quarterly profit growth >= 25%; Sales growth >= 20% or 2+ strong quarters; 3-year profit growth >= 15%/yr; ROE >= 20%; RS rating >= 80; Net profit margin up vs a year ago",7
SUNTECK,-0.09666416430486893,-0.2730712890625,-0.020398091791413053,-0.8026287359875655,0.5917460317460318,0.0,0.0,-0.0745644494076607,1.3177898695109993,0.018708127597759434,0.04551111111111106,-0.053025171376703595,-0.01965049502618413,37012050.825,25.503009561190403,1.7204757858963582,0.8515732369012134,0.26794556393629243,5.0,423.61863635296413,4.149999999999999,1.0,5.5940182774854605,-2.769999999999996,20655.0,True,True,9.834437086092715,"Residential, Commercial Projects",Consumer Discretionary,61.0,103,"Uptrend (price > 50 > 150 > 200-day, 200-day rising); Within 15% of 52-week high; ROE >= 20%; RS rating >= 80",4
SUNTV,0.09538017397053045,-0.11045346062052508,-0.217435122197027,0.5511764358212524,0.9521012200632626,1.0,0.0,1.6076604048148575,24.819256391035346,0.0236635065313807,0.09353818346136467,0.28408012855021436,-0.10189422801643186,141893594.25,16.955902987021876,12.989428651145495,49.313139505421105,2.1934597816063306,0.0,-4.318487915594272,1.4399999999999977,1.0,11.39761132642569,-0.4499999999999993,20677.0,True,True,73.24314096499526,TV Broadcasting & Software Production,Consumer Discretionary,,103,"Uptrend (price > 50 > 150 > 200-day, 200-day rising); Quarterly profit growth >= 25%; Sales growth >= 20% or 2+ strong quarters; 3-year profit growth >= 15%/yr; ROE >= 20%; RS rating >= 80",6
SUPRAJIT,-0.01099536257221876,-0.008804776844449025,0.1898918721904992,-0.14687307374780434,0.8425569959767546,0.0,0.0,0.5827517869340817,0.8030355144492048,0.01557340066622456,0.03059017406530029,-0.056025450451352876,-0.018245288137038677,39497650.975,8.59438384688751,23.94891762851712,-151.96250094118915,0.12902741375358084,0.0,5.933484112136456,-0.6900000000000004,1.0,12.734864300626306,-0.120000000000001,20671.0,True,True,40.74266792809839,Auto Components & Equipments,Consumer Discretionary,19.0,103,"Uptrend (price > 50 > 150 > 200-day, 200-day rising); Within 15% of 52-week high; Quarterly profit growth >= 25%; 3-year profit growth >= 15%/yr; ROE >= 20%; RS rating >= 80; Net profit margin up vs a year ago",7
SUPREMEIND,-0.008379243461299327,-0.1714845779604175,-0.03679196068202406,-0.6268814495065961,0.8146207410512588,0.0,0.0,0.16552265806530073,1.175255675971524,0.01891251160989364,0.07053582107403433,-6.403432239687756e-05,-0.024126379343405082,542916647.5,38.83044218921285,4.156430490454954,-8.6712183932246,1.0526128636227545,2.0,5.9957441306345505,2.58,1.0,15.464418868536228,-0.20000000000000284,20662.0,True,True,41.86660359508042,Plastic Products - Industrial,Industrials,48.0,103,"Uptrend (price > 50 > 150 > 200-day, 200-day rising); Within 15% of 52-week high; 3-year profit growth >= 15%/yr; ROE >= 20%; RS rating >= 80",5
SUPRIYA,0.08570908177716982,0.20042735042735038,0.37651094413590336,0.635332977362544,0.8436405529953918,0.0,1.0,0.11101568548650304,1.6557772186816089,0.026710768601823393,0.06595532625901379,0.04797549018485414,-0.044968829090867406,217008499.775,-30.891477255839174,30.79892465706211,-78.2350831791986,-0.9480263194738191,0.0,28.746278502571453,-11.31,1.0,17.445742904841403,0.620000000000001,20679.0,True,True,70.43330179754021,Pharmaceuticals,Healthcare,27.0,103,Within 15% of 52-week high; Quarterly profit growth >= 25%; ROE >= 20%; RS rating >= 80; Net profit margin up vs a year ago,5
SURAKSHA,0.07563874516509514,0.13959731543624176,0.3862356110702916,0.3319099577753342,0.9222222222222223,0.0,1.0,1.4262614805525107,0.5904422229161111,0.02749492302199381,0.04177857356013126,0.06220625357934706,-0.035988685376376846,30982318.725,39.932492144139474,20.746659319465486,54.01575644466541,2.8677395652439976,1.0,,2.01,1.0,12.704918032786885,0.0899999999999963,20677.0,True,True,68.09176915799432,Healthcare Service Provider,Healthcare,24.0,103,3-year profit growth >= 15%/yr; ROE >= 20%; RS rating >= 80,3
SURYAROSNI,-0.07119484869590942,-0.24548145568518187,-0.0033580201481208105,-0.6033550210840337,0.7038155802861685,0.0,0.0,-0.38484046212774975,2.343196644375227,0.015232470651977281,0.04574712643678147,-0.011123133598225143,-0.025862030508569424,91408085.35,76.74049381924632,27.54468626131179,101.21481656317168,0.7026672661151018,1.0,-5.775393463206823,0.81,1.0,10.858010630220196,-1.0699999999999994,20676.0,True,True,18.451277199621572,Iron & Steel Products,Industrials,16.0,103,"Uptrend (price > 50 > 150 > 200-day, 200-day rising); Within 15% of 52-week high; 3-year profit growth >= 15%/yr; ROE >= 20%; RS rating >= 80",5
SURYODAY,0.013937762506035397,0.155617427947927,0.21977760127084967,0.3243634082003754,0.6948165137614679,0.0,0.0,-1.3637681095823382,0.40671389285222864,0.026185279535386876,0.03139043987471046,-0.017710650384887172,-0.014560448399619178,54682120.05,113.24275648835163,25.686127996445673,13.242756488351631,0.7883542421639741,2.0,17.724833203298406,4.96,1.0,7.314725697786333,-0.129999999999999,20679.0,True,True,49.92147587511826,Other Bank,Financial Services,40.0,103,"Uptrend (price > 50 > 150 > 200-day, 200-day rising); Within 15% of 52-week high; ROE >= 20%; RS rating >= 80",4
SUVEN,0.14043480309700762,0.8098541018895,1.395226639655609,0.8225884756129126,0.7664559315730753,0.0,0.0,-0.038084471075537175,1.4721814231975106,0.03409795960818313,0.039827611829395204,-0.09210248096983353,-0.043338743023056576,190784593.97500002,-100.0,90.90909090909089,0.0,-3.613098836399792,0.0,-1.3875381400049513,-819.4300000000003,0.0,-46.7005076142132,-0.28000000000000025,20666.0,True,True,82.14096499526963,"Healthcare Research, Analytics & Technology",Healthcare,49.0,103,"Uptrend (price > 50 > 150 > 200-day, 200-day rising); Within 15% of 52-week high; Quarterly profit growth >= 25%; 3-year profit growth >= 15%/yr; ROE >= 20%; Net profit margin up vs a year ago",6
SUZLON,-0.10027426721408443,-0.16732995658465988,0.1287395782246199,-0.8990304770532728,0.6367479674796748,0.0,0.0,-0.8464386246882358,1.1018437056974575,0.01800427802517034,0.014104372355430161,-0.13574688595213513,-0.0440324647268863,2138838836.185,-5.938648526347934,22.2679549895904,-0.3190081606836985,-0.04447833995409202,0.0,119.21911456226644,-2.3899999999999997,1.0,33.421386306001686,2.239999999999995,20662.0,True,True,9.366130558183539,Heavy Electrical Equipment,Industrials,35.0,103,"Uptrend (price > 50 > 150 > 200-day, 200-day rising); Within 15% of 52-week high; Quarterly profit growth >= 25%; RS rating >= 80; Net profit margin up vs a year ago",5
SWANCORP,-0.1302527718501701,-0.39546760293648253,-0.0956549419067323,-1.2230404956508656,0.5446717990275527,0.0,0.0,0.7979128633588825,0.521161258022246,0.015281941860060865,0.07383396362326677,-0.09475066500555573,-0.045106340248078754,235846743.0,-100.0,-16.438615869038397,-200.0,-0.21675081021532433,0.0,16.033968677334553,-5.77,0.0,3.5960721868365177,-0.03999999999999915,20678.0,True,True,4.308420056764428,Petrochemicals,Commodities,32.0,103,"Uptrend (price > 50 > 150 > 200-day, 200-day rising); Within 15% of 52-week high; Quarterly profit growth >= 25%; Sales growth >= 20% or 2+ strong quarters; ROE >= 20%; RS rating >= 80; Net profit margin up vs a year ago",7
SWSOLAR,-0.09163142595179545,-0.22576788291074013,0.13495708932672534,-0.6658904677734876,0.661579754601227,0.0,0.0,-0.034530720173806276,1.4737084245389263,0.01981885939710476,0.053872465184461316,-0.09324246488377264,-0.028978095892489373,141060562.48000002,37.44851746290754,-9.735301964657728,-120.47060564082145,0.46022032491352927,10.0,,1.15,1.0,-45.60862865947612,-0.27999999999999936,20650.0,True,True,11.239356669820246,Civil Construction,Industrials,89.0,103,"Uptrend (price > 50 > 150 > 200-day, 200-day rising); Within 15% of 52-week high; 3-year profit growth >= 15%/yr; ROE >= 20%; RS rating >= 80",5
SYMPHONY,-0.12893772563223324,-0.36552946389011964,-0.21351091583138815,-1.214347062160939,0.5739090112834252,0.0,0.0,0.7820499581459877,0.3300452973286671,0.01737396270446433,0.06914893617021267,-0.0887493803103111,-0.022717437293531952,33577891.85,13.971581485217953,50.59760956175299,113.97158148521795,0.07137461545877143,0.0,-67.46257993751887,-3.4000000000000004,1.0,-25.871559633027523,-1.0999999999999996,20647.0,True,True,4.589403973509934,Household Appliances,Consumer Discretionary,98.0,103,"Uptrend (price > 50 > 150 > 200-day, 200-day rising); Within 15% of 52-week high; Quarterly profit growth >= 25%; 3-year profit growth >= 15%/yr; ROE >= 20%; RS rating >= 80; Net profit margin up vs a year ago",7
SYNCOMF,0.24478202062704674,0.2875226039783001,0.8902654867256636,0.8485853755211272,0.8446707893779556,1.0,1.0,0.8603064664112816,15.419491800212072,0.0424642761794602,0.17927927927927922,0.2958023148096476,-0.10597026759613835,147256503.42000002,58.079634676478165,7.382378100940978,15.75590141877126,4.159870791803651,9.0,60.755329777928104,6.350000000000001,1.0,18.313253012048193,0.13999999999999999,20676.0,True,True,92.6310312204352,Pharmaceuticals,Healthcare,27.0,103,Within 15% of 52-week high; ROE >= 20%,2
SYNGENE,-0.10738231118952263,-0.34235786364755105,0.02480184096139082,-1.2646625632053,0.534943663009058,0.0,0.0,-0.7223974920163542,0.5382669033696827,0.015682709004458464,0.043625524996612874,-0.07519867187122042,-0.023953002280404343,194805596.05,-94.90439686163464,-15.837621497998855,-78.06554723759909,-2.6018652088330056,0.0,-15.091365168758408,-9.31,1.0,6.550940276916719,-0.5200000000000031,20637.0,True,True,8.335856196783348,"Healthcare Research, Analytics & Technology",Healthcare,49.0,103,"Uptrend (price > 50 > 150 > 200-day, 200-day rising); Within 15% of 52-week high; Quarterly profit growth >= 25%; Sales growth >= 20% or 2+ strong quarters; 3-year profit growth >= 15%/yr; ROE >= 20%; RS rating >= 80; Net profit margin up vs a year ago",8
SYRMA,0.2380565005293535,0.8095534657781651,0.8244380258696471,2.46888527556477,0.9245583232744431,1.0,1.0,1.0290710908275658,1.8735081570890857,0.03018202219288065,0.1218005901324366,0.1013394368535323,-0.047702308355267814,1661843603.6,111.5549570893395,68.28958240640691,43.429373944003814,2.6550387892267104,8.0,44.51089240797535,1.3600000000000003,1.0,12.085225288159274,0.22000000000000242,20663.0,True,True,92.16272469252601,Industrial Products,Industrials,11.0,103,ROE >= 20%,1
TALBROAUTO,0.11810541768570951,0.3898162198617432,0.6709235384740126,1.0972299404801538,0.8840057636887607,1.0,1.0,0.13928349269653448,0.9634708555131396,0.02401693876208566,0.09535845588235303,0.013367627452599784,-0.051759184107048814,71225504.625,35.16971340749699,15.307603017991877,16.16719592270612,3.5668408060231513,1.0,22.360222118975635,1.8499999999999996,1.0,13.997308209959622,0.87,20675.0,True,True,78.39451277199622,Auto Components & Equipments,Consumer Discretionary,19.0,103,Sales growth >= 20% or 2+ strong quarters; ROE >= 20%; RS rating >= 80,3
TANLA,-0.06867083686912134,-0.2574643011683254,0.2177409816676521,-0.6385820676923868,0.6575589551740263,0.0,0.0,-0.18622746354240205,0.2839711323131276,0.024461247281431776,0.031008550530544854,-0.09513951196552284,-0.008254960007284347,237505838.39999998,20.022014723183123,17.847327657448165,5.469872591109937,1.5536355021415074,1.0,3.3613883959716873,0.20999999999999908,1.0,20.458199356913184,0.1299999999999999,20656.0,True,True,20.418164616840112,Software Products,Information Technology,62.0,103,"Uptrend (price > 50 > 150 > 200-day, 200-day rising); Within 15% of 52-week high; Quarterly profit growth >= 25%; Sales growth >= 20% or 2+ strong quarters; 3-year profit growth >= 15%/yr; RS rating >= 80",6
TARC,-0.050511167889963016,-0.2365055944915775,0.04020437222547946,-0.5699067005195141,0.666129898013956,0.0,0.0,0.06177377133213281,0.510047107336116,0.021648782640223567,0.06228836916292635,-0.027458429921365934,-0.022386540380680955,57467659.26,-58.22283765156164,186.11147713796282,-158.22283765156163,-0.49063406961431427,0.0,-2.2406743732197754,-61.00000000000001,1.0,1.7890772128060264,0.11000000000000032,20676.0,True,True,26.41248817407758,"Residential, Commercial Projects",Consumer Discretionary,61.0,103,"Uptrend (price > 50 > 150 > 200-day, 200-day rising); Within 15% of 52-week high; Quarterly profit growth >= 25%; 3-year profit growth >= 15%/yr; ROE >= 20%; RS rating >= 80; Net profit margin up vs a year ago",7
TARIL,-0.10922183454528075,-0.39674894641782055,0.10069571585499815,-0.7234162662461454,0.5645337844561648,0.0,0.0,1.4508913091561324,22.908404040056624,0.018852135976690863,0.039614957423176556,-0.029410255094184712,-0.01829314375413016,267811258.625,-4.690120839646783,8.125366028753334,-4.420454897954251,-0.14260355919622417,0.0,124.73922333456184,-1.5099999999999998,1.0,17.953795379537954,-0.7599999999999998,20654.0,True,True,7.773888363292337,Heavy Electrical Equipment,Industrials,35.0,103,"Uptrend (price > 50 > 150 > 200-day, 200-day rising); Within 15% of 52-week high; Quarterly profit growth >= 25%; Sales growth >= 20% or 2+ strong quarters; ROE >= 20%; RS rating >= 80; Net profit margin up vs a year ago",7
TARSONS,0.08150846443454479,0.09519934906427996,0.8526675108737545,0.15102058622272121,0.8844,0.0,1.0,1.5288376201389193,0.3645867446839445,0.03711041130616048,0.11499509964064036,0.012517172950694544,-0.041347373207660076,39928076.125,-100.0,20.665499124343256,-39.367531030465926,-0.4309019170097628,0.0,-50.020133233898314,-3.26,0.0,2.204724409448819,-0.81,20675.0,True,True,69.59035004730369,Medical Equipment & Supplies,Healthcare,,103,Quarterly profit growth >= 25%; 3-year profit growth >= 15%/yr; ROE >= 20%; RS rating >= 80; Net profit margin up vs a year ago,5
TATACAP,,,0.20515313563441917,,0.8254741158380319,0.0,0.0,0.3079691029193754,1.8765350277589044,0.015923617554631345,0.026238639695103982,-0.0985948602276322,-0.036156215218641055,429328950.92499995,56.456690843213785,15.096525549883166,9.793583410197492,1.4168001174435738,3.0,,4.880000000000001,1.0,10.664602503161658,0.2599999999999998,20658.0,True,True,,Non Banking Financial Company (NBFC),Financial Services,37.0,103,"Uptrend (price > 50 > 150 > 200-day, 200-day rising); Within 15% of 52-week high; 3-year profit growth >= 15%/yr; ROE >= 20%; RS rating >= 80",5
TATACHEM,-0.10132207847732419,-0.31096905887408677,-0.016183463721429647,-0.9020081058158712,0.652779248279513,0.0,0.0,-0.6197641018330745,1.777490176981627,0.03377315066014504,0.1999346885460036,-0.05744314924517491,-0.08531194252699739,378438412.625,-81.02098919696947,14.412476472169944,-73.582729514714,-1.4498356341151974,0.0,-68.10252855938243,-7.09,1.0,-8.08733377346034,-1.5599999999999952,20661.0,True,True,9.272469252601702,Commodity Chemicals,Commodities,41.0,103,"Uptrend (price > 50 > 150 > 200-day, 200-day rising); Within 15% of 52-week high; Quarterly profit growth >= 25%; Sales growth >= 20% or 2+ strong quarters; 3-year profit growth >= 15%/yr; ROE >= 20%; RS rating >= 80; Net profit margin up vs a year ago",8
TATACOMM,0.005378950463457339,0.051248683150523666,0.22280689108339957,0.1260268568231234,0.7970616113744076,0.0,0.0,-0.36140669137411824,0.7569252616282562,0.014374175288835443,0.03519217165762778,-0.023589900791439078,-0.030449083758032475,359150393.70000005,-27.26280351220166,10.452779851841898,-11.323091939503515,-0.5631261521156345,0.0,-13.122952415782251,-1.3999999999999995,1.0,28.923701769654777,0.020000000000003126,20656.0,True,True,46.73699148533586,Telecom - Cellular & Fixed line services,Telecommunication,75.0,103,"Uptrend (price > 50 > 150 > 200-day, 200-day rising); Within 15% of 52-week high; Quarterly profit growth >= 25%; Sales growth >= 20% or 2+ strong quarters; 3-year profit growth >= 15%/yr; RS rating >= 80; Net profit margin up vs a year ago",7
TATACONSUM,-0.04956304900369788,-0.08918677390527252,-0.021880998080614167,-0.5456420721567248,0.7608949871365089,0.0,0.0,-0.5313002221839577,1.8328251712128845,0.012680067151957696,0.023328964613368308,-0.057016675152872454,-0.019821165794649123,1247168522.6,28.86094502504242,11.926778282076889,-5.499263025831809,1.4102647369376562,3.0,9.902122592980934,1.0499999999999998,1.0,7.100238663484487,0.09999999999999432,20658.0,True,True,26.880794701986755,Tea & Coffee,Fast Moving Consumer Goods,46.0,103,"Uptrend (price > 50 > 150 > 200-day, 200-day rising); Within 15% of 52-week high; 3-year profit growth >= 15%/yr; ROE >= 20%; RS rating >= 80",5
TATAELXSI,-0.13225849645907933,-0.3249104280595889,-0.15591917572442415,-1.3183572110575446,0.5198319327731092,0.0,0.0,0.2555187220396209,1.897694891556553,0.017257950804318016,0.01684895063553049,-0.12115501768487291,-0.035698690448760506,675199845.75,36.545071637476156,9.341906202723148,7.779726387801443,1.3697512573461579,2.0,43.41815082906309,2.5700000000000003,1.0,36.042402826855124,-1.5899999999999999,16626.0,True,True,4.027436140018922,Computers - Software & Consulting,Information Technology,94.0,103,"Uptrend (price > 50 > 150 > 200-day, 200-day rising); Within 15% of 52-week high; RS rating >= 80",3
TATAINVEST,-0.06891734293921552,-0.2638472190168474,0.0931288553803975,-0.6611530143799784,0.5268422385414029,0.0,0.0,1.153361634214033,0.4339057280220404,0.02219382704186838,0.10362574896297438,-0.050008675719856566,-0.05770966612422083,158528053.35000002,-1.9054956298156567,4.262340162243916,-71.12097853789884,-0.09327058422931615,0.0,11.632092321602139,-5.950000000000003,1.0,1.4851823968243103,0.06000000000000005,20669.0,True,True,20.137180700094607,Investment Company,Financial Services,96.0,103,"Uptrend (price > 50 > 150 > 200-day, 200-day rising); Within 15% of 52-week high; Quarterly profit growth >= 25%; Sales growth >= 20% or 2+ strong quarters; 3-year profit growth >= 15%/yr; ROE >= 20%; RS rating >= 80; Net profit margin up vs a year ago",8
TATAPOWER,-0.03038090507559004,-0.04715997915581038,-0.050129870129870135,-0.38694869309291957,0.7563992256399226,0.0,0.0,-0.6216747707546576,2.5399959517738107,0.011740508429870287,0.023862375138734793,-0.047462971189581094,-0.020446249124023295,1324829361.9,10.916248176469479,5.634522072828108,-4.52305204329455,1.5176513647355325,0.0,11.089248535852603,0.34999999999999964,1.0,12.967467315293401,0.129999999999999,20661.0,True,True,33.81173131504257,Integrated Power Utilities,Utilities,71.0,103,"Uptrend (price > 50 > 150 > 200-day, 200-day rising); Within 15% of 52-week high; Quarterly profit growth >= 25%; Sales growth >= 20% or 2+ strong quarters; 3-year profit growth >= 15%/yr; ROE >= 20%; RS rating >= 80",7
TATASTEEL,0.0030248811398335042,0.10035842293906794,-0.05120016482950451,0.25703128638152334,0.796301247771836,0.0,0.0,-0.280752103502493,1.8509116044372949,0.012938882601651198,0.031626750283829885,-0.03865811327576063,-0.021653936373923807,4433994612.785,24.187349546199567,14.321999348604276,-111.73132022113107,0.49878881427656147,6.0,85.80006119551788,0.3400000000000003,1.0,10.65510389851909,0.09000000000000341,20664.0,True,True,45.894039735099334,Iron & Steel,Commodities,60.0,103,"Uptrend (price > 50 > 150 > 200-day, 200-day rising); Within 15% of 52-week high; Quarterly profit growth >= 25%; ROE >= 20%; RS rating >= 80",5
TATATECH,0.016503012271803265,0.2065038213696988,0.48789502864535206,0.161740699525984,0.7891133557800225,0.0,0.0,0.6054427172516225,0.5846846220352222,0.02398044036261236,0.030214779759737853,-0.09564013912041314,-0.031356644128660814,677294324.775,6.203745728029508,33.78151395574989,14.881749933057852,0.4774837065198509,0.0,-7.238215913067336,-2.8200000000000003,1.0,13.943410655110885,1.570000000000002,20651.0,True,True,50.95175023651845,IT Enabled Services,Information Technology,51.0,103,"Uptrend (price > 50 > 150 > 200-day, 200-day rising); Within 15% of 52-week high; Quarterly profit growth >= 25%; 3-year profit growth >= 15%/yr; ROE >= 20%; RS rating >= 80; Net profit margin up vs a year ago",7
TATVA,0.2568743007576839,0.5794577478725509,0.4393146979260596,1.6263614853920507,0.9881052631578948,1.0,1.0,-0.13545141036658342,1.7881134024232717,0.03609889724865289,0.06430556453176495,0.10248002217409491,-0.0403107607605978,106202793.15,155.26309852986785,42.95738490501455,-144.73690147013215,1.1306843836324543,5.0,2.4060037516586474,4.47,1.0,5.377720870678617,0.23999999999999932,20651.0,True,True,93.09933774834437,Specialty Chemicals,Commodities,38.0,103,3-year profit growth >= 15%/yr; ROE >= 20%,2
TBOTEK,0.07872043846629337,0.1598983073526461,0.5860397035952796,0.367142852867303,0.9594288304623754,0.0,0.0,0.16718721676278897,1.8587239829762794,0.02074922350929081,0.03817442495599921,0.01985378000021676,-0.014539116516676451,252459440.89999998,47.079362506051226,81.07103739633861,30.24191518589754,4.664598153023456,1.0,,-2.08,1.0,15.731785944551902,-0.030000000000001137,20663.0,True,True,68.74739829706718,"Tour, Travel Related Services",Consumer Discretionary,99.0,103,"Uptrend (price > 50 > 150 > 200-day, 200-day rising); 3-year profit growth >= 15%/yr; ROE >= 20%; RS rating >= 80; Net profit margin up vs a year ago",5
TCS,-0.05324673060995911,-0.1997171535993929,-0.053290896478557115,-0.9755286194440902,0.6268656716417911,0.0,0.0,-0.2387160408764273,1.6152615080067327,0.019478772101036792,0.022809887313703925,-0.07520763790415641,-0.02759999851339588,6410257069.5,8.520024741085596,13.93193246843325,-3.5973068587613852,2.2459718117929306,0.0,7.122419730238172,-0.9600000000000009,1.0,46.115255501678476,-0.5199999999999996,20643.0,True,True,25.101229895931883,Computers - Software & Consulting,Information Technology,94.0,103,"Uptrend (price > 50 > 150 > 200-day, 200-day rising); Within 15% of 52-week high; Quarterly profit growth >= 25%; Sales growth >= 20% or 2+ strong quarters; 3-year profit growth >= 15%/yr; RS rating >= 80; Net profit margin up vs a year ago",7
TDPOWERSYS,0.33303452193469063,1.5212855049200922,0.6737317581653925,3.366629768450313,0.9531596776077561,1.0,1.0,1.161127779840505,3.870399895996103,0.03960362924364032,0.07666204986149583,0.14247791699393897,-0.042315073374778106,1582902488.5,72.35844047294184,72.10271578381284,36.26088853000917,6.633839277625925,9.0,39.6452580204149,0.019999999999999574,1.0,22.294776119402986,1.1300000000000026,20656.0,True,True,95.90917691579943,Heavy Electrical Equipment,Industrials,35.0,103,,0
TECHM,0.024229418068719765,0.13518505363358657,0.10856746444675691,0.25072342154865496,0.8114886731391586,0.0,0.0,0.10075171313130218,1.4377035434881937,0.014273664523616822,0.022647631408176494,-0.05305652833969876,-0.012871874757642867,3216761055.75,31.74763627390187,17.68155671400322,12.898354984770076,1.4736989846659831,1.0,6.614090517992888,1.0100000000000016,1.0,16.227714748784443,-0.3500000000000085,20650.0,True,True,53.574266792809844,Computers - Software & Consulting,Information Technology,94.0,103,"Uptrend (price > 50 > 150 > 200-day, 200-day rising); Within 15% of 52-week high; Sales growth >= 20% or 2+ strong quarters; 3-year profit growth >= 15%/yr; ROE >= 20%; RS rating >= 80",6
TECHNOE,-0.06162922979149277,-0.23826474730089198,-0.07218410520297325,-0.5603638447562109,0.7168969487622339,0.0,0.0,-0.08315257615149772,1.4621276801148824,0.021306327928797605,0.04646085102061548,0.002966008694654132,-0.02009128475595429,143277202.39999998,-15.842587859502977,19.843337072456602,-0.8831607275650128,-0.6733596430652432,0.0,62.43287423679354,-6.279999999999999,1.0,11.402453692566755,-1.6799999999999997,20676.0,True,True,22.478713339640493,Civil Construction,Industrials,89.0,103,"Uptrend (price > 50 > 150 > 200-day, 200-day rising); Within 15% of 52-week high; Quarterly profit growth >= 25%; Sales growth >= 20% or 2+ strong quarters; ROE >= 20%; RS rating >= 80; Net profit margin up vs a year ago",7
TEGA,0.0824015151619735,-0.20045311775912666,-0.10081649197984832,0.21345192883167363,0.9520018198362148,1.0,0.0,1.488960075718446,3.0172729327965464,0.02894613904411483,0.11816434686389843,0.20222830214913023,-0.0667919200743551,359953160.8,-100.0,300.0,-41.86761981323739,-4.205811773349667,0.0,-8.140922449249288,-16.2,0.0,4.197240974464338,0.370000000000001,20678.0,True,True,69.8713339640492,Industrial Products,Industrials,11.0,103,"Uptrend (price > 50 > 150 > 200-day, 200-day rising); Quarterly profit growth >= 25%; 3-year profit growth >= 15%/yr; ROE >= 20%; RS rating >= 80; Net profit margin up vs a year ago",6
TEJASNET,-0.05199849144967823,-0.03626019021739113,0.3534883720930233,-0.3272634905226464,0.7380379992245056,0.0,0.0,0.8840479139200813,0.5986554455571633,0.02653920240353767,0.08229799982377295,-0.0915720566533732,-0.04444398776538236,642912022.425,-100.0,99.10882265570851,0.0,-0.02792778148846611,0.0,219.14448452127706,45.690000000000005,0.0,-31.013306038894573,0.25,20661.0,True,True,25.475875118259225,Telecom -  Equipment & Accessories,Telecommunication,26.0,103,"Uptrend (price > 50 > 150 > 200-day, 200-day rising); Within 15% of 52-week high; Quarterly profit growth >= 25%; ROE >= 20%; RS rating >= 80",5
TEMBO,0.019254895741157064,-0.009034543844109955,0.1381485249237029,0.07154973959988055,0.6959378733572281,0.0,0.0,0.18510458968140073,2.351248682832294,0.02786195067916971,0.055636100036245084,0.0019298975881438807,-0.020938362118702362,73148215.505,55.25402881520891,21.856359825890713,-37.92617360813438,2.5921803079910273,13.0,151.1153505631663,2.2200000000000006,1.0,21.63355408388521,-0.3200000000000003,20676.0,True,True,52.26300851466414,Iron & Steel Products,Industrials,16.0,103,"Uptrend (price > 50 > 150 > 200-day, 200-day rising); Within 15% of 52-week high; RS rating >= 80",3
TENNIND,,,-0.029635901778154117,,0.752130898021309,0.0,0.0,-1.1218902157358557,0.4200663797033688,0.017066364370478152,0.036276988912662844,-0.06992458135783663,-0.022862172848867206,399027946.45,-1.6320152859837012,20.156033664690987,-20.378762862728074,,0.0,,-2.370000000000001,1.0,50.41736227045075,-0.379999999999999,20670.0,True,True,,Auto Components & Equipments,Consumer Discretionary,19.0,103,"Uptrend (price > 50 > 150 > 200-day, 200-day rising); Within 15% of 52-week high; Quarterly profit growth >= 25%; 3-year profit growth >= 15%/yr; RS rating >= 80; Net profit margin up vs a year ago",6
TEXRAIL,-0.01182050863880742,-0.1805725823898463,0.2673432968993976,-0.34181346129690776,0.8202655485674354,0.0,0.0,0.7997268227788903,6.325811058379782,0.024530420853656542,0.048221532585342564,0.038250206093285,-0.05967487387681024,182856554.54500002,70.83888447041267,-16.903140786294756,22.50688705424082,0.6028271627182745,2.0,54.08455393737916,3.4,1.0,8.171861836562764,-2.869999999999999,20668.0,True,True,40.46168401135289,Railway Wagons,Industrials,88.0,103,"Uptrend (price > 50 > 150 > 200-day, 200-day rising); Within 15% of 52-week high; ROE >= 20%; RS rating >= 80",4
TFCILTD,0.33569918937532484,1.0207988980716256,1.2692962103634957,1.881219622512446,0.9471380471380472,1.0,1.0,1.3842782263664184,2.0297924588151397,0.02535900378022306,0.021523178807947074,0.08494088171406022,-0.0105003377170408,1567211497.6350002,-8.246264860611753,-17.462372552192907,0.7998938180744251,-0.4161557317956103,0.0,-3.2476760872503063,3.6199999999999974,1.0,9.071504802561366,2.64,19398.0,True,True,96.0964995269631,Financial Institution,Financial Services,85.0,103,Quarterly profit growth >= 25%; Sales growth >= 20% or 2+ strong quarters; 3-year profit growth >= 15%/yr; ROE >= 20%,4
THANGAMAYL,0.1973725746360303,1.6260973069483708,0.494158812574073,2.2221567508188937,0.6404441453566622,0.0,0.0,-0.27981897777050546,0.9533519990654573,0.03553575609257933,0.048534608189565676,-0.10526929354161807,-0.034852253453862815,459428030.75,86.34454308962995,71.1565865995661,-213.65545691037005,0.8210498380673654,4.0,48.75287613691863,0.2599999999999998,1.0,24.858757062146893,0.18999999999999773,20679.0,True,True,88.60359508041627,"Gems, Jewellery And Watches",Consumer Discretionary,10.0,103,"Uptrend (price > 50 > 150 > 200-day, 200-day rising); Within 15% of 52-week high",2
THELEELA,0.11105024749758806,0.34950530456550233,0.3610242846838181,1.2386778509377452,0.9881295574020689,1.0,1.0,0.8579787617454142,2.659404103383575,0.020817663063994764,0.07533733133433262,0.09409971009268037,-0.03379381160342527,206756414.55,300.0,28.083263583099804,253.76866094867052,1.3467151000710402,7.0,,10.68,1.0,6.292941911305435,0.25,20665.0,True,True,76.80227057710502,Hotels & Resorts,Consumer Discretionary,66.0,103,3-year profit growth >= 15%/yr; ROE >= 20%; RS rating >= 80,3
THERMAX,-0.033073419624445155,0.16768302217218634,0.1329611311709198,0.02403338227194161,0.6110690060252377,0.0,0.0,0.13482786706970198,1.7179949626667406,0.01942147860467188,0.030750531753266364,-0.15573696249598823,-0.03691949793516701,514360988.35,-85.55649257725243,6.7299180080925725,-103.58541414587988,-2.9565926736541694,0.0,4.136472695618809,-6.069999999999999,1.0,12.972972972972974,-0.060000000000002274,20640.0,True,True,33.343424787133394,Heavy Electrical Equipment,Industrials,35.0,103,"Uptrend (price > 50 > 150 > 200-day, 200-day rising); Within 15% of 52-week high; Quarterly profit growth >= 25%; Sales growth >= 20% or 2+ strong quarters; 3-year profit growth >= 15%/yr; ROE >= 20%; RS rating >= 80; Net profit margin up vs a year ago",8
THOMASCOOK,-0.08905784603374922,-0.3467092730289436,0.1108672936259143,-0.8768497679413672,0.5981656804733728,0.0,0.0,1.056767056944326,0.4436378841612323,0.023786510783785252,0.05023045809425275,-0.04117384829888726,-0.017880690433595654,75596478.905,-13.126048605458573,-13.126048605458573,40.7402578552997,-0.4051367108939148,0.0,35.55293604910097,0.0,1.0,8.64100549882168,-1.3899999999999988,20668.0,True,True,12.363292336802271,"Tour, Travel Related Services",Consumer Discretionary,99.0,103,"Uptrend (price > 50 > 150 > 200-day, 200-day rising); Within 15% of 52-week high; Quarterly profit growth >= 25%; Sales growth >= 20% or 2+ strong quarters; ROE >= 20%; RS rating >= 80; Net profit margin up vs a year ago",7
THYROCARE,0.09239319499138982,0.5441784751687881,0.5810109289617487,1.0420224543623442,0.8003021148036253,0.0,0.0,-0.2814479060804119,0.29183321438736237,0.02429913798951785,0.03316090892296342,-0.08609004203847814,-0.029652278329218833,172419676.125,34.05769180956328,24.343366316116665,-91.85717548312739,1.532735922862619,10.0,44.423469500263366,1.5500000000000007,1.0,27.863247863247864,-0.019999999999999574,20657.0,True,True,72.11920529801324,Healthcare Service Provider,Healthcare,24.0,103,"Uptrend (price > 50 > 150 > 200-day, 200-day rising); Within 15% of 52-week high; RS rating >= 80",3
TI,0.09022686206895067,0.22994350282485865,0.2805882352941176,0.6846597352439325,0.9012833168805529,1.0,1.0,0.7907440655253167,2.4464800439344074,0.02093033631956225,0.046724092926129,0.01835568461089432,-0.045287056217653894,488342863.70000005,-30.26228849250474,155.66554235713937,8.10305414698416,-1.0907248466190729,0.0,32.62189331190493,-15.729999999999999,1.0,0.7042253521126761,0.370000000000001,20661.0,True,True,71.4635761589404,Breweries & Distilleries,Fast Moving Consumer Goods,55.0,103,Quarterly profit growth >= 25%; ROE >= 20%; RS rating >= 80; Net profit margin up vs a year ago,4
TIIL,0.06375198991623085,0.4053333333333333,0.45321117238925446,0.5350509300462857,0.7907048495217793,0.0,0.0,0.8876825544615734,0.6056810527803125,0.024755257360726708,0.029489088087168547,-0.06035387304461215,-0.034385160389593994,88853947.4,67.28292887300151,27.197598167022207,50.30116449359145,5.175139286723939,1.0,5.879343501264334,4.1,1.0,14.483440434997528,0.33000000000000007,20678.0,True,True,65.6565752128666,Iron & Steel Products,Industrials,16.0,103,"Uptrend (price > 50 > 150 > 200-day, 200-day rising); Within 15% of 52-week high; 3-year profit growth >= 15%/yr; ROE >= 20%; RS rating >= 80",5
TIINDIA,-0.0717846317695777,-0.12581892556965257,0.06547734974486819,-0.6147672987571693,0.7413948189014152,0.0,0.0,0.10339869926669107,2.1171151416678478,0.019503724462572754,0.0658189655172412,-0.08355249698310252,-0.038896852211022126,612087802.7,-3.022364445992176,17.070253491201814,-49.36535222324352,-0.15907129583044727,0.0,-1.835346795917514,-0.9799999999999995,1.0,14.423945297380984,0.18999999999999773,20648.0,True,True,17.889309366130558,Auto Components & Equipments,Consumer Discretionary,19.0,103,"Uptrend (price > 50 > 150 > 200-day, 200-day rising); Within 15% of 52-week high; Quarterly profit growth >= 25%; Sales growth >= 20% or 2+ strong quarters; 3-year profit growth >= 15%/yr; ROE >= 20%; RS rating >= 80; Net profit margin up vs a year ago",8
TIMETECHNO,-0.016984508957378262,-0.09999999999999998,0.12180094786729856,-0.3643377536838855,0.8047032967032967,0.0,0.0,0.47328782043274187,1.331703070804921,0.020803258977764805,0.026927924830984384,-0.04097705406506924,-0.017016751079731784,604022894.62,21.98548321113829,25.140280190736686,1.8280810043391327,3.4434692963565685,3.0,28.31531820036439,-0.17999999999999972,1.0,11.66829745596869,-2.150000000000002,20670.0,True,True,39.150425733207186,Plastic Products - Industrial,Industrials,48.0,103,"Uptrend (price > 50 > 150 > 200-day, 200-day rising); Within 15% of 52-week high; Quarterly profit growth >= 25%; ROE >= 20%; RS rating >= 80; Net profit margin up vs a year ago",6
TIMKEN,0.005733223224862384,0.04222533520112082,-0.06661090865643104,0.1860012787642972,0.8043057324840764,0.0,0.0,0.24667519698028978,1.9052813571817802,0.01640214512947313,0.03901178546669182,-0.009177248959555961,-0.0182093284890063,102405639.35,10.297734507150146,14.733999854046576,27.082308214925575,0.4543982811524181,0.0,5.512837143485383,-0.5099999999999998,1.0,14.241592312971859,-0.00999999999999801,20655.0,True,True,47.01797540208136,Abrasives & Bearings,Industrials,47.0,103,"Uptrend (price > 50 > 150 > 200-day, 200-day rising); Within 15% of 52-week high; Quarterly profit growth >= 25%; Sales growth >= 20% or 2+ strong quarters; 3-year profit growth >= 15%/yr; ROE >= 20%; RS rating >= 80; Net profit margin up vs a year ago",8
TINNARUBR,0.03832086243761535,0.11742199709004675,0.7042820744637133,0.05025184821908461,0.7187972768532527,0.0,0.0,-0.006401570808153544,0.5151723084022257,0.03585132925540925,0.03886010362694292,-0.08284906026412786,-0.03338214238592817,44040845.699999996,75.24352861601284,19.889460351577483,44.14300380411626,1.8516365603748954,3.0,39.519774420933416,4.16,1.0,17.666666666666668,-1.3100000000000005,20654.0,True,True,57.78902554399242,Rubber,Industrials,,103,"Uptrend (price > 50 > 150 > 200-day, 200-day rising); Within 15% of 52-week high; ROE >= 20%; RS rating >= 80",4
TIPSMUSIC,0.02122739793305239,0.11157517899761316,0.23377483443708602,0.29983783839003103,0.8813765182186235,0.0,0.0,0.14853443951318893,1.0569760099429024,0.02693497306341366,0.02190580503833517,-0.008901824980347972,-0.012866776280285439,140088298.60000002,-4.667019412010376,20.937890314522555,-97.61473772334193,-0.25226025165189364,0.0,35.40965608220154,-11.019999999999996,1.0,83.46153846153847,0.9299999999999997,20679.0,True,True,52.82497634815516,Media & Entertainment,Consumer Discretionary,42.0,103,"Uptrend (price > 50 > 150 > 200-day, 200-day rising); Quarterly profit growth >= 25%; RS rating >= 80; Net profit margin up vs a year ago",4
TIRUMALCHM,-0.15101033246924161,-0.4610447251621713,-0.0931755514705882,-1.1151771171704155,0.5053759782238857,0.0,0.0,-0.09348142421038128,0.7612842045878307,0.02508936071735079,0.050216120010170284,-0.07211780536776069,-0.04017708522660857,66511620.35,-100.0,21.46872569714475,0.0,0.6436855891527604,0.0,57.1216173004919,5.33,0.0,-10.741687979539643,-0.4599999999999991,20647.0,True,True,2.0605487228003785,Commodity Chemicals,Commodities,41.0,103,"Uptrend (price > 50 > 150 > 200-day, 200-day rising); Within 15% of 52-week high; Quarterly profit growth >= 25%; ROE >= 20%; RS rating >= 80",5
TITAGARH,-0.005122822592722902,-0.03986352004549332,0.3729061636038382,-0.2358407133143199,0.8288877445932029,0.0,0.0,0.2649060874350793,1.874895027565731,0.016746579554694285,0.03275290215588722,-0.03741160177053604,-0.015442349725079992,305888063.0,66.99751772869638,12.626232886795252,-204.57648896705177,0.6305039927433205,2.0,3.6317295191244714,2.24,1.0,5.00814332247557,3.1199999999999974,20677.0,True,True,43.36518448438978,Railway Wagons,Industrials,88.0,103,"Uptrend (price > 50 > 150 > 200-day, 200-day rising); Within 15% of 52-week high; 3-year profit growth >= 15%/yr; ROE >= 20%; RS rating >= 80",5
TITAN,0.06511334782435352,0.5108346106452679,0.226935468124573,1.5569131286786615,0.8772437195133708,0.0,0.0,0.07486019610645919,1.6136725938156116,0.011632557725411254,0.015942482025633087,-0.07955143608182647,-0.0317238207827128,2922642768.3999996,62.93350499487404,29.25013617381831,31.90201173765645,2.226461466176476,5.0,21.68623876486404,1.7200000000000006,1.0,32.30592880341336,0.04999999999999716,20638.0,True,True,65.84389782403026,"Gems, Jewellery And Watches",Consumer Discretionary,10.0,103,"Uptrend (price > 50 > 150 > 200-day, 200-day rising); RS rating >= 80",2
TMB,0.18920211690872057,1.223021582733813,0.5111841577808067,2.758469300228514,0.9211381261789982,0.0,0.0,0.5822455047428117,1.1049932723529743,0.024307457728219448,0.04260254596888258,-0.005279448628644934,-0.018229898442973746,133499750.825,34.97549074025088,19.923678439519854,6.993941543370433,4.832273150040471,2.0,10.981762647668347,2.7600000000000016,1.0,13.234421364985163,0.5900000000000016,20679.0,True,True,87.57332071901608,Private Sector Bank,Financial Services,25.0,103,"Uptrend (price > 50 > 150 > 200-day, 200-day rising); 3-year profit growth >= 15%/yr; ROE >= 20%",3
TMPV,-0.09521527955167162,-0.23495659849933792,0.028684470820969254,-0.9597445546480592,0.6375195181797904,0.0,0.0,-0.6601067554077023,2.0014272674570166,0.015672584363767377,0.04485049833887045,-0.09505127937204538,-0.036792981926592146,2548712620.0249996,-67.29281984773058,9.263546882306638,-43.12460450655779,-0.476760875790601,0.0,-53.08312170464943,-2.13,1.0,73.74540457579327,0.0,20678.0,True,True,10.302743614001892,Passenger Cars & Utility Vehicles,Consumer Discretionary,100.0,103,"Uptrend (price > 50 > 150 > 200-day, 200-day rising); Within 15% of 52-week high; Quarterly profit growth >= 25%; Sales growth >= 20% or 2+ strong quarters; 3-year profit growth >= 15%/yr; RS rating >= 80; Net profit margin up vs a year ago",7
TNPETRO,0.11012734644617098,0.32065165309056076,0.6521999760220598,0.5528344686543099,0.8574052656643308,0.0,1.0,1.244798216709083,0.50770374362146,0.02747206523568744,0.05655507477415944,0.07458578610260358,-0.02176143645617922,90842755.585,125.9068583070602,68.49528087946264,214.94278249005384,2.6475839621945823,1.0,19.05793963042981,2.6099999999999994,1.0,9.528487229862476,0.33000000000000007,20676.0,True,True,76.52128666035951,Petrochemicals,Commodities,32.0,103,ROE >= 20%; RS rating >= 80,2
TNPL,-0.0007683964293030855,0.03243930171894882,0.18057361376673042,-0.07901263106149434,0.8303840682788051,0.0,0.0,0.672450162545745,0.8580784506878466,0.023934330525248397,0.03165477592297572,-0.018168656477436262,-0.021543712419363946,31162346.080000002,100.0,0.39751335259610165,-200.0,0.13489405314189765,4.0,-16.988314170561413,1.15,1.0,10.708117443868739,-0.9600000000000009,20679.0,True,True,44.77010406811731,Paper & Paper Products,Commodities,18.0,103,"Uptrend (price > 50 > 150 > 200-day, 200-day rising); Within 15% of 52-week high; 3-year profit growth >= 15%/yr; ROE >= 20%; RS rating >= 80",5
TORNTPHARM,0.059942286304347336,0.37756248244875046,0.2303119983948636,1.5369062584463546,0.908952380952381,0.0,0.0,-0.23316756546740944,1.7919164645194239,0.01622276340571028,0.026859504132231482,-0.03129808492584518,-0.0163066221941337,1734214968.65,5.805319051074775,54.84581497797356,26.418121883818802,0.397625584192525,0.0,20.6987537912392,-5.459999999999999,1.0,25.48879351454459,5.569999999999997,20664.0,True,True,64.53263954588458,Pharmaceuticals,Healthcare,27.0,103,"Uptrend (price > 50 > 150 > 200-day, 200-day rising); Quarterly profit growth >= 25%; RS rating >= 80; Net profit margin up vs a year ago",4
TORNTPOWER,-0.021203606804878424,0.0454066326116922,-0.0322023720162139,0.004176765951276941,0.6769913930157339,0.0,0.0,-0.03775743499231837,0.6395578298123169,0.014069080239933668,0.027948354589828472,-0.043233837090203564,-0.018170051502263293,301484191.75,-10.719714725827966,2.7544878370225456,58.52641459145627,-0.18480312151631798,0.0,2.8910617273345096,-1.2300000000000004,1.0,12.943643512450853,0.0,20645.0,True,True,37.65184484389783,Integrated Power Utilities,Utilities,71.0,103,"Uptrend (price > 50 > 150 > 200-day, 200-day rising); Within 15% of 52-week high; Quarterly profit growth >= 25%; Sales growth >= 20% or 2+ strong quarters; 3-year profit growth >= 15%/yr; ROE >= 20%; RS rating >= 80; Net profit margin up vs a year ago",8
TRANSRAILL,-0.08400859188254331,-0.41815830667664877,-0.12452636968766007,-0.8301498123886091,0.6291079812206573,0.0,0.0,1.2958603311436883,5.63060914415481,0.027331364143849766,0.15197971994205695,0.05412669623931987,-0.06510169564477729,159529885.75,1.8033152192634905,4.59020146520146,25.491957837372404,0.06391218850561313,0.0,,-0.16999999999999993,1.0,17.711530030688294,-1.3100000000000005,20671.0,True,True,13.7682119205298,Heavy Electrical Equipment,Industrials,35.0,103,"Uptrend (price > 50 > 150 > 200-day, 200-day rising); Within 15% of 52-week high; Quarterly profit growth >= 25%; Sales growth >= 20% or 2+ strong quarters; 3-year profit growth >= 15%/yr; ROE >= 20%; RS rating >= 80; Net profit margin up vs a year ago",8
TRAVELFOOD,-0.03827317397288525,-0.04289885453320352,-0.0014060303077644276,-0.35443354217733447,0.8143993473383643,0.0,0.0,0.48742940210189023,4.413608940218751,0.015962052870870203,0.019561688311688252,-0.07060572393289177,-0.013546401705389994,39641421.45,35.5764823773892,20.575923210238646,20.538228413840745,1.5220384330454362,1.0,,3.1499999999999986,1.0,31.323631323631325,0.40999999999999837,20678.0,True,True,31.00189214758751,Restaurants,Consumer Discretionary,74.0,103,"Uptrend (price > 50 > 150 > 200-day, 200-day rising); Within 15% of 52-week high; 3-year profit growth >= 15%/yr; RS rating >= 80",4
TRENT,-0.006978914733122957,-0.09737026861537579,0.1894874253824348,-0.19534010147216604,0.8547813042327265,0.0,0.0,-0.2680400175122129,6.892699368153199,0.02032866197765379,0.12635658914728687,0.011747551926045707,-0.03399726018331629,2044650971.0,21.903811950946263,17.840351552581367,-10.720872201219379,1.4032580641808248,2.0,60.06903545188682,0.3000000000000007,1.0,24.63851109520401,0.4299999999999997,20671.0,True,True,42.42857142857142,Speciality Retail,Consumer Discretionary,97.0,103,"Uptrend (price > 50 > 150 > 200-day, 200-day rising); Quarterly profit growth >= 25%; RS rating >= 80",3
TRIDENT,-0.07024672701163773,-0.16382014639247133,-0.005389718076285299,-0.7201586309501145,0.729153199741435,0.0,0.0,-0.2868901811582338,2.006437308722812,0.00900145829613391,0.03296703296703285,-0.05895701068684467,-0.019723694964621633,61033370.225,12.981443643974355,4.683371511931056,36.54454665890743,0.415960713539526,0.0,-0.6891255049870981,0.6500000000000004,1.0,7.900251466890193,0.14000000000000012,20644.0,True,True,19.10690633869442,Other Textile Products,Consumer Discretionary,23.0,103,"Uptrend (price > 50 > 150 > 200-day, 200-day rising); Within 15% of 52-week high; Quarterly profit growth >= 25%; Sales growth >= 20% or 2+ strong quarters; 3-year profit growth >= 15%/yr; ROE >= 20%; RS rating >= 80",7
TRITURBINE,-0.007138390631009077,0.10902036857419994,0.24107239769890398,0.10715902981864425,0.6806754697816151,0.0,0.0,-0.1823481048882075,1.0465134499852438,0.01882351413115122,0.029585798816567976,-0.0732465413132205,-0.02165709555856882,242357435.0,-20.651030964183025,19.229733369243185,-28.360492966881267,-0.9357069323863402,0.0,17.207469585346136,-5.800000000000001,1.0,24.13554633471646,-0.759999999999998,20675.0,True,True,42.33491012298959,Heavy Electrical Equipment,Industrials,35.0,103,"Uptrend (price > 50 > 150 > 200-day, 200-day rising); Within 15% of 52-week high; Quarterly profit growth >= 25%; Sales growth >= 20% or 2+ strong quarters; RS rating >= 80; Net profit margin up vs a year ago",6
TRIVENI,0.00951705919840156,0.3531114327062228,0.17822489183853496,0.4358113514596137,0.7684026675134964,0.0,0.0,0.23269352760660036,0.9007199704048985,0.029456560830565654,0.030599500416319758,-0.054103393844342484,-0.018493887788039485,184332789.45,100.0,2.1053923627037285,126.06852350962048,0.19624171543436686,1.0,-18.15931571563706,0.66,1.0,8.046664672449895,-0.32000000000000206,20663.0,True,True,48.42289498580889,Sugar,Fast Moving Consumer Goods,12.0,103,"Uptrend (price > 50 > 150 > 200-day, 200-day rising); Within 15% of 52-week high; Sales growth >= 20% or 2+ strong quarters; 3-year profit growth >= 15%/yr; ROE >= 20%; RS rating >= 80",6
TRUALT,,,0.029454369869628128,,0.8093806921675775,0.0,0.0,0.5073222912458354,1.0728172059522465,0.021401573517482893,0.05899384726746293,0.005671685029105422,-0.03967101051151315,99453071.85,300.0,106.28516897561617,338.34140365321707,1.8909214542585064,1.0,,7.889999999999999,1.0,6.377383300460224,-1.1300000000000008,20662.0,True,True,,Other Agricultural Products,Fast Moving Consumer Goods,64.0,103,"Uptrend (price > 50 > 150 > 200-day, 200-day rising); Within 15% of 52-week high; 3-year profit growth >= 15%/yr; ROE >= 20%; RS rating >= 80",5
TTKPRESTIG,-0.046652124469083185,-0.08032128514056225,0.3165370307744335,-0.485691276917772,0.6779693983402489,0.0,0.0,1.2169008179104654,1.3886646560626452,0.020712711654307464,0.03872725503551622,-0.0953948791235788,-0.02168017498066976,35904243.099999994,110.85185575953673,33.571311340883,-83.31640172758279,1.4145513238065213,2.0,-6.183955293092058,2.4299999999999997,1.0,7.929292929292929,0.22999999999999687,20647.0,True,True,27.72374645222327,Household Appliances,Consumer Discretionary,98.0,103,"Uptrend (price > 50 > 150 > 200-day, 200-day rising); Within 15% of 52-week high; 3-year profit growth >= 15%/yr; ROE >= 20%; RS rating >= 80",5
TVSHLTD,-0.04597529192471667,0.034683444750294834,-0.059143245369377095,-0.2600282378168715,0.7217892863717249,0.0,0.0,-0.5959435469654005,3.1056316937864548,0.013509698246660234,0.0279647076416929,-0.13067834137891277,-0.031090619121301795,58235247.0,73.71107780456623,34.01291300788954,37.18921196443523,5.987261656816189,8.0,41.88010124397059,1.5700000000000003,1.0,52.428085369625734,-0.08000000000000185,20655.0,True,True,27.911069063386943,Investment Company,Financial Services,96.0,103,"Uptrend (price > 50 > 150 > 200-day, 200-day rising); Within 15% of 52-week high; RS rating >= 80",3
TVSMOTOR,0.04736993650111854,0.23008434864104954,0.23842660848027353,0.6085425402094038,0.8877243839892964,0.0,0.0,0.18351911826248862,1.2312209173653452,0.01592383590214887,0.017034465658318787,-0.058074297850109646,-0.014284792694497858,3140998060.35,64.35573498351637,33.45989574162269,45.11733609250963,4.275100169039827,1.0,35.68912166124891,1.2200000000000006,1.0,33.30893883951908,0.1700000000000017,20655.0,True,True,60.41154210028382,2/3 Wheelers,Consumer Discretionary,45.0,103,"Uptrend (price > 50 > 150 > 200-day, 200-day rising); RS rating >= 80",2
TVSSCS,0.013692454709278774,0.046284329563812676,0.2999799277398636,0.13719934632292083,0.8919453924914675,0.0,1.0,1.3872286776985,0.5063167853861735,0.02172033004066064,0.0327316486161251,0.006750707660920563,-0.01722018424808105,65831929.089999996,-83.32669053963633,28.658223746388355,-183.32669053963633,-2.334226053014948,0.0,85.97856709765843,-4.5,1.0,5.755041810132808,-0.08000000000000096,20648.0,True,True,49.82781456953643,Logistics Solution Provider,Services,67.0,103,Quarterly profit growth >= 25%; ROE >= 20%; RS rating >= 80; Net profit margin up vs a year ago,4
TVSSRICHAK,0.07802078377403232,0.5904132832383953,0.5105470661026217,0.756118767233397,0.762170138888889,0.0,0.0,1.7628706357946817,0.13291608742331582,0.031647133433012335,0.04476427923844062,-0.05186217370439594,-0.04671708434175404,38092270.5,300.0,30.29008676974896,132.1565731033216,1.6554474610212486,4.0,0.3464226023178085,3.07,1.0,5.961376994122586,-0.040000000000000036,20678.0,True,True,68.65373699148535,Tyres & Rubber Products,Consumer Discretionary,76.0,103,"Uptrend (price > 50 > 150 > 200-day, 200-day rising); Within 15% of 52-week high; 3-year profit growth >= 15%/yr; ROE >= 20%; RS rating >= 80",5
UBL,-0.1044437954727376,-0.2774026558631555,-0.13527708571813335,-1.4807791847122036,0.6389913232104121,0.0,0.0,-0.36054307029073535,2.38414612947584,0.014758587329493865,0.028517422748191912,-0.10407428359398296,-0.02643168377766657,126940623.19999999,-9.606609940378064,7.071137303094632,48.749907874226075,-0.3755563387035199,0.0,3.519032280604395,-1.0,1.0,9.13312693498452,-0.35999999999999943,20655.0,True,True,8.89782403027436,Breweries & Distilleries,Fast Moving Consumer Goods,55.0,103,"Uptrend (price > 50 > 150 > 200-day, 200-day rising); Within 15% of 52-week high; Quarterly profit growth >= 25%; Sales growth >= 20% or 2+ strong quarters; 3-year profit growth >= 15%/yr; ROE >= 20%; RS rating >= 80; Net profit margin up vs a year ago",8
UCOBANK,-0.06484824767659497,-0.16304347826086962,0.030962343096234468,-0.7659449787952982,0.6804093567251461,0.0,0.0,0.13200710058133514,1.7352273702406011,0.011252028775827769,0.013490725126475533,-0.06884243549523017,-0.014025966122182291,84292206.765,23.75268882689463,15.101285048722634,-2.931005998027757,0.7577401740961958,4.0,39.24167231788469,0.6899999999999995,1.0,7.990934110409584,-0.11000000000000032,20206.0,True,True,21.26111636707663,Public Sector Bank,Financial Services,52.0,103,"Uptrend (price > 50 > 150 > 200-day, 200-day rising); Within 15% of 52-week high; Quarterly profit growth >= 25%; ROE >= 20%; RS rating >= 80",5
UDS,0.028751854691754473,-0.03365325709618128,0.7017405063291142,-0.27259971849597736,0.8194787901845159,0.0,1.0,0.9636730514002102,0.45697826755224474,0.024804123241487522,0.045622168370034855,0.0218575035366515,-0.0387056463718473,55909854.205,4.401348109219705,9.146863932366035,24.41315565235298,0.09675802863591862,0.0,34.70723132358664,-0.17999999999999972,1.0,7.889733840304182,-4.080000000000002,20664.0,True,True,54.69820245979186,Diversified Commercial Services,Services,63.0,103,Within 15% of 52-week high; Quarterly profit growth >= 25%; Sales growth >= 20% or 2+ strong quarters; ROE >= 20%; RS rating >= 80; Net profit margin up vs a year ago,6
UFLEX,0.16068653123572924,0.2682611506140917,0.8640065146579807,0.4469584214970485,0.8863165169315825,0.0,1.0,1.6237687308415756,0.3131247941851399,0.036323095848979935,0.03440561598395453,0.07083813436200592,-0.015585312408427561,99362404.9,300.0,37.57075907049243,223.4836666421972,4.559044723693316,2.0,73.75103813077352,6.39,1.0,3.9029795616843144,0.9000000000000004,20645.0,True,True,84.29517502365185,Packaging,Industrials,34.0,103,ROE >= 20%,1
UJJIVANSFB,0.09406550356167362,0.42575826165685826,0.13659328762179723,1.2134722376831655,0.8816608060589667,0.0,0.0,-0.29747586983029906,1.5481430693148055,0.02164698646540677,0.037429819089207506,-0.03978153151826169,-0.018937943055034528,844009997.805,206.4377340824333,25.08462849941935,-31.67034563351652,1.408934707567808,3.0,-9.469251957480074,9.25,1.0,10.16725352112676,1.9100000000000037,20679.0,True,True,72.68117313150425,Other Bank,Financial Services,40.0,103,"Uptrend (price > 50 > 150 > 200-day, 200-day rising); 3-year profit growth >= 15%/yr; ROE >= 20%; RS rating >= 80",4
ULTRACEMCO,-0.036078210352314115,-0.06586578293289147,0.061676082862523574,-0.46616781492141285,0.8199847444698704,0.0,0.0,-0.20336447769551388,2.137818740403989,0.01189157375282882,0.02322556670382747,-0.05814941692877862,-0.015673553018904426,2807373486.5,16.18159450563801,15.852778672131485,-5.038673149672455,0.7689583433548072,0.0,18.642910555516433,0.02999999999999936,1.0,10.68594696178743,0.01999999999999602,20654.0,True,True,32.0321665089877,Cement & Cement Products,Commodities,102.0,103,"Uptrend (price > 50 > 150 > 200-day, 200-day rising); Within 15% of 52-week high; Quarterly profit growth >= 25%; Sales growth >= 20% or 2+ strong quarters; ROE >= 20%; RS rating >= 80",6
UNICHEMLAB,0.09804569486676006,0.14418458968469428,0.8369091518605432,0.2848263717698334,0.7975844004656577,0.0,1.0,1.0177154332228804,14.6801800465673,0.03305441335514717,0.06394431554524371,0.022591797250327117,-0.026457396081781326,43278125.5,100.0,20.13292821876187,165.79487103189064,1.3161691557407227,1.0,80.68692670470037,8.549999999999999,1.0,9.31174089068826,-0.2699999999999996,20637.0,True,True,74.27341532639545,Pharmaceuticals,Healthcare,27.0,103,Within 15% of 52-week high; ROE >= 20%; RS rating >= 80,3
UNIMECH,0.2948259244007272,0.4048897411313519,1.001502526977189,1.6435408450053668,0.9853235139400315,1.0,1.0,0.874519871838025,2.251356055515876,0.029425757684514792,0.0895233001270308,0.2414797808007083,-0.05540266325899858,302238843.6,45.74535902118819,70.8525162724242,56.35617836544857,1.2030149300075192,1.0,,-4.460000000000001,1.0,8.548168249660787,-0.34000000000000075,20668.0,True,True,94.41059602649007,Aerospace & Defense,Industrials,20.0,103,3-year profit growth >= 15%/yr; ROE >= 20%; Net profit margin up vs a year ago,3
UNIONBANK,0.058623008319961686,0.40960620525059643,0.09890109890109877,0.768837083747348,0.8196992554382208,0.0,0.0,0.42386073245497013,1.8979486072145406,0.016985827129156972,0.030120481927710774,-0.06286024577942173,-0.030211155274582267,1472437369.755,27.413402895244012,1.2122023970971174,17.586673729220117,2.007734346148358,1.0,26.47783227482272,4.23,1.0,14.548640230022764,-0.2799999999999976,20649.0,True,True,64.3453169347209,Public Sector Bank,Financial Services,52.0,103,"Uptrend (price > 50 > 150 > 200-day, 200-day rising); Within 15% of 52-week high; Sales growth >= 20% or 2+ strong quarters; ROE >= 20%; RS rating >= 80",5
UNIPARTS,0.21642692572162042,1.220878578479763,0.9183542954593902,2.4263739404505764,0.9003766581145259,0.0,0.0,0.46842892886244314,0.73775605709124,0.025803911707961365,0.03209198558434889,-0.0028052525936493877,-0.019858708073742973,114556052.3,64.35057681532,26.943175589256363,-59.69399770421404,1.418025778885585,5.0,-1.499154562787186,3.710000000000001,1.0,18.160919540229887,0.16000000000000014,20669.0,True,True,90.2894985808893,Auto Components & Equipments,Consumer Discretionary,19.0,103,"Uptrend (price > 50 > 150 > 200-day, 200-day rising); 3-year profit growth >= 15%/yr; ROE >= 20%",3
UNITDSPR,0.004140876808220131,0.14760289810390015,0.21921061251228302,0.19278202058587582,0.8686196750671613,0.0,0.0,-0.683670527107595,10.341585204149371,0.01349967072014882,0.030758226037195913,-0.07551755359343204,-0.02215841550854929,807474192.5,-20.567250369525535,-10.3608076795763,-50.63306526268276,-1.0205471502437826,0.0,14.535086378160788,-1.6100000000000012,1.0,20.52943147548308,0.26000000000000156,20645.0,True,True,46.175023651844846,Breweries & Distilleries,Fast Moving Consumer Goods,55.0,103,"Uptrend (price > 50 > 150 > 200-day, 200-day rising); Quarterly profit growth >= 25%; Sales growth >= 20% or 2+ strong quarters; 3-year profit growth >= 15%/yr; RS rating >= 80; Net profit margin up vs a year ago",6
UNIVCABLES,0.3239289070694393,1.2660537679342525,1.4242604872960287,2.184196300529568,0.9291791086821792,0.0,1.0,0.4403773938948533,1.9267276039761603,0.03808745710832806,0.08485725562425994,0.07771690261600539,-0.03585720561554309,194535374.8,108.63468235058895,57.46013762308599,97.84139623105732,2.226548483065741,1.0,20.12085808134274,1.8200000000000003,1.0,8.619777895293495,-0.8099999999999996,20647.0,True,True,95.62819299905392,Cables - Electricals,Industrials,3.0,103,ROE >= 20%,1
UNOMINDA,-0.02125786466430084,7.880841673890693e-05,0.2375658279695727,-0.3487666835905325,0.8104196816208393,0.0,0.0,0.3689622189701857,1.4070191826764296,0.01889067859914574,0.06556016597510372,-0.0859336616354931,-0.04531438641726963,731357253.0999999,2.1951437093973514,23.78566702828413,-19.338532955843824,0.23243690389087052,0.0,21.54787255059647,-1.2000000000000002,1.0,18.802167227998243,-0.17999999999999972,20638.0,True,True,37.55818353831599,Auto Components & Equipments,Consumer Discretionary,19.0,103,"Uptrend (price > 50 > 150 > 200-day, 200-day rising); Within 15% of 52-week high; Quarterly profit growth >= 25%; ROE >= 20%; RS rating >= 80; Net profit margin up vs a year ago",6
UPL,-0.06449188041951945,-0.0966820987654321,-0.012900505902192161,-0.6435769474883863,0.6273701058852499,0.0,0.0,-0.25906906423949655,2.4188412636368013,0.017955339212942102,0.045515998197386276,-0.10419501492568795,-0.04100930869620559,1006130554.125,0.8759413663207649,10.470920138888884,43.840079915411216,0.08154995656656301,0.0,-12.851696372364819,1.04,0.0,6.398432095918838,0.29999999999999716,20654.0,True,True,21.542100283822137,Pesticides & Agrochemicals,Commodities,101.0,103,"Uptrend (price > 50 > 150 > 200-day, 200-day rising); Within 15% of 52-week high; Quarterly profit growth >= 25%; Sales growth >= 20% or 2+ strong quarters; 3-year profit growth >= 15%/yr; ROE >= 20%; RS rating >= 80",7
URBANCO,0.06705750396059151,0.03396842043931714,0.4569786535303777,0.02446250041986844,0.9433059738000761,0.0,1.0,1.1930095849726543,2.0739517687207534,0.031242726959009808,0.08741149194811704,0.10411258716343452,-0.03702580212600266,941481776.255,-100.0,43.856018732812394,,,0.0,,-18.43,0.0,-10.965935604293048,0.18999999999999773,20665.0,True,True,66.12488174077578,E-Retail/ E-Commerce,Consumer Discretionary,36.0,103,Quarterly profit growth >= 25%; 3-year profit growth >= 15%/yr; ROE >= 20%; RS rating >= 80; Net profit margin up vs a year ago,5
USHAMART,0.03841282638079053,0.14869681443528626,0.2714831710023424,0.44512478899919006,0.9522668632510137,0.0,1.0,0.30631931922131267,1.247656188831028,0.01745109313422745,0.052641955835962095,0.026167570959874986,-0.0350008269677692,252754898.725,40.93149219826675,16.43503646344073,-15.42228624038124,1.7903646914254145,3.0,13.914859728284457,2.3900000000000006,1.0,14.112658994548758,0.7800000000000011,20661.0,True,True,57.88268684957427,Iron & Steel Products,Industrials,16.0,103,3-year profit growth >= 15%/yr; ROE >= 20%; RS rating >= 80,3
UTIAMC,-0.09081053591235372,-0.32840033564726534,-0.06454869043191835,-1.1372934067725982,0.6303761533002129,0.0,0.0,-0.26560443948096807,0.7819064574405513,0.013171404185304299,0.03329608938547479,-0.011555959153512485,-0.015558527873568916,67893568.2,15.752107315622133,6.696044908482501,115.75210731562214,0.46863206203218216,0.0,0.728427351720784,3.9399999999999977,1.0,10.477247502774695,-0.6700000000000159,20656.0,True,True,11.707663197729422,Asset Management Company,Financial Services,73.0,103,"Uptrend (price > 50 > 150 > 200-day, 200-day rising); Within 15% of 52-week high; Quarterly profit growth >= 25%; Sales growth >= 20% or 2+ strong quarters; 3-year profit growth >= 15%/yr; ROE >= 20%; RS rating >= 80",7
UTLSOLAR,,,1.1181413741967372,,0.8474456246838645,0.0,0.0,0.4563621262690594,0.9219962565527281,0.028975913402356165,0.042894799904145575,-0.008491206972874199,-0.03159098338746373,112823183.15,300.0,297.42764323685765,66.64248597574809,,6.0,,4.630000000000001,1.0,23.861852433281005,0.08000000000000096,20678.0,True,True,,Other Electrical Equipment,Industrials,50.0,103,"Uptrend (price > 50 > 150 > 200-day, 200-day rising); Within 15% of 52-week high; 3-year profit growth >= 15%/yr; RS rating >= 80",4
UTTAMSUGAR,0.10112443024900822,0.2204081632653061,0.20730033109908752,0.5258208951319246,0.8427497912607849,0.0,1.0,0.955843081877531,1.0207859686958016,0.03795004654359393,0.12749999999999995,0.09948206696818906,-0.061585765628550865,64579076.824999996,-91.23295553945871,-3.562510934045837,-78.21066747003749,-0.7101673326028111,0.0,-8.948907734736999,-2.1,1.0,11.529680365296803,-0.22,20675.0,True,True,74.92904446546831,Sugar,Fast Moving Consumer Goods,12.0,103,Within 15% of 52-week high; Quarterly profit growth >= 25%; Sales growth >= 20% or 2+ strong quarters; 3-year profit growth >= 15%/yr; ROE >= 20%; RS rating >= 80; Net profit margin up vs a year ago,7
V2RETAIL,-0.04654591497795153,0.16124927090513808,0.14235042512127682,-0.2087278177864503,0.6641851494696239,0.0,0.0,-0.7790479389288156,14.188941834127634,0.023959506791914265,0.02734411085450339,-0.20133174765441353,-0.08509262869945385,175497426.32999998,69.8629736970821,57.72990414729049,-102.80134893008334,1.6301565774654463,11.0,,0.30000000000000027,1.0,17.96008869179601,1.8600000000000012,20645.0,True,True,27.81740775780511,Speciality Retail,Consumer Discretionary,97.0,103,"Uptrend (price > 50 > 150 > 200-day, 200-day rising); Within 15% of 52-week high; 3-year profit growth >= 15%/yr; ROE >= 20%; RS rating >= 80",5
VADILALIND,0.10854324366323986,0.40291083271923367,0.7726204055029215,0.9380972744182017,0.8653368059666153,0.0,0.0,0.567061454734866,0.4459876785126428,0.02383110631135089,0.03675538656527255,-0.008012442084863514,-0.023135726598086166,111334208.25,95.47440378772973,34.24268145837856,-53.83458257590658,4.464479783154836,2.0,22.963380785681565,6.029999999999999,1.0,18.235294117647058,1.2800000000000002,20677.0,True,True,76.14664143803216,Dairy Products,Fast Moving Consumer Goods,8.0,103,"Uptrend (price > 50 > 150 > 200-day, 200-day rising); ROE >= 20%; RS rating >= 80",3
VAIBHAVGBL,-0.04447351015706624,-0.07389883000688224,0.14332749190165162,-0.31231066882961817,0.6902983802216539,0.0,0.0,-0.40658470460532237,0.7237226015303923,0.01869969214043034,0.015977705527171482,-0.10106062678406813,-0.019223990395585252,50620165.815,50.02027674687248,12.698159117162744,-117.14176049938588,0.9983612589758578,7.0,35.23907044724497,1.5300000000000002,1.0,16.14077669902913,0.2099999999999973,20648.0,True,True,28.566698202459794,"Gems, Jewellery And Watches",Consumer Discretionary,10.0,103,"Uptrend (price > 50 > 150 > 200-day, 200-day rising); Within 15% of 52-week high; ROE >= 20%; RS rating >= 80",4
VARROC,0.12312288047336727,0.3581775511855627,0.7125510204081633,0.893652978822267,0.8928414821311116,1.0,1.0,1.4088561006431743,0.5935377312645032,0.024502991876760354,0.053609721229449514,0.004393953781476556,-0.020649007716581028,231532592.5,25.66257184334968,29.922320041429295,-2.1586803591913544,0.1190102519070095,3.0,44.92367257801584,-0.09999999999999964,1.0,12.921348314606742,-0.33000000000000185,20663.0,True,True,79.4247871333964,Auto Components & Equipments,Consumer Discretionary,19.0,103,ROE >= 20%; RS rating >= 80; Net profit margin up vs a year ago,3
VBL,-0.012707758541656868,-0.0845418774592468,0.008545949962843746,-0.0413367573917613,0.7903922274199353,0.0,0.0,-0.1828743781925594,1.3117615331386567,0.017613006740588747,0.03362332471196794,0.02512046857316208,-0.021651375463545175,2077440210.3249998,15.077599399827935,20.43301122785317,-5.082907825751693,2.864938196840588,0.0,21.069445426898923,-0.8399999999999999,1.0,15.640004086219225,0.3299999999999983,20662.0,True,True,40.274361400189214,Other Beverages,Fast Moving Consumer Goods,,103,"Uptrend (price > 50 > 150 > 200-day, 200-day rising); Within 15% of 52-week high; Quarterly profit growth >= 25%; ROE >= 20%; RS rating >= 80; Net profit margin up vs a year ago",6
VEDL,0.09733319015331623,0.6123263992370507,0.050281498738109054,1.5847240836713685,0.7377777777777779,0.0,0.0,0.06390672932627399,1.4389886819474167,0.019521465029786886,0.04136443834542258,-0.011831237443261977,-0.020564458293882353,2363065906.5,151.88783829489344,53.64351910625873,83.64087582399125,1.2182072959954688,3.0,15.011174927037363,8.530000000000001,1.0,50.543784741802945,-0.75,20664.0,True,True,73.99243140964995,Diversified Metals,Commodities,,103,"Uptrend (price > 50 > 150 > 200-day, 200-day rising); Within 15% of 52-week high; RS rating >= 80",3
VENKEYS,0.07794874768793643,0.14799096447395432,0.37107586657946356,0.415139968469982,0.9338255551270042,0.0,1.0,0.3670814688455444,0.5644733345822317,0.02115633268482891,0.04716704751860323,0.05622523498331633,-0.019194802873883178,83577738.0,215.510048824562,29.168543478511943,-84.489951175438,0.6773219510619275,3.0,62.109065683422536,2.6399999999999997,1.0,8.709273182957393,0.1299999999999999,20679.0,True,True,68.5600756859035,Meat Products including Poultry,Fast Moving Consumer Goods,30.0,103,ROE >= 20%; RS rating >= 80,2
VENUSPIPES,0.2042508236070173,0.19693785649954965,0.6193328933340101,1.5196114451173346,0.9541718131095873,0.0,1.0,0.6628974607260926,0.7785198580574757,0.030843385441815103,0.10692826486817908,0.23940423620323958,-0.04497887891862747,214128464.15,6.646764382103165,15.965413697044252,-0.3469916871659873,0.3128716700039268,0.0,25.557729941392893,-0.7200000000000006,1.0,15.246636771300448,0.23999999999999844,20679.0,True,True,89.35288552507096,Iron & Steel Products,Industrials,16.0,103,Quarterly profit growth >= 25%; Sales growth >= 20% or 2+ strong quarters; ROE >= 20%; Net profit margin up vs a year ago,4
VGUARD,-0.035315282789929105,-0.0845925526173773,0.051286024171056654,-0.6880647708138822,0.7976562500000001,0.0,0.0,0.8463779668620337,0.6500639262714607,0.017403000111537923,0.03287809812847753,-0.04924790325484374,-0.03928083895196562,137815876.39999998,76.1875407630585,23.502810214995094,53.006418449454465,3.2276365525280144,3.0,23.86356642644374,2.1500000000000004,1.0,12.979351032448378,-0.21000000000000085,20649.0,True,True,32.406811731315045,Household Appliances,Consumer Discretionary,98.0,103,"Uptrend (price > 50 > 150 > 200-day, 200-day rising); Within 15% of 52-week high; ROE >= 20%; RS rating >= 80",4
VIDYAWIRES,,,0.7093445442384867,,0.8166169578184918,0.0,1.0,0.6242737824078265,2.0437334586975204,0.02224695066715142,0.0499826046619507,0.06731086222412275,-0.0394434041898323,76403889.14,41.676149768242276,33.50252574315136,-12.74951762622436,,8.0,,0.18000000000000016,1.0,12.083333333333334,-6.220000000000001,20676.0,True,True,,"Aluminium, Copper & Zinc Products",Industrials,,103,Within 15% of 52-week high; 3-year profit growth >= 15%/yr; ROE >= 20%; RS rating >= 80,4
VIJAYA,0.11334501761681498,0.476125110304932,0.6782788027423221,1.3464596023516184,0.9203689759036146,1.0,1.0,0.09704500003705831,1.0747660305682938,0.0201818699356981,0.047138983522213795,0.002575649449188422,-0.034253361251746356,167167567.8,37.61401124602397,22.82903483116192,3.0350449753502318,3.980205009379819,3.0,25.870002894662992,2.469999999999999,1.0,18.0773249738767,-0.05000000000000426,20671.0,True,True,77.2705771050142,Healthcare Service Provider,Healthcare,24.0,103,ROE >= 20%; RS rating >= 80,2
VIKRAMSOLR,-0.1687570470347538,-0.4690689761831116,-0.07466307277628026,-1.175775388832758,0.4274830699774267,0.0,0.0,0.13858511837791035,1.2044438845706538,0.026187639160879527,0.020927567697967442,-0.09737075719571264,-0.02830058877069507,301329621.02,-85.10885100877805,37.88969459588208,-106.99487921502235,-2.4951916844159183,0.0,,-10.49,1.0,14.780964387015445,-0.33000000000000007,20648.0,True,True,0.8429517502365186,Other Electrical Equipment,Industrials,50.0,103,"Uptrend (price > 50 > 150 > 200-day, 200-day rising); Within 15% of 52-week high; Quarterly profit growth >= 25%; 3-year profit growth >= 15%/yr; ROE >= 20%; RS rating >= 80; Net profit margin up vs a year ago",7
VIKRAN,-0.09915238893149532,-0.40529951541396014,0.04115523465703963,-0.7990843267715994,0.49096283783783784,0.0,0.0,0.4863594599488384,3.172348184744154,0.02603736352985719,0.08639116494478083,-0.06797243520059526,-0.03255664629615538,60121414.05,-89.42958335699399,-60.154776980441824,-155.69868942461795,,0.0,,-7.8100000000000005,1.0,7.431340872374798,-0.9300000000000006,20676.0,True,True,9.459791863765375,Civil Construction,Industrials,89.0,103,"Uptrend (price > 50 > 150 > 200-day, 200-day rising); Within 15% of 52-week high; Quarterly profit growth >= 25%; Sales growth >= 20% or 2+ strong quarters; 3-year profit growth >= 15%/yr; ROE >= 20%; RS rating >= 80; Net profit margin up vs a year ago",8
VIMTALABS,-0.011064754896865384,-0.10485143759006377,0.5949382565105759,-0.46807288099668787,0.7453207693300632,0.0,0.0,0.806007846340118,0.7113858344641134,0.02629971623167335,0.021472392638036686,-0.06838060540739388,-0.02311161532450864,96666473.8,42.950378071756546,20.56851702869402,-66.9320266455734,1.330420002759987,2.0,16.873028542544045,3.0500000000000007,1.0,12.852664576802509,-0.23999999999999932,20112.0,True,True,40.64900662251655,"Healthcare Research, Analytics & Technology",Healthcare,49.0,103,"Uptrend (price > 50 > 150 > 200-day, 200-day rising); Within 15% of 52-week high; ROE >= 20%; RS rating >= 80",4
VINATIORGA,-0.0951042210820685,-0.23622093023255808,0.003590527119939013,-1.3239659842417093,0.6376020325422995,0.0,0.0,0.11156842965619605,1.16490321037577,0.012347865479433923,0.03764723997228403,-0.08467973491021397,-0.02567912538838903,51884306.800000004,4.486743807042859,28.403786187427336,3.7948405489916848,0.500461804658068,0.0,4.145068212554115,-3.5799999999999983,1.0,14.046187915216704,-0.7800000000000011,20663.0,True,True,10.396404919583727,Specialty Chemicals,Commodities,38.0,103,"Uptrend (price > 50 > 150 > 200-day, 200-day rising); Within 15% of 52-week high; Quarterly profit growth >= 25%; 3-year profit growth >= 15%/yr; ROE >= 20%; RS rating >= 80; Net profit margin up vs a year ago",7
VINCOFE,0.08811324572683032,0.19251300763565093,0.32751617270949285,0.6598228229228328,0.9783642539848446,1.0,0.0,0.500236916619456,0.5425140132678395,0.02577835651860717,0.05505166475315737,0.12455053419303996,-0.03250484151674245,328493908.165,46.1125873437654,58.44897155791753,11.813280070922815,2.207057529591676,17.0,147.24899239513925,-1.0899999999999999,1.0,12.631578947368421,2.5199999999999996,20663.0,True,True,71.08893093661305,Tea & Coffee,Fast Moving Consumer Goods,46.0,103,"Uptrend (price > 50 > 150 > 200-day, 200-day rising); ROE >= 20%; RS rating >= 80; Net profit margin up vs a year ago",4
VINDHYATEL,0.2896826637440137,0.9157039837569136,1.5055629321001787,1.6272374942475123,0.9583756689019847,0.0,1.0,0.5717661649172389,1.5084698973893176,0.041931571394245026,0.0979319442827764,0.12262775112631741,-0.03793551079094456,157594765.60000002,22.668127877914213,-20.784114950634702,29.860364102136174,0.4898493110527282,1.0,4.602501895542277,3.7299999999999995,1.0,5.231866825208085,0.120000000000001,20648.0,True,True,94.12961210974456,Civil Construction,Industrials,89.0,103,Quarterly profit growth >= 25%; Sales growth >= 20% or 2+ strong quarters; 3-year profit growth >= 15%/yr; ROE >= 20%,4
VIPIND,-0.07592050832677184,-0.24203199413847842,-0.01958616332332963,-0.8013867183951882,0.644086742678292,0.0,0.0,-0.10714176827212393,1.2115528395220454,0.01831999208919355,0.02267651606253218,-0.048169684154882986,-0.022803098643944916,74816734.30000001,-100.0,3.015513955435245,0.0,-0.8908114424609231,0.0,86.9348015642083,-6.609999999999999,0.0,-116.95501730103805,-2.1300000000000026,20665.0,True,True,16.109744560075686,Plastic Products - Consumer,Consumer Discretionary,58.0,103,"Uptrend (price > 50 > 150 > 200-day, 200-day rising); Within 15% of 52-week high; Quarterly profit growth >= 25%; Sales growth >= 20% or 2+ strong quarters; ROE >= 20%; RS rating >= 80; Net profit margin up vs a year ago",7
VISHNU,0.11408189525598561,0.4571912371679545,0.35748792270531426,1.4136021385342108,0.9348790322580645,0.0,1.0,0.7112128896298481,1.6648530650872295,0.020911046206896114,0.073793901968352,0.0615129631099256,-0.03450818996298445,59103486.474999994,23.048116365737737,24.930819785541345,11.594677480075855,1.2971585395384126,1.0,4.523573620749155,-0.1399999999999988,1.0,13.283442469597755,0.4299999999999997,20666.0,True,True,77.73888363292336,Specialty Chemicals,Commodities,38.0,103,Quarterly profit growth >= 25%; 3-year profit growth >= 15%/yr; ROE >= 20%; RS rating >= 80; Net profit margin up vs a year ago,5
VIYASH,0.029000144187284787,0.3741887827784518,0.3582081768877763,0.5339092847886316,0.7826510067114094,0.0,0.0,-1.1905045530045155,0.7726158797304413,0.022812705079121677,0.023655013606866282,-0.09335105969429813,-0.033279350298276424,593482346.0999999,111.79296160735927,19.54423727957153,-188.20703839264073,1.8684240572573694,12.0,140.07011067381248,3.6500000000000004,1.0,7.729302645139128,-2.66,20652.0,True,True,54.97918637653737,Pharmaceuticals,Healthcare,27.0,103,"Uptrend (price > 50 > 150 > 200-day, 200-day rising); Within 15% of 52-week high; ROE >= 20%; RS rating >= 80",4
VMART,0.04264423253003699,0.15993917611280084,0.5399155808405214,0.23501490627880545,0.8930180180180181,0.0,0.0,0.09939849944676694,1.3517820282512727,0.019373078740308504,0.033306527275164255,-0.00932706698348218,-0.024415731190581064,66064069.05,40.477579763103776,22.99880255755631,-103.99803262829927,0.8221375840537675,8.0,64.83947983943281,0.54,1.0,13.038906414300735,-1.4200000000000088,20679.0,True,True,59.10028382213813,Diversified Retail,Consumer Discretionary,53.0,103,"Uptrend (price > 50 > 150 > 200-day, 200-day rising); ROE >= 20%; RS rating >= 80",3
VMM,-0.09091227923547682,-0.2511288641889544,-0.0007415647015202032,-0.9613426129068432,0.6633591799185176,0.0,0.0,0.13522722846513754,1.2159787076161956,0.021158144208753886,0.034619581390735066,-0.04574560400191319,-0.022030617492644376,983173434.0,25.557391347099024,18.682490956335652,-20.190476652787215,0.9629478869405269,2.0,,0.3800000000000008,1.0,11.317954944017266,0.4799999999999969,20657.0,True,True,11.614001892147588,Diversified Retail,Consumer Discretionary,53.0,103,"Uptrend (price > 50 > 150 > 200-day, 200-day rising); Within 15% of 52-week high; 3-year profit growth >= 15%/yr; ROE >= 20%; RS rating >= 80",5
VOLTAMP,0.10442392798452112,0.5981134772045162,0.219344637696963,1.266298304668302,0.8193267511466998,0.0,1.0,1.1341680719111922,0.37109248621406127,0.02130586121310701,0.026926899792174996,0.005067776987295325,-0.012746688562580356,239422084.0,14.705476384392458,28.377166060720516,65.24832734656883,0.4665995676308233,0.0,12.27334678054941,-2.0,1.0,17.020089285714285,0.8999999999999986,20679.0,True,True,75.30368968779565,Heavy Electrical Equipment,Industrials,35.0,103,Within 15% of 52-week high; Quarterly profit growth >= 25%; 3-year profit growth >= 15%/yr; ROE >= 20%; RS rating >= 80; Net profit margin up vs a year ago,6
VOLTAS,-0.07534427538578374,-0.12102671243098051,-0.046462684150882394,-0.6452104745441468,0.6748183254344392,0.0,0.0,-0.3484792659116795,3.2144663741140658,0.01814039437476023,0.02808533621388043,-0.11243095346142773,-0.028773211307015507,772217494.2,51.23271759434749,18.659516881718787,103.08441722032514,0.4858958220367737,1.0,11.657532324999288,0.98,1.0,5.803011292346299,-0.8499999999999943,20679.0,True,True,16.29706717123936,Household Appliances,Consumer Discretionary,98.0,103,"Uptrend (price > 50 > 150 > 200-day, 200-day rising); Within 15% of 52-week high; Sales growth >= 20% or 2+ strong quarters; 3-year profit growth >= 15%/yr; ROE >= 20%; RS rating >= 80",6
VRLLOG,0.05588713827819867,0.09867207672445599,0.28800000000000003,0.18185452590470522,0.9186009026434558,0.0,0.0,0.9921579794016323,0.388735714957397,0.019766543413580716,0.019798541160125138,-0.010188854368716194,-0.01247886877746998,40870590.6,60.94024492135573,18.069699330950904,63.791832140424404,1.217121089545168,1.0,17.830999975377317,2.4400000000000004,1.0,20.73490813648294,-0.4299999999999997,20679.0,True,True,63.315042573320724,Logistics Solution Provider,Services,67.0,103,"Uptrend (price > 50 > 150 > 200-day, 200-day rising); Sales growth >= 20% or 2+ strong quarters; RS rating >= 80",3
VSSL,0.18335810826224444,0.35473664619393275,0.6103982300884956,1.2377624489913472,0.9100992410974897,0.0,1.0,1.7314569016444883,0.45780156237107683,0.02662547072390836,0.08063404548587183,0.07963390784538604,-0.025203992133172315,43192920.15,-39.802768677204426,-2.5875605926128253,-38.195192840458645,-1.1044965104492446,0.0,-2.5943116177328696,-2.8499999999999996,1.0,11.654135338345863,-0.0699999999999994,20200.0,True,True,87.1050141911069,Iron & Steel Products,Industrials,16.0,103,Quarterly profit growth >= 25%; Sales growth >= 20% or 2+ strong quarters; 3-year profit growth >= 15%/yr; ROE >= 20%; Net profit margin up vs a year ago,5
VSTTILLERS,-0.024634036474851316,-0.17914086306890786,-0.16225922953451044,-0.4277689626410168,0.6944304989017885,0.0,0.0,-0.0619337071783035,4.364969842829439,0.01604987684031761,0.05119479544601546,0.017482689484686675,-0.03396154263455374,31495299.85,9.46975323337329,10.957691626836596,88.61799435399053,0.21787935108317652,0.0,-1.8797438625626217,-0.21000000000000085,1.0,9.597806215722121,-0.2699999999999996,20678.0,True,True,36.43424787133396,Tractors,Industrials,,103,"Uptrend (price > 50 > 150 > 200-day, 200-day rising); Within 15% of 52-week high; Quarterly profit growth >= 25%; Sales growth >= 20% or 2+ strong quarters; 3-year profit growth >= 15%/yr; ROE >= 20%; RS rating >= 80; Net profit margin up vs a year ago",8
VTL,0.035996291472282144,0.4109539789069989,0.09699962728289213,0.9805936969277186,0.7985465116279069,0.0,0.0,1.284974568325536,0.7113211189843501,0.019659769462319426,0.045246800731261416,-0.056916318918148856,-0.028049286413395887,120457021.55,51.4206742346369,13.305332696193094,71.80041249189104,1.915433951773492,1.0,12.217948559714142,2.9299999999999997,1.0,7.161879398896708,-0.9400000000000048,20664.0,True,True,57.22705771050142,Other Textile Products,Consumer Discretionary,23.0,103,"Uptrend (price > 50 > 150 > 200-day, 200-day rising); Within 15% of 52-week high; Sales growth >= 20% or 2+ strong quarters; 3-year profit growth >= 15%/yr; ROE >= 20%; RS rating >= 80",6
WAAREEENER,-0.08544998914603984,-0.19569148272851966,-0.15983326277396026,-0.7012062524843151,0.6448316661288588,0.0,0.0,-0.6635409311730981,1.2568470808796783,0.014780977384971687,0.03546300040436701,-0.0761103242937522,-0.030105146968118765,1217852302.5,15.371503151683275,79.21587589220553,-58.572809918795485,0.4835280664054996,0.0,,-6.220000000000001,1.0,26.901232857736527,1.2700000000000014,20663.0,True,True,13.58088930936613,Other Electrical Equipment,Industrials,50.0,103,"Uptrend (price > 50 > 150 > 200-day, 200-day rising); Within 15% of 52-week high; Quarterly profit growth >= 25%; 3-year profit growth >= 15%/yr; RS rating >= 80; Net profit margin up vs a year ago",6
WAAREERTL,-0.06887598979193399,-0.16182285488335313,-0.007491513519840787,-0.4823286173947937,0.6082106038291606,0.0,0.0,-0.6523051310159592,1.0059611190217426,0.014132412916004911,0.03800722198420958,-0.0448010787693609,-0.014771470060456059,85859660.9,37.71170497525216,53.22700973159369,-22.945685936139277,1.2196125977000474,6.0,110.85658312998339,-1.450000000000001,1.0,51.2847965738758,0.12999999999999967,20656.0,True,True,20.230842005676443,Other Electrical Equipment,Industrials,50.0,103,"Uptrend (price > 50 > 150 > 200-day, 200-day rising); Within 15% of 52-week high; RS rating >= 80; Net profit margin up vs a year ago",4
WABAG,0.09000186054276939,0.3854367594378616,0.6223781865117781,0.9157374005196156,0.8654161276412247,0.0,0.0,0.13005960351947213,1.096704983807341,0.028212561974955266,0.060993825931089374,-0.005142583506256404,-0.02275418817039076,974382729.6,36.99834565978979,20.81743869209809,8.415003335892806,2.866616685834843,4.0,11.457601947465657,1.1999999999999993,1.0,14.40809968847352,2.2099999999999973,20655.0,True,True,71.36991485335857,Water Supply & Management,Utilities,81.0,103,"Uptrend (price > 50 > 150 > 200-day, 200-day rising); 3-year profit growth >= 15%/yr; ROE >= 20%; RS rating >= 80",4
WAKEFIT,,,0.016230899830220524,,0.6070535714285714,0.0,0.0,-0.29966965680427543,0.38319643379638857,0.026871574334753196,0.039618965143970675,-0.022671603859290124,-0.02824518078208115,106347035.44,19.12590988911027,16.64842129522932,-80.87409011088972,,0.0,,0.11999999999999922,1.0,16.696113074204945,-1.6600000000000037,20679.0,True,True,,"Furniture, Home Furnishing",Consumer Discretionary,,103,"Uptrend (price > 50 > 150 > 200-day, 200-day rising); Within 15% of 52-week high; Quarterly profit growth >= 25%; Sales growth >= 20% or 2+ strong quarters; 3-year profit growth >= 15%/yr; ROE >= 20%; RS rating >= 80",7
WALCHANNAG,0.025316490657481486,0.09115451802445618,0.43235355430477385,0.13894733061519504,0.6465167827739075,0.0,0.0,-0.2534307527389084,1.139527115160693,0.022551439062477318,0.0707061022961506,-0.057771435849819475,-0.025052529429480056,110267338.32499999,100.0,83.7548047744285,0.0,0.37024305947401487,3.0,-40.7907157182158,22.32,1.0,-4.178272980501393,1.62,20679.0,True,True,54.04257332071902,Industrial Products,Industrials,11.0,103,"Uptrend (price > 50 > 150 > 200-day, 200-day rising); Within 15% of 52-week high; 3-year profit growth >= 15%/yr; ROE >= 20%; RS rating >= 80",5
WANBURY,-0.08726727600851737,-0.01297911174204025,0.05625244151221853,-0.3655198684943127,0.5514003065347638,0.0,0.0,-0.2788472856629446,3.483374456836164,0.03203045459149767,0.04669959586888184,-0.2095898991125612,-0.06658376227372063,48070409.625,300.0,24.460376782854087,155.32287705015636,1.5130393883572208,2.0,81.55407997959531,7.4799999999999995,1.0,52.54237288135594,0.36,20304.0,True,True,12.925260170293283,Pharmaceuticals,Healthcare,27.0,103,"Uptrend (price > 50 > 150 > 200-day, 200-day rising); Within 15% of 52-week high; RS rating >= 80",3
WEBELSOLAR,-0.13713287020683035,-0.3637485601448084,0.01270298585646934,-0.700007258181564,0.5140681653372009,0.0,0.0,-0.6231610392002608,1.4174511941333863,0.023590788520869533,0.04466071190507925,-0.12559206631142694,-0.024206983745244024,140335804.995,15.754376889798593,70.33142857142857,-136.60638898619936,0.2957216358195241,0.0,157.36698594428105,-9.84,1.0,48.095238095238095,-0.27000000000000046,20675.0,True,True,3.3718070009460743,Other Electrical Equipment,Industrials,50.0,103,"Uptrend (price > 50 > 150 > 200-day, 200-day rising); Within 15% of 52-week high; Quarterly profit growth >= 25%; RS rating >= 80; Net profit margin up vs a year ago",5
WEL,-0.14640208875654218,-0.467172395273899,-0.011704644502552597,-0.8058911222153964,0.4065820301858007,0.0,0.0,-1.11613086701259,0.0798635213313449,0.05570647119712353,0.04994961854037716,-0.2690734413691501,-0.04062303801821183,85347344.94999999,256.3791593066506,50.93705570634612,294.61746542951516,0.8864676750756676,1.0,29.422333622721908,0.98,1.0,8.653846153846153,1.0,20677.0,True,True,2.5288552507095554,Household Appliances,Consumer Discretionary,98.0,103,"Uptrend (price > 50 > 150 > 200-day, 200-day rising); Within 15% of 52-week high; ROE >= 20%; RS rating >= 80",4
WELCORP,0.45255061477793046,2.0684167731443837,2.1193245557064415,4.793972396964746,0.9175517241379311,1.0,1.0,0.991478402934435,1.4904270531348847,0.03781873780850895,0.0812096085843188,0.16519504723136458,-0.054380377454949023,3251041817.5,200.19971128590862,14.912895714193208,180.29811721109596,4.00407822282526,1.0,84.60127890629052,15.85,1.0,17.693315858453474,1.8500000000000014,20658.0,True,True,98.43803216650899,Iron & Steel Products,Industrials,16.0,103,Sales growth >= 20% or 2+ strong quarters; ROE >= 20%,2
WELENT,0.12456677337944547,0.5301120448179271,0.7432186004103032,1.1748839826846287,0.8531892148711248,0.0,1.0,0.2746037442133293,0.7477965926806488,0.026215562866671226,0.06387708401438386,0.05404029213189676,-0.03961966306161563,255610897.425,-20.481007612463564,-8.440920655582506,-68.66696958619647,-0.9319046342332229,0.0,11.51716054265728,-1.7700000000000014,1.0,12.910643889618923,0.379999999999999,20665.0,True,True,79.61210974456007,Civil Construction,Industrials,89.0,103,Quarterly profit growth >= 25%; Sales growth >= 20% or 2+ strong quarters; 3-year profit growth >= 15%/yr; ROE >= 20%; RS rating >= 80; Net profit margin up vs a year ago,6
WELSPUNLIV,0.25493911042193046,0.7224177899888384,0.7298439251530568,2.2817627383342844,0.9712932336967619,1.0,1.0,2.1045761805613528,3.3323764803834073,0.023040017378523396,0.05208287511547072,0.23202413288001322,-0.04589427788532105,696081230.755,82.20473462977269,23.661288966941953,102.26089609073559,1.0227419328495304,1.0,-5.1282862778282094,1.87,1.0,4.331909701037217,0.41999999999999815,20678.0,True,True,92.9120151371807,Other Textile Products,Consumer Discretionary,23.0,103,3-year profit growth >= 15%/yr; ROE >= 20%,2
WENDT,-0.004190816025969515,-0.061408959945765784,0.2774104259572505,-0.24248338296469107,0.8734696078960142,0.0,0.0,0.4868722525146488,1.1788176133644677,0.019512899167074244,0.05333819330538847,-0.021880405477228027,-0.030261734894623724,50301145.0,63.390930181832594,36.63024726854513,123.91292431672996,0.6792581242958999,1.0,-26.035340162376073,1.42,1.0,5.905511811023622,-0.6399999999999988,20641.0,True,True,43.739829706717124,Abrasives & Bearings,Industrials,47.0,103,"Uptrend (price > 50 > 150 > 200-day, 200-day rising); 3-year profit growth >= 15%/yr; ROE >= 20%; RS rating >= 80",4
WESTLIFE,0.01755231911883899,-0.20949107926294241,0.1752364387433416,-0.3292065272263733,0.7784760408483897,0.0,0.0,1.5040472919800292,0.7884226756769077,0.03073701569738009,0.04319554110543433,0.05771916186518622,-0.028303455713850963,51564683.6,-52.90008699500679,11.86229338685887,-109.3676401335816,-0.06449710616893546,0.0,-43.220779668710044,-0.11,1.0,5.169628432956381,0.28000000000000114,20664.0,True,True,51.326395458845795,Restaurants,Consumer Discretionary,74.0,103,"Uptrend (price > 50 > 150 > 200-day, 200-day rising); Within 15% of 52-week high; Quarterly profit growth >= 25%; Sales growth >= 20% or 2+ strong quarters; 3-year profit growth >= 15%/yr; ROE >= 20%; RS rating >= 80; Net profit margin up vs a year ago",8
WEWORK,,,0.45230700976042604,,0.8368785399622404,0.0,0.0,-0.2950645307432931,1.233680023995162,0.019028033841053657,0.025359256128486996,-0.03523867286915283,-0.016400310633410586,112681385.475,79.26847107234506,27.744671311950107,-20.731528927654935,,2.0,,2.0500000000000003,0.0,25.16778523489933,-0.44000000000000483,20650.0,True,True,,Diversified Commercial Services,Services,63.0,103,"Uptrend (price > 50 > 150 > 200-day, 200-day rising); Within 15% of 52-week high; 3-year profit growth >= 15%/yr; RS rating >= 80",4
WHEELS,0.34146046107029066,0.9159235668789809,0.6979524811412736,3.226367164943938,0.9163330664531625,0.0,1.0,1.0096875993806653,0.43847673178136415,0.04028603630007619,0.19995442634157445,0.3005548806887204,-0.027825359290671915,214029775.9,27.06929936555309,17.819043856183335,-25.394835864265634,1.1399431009577958,5.0,48.43252004607352,0.18999999999999995,1.0,15.177713736791546,-2.4200000000000017,20638.0,True,True,96.47114474929045,Auto Components & Equipments,Consumer Discretionary,19.0,103,ROE >= 20%,1
WHIRLPOOL,-0.042807822970737645,-0.3473957488236248,-0.012278978388998052,-0.698406010753966,0.6038970076548364,0.0,0.0,0.795979855130488,2.1159040935952276,0.0338529819826748,0.19998613133624588,0.08113630191086285,-0.09197558918058693,228986941.6,-29.67795541943098,12.104903960005252,-0.10159779343503672,-1.4342688121250997,0.0,8.241516412552574,-2.2399999999999998,1.0,7.089641913001682,-0.6500000000000057,20670.0,True,True,29.035004730368968,Household Appliances,Consumer Discretionary,98.0,103,"Uptrend (price > 50 > 150 > 200-day, 200-day rising); Within 15% of 52-week high; Quarterly profit growth >= 25%; Sales growth >= 20% or 2+ strong quarters; 3-year profit growth >= 15%/yr; ROE >= 20%; RS rating >= 80; Net profit margin up vs a year ago",8
WINDLAS,0.07398299559540433,0.22152378888045932,0.47429692609548724,0.3405977840633493,0.8767239191132922,0.0,1.0,1.003291610618575,0.6369935289102573,0.02869000662591973,0.03957955443932826,0.029316957505163055,-0.028007285372183086,77555045.125,-1.8314294608183568,17.655764392481863,1.8295538034378445,-0.13581972127680766,0.0,15.96042947129046,-1.3299999999999992,1.0,11.359724612736661,-0.5200000000000014,20594.0,True,True,67.62346263008514,Pharmaceuticals,Healthcare,27.0,103,Quarterly profit growth >= 25%; Sales growth >= 20% or 2+ strong quarters; ROE >= 20%; RS rating >= 80; Net profit margin up vs a year ago,5
WIPRO,-0.07676138748484816,-0.2546341463414634,-0.09845569750141092,-1.2521645209672805,0.592603441962651,0.0,0.0,-0.14657152951094554,11.47557233062385,0.012987676687234747,0.01750862880451831,-0.07638223074464678,-0.02205728389132485,1662402228.4,0.6095253225139041,10.58975540556415,2.4392434433315513,0.05752481978556504,0.0,4.3473852571746185,-1.3599999999999994,1.0,15.071745873050139,-2.1099999999999994,20650.0,True,True,15.64143803216651,Computers - Software & Consulting,Information Technology,94.0,103,"Uptrend (price > 50 > 150 > 200-day, 200-day rising); Within 15% of 52-week high; Quarterly profit growth >= 25%; Sales growth >= 20% or 2+ strong quarters; 3-year profit growth >= 15%/yr; ROE >= 20%; RS rating >= 80; Net profit margin up vs a year ago",8
WOCKPHARMA,0.15155177074480647,0.4594837261503928,0.5340935902477388,1.2067100975014966,0.8984849110349667,0.0,1.0,0.47285014380611745,1.3439224786191588,0.026987462739282472,0.07079872859632919,0.07608436612183422,-0.04217994824475994,1577774962.5,100.0,25.880758807588066,0.0,2.213655832645011,5.0,-51.3208453727904,13.49,1.0,4.02834008097166,-1.5800000000000018,20654.0,True,True,83.54588457899716,Pharmaceuticals,Healthcare,27.0,103,3-year profit growth >= 15%/yr; ROE >= 20%,2
WONDERLA,-0.024843939775837143,-0.142238915652813,-0.0071826859465078385,-0.5879999824771617,0.8266299059357768,0.0,0.0,0.5524629232980509,0.6186970346476247,0.01667274350593573,0.02167811864898872,0.0128287669599636,-0.016203427483478187,33760383.474999994,38.44793152639085,44.21659533999047,13.98989959412988,2.156868195634727,2.0,-14.462861180196684,-1.25,1.0,4.565701559020044,-1.2199999999999989,20679.0,True,True,36.24692526017029,Amusement Parks/ Other Recreation,Consumer Discretionary,43.0,103,"Uptrend (price > 50 > 150 > 200-day, 200-day rising); Within 15% of 52-week high; 3-year profit growth >= 15%/yr; ROE >= 20%; RS rating >= 80; Net profit margin up vs a year ago",6
WSTCSTPAPR,0.19972090481004617,0.4205860092983027,0.5208936219469849,1.6833597186912057,0.9691763191763191,0.0,1.0,0.5781033639058504,0.8431129258957443,0.026589842722174857,0.07237071672831319,0.1541686016482211,-0.025853287524635494,145970083.25,135.42281781484456,10.119939244749387,118.53036801515498,1.636317312881263,1.0,-41.21329398515442,7.180000000000001,1.0,4.323725055432372,-0.14000000000000057,20657.0,True,True,88.97824030274361,Paper & Paper Products,Commodities,18.0,103,Sales growth >= 20% or 2+ strong quarters; 3-year profit growth >= 15%/yr; ROE >= 20%,3
XPROINDIA,-0.02084588446589684,0.12159439334209377,0.23676584234930442,-0.009417813422490026,0.7214249428498857,0.0,0.0,0.41542065406416484,0.39586638534879265,0.03604089224315072,0.03499179879715686,-0.05927689933161562,-0.03903602053477008,66607445.3,100.0,20.372670807453396,-1.7888683867635962,1.654266477000816,2.0,-5.031790431248351,8.15,1.0,2.635046113306983,-0.030000000000001137,20665.0,True,True,37.8391674550615,Packaging,Industrials,34.0,103,"Uptrend (price > 50 > 150 > 200-day, 200-day rising); Within 15% of 52-week high; 3-year profit growth >= 15%/yr; ROE >= 20%; RS rating >= 80",5
YASHO,0.3762255973888977,1.4482987852782978,1.8964038035318507,2.615439937453896,0.857589106928314,0.0,1.0,0.6278238125670986,0.5043480302404142,0.04522116802233162,0.05933859358381355,0.04878716536053962,-0.0247339355626971,150491328.6,300.0,54.923479661699574,156.03425775916128,3.2203546259018765,3.0,-3.056534100352526,9.88,1.0,5.63063063063063,0.28000000000000025,20650.0,True,True,97.03311258278146,Specialty Chemicals,Commodities,38.0,103,3-year profit growth >= 15%/yr; ROE >= 20%,2
YATHARTH,0.13012924850407764,0.2315863569463108,0.4329536147717967,0.8939733290877226,0.8942567567567568,0.0,1.0,0.9016014969503634,1.4872512780779144,0.025985335087725756,0.0917235060572128,0.10872476755838645,-0.058452376967185686,342237228.1,8.056930870578016,52.32571672421151,-7.382517554972967,0.6737093189938587,0.0,33.200772850420556,-4.739999999999998,1.0,9.550561797752808,-0.7899999999999991,20675.0,True,True,80.82970671712394,Hospital,Healthcare,65.0,103,Quarterly profit growth >= 25%; ROE >= 20%; Net profit margin up vs a year ago,3
YATRA,-0.04872309704874184,-0.1954464603344006,0.14003427764895648,-0.47046185342540037,0.5023762376237624,0.0,0.0,0.14273048181729048,1.1790663890813973,0.026460231141981292,0.04947439483074545,-0.072584772404919,-0.030703993352573084,103931457.91499999,-97.88724779574954,-10.44278156427243,-51.78927372946208,-1.632732999322235,0.0,64.07438086761088,-7.45,1.0,5.6558363417569195,0.14000000000000057,20677.0,True,True,27.255439924314096,"Tour, Travel Related Services",Consumer Discretionary,99.0,103,"Uptrend (price > 50 > 150 > 200-day, 200-day rising); Within 15% of 52-week high; Quarterly profit growth >= 25%; Sales growth >= 20% or 2+ strong quarters; ROE >= 20%; RS rating >= 80; Net profit margin up vs a year ago",7
YESBANK,-0.012700837955817139,0.07486886027658568,0.2613318410744263,-0.018289184356709565,0.8091543832428238,0.0,0.0,-0.12498419152278048,2.1496696952097514,0.015992190699228772,0.05291479820627809,-0.07330898881395997,-0.05203901640321568,1107167990.69,32.61886911133609,5.9157459544329605,-12.748769464995014,2.7380498187296327,3.0,69.978876819556,2.6799999999999997,1.0,6.865006450604011,1.9299999999999926,20652.0,True,True,40.368022705771054,Private Sector Bank,Financial Services,25.0,103,"Uptrend (price > 50 > 150 > 200-day, 200-day rising); Within 15% of 52-week high; ROE >= 20%; RS rating >= 80",4
ZAGGLE,-0.15510682221708091,-0.47647986240504514,-0.2225864123957092,-0.8989795237779914,0.42397631968426247,0.0,0.0,1.0192008759215334,0.35907514807999713,0.035454555587689805,0.03880040664181639,-0.08635895865758336,-0.021026788953619792,145608370.83999997,-32.84220247070061,27.502485164322053,-63.320270356195735,-2.1413211664935026,0.0,91.05533036684368,-3.7200000000000006,1.0,9.9002849002849,-3.710000000000001,20679.0,True,True,1.5922421948912016,IT Enabled Services,Information Technology,51.0,103,"Uptrend (price > 50 > 150 > 200-day, 200-day rising); Within 15% of 52-week high; Quarterly profit growth >= 25%; ROE >= 20%; RS rating >= 80; Net profit margin up vs a year ago",6
ZEEL,-0.1162111863947033,-0.18607336353139714,0.2362066639687037,-0.7723534535706171,0.6119138149556401,0.0,0.0,-0.20465285371334205,0.5788450788567319,0.033273502558119734,0.02829091848598364,-0.21015951680346912,-0.03333579070804253,1703639591.315,-48.204311401796076,4.521043402016667,51.795688598203924,-0.4456887394566778,0.0,-11.49420965833885,-3.97,1.0,2.310315430520034,-8.2,20675.0,True,True,6.275307473982971,TV Broadcasting & Software Production,Consumer Discretionary,,103,"Uptrend (price > 50 > 150 > 200-day, 200-day rising); Within 15% of 52-week high; Quarterly profit growth >= 25%; Sales growth >= 20% or 2+ strong quarters; 3-year profit growth >= 15%/yr; ROE >= 20%; RS rating >= 80; Net profit margin up vs a year ago",8
ZENSARTECH,-0.11106933636267792,-0.3989540289256198,-0.1439212801177121,-1.103251317924105,0.5419099756690997,0.0,0.0,1.0802958873659576,1.4388424936145894,0.021207075127494538,0.03948428686543104,-0.05037520252408967,-0.019414013945893566,389716172.525,1.0290567012291918,8.902527075812273,-18.120926500311185,0.07621813107635127,0.0,24.833459403885037,-0.9500000000000011,1.0,16.422970968425513,-1.4600000000000009,20647.0,True,True,7.3992431409649955,Computers - Software & Consulting,Information Technology,94.0,103,"Uptrend (price > 50 > 150 > 200-day, 200-day rising); Within 15% of 52-week high; Quarterly profit growth >= 25%; Sales growth >= 20% or 2+ strong quarters; ROE >= 20%; RS rating >= 80; Net profit margin up vs a year ago",7
ZENTEC,0.0015186492043043585,0.20622334754797444,0.324093036863663,0.20344518199589867,0.7898908841806527,0.0,0.0,0.043643336787592774,0.7119687284277301,0.02107367419536506,0.02230054080330568,-0.07434485083895559,-0.02234893227115181,525726858.0,-35.808642465255424,-10.479079762356225,22.653787912933332,-0.4253292714421553,0.0,30.119303337071624,-9.489999999999998,1.0,11.540497617787189,0.8399999999999999,20659.0,True,True,45.42573320719016,Aerospace & Defense,Industrials,20.0,103,"Uptrend (price > 50 > 150 > 200-day, 200-day rising); Within 15% of 52-week high; Quarterly profit growth >= 25%; Sales growth >= 20% or 2+ strong quarters; ROE >= 20%; RS rating >= 80; Net profit margin up vs a year ago",7
ZFCVINDIA,-0.0037558272918684285,0.20419522385497002,0.08407041648776303,0.14198780065024313,0.7185939553219448,0.0,0.0,-0.5426105934540759,1.3246741163480233,0.016607491586956343,0.023685169440058385,-0.12095066248186559,-0.041003424796236816,201588611.10000002,-14.5907150993568,9.289023740210766,-30.125226604275802,-1.5238506410545158,0.0,12.469646359535048,-2.7399999999999984,1.0,14.010840108401085,-0.620000000000001,20638.0,True,True,43.9271523178808,Auto Components & Equipments,Consumer Discretionary,19.0,103,"Uptrend (price > 50 > 150 > 200-day, 200-day rising); Within 15% of 52-week high; Quarterly profit growth >= 25%; Sales growth >= 20% or 2+ strong quarters; 3-year profit growth >= 15%/yr; ROE >= 20%; RS rating >= 80; Net profit margin up vs a year ago",8
ZOTA,-0.02372359703379348,-0.229822352776612,-0.0083746060333183,-0.23940213485633927,0.7348275862068965,0.0,0.0,0.2557779591027904,2.225886175482707,0.02907680456779309,0.12520751419833975,0.07442308371021333,-0.07377974523206679,58444665.75,-100.0,67.59992276501254,-28.3945813432494,-4.792002218019634,0.0,-7.573606611811867,-12.02,0.0,-10.662824207492795,0.05999999999999872,20678.0,True,True,36.808893093661304,Pharmaceuticals,Healthcare,27.0,103,"Uptrend (price > 50 > 150 > 200-day, 200-day rising); Within 15% of 52-week high; Quarterly profit growth >= 25%; 3-year profit growth >= 15%/yr; ROE >= 20%; RS rating >= 80; Net profit margin up vs a year ago",7
ZYDUSLIFE,0.04573538094620802,0.17230769230769227,0.3225339890078103,0.8104167666033316,0.9410762113464817,1.0,1.0,0.47781291145817906,1.6768731781456991,0.017234385157787132,0.03294642857142871,0.014693141741999316,-0.028097757039679185,1284716754.6999998,-34.068044305673205,21.955671843862667,-55.073266537276155,-4.042075757319736,0.0,17.936103340179322,-10.63,1.0,18.899380348185304,0.010000000000001563,20645.0,True,True,59.75591296121098,Pharmaceuticals,Healthcare,27.0,103,Quarterly profit growth >= 25%; ROE >= 20%; RS rating >= 80; Net profit margin up vs a year ago,4
ZYDUSWELL,-0.00626211895879529,0.11590296495956887,0.21476131362148743,0.10719736009709108,0.8211162866715698,0.0,0.0,0.5747678422409147,0.715116427181626,0.023214992377121334,0.04447996990784264,-0.05091328815851892,-0.03913448304682809,105406138.875,-7.105337664252254,66.91834127076315,-1.3148588061281163,-0.3537777087835326,0.0,-10.138550264254375,-6.59,1.0,3.381393752145554,0.41000000000000014,20647.0,True,True,42.99053926206244,Packaged Foods,Fast Moving Consumer Goods,91.0,103,"Uptrend (price > 50 > 150 > 200-day, 200-day rising); Within 15% of 52-week high; Quarterly profit growth >= 25%; 3-year profit growth >= 15%/yr; ROE >= 20%; RS rating >= 80; Net profit margin up vs a year ago",7
