,rs_ibd,mom_12_1,mom_6_1,ram,prox_high,new_high,trend,ud_vol,vol_surge,vol60,max_ret21,ext50,tight,turnover,np_yoy,sales_yoy,accel,sue,streak,ttm_cagr3,npm_chg,np_pos,roe,inst_chg,last_ann,universe,has_f,rs,industry,sector,group_rank,groups_total,failed,n_fail
360ONE,0.011967464145161831,0.10527850685330997,0.22330410457797623,0.11841809391082028,0.8598932211616243,0.0,0.0,-0.34860776281308814,1.4220519087434202,0.01585904933523137,0.03213786679087094,-0.059380270523296086,-0.01993747577671921,789822829.95,16.126848424999316,34.519342593202104,0.42186864039468297,1.0316970984205642,0.0,22.60072621253815,-4.27,1.0,12.3627490849939,1.1700000000000017,20650.0,True,True,49.40607210626186,Stockbroking & Allied,Financial Services,17.0,103,"Uptrend (price > 50 > 150 > 200-day, 200-day rising); Quarterly profit growth >= 25%; ROE >= 20%; RS rating >= 80; Net profit margin up vs a year ago",5
3MINDIA,0.0040161659619646975,0.13906710594763316,0.11774714990641488,0.21563502313734395,0.8105443071259532,0.0,0.0,-0.338167763371403,2.812449449795176,0.01690062865363065,0.04810943744236096,-0.08891805139300224,-0.05133080862064891,80135205.0,21.655434347214133,-0.29438103766935564,-5.732843717723156,1.8173347070849244,2.0,37.526891767001835,2.709999999999999,1.0,27.154168607359107,-0.1999999999999993,19920.0,True,True,46.49430740037951,Diversified,Diversified,81.0,103,"Uptrend (price > 50 > 150 > 200-day, 200-day rising); Within 15% of 52-week high; Quarterly profit growth >= 25%; RS rating >= 80",4
63MOONS,0.04116088127260167,0.01382221965184205,0.7421983701053467,-0.17762655505889613,0.8175792055952816,0.0,0.0,1.0102967572986046,0.22561260473988404,0.031960610215308424,0.028886399811354213,-0.05585317986527327,-0.045754947972294714,231202552.825,-100.0,300.0,0.0,-0.6394650783691775,0.0,,26.909999999999997,0.0,-1.5202702702702704,0.30000000000000004,20677.0,True,True,58.7988614800759,Computers - Software & Consulting,Information Technology,93.0,103,"Uptrend (price > 50 > 150 > 200-day, 200-day rising); Within 15% of 52-week high; Quarterly profit growth >= 25%; 3-year profit growth >= 15%/yr; ROE >= 20%; RS rating >= 80",6
AADHARHFC,-0.045200707403328336,-0.054735607467500724,0.06567493112947664,-0.41575113753283677,0.808259325044405,0.0,0.0,-0.3956860362007344,1.7886994489801955,0.014262917745511111,0.028440366972477094,-0.04005181041102357,-0.023867597290362443,116827795.9,18.985760554858167,17.061237001579865,-7.989077065604079,3.7255947118680783,0.0,,0.46000000000000085,1.0,14.533881448083807,0.4399999999999977,20648.0,True,True,27.990512333965842,Housing Finance Company,Financial Services,92.0,103,"Uptrend (price > 50 > 150 > 200-day, 200-day rising); Within 15% of 52-week high; Quarterly profit growth >= 25%; Sales growth >= 20% or 2+ strong quarters; 3-year profit growth >= 15%/yr; ROE >= 20%; RS rating >= 80",7
AARTIDRUGS,-0.007229425834038003,-0.10483201990875157,0.21608677278489918,-0.43552898740601653,0.7819288389513109,0.0,0.0,0.42555218640055803,0.8752757949383517,0.018235552218613706,0.033253012048192865,-0.010880199363722753,-0.015450027530044368,60828316.95,-4.295296870372067,19.012379129904655,7.736419028505126,-0.19266709346147917,0.0,2.3684550708781504,-1.790000000000001,1.0,12.588766946417044,0.019999999999997797,20679.0,True,True,41.703984819734345,Pharmaceuticals,Healthcare,26.0,103,"Uptrend (price > 50 > 150 > 200-day, 200-day rising); Within 15% of 52-week high; Quarterly profit growth >= 25%; Sales growth >= 20% or 2+ strong quarters; 3-year profit growth >= 15%/yr; ROE >= 20%; RS rating >= 80; Net profit margin up vs a year ago",8
AARTIIND,0.06922903578918947,0.31969961110366096,0.217342899554676,0.8393688095331913,0.8903488898957861,0.0,0.0,0.7470214698735673,0.6849873528841204,0.019073652041828166,0.03052874527905991,-0.0204464969372129,-0.021850928583734004,334076960.85,255.9914048434868,42.50746268656715,213.48268606431364,1.5462996257128354,4.0,2.8660233418485337,3.85,1.0,7.036104114189756,0.6099999999999994,20679.0,True,True,66.03130929791271,Specialty Chemicals,Commodities,40.0,103,"Uptrend (price > 50 > 150 > 200-day, 200-day rising); 3-year profit growth >= 15%/yr; ROE >= 20%; RS rating >= 80",4
AARTIPHARM,0.12562020258170753,0.061426276109257216,0.3217391304347825,0.39194739526714206,0.9510674381484437,1.0,0.0,1.2773028067715544,1.0197444954589545,0.03588424729634366,0.06433260393873086,0.1396210626979859,-0.0614644760348785,395333136.5,53.78279078960875,38.73999844636058,84.60015194079348,1.2814531698623302,1.0,4.481237636644475,1.3900000000000006,1.0,8.239171374764595,-0.40000000000000036,20679.0,True,True,79.46299810246678,Pharmaceuticals,Healthcare,26.0,103,"Uptrend (price > 50 > 150 > 200-day, 200-day rising); 3-year profit growth >= 15%/yr; ROE >= 20%; RS rating >= 80",4
AAVAS,-0.0714544811204499,-0.18908163899769936,0.1346789629371845,-0.7715285367216518,0.6951295219820531,0.0,0.0,-0.4659513301297097,2.7260808705150508,0.018889019929288403,0.028491359177954312,-0.06452975094633095,-0.03189532785893975,101777265.6,12.336345495060508,21.42142364740154,3.390430554287338,2.1086360575879244,0.0,19.30887173379423,-2.1099999999999994,1.0,13.013517095149748,-0.44999999999999574,19838.0,True,True,17.94022770398482,Housing Finance Company,Financial Services,92.0,103,"Uptrend (price > 50 > 150 > 200-day, 200-day rising); Within 15% of 52-week high; Quarterly profit growth >= 25%; ROE >= 20%; RS rating >= 80; Net profit margin up vs a year ago",6
ABB,0.07059997439381015,0.4228657014478283,0.19641559699685152,1.1277235298363868,0.8839674427408669,0.0,0.0,0.22692209841227312,1.051905917763971,0.01833546507918533,0.03299492385786795,-0.04726153996809246,-0.024239743820369104,1378025237.5,8.04453015021933,21.03065156250532,33.25321757577821,0.12805219921567482,0.0,85.52828342535965,-1.25,1.0,21.286370597243494,0.09000000000000341,20665.0,True,True,66.50094876660341,Heavy Electrical Equipment,Industrials,36.0,103,"Uptrend (price > 50 > 150 > 200-day, 200-day rising); Quarterly profit growth >= 25%; RS rating >= 80; Net profit margin up vs a year ago",4
ABBOTINDIA,-0.025465388456664396,-0.12135513231080397,0.0065649739331916646,-0.5919571998354605,0.8512477572989724,0.0,0.0,-0.2755316384063302,1.452310045540401,0.012232573813088692,0.052489386337321475,-0.0241868535401506,-0.018359680961384836,183844580.0,17.121078654117294,4.333419622055401,9.51089326588528,3.2187192192161156,0.0,16.01767810745125,2.5799999999999983,1.0,32.50942605781316,-0.049999999999998934,20679.0,True,True,35.3168880455408,Pharmaceuticals,Healthcare,26.0,103,"Uptrend (price > 50 > 150 > 200-day, 200-day rising); Quarterly profit growth >= 25%; Sales growth >= 20% or 2+ strong quarters; RS rating >= 80",4
ABCAPITAL,0.05455121985632757,0.39692944626530946,0.30067459042724054,0.8772262735900808,0.8639424193173904,0.0,0.0,0.06530818401152481,1.5128488160773688,0.01810326656980877,0.05141025641025654,-0.06878619371049033,-0.030984890481203564,1003272474.025,43.28168965014956,28.169392035307904,26.247098932107594,1.6196499347397018,1.0,18.479147486326376,1.0600000000000005,1.0,11.224726934696722,0.5800000000000018,20654.0,True,True,61.71062618595825,Investment Company,Financial Services,96.0,103,"Uptrend (price > 50 > 150 > 200-day, 200-day rising); ROE >= 20%; RS rating >= 80",3
ABDL,0.10680920461029908,0.19410728269381372,0.42678362573099426,0.8626362711035,0.9210002653223668,1.0,1.0,1.064681010117694,1.5821303911146425,0.023101145818454818,0.08493296770262027,0.0922767342302302,-0.044277222896810346,235482346.525,-18.64526069962529,6.076761372255812,33.7146530208382,-0.2815469472173626,0.0,,-1.4100000000000001,1.0,13.2291040288635,0.2599999999999998,20657.0,True,True,75.70588235294117,Breweries & Distilleries,Fast Moving Consumer Goods,56.0,103,Quarterly profit growth >= 25%; Sales growth >= 20% or 2+ strong quarters; 3-year profit growth >= 15%/yr; ROE >= 20%; RS rating >= 80; Net profit margin up vs a year ago,6
ABFRL,-0.16188248063414012,-0.3768968356663922,-0.10128944689514763,-1.2969744489620574,0.5014046522081133,0.0,0.0,-0.3219505721175637,1.7438446645804997,0.018472458657033012,0.030221019395579418,-0.16055235730142603,-0.0493134562911832,215573708.5,-100.0,10.59810206065106,0.0,-0.24741569127391028,0.0,-3.1632074751821393,0.4800000000000004,0.0,-14.212328767123289,-3.59,20669.0,True,True,1.4089184060721063,Speciality Retail,Consumer Discretionary,97.0,103,"Uptrend (price > 50 > 150 > 200-day, 200-day rising); Within 15% of 52-week high; Quarterly profit growth >= 25%; Sales growth >= 20% or 2+ strong quarters; 3-year profit growth >= 15%/yr; ROE >= 20%; RS rating >= 80",7
ABLBL,-0.15099212218441002,-0.3639991132786523,-0.10418401332223148,-1.3386558277908454,0.48869288414351086,0.0,0.0,-0.977919669673734,4.689515527068189,0.011882764742387928,0.0072443958447239165,-0.1367110436318819,-0.044254923127089965,55672979.52,20.479397508203313,11.146486433624192,-36.69655528911948,0.2016780335827178,3.0,,0.10999999999999988,1.0,12.101910828025478,0.480000000000004,20661.0,True,True,2.1603415559772294,Speciality Retail,Consumer Discretionary,97.0,103,"Uptrend (price > 50 > 150 > 200-day, 200-day rising); Within 15% of 52-week high; Quarterly profit growth >= 25%; 3-year profit growth >= 15%/yr; ROE >= 20%; RS rating >= 80",6
ABREL,-0.11871722225802919,-0.17709082195063508,0.16535165860693968,-0.9585878280892175,0.5482758620689656,0.0,0.0,-0.041606217798049586,2.300944903331983,0.017411696857229056,0.019458407653640375,-0.20538406436888834,-0.067489864700753,194816178.89999998,-100.0,29.74031327287716,0.0,-0.3694693997859015,0.0,29.931288670654222,-2.960000000000001,0.0,-3.10726830586328,0.45000000000000284,20636.0,True,True,6.105313092979127,"Residential, Commercial Projects",Consumer Discretionary,66.0,103,"Uptrend (price > 50 > 150 > 200-day, 200-day rising); Within 15% of 52-week high; Quarterly profit growth >= 25%; ROE >= 20%; RS rating >= 80; Net profit margin up vs a year ago",6
ABSLAMC,0.04115178317046042,0.3669175834780931,0.12163446309787762,0.813799161692327,0.8290472691648297,0.0,0.0,0.32414010237030527,1.3913013863501689,0.022301061740866,0.04121770059629659,-0.010340022024929008,-0.03234364378208916,185263530.85000002,11.683086408758768,3.4801850734258677,29.65971408042255,0.9491374793757581,0.0,14.183754570312622,4.909999999999997,1.0,24.12769116555308,1.370000000000001,20679.0,True,True,58.704933586337766,Asset Management Company,Financial Services,76.0,103,"Uptrend (price > 50 > 150 > 200-day, 200-day rising); Within 15% of 52-week high; Quarterly profit growth >= 25%; Sales growth >= 20% or 2+ strong quarters; 3-year profit growth >= 15%/yr; RS rating >= 80",6
ACC,-0.1057513440455856,-0.2898157880179234,-0.05748476616988474,-1.5739415519652407,0.5865626572722697,0.0,0.0,-0.6380620984682407,0.901354862384601,0.011158996902305983,0.022068965517241468,-0.09295799200900268,-0.026080029887804633,149615420.6,-56.39153092632417,-4.587143906177349,6.462332886896284,-0.4142676033238289,0.0,30.762542024804574,-3.35,1.0,10.398520753248016,-0.5999999999999979,20658.0,True,True,8.265654648956357,Cement & Cement Products,Commodities,102.0,103,"Uptrend (price > 50 > 150 > 200-day, 200-day rising); Within 15% of 52-week high; Quarterly profit growth >= 25%; Sales growth >= 20% or 2+ strong quarters; ROE >= 20%; RS rating >= 80; Net profit margin up vs a year ago",7
ACE,0.10094640364642662,0.04571640958929568,0.3589325605264748,0.483958121311213,0.9857255520504733,0.0,1.0,0.5755481412445648,1.09138729267282,0.02272168921937464,0.04862137949030165,0.08653510136879605,-0.020910125600651776,330173643.0,22.256624033247064,20.488283646178363,28.758304001549607,1.8109562724474153,1.0,30.7946636089506,0.22000000000000064,1.0,20.636499254102436,-1.0099999999999998,20654.0,True,True,74.10910815939279,Construction Vehicles,Industrials,28.0,103,Quarterly profit growth >= 25%; RS rating >= 80,2
ACI,-0.0827030445179566,-0.25863843552418764,-0.12037683182135395,-0.91210157761643,0.6761803336883209,0.0,0.0,0.16432475687094017,1.8448128969399236,0.021533525163905602,0.03539823008849541,-0.04191472196011137,-0.021789338190979488,125138616.3,-24.356297003654216,11.916814885757265,52.907027862003375,-0.5072425468939659,0.0,-37.52001353538302,-4.450000000000001,1.0,5.426356589147287,-1.740000000000002,20664.0,True,True,13.80740037950664,Specialty Chemicals,Commodities,40.0,103,"Uptrend (price > 50 > 150 > 200-day, 200-day rising); Within 15% of 52-week high; Quarterly profit growth >= 25%; Sales growth >= 20% or 2+ strong quarters; 3-year profit growth >= 15%/yr; ROE >= 20%; RS rating >= 80; Net profit margin up vs a year ago",8
ACMESOLAR,0.14538700335880292,0.5054925265622188,0.4915254237288136,1.5131937020256587,0.9145523170475991,0.0,1.0,0.7057474755720218,0.4610540817968086,0.0214530276190978,0.058230002431315375,0.08311541890479068,-0.03057124977979374,564605958.0,64.8116593675891,67.81478727151746,63.7034300720366,1.1593850984068483,1.0,,-0.5,1.0,9.83995257854179,12.840000000000002,20663.0,True,True,82.46869070208729,Power Generation,Utilities,85.0,103,3-year profit growth >= 15%/yr; ROE >= 20%; Net profit margin up vs a year ago,3
ACUTAAS,0.19225960774634498,1.3499962916264927,0.4321551256553968,2.969289037143793,0.8487165775401069,0.0,0.0,0.031767694487708775,1.0621582122473232,0.02654182536740712,0.06465543833672638,-0.021876658221357648,-0.028890355310323964,912060573.95,70.3855392421462,59.076433121019114,-43.73309337414558,1.307758893454357,8.0,62.22915603650048,1.5100000000000016,1.0,21.5235792019347,2.0799999999999983,20658.0,True,True,87.54079696394687,Pharmaceuticals,Healthcare,26.0,103,"Uptrend (price > 50 > 150 > 200-day, 200-day rising); Within 15% of 52-week high",2
ADANIENSOL,0.081325924971524,0.6169773444221394,0.4218994300701062,1.2877742414949016,0.7371716042481833,0.0,0.0,-0.5743331345289486,2.4724454057229277,0.021612149910669603,0.035549466397461815,-0.11123690914237194,-0.0298847131871628,2638974080.3500004,129.4723278258412,42.40623643551813,128.24135639041214,2.82027856572569,1.0,33.66322974792981,4.83,1.0,9.41125575175994,1.4499999999999993,20655.0,True,True,69.31878557874762,Power Distribution,Utilities,,103,"Uptrend (price > 50 > 150 > 200-day, 200-day rising); Within 15% of 52-week high; ROE >= 20%; RS rating >= 80",4
ADANIENT,0.03443733108739437,0.20760238725482139,0.5445273893386604,0.3487668944907837,0.8453004622496147,0.0,0.0,-0.10748424202909755,1.3253266549511278,0.022050117569401544,0.051335884324946734,-0.07949375176600959,-0.0281923931403897,3215017943.75,-26.893501245403804,49.918856893065964,73.1064987545962,-0.20026197199746076,0.0,-4.153644735699668,-2.2800000000000002,1.0,12.296418950646268,3.1499999999999986,20663.0,True,True,57.389943074003796,Trading - Minerals,Commodities,,103,"Uptrend (price > 50 > 150 > 200-day, 200-day rising); Within 15% of 52-week high; Quarterly profit growth >= 25%; 3-year profit growth >= 15%/yr; ROE >= 20%; RS rating >= 80; Net profit margin up vs a year ago",7
ADANIGREEN,0.060877331136685496,0.25686965760370906,0.4127673433937682,0.6983534931102314,0.8221881703953418,0.0,1.0,-0.01843522938337007,3.8088836417030567,0.022322328218350763,0.04732381101867844,0.020797978798694272,-0.020640654373602903,1653770315.4,17.664348200200774,16.605263157894747,-3.422836857129898,0.6144667432771809,0.0,23.889305629670066,0.1999999999999993,1.0,9.952416729276234,1.0,20679.0,True,True,63.307400379506646,Power Generation,Utilities,85.0,103,Within 15% of 52-week high; Quarterly profit growth >= 25%; Sales growth >= 20% or 2+ strong quarters; ROE >= 20%; RS rating >= 80,5
ADANIPORTS,0.05031872678111597,0.2343117408906883,0.2308413236248288,0.8794536131991157,0.9254402199777907,0.0,1.0,-0.18782107400444284,1.379195518027419,0.019165591253849593,0.049301041247195476,0.016632316139481018,-0.01804850808742266,3078180876.9500003,10.23545679628841,18.569296548157265,-0.20640185565574853,1.0725154125767125,0.0,21.182043805515583,-2.5500000000000043,1.0,13.32027219958524,2.0700000000000003,20663.0,True,True,60.67741935483871,Port & Port services,Services,20.0,103,Quarterly profit growth >= 25%; Sales growth >= 20% or 2+ strong quarters; ROE >= 20%; RS rating >= 80; Net profit margin up vs a year ago,5
ADANIPOWER,0.05245182360870534,0.41288782816229097,0.26914124709053033,0.969792658115575,0.7747442958300551,0.0,0.0,0.1174895286041178,1.7580290885844991,0.020530337694569283,0.03922567498726437,-0.04402420472075563,-0.02047527150757891,3247025638.19,47.2344117659991,33.96902010397509,-17.058123117096017,0.7514790987514973,2.0,-0.393849839910676,2.3200000000000003,1.0,19.974744752606373,0.41000000000000014,20656.0,True,True,61.05313092979127,Integrated Power Utilities,Utilities,80.0,103,"Uptrend (price > 50 > 150 > 200-day, 200-day rising); Within 15% of 52-week high; 3-year profit growth >= 15%/yr; ROE >= 20%; RS rating >= 80",5
ADOR,0.16101012857970715,0.7095308591556486,0.9479960444418594,1.5486543989081665,0.8786798007246376,0.0,0.0,0.4549991794609996,1.2471972028232081,0.024016826025925364,0.018291889076943013,-0.013565147536232613,-0.022521496058481704,52373558.55,100.0,22.87960609911053,30.767029337951968,2.2581282697047156,4.0,32.47849581731281,10.49,1.0,14.801444043321299,-1.4799999999999986,20635.0,True,True,84.15939278937381,Other Industrial Products,Industrials,7.0,103,"Uptrend (price > 50 > 150 > 200-day, 200-day rising); ROE >= 20%",2
ADVENZYMES,-0.0592792244766331,-0.08503666718676861,0.0516499282639884,-0.4184060827172358,0.644510739856802,0.0,0.0,0.0709502823231805,0.8429156336185878,0.017914565221471605,0.021716469770673985,-0.09461833494260263,-0.03350098528922871,57782271.15,-4.577961032930922,2.08703135925985,-73.54526032521949,-0.18550733500863065,0.0,11.276133369782704,-1.4200000000000017,1.0,10.661764705882353,0.5599999999999987,20643.0,True,True,21.97912713472486,Biotechnology,Healthcare,,103,"Uptrend (price > 50 > 150 > 200-day, 200-day rising); Within 15% of 52-week high; Quarterly profit growth >= 25%; Sales growth >= 20% or 2+ strong quarters; 3-year profit growth >= 15%/yr; ROE >= 20%; RS rating >= 80; Net profit margin up vs a year ago",8
AEGISLOG,0.2467113265364426,0.7192744991878723,1.1263915627354146,2.042457830251171,0.955190684895663,0.0,1.0,0.35354768645350987,1.7166570286230056,0.03474791476971188,0.06177873519002919,0.09464044487291168,-0.033991964340071984,1014492797.3,210.70053099609757,37.0737636747489,167.68312931757984,7.6294958177331,4.0,40.1700887056508,12.920000000000002,1.0,18.28241123038811,-0.0899999999999963,20649.0,True,True,91.95540796963947,Trading - Gas,Energy,,103,ROE >= 20%,1
AEGISVOPAK,0.0856490543925092,0.13238337844292314,0.672348930166941,0.35877591701540085,0.9168094718803552,0.0,1.0,0.583273824466203,1.212769597185065,0.0257526382487636,0.046304091597912045,0.026221037374325018,-0.031072948250664527,243825906.84000003,-11.876284260072012,12.394826674359338,-27.155329537638217,-0.4627522734524051,0.0,,-8.180000000000003,1.0,7.9701701235143325,-0.13000000000000078,20649.0,True,True,69.9762808349146,Oil Storage & Transportation,Energy,,103,Quarterly profit growth >= 25%; Sales growth >= 20% or 2+ strong quarters; 3-year profit growth >= 15%/yr; ROE >= 20%; RS rating >= 80; Net profit margin up vs a year ago,6
AEQUS,,,0.9554299555914414,,0.9777740074652188,1.0,1.0,0.6301087248168202,3.0427749322004867,0.023982000377414193,0.05710221499695178,0.17024447814365873,-0.08119606107091248,569029773.835,-100.0,54.771686817701614,0.0,,0.0,,-14.99,0.0,-7.599193006052454,-1.2700000000000014,20663.0,True,True,,Aerospace & Defense,Industrials,19.0,103,Quarterly profit growth >= 25%; 3-year profit growth >= 15%/yr; ROE >= 20%; RS rating >= 80; Net profit margin up vs a year ago,5
AEROENTER,0.1353368913516176,0.6938604873387482,0.9249355232794896,0.957473025040761,0.8083333333333333,0.0,0.0,0.23865669142093787,0.9745619714719765,0.03808747052588827,0.09110782032296716,-0.015034448217732255,-0.03269588792662612,75495081.225,300.0,40.54134443783464,258.54820343620383,1.6069739615586245,2.0,19.4906826524732,44.22,1.0,10.278113663845224,0.72,20676.0,True,True,81.05977229601517,Iron & Steel Products,Industrials,16.0,103,"Uptrend (price > 50 > 150 > 200-day, 200-day rising); Within 15% of 52-week high; ROE >= 20%",3
AEROFLEX,0.3611114044360352,2.062218676998462,1.1064079952968844,3.6843500577433326,0.9652486518873578,0.0,1.0,0.6797685891818882,1.5322287205246763,0.03398348253210905,0.051032333463186585,0.12458489982747789,-0.038845176214060924,563393889.0,162.03913198150124,72.39416577730344,104.9635556717975,3.199609769734618,2.0,22.904695697689004,4.42,1.0,12.527964205816556,-0.20000000000000018,20661.0,True,True,96.46394686907021,Iron & Steel Products,Industrials,16.0,103,ROE >= 20%,1
AETHER,0.24778149642721622,1.1651571656899309,0.4766100463257332,3.393691855094508,0.9853922055013505,1.0,1.0,0.8528739614103654,4.151871325018463,0.022539024580286456,0.08356411800120411,0.09345906440618235,-0.03622186368861122,355813967.20000005,27.981813463412863,27.249347309355887,23.189950497298373,0.824378474337764,1.0,22.78741337619725,0.10999999999999943,1.0,8.916938110749186,-1.0399999999999991,20665.0,True,True,92.0493358633776,Specialty Chemicals,Commodities,40.0,103,ROE >= 20%,1
AFCONS,-0.1442970445864293,-0.3465744253514841,0.02538959901943616,-1.3733188090934334,0.5097622027534419,0.0,0.0,0.5361303179033601,0.27524002148784527,0.019672340251814913,0.0344427244582044,-0.09472258607507156,-0.03390565834013924,198646546.64999998,-78.05107273061314,-20.750775876904093,21.948927269386857,-1.3507338731115952,0.0,,-2.95,1.0,4.605504587155964,-0.9299999999999997,20647.0,True,True,2.5360531309297913,Civil Construction,Industrials,90.0,103,"Uptrend (price > 50 > 150 > 200-day, 200-day rising); Within 15% of 52-week high; Quarterly profit growth >= 25%; Sales growth >= 20% or 2+ strong quarters; 3-year profit growth >= 15%/yr; ROE >= 20%; RS rating >= 80; Net profit margin up vs a year ago",8
AFFLE,-0.058807813007412155,-0.17369524101620404,0.1395037360778233,-0.8031981450075713,0.7200521486235772,0.0,0.0,1.0334410607046944,0.5660953759465649,0.024226080359508458,0.037461180124223725,-0.10653511080582301,-0.04314016200741636,234679626.45,21.7112819803309,20.366014756580842,5.720473112649561,7.02353075836963,1.0,23.023586972227772,0.19000000000000128,1.0,12.458926615553121,-0.4200000000000017,20673.0,True,True,22.44876660341556,IT Enabled Services,Information Technology,50.0,103,"Uptrend (price > 50 > 150 > 200-day, 200-day rising); Within 15% of 52-week high; Quarterly profit growth >= 25%; ROE >= 20%; RS rating >= 80",5
AGARWALEYE,-0.0001995338922288403,0.03077694235588968,0.19558139534883723,-0.11635337561884238,0.8507922535211268,0.0,0.0,-1.8015770716194772,0.3184422785778215,0.016543128997955448,0.014917588149384375,-0.040986062793831435,-0.016992465779037465,132061587.57500002,44.522727023170596,25.973493086044886,33.900975852748964,1.6897576914264822,1.0,,1.1500000000000012,1.0,8.292201382033564,-0.0799999999999983,20669.0,True,True,45.0853889943074,Hospital,Healthcare,68.0,103,"Uptrend (price > 50 > 150 > 200-day, 200-day rising); 3-year profit growth >= 15%/yr; ROE >= 20%; RS rating >= 80",4
AGI,0.0443098159218529,-0.13637164503435717,0.47433326649288143,-0.1736988692594872,0.878759136305306,0.0,0.0,0.6261000387970521,0.6461815821390916,0.02488319042918213,0.09972485068116232,0.04987401511818579,-0.04592950388550048,82357303.9,11.808096853609262,14.194514731117124,-7.580072263074223,0.667268583030262,0.0,14.074337560128303,-0.2699999999999996,1.0,14.624013294557543,-1.4900000000000002,20662.0,True,True,59.64421252371916,Packaging,Industrials,34.0,103,"Uptrend (price > 50 > 150 > 200-day, 200-day rising); Quarterly profit growth >= 25%; Sales growth >= 20% or 2+ strong quarters; 3-year profit growth >= 15%/yr; ROE >= 20%; RS rating >= 80; Net profit margin up vs a year ago",7
AGIIL,-0.03231371084521594,0.12258626147515028,-0.0867535812007082,0.032694786930386674,0.5919659300184161,0.0,0.0,0.23594868166114866,0.2019568418957982,0.014766512951706627,0.042517945886250796,-0.09536407066819585,-0.018746682068041202,241625974.7,37.66384254322253,5.27235018011134,-31.914833841409674,2.542278611856563,8.0,26.629456128326346,6.719999999999999,1.0,20.474137931034484,0.6999999999999997,20678.0,True,True,32.686907020872866,"Residential, Commercial Projects",Consumer Discretionary,66.0,103,"Uptrend (price > 50 > 150 > 200-day, 200-day rising); Within 15% of 52-week high; RS rating >= 80",3
AHCL,0.38696094258320735,0.18787878787878798,0.3587521663778164,2.1311690977466853,0.7567132116004296,1.0,1.0,1.746901768674315,0.7601463394518706,0.04479239035703772,0.1458515283842794,0.44589935144897797,-0.17009470871350002,53204078.224999994,-50.25382143489241,78.9495197220519,-150.25382143489242,,0.0,,-24.57,1.0,12.608695652173912,-2.02,20664.0,True,True,97.21537001897534,Pharmaceuticals,Healthcare,26.0,103,Within 15% of 52-week high; Quarterly profit growth >= 25%; 3-year profit growth >= 15%/yr; ROE >= 20%; Net profit margin up vs a year ago,5
AHLUCONT,-0.14983049982897087,-0.3852744997434582,-0.16380513679508657,-1.0961671215927742,0.5208961454612923,0.0,0.0,-0.6996593848049117,1.590657534182464,0.02334987883253569,0.030126849894291707,-0.16330772841400998,-0.021398470726505543,33699551.475,-79.78989589626153,12.034272748984943,-78.22606162302351,-1.7840676842682657,0.0,2.9882877757005044,-4.18,1.0,12.918892666342884,0.3100000000000023,20679.0,True,True,2.25426944971537,Civil Construction,Industrials,90.0,103,"Uptrend (price > 50 > 150 > 200-day, 200-day rising); Within 15% of 52-week high; Quarterly profit growth >= 25%; Sales growth >= 20% or 2+ strong quarters; 3-year profit growth >= 15%/yr; ROE >= 20%; RS rating >= 80; Net profit margin up vs a year ago",8
AIAENG,0.029833988260827747,0.38148099777980926,0.14962640945523709,0.8376884323339793,0.7447876447876448,0.0,0.0,-0.5411444879325954,0.9063486270796511,0.016516414854097487,0.04666561563928728,-0.09231687881230433,-0.015350158550046927,172425978.4,-1.3560886967511676,12.424201590082195,-39.199598850103285,-0.0792596221858678,0.0,3.666593177569255,-3.6000000000000014,1.0,15.811113879890357,0.14999999999999858,20677.0,True,True,56.16888045540797,Castings & Forgings,Industrials,6.0,103,"Uptrend (price > 50 > 150 > 200-day, 200-day rising); Within 15% of 52-week high; Quarterly profit growth >= 25%; Sales growth >= 20% or 2+ strong quarters; 3-year profit growth >= 15%/yr; ROE >= 20%; RS rating >= 80; Net profit margin up vs a year ago",8
AIIL,0.018765693850745876,-0.13560336514481441,0.2254566882734237,-0.16860370682498663,0.8047584187408492,0.0,0.0,0.9002939715438604,0.45270608536403056,0.027971016837355492,0.06256099941440585,0.0009888783060496564,-0.018909959468483346,87496953.75,17.508674105298528,20.9368544929349,114.24405911306778,0.20357164683480644,0.0,74.18342654815216,-2.200000000000003,1.0,13.097501357957631,0.05999999999999872,20654.0,True,True,51.28462998102467,Non Banking Financial Company (NBFC),Financial Services,41.0,103,"Uptrend (price > 50 > 150 > 200-day, 200-day rising); Within 15% of 52-week high; Quarterly profit growth >= 25%; ROE >= 20%; RS rating >= 80; Net profit margin up vs a year ago",6
AJANTPHARM,0.10109833302932084,0.428960283746443,0.26346497465631047,1.8505041463401353,0.9404109589041096,0.0,1.0,0.28029688667060526,3.621591534897664,0.013420719778564481,0.025071715433161224,0.00787598986307958,-0.009849644560102748,302929592.75,30.933010182539956,24.81940659425017,12.559722189443502,6.30232400102331,1.0,22.237269152285055,0.9599999999999973,1.0,23.326706428098078,2.860000000000003,20664.0,True,True,74.20303605313093,Pharmaceuticals,Healthcare,26.0,103,RS rating >= 80,1
AJAXENGG,0.006328021295649293,-0.14659340659340647,0.30025672508092427,-0.39644039402713693,0.8595132743362832,0.0,0.0,0.7196756517910825,0.9441012994397017,0.01763545054179742,0.05658901251738513,0.008568723725724814,-0.0241947693670901,35163836.599999994,5.233779563603624,1.7319729057703848,0.814270391886307,0.1236608697466429,0.0,,0.39000000000000057,1.0,16.163793103448278,0.03999999999999915,20679.0,True,True,47.527514231499055,Construction Vehicles,Industrials,28.0,103,"Uptrend (price > 50 > 150 > 200-day, 200-day rising); Quarterly profit growth >= 25%; Sales growth >= 20% or 2+ strong quarters; 3-year profit growth >= 15%/yr; ROE >= 20%; RS rating >= 80",6
AJMERA,0.37156863487768554,1.9722362443210502,0.06996183899691077,0.49870131207245016,0.6289445628997867,0.0,0.0,-0.22119544762534232,1.7065083244762314,0.016705569476681958,0.022923875432526053,-0.010546124198725915,-0.020660650340617336,30661385.72,13.971674607972794,22.65216886584376,-127.58525078779442,0.4102433940160342,0.0,25.852603441316212,-1.08,1.0,11.23032904148784,-0.1399999999999999,20669.0,True,True,96.6518026565465,"Residential, Commercial Projects",Consumer Discretionary,66.0,103,"Uptrend (price > 50 > 150 > 200-day, 200-day rising); Within 15% of 52-week high; Quarterly profit growth >= 25%; ROE >= 20%; Net profit margin up vs a year ago",5
AKUMS,0.1926817944242305,0.7258282623394186,0.5521435086652478,2.595727919350531,0.9806270863137816,1.0,1.0,0.7342118230701794,0.5651155449682698,0.020228384096851224,0.048168942197269304,0.08809818612821974,-0.02261717267188549,198440451.3,56.106603260362384,13.9253732800797,98.64041434554312,0.2906296537168519,1.0,,2.34,1.0,7.724803862401932,-0.3899999999999988,20673.0,True,True,87.63472485768501,Pharmaceuticals,Healthcare,26.0,103,Sales growth >= 20% or 2+ strong quarters; 3-year profit growth >= 15%/yr; ROE >= 20%,3
ALEMBICLTD,0.05040097761126828,0.10888822534089782,0.38586888916531903,0.0973625339211226,0.8797995242949371,0.0,0.0,1.4943352178918272,0.5827081427595989,0.023315860127599643,0.03810005053057086,0.05833784653743557,-0.023195907972342437,66214788.73,5.2760752917127896,-2.0301507537688446,7.201482457222685,0.2864102955408002,0.0,6.668310159136537,9.23999999999998,1.0,12.96523517382413,0.010000000000000009,20647.0,True,True,60.77134724857685,"Residential, Commercial Projects",Consumer Discretionary,66.0,103,"Uptrend (price > 50 > 150 > 200-day, 200-day rising); Quarterly profit growth >= 25%; Sales growth >= 20% or 2+ strong quarters; 3-year profit growth >= 15%/yr; ROE >= 20%; RS rating >= 80",6
ALIVUS,0.1216669231359219,0.43473695264097456,0.35869132856006347,1.5497638032048666,0.9172579997322265,0.0,1.0,0.8499326104156291,1.0981348090939487,0.022962390508655426,0.030984291684680754,0.013795971156165487,-0.014246591826690443,128568517.8,31.756949010980364,6.406912021267752,17.11550803592379,1.5109898873667627,1.0,7.982323192076368,4.809999999999999,1.0,16.92169216921692,0.14999999999999858,20679.0,True,True,78.71157495256166,Pharmaceuticals,Healthcare,26.0,103,Sales growth >= 20% or 2+ strong quarters; 3-year profit growth >= 15%/yr; ROE >= 20%; RS rating >= 80,4
ALKEM,-0.010319477249114863,-0.04048807542983912,-0.008879977083930068,-0.04991278856855393,0.9017443330243532,0.0,0.0,0.03930104393241929,2.09012559211786,0.01287234748811665,0.03352657004830917,-0.004708127705406295,-0.01742577638634991,609012573.75,-20.744622948061554,10.946148780531217,-23.62174150501254,-1.571307550273874,0.0,24.800456139325245,-5.57,1.0,17.011577424023155,1.5200000000000031,20664.0,True,True,40.38899430740038,Pharmaceuticals,Healthcare,26.0,103,"Uptrend (price > 50 > 150 > 200-day, 200-day rising); Quarterly profit growth >= 25%; Sales growth >= 20% or 2+ strong quarters; ROE >= 20%; RS rating >= 80; Net profit margin up vs a year ago",6
ALKYLAMINE,0.0250019613455039,0.04439276485788124,0.5268207917799941,-0.01945418222259159,0.9072813238770686,0.0,1.0,1.3519163698134182,18.69142494880385,0.026231079339165443,0.13395746648173823,0.005703300492972518,-0.03368978527761899,116093393.5,160.01798172923162,-1.1286586649820962,37.83444738586476,2.7830735938525892,4.0,56.57729797376505,12.990000000000002,1.0,37.5,0.13999999999999968,18436.0,True,True,54.29032258064516,Specialty Chemicals,Commodities,40.0,103,RS rating >= 80,1
AMBER,-0.03932831235363304,-0.09207968901846453,0.1669008587041374,-0.396108637512388,0.7716737240918208,0.0,0.0,0.3288635086500481,0.9729313502414118,0.017688545136688834,0.043128321943811665,-0.03959769891769249,-0.028790006638245394,1070785751.5,-23.26503031388051,12.71596025664441,-19.024343347243168,-0.8253947270180299,0.0,10.440206575104071,-0.98,1.0,5.169258920402562,-0.8700000000000045,20678.0,True,True,30.05692599620493,Household Appliances,Consumer Discretionary,99.0,103,"Uptrend (price > 50 > 150 > 200-day, 200-day rising); Within 15% of 52-week high; Quarterly profit growth >= 25%; Sales growth >= 20% or 2+ strong quarters; 3-year profit growth >= 15%/yr; ROE >= 20%; RS rating >= 80; Net profit margin up vs a year ago",8
AMBUJACEM,-0.11261202589170947,-0.27955172107088855,-0.05824904080920823,-1.3213414852925316,0.6061995753715499,0.0,0.0,-0.43693520548147174,1.7782188995131722,0.013617758355772018,0.022556390977443552,-0.11624071730845909,-0.03287681265283939,717080177.375,-32.935123061527946,-7.6683837107590636,-89.20674041057336,-0.25637713806673457,0.0,27.542401237771962,-2.6900000000000004,1.0,9.498373970040609,-0.6600000000000001,20662.0,True,True,6.9506641366223905,Cement & Cement Products,Commodities,102.0,103,"Uptrend (price > 50 > 150 > 200-day, 200-day rising); Within 15% of 52-week high; Quarterly profit growth >= 25%; Sales growth >= 20% or 2+ strong quarters; ROE >= 20%; RS rating >= 80; Net profit margin up vs a year ago",7
ANANDRATHI,0.0963993711482348,0.5761433956895938,0.3499649699960401,2.4107201477262468,0.9377534826309292,0.0,0.0,0.32926066356136485,2.059949371615694,0.009505486867360134,0.010211090251385002,-0.013381866485594918,-0.018933385699906467,443647162.45000005,73.56740023981685,17.506021458287723,33.1089268723463,17.175869389630147,23.0,36.80720583469266,16.349999999999994,1.0,39.73973973973974,1.8900000000000006,20643.0,True,True,72.9819734345351,Financial Products Distributor,Financial Services,,103,"Uptrend (price > 50 > 150 > 200-day, 200-day rising); RS rating >= 80",2
ANANTRAJ,0.011685354724571398,-0.10541371665593924,0.37295576775326533,-0.28345983595914837,0.8231695017817522,0.0,0.0,0.38953820344357337,0.9136299984925641,0.02002577459006361,0.03660197480422189,-0.00020742245748239796,-0.02407467011440914,907558231.75,18.5187285832447,6.581590452558195,-6.671211828423651,4.68409967541698,0.0,48.43514246654439,2.379999999999999,1.0,9.656244601831059,-0.370000000000001,20649.0,True,True,49.31214421252372,"Residential, Commercial Projects",Consumer Discretionary,66.0,103,"Uptrend (price > 50 > 150 > 200-day, 200-day rising); Within 15% of 52-week high; Quarterly profit growth >= 25%; Sales growth >= 20% or 2+ strong quarters; ROE >= 20%; RS rating >= 80",6
ANDHRSUGAR,0.07391400942766665,0.34636720335543236,0.34563894523326577,0.6877722804147165,0.8707451272964656,0.0,0.0,0.9479648659134176,0.4089344837790213,0.02530294578077615,0.026862425231103826,-0.01658855126652259,-0.013807873988622108,42136708.925,70.55380807722325,4.554927557978639,67.94661637501314,1.2680618286096126,1.0,-4.522462224472346,2.9099999999999993,1.0,5.206463195691203,0.33000000000000007,20673.0,True,True,67.1584440227704,Commodity Chemicals,Commodities,42.0,103,"Uptrend (price > 50 > 150 > 200-day, 200-day rising); Sales growth >= 20% or 2+ strong quarters; 3-year profit growth >= 15%/yr; ROE >= 20%; RS rating >= 80",5
ANGELONE,0.0645102939557444,0.41088992423172854,0.21845153424100783,1.0201847585789197,0.8378415869052573,0.0,0.0,-0.1164743108790662,2.4563452299296578,0.01923824816165946,0.03436185133239844,0.030931354309258863,-0.03186528536174453,1198236771.25,102.1381572340224,25.353125301394975,18.705763960005456,0.8285004171995973,2.0,3.554869692991991,6.150000000000002,1.0,14.955867930696307,2.4100000000000037,20649.0,True,True,64.62239089184061,Stockbroking & Allied,Financial Services,17.0,103,"Uptrend (price > 50 > 150 > 200-day, 200-day rising); Within 15% of 52-week high; 3-year profit growth >= 15%/yr; ROE >= 20%; RS rating >= 80",5
ANTELOPUS,0.26785202155084925,0.7518989658643724,0.5040069138906349,1.5093277838381713,0.8755132078394918,1.0,1.0,1.5690152362476826,0.2615829204257233,0.04841801677709104,0.11561076970688355,0.18744306797801635,-0.037479525513002376,278522731.4,300.0,158.81888208571988,142.3860941121395,4.760683066260819,3.0,73.56412004746848,24.99,1.0,13.740458015267176,0.8799999999999999,20679.0,True,True,93.36432637571158,Oil Exploration & Production,Energy,27.0,103,ROE >= 20%,1
ANTHEM,0.07350293124971236,0.21962525298687718,0.4078679629210942,0.536980406736845,0.9074216152626464,0.0,1.0,0.4634793592389578,0.864631473309808,0.018642375440825042,0.04513440544664871,0.0035444504404826827,-0.029427078287015646,582405374.0,-11.680611787186624,-22.581958867847685,-140.52284533739765,-0.302041719038236,0.0,,3.539999999999999,1.0,19.46088099934254,3.2200000000000006,20636.0,True,True,66.78273244781784,Biotechnology,Healthcare,,103,Quarterly profit growth >= 25%; Sales growth >= 20% or 2+ strong quarters; 3-year profit growth >= 15%/yr; ROE >= 20%; RS rating >= 80,5
ANUP,-0.11367446836686246,-0.22477860739711752,0.03970656730321376,-0.7554333340180933,0.6129160063391442,0.0,0.0,-1.0933863822840264,0.6698881766294467,0.01950000973972683,0.02397660818713465,-0.14004244754925976,-0.03159544641492319,36417273.85,-97.80656144785902,-28.522513268275972,-81.94437596552439,-3.5391407948063125,0.0,10.093285521923367,-14.53,1.0,15.918958031837915,-0.19000000000000128,20668.0,True,True,6.76280834914611,Industrial Products,Industrials,11.0,103,"Uptrend (price > 50 > 150 > 200-day, 200-day rising); Within 15% of 52-week high; Quarterly profit growth >= 25%; Sales growth >= 20% or 2+ strong quarters; 3-year profit growth >= 15%/yr; ROE >= 20%; RS rating >= 80; Net profit margin up vs a year ago",8
ANURAS,0.006485672996557827,0.152171890986885,-0.003940173689289006,0.32903164044709465,0.8233922261484098,0.0,0.0,-0.3137936637176331,1.1140433674288392,0.011123208971793903,0.031960716747071016,-0.039458779417657186,-0.011886777080655076,268981704.4,5.74389533377937,34.816705431941216,16.722750939413235,0.10456970788706452,0.0,-0.31701275614496316,-2.1500000000000004,1.0,6.723198061780739,0.8399999999999999,20679.0,True,True,47.715370018975335,Specialty Chemicals,Commodities,40.0,103,"Uptrend (price > 50 > 150 > 200-day, 200-day rising); Within 15% of 52-week high; Quarterly profit growth >= 25%; 3-year profit growth >= 15%/yr; ROE >= 20%; RS rating >= 80; Net profit margin up vs a year ago",7
APARINDS,0.2486922732029012,1.0845997367476365,0.7534977352793155,2.520536929320119,0.9426420970672204,0.0,1.0,0.45236427627102,0.8539811904408916,0.028149191753993302,0.05937868659064094,0.06877093696370173,-0.02830533040840621,2315273505.0,77.77471519138545,29.131140089652362,74.27100612737227,5.9167310513477975,1.0,19.13555456001439,1.9399999999999995,1.0,18.116076395327276,2.4599999999999937,20658.0,True,True,92.23719165085389,Other Electrical Equipment,Industrials,52.0,103,ROE >= 20%,1
APCOTEXIND,0.1397290468424984,0.6489361702127661,0.7647875590113855,1.243730170728331,0.8324438202247192,0.0,0.0,0.41469962431101415,0.2469488297248843,0.02985306999285652,0.03993188590889751,-0.0334327569589743,-0.015787140794798735,70248606.5,-33.241551742762496,36.291273584905646,-45.49389822743063,-0.3004038626842244,0.0,41.52115076038378,-4.01,1.0,20.855614973262032,-0.27000000000000046,17119.0,True,True,81.62333965844402,Rubber,Industrials,,103,"Uptrend (price > 50 > 150 > 200-day, 200-day rising); Within 15% of 52-week high; Quarterly profit growth >= 25%; Net profit margin up vs a year ago",4
APEX,0.0842781700195479,0.6768728768102985,-0.0409050236482168,0.8222988447780331,0.667444120505345,0.0,0.0,0.9802548661098629,0.3635570683233718,0.028208543315247015,0.04345464421510048,-0.07379686644496053,-0.028340485744635296,36003430.525000006,138.54112011226292,-0.6313913851874964,-160.07549403242743,1.7593814858544194,6.0,33.20780469997504,4.93,1.0,7.386363636363637,-0.21999999999999975,20679.0,True,True,69.60056925996204,Seafood,Fast Moving Consumer Goods,,103,"Uptrend (price > 50 > 150 > 200-day, 200-day rising); Within 15% of 52-week high; ROE >= 20%; RS rating >= 80",4
APLAPOLLO,0.08673170526914728,0.32665094339622636,0.17493472584856407,0.9249899575102376,0.9276961849309115,0.0,0.0,0.0985596335538823,2.347316286173714,0.01943462130326496,0.056597626250872723,0.011605747626398655,-0.020715019722398174,1286457096.1,10.814611571932797,8.451826677008833,-10.051606090729436,0.22918625388707728,0.0,19.802664232068334,0.10000000000000053,1.0,22.71096847272041,0.12999999999998835,20666.0,True,True,70.4459203036053,Iron & Steel Products,Industrials,16.0,103,"Uptrend (price > 50 > 150 > 200-day, 200-day rising); Quarterly profit growth >= 25%; Sales growth >= 20% or 2+ strong quarters; RS rating >= 80",4
APLLTD,0.00287259411412661,-0.09561909024785986,0.23210610564829626,-0.24806718680226106,0.8354709418837675,0.0,0.0,0.6932963255076918,2.005140311702566,0.014704705572733331,0.02391041162227614,0.009923607721349148,-0.017100539002114244,117983933.65,12.230551462409277,25.664632435465773,-28.047529929739557,0.5587149033559001,0.0,11.996571011279865,-0.9600000000000009,1.0,11.823788546255507,-0.3299999999999983,20648.0,True,True,46.212523719165084,Pharmaceuticals,Healthcare,26.0,103,"Uptrend (price > 50 > 150 > 200-day, 200-day rising); Within 15% of 52-week high; Quarterly profit growth >= 25%; 3-year profit growth >= 15%/yr; ROE >= 20%; RS rating >= 80; Net profit margin up vs a year ago",7
APOLLO,0.1272380943843457,0.17884207335556224,0.9458621034724304,0.4724069559779889,0.8890675241157556,0.0,1.0,0.47732424181059,1.4821924763780354,0.02273239478177545,0.055260085614217136,0.05415523976789505,-0.03352138774256126,1950296906.9250002,42.51045120906982,88.11947896391672,-121.11526634724214,1.1379245117733006,5.0,81.22697021619227,-3.210000000000001,1.0,8.14927646610815,3.8500000000000005,20673.0,True,True,79.74478178368122,Aerospace & Defense,Industrials,19.0,103,ROE >= 20%; RS rating >= 80; Net profit margin up vs a year ago,3
APOLLOHOSP,-0.0021786064237681677,0.162009672219237,0.1731995117319951,0.32891929015968596,0.872829502232512,1.0,0.0,-0.5512654660762983,5.689246152644831,0.013985809927938013,0.026427480052062746,-0.09508830804259272,-0.05315431677894024,2706263995.5,38.44959134829837,20.56452303110181,5.34554161177747,9.046568704441228,11.0,46.59043152715445,1.12,1.0,21.128691983122362,-0.1699999999999875,20668.0,True,True,44.05218216318785,Hospital,Healthcare,68.0,103,"Uptrend (price > 50 > 150 > 200-day, 200-day rising); RS rating >= 80",2
APOLLOPIPE,0.14113823566825895,0.8084279736999402,0.38784403669724776,1.2273379211859634,0.794632177033493,0.0,0.0,0.24562070971196273,0.44304204891494403,0.025271086886246644,0.035407725321888295,-0.035543957200618315,-0.021350412398001336,156286546.35,-100.0,7.4290909090909185,0.0,-2.5296395473657083,0.0,-31.163308428179548,-6.73,0.0,0.6105006105006106,-3.26,20647.0,True,True,81.90512333965845,Plastic Products - Industrial,Industrials,45.0,103,"Uptrend (price > 50 > 150 > 200-day, 200-day rising); Within 15% of 52-week high; Quarterly profit growth >= 25%; Sales growth >= 20% or 2+ strong quarters; 3-year profit growth >= 15%/yr; ROE >= 20%; Net profit margin up vs a year ago",7
APOLLOTYRE,-0.03597049247219528,-0.07732789174095156,0.04538817230469716,-0.45029967522684955,0.7541165587419056,0.0,0.0,0.67928053832771,0.7905159694660729,0.013728691305576444,0.04401950718685832,-0.041568103687470326,-0.01438430830596962,230050225.725,0.03097081423615311,12.758125583011726,-254.2357322435384,0.0003688889575035479,0.0,18.85538922978405,-0.5699999999999994,1.0,8.207705192629817,-0.5700000000000003,20640.0,True,True,31.55977229601518,Tyres & Rubber Products,Consumer Discretionary,73.0,103,"Uptrend (price > 50 > 150 > 200-day, 200-day rising); Within 15% of 52-week high; Quarterly profit growth >= 25%; Sales growth >= 20% or 2+ strong quarters; ROE >= 20%; RS rating >= 80; Net profit margin up vs a year ago",7
APTUS,-0.08657234941786962,-0.18753923414940366,0.3049505948779996,-0.9537096379945411,0.6610240963855422,0.0,0.0,-0.36376614885261827,1.2945507195623334,0.017716675995590632,0.03821050892267008,-0.12616356899230485,-0.0399976871154675,248980223.29000002,19.02433973404303,15.382693268750236,-7.010698692533278,4.969480717292957,0.0,23.205279699920833,1.3299999999999983,1.0,18.636363636363637,0.09000000000000341,20648.0,True,True,12.492409867172675,Housing Finance Company,Financial Services,92.0,103,"Uptrend (price > 50 > 150 > 200-day, 200-day rising); Within 15% of 52-week high; Quarterly profit growth >= 25%; Sales growth >= 20% or 2+ strong quarters; ROE >= 20%; RS rating >= 80",6
AREandM,-0.07508557291500301,-0.1290062487401733,0.20136234100229378,-0.8257950221385811,0.7167644183773216,0.0,0.0,-0.035358395456133146,0.8667826877381969,0.017119186338369678,0.0247730711043872,-0.15033187173806228,-0.03478656875096012,339084774.125,15.741683751395419,23.917696731626425,4.135966621335729,0.5608600639696671,0.0,-2.8688111951325923,-0.3199999999999994,1.0,11.063094209161624,-1.6099999999999994,20652.0,True,True,16.249525616698293,Auto Components & Equipments,Consumer Discretionary,18.0,103,"Uptrend (price > 50 > 150 > 200-day, 200-day rising); Within 15% of 52-week high; Quarterly profit growth >= 25%; 3-year profit growth >= 15%/yr; ROE >= 20%; RS rating >= 80; Net profit margin up vs a year ago",7
ARFIN,0.2187930012898509,0.8243412797992471,0.14383112626196404,2.8633309264433175,0.9704331450094162,0.0,0.0,0.5991552969069083,6.9150787411902686,0.028257019669849896,0.10113129928008213,0.17807361073960526,-0.04442675264344031,99486785.69999999,277.08585023484886,95.45287525261806,-22.914149765151137,1.1659013389409512,3.0,22.98145339311446,0.9199999999999999,1.0,8.823529411764707,-0.75,20676.0,True,True,90.35863377609108,Aluminium,Commodities,2.0,103,"Uptrend (price > 50 > 150 > 200-day, 200-day rising); ROE >= 20%",2
ARIS,0.0633395108234508,-0.16214807090719496,0.23698643317617618,-0.13774157314139765,0.798149186763881,0.0,0.0,0.8671240384596139,2.462614958900856,0.030846732415526417,0.09216510769758846,0.05499370606664011,-0.05299776362636798,209675123.81,211.80725437688994,37.122783855149,111.80725437688994,1.624082303862539,4.0,,3.86,1.0,8.119079837618404,-4.81,20645.0,True,True,63.96489563567363,Other Construction Materials,Commodities,,103,"Uptrend (price > 50 > 150 > 200-day, 200-day rising); Within 15% of 52-week high; 3-year profit growth >= 15%/yr; ROE >= 20%; RS rating >= 80",5
ARMANFIN,0.04248998170884144,0.418494653139567,0.36560417079126273,0.46460218770786155,0.8066339293986844,0.0,0.0,-0.06112251537179772,1.164650280152428,0.02297010687687229,0.04424873231918869,-0.10281275312614013,-0.061882412163779904,57918376.599999994,100.0,33.62913907284768,-121.47830448959115,1.9292595900991112,3.0,-0.4690389681385354,32.05,1.0,6.102783725910064,1.1400000000000006,20677.0,True,True,59.08064516129033,Non Banking Financial Company (NBFC),Financial Services,41.0,103,"Uptrend (price > 50 > 150 > 200-day, 200-day rising); Within 15% of 52-week high; 3-year profit growth >= 15%/yr; ROE >= 20%; RS rating >= 80",5
ARSSBL,,,0.11809399761206985,,0.718563250927848,0.0,0.0,0.8222201737678966,3.3263481904815353,0.01728933233103237,0.03606796622537267,0.11916024281946469,-0.04007862997080103,69346067.25,70.78009996063696,22.37084182785538,-55.064447810657526,1.059401742818052,3.0,,4.49,1.0,9.56973293768546,-1.5900000000000007,20648.0,True,True,,Stockbroking & Allied,Financial Services,17.0,103,"Uptrend (price > 50 > 150 > 200-day, 200-day rising); Within 15% of 52-week high; 3-year profit growth >= 15%/yr; ROE >= 20%; RS rating >= 80",5
ARTEMISMED,0.1167654443233597,0.4403185319830347,0.44991940051409407,1.0192806575800737,0.840285110876452,1.0,0.0,1.3064640441074329,1.1712725493865808,0.025254618868643296,0.07514277126540425,-0.02202968015485307,-0.04800214369994319,123575765.45000002,48.17939013057855,12.692187009727007,16.06268356217855,5.421436920989427,2.0,43.312770414822396,2.619999999999999,1.0,11.122994652406417,-0.40000000000000036,20642.0,True,True,77.49051233396584,Hospital,Healthcare,68.0,103,"Uptrend (price > 50 > 150 > 200-day, 200-day rising); Within 15% of 52-week high; ROE >= 20%; RS rating >= 80",4
ARVIND,0.13002592848920408,0.8330847008121998,0.4778832019243622,1.9222470993194105,0.871777979082599,0.0,0.0,-0.11587133545585927,0.9286064327686169,0.020342787273190673,0.03182854537163715,-0.03099072182312146,-0.018298923428977012,347164946.79999995,32.416435857561886,24.65409306591173,29.011021013682203,0.6676784505205509,1.0,11.430230364523041,0.16999999999999993,1.0,10.558852621167162,2.3400000000000034,20677.0,True,True,80.4022770398482,Garments & Apparels,Consumer Discretionary,23.0,103,"Uptrend (price > 50 > 150 > 200-day, 200-day rising); 3-year profit growth >= 15%/yr; ROE >= 20%",3
ARVINDFASN,-0.07614797103817143,-0.13836356619066004,0.012242121967807718,-0.6521628609234049,0.6993848857644991,0.0,0.0,-0.3685236455818022,1.429918702514874,0.018863162919938763,0.0576447625243981,-0.08806962706986099,-0.04008495446682246,79269543.6,11.390914132224328,15.459988621072696,-88.60908586777568,0.04334777272737982,0.0,35.284619673302984,-0.08000000000000007,1.0,19.51219512195122,0.5399999999999991,20655.0,True,True,15.77988614800759,Speciality Retail,Consumer Discretionary,97.0,103,"Uptrend (price > 50 > 150 > 200-day, 200-day rising); Within 15% of 52-week high; Quarterly profit growth >= 25%; Sales growth >= 20% or 2+ strong quarters; ROE >= 20%; RS rating >= 80; Net profit margin up vs a year ago",7
ARVSMART,-0.003514253112132496,-0.012753534111862308,0.22649613438961524,-0.16878428039438587,0.8652963198417744,0.0,0.0,2.0405031230721726,0.27623026651230687,0.02466323473345542,0.07794967698061872,-0.018150981929168974,-0.044142787367840816,43408166.175,300.0,212.13639937106916,196.9435617588839,3.678714273588965,2.0,85.60699920628076,18.91,1.0,15.870570107858242,0.41000000000000014,20672.0,True,True,43.206831119544596,"Residential, Commercial Projects",Consumer Discretionary,66.0,103,"Uptrend (price > 50 > 150 > 200-day, 200-day rising); ROE >= 20%; RS rating >= 80",3
ASAHIINDIA,0.05310534029169289,0.09220749542961593,0.17158965559504846,0.349366902702435,0.9089851024208566,0.0,0.0,0.44389207720606405,0.8194476099039237,0.014187773250349723,0.026136789673825822,0.03792892645456236,-0.011255979501569535,108085124.19999999,172.09440951980346,15.027589237755755,127.45446533678876,3.3481105804479308,3.0,7.7533179384124296,6.090000000000001,1.0,8.774160732451678,-0.08999999999999986,20670.0,True,True,61.334914611005686,Auto Components & Equipments,Consumer Discretionary,18.0,103,"Uptrend (price > 50 > 150 > 200-day, 200-day rising); 3-year profit growth >= 15%/yr; ROE >= 20%; RS rating >= 80",4
ASHAPURMIN,-0.05882844109032192,-0.17712066905615298,0.12437506376900309,-0.5011925785268513,0.5276246080657369,0.0,0.0,-0.27340455500680017,1.5858236768463148,0.025232614151563294,0.03223239156386781,-0.16372915106513142,-0.032537839141358715,205137947.375,-4.907301339060687,19.22069682864034,-58.50594763163895,-0.12044907819602617,0.0,32.65899757074424,-1.7000000000000002,1.0,25.227410551849605,-0.21000000000000085,20672.0,True,True,22.35483870967742,Industrial Minerals,Commodities,88.0,103,"Uptrend (price > 50 > 150 > 200-day, 200-day rising); Within 15% of 52-week high; Quarterly profit growth >= 25%; Sales growth >= 20% or 2+ strong quarters; RS rating >= 80; Net profit margin up vs a year ago",6
ASHOKA,-0.13284941240218479,-0.38373333333333337,0.02283792157209885,-1.1819231351571147,0.484988344988345,0.0,0.0,1.6277280398147966,0.3451906143019067,0.016271053879156346,0.042555147058823684,-0.0892137979338119,-0.030774289859855475,64620702.989999995,-43.93630700251781,-20.532359689889624,21.355956426937993,-0.28415998206774806,0.0,50.82625309187003,-3.539999999999999,1.0,39.15488676090591,-1.879999999999999,20676.0,True,True,3.5692599620493364,Civil Construction,Industrials,90.0,103,"Uptrend (price > 50 > 150 > 200-day, 200-day rising); Within 15% of 52-week high; Quarterly profit growth >= 25%; Sales growth >= 20% or 2+ strong quarters; RS rating >= 80; Net profit margin up vs a year ago",6
ASHOKLEY,0.009134400651549045,0.1866310911388851,0.11987277185077194,0.12856553126258125,0.6926005013462074,0.0,0.0,0.02559477349664502,1.3280817086303727,0.01846557628408822,0.0276131635354937,-0.10540510398766267,-0.029396740781623215,2227249389.6800003,1.4948028596847518,11.62442114900748,-4.8241473700209925,0.08428557470675564,0.0,28.67218504610467,-0.5099999999999998,1.0,26.128783091075064,-1.2100000000000009,20656.0,True,True,48.65464895635674,Commercial Vehicles,Industrials,35.0,103,"Uptrend (price > 50 > 150 > 200-day, 200-day rising); Within 15% of 52-week high; Quarterly profit growth >= 25%; Sales growth >= 20% or 2+ strong quarters; RS rating >= 80; Net profit margin up vs a year ago",6
ASIANENE,0.20248698392655187,0.5485560377076166,0.9707125718855927,0.8851797632261879,0.8487714336220611,0.0,1.0,0.9350259145856032,0.4318548119554965,0.03740909753514694,0.08157483391949971,0.037749306221956935,-0.02273730264671737,159101842.25,126.87250357722908,135.06110774031376,73.32630807443803,1.027674009061262,3.0,67.54170620789878,-0.16999999999999993,1.0,10.526315789473683,-0.49000000000000044,20678.0,True,True,88.66793168880456,Oil Equipment & Services,Energy,,103,Within 15% of 52-week high; ROE >= 20%; Net profit margin up vs a year ago,3
ASIANPAINT,-0.005799819506772025,0.07884401946555131,0.15702971203589255,0.051644943719527776,0.7944870549619855,0.0,0.0,-0.09958737644382318,1.3331022246052917,0.012098069949904684,0.024598478444632255,-0.07943104095971087,-0.012154079916674122,1464051398.5,39.54414763020846,17.937920579959844,-4.139713789374284,1.417785853709172,2.0,1.3741956725505045,2.289999999999999,1.0,20.564289724873667,0.1700000000000017,20663.0,True,True,42.17362428842505,Paints,Consumer Discretionary,74.0,103,"Uptrend (price > 50 > 150 > 200-day, 200-day rising); Within 15% of 52-week high; 3-year profit growth >= 15%/yr; RS rating >= 80",4
ASIANTILES,-0.0292164621141677,-0.12924462924462932,-0.13464187327823696,-0.36900040007903845,0.5968884391601315,0.0,0.0,0.941218787592441,0.12882505972878763,0.03762382361298211,0.031082529474812493,-0.06738761813287797,-0.03027781367960543,174757998.38,11.759381737047692,36.758190809808376,-157.2908263717032,0.05817956043158026,0.0,-5.496549266605378,-0.3400000000000001,1.0,1.2483574244415243,0.33000000000000007,20676.0,True,True,33.720113851992416,Ceramics,Consumer Discretionary,59.0,103,"Uptrend (price > 50 > 150 > 200-day, 200-day rising); Within 15% of 52-week high; Quarterly profit growth >= 25%; 3-year profit growth >= 15%/yr; ROE >= 20%; RS rating >= 80; Net profit margin up vs a year ago",7
ASKAUTOLTD,0.11114412665585108,0.14379447370852994,0.42428078250863077,0.4256446040958375,0.911080412970772,0.0,1.0,1.3051714296618455,0.517101767032264,0.03349734783896648,0.06034900630150264,0.008067111156875972,-0.029685216278331202,173602970.375,28.933343805046597,52.375769951418725,4.678461300428218,3.2718599473408685,3.0,32.74930959084126,-1.1400000000000006,1.0,22.65446224256293,0.9299999999999997,20650.0,True,True,76.55123339658444,Auto Components & Equipments,Consumer Discretionary,18.0,103,RS rating >= 80; Net profit margin up vs a year ago,2
ASTERDM,-0.0030992574873077057,0.2605277933745087,0.1717118997912317,0.3148715360580274,0.7632671378884774,0.0,0.0,-1.776828907650954,0.794057466340935,0.01634068333510546,0.026241230437128893,-0.1255165853627186,-0.04615048519465452,867070887.275,-10.293536094334199,21.599079666379083,-53.96979019792961,-0.40483975021952645,0.0,12.07321424827892,-2.3500000000000005,1.0,10.164246607950487,-11.379999999999999,20670.0,True,True,43.394686907020876,Hospital,Healthcare,68.0,103,"Uptrend (price > 50 > 150 > 200-day, 200-day rising); Within 15% of 52-week high; Quarterly profit growth >= 25%; 3-year profit growth >= 15%/yr; ROE >= 20%; RS rating >= 80; Net profit margin up vs a year ago",7
ASTRAL,0.02545611879471932,0.09233921123875022,-0.01963488311006034,0.14616476249539975,0.8072030304743597,0.0,0.0,-0.02230437954077725,0.7967764019691563,0.01779323995864282,0.029513251596799073,-0.02116188091591331,-0.015974688238683643,642933209.25,51.78087254726724,15.927123126652942,29.68015787909819,1.6265476673989585,2.0,6.719501930224991,1.7999999999999998,1.0,13.183834401182848,-0.6000000000000014,20666.0,True,True,54.75996204933586,Plastic Products - Industrial,Industrials,45.0,103,"Uptrend (price > 50 > 150 > 200-day, 200-day rising); Within 15% of 52-week high; 3-year profit growth >= 15%/yr; ROE >= 20%; RS rating >= 80",5
ASTRAMICRO,0.1487031904721038,0.7345505617977528,0.8316648127549129,1.735282724859767,0.8679081632653061,0.0,1.0,0.13044550976771152,1.271221278599498,0.024639322699158753,0.03930570404377076,0.0031738767884752495,-0.020277352787421467,500905586.35,-24.139711309654544,-11.55059330095629,-68.3638410650909,-0.314707497291205,0.0,50.947654144387066,-1.1600000000000001,1.0,14.67680608365019,3.849999999999998,20675.0,True,True,82.93833017077799,Aerospace & Defense,Industrials,19.0,103,Quarterly profit growth >= 25%; Sales growth >= 20% or 2+ strong quarters; ROE >= 20%; Net profit margin up vs a year ago,4
ASTRAZEN,-0.12446320150888138,-0.21902941011077992,-0.10613374525326635,-1.5249194205738175,0.6008426823696634,0.0,0.0,-0.6135143408157416,4.346620163781689,0.011899756909093373,0.012370670265407169,-0.17276469642644965,-0.05445058989368313,39640717.0,-32.0917522588058,29.731527046797513,-5.497946758750295,-0.7711662921433877,0.0,1.7237899293454317,-5.08,1.0,21.534936998854526,0.1899999999999995,20679.0,True,True,5.072106261859583,Pharmaceuticals,Healthcare,26.0,103,"Uptrend (price > 50 > 150 > 200-day, 200-day rising); Within 15% of 52-week high; Quarterly profit growth >= 25%; 3-year profit growth >= 15%/yr; RS rating >= 80; Net profit margin up vs a year ago",6
ATGL,-0.035176042980137934,-0.027552802922026443,0.16983475021492023,-0.1767243046340334,0.6767459440600104,0.0,0.0,1.0016816900352434,0.49338504123617755,0.021202635554431935,0.12555366269165247,-0.07399303306667593,-0.04134967500628793,359716185.825,-14.281728605655308,27.198276487400076,-23.13297007399853,-1.1493761332571302,0.0,4.238848312941723,-3.91,1.0,13.484069886947585,0.10000000000000142,20655.0,True,True,32.217267552182165,LPG/CNG/PNG/LNG Supplier,Energy,72.0,103,"Uptrend (price > 50 > 150 > 200-day, 200-day rising); Within 15% of 52-week high; Quarterly profit growth >= 25%; 3-year profit growth >= 15%/yr; ROE >= 20%; RS rating >= 80; Net profit margin up vs a year ago",7
ATLANTAELE,0.21597312161102852,1.2854193234954758,0.554866964138159,2.2551326349827763,0.871411316547431,0.0,1.0,0.3363487262996427,2.6388999041325945,0.033033028005276174,0.09694145062627446,0.09746864918564513,-0.053631685721676065,191290729.1,50.38618350227158,47.98959093649835,-78.68896914350832,0.5961610762793519,3.0,,0.15999999999999837,1.0,21.743810548977397,-0.02999999999999936,20655.0,True,True,90.07685009487666,Heavy Electrical Equipment,Industrials,36.0,103,3-year profit growth >= 15%/yr,1
ATUL,-0.010356373573525434,0.059301650493489344,0.03854285249634093,-0.019116535858925233,0.8355849582172702,0.0,0.0,-0.1505293598269892,1.173841373846738,0.01543849306321989,0.024590163934426146,-0.06513731160946912,-0.01749543272804434,195883756.5,91.73195709694568,25.030446549391062,29.433342623463503,5.193045279316699,4.0,22.116590372440715,4.779999999999999,1.0,11.075389808712426,-0.020000000000003126,20643.0,True,True,40.29506641366224,Specialty Chemicals,Commodities,40.0,103,"Uptrend (price > 50 > 150 > 200-day, 200-day rising); Within 15% of 52-week high; ROE >= 20%; RS rating >= 80",4
ATULAUTO,-0.03866255852612288,-0.024433724832214843,0.12192474674384934,-0.25057169867998824,0.7145251864889783,0.0,0.0,-0.09885044075498463,2.7395120528367034,0.025352174613515466,0.024966412897447388,-0.10843333172973346,-0.024324966351421968,39167372.25,289.72640397957844,42.970284068595376,78.93467191439078,1.157563488625947,7.0,142.05169722905913,2.33,1.0,8.884297520661157,-0.33999999999999986,20673.0,True,True,30.150853889943075,Commercial Vehicles,Industrials,35.0,103,"Uptrend (price > 50 > 150 > 200-day, 200-day rising); Within 15% of 52-week high; ROE >= 20%; RS rating >= 80",4
AUBANK,0.06471409113933019,0.4423076923076923,0.20536472186067578,1.135489922751627,0.8682807446901495,0.0,0.0,0.3897003607822914,2.0976293204200247,0.01814300315179472,0.04275582573454928,-0.06071236088917453,-0.022421304392862735,1329567416.9,36.990578696887646,21.110258448214438,-28.186576690279857,2.1861236214052635,3.0,22.667168274438044,1.7400000000000002,1.0,13.22285084864567,0.21999999999998465,20679.0,True,True,64.81024667931689,Other Bank,Financial Services,22.0,103,"Uptrend (price > 50 > 150 > 200-day, 200-day rising); ROE >= 20%; RS rating >= 80",3
AURIONPRO,-0.16196613342632182,-0.4059943157350787,-0.12257489981553327,-1.051620716654828,0.4941935483870967,0.0,0.0,-0.19261417967671216,1.7416115764785796,0.021783118434993348,0.02932330827067653,-0.1149266579237751,-0.05983703427320919,104238855.77499999,-11.020138532585877,6.309007778635478,-28.884922815730228,-1.6685581391596087,0.0,24.756811491990426,-2.4499999999999993,1.0,12.197928653624857,-0.05000000000000071,20661.0,True,True,1.3149905123339658,Computers - Software & Consulting,Information Technology,93.0,103,"Uptrend (price > 50 > 150 > 200-day, 200-day rising); Within 15% of 52-week high; Quarterly profit growth >= 25%; Sales growth >= 20% or 2+ strong quarters; ROE >= 20%; RS rating >= 80; Net profit margin up vs a year ago",7
AUROPHARMA,0.10815459860212671,0.5173015144561726,0.23328857057594732,2.105830878611037,0.9666666666666667,1.0,1.0,0.22001816814097477,1.2489657675815562,0.014836495878459616,0.028606208155812496,0.017734723390351537,-0.01375823444290092,1334986689.6999998,28.05901394738779,16.296227570937983,26.065887409895836,1.7306602372669884,1.0,23.27190996312276,1.0599999999999987,1.0,9.244939431527275,0.36999999999999744,20670.0,True,True,76.17552182163188,Pharmaceuticals,Healthcare,26.0,103,Sales growth >= 20% or 2+ strong quarters; ROE >= 20%; RS rating >= 80,3
AVADHSUGAR,0.39466603007440737,0.910549917394383,0.6168980325576752,2.622254712566804,0.9890289572234822,1.0,1.0,1.344325457124827,1.5506384236155213,0.03912109361073304,0.0999861897527965,0.2741757711580044,-0.06860462818216333,110128266.225,100.0,8.741156277473095,123.18956464450032,0.5657376462381919,1.0,-13.182833671874395,1.2,1.0,5.0711743772241995,-0.28,20679.0,True,True,97.49715370018976,Sugar,Fast Moving Consumer Goods,9.0,103,Sales growth >= 20% or 2+ strong quarters; 3-year profit growth >= 15%/yr; ROE >= 20%,3
AVALON,0.32771747257875905,1.1735602612309517,1.2821818181818179,2.5094235975011516,0.9280748663101603,0.0,1.0,0.5476256503119903,3.261269364347928,0.037636387258134986,0.13798206278026903,0.12696477869801415,-0.04114287949133757,875646044.75,145.17364420862611,49.828338127493744,75.71601725479778,2.2733081317822523,8.0,38.482316783169466,2.8,1.0,15.672676837725383,-0.060000000000002274,20669.0,True,True,95.14895635673624,Other Electrical Equipment,Industrials,52.0,103,ROE >= 20%,1
AVANTEL,-0.046355433953805036,-0.1315361766519083,0.1388256044682885,-0.30600598808235796,0.7129302325581396,0.0,0.0,0.530161553734707,1.37354085750133,0.020203096630211678,0.06273517137579532,-0.019675561729484703,-0.0266050079845675,112458016.16,66.84609338076481,35.657869389327686,88.40640150008801,0.2353739146398581,1.0,-17.41346905512765,1.4300000000000006,1.0,4.437869822485207,1.2099999999999995,20645.0,True,True,27.23908918406072,Aerospace & Defense,Industrials,19.0,103,"Uptrend (price > 50 > 150 > 200-day, 200-day rising); Within 15% of 52-week high; 3-year profit growth >= 15%/yr; ROE >= 20%; RS rating >= 80",5
AVANTIFEED,0.02473610867864924,0.26051613921553174,-0.3553438811753309,0.26223696131958574,0.45319362529802987,0.0,0.0,-0.24736129185249794,1.2935161883885886,0.021137622992817427,0.0643315745979276,-0.1221684371973073,-0.03269184338576234,218241013.8,-37.30785832570046,18.316051689241775,-30.70438200644594,-3.187622703434437,0.0,18.23131400903297,-5.430000000000001,1.0,19.993913572732804,0.08999999999999986,20657.0,True,True,54.10246679316888,Animal Feed,Fast Moving Consumer Goods,,103,"Uptrend (price > 50 > 150 > 200-day, 200-day rising); Within 15% of 52-week high; Quarterly profit growth >= 25%; Sales growth >= 20% or 2+ strong quarters; ROE >= 20%; RS rating >= 80; Net profit margin up vs a year ago",7
AVL,0.03176709286384308,0.08981111514711215,0.3036063436888985,0.44851400038174,0.8809929078014185,0.0,1.0,0.1408020067980776,2.0666752310843752,0.017516202222057083,0.05023589026734232,0.0156824908832236,-0.03187778701970067,95196013.94999999,39.81572271426359,26.849813343543616,3.5602859134553455,4.506305874352108,2.0,23.102003127898897,0.5999999999999996,1.0,16.9811320754717,0.9699999999999989,20679.0,True,True,56.73244781783681,Speciality Retail,Consumer Discretionary,97.0,103,ROE >= 20%; RS rating >= 80,2
AWFIS,-0.16136466696220242,-0.5424561403508772,-0.043672765941842884,-1.1307157098959886,0.3921645292461683,0.0,0.0,0.8411419122224431,1.7090510996862358,0.03151509355524097,0.17467948717948723,-0.051410343807478,-0.05367411745501659,78585086.0,140.27816155106345,26.9554825216612,29.63417619790212,2.2122823596829297,3.0,,2.6599999999999997,1.0,12.839059674502712,-0.4399999999999977,20678.0,True,True,1.5028462998102468,Diversified Commercial Services,Services,55.0,103,"Uptrend (price > 50 > 150 > 200-day, 200-day rising); Within 15% of 52-week high; 3-year profit growth >= 15%/yr; ROE >= 20%; RS rating >= 80",5
AWL,-0.052425312494125034,-0.2828259620907524,0.04119412941961298,-1.0341098430103435,0.6613997879109227,0.0,0.0,0.38481029013021434,1.6414464988364548,0.014508842762766858,0.05552086290093672,-0.009074087215885207,-0.02069436934684022,334540879.5,47.962845997643264,17.524774820985243,-5.6688442273987505,0.5568454115472565,2.0,56.4416189780818,0.3600000000000001,1.0,10.009578544061302,-0.6699999999999946,20664.0,True,True,25.07874762808349,Edible Oil,Fast Moving Consumer Goods,82.0,103,"Uptrend (price > 50 > 150 > 200-day, 200-day rising); Within 15% of 52-week high; ROE >= 20%; RS rating >= 80",4
AXISBANK,0.010283873063070992,0.12435965377141844,0.02224363607162938,0.3961407954662538,0.8760487908058944,0.0,0.0,0.03929854249587027,1.7916096855411947,0.015029902772635604,0.03025705857564276,0.000866746574901045,-0.015324950470217516,6867326417.200001,22.156247252468695,9.872695049602264,20.40956511570777,1.6007567778276985,1.0,6.846649718726172,2.169999999999998,1.0,12.345839766364703,-2.7900000000000063,20652.0,True,True,48.84250474383302,Private Sector Bank,Financial Services,25.0,103,"Uptrend (price > 50 > 150 > 200-day, 200-day rising); Quarterly profit growth >= 25%; Sales growth >= 20% or 2+ strong quarters; 3-year profit growth >= 15%/yr; ROE >= 20%; RS rating >= 80",6
AXISCADES,0.1807451315857607,0.03532542947011841,0.03015347577490224,0.714845277156911,0.9515254237288135,1.0,1.0,0.6079424017343933,5.935971830466183,0.03149270689239423,0.09997339718010112,0.2876235386940733,-0.09254555835880547,272207117.15,-100.0,94.1649899396378,0.0,-0.35891528520015237,0.0,-15.066788092286155,-5.37,0.0,9.903713892709765,0.6200000000000001,20678.0,True,True,86.31973434535105,Aerospace & Defense,Industrials,19.0,103,Quarterly profit growth >= 25%; 3-year profit growth >= 15%/yr; ROE >= 20%; Net profit margin up vs a year ago,4
AZAD,0.22872278487593603,0.7411447558146826,0.7800922958595053,2.0957807352832223,0.9745196457687265,1.0,1.0,1.052455169394825,7.8339128757216905,0.027807742343489605,0.07100909684105483,0.12419802879941444,-0.0487976341886038,1149831542.0,19.452157855767283,25.90269166241155,-28.906659246032575,1.5722532258623019,0.0,,-1.0999999999999979,1.0,8.763897972531067,-2.84,20672.0,True,True,91.29791271347248,Heavy Electrical Equipment,Industrials,36.0,103,Quarterly profit growth >= 25%; 3-year profit growth >= 15%/yr; ROE >= 20%; Net profit margin up vs a year ago,4
BAJAJ-AUTO,0.022076879743333964,0.36724978491540017,0.3328487559407325,0.5595579889464906,0.7926222935044106,0.0,0.0,-0.3630835800329916,5.2516654572540915,0.01756424346010208,0.014793417366946837,-0.14028924343887772,-0.06310299147115175,2639448908.0,44.242694064824065,65.14316606197201,-47.92547523715611,1.4324092766960788,4.0,20.98225719405327,-2.129999999999999,1.0,27.230119489081172,-0.740000000000002,20655.0,True,True,52.505692599620495,2/3 Wheelers,Consumer Discretionary,47.0,103,"Uptrend (price > 50 > 150 > 200-day, 200-day rising); Within 15% of 52-week high; RS rating >= 80; Net profit margin up vs a year ago",4
BAJAJCON,0.15194368788425372,1.198598130841121,0.35148191669930795,2.110322740774005,0.6979768786127167,0.0,0.0,0.03690638434589721,0.6980511862544361,0.028087939864093418,0.027375871760174864,-0.042899123945554285,-0.02318548972166012,303430133.925,84.81467082608309,24.93507443578771,-20.549567086524988,2.0704952241094383,4.0,13.748901211458842,6.710000000000001,1.0,25.165562913907287,0.16000000000000014,20647.0,True,True,83.31404174573055,Personal Care,Fast Moving Consumer Goods,75.0,103,"Uptrend (price > 50 > 150 > 200-day, 200-day rising); Within 15% of 52-week high; 3-year profit growth >= 15%/yr",3
BAJAJELEC,-0.12349657297442165,-0.4032795747364628,-0.06269459382960663,-1.5163709449838327,0.5360549068544432,0.0,0.0,0.7600353718479756,0.3410079640896985,0.01984748408199513,0.03306658613921187,-0.10270412213011526,-0.037117275026497094,37547954.5,300.0,2.326717327797545,400.0,0.8694539744426694,1.0,-43.39853350442726,3.21,1.0,-5.708908406524467,-1.1899999999999977,20647.0,True,True,5.3538899430740035,Household Appliances,Consumer Discretionary,99.0,103,"Uptrend (price > 50 > 150 > 200-day, 200-day rising); Within 15% of 52-week high; Sales growth >= 20% or 2+ strong quarters; 3-year profit growth >= 15%/yr; ROE >= 20%; RS rating >= 80",6
BAJAJFINSV,-0.036767325851703836,-0.027016348100953214,0.17801829815224535,-0.5666841098074289,0.7942141230068337,0.0,0.0,0.19258847901651077,2.2917352725699836,0.015470650172516079,0.01266864100032894,-0.0981404092899868,-0.028829073798564392,1456735341.25,18.179311808201494,19.1260085650095,8.231782632228702,3.601077069213893,0.0,16.145192432072776,-0.11999999999999922,1.0,25.2441763460181,0.01999999999999602,20644.0,True,True,31.090132827324478,Holding Company,Financial Services,69.0,103,"Uptrend (price > 50 > 150 > 200-day, 200-day rising); Within 15% of 52-week high; Quarterly profit growth >= 25%; Sales growth >= 20% or 2+ strong quarters; RS rating >= 80; Net profit margin up vs a year ago",6
BAJAJHFL,-0.055072536163510585,-0.2556222560702446,0.04267068273092356,-1.1251914233435079,0.7411194358748346,0.0,0.0,-0.19218797855880618,1.8382737229290769,0.010146023548749314,0.034824667472793225,-0.002318588817139866,-0.011829109953385781,218865013.52,22.614621452615392,17.100901858386443,8.578002687094077,2.573598577911252,1.0,,1.0500000000000007,1.0,11.366159037428407,-0.27,20679.0,True,True,23.481973434535103,Housing Finance Company,Financial Services,92.0,103,"Uptrend (price > 50 > 150 > 200-day, 200-day rising); Within 15% of 52-week high; Quarterly profit growth >= 25%; Sales growth >= 20% or 2+ strong quarters; 3-year profit growth >= 15%/yr; ROE >= 20%; RS rating >= 80",7
BAJAJHIND,0.0644380116382808,0.12390745501285338,0.2599423631123918,0.19505658080309415,0.8096153846153846,0.0,1.0,0.564688176766763,0.8402895812133994,0.03529918301238883,0.06863727454909796,0.05202658803538407,-0.029373008162048703,335887326.075,85.83151351863462,-9.808397814837955,-14.168486481365377,-0.09569626527804614,3.0,-13.925896243290259,-2.4800000000000004,0.0,12.6,0.2600000000000051,20670.0,True,True,64.52846299810247,Sugar,Fast Moving Consumer Goods,9.0,103,Within 15% of 52-week high; 3-year profit growth >= 15%/yr; ROE >= 20%; RS rating >= 80; Net profit margin up vs a year ago,5
BAJAJHLDNG,-0.017978464482138894,-0.10431712405713367,0.22242908772314096,-0.5058907030877494,0.8046792452830188,0.0,0.0,0.026558426685189283,1.1178339401727708,0.015190709840347165,0.024704813805631165,-0.046221832592340806,-0.026645820330914782,420188248.0,31.196678610507146,21.45937288240003,-15.991627717047454,1.2504228810053286,2.0,18.592003140706638,50.97000000000003,1.0,13.38209159261791,0.030000000000001137,20642.0,True,True,38.51043643263757,Holding Company,Financial Services,69.0,103,"Uptrend (price > 50 > 150 > 200-day, 200-day rising); Within 15% of 52-week high; ROE >= 20%; RS rating >= 80",4
BAJFINANCE,-0.009315961470180458,0.0701851758413643,0.24640065816536394,-0.08927979696359255,0.8193216592995579,0.0,0.0,-0.07178954785603041,1.7555440435665342,0.020271951040432373,0.03409992069785894,-0.08568311712950882,-0.030893954124238062,5909329100.6,27.595729621466127,18.65187657371383,5.455839948490638,3.830942486136863,2.0,19.036178307387885,1.8399999999999999,1.0,16.958043491609576,0.07000000000000028,20644.0,True,True,40.95256166982922,Non Banking Financial Company (NBFC),Financial Services,41.0,103,"Uptrend (price > 50 > 150 > 200-day, 200-day rising); Within 15% of 52-week high; ROE >= 20%; RS rating >= 80",4
BALAMINES,0.1612556707354094,0.8101792114695339,1.4278434765887895,0.9253084358455063,0.8197961822191802,0.0,0.0,0.126637202549887,9.363166631928053,0.0388101344186376,0.1685054653182143,-0.022770149048063182,-0.03707251124507574,380586465.04999995,113.88782250375642,27.233911927219978,53.61949362903904,2.2718532909056544,2.0,-13.480645988286266,6.9399999999999995,1.0,8.552631578947368,0.2999999999999998,20661.0,True,True,84.25332068311195,Specialty Chemicals,Commodities,40.0,103,"Uptrend (price > 50 > 150 > 200-day, 200-day rising); Within 15% of 52-week high; 3-year profit growth >= 15%/yr; ROE >= 20%",4
BALKRISIND,-0.03957261154742255,-0.0007435594628877329,0.07353977726610594,-0.3582582898612273,0.7230990990990991,0.0,0.0,-0.29916418816234963,0.5710876894976843,0.023289736768457872,0.04353233830845782,-0.12135818600268333,-0.03400466981002416,443407042.4,56.33779472300478,25.1900348548199,75.08801711862301,1.3043720778624095,1.0,9.10891131613376,2.6000000000000014,1.0,11.345381526104417,-0.45000000000000284,20641.0,True,True,29.962998102466795,Tyres & Rubber Products,Consumer Discretionary,73.0,103,"Uptrend (price > 50 > 150 > 200-day, 200-day rising); Within 15% of 52-week high; 3-year profit growth >= 15%/yr; ROE >= 20%; RS rating >= 80",5
BALRAMCHIN,0.15034389844686355,0.5295681063122923,0.4227441285537703,1.4101864726365108,0.9047954414495166,0.0,1.0,0.5356377123066043,0.6043954181647302,0.0363201074482518,0.04003639672429471,0.062078854770561964,-0.02027260001019907,877186705.4749999,-14.207396058123967,6.128628579950335,16.14850132315277,-0.15765898459311986,0.0,2.4345507941913036,-0.6399999999999997,1.0,9.134847752537457,0.3200000000000003,20676.0,True,True,83.22011385199241,Sugar,Fast Moving Consumer Goods,9.0,103,Quarterly profit growth >= 25%; Sales growth >= 20% or 2+ strong quarters; 3-year profit growth >= 15%/yr; ROE >= 20%; Net profit margin up vs a year ago,5
BALUFORGE,-0.0008991818420916991,-0.08901935893367185,0.30878832782400556,-0.3738654640789587,0.7485250737463127,0.0,0.0,0.6391820103583385,0.46578836535943124,0.03434028366342997,0.04803102625298328,-0.021579238586215688,-0.02320935369980106,434904294.2,15.875216862620256,28.949399656946827,11.03302597000555,0.8521291931317437,0.0,77.17129994182461,-2.4800000000000004,1.0,16.248431618569636,-0.9299999999999997,20677.0,True,True,44.80360531309298,Castings & Forgings,Industrials,6.0,103,"Uptrend (price > 50 > 150 > 200-day, 200-day rising); Within 15% of 52-week high; Quarterly profit growth >= 25%; ROE >= 20%; RS rating >= 80; Net profit margin up vs a year ago",6
BANCOINDIA,-0.07363634230338478,-0.2754633664516878,0.17023273273273287,-0.7209425700621411,0.6822005001136623,0.0,0.0,-0.07029321886486964,0.9023377181869762,0.01917097834545758,0.02178704645642604,-0.03403412264000638,-0.010757329071276652,53213891.05,11.771116613407484,22.040223072086107,17.430453526846044,0.30112279327564145,0.0,21.339148757587555,-0.9499999999999993,1.0,28.6053412462908,-0.11999999999999922,20673.0,True,True,16.719165085388994,Auto Components & Equipments,Consumer Discretionary,18.0,103,"Uptrend (price > 50 > 150 > 200-day, 200-day rising); Within 15% of 52-week high; Quarterly profit growth >= 25%; RS rating >= 80; Net profit margin up vs a year ago",5
BANDHANBNK,-0.021371789462712815,0.017079787889998643,0.08107222440686845,0.011903262218899464,0.7383131001993115,0.0,0.0,0.2918546325595078,1.6629549544284736,0.029962350343278876,0.04177292046144521,-0.05900026211048581,-0.0517738892824345,1441983067.4,34.93550576334199,2.8296390721764375,-33.101536799875376,0.2847009859921088,2.0,-12.626745394324079,2.12,1.0,4.785923753665689,1.7100000000000009,20679.0,True,True,37.477229601518026,Private Sector Bank,Financial Services,25.0,103,"Uptrend (price > 50 > 150 > 200-day, 200-day rising); Within 15% of 52-week high; 3-year profit growth >= 15%/yr; ROE >= 20%; RS rating >= 80",5
BANKBARODA,-0.016108372481541844,-0.05901807157762118,-0.07991992608561749,-0.2778589302986381,0.7205837173579109,0.0,0.0,-0.10667866087715114,1.425174032566914,0.012534669931222967,0.015036309269542913,-0.021802685653133813,-0.011609328900009055,1729649741.0500002,67.44996991024391,6.840469769803792,59.691734142547986,3.633037430681551,1.0,8.58220244079746,6.07,1.0,12.099910170073974,-0.14000000000000057,20658.0,True,True,39.07400379506642,Public Sector Bank,Financial Services,51.0,103,"Uptrend (price > 50 > 150 > 200-day, 200-day rising); Within 15% of 52-week high; Sales growth >= 20% or 2+ strong quarters; 3-year profit growth >= 15%/yr; ROE >= 20%; RS rating >= 80",6
BANKINDIA,0.025385864316474053,0.22084701523953854,0.0136315973435861,0.372990305063229,0.7487665395828661,0.0,0.0,0.3081398979595385,2.4639649582420224,0.015186302755937815,0.03104726598702512,-0.04557785597694808,-0.029174921987585613,747303236.2,49.844007875368405,8.828312289044927,31.132608517174504,3.2738456289357396,1.0,35.42832704105765,4.500000000000002,1.0,11.459792347539963,-0.389999999999997,20658.0,True,True,54.66603415559772,Public Sector Bank,Financial Services,51.0,103,"Uptrend (price > 50 > 150 > 200-day, 200-day rising); Within 15% of 52-week high; Sales growth >= 20% or 2+ strong quarters; ROE >= 20%; RS rating >= 80",5
BASF,-0.044942819801706474,-0.1258848806965962,0.17431332036947023,-0.7233593698049223,0.7150872688875547,0.0,0.0,0.9876653050172217,0.4594825387319648,0.017838220480414634,0.019406928948913604,-0.08180442524647025,-0.022702601751471645,62708018.8,152.8817385464096,24.51181301522245,-49.82089654393235,2.669594795977278,2.0,95.87118218034503,3.66,1.0,10.614101592115238,-0.129999999999999,20651.0,True,True,28.178368121442123,Specialty Chemicals,Commodities,40.0,103,"Uptrend (price > 50 > 150 > 200-day, 200-day rising); Within 15% of 52-week high; ROE >= 20%; RS rating >= 80",4
BATAINDIA,-0.12702729155462947,-0.4182376340366656,0.00937734433608406,-1.5199387760372627,0.49684975767366724,0.0,0.0,0.5347959915508327,0.32501670109651426,0.013564760238317044,0.014401440144014455,-0.08924806330103541,-0.014926842060821831,92369580.85,16.00024351174374,3.9390561129691637,74.5760973532736,0.5174466116587896,0.0,-17.57054366467279,0.6799999999999997,1.0,8.401253918495298,-1.2199999999999989,20652.0,True,True,4.50853889943074,Footwear,Consumer Discretionary,103.0,103,"Uptrend (price > 50 > 150 > 200-day, 200-day rising); Within 15% of 52-week high; Quarterly profit growth >= 25%; Sales growth >= 20% or 2+ strong quarters; 3-year profit growth >= 15%/yr; ROE >= 20%; RS rating >= 80",7
BBL,-0.1200173417824893,-0.28068246088104054,0.011845303867403345,-0.9996366858117355,0.5986514218704192,0.0,0.0,-0.4817978660603386,1.1264637846916328,0.016240180383156378,0.015272062185642366,-0.1057344232687728,-0.032208852145080694,49167777.7,-29.578393202839315,17.69627876962787,-7.6089907273576,-0.8417128599019605,0.0,6.620505517923325,-2.41,1.0,5.914243469689502,-0.5799999999999983,20679.0,True,True,5.917457305502846,Heavy Electrical Equipment,Industrials,36.0,103,"Uptrend (price > 50 > 150 > 200-day, 200-day rising); Within 15% of 52-week high; Quarterly profit growth >= 25%; Sales growth >= 20% or 2+ strong quarters; 3-year profit growth >= 15%/yr; ROE >= 20%; RS rating >= 80; Net profit margin up vs a year ago",8
BBOX,0.15552432515402648,0.36826433579867457,0.49428301688870246,1.5210157220761804,0.8022212148685404,0.0,1.0,0.47003729924132104,3.8602210841205817,0.031165983141419325,0.08704808704808698,0.14840863282461703,-0.03349777475080435,282512236.9,20.760948067388174,23.923734802486397,18.92830139028665,1.0261524792322787,1.0,55.54475640911265,-0.10999999999999943,1.0,16.93861693861694,1.8500000000000014,20677.0,True,True,83.68975332068311,IT Enabled Services,Information Technology,50.0,103,Within 15% of 52-week high; Quarterly profit growth >= 25%; ROE >= 20%; Net profit margin up vs a year ago,4
BBTC,-0.08590670650874609,-0.15051078320090805,0.04328431030877522,-0.8187333707959054,0.5945667447306792,0.0,0.0,1.9298593321461237,0.28518894847329507,0.024626447983099407,0.08053451479205354,-0.12799883495038933,-0.05705695628517014,51557491.6,14.950641999837554,7.996332697356268,-14.751772409182262,0.4537517344327686,0.0,62.3348542568265,0.6799999999999997,1.0,35.48707753479125,-0.4400000000000013,20654.0,True,True,13.055977229601517,Packaged Foods,Fast Moving Consumer Goods,89.0,103,"Uptrend (price > 50 > 150 > 200-day, 200-day rising); Within 15% of 52-week high; Quarterly profit growth >= 25%; Sales growth >= 20% or 2+ strong quarters; RS rating >= 80",5
BDL,-0.09438069709192697,-0.16271932750683837,0.024824432467744684,-0.7445519110571096,0.664258601689727,0.0,0.0,0.07121250158907015,0.883169999655776,0.017609427076235876,0.03880545186214057,-0.12707952184875704,-0.03347109767184197,1244248764.0,300.0,130.80708264429478,358.50547297920787,1.374451490923991,1.0,13.713270282951683,13.360000000000001,1.0,9.903324687573685,0.22999999999999865,20679.0,True,True,10.613851992409867,Aerospace & Defense,Industrials,19.0,103,"Uptrend (price > 50 > 150 > 200-day, 200-day rising); Within 15% of 52-week high; 3-year profit growth >= 15%/yr; ROE >= 20%; RS rating >= 80",5
BECTORFOOD,0.027204894235718216,-0.11179245283018868,0.19987255734919285,-0.40630867892857114,0.7540907466952483,0.0,0.0,0.49775219324653763,0.8054586454320883,0.03382779091289558,0.05079227262860875,-0.07512328330138962,-0.02555239306708692,303358799.595,25.441616138277155,16.02461096075778,22.052591573746902,3.1475630720674017,1.0,9.859511204402649,0.5299999999999994,1.0,11.093627065302911,-1.5700000000000003,20672.0,True,True,55.22960151802656,Packaged Foods,Fast Moving Consumer Goods,89.0,103,"Uptrend (price > 50 > 150 > 200-day, 200-day rising); Within 15% of 52-week high; Sales growth >= 20% or 2+ strong quarters; 3-year profit growth >= 15%/yr; ROE >= 20%; RS rating >= 80",6
BEL,-0.024293606249509738,0.013501687710963939,-0.051035935853915415,-0.2112838775431539,0.799028408490865,0.0,0.0,-0.12822561626840442,1.1952512880346844,0.012949876525246429,0.025145819831497107,-0.05308055448478888,-0.01567290189424397,3888756784.475,8.799636265651433,24.939298247194653,4.165608255206598,0.7943370478233841,0.0,24.850579939500996,-2.8199999999999967,1.0,25.270968817742208,-0.47000000000000597,20661.0,True,True,36.06831119544592,Aerospace & Defense,Industrials,19.0,103,"Uptrend (price > 50 > 150 > 200-day, 200-day rising); Within 15% of 52-week high; Quarterly profit growth >= 25%; RS rating >= 80; Net profit margin up vs a year ago",5
BELRISE,0.11169883856682743,0.488001005151401,0.23576981269890984,1.5078566844280972,0.9183818046234155,0.0,1.0,0.5558345049325987,0.9571394715921663,0.01956175302156049,0.04712909273226673,0.03574456203618359,-0.02722334740454279,755366609.94,8.919739496615975,12.56558851742322,-8.42665517758665,0.3587174239317749,0.0,,-0.16000000000000014,1.0,9.510141599693839,5.810000000000002,20679.0,True,True,76.64516129032258,Auto Components & Equipments,Consumer Discretionary,18.0,103,Quarterly profit growth >= 25%; Sales growth >= 20% or 2+ strong quarters; 3-year profit growth >= 15%/yr; ROE >= 20%; RS rating >= 80; Net profit margin up vs a year ago,6
BEML,0.03297405307439624,0.015270000246688342,0.3631425543190252,-0.02625392533574652,0.8815555311435791,0.0,1.0,0.7541418210209578,0.48007398885571,0.02154866543965443,0.06044802066259369,0.030158133535441944,-0.027254688267788964,465367973.40000004,-37.47802168336658,29.279641634726094,62.52197831663342,0.8625997699441887,0.0,2.57804438481557,6.81,0.0,4.805725971370143,0.5799999999999983,20672.0,True,True,57.014231499051235,Construction Vehicles,Industrials,28.0,103,Quarterly profit growth >= 25%; 3-year profit growth >= 15%/yr; ROE >= 20%; RS rating >= 80,4
BEPL,0.12685191218187447,0.2916624455475636,0.43581081081081097,0.823570520843305,0.9213718411552346,0.0,1.0,0.4336212073579807,0.9839681582881273,0.03027241618658771,0.05518763796909498,0.023866413555057475,-0.01738169335857088,152203273.325,42.946056101549736,53.340261764801376,12.341455035558393,3.2873960746208843,2.0,12.719743922634063,-1.0099999999999998,1.0,16.62049861495845,0.029999999999999805,20636.0,True,True,79.55692599620494,Petrochemicals,Commodities,30.0,103,3-year profit growth >= 15%/yr; ROE >= 20%; RS rating >= 80; Net profit margin up vs a year ago,4
BERGEPAINT,-0.027988055128823186,-0.06077027288562031,0.12598607888631097,-0.3626865526880866,0.780253973593474,0.0,0.0,-0.08139760540991844,1.2020775141297901,0.016267651865581084,0.030868237347295047,-0.0629759351051753,-0.014648584152514918,153066890.52499998,18.244040288095142,11.96559567102813,1.0487387895499651,1.7872154913785963,0.0,8.537058190578929,0.6000000000000014,1.0,16.307647824201243,0.21000000000000085,20656.0,True,True,34.56546489563567,Paints,Consumer Discretionary,74.0,103,"Uptrend (price > 50 > 150 > 200-day, 200-day rising); Within 15% of 52-week high; Quarterly profit growth >= 25%; Sales growth >= 20% or 2+ strong quarters; 3-year profit growth >= 15%/yr; ROE >= 20%; RS rating >= 80",7
BETA,0.028379230185728632,0.2297671840354767,0.4322143318269851,0.18707102604225473,0.7092132910716193,0.0,0.0,-0.24403754370547304,0.6718259286090036,0.03306667709715862,0.039334916864608216,-0.10665901056900351,-0.02462421399808619,40791885.2,40.84049352524086,25.286897515218044,56.03784142617479,0.7209785057185706,1.0,8.180142362671926,1.450000000000001,1.0,16.73469387755102,3.9400000000000004,20654.0,True,True,55.605313092979124,Pharmaceuticals,Healthcare,26.0,103,"Uptrend (price > 50 > 150 > 200-day, 200-day rising); Within 15% of 52-week high; 3-year profit growth >= 15%/yr; ROE >= 20%; RS rating >= 80",5
BHARATFORG,0.07167329083599308,0.6112026359143328,0.1708368250927812,1.70813101322635,0.8025272331154684,0.0,0.0,-0.3607709602505995,1.0980622789391001,0.018590920238768228,0.02564102564102555,-0.09340873001418615,-0.032645120231405755,1849255455.0,-57.65154078800037,18.70649184521904,-59.81889428736294,-4.00705962732829,0.0,20.654656078595735,-4.67,1.0,11.367432150313151,0.45000000000000284,20652.0,True,True,66.59487666034155,Auto Components & Equipments,Consumer Discretionary,18.0,103,"Uptrend (price > 50 > 150 > 200-day, 200-day rising); Within 15% of 52-week high; Quarterly profit growth >= 25%; Sales growth >= 20% or 2+ strong quarters; ROE >= 20%; RS rating >= 80; Net profit margin up vs a year ago",7
BHARATSE,0.022455240043621514,0.18388233320284098,0.3310487927565393,0.24621668031947067,0.77737670035717,0.0,0.0,0.572732367168074,0.6870380609084115,0.026738680644527304,0.07539326373470634,-0.07432124884963198,-0.027430740610656906,30855101.82,44.11467698564224,35.30417271577766,27.690120690834007,4.153825109387621,1.0,27.785371193085883,0.14000000000000012,1.0,18.26086956521739,0.010000000000000009,20679.0,True,True,52.787476280834916,Auto Components & Equipments,Consumer Discretionary,18.0,103,"Uptrend (price > 50 > 150 > 200-day, 200-day rising); Within 15% of 52-week high; ROE >= 20%; RS rating >= 80",4
BHARTIARTL,-0.00917651046838084,-0.03269898012827255,0.02632753235162877,-0.17055019275278263,0.8433662911014027,0.0,0.0,-0.12912716857392886,2.145868708310613,0.014357431891860705,0.031209150326797275,-0.02415689262692755,-0.021538357973405083,9960572403.0,38.390866904152475,18.35022825326611,45.266468432432816,0.8473937349443348,1.0,40.10885592536451,2.539999999999999,1.0,22.69131942813823,-1.1999999999999957,20648.0,True,True,41.1404174573055,Telecom - Cellular & Fixed line services,Telecommunication,67.0,103,"Uptrend (price > 50 > 150 > 200-day, 200-day rising); Within 15% of 52-week high; Sales growth >= 20% or 2+ strong quarters; RS rating >= 80",4
BHARTIHEXA,-0.020683717371303433,-0.08285801901257273,-0.01462836056931982,-0.3195914445993093,0.7557271425649418,0.0,0.0,0.523992699081525,9.126486970746537,0.02070189996671907,0.06569079896163843,-0.037426955432066866,-0.0389490686883018,125312148.15,23.219415630691252,10.91029606716749,24.265474238158568,0.5469268677386288,1.0,37.78781452720186,1.9199999999999982,1.0,24.18702023726448,-0.06999999999999851,20679.0,True,True,37.66508538899431,Telecom - Cellular & Fixed line services,Telecommunication,67.0,103,"Uptrend (price > 50 > 150 > 200-day, 200-day rising); Within 15% of 52-week high; Quarterly profit growth >= 25%; Sales growth >= 20% or 2+ strong quarters; RS rating >= 80",5
BHEL,0.19908403105285238,0.8425439158866523,0.7550073277967759,2.4756151923681577,0.9836604890887158,1.0,1.0,0.3138782507297273,2.9953315853042555,0.020607741945314437,0.053613053613053685,0.06495640446023221,-0.028898870445010476,2763467049.625,100.0,40.29244146523272,-55.70961973280308,2.7684303819798433,4.0,68.58384302987544,13.190000000000001,1.0,6.119482903694638,0.7100000000000009,20645.0,True,True,88.38614800759014,Heavy Electrical Equipment,Industrials,36.0,103,ROE >= 20%,1
BIKAJI,-0.1208764339848571,-0.19509506751171113,-0.08144654088050307,-1.3397042380210997,0.6292127521145088,0.0,0.0,-0.3268063981248994,3.493613501317424,0.01946358302718529,0.06764201210150822,-0.1776430472529995,-0.07581033440125995,69565931.75,1.589493489388305,12.500957604915207,-38.163226795069384,0.02742845204761097,0.0,17.17456899473668,-0.870000000000001,1.0,15.805849408836343,0.16000000000000014,20659.0,True,True,5.823529411764706,Packaged Foods,Fast Moving Consumer Goods,89.0,103,"Uptrend (price > 50 > 150 > 200-day, 200-day rising); Within 15% of 52-week high; Quarterly profit growth >= 25%; Sales growth >= 20% or 2+ strong quarters; ROE >= 20%; RS rating >= 80; Net profit margin up vs a year ago",7
BIOCON,-0.001782634691598936,0.168308099367926,0.11943661971830988,0.2320224967059758,0.80509896008051,0.0,0.0,-0.14482017994730498,1.4399768556979846,0.014969919574046342,0.025974025974025983,-0.1066532002908338,-0.028489696534729415,1073966926.15,45.746974809102234,9.99771683705828,100.88211350743188,0.09178701482237438,1.0,-8.387499369253215,0.7800000000000002,1.0,1.0843054861743704,-0.060000000000002274,20650.0,True,True,44.33396584440228,Pharmaceuticals,Healthcare,26.0,103,"Uptrend (price > 50 > 150 > 200-day, 200-day rising); Within 15% of 52-week high; Sales growth >= 20% or 2+ strong quarters; 3-year profit growth >= 15%/yr; ROE >= 20%; RS rating >= 80",6
BIRLACABLE,0.5150573976039886,1.3938334392879845,2.2208536481053804,2.590584375650552,0.9194126074498568,0.0,1.0,0.7091064355761015,2.128945076278952,0.03640870513880748,0.04997103128621094,0.22013822212504652,-0.04634954721113882,81200864.945,300.0,51.12219451371571,0.0,4.979771783972214,3.0,3.41486046336712,10.74,1.0,6.049822064056939,0.019999999999999997,20647.0,True,True,98.71821631878558,Telecom -  Equipment & Accessories,Telecommunication,31.0,103,3-year profit growth >= 15%/yr; ROE >= 20%,2
BIRLACORPN,-0.1000462424840035,-0.2721866797900263,-0.007438478747203603,-1.011207025150141,0.6050070574251541,0.0,0.0,-0.30814185402539174,2.6634872408275254,0.015700397647024803,0.027336105675146882,-0.059470259096079836,-0.019556454622385734,37891463.5,-3.2384808853817337,7.832631141462465,0.3713714540603541,-0.04900619791366788,0.0,183.4375540107808,-0.5,1.0,7.576374745417515,0.120000000000001,20645.0,True,True,9.392789373814042,Cement & Cement Products,Commodities,102.0,103,"Uptrend (price > 50 > 150 > 200-day, 200-day rising); Within 15% of 52-week high; Quarterly profit growth >= 25%; Sales growth >= 20% or 2+ strong quarters; ROE >= 20%; RS rating >= 80; Net profit margin up vs a year ago",7
BLACKBUCK,0.01948967186318045,-0.07453023843360163,0.028516276213038427,-0.06719404140523053,0.8240641711229946,0.0,0.0,0.6093593549289544,0.7034273915432248,0.02176315144609804,0.07211128178870108,0.04503270389496783,-0.01992492023834306,256060144.6,25.087586459410005,42.16976533667569,102.14224935741316,0.05249745914709468,1.0,,-2.8200000000000003,1.0,11.251758087201125,2.5700000000000003,20663.0,True,True,51.66034155597723,Transport Related Services,Services,,103,"Uptrend (price > 50 > 150 > 200-day, 200-day rising); Within 15% of 52-week high; 3-year profit growth >= 15%/yr; ROE >= 20%; RS rating >= 80; Net profit margin up vs a year ago",6
BLS,-0.09247519342333911,-0.27297914446643323,-0.11008832407855995,-0.6855476318026242,0.6151532033426184,0.0,0.0,-0.08508308655214253,0.42528036334538505,0.021488571611507506,0.038099652375434445,-0.08492041326923405,-0.02275767751687695,216093005.39000002,11.401019213057427,25.32614661468959,-17.286415134748868,2.0599960046224886,0.0,44.41578998005766,-2.8299999999999983,1.0,29.395046691027204,-1.8899999999999988,20672.0,True,True,11.08349146110057,"Tour, Travel Related Services",Consumer Discretionary,98.0,103,"Uptrend (price > 50 > 150 > 200-day, 200-day rising); Within 15% of 52-week high; Quarterly profit growth >= 25%; RS rating >= 80; Net profit margin up vs a year ago",5
BLSE,0.19001568398844657,0.7389296386851398,1.0103643216080402,1.6659416576251256,0.9311359623307827,0.0,1.0,0.012700811940110142,0.8785585817323935,0.020269619943321673,0.034200157604413084,0.0009199352628774804,-0.01496184225984069,118888926.42500001,6.40600595416887,24.63215705561701,1.09811055908271,0.47503651964443566,0.0,,-1.0499999999999998,1.0,13.193116634799235,0.19,20671.0,True,True,87.16508538899431,IT Enabled Services,Information Technology,50.0,103,Quarterly profit growth >= 25%; 3-year profit growth >= 15%/yr; ROE >= 20%; Net profit margin up vs a year ago,4
BLUEDART,-0.04861124220764493,-0.10510935819290068,0.018859837119588496,-0.6076592946145671,0.6474133030130755,0.0,0.0,0.4323227086847961,1.8530059352516686,0.015351766844037528,0.011582167832167922,-0.08079228795384275,-0.027989153721871485,36175192.900000006,81.09713106222188,14.966156236129603,92.37163211736508,2.5430871721819726,1.0,1.1664798393013376,1.9499999999999997,1.0,13.89983117613956,-0.14000000000000057,20665.0,True,True,26.111954459203034,Logistics Solution Provider,Services,70.0,103,"Uptrend (price > 50 > 150 > 200-day, 200-day rising); Within 15% of 52-week high; Sales growth >= 20% or 2+ strong quarters; 3-year profit growth >= 15%/yr; ROE >= 20%; RS rating >= 80",6
BLUEJET,-0.0024258998408744972,-0.10975705023045079,0.5707787732598206,-0.3280116430014493,0.7812815702121518,0.0,0.0,-0.16924526730889553,0.7012391649615236,0.016882432542716888,0.02615091255788604,-0.06470768119722936,-0.03483770224032909,255259057.45,-14.16307972551618,-17.377945653399472,27.394032151130762,-0.26673434209757496,0.0,10.047600874766305,1.0,1.0,18.235294117647058,4.6899999999999995,20679.0,True,True,43.86432637571157,Pharmaceuticals,Healthcare,26.0,103,"Uptrend (price > 50 > 150 > 200-day, 200-day rising); Within 15% of 52-week high; Quarterly profit growth >= 25%; Sales growth >= 20% or 2+ strong quarters; 3-year profit growth >= 15%/yr; ROE >= 20%; RS rating >= 80",7
BLUESTARCO,-0.046653134398201665,-0.21713441654357457,-0.051999488948511585,-0.5903239704083807,0.7526686015052387,0.0,0.0,-0.4315685744674774,1.6238557867051895,0.021430713480707776,0.04072847682119196,-0.0026971043606014433,-0.019808445020353702,772779108.5,-20.852586859080834,13.267499371280067,-30.984366571072073,-0.6704483876708621,0.0,22.408383815756384,-1.2199999999999998,1.0,15.359953366365492,-0.5900000000000034,20648.0,True,True,26.86337760910816,Household Appliances,Consumer Discretionary,99.0,103,"Uptrend (price > 50 > 150 > 200-day, 200-day rising); Within 15% of 52-week high; Quarterly profit growth >= 25%; Sales growth >= 20% or 2+ strong quarters; ROE >= 20%; RS rating >= 80; Net profit margin up vs a year ago",7
BLUESTONE,0.19812019835226816,0.4720524017467249,0.9715756228798691,0.843773843015371,0.85689246314053,1.0,1.0,0.1923953644861556,0.2296443376058887,0.0434770525602824,0.1004790348335205,0.004927299658414208,-0.04492386316605139,890771278.775,100.0,49.55955183892182,0.0,1.1431498694922146,3.0,,7.859999999999999,1.0,0.7222222222222222,-0.9200000000000159,20654.0,True,True,88.1043643263757,"Gems, Jewellery And Watches",Consumer Discretionary,10.0,103,3-year profit growth >= 15%/yr; ROE >= 20%,2
BLUSPRING,0.23501670504803926,0.7545454545454546,1.2330065884621568,1.3735946887611643,0.9358032786885246,1.0,1.0,0.6498045068387451,0.6434654386829568,0.03896509512475411,0.06011011388490828,0.12846700552570067,-0.07123703626972719,48514107.63,100.0,19.07354213965855,0.0,,4.0,,0.6499999999999999,0.0,-3.44311377245509,-0.08999999999999986,20665.0,True,True,91.48576850094877,Diversified Commercial Services,Services,55.0,103,3-year profit growth >= 15%/yr; ROE >= 20%,2
BOMDYEING,-0.11523700508839592,-0.3140490871720468,0.10648464163822524,-1.014927222076531,0.562268326417704,0.0,0.0,0.5359188935696455,0.723535043065468,0.015650015793614334,0.03486750348675027,-0.09984358199014032,-0.03394015917421997,43866404.33,-47.11558377597142,8.723269108617405,-128.49300970430446,-0.09420875819561503,0.0,218.4569009653193,-1.8900000000000001,1.0,1.1816192560175056,-0.13000000000000034,20645.0,True,True,6.481024667931688,Other Textile Products,Consumer Discretionary,21.0,103,"Uptrend (price > 50 > 150 > 200-day, 200-day rising); Within 15% of 52-week high; Quarterly profit growth >= 25%; Sales growth >= 20% or 2+ strong quarters; ROE >= 20%; RS rating >= 80; Net profit margin up vs a year ago",7
BOROLTD,0.019836186529600647,-0.23958302745558668,0.06875773834089949,-0.4407300222178055,0.773665382498624,0.0,0.0,1.3533644611775144,1.6635891575383244,0.02397816907066456,0.06216284710908382,0.10739463109559377,-0.04736686455672422,34040280.260000005,-26.42264282675788,8.981907258584387,-21.6277452144505,-0.8761693269959571,0.0,15.493445633881397,-2.4300000000000006,1.0,8.455467869222097,0.03000000000000025,20679.0,True,True,51.848197343453506,Houseware,Consumer Discretionary,,103,"Uptrend (price > 50 > 150 > 200-day, 200-day rising); Within 15% of 52-week high; Quarterly profit growth >= 25%; Sales growth >= 20% or 2+ strong quarters; ROE >= 20%; RS rating >= 80; Net profit margin up vs a year ago",7
BORORENEW,-0.07413842221537288,-0.11725174639667535,0.19973560870087725,-0.5465371001855887,0.6076282940360611,0.0,0.0,-0.26546894304926344,1.2050327614709604,0.01708937854631261,0.03101196953210006,-0.14356481128516096,-0.025904628745202884,182580130.625,100.0,17.055225344797755,0.0,1.1474194520711505,4.0,141.7275278154916,21.54,1.0,8.40502978160159,0.1899999999999995,20650.0,True,True,16.531309297912713,Glass - Industrial,Industrials,,103,"Uptrend (price > 50 > 150 > 200-day, 200-day rising); Within 15% of 52-week high; ROE >= 20%; RS rating >= 80",4
BOSCHLTD,0.049291636987922785,0.22101968965966878,0.3992827256425582,0.5433407417922979,0.8882,0.0,0.0,0.4321149219402785,1.3217554104838074,0.01710188426591188,0.03063457330415753,-0.0429436218151098,-0.02951515107618243,1378755615.0,5.201963257601272,21.995990477383764,2.219974491001042,0.5223320221673132,0.0,16.337319325215717,-1.9299999999999997,1.0,18.678431900848715,0.0,20644.0,True,True,60.39563567362429,Auto Components & Equipments,Consumer Discretionary,18.0,103,"Uptrend (price > 50 > 150 > 200-day, 200-day rising); Quarterly profit growth >= 25%; ROE >= 20%; RS rating >= 80; Net profit margin up vs a year ago",5
BPCL,-0.01934695316802311,-0.06625258799171851,0.13275923932543954,-0.42417622604779637,0.7566704966168775,0.0,0.0,0.007136877830728442,1.600113528572832,0.012880024766055157,0.0228013029315961,-0.0519409058627065,-0.0215938887302815,1503083277.6,-100.0,34.407002308721935,-125.82978950096171,-2.378901838602957,0.0,-8.226519196855008,-8.6,0.0,25.798883908516434,-0.18000000000000682,20656.0,True,True,37.94686907020873,Refineries & Marketing,Energy,46.0,103,"Uptrend (price > 50 > 150 > 200-day, 200-day rising); Within 15% of 52-week high; Quarterly profit growth >= 25%; 3-year profit growth >= 15%/yr; RS rating >= 80; Net profit margin up vs a year ago",6
BRIGADE,-0.009985238191638388,0.04287768921915269,0.3400970275681503,-0.4595789019984422,0.689286336160792,0.0,0.0,0.6779735472991198,0.9954445439576107,0.025793698114601266,0.02384646794610057,-0.09537567536686087,-0.044916083741282226,183658215.325,20.69004122582887,-12.925207237304281,45.20476818044145,0.45423986577930175,1.0,66.42852469991749,4.76,1.0,10.628940038117578,-0.3999999999999915,20658.0,True,True,40.6707779886148,"Residential, Commercial Projects",Consumer Discretionary,66.0,103,"Uptrend (price > 50 > 150 > 200-day, 200-day rising); Within 15% of 52-week high; Quarterly profit growth >= 25%; Sales growth >= 20% or 2+ strong quarters; ROE >= 20%; RS rating >= 80",6
BRITANNIA,-0.06123622495110291,-0.13956822398380841,-0.07831978319783195,-0.9847886461723716,0.76223887737203,0.0,0.0,-0.5110716508091304,1.6233012863044325,0.011807542006656348,0.023857442348008462,-0.08338967866096658,-0.017654879705634032,1378717973.75,14.13398544903146,8.172479890615335,-7.352336118400405,1.1555215746854586,0.0,6.986750783086548,0.6199999999999992,1.0,49.686643164904034,-0.1700000000000017,20652.0,True,True,21.603415559772298,Packaged Foods,Fast Moving Consumer Goods,89.0,103,"Uptrend (price > 50 > 150 > 200-day, 200-day rising); Within 15% of 52-week high; Quarterly profit growth >= 25%; Sales growth >= 20% or 2+ strong quarters; 3-year profit growth >= 15%/yr; RS rating >= 80",6
BSE,0.08736744433308666,0.6257270906837036,0.1433457398652047,1.5352781124016455,0.7547000089952325,0.0,0.0,0.15197587865679,1.4007033809268274,0.02192238979641547,0.04386080105055812,0.0030300113991550415,-0.025027736476581016,14309152055.55,65.82727769710688,63.47617307792681,4.464934164326117,3.5664507996477792,9.0,121.66207487253536,0.7899999999999991,1.0,37.26959388580848,0.9599999999999937,20664.0,True,True,70.72770398481974,Exchange and Data Platform,Financial Services,29.0,103,"Uptrend (price > 50 > 150 > 200-day, 200-day rising); Within 15% of 52-week high; RS rating >= 80",3
BSOFT,-0.024696794962735948,-0.16829548720896792,-0.20671692940370112,-0.5328436215359498,0.5866033755274261,0.0,0.0,0.5065193319657689,1.0821829727547772,0.0186825734853194,0.023169601482854407,-0.05533132202652746,-0.018091081855007126,301291110.67499995,51.30783312523055,7.354657950035026,7.138100185007403,1.4013362743912667,3.0,19.640623276649684,3.3900000000000006,1.0,12.594213469486991,-2.230000000000004,20638.0,True,True,35.69259962049336,Computers - Software & Consulting,Information Technology,93.0,103,"Uptrend (price > 50 > 150 > 200-day, 200-day rising); Within 15% of 52-week high; ROE >= 20%; RS rating >= 80",4
CAMLINFINE,-0.16891939534971828,-0.4845561775289885,0.004578219364893776,-0.92521115149745,0.44595423448926635,0.0,0.0,-0.08416615402176733,0.5666352410940725,0.02852470337008524,0.042123738481790296,-0.11812234326425353,-0.028963111639565643,56203554.894999996,-67.31771738437833,27.509074855292837,32.68228261562167,-0.5389893247153144,0.0,-39.01759793434593,-3.47,0.0,2.3054755043227666,-2.3100000000000005,20655.0,True,True,1.127134724857685,Specialty Chemicals,Commodities,40.0,103,"Uptrend (price > 50 > 150 > 200-day, 200-day rising); Within 15% of 52-week high; Quarterly profit growth >= 25%; 3-year profit growth >= 15%/yr; ROE >= 20%; RS rating >= 80; Net profit margin up vs a year ago",7
CAMS,-0.028916528187850288,-0.010936757013789933,0.12079030085316567,-0.2808028588776053,0.822109125340277,0.0,0.0,0.16019906164790718,1.419376782954627,0.015292792958809982,0.028267045454545503,-0.06556640451584617,-0.023956397365351767,843612210.95,17.61201371590948,11.543131441479604,6.4028854182827555,1.1018273192765138,0.0,18.422940711139745,1.6600000000000001,1.0,35.730507191521575,1.9200000000000017,20668.0,True,True,33.907969639468696,"Depositories, Clearing Houses and Other Intermediaries",Financial Services,83.0,103,"Uptrend (price > 50 > 150 > 200-day, 200-day rising); Within 15% of 52-week high; Quarterly profit growth >= 25%; Sales growth >= 20% or 2+ strong quarters; RS rating >= 80",5
CANBK,0.0047054392450897944,0.04166666666666674,-0.038387862999003874,-0.03853502035135241,0.7314752286819327,0.0,0.0,0.03654411361839067,1.4562063318623915,0.011940007393341074,0.02522375915378361,-0.05327559493067413,-0.024305612090433432,1661341712.4499998,2.2725722286095484,4.549633315124413,12.768680334560901,0.22037435855896903,0.0,15.387181920887505,-0.34999999999999964,1.0,16.746952126077908,-0.5599999999999987,20661.0,True,True,46.776091081593925,Public Sector Bank,Financial Services,51.0,103,"Uptrend (price > 50 > 150 > 200-day, 200-day rising); Within 15% of 52-week high; Quarterly profit growth >= 25%; Sales growth >= 20% or 2+ strong quarters; ROE >= 20%; RS rating >= 80; Net profit margin up vs a year ago",7
CANFINHOME,-0.03209623259092555,0.07531464340414185,-0.008351756325227333,-0.12005515854531573,0.748327328872877,0.0,0.0,-0.4076305081118163,1.8908186521573636,0.012931314168857766,0.019268635724331906,-0.08066500672113541,-0.02998463206773701,166166988.47500002,19.623409324530726,7.430929209177428,-28.138824485806914,1.3616560571455032,0.0,20.70427333130713,2.4899999999999984,1.0,18.15749874602909,-0.21999999999999176,20679.0,True,True,32.874762808349146,Housing Finance Company,Financial Services,92.0,103,"Uptrend (price > 50 > 150 > 200-day, 200-day rising); Within 15% of 52-week high; Quarterly profit growth >= 25%; Sales growth >= 20% or 2+ strong quarters; ROE >= 20%; RS rating >= 80",6
CANHLIFE,,,0.08486855723452691,,0.8762373267742516,0.0,0.0,0.4792801289559507,3.091655777657627,0.016988297648973628,0.020470900579892426,-0.0315852007441797,-0.028751775449018434,90697076.10999998,21.677222705631927,19.805265433237594,13.053077427216353,,1.0,,0.010000000000000009,1.0,7.912772585669782,-0.36999999999999744,20679.0,True,True,,Life Insurance,Financial Services,94.0,103,"Uptrend (price > 50 > 150 > 200-day, 200-day rising); Quarterly profit growth >= 25%; Sales growth >= 20% or 2+ strong quarters; 3-year profit growth >= 15%/yr; ROE >= 20%; RS rating >= 80",6
CAPACITE,-0.12333255315811027,-0.23758815232722152,0.00976042590949433,-0.7795229820296472,0.5782657120127287,0.0,0.0,-0.4081187855901587,2.4794648368032184,0.021718378315401445,0.03297503079162456,-0.11127630542907863,-0.035408782513084484,48949104.655,-15.244665374208532,6.714062712094471,0.8427721938590214,-0.44345940732953043,0.0,29.39829842220998,-1.6399999999999997,1.0,10.110005238344682,-0.8900000000000006,20638.0,True,True,5.447817836812145,Civil Construction,Industrials,90.0,103,"Uptrend (price > 50 > 150 > 200-day, 200-day rising); Within 15% of 52-week high; Quarterly profit growth >= 25%; Sales growth >= 20% or 2+ strong quarters; ROE >= 20%; RS rating >= 80; Net profit margin up vs a year ago",7
CAPILLARY,,,0.006366156689598501,,0.723825020339195,0.0,0.0,0.6757776566607974,0.8832930719646892,0.03524455117147377,0.0781824256598731,0.11715979074745198,-0.08117347965726954,144018713.775,300.0,42.66496192117406,245.62899335837403,,2.0,,8.49,1.0,5.078125,0.6899999999999977,20669.0,True,True,,Software Products,Information Technology,64.0,103,"Uptrend (price > 50 > 150 > 200-day, 200-day rising); Within 15% of 52-week high; 3-year profit growth >= 15%/yr; ROE >= 20%; RS rating >= 80",5
CAPLIPOINT,0.09497696629030239,0.3982688289722416,0.7913453572111404,0.9391673364305761,0.8859866220735786,1.0,1.0,0.9241704238404078,0.7861069634175439,0.025420847608926614,0.0585380882692752,0.004009062649468209,-0.03583686126745196,275317062.9,18.776687751098486,19.62682764297754,-0.25685590986763884,5.938529719820584,0.0,19.743258301837653,-0.21000000000000085,1.0,19.287833827893174,-0.040000000000000924,20677.0,True,True,72.5123339658444,Pharmaceuticals,Healthcare,26.0,103,Quarterly profit growth >= 25%; Sales growth >= 20% or 2+ strong quarters; ROE >= 20%; RS rating >= 80; Net profit margin up vs a year ago,5
CARBORUNIV,0.1074383042979602,0.23982892861059324,0.3658713379643612,1.089888724489816,0.9180363795748411,1.0,1.0,1.1532476792510302,1.255106722361252,0.023935173514448335,0.04847029526858759,0.10548511329309118,-0.05916813948074483,240688360.39999998,33.10786492014037,17.030893668684687,-48.29750617158261,0.380832209252888,2.0,-14.742321030053528,0.6799999999999997,1.0,4.3076923076923075,0.0,20654.0,True,True,75.89373814041745,Abrasives & Bearings,Industrials,49.0,103,3-year profit growth >= 15%/yr; ROE >= 20%; RS rating >= 80,3
CARERATING,0.004558632267705411,0.12098542499677545,0.13578149503397796,0.0981036515009367,0.8682807399347117,0.0,0.0,0.1708500961613865,0.9462805647282216,0.014347146350061152,0.015148749771856096,-0.04825347146847703,-0.013551079648600178,76369857.0,24.485006491354678,18.922372484293493,1.2471672107566825,1.2936081153162917,6.0,26.183663908352294,1.3200000000000003,1.0,18.669527896995707,0.35999999999999943,20672.0,True,True,46.588235294117645,Ratings,Financial Services,,103,"Uptrend (price > 50 > 150 > 200-day, 200-day rising); Quarterly profit growth >= 25%; ROE >= 20%; RS rating >= 80",4
CARRARO,0.035694927661714046,0.14418953687821623,0.15421217692224487,0.33366173441059493,0.799715377125309,0.0,0.0,0.7203261782878828,2.4329117812538423,0.017536645032913408,0.02640295258824632,0.00589764847753993,-0.023907714324187798,54731503.900000006,7.693918917040232,10.498448055504817,-68.0000297218455,0.229579150955313,0.0,,-0.15000000000000036,1.0,23.1858407079646,-1.5299999999999976,20671.0,True,True,57.76565464895636,Auto Components & Equipments,Consumer Discretionary,18.0,103,"Uptrend (price > 50 > 150 > 200-day, 200-day rising); Within 15% of 52-week high; Quarterly profit growth >= 25%; Sales growth >= 20% or 2+ strong quarters; 3-year profit growth >= 15%/yr; RS rating >= 80; Net profit margin up vs a year ago",7
CARTRADE,0.08833065452190275,0.19988801791713318,0.7248476486144646,0.3065918558867216,0.8857924327609785,0.0,0.0,-0.09852258689231576,0.6421307258992665,0.029059265480429596,0.05989600693287134,-0.004143054626410958,-0.01874067909964291,787410959.15,25.524980623317294,16.250577901063345,-28.151602746742444,1.4167557893217626,17.0,72.66791952398988,2.1700000000000017,1.0,9.822866344605476,-2.219999999999999,20663.0,True,True,71.19734345351043,E-Retail/ E-Commerce,Consumer Discretionary,39.0,103,"Uptrend (price > 50 > 150 > 200-day, 200-day rising); ROE >= 20%; RS rating >= 80",3
CARYSIL,0.0349064128369759,0.37305169404826377,0.4117064719712906,0.4786377139910723,0.7865563275821688,0.0,0.0,-0.10223693119462354,3.146159970903658,0.020858744923559207,0.02190476190476187,-0.11225032866563522,-0.0350666959097551,82727461.39999999,39.97866944099868,15.485263668002979,-5.402665432381951,2.024252025312793,5.0,33.57624304412907,2.1400000000000006,1.0,16.25615763546798,0.20999999999999908,20675.0,True,True,57.483870967741936,Household Appliances,Consumer Discretionary,99.0,103,"Uptrend (price > 50 > 150 > 200-day, 200-day rising); Within 15% of 52-week high; ROE >= 20%; RS rating >= 80",4
CASTROLIND,0.017838526051061752,-0.027100271002709952,0.062130177514793106,0.054802329549703564,0.951496138996139,0.0,0.0,0.5742743063352452,0.908797725422981,0.010458894499017131,0.035266940451745166,0.035264637061371396,-0.019498216385338232,395822145.15,42.517598643743156,25.028894396825297,38.81439117317879,8.894859744400753,1.0,10.093603053093014,2.2799999999999976,1.0,49.973698053655966,-0.879999999999999,20679.0,True,True,51.002846299810244,Lubricants,Energy,4.0,103,"Uptrend (price > 50 > 150 > 200-day, 200-day rising); 3-year profit growth >= 15%/yr; RS rating >= 80",3
CCL,0.024781923094226867,0.29070649320343045,-0.009580087742859789,0.7183937333952567,0.8471260666559329,0.0,0.0,-0.2501717706148217,2.4788786722009575,0.013937708228068042,0.0363903874448257,-0.04173633042293645,-0.01692999085314716,161378532.5,61.45930513682272,13.717744685688293,49.09792444743988,3.01901322888302,1.0,16.027390663927555,2.88,1.0,16.545842217484008,0.5,20661.0,True,True,54.19639468690703,Tea & Coffee,Fast Moving Consumer Goods,43.0,103,"Uptrend (price > 50 > 150 > 200-day, 200-day rising); Within 15% of 52-week high; Sales growth >= 20% or 2+ strong quarters; ROE >= 20%; RS rating >= 80",5
CDSL,-0.03076937565337805,-0.05450847457627128,0.15705633452252554,-0.42939108447172897,0.7617852661767341,0.0,0.0,0.13621911044304066,1.0855995217133019,0.015059210529588083,0.03879907621247125,-0.05225318442930016,-0.036360749833396634,1372531046.6999998,14.905831711803085,13.104620615051775,35.41972221304922,0.41265325065677544,0.0,17.21562225020026,0.6299999999999955,1.0,23.214285714285715,-2.3500000000000014,20644.0,True,True,33.06261859582543,"Depositories, Clearing Houses and Other Intermediaries",Financial Services,83.0,103,"Uptrend (price > 50 > 150 > 200-day, 200-day rising); Within 15% of 52-week high; Quarterly profit growth >= 25%; Sales growth >= 20% or 2+ strong quarters; RS rating >= 80",5
CEATLTD,-0.02421885828844888,-0.006201550387596955,-0.004152848734725656,-0.04110375486761685,0.744006309148265,0.0,0.0,0.3350940835229062,0.7196226604015962,0.017994745101957803,0.03796587608906088,-0.04599748866112563,-0.02128084227524773,175265858.2,-96.60117754478763,22.35760838764522,-196.5669182552731,-1.3801051798694741,0.0,23.505954156861808,-3.1500000000000004,1.0,13.812921125644074,-1.4399999999999977,20650.0,True,True,36.2561669829222,Tyres & Rubber Products,Consumer Discretionary,73.0,103,"Uptrend (price > 50 > 150 > 200-day, 200-day rising); Within 15% of 52-week high; Quarterly profit growth >= 25%; ROE >= 20%; RS rating >= 80; Net profit margin up vs a year ago",6
CEIGALL,0.08132768679995314,0.35166964251794997,0.26980728051391867,1.3632967552963011,0.9189055952674391,0.0,1.0,0.9870549270703061,0.6387317992855589,0.017920458023842286,0.04075323215289495,0.060998898587516726,-0.01392230016735924,115772846.30000001,27.195764831414238,15.683981960915316,-51.02017740878597,0.4570656173327461,2.0,,0.6100000000000003,1.0,14.452759588400374,-0.9800000000000004,20673.0,True,True,69.41271347248578,Civil Construction,Industrials,90.0,103,3-year profit growth >= 15%/yr; ROE >= 20%; RS rating >= 80,3
CELLO,-0.046215699077685725,-0.39794032215473985,-0.14883026381284226,-0.8842543265228684,0.579771445532799,0.0,0.0,1.611712916155397,13.535539687769857,0.03058875100587276,0.0855756506396117,0.11949173670952806,-0.05032795519115674,78082038.07499999,-8.985862549934753,-0.43288406646376787,-2.7206777125547417,-0.9176725241902146,0.0,,-1.3100000000000005,1.0,12.291743798593114,0.120000000000001,20655.0,True,True,27.520872865275145,Houseware,Consumer Discretionary,,103,"Uptrend (price > 50 > 150 > 200-day, 200-day rising); Within 15% of 52-week high; Quarterly profit growth >= 25%; Sales growth >= 20% or 2+ strong quarters; 3-year profit growth >= 15%/yr; ROE >= 20%; RS rating >= 80; Net profit margin up vs a year ago",8
CEMPRO,0.18636806112005233,0.6621612965216837,1.3446281738501855,0.8717205197993629,0.6899102595197671,0.0,0.0,-0.11650409350663266,0.6301887851892515,0.023573865044533116,0.04998010346199755,-0.1014880961782052,-0.04825025601085839,310525091.25,2.637256109940611,5.609377425865558,-110.71186501631297,0.09620949336581777,0.0,59.97751643500704,-0.15000000000000036,1.0,24.92705293872447,0.8699999999999992,20662.0,True,True,86.78937381404175,Civil Construction,Industrials,90.0,103,"Uptrend (price > 50 > 150 > 200-day, 200-day rising); Within 15% of 52-week high; Quarterly profit growth >= 25%; Sales growth >= 20% or 2+ strong quarters; Net profit margin up vs a year ago",5
CENTRALBK,-0.040126193327329716,-0.14989059080962808,-0.08399646330680821,-0.590888952031689,0.7438905180840665,0.0,0.0,0.2596592083206129,0.7760550178166938,0.01144456966746654,0.043749999999999956,-0.01512259200062116,-0.01977980054765989,142345149.47,7.950456485629931,12.785241981682361,40.39237562589648,0.40033016611919825,0.0,33.71503657544965,-0.6100000000000012,1.0,11.617650829465912,6.309999999999999,20644.0,True,True,29.775142314990514,Public Sector Bank,Financial Services,51.0,103,"Uptrend (price > 50 > 150 > 200-day, 200-day rising); Within 15% of 52-week high; Quarterly profit growth >= 25%; Sales growth >= 20% or 2+ strong quarters; ROE >= 20%; RS rating >= 80; Net profit margin up vs a year ago",7
CENTUM,0.16099562068749876,0.4150546519926379,0.3516917225790248,1.257098240255638,0.8692669266926691,1.0,1.0,0.4295271460014892,1.0031508727170184,0.03640831465369905,0.16181350038489084,0.0964576991216528,-0.05170143234645214,199468555.35000002,-36.85462738198636,14.350529322802895,-52.915446133293855,-0.4393723673255087,0.0,101.3944842226917,-4.460000000000001,1.0,-15.160349854227405,-0.9000000000000021,20661.0,True,True,84.06546489563567,Aerospace & Defense,Industrials,19.0,103,Quarterly profit growth >= 25%; Sales growth >= 20% or 2+ strong quarters; ROE >= 20%; Net profit margin up vs a year ago,4
CENTURYPLY,-0.046403469027764335,-0.04868128376231329,0.0459055338177754,-0.46438897009090047,0.7956926658905704,0.0,0.0,-0.5242600079526565,1.0839403772989622,0.014186370172761172,0.02533834586466166,-0.07524914830920104,-0.027619811523998526,37935638.325,57.39953071063497,33.52432099610046,7.914483464328349,0.9162449391983611,2.0,-7.006809851850548,0.8099999999999996,1.0,10.268199233716475,-3.552713678800501e-15,20665.0,True,True,27.14516129032258,Plywood Boards/ Laminates,Consumer Discretionary,57.0,103,"Uptrend (price > 50 > 150 > 200-day, 200-day rising); Within 15% of 52-week high; 3-year profit growth >= 15%/yr; ROE >= 20%; RS rating >= 80",5
CERA,-0.064227814041217,-0.06024194203133881,0.208549114600735,-0.6400520558707594,0.7475519287833828,0.0,0.0,-0.7100722110880043,2.5419612714185615,0.013858903242176203,0.013280689160086068,-0.11869654195308821,-0.04680553344607915,32203858.25,-0.8685975973727555,5.360485138878501,-16.3963255745058,-0.0430143993147808,0.0,10.488371826783549,-0.6999999999999993,1.0,18.403547671840354,1.110000000000003,20306.0,True,True,20.57020872865275,Sanitary Ware,Consumer Discretionary,,103,"Uptrend (price > 50 > 150 > 200-day, 200-day rising); Within 15% of 52-week high; Quarterly profit growth >= 25%; Sales growth >= 20% or 2+ strong quarters; 3-year profit growth >= 15%/yr; ROE >= 20%; RS rating >= 80; Net profit margin up vs a year ago",8
CESC,-0.07584401660785303,-0.09394520378502069,-0.048763067333289944,-0.6685494639587493,0.6414669926650367,0.0,0.0,-0.3222315096243342,1.0787521503167488,0.013883218789551443,0.02478603218075981,-0.13105111152327698,-0.033618211898746336,212560585.18,3.676093295470473,5.440215301807005,-15.59096595679863,0.39148402600056276,0.0,3.5556015535898933,-0.1299999999999999,1.0,12.913008778930566,-0.2499999999999929,20678.0,True,True,16.061669829222012,Integrated Power Utilities,Utilities,80.0,103,"Uptrend (price > 50 > 150 > 200-day, 200-day rising); Within 15% of 52-week high; Quarterly profit growth >= 25%; Sales growth >= 20% or 2+ strong quarters; 3-year profit growth >= 15%/yr; ROE >= 20%; RS rating >= 80; Net profit margin up vs a year ago",8
CGCL,0.08594154799065971,0.4949527319339848,0.6918520309477756,0.966805641011246,0.8722908331883806,0.0,1.0,0.4878929730948479,0.9935055405990598,0.026329227017725634,0.031637125976748504,0.014287563509271628,-0.03630019520365603,719031246.395,102.13307589390178,57.05433461515472,43.04772001315039,3.9665122267852233,8.0,71.85665811346152,5.0,1.0,13.175065944745246,0.9200000000000017,20661.0,True,True,70.07020872865274,Non Banking Financial Company (NBFC),Financial Services,41.0,103,ROE >= 20%; RS rating >= 80,2
CGPOWER,0.04382082421914673,0.19229225210758738,0.2963771278917504,0.5725942955227271,0.9119176266693853,0.0,1.0,0.18404175207458776,1.5657312380952084,0.021479506180013742,0.033662019721183434,0.014768310640489668,-0.020939612980920064,1946122355.4,15.592821588436534,13.994197460085811,-16.214828370809343,1.454229317985607,0.0,15.076519346393846,0.13000000000000078,1.0,15.043914680050188,0.1600000000000037,20636.0,True,True,59.36242884250474,Heavy Electrical Equipment,Industrials,36.0,103,Quarterly profit growth >= 25%; Sales growth >= 20% or 2+ strong quarters; ROE >= 20%; RS rating >= 80,4
CHALET,-0.0074938999712627526,-0.06246732880292738,0.2251519912562332,-0.3997081080249528,0.8533736153071501,0.0,0.0,0.1820032445676744,0.99305308966156,0.016899911851970022,0.03568809582009269,-0.014279798435689828,-0.025510782513078107,100408358.6,-54.459801969758615,-42.73433569951373,-86.05649106975251,-0.8259622556702977,0.0,37.02179689720517,-4.650000000000002,1.0,17.441860465116278,-0.030000000000001137,20663.0,True,True,41.610056925996204,Hotels & Resorts,Consumer Discretionary,65.0,103,"Uptrend (price > 50 > 150 > 200-day, 200-day rising); Quarterly profit growth >= 25%; Sales growth >= 20% or 2+ strong quarters; ROE >= 20%; RS rating >= 80; Net profit margin up vs a year ago",6
CHAMBLFERT,-0.07158232614626432,-0.17574744295830047,-0.062213270672485166,-0.8380733898931902,0.7592911877394637,0.0,0.0,-0.4308967846791527,0.8713792418604751,0.011783387916889728,0.01810865191146882,-0.0708267496870324,-0.02056041530713037,175231979.55,-4.531669846672304,-11.769671844861252,-34.512983775583535,-0.5872791745432271,0.0,23.24579966798648,0.7899999999999991,1.0,18.764411990776324,-0.240000000000002,20664.0,True,True,17.84629981024668,Fertilizers,Commodities,78.0,103,"Uptrend (price > 50 > 150 > 200-day, 200-day rising); Within 15% of 52-week high; Quarterly profit growth >= 25%; Sales growth >= 20% or 2+ strong quarters; ROE >= 20%; RS rating >= 80",6
CHEMPLASTS,-0.05435556995120086,-0.5586054950751684,-0.3066368078175896,-0.7863618251181825,0.5530594935175088,0.0,0.0,1.5538870839203562,5.676096931805019,0.03367120443521932,0.0965943588894409,0.2355624564857013,-0.0706868709161534,52402889.7,100.0,2.251113737612509,-200.0,-1.2990366387036933,1.0,,-9.77,0.0,-15.954415954415953,-2.3699999999999974,20649.0,True,True,23.763757115749527,Specialty Chemicals,Commodities,40.0,103,"Uptrend (price > 50 > 150 > 200-day, 200-day rising); Within 15% of 52-week high; Sales growth >= 20% or 2+ strong quarters; 3-year profit growth >= 15%/yr; ROE >= 20%; RS rating >= 80; Net profit margin up vs a year ago",7
CHENNPETRO,0.2610591741488448,0.9024038776445928,0.480552581944232,2.0449436374173566,0.9611326378539493,0.0,1.0,1.117979608871091,7.889689849709216,0.04061518701122107,0.14697303834388564,0.16027864534607583,-0.03802979044516604,2298354225.6,100.0,84.77481108516409,-102.8849186986657,1.0446747618725185,4.0,34.11614606194724,4.04,1.0,27.93230713835629,1.290000000000001,20657.0,True,True,92.61290322580645,Refineries & Marketing,Energy,46.0,103,,0
CHOICEIN,-0.018220700952977766,-0.035062135429875685,0.18740734961379424,-0.2572636280992412,0.8410226612434631,0.0,0.0,0.01598864998343337,1.9209982039080788,0.01296416461843485,0.035027100271002753,-0.07084412341326429,-0.02542031132648267,285918705.125,26.29259944655864,32.03904185491433,-0.49657256962540686,1.0427169347916883,6.0,50.40317711078293,-0.8900000000000006,1.0,14.23444976076555,-1.3800000000000008,20675.0,True,True,38.416508538899436,Holding Company,Financial Services,69.0,103,"Uptrend (price > 50 > 150 > 200-day, 200-day rising); Within 15% of 52-week high; ROE >= 20%; RS rating >= 80; Net profit margin up vs a year ago",5
CHOLAFIN,-0.014691836700439926,0.1553684739586605,0.31998277347114557,-0.050892321480429326,0.8013828425096031,0.0,0.0,-0.4217241768364364,1.298200725508099,0.017846615513599794,0.020119013884953185,-0.13365815846298645,-0.05220103596815144,2195391872.7,45.531990836260825,21.87331425111467,14.913254809711194,7.824593015040451,2.0,26.915380395833786,3.039999999999999,1.0,17.181036180970516,0.29999999999999716,20642.0,True,True,39.54364326375711,Non Banking Financial Company (NBFC),Financial Services,41.0,103,"Uptrend (price > 50 > 150 > 200-day, 200-day rising); Within 15% of 52-week high; ROE >= 20%; RS rating >= 80",4
CHOLAHLDNG,-0.08499726321343477,-0.21246064109843588,0.0685670261941449,-0.7630001108132153,0.6796027131782946,0.0,0.0,-0.20854202921573828,1.4136162569997275,0.01522531525706478,0.025408878504673105,-0.0732335144977806,-0.03558821395850791,216045210.3,42.04603168927632,19.54805772606796,22.70209676739383,4.868788128324618,1.0,25.829591397697428,2.5500000000000007,1.0,35.49242914455804,-0.00999999999999801,20657.0,True,True,13.43168880455408,Investment Company,Financial Services,96.0,103,"Uptrend (price > 50 > 150 > 200-day, 200-day rising); Within 15% of 52-week high; Sales growth >= 20% or 2+ strong quarters; RS rating >= 80",4
CIEINDIA,-0.04152397641960426,-0.049457326097681165,-0.17598631455148073,-0.2146485623655152,0.7199619771863117,0.0,0.0,0.04416962230785475,0.6456371426891565,0.018577146005098764,0.026343799893560282,-0.04112988170474796,-0.0162200251482828,101223697.57499999,15.523304468009336,10.618404390038005,-4.989038890749953,1.5116580419209835,0.0,6.23051039270055,0.379999999999999,1.0,11.100683737766456,-0.45000000000000284,20656.0,True,True,29.21157495256167,Auto Components & Equipments,Consumer Discretionary,18.0,103,"Uptrend (price > 50 > 150 > 200-day, 200-day rising); Within 15% of 52-week high; Quarterly profit growth >= 25%; Sales growth >= 20% or 2+ strong quarters; 3-year profit growth >= 15%/yr; ROE >= 20%; RS rating >= 80",7
CIPLA,-0.028712963768872096,-0.06922043010752688,0.15330169039886732,-0.5167290507602003,0.793305439330544,0.0,0.0,-0.3174533142777261,1.1152086098574119,0.00981347295109656,0.013475699558173737,-0.059385170149795385,-0.01862926106318363,1167483239.0,-39.18898221673227,2.3257017277832137,16.144677900959323,-1.2195009890332347,0.0,3.3395531019956737,-7.529999999999999,1.0,11.216310408921933,0.28999999999999204,20657.0,True,True,34.18975332068311,Pharmaceuticals,Healthcare,26.0,103,"Uptrend (price > 50 > 150 > 200-day, 200-day rising); Within 15% of 52-week high; Quarterly profit growth >= 25%; Sales growth >= 20% or 2+ strong quarters; 3-year profit growth >= 15%/yr; ROE >= 20%; RS rating >= 80; Net profit margin up vs a year ago",8
CLEAN,-0.03790054483813674,-0.24330316742081448,0.20378635185718386,-0.818922954801412,0.7343862815884477,0.0,0.0,0.8199329527946231,0.7509123035755754,0.01857985115281292,0.029194798699675006,0.0018209329726763812,-0.026129982719216467,230393262.05,4.701039326157397,10.524148721538262,26.05150349279528,0.31641508577477173,0.0,-7.166381959582613,-1.5200000000000031,1.0,14.520202020202019,-0.9200000000000017,20666.0,True,True,30.338709677419356,Specialty Chemicals,Commodities,40.0,103,"Uptrend (price > 50 > 150 > 200-day, 200-day rising); Within 15% of 52-week high; Quarterly profit growth >= 25%; Sales growth >= 20% or 2+ strong quarters; 3-year profit growth >= 15%/yr; ROE >= 20%; RS rating >= 80; Net profit margin up vs a year ago",8
CMSINFO,-0.13493264512930267,-0.35051353874883284,-0.15553243149497054,-1.468253407234101,0.5552250190694127,0.0,0.0,-0.07300549997333779,1.1177640045306938,0.01909428513237653,0.04252837468036419,-0.11148056462913869,-0.027663695421489973,153932833.52999997,-10.635784126862568,1.1619196378763519,9.765827993299027,-0.6852208880504248,0.0,-1.3584882915242957,-1.7400000000000002,1.0,12.453760789149198,-1.4399999999999977,20675.0,True,True,3.381404174573055,Diversified Commercial Services,Services,55.0,103,"Uptrend (price > 50 > 150 > 200-day, 200-day rising); Within 15% of 52-week high; Quarterly profit growth >= 25%; Sales growth >= 20% or 2+ strong quarters; 3-year profit growth >= 15%/yr; ROE >= 20%; RS rating >= 80; Net profit margin up vs a year ago",8
COALINDIA,0.009023372432026468,0.0696626319855782,-0.09618104667609617,0.28478234162906335,0.843765903307888,0.0,0.0,0.632386077291378,0.8905996294827013,0.012534940726657678,0.03207137689896311,-0.00045576323461671286,-0.013544357224922386,2576153444.25,0.6677140744993038,7.77181308132493,-13.03345494474435,0.040076311285566206,0.0,0.051267049199599235,-1.3500000000000014,1.0,26.087723128075098,1.4299999999999997,20661.0,True,True,48.46679316888046,Coal,Energy,,103,"Uptrend (price > 50 > 150 > 200-day, 200-day rising); Within 15% of 52-week high; Quarterly profit growth >= 25%; Sales growth >= 20% or 2+ strong quarters; 3-year profit growth >= 15%/yr; RS rating >= 80; Net profit margin up vs a year ago",7
COCHINSHIP,-0.0843972144238439,-0.15400677200902935,0.12384736486993009,-0.7879553027545064,0.6503445774392455,0.0,0.0,-0.13447656058049864,0.9249618462554514,0.020928390334284692,0.04774038821854165,-0.1257971676691918,-0.03622229138612488,1128463470.35,-19.386682679602195,2.397551914204721,-15.66849130488741,-0.7076496224571143,0.0,28.665179535629413,-3.7399999999999984,1.0,12.208411374084795,0.6399999999999988,20679.0,True,True,13.52561669829222,Ship Building & Allied Services,Industrials,,103,"Uptrend (price > 50 > 150 > 200-day, 200-day rising); Within 15% of 52-week high; Quarterly profit growth >= 25%; Sales growth >= 20% or 2+ strong quarters; ROE >= 20%; RS rating >= 80; Net profit margin up vs a year ago",7
COFORGE,0.10211854104954433,0.2709702357943564,0.6167841337485658,0.44985311466175315,0.9015436374431031,0.0,0.0,0.4638133969959324,1.299046768407298,0.023283952719117585,0.04396546795494838,-0.004758284395973034,-0.020464895517103808,3529992030.95,79.41083890182135,49.219846668826264,-52.755250732422425,1.9162798142916513,6.0,38.78076079990278,1.7400000000000002,1.0,18.29715843556674,-19.91000000000001,20661.0,True,True,74.67267552182163,Computers - Software & Consulting,Information Technology,93.0,103,"Uptrend (price > 50 > 150 > 200-day, 200-day rising); ROE >= 20%; RS rating >= 80",3
COHANCE,-0.05675020960013946,-0.47900502053856686,0.5134239310573419,-0.9514915752880673,0.4962139783188974,0.0,0.0,1.0167747097317978,1.2432092220183366,0.021052222310742313,0.05125570776255706,0.01809980038135439,-0.019211849236392343,294570946.29999995,-100.0,-23.12901640239573,-4.956104884324958,-1.0945364043744523,0.0,-47.906543762851825,-20.189999999999998,0.0,3.83533623114293,-0.7899999999999991,20670.0,True,True,22.91840607210626,Pharmaceuticals,Healthcare,26.0,103,"Uptrend (price > 50 > 150 > 200-day, 200-day rising); Within 15% of 52-week high; Quarterly profit growth >= 25%; Sales growth >= 20% or 2+ strong quarters; 3-year profit growth >= 15%/yr; ROE >= 20%; RS rating >= 80; Net profit margin up vs a year ago",8
COLPAL,-0.06777304712432353,-0.17544175982690224,-0.00027326884188660916,-0.8385640016260304,0.7542812996265934,0.0,0.0,-0.19339730844766667,1.312417942260246,0.016438089985038123,0.04211269901646464,-0.07600871939876952,-0.03154938976388048,632548560.0,7.751405949861212,11.801458795308427,4.736049559030042,0.518032684350751,0.0,6.702574850878817,-0.8099999999999987,1.0,83.6489898989899,0.28999999999999915,20679.0,True,True,19.53700189753321,Personal Care,Fast Moving Consumer Goods,75.0,103,"Uptrend (price > 50 > 150 > 200-day, 200-day rising); Within 15% of 52-week high; Quarterly profit growth >= 25%; Sales growth >= 20% or 2+ strong quarters; 3-year profit growth >= 15%/yr; RS rating >= 80; Net profit margin up vs a year ago",7
COMSYN,0.194713505056506,0.9598022635618577,0.9664534656050126,1.3775280932888794,0.8270450221940394,0.0,0.0,0.5755646908308144,0.6428780467129293,0.04427413341820634,0.046245733788395915,-0.04321295581723572,-0.06801030886814666,133092088.60000001,60.89421139553044,20.57231245166278,82.36749830904643,1.368789340178176,1.0,65.44395332637636,2.05,1.0,14.689265536723164,-0.2,20673.0,True,True,87.91650853889944,Packaging,Industrials,34.0,103,"Uptrend (price > 50 > 150 > 200-day, 200-day rising); Within 15% of 52-week high; ROE >= 20%",3
CONCOR,-0.03765467994186935,-0.029237531052933252,0.1277611277611277,-0.5818679218554631,0.7894973070017953,0.0,0.0,0.09541082418164394,0.6447956073390851,0.020857007052781578,0.033596230666803395,-0.11705474762523371,-0.04770486744324551,514760337.5,0.6078738570217901,0.2846357080835693,12.839607879558624,0.06119122754612919,0.0,3.6041596650627117,0.03999999999999915,1.0,9.626825310978909,-0.39000000000000057,20658.0,True,True,30.432637571157493,Logistics Solution Provider,Services,70.0,103,"Uptrend (price > 50 > 150 > 200-day, 200-day rising); Within 15% of 52-week high; Quarterly profit growth >= 25%; Sales growth >= 20% or 2+ strong quarters; 3-year profit growth >= 15%/yr; ROE >= 20%; RS rating >= 80",7
CONCORDBIO,-0.0016973659867209716,-0.11092289353158924,0.3762260852675534,-0.36184221143704015,0.8153633964979612,0.0,0.0,0.45994412469249035,0.831874543675038,0.024058460692467837,0.056879014989293264,-0.06360360757436356,-0.05489715858321959,192024761.64999998,30.960279915682133,26.22677582234423,67.95012672406816,0.4606071595766619,1.0,3.913242314850973,0.8099999999999987,1.0,12.840852751611303,-0.11000000000000298,20644.0,True,True,44.42789373814042,Pharmaceuticals,Healthcare,26.0,103,"Uptrend (price > 50 > 150 > 200-day, 200-day rising); Within 15% of 52-week high; 3-year profit growth >= 15%/yr; ROE >= 20%; RS rating >= 80",5
CONFIPET,0.24790328987615529,0.832888888888889,0.43144741409232923,1.6621294791547148,0.9844420600858369,0.0,1.0,0.44693153378950373,1.479824169510643,0.032290779516660435,0.09904230815856474,0.11915356616606654,-0.021427672006762023,228558982.18,206.06009125042962,116.59637226953481,179.9543826843641,4.3131874585407814,2.0,9.316722698899337,0.76,1.0,6.840620592383639,0.51,20676.0,True,True,92.14326375711575,LPG/CNG/PNG/LNG Supplier,Energy,72.0,103,3-year profit growth >= 15%/yr; ROE >= 20%,2
COROMANDEL,-0.07064728563268127,-0.13388429752066122,0.024627417820526354,-0.7328573958725139,0.6984793917567027,0.0,0.0,-0.340894464604395,4.268523827349448,0.015343216278989644,0.03611773240750349,-0.11333287277101378,-0.05161985022561308,212009489.75,-23.95576063074387,15.938968802805897,26.638385972743333,-0.6944737688004552,0.0,-3.3418369857805885,-2.45,1.0,15.113871635610765,0.21000000000000085,20637.0,True,True,18.22201138519924,Fertilizers,Commodities,78.0,103,"Uptrend (price > 50 > 150 > 200-day, 200-day rising); Within 15% of 52-week high; Quarterly profit growth >= 25%; Sales growth >= 20% or 2+ strong quarters; 3-year profit growth >= 15%/yr; ROE >= 20%; RS rating >= 80; Net profit margin up vs a year ago",8
CORONA,,,0.414303993534918,,0.8903768975745943,0.0,0.0,1.1854702298671125,0.5809761879299896,0.01702886903128635,0.049684693292566307,-0.033834490371479786,-0.03161982711219823,46650331.1,30.129611383627353,21.899347838633343,-13.603557649733734,,8.0,,0.9000000000000004,1.0,24.765729585006692,7.260000000000002,20665.0,True,True,,Pharmaceuticals,Healthcare,26.0,103,"Uptrend (price > 50 > 150 > 200-day, 200-day rising); 3-year profit growth >= 15%/yr; RS rating >= 80",3
COSMOFIRST,0.01710686374335666,0.10472587521767851,0.47838315654130503,-0.0021221541235992535,0.8352911646586346,0.0,0.0,0.5789482262290964,0.3960488988905448,0.017933512615270486,0.019388169733557614,-0.07280583365003235,-0.023258418497784532,50402715.425,25.30172375998585,45.6870367361224,-28.13173397722861,1.3005718273351694,2.0,1.3878450769107875,-0.75,1.0,9.653465346534654,0.6299999999999999,20648.0,True,True,50.90891840607211,Packaging,Industrials,34.0,103,"Uptrend (price > 50 > 150 > 200-day, 200-day rising); Within 15% of 52-week high; 3-year profit growth >= 15%/yr; ROE >= 20%; RS rating >= 80; Net profit margin up vs a year ago",6
CPPLUS,0.3261884488041316,1.9030640231956744,1.0400903133432458,4.993925754762549,0.9703979565040942,1.0,1.0,-0.15768057586122838,1.6566450796489376,0.028495165479848532,0.04997944923962194,0.11921887889230676,-0.052946694192636694,814298298.7,300.0,89.50597265012703,92.2031365688218,2.540755154654762,9.0,,5.7,1.0,19.605753862546617,-0.509999999999998,20648.0,True,True,95.05502846299811,Industrial Products,Industrials,11.0,103,3-year profit growth >= 15%/yr; ROE >= 20%,2
CRAFTSMAN,0.12033711099152787,0.6963833903854739,0.680749096807491,1.430239216680088,0.84990415867989,0.0,0.0,0.6091684868013313,0.9970070976239279,0.020468535306260086,0.035069261792039175,-0.046207228735368755,-0.03063268357412172,427508030.0,98.98415951011081,36.29932735426009,42.495547294571104,1.521285981817302,5.0,19.418548555265012,1.9500000000000002,1.0,11.76470588235294,6.700000000000003,20663.0,True,True,78.42979127134726,Auto Components & Equipments,Consumer Discretionary,18.0,103,"Uptrend (price > 50 > 150 > 200-day, 200-day rising); Within 15% of 52-week high; ROE >= 20%; RS rating >= 80",4
CRAMC,,,0.0624815174686324,,0.6494623655913979,0.0,0.0,-0.7155358108550102,1.3393310347074807,0.01672754323485082,0.025377379129293276,-0.0713662633092571,-0.0212743974575554,66314258.6,23.98043361588933,20.07103328652846,24.872972052358943,,1.0,,1.6400000000000006,1.0,27.38255033557047,-1.2700000000000014,20679.0,True,True,,Asset Management Company,Financial Services,76.0,103,"Uptrend (price > 50 > 150 > 200-day, 200-day rising); Within 15% of 52-week high; Quarterly profit growth >= 25%; 3-year profit growth >= 15%/yr; RS rating >= 80",5
CREDITACC,-0.040926332444054504,0.08032639616709081,0.2223445705573437,-0.18114589923557828,0.7586291309669522,0.0,0.0,-0.2894991742388499,1.1522413032000398,0.019215716021035036,0.04579462303707982,-0.13522111299470507,-0.053045829540496345,292570124.55,300.0,21.91552338179903,0.0,1.44799394106614,3.0,5.302519612744927,23.55,1.0,9.920938536087732,0.6199999999999974,20658.0,True,True,29.49335863377609,Microfinance Institutions,Financial Services,61.0,103,"Uptrend (price > 50 > 150 > 200-day, 200-day rising); Within 15% of 52-week high; 3-year profit growth >= 15%/yr; ROE >= 20%; RS rating >= 80",5
CRISIL,0.034084500420488766,0.04819697895747854,0.26083075145722834,-0.05769646732743616,0.8902643684969103,0.0,0.0,0.7824901856130906,0.611241902662082,0.016655117318587192,0.02889380530973451,-0.012128921217878452,-0.013852018838674846,163798271.0,26.184925881018508,27.563996109226373,-19.691284158779297,2.0984610666983006,2.0,13.659843928140635,-0.22000000000000242,1.0,25.25552258489944,-0.46000000000000085,20655.0,True,True,57.20208728652751,Other Financial Services,Financial Services,,103,"Uptrend (price > 50 > 150 > 200-day, 200-day rising); 3-year profit growth >= 15%/yr; RS rating >= 80; Net profit margin up vs a year ago",4
CRIZAC,-0.13241166789594475,-0.4690626035110964,-0.17938872677008144,-1.043303082505305,0.5012312312312313,0.0,0.0,0.3813710888434169,0.5617937428634121,0.02217226903354244,0.06037619488128265,-0.057953018997844,-0.03453806466645567,35962658.235,0.812678510440823,-3.9753746301422144,-48.40884931982661,0.013780742565135926,0.0,,1.0899999999999999,1.0,37.43589743589744,-0.9499999999999993,20668.0,True,True,3.7571157495256164,Internet & Catalogue Retail,Consumer Discretionary,95.0,103,"Uptrend (price > 50 > 150 > 200-day, 200-day rising); Within 15% of 52-week high; Quarterly profit growth >= 25%; Sales growth >= 20% or 2+ strong quarters; 3-year profit growth >= 15%/yr; RS rating >= 80",6
CROMPTON,-0.09602814883294584,-0.2085816448152562,-0.011820733055531885,-0.9456555059914491,0.6785829307568437,0.0,0.0,-0.7099273088849389,1.2733692780985308,0.019220773104114477,0.04341391218549595,-0.10876531637773801,-0.03479959303518403,554215595.6,15.088605641537356,11.841591689268306,46.32434913100232,0.5227091919731959,0.0,-0.4454084485224663,0.17999999999999972,1.0,-7.785642062689585,-0.25,20644.0,True,True,10.238140417457306,Household Appliances,Consumer Discretionary,99.0,103,"Uptrend (price > 50 > 150 > 200-day, 200-day rising); Within 15% of 52-week high; Quarterly profit growth >= 25%; Sales growth >= 20% or 2+ strong quarters; 3-year profit growth >= 15%/yr; ROE >= 20%; RS rating >= 80",7
CSBBANK,-0.04945454151212725,-0.10366934933842586,-0.12093645484949833,-0.354192763240905,0.533600278551532,0.0,0.0,0.28118208802820516,0.934100984530881,0.023339508331833028,0.10933018390416738,-0.056089531370779655,-0.04160548775273814,133546342.60000002,26.600565474580407,23.668991488462332,20.75478673136608,1.8659929431681566,1.0,5.569210364826516,0.2699999999999996,1.0,12.931562819203268,-0.35999999999999943,20679.0,True,True,25.830170777988616,Private Sector Bank,Financial Services,25.0,103,"Uptrend (price > 50 > 150 > 200-day, 200-day rising); Within 15% of 52-week high; 3-year profit growth >= 15%/yr; ROE >= 20%; RS rating >= 80",5
CUB,0.08658749642580804,0.49363964306056585,0.25604044704630113,1.033441447191055,0.8925858951175407,0.0,0.0,0.3120150991368624,2.5768668478012113,0.024395492729083267,0.051835652133451315,-0.002072949491736531,-0.02705445237005647,506399754.19500005,25.012321395327675,23.649966050593974,0.1437299066231006,4.13425352523081,2.0,14.299704697019177,0.21000000000000085,1.0,12.550875532418363,-0.6099999999999923,20679.0,True,True,70.35199240986717,Private Sector Bank,Financial Services,25.0,103,"Uptrend (price > 50 > 150 > 200-day, 200-day rising); 3-year profit growth >= 15%/yr; ROE >= 20%; RS rating >= 80",4
CUMMINSIND,0.022446228117097674,0.2605778378649042,0.07166421897281983,0.7651191185574361,0.7987213114754098,0.0,0.0,-0.7309949021111587,1.9202196211113254,0.013689448399827402,0.025892857142857162,-0.05589412186449383,-0.02011608242509245,2002220439.0,2.523010835264783,17.861099070461872,-15.500596513695774,0.2505950525523088,0.0,20.799450238082116,-2.66,1.0,27.870206489675514,0.04999999999999716,20645.0,True,True,52.69354838709677,"Compressors, Pumps & Diesel Engines",Industrials,60.0,103,"Uptrend (price > 50 > 150 > 200-day, 200-day rising); Within 15% of 52-week high; Quarterly profit growth >= 25%; Sales growth >= 20% or 2+ strong quarters; RS rating >= 80; Net profit margin up vs a year ago",6
CUPID,0.7854748680020966,5.438153706230104,2.1976284584980235,11.552843546199126,0.9969565217391304,1.0,1.0,0.7754718065404167,2.529758759028174,0.033092381687844556,0.08884688090737236,0.24815924182173532,-0.0796686305351985,6841572670.275,194.18838358938822,158.7290969899666,-20.858897948085314,2.482918253112074,5.0,73.46264729268852,3.4399999999999977,1.0,24.0,3.33,20672.0,True,True,99.0,Personal Care,Fast Moving Consumer Goods,75.0,103,,0
CYIENT,0.07979479349789158,-0.040243902439024426,0.35497755641640527,-0.08402140785302759,0.9124386252045826,0.0,0.0,1.3093066818517827,2.2358889027603697,0.024184438273555153,0.043020941912252475,0.11628931415785226,-0.02370192148417129,424882047.65,-30.860324183886,21.258324570627394,24.984073993361022,-1.2515307479496098,0.0,-9.60954058231085,-3.9499999999999993,1.0,8.148539246744106,-1.490000000000002,20657.0,True,True,69.03700189753322,IT Enabled Services,Information Technology,50.0,103,"Uptrend (price > 50 > 150 > 200-day, 200-day rising); Quarterly profit growth >= 25%; 3-year profit growth >= 15%/yr; ROE >= 20%; RS rating >= 80; Net profit margin up vs a year ago",6
CYIENTDLM,0.4572922202692244,1.0597283980290833,1.9539813857290587,2.983095906249355,0.9740304538510817,1.0,1.0,0.6803353408662578,2.1025079993607174,0.03628112998219151,0.12815623736060555,0.21241638031819932,-0.029948020851315912,415607775.1,118.41123013313997,34.25277448550803,146.1040479301939,1.0489562424406782,1.0,38.69637379667839,1.6800000000000002,1.0,7.213438735177865,1.9699999999999989,20655.0,True,True,98.43643263757116,Aerospace & Defense,Industrials,19.0,103,ROE >= 20%,1
DABUR,-0.06885649767265219,-0.22714821953941366,-0.07928450568044476,-0.9752588509454968,0.7182584269662922,0.0,0.0,-0.5804002001790679,1.190996277094196,0.01153000722171202,0.027824730204134562,-0.028022746624498218,-0.013006061301561851,730348658.0,15.308114934117523,10.568410787821115,-0.48871931743461516,1.6496466175102324,0.0,4.4867026052785475,0.6400000000000006,1.0,16.36745774586216,-0.17999999999999972,20641.0,True,True,18.785578747628083,Personal Care,Fast Moving Consumer Goods,75.0,103,"Uptrend (price > 50 > 150 > 200-day, 200-day rising); Within 15% of 52-week high; Quarterly profit growth >= 25%; Sales growth >= 20% or 2+ strong quarters; 3-year profit growth >= 15%/yr; ROE >= 20%; RS rating >= 80",7
DALBHARAT,-0.0677777127141285,-0.21531422419593604,-0.06723898901567671,-0.9377350014326808,0.7069701280227595,0.0,0.0,0.39683444072754265,0.5199777671936837,0.015668383910966078,0.04021732711273862,-0.07828999499834222,-0.02497649703967858,168696243.0,-13.944077218737993,6.98569856985698,-5.620325150517413,-0.4037991283561015,0.0,-0.469447201440254,-2.0599999999999987,1.0,6.4352856109906,-0.6400000000000006,20658.0,True,True,19.443074003795065,Cement & Cement Products,Commodities,102.0,103,"Uptrend (price > 50 > 150 > 200-day, 200-day rising); Within 15% of 52-week high; Quarterly profit growth >= 25%; Sales growth >= 20% or 2+ strong quarters; 3-year profit growth >= 15%/yr; ROE >= 20%; RS rating >= 80; Net profit margin up vs a year ago",8
DALMIASUG,0.11758827774917414,0.2607445738105505,0.14908947988995158,0.6146336413063104,0.8608653846153845,0.0,1.0,1.0854759463526091,1.5308218049087126,0.03836629873992395,0.08432064532392225,0.049378085544298234,-0.04828532178572064,120979045.19999999,-82.48912391216182,-9.85141569594422,-34.58367473580604,-0.5670151399632714,0.0,-12.876255386604463,-3.36,1.0,7.279457125231338,-0.04999999999999993,20672.0,True,True,77.67836812144213,Sugar,Fast Moving Consumer Goods,9.0,103,Quarterly profit growth >= 25%; Sales growth >= 20% or 2+ strong quarters; 3-year profit growth >= 15%/yr; ROE >= 20%; RS rating >= 80; Net profit margin up vs a year ago,6
DAMCAPITAL,-0.07229279542425102,-0.3930127345844504,0.057124097176625144,-0.8432820472206625,0.5200699300699301,0.0,0.0,0.9690416763928862,0.8887123304861011,0.027543670583283195,0.1482124764799535,0.014448075863310761,-0.05218968173420075,30844738.32,-35.47271745002703,-3.209076175040526,61.600572466430656,-0.003493313194533537,0.0,,-0.25,1.0,21.987951807228914,-1.4000000000000004,20676.0,True,True,17.47058823529412,Stockbroking & Allied,Financial Services,17.0,103,"Uptrend (price > 50 > 150 > 200-day, 200-day rising); Within 15% of 52-week high; Quarterly profit growth >= 25%; Sales growth >= 20% or 2+ strong quarters; 3-year profit growth >= 15%/yr; RS rating >= 80; Net profit margin up vs a year ago",7
DATAMATICS,-0.035508228219028326,-0.10663396402709657,0.0911554921540656,-0.26183548112994737,0.7562376237623762,0.0,0.0,0.636946200826937,1.1835417742042489,0.018780681680850946,0.04743687834736021,-0.04963829517204321,-0.02553325508070199,50823483.875,43.69335008757209,9.913166224655656,10.623963979018548,1.9431281683631116,4.0,8.90284541636519,3.3100000000000005,1.0,12.629533678756477,0.010000000000000009,20670.0,True,True,31.93548387096774,IT Enabled Services,Information Technology,50.0,103,"Uptrend (price > 50 > 150 > 200-day, 200-day rising); Within 15% of 52-week high; 3-year profit growth >= 15%/yr; ROE >= 20%; RS rating >= 80",5
DATAPATTNS,0.11379607281952664,0.8041237113402062,0.4617272930149521,1.310564557901552,0.8466799999999999,0.0,0.0,0.10868297532311222,0.503033339961674,0.03159487471595928,0.0743879062472772,-0.06072265825205769,-0.024821063394372976,2157113994.5,-13.49402508297608,16.812644719621474,-34.81399462873971,-0.19649800710331672,0.0,25.858302653678102,-6.66,1.0,15.610599078341014,0.33000000000000185,20679.0,True,True,76.92694497153701,Aerospace & Defense,Industrials,19.0,103,"Uptrend (price > 50 > 150 > 200-day, 200-day rising); Within 15% of 52-week high; Quarterly profit growth >= 25%; Sales growth >= 20% or 2+ strong quarters; ROE >= 20%; RS rating >= 80; Net profit margin up vs a year ago",7
DBL,-0.03795458843087114,-0.18346568926898799,-0.0017425939756036124,-0.4785101820016945,0.7604050538833147,0.0,0.0,0.3151257663663254,0.7908451436396343,0.02211940145818678,0.041998285784253575,-0.015243572313726417,-0.02063294177791811,53206664.55,-6.295903901468758,-9.25681400123648,44.80098003126585,-0.07276347278224822,0.0,27.604011970131136,0.16999999999999993,1.0,20.471518523942013,0.03999999999999915,20675.0,True,True,30.244781783681212,Civil Construction,Industrials,90.0,103,"Uptrend (price > 50 > 150 > 200-day, 200-day rising); Within 15% of 52-week high; Quarterly profit growth >= 25%; Sales growth >= 20% or 2+ strong quarters; RS rating >= 80",5
DBREALTY,-0.13591502141719286,-0.3660300389393658,0.11634740966478008,-0.8783601160173806,0.5373396272089083,0.0,0.0,-0.6254437875960537,1.2984994909799328,0.020097302793450348,0.04997413347128821,-0.14528680397524896,-0.04162705684745081,83500984.52,-100.0,-86.81589375602442,200.0,-0.017998220433751322,0.0,-56.83072893695951,-1.79,0.0,0.659985333659252,-0.1800000000000006,20679.0,True,True,3.2874762808349143,"Residential, Commercial Projects",Consumer Discretionary,66.0,103,"Uptrend (price > 50 > 150 > 200-day, 200-day rising); Within 15% of 52-week high; Quarterly profit growth >= 25%; Sales growth >= 20% or 2+ strong quarters; 3-year profit growth >= 15%/yr; ROE >= 20%; RS rating >= 80; Net profit margin up vs a year ago",8
DCAL,-0.11957697587082382,-0.354745605920444,0.18103623433796123,-0.8193094611332588,0.4982352941176471,0.0,0.0,-0.24396183072900451,1.4637180767175049,0.022547126168010967,0.051878354203935606,-0.12758759601915337,-0.05092130703160928,33550675.71,-100.0,-4.294894428359575,-40.49731041410023,-1.1204050824211864,0.0,-16.12551654216886,-11.82,0.0,1.4527482402276473,-0.16000000000000014,20679.0,True,True,6.011385199240987,Pharmaceuticals,Healthcare,26.0,103,"Uptrend (price > 50 > 150 > 200-day, 200-day rising); Within 15% of 52-week high; Quarterly profit growth >= 25%; Sales growth >= 20% or 2+ strong quarters; 3-year profit growth >= 15%/yr; ROE >= 20%; RS rating >= 80; Net profit margin up vs a year ago",8
DCBBANK,0.1358577322098152,0.7924482338611449,0.29344896285011135,1.5783753552769815,0.8568568994889267,0.0,0.0,0.5841484497565075,0.9971716942227477,0.021817330449295298,0.03723284081153144,-0.019847610881596256,-0.04480435210699767,221710293.72,35.53778432350059,9.414580082378965,19.475995563472416,6.362400894891853,1.0,16.710738279043724,2.0700000000000003,1.0,11.201224177505738,0.3200000000000074,20679.0,True,True,81.24762808349146,Private Sector Bank,Financial Services,25.0,103,"Uptrend (price > 50 > 150 > 200-day, 200-day rising); Sales growth >= 20% or 2+ strong quarters; ROE >= 20%",3
DCMSHRIRAM,-0.04654850271105773,-0.11862211862211858,-0.09989419855404691,-0.49210542535209856,0.6879347054648687,0.0,0.0,0.6213047599306276,5.958098107663199,0.024595705015121132,0.15184429619010853,-0.04012881465365714,-0.03789288643646266,81002704.65,300.0,9.268496065188803,206.5447914362751,8.92088638763107,2.0,24.373674771142582,13.88,1.0,11.099585062240664,-0.1800000000000015,20657.0,True,True,27.05123339658444,Diversified,Diversified,81.0,103,"Uptrend (price > 50 > 150 > 200-day, 200-day rising); Within 15% of 52-week high; ROE >= 20%; RS rating >= 80",4
DCW,-0.06486146876610357,-0.3316860465116279,0.10768489520597435,-0.6740881456135128,0.6445366528354081,0.0,0.0,0.49755175191334905,0.9279257055653809,0.023149328743843355,0.05608093248295587,0.01053471598770006,-0.03624145842999805,48904744.14999999,202.96055029793192,13.966351209253403,142.05885377072966,2.048251103419864,2.0,-15.167191913049438,3.98,1.0,4.465116279069767,-0.5599999999999996,20679.0,True,True,20.38235294117647,Petrochemicals,Commodities,30.0,103,"Uptrend (price > 50 > 150 > 200-day, 200-day rising); Within 15% of 52-week high; 3-year profit growth >= 15%/yr; ROE >= 20%; RS rating >= 80",5
DCXINDIA,-0.10631670932831466,-0.28853771597134426,0.012230949097667754,-0.7192815614396445,0.6230465666929755,0.0,0.0,-0.22361083817109859,0.7884688549696687,0.015590318035045599,0.02866789077770515,-0.07586261797560778,-0.015048859002031999,56281051.11,-100.0,-53.57850198055456,0.0,-1.804109593018828,0.0,-40.49301205650262,-10.23,0.0,-0.5287508261731658,0.6699999999999999,20677.0,True,True,8.077798861480076,Aerospace & Defense,Industrials,19.0,103,"Uptrend (price > 50 > 150 > 200-day, 200-day rising); Within 15% of 52-week high; Quarterly profit growth >= 25%; Sales growth >= 20% or 2+ strong quarters; 3-year profit growth >= 15%/yr; ROE >= 20%; RS rating >= 80; Net profit margin up vs a year ago",8
DEEDEV,0.2630692762677307,1.4658175688331148,1.1934355214928356,2.421420109013107,0.8211842105263158,0.0,0.0,0.03369107147462549,1.3684702149925532,0.029179376598816975,0.04992542585760251,-0.04053696722974853,-0.03782056038804905,120470543.85,22.40478512204911,31.596353235609588,39.762050198698205,0.16807689563977285,1.0,,-0.41000000000000014,1.0,8.651685393258427,5.869999999999999,20669.0,True,True,92.89468690702087,Industrial Products,Industrials,11.0,103,"Uptrend (price > 50 > 150 > 200-day, 200-day rising); Within 15% of 52-week high; Quarterly profit growth >= 25%; 3-year profit growth >= 15%/yr; ROE >= 20%; Net profit margin up vs a year ago",6
DEEPAKFERT,0.005870383692029756,-0.09241737739872069,0.38488129734126386,-0.13675622550704597,0.8419988102320048,0.0,0.0,0.11989061080632853,2.4399317458095116,0.021458003325511902,0.06773522385759412,-0.010236091628334498,-0.024010546341447184,306924980.5,101.00586784956774,22.473342736248235,150.84109757195137,2.12791101674955,1.0,3.098642795403972,5.880000000000001,1.0,10.797779076563414,1.1600000000000001,20664.0,True,True,47.33965844402277,Commodity Chemicals,Commodities,42.0,103,"Uptrend (price > 50 > 150 > 200-day, 200-day rising); Within 15% of 52-week high; 3-year profit growth >= 15%/yr; ROE >= 20%; RS rating >= 80",5
DEEPAKNTR,-0.02882719382163699,-0.06609947643979053,0.23371757925072045,-0.5178356214501885,0.8187470361979029,0.0,0.0,0.5389638386254496,0.7435041647277866,0.01753473677340901,0.04248496993987971,-0.07057838387463367,-0.027109070093320954,405281527.20000005,207.2210452996534,36.389612038859596,198.63556197767264,4.027867510472473,1.0,1.077100019893007,7.44,1.0,9.43978070926846,0.34999999999999787,20650.0,True,True,34.00189753320683,Specialty Chemicals,Commodities,40.0,103,"Uptrend (price > 50 > 150 > 200-day, 200-day rising); Within 15% of 52-week high; 3-year profit growth >= 15%/yr; ROE >= 20%; RS rating >= 80",5
DEEPINDS,0.29391191358500657,0.6289353769676886,0.7645277092214495,1.381565987443759,0.9643636363636364,0.0,1.0,0.9367830647521338,1.2179121499194576,0.03504432074575065,0.06228720208291594,0.1321753534134602,-0.024953294804351107,319298411.75,44.465321078318176,39.809523809523824,-255.53467892168183,0.5318415206146564,5.0,61.04770438513576,1.0300000000000011,1.0,9.854927463731865,0.06000000000000005,20662.0,True,True,93.92789373814041,Oil Equipment & Services,Energy,,103,ROE >= 20%,1
DELHIVERY,-0.052904124928897185,0.04091839054330526,0.05047029135122738,-0.3045946435731989,0.7598282442748091,0.0,0.0,0.01776392626185406,1.8508237341561202,0.01660180818931186,0.024294478527607355,-0.10984370004538535,-0.03239614517588662,1020100581.3,-64.92332752838969,27.756320836965998,-62.750807550816184,-0.8177748949165802,0.0,,-2.88,1.0,1.5794363580055746,0.5,20673.0,True,True,24.89089184060721,Logistics Solution Provider,Services,70.0,103,"Uptrend (price > 50 > 150 > 200-day, 200-day rising); Within 15% of 52-week high; Quarterly profit growth >= 25%; 3-year profit growth >= 15%/yr; ROE >= 20%; RS rating >= 80; Net profit margin up vs a year ago",7
DELTACORP,0.09044165657558956,-0.2766176849703532,0.019622093023255793,0.11461858870946288,0.929683972911964,1.0,0.0,0.7762725177433584,18.218331430684046,0.036515803218028775,0.16262928688078393,0.30377250380669296,-0.12645261502411173,50009537.01,219.51468072976058,-8.481294456208921,248.3648838670427,2.515406877911134,1.0,-17.348092750298672,39.86,1.0,3.774422735346359,-0.43000000000000016,20676.0,True,True,71.66698292220113,Amusement Parks/ Other Recreation,Consumer Discretionary,38.0,103,"Uptrend (price > 50 > 150 > 200-day, 200-day rising); Sales growth >= 20% or 2+ strong quarters; 3-year profit growth >= 15%/yr; ROE >= 20%; RS rating >= 80",5
DEVYANI,-0.007550711156213245,-0.18036838698287527,0.3930786157231445,-0.6155521794857223,0.7466712979043648,0.0,0.0,0.7439918766760852,0.28515627298032675,0.023915129725060044,0.023294247265286838,-0.04880462662373586,-0.043789171238114516,340341971.585,300.0,16.47420355645297,0.0,0.5100668059492868,2.0,,0.9000000000000001,1.0,-2.7885862516212714,0.19000000000000128,20658.0,True,True,41.516129032258064,Restaurants,Consumer Discretionary,71.0,103,"Uptrend (price > 50 > 150 > 200-day, 200-day rising); Within 15% of 52-week high; 3-year profit growth >= 15%/yr; ROE >= 20%; RS rating >= 80",5
DHAMPURSUG,0.14883684539053646,0.24648568240981783,0.18656188048711408,1.0347161447251179,0.9449779911964786,0.0,1.0,0.38569732364403625,3.473788381688173,0.030310776695613294,0.06762793327678818,0.14143746684502356,-0.058790266129197834,115002910.66499999,300.0,5.983660005369962,306.8462322490022,0.29748851004926785,1.0,-24.554730105857413,0.93,1.0,5.430242272347535,-0.15000000000000036,20665.0,True,True,83.03225806451613,Sugar,Fast Moving Consumer Goods,9.0,103,Sales growth >= 20% or 2+ strong quarters; 3-year profit growth >= 15%/yr; ROE >= 20%,3
DIFFNKG,0.10175404993378472,0.31989994441356306,0.7094417047622474,0.5430883714966923,0.8710328909405656,0.0,1.0,0.34190357436273006,1.1979933731155312,0.037253509374621616,0.05846153846153834,0.06224021617767117,-0.022687270075457476,52665383.3,36.04536513280225,36.494359737200945,13.310555808702016,2.946287408996293,3.0,,-0.049999999999998934,1.0,12.345679012345679,0.5999999999999996,20676.0,True,True,74.57874762808349,Other Industrial Products,Industrials,7.0,103,3-year profit growth >= 15%/yr; ROE >= 20%; RS rating >= 80; Net profit margin up vs a year ago,4
DIVGIITTS,0.14812925896443324,0.8372110309968037,0.9165632754342432,1.342719103686619,0.8218529102120621,0.0,0.0,0.651478760722153,0.8405861484690492,0.03239371227022359,0.05543045210462494,-0.0460703755492361,-0.03387139099606649,126627759.45,182.53088454482906,91.3225446428571,-6.712983878161481,2.933090643173912,5.0,8.599667842980097,5.939999999999998,1.0,7.4015748031496065,0.08000000000000185,20679.0,True,True,82.75047438330171,Auto Components & Equipments,Consumer Discretionary,18.0,103,"Uptrend (price > 50 > 150 > 200-day, 200-day rising); Within 15% of 52-week high; 3-year profit growth >= 15%/yr; ROE >= 20%",4
DIVISLAB,0.20636425963470229,0.5971917507678806,0.5633052740079023,2.8256408006313944,0.9843942505133471,1.0,1.0,0.5555983327838776,1.1006327682923087,0.01822781593496512,0.03849499782514143,0.07308337996642411,-0.016663795593543456,4446234800.0,65.55888133807792,27.800829875518662,52.10823003452671,5.933998581109486,1.0,26.380805542680406,6.68,1.0,15.32128154644711,0.060000000000002274,20650.0,True,True,89.04364326375712,Pharmaceuticals,Healthcare,26.0,103,ROE >= 20%,1
DIXON,-0.02822395238148743,-0.1461805971939082,0.4228617106314949,-0.5628142548138114,0.7440159954298772,0.0,0.0,-0.16145098858835136,0.7743778912251683,0.017872287441978642,0.026528258362168433,-0.06348377707117214,-0.018570958659824516,4158395542.5,156.7038085567434,21.128636938030464,143.3731320115342,3.0657280848939834,1.0,95.97232027039428,2.44,1.0,35.15073765234125,-0.18999999999999773,20665.0,True,True,34.37760910815939,Consumer Electronics,Consumer Discretionary,77.0,103,"Uptrend (price > 50 > 150 > 200-day, 200-day rising); Within 15% of 52-week high; RS rating >= 80",3
DLF,-0.002165472489665324,-0.05573634286505569,0.288548752834467,-0.3012655796282517,0.8340750158931977,0.0,0.0,0.05420707851435521,1.7691214673688456,0.017254334232303853,0.03215926493108734,-0.011792211235440497,-0.023956908817895355,1993778490.0,4.112517899651635,-52.87149850922075,7.3340029440380095,0.09240688983898525,0.0,27.195432096402094,33.94,1.0,9.709058122402304,-0.14000000000000057,20648.0,True,True,44.146110056926,"Residential, Commercial Projects",Consumer Discretionary,66.0,103,"Uptrend (price > 50 > 150 > 200-day, 200-day rising); Within 15% of 52-week high; Quarterly profit growth >= 25%; Sales growth >= 20% or 2+ strong quarters; ROE >= 20%; RS rating >= 80",6
DMART,-0.05474734554390204,-0.16775204750656736,-0.17166523850328486,-0.7905027760504061,0.7829457364341085,0.0,0.0,-0.29459571454572564,4.659580761122368,0.015194021794498976,0.015303150648662944,-0.054143273881711695,-0.023832469445141634,1621871621.25,11.475547394626084,14.883096878304602,-7.7540191573466615,1.591986286467445,0.0,8.49936719737907,-0.13999999999999968,1.0,12.140287769784171,0.120000000000001,20645.0,True,True,23.669829222011384,Diversified Retail,Consumer Discretionary,54.0,103,"Uptrend (price > 50 > 150 > 200-day, 200-day rising); Within 15% of 52-week high; Quarterly profit growth >= 25%; Sales growth >= 20% or 2+ strong quarters; 3-year profit growth >= 15%/yr; ROE >= 20%; RS rating >= 80; Net profit margin up vs a year ago",8
DOMS,-0.054336847863087734,-0.12116027375457583,-0.04998064432878846,-0.6949972545317518,0.7473321234119783,0.0,0.0,-0.27675732123114455,1.1099790618450882,0.010300568649827237,0.026603001364256418,-0.055951462819004316,-0.012614941698370675,57121189.8,-23.413243023663266,19.24841715871097,-36.95398047787152,-2.4979480400060123,0.0,,-3.76,1.0,19.672131147540984,6.649999999999995,20668.0,True,True,23.857685009487668,Stationary,Fast Moving Consumer Goods,,103,"Uptrend (price > 50 > 150 > 200-day, 200-day rising); Within 15% of 52-week high; Quarterly profit growth >= 25%; Sales growth >= 20% or 2+ strong quarters; 3-year profit growth >= 15%/yr; ROE >= 20%; RS rating >= 80; Net profit margin up vs a year ago",8
DPABHUSHAN,0.3949255897125038,-0.011601901034386297,0.3941246056782335,1.104601873429918,0.96510983152058,1.0,0.0,2.1098676586132195,12.657199784313617,0.04654562059404537,0.19997118570811123,0.5174102828739255,-0.14461040921202162,41616565.099999994,16.53289795365098,-25.50408349994916,-64.70403864777336,0.5560518400662515,0.0,,0.79,1.0,29.71014492753623,-0.09,19136.0,True,True,97.5910815939279,"Gems, Jewellery And Watches",Consumer Discretionary,10.0,103,"Uptrend (price > 50 > 150 > 200-day, 200-day rising); Quarterly profit growth >= 25%; Sales growth >= 20% or 2+ strong quarters; 3-year profit growth >= 15%/yr",4
DREDGECORP,0.08863171129350803,0.7134530560806556,0.27320613367669444,0.7486603762852863,0.723950233281493,0.0,0.0,0.5187856427274593,2.426193349913707,0.024570824133914683,0.024202420242024125,-0.11560244477502502,-0.04414220897054297,92686576.19999999,100.0,46.726387054161165,-161.37756120525745,0.7176745309264215,2.0,-38.638061182616404,12.790000000000001,1.0,0.40650406504065045,-0.9699999999999998,20679.0,True,True,71.29127134724858,Dredging,Services,,103,"Uptrend (price > 50 > 150 > 200-day, 200-day rising); Within 15% of 52-week high; 3-year profit growth >= 15%/yr; ROE >= 20%; RS rating >= 80",5
DRREDDY,-0.023977267244553842,-0.06771423942977473,-0.05485301363113804,-0.1054910406582426,0.8508021768322849,0.0,0.0,0.08921952989129003,2.1235082172567634,0.01264845428913407,0.030701754385964897,0.02088584192976084,-0.020934483782752693,2026841993.8,-69.09680089244074,-5.509735070752797,16.96434937941501,-1.945990682407221,0.0,-12.326074358103522,-11.07,1.0,10.97329251557057,0.5600000000000023,20636.0,True,True,36.44402277039848,Pharmaceuticals,Healthcare,26.0,103,"Uptrend (price > 50 > 150 > 200-day, 200-day rising); Quarterly profit growth >= 25%; Sales growth >= 20% or 2+ strong quarters; 3-year profit growth >= 15%/yr; ROE >= 20%; RS rating >= 80; Net profit margin up vs a year ago",7
DWARKESH,0.055274593060045826,0.16240786240786242,0.007238662976367882,0.3183996519722162,0.7813021702838063,0.0,1.0,0.5968763958768263,1.466763754617915,0.03866681592756007,0.10481099656357373,0.04367373153500309,-0.044670970453627584,112384118.21000001,-49.0457612434036,-8.147757255936671,50.9542387565964,-1.2553684829862,0.0,38.509048428010885,-29.180000000000003,0.0,,-0.1399999999999999,14927.0,True,True,61.804554079696395,Sugar,Fast Moving Consumer Goods,9.0,103,Within 15% of 52-week high; Quarterly profit growth >= 25%; Sales growth >= 20% or 2+ strong quarters; ROE >= 20%; RS rating >= 80; Net profit margin up vs a year ago,6
DYCL,0.09393037040600095,0.23958333333333326,0.8048311323197574,0.21478075944326705,0.7875892857142858,0.0,0.0,0.6408268689543437,0.36467123188930817,0.04065430176917599,0.0510192837465564,-0.01419972597412178,-0.03384136765813628,180434000.575,37.0577175871881,33.22393527705694,34.406064702803945,1.8822976054345688,1.0,37.32954988743482,0.20000000000000018,1.0,18.38074398249453,-0.52,20679.0,True,True,72.13662239089184,Cables - Electricals,Industrials,3.0,103,"Uptrend (price > 50 > 150 > 200-day, 200-day rising); Within 15% of 52-week high; ROE >= 20%; RS rating >= 80",4
DYNAMATECH,0.22290170829583844,0.7248575445866943,0.24668378262730006,2.223386482634204,0.952390866819349,1.0,1.0,0.3304664181565534,2.3500947093152553,0.021745128762231673,0.04799445551416448,0.1628163151865183,-0.05893724368233894,222621909.5,93.11394379644082,14.525651740220535,82.28414581861884,1.3214701868300576,1.0,-0.8822981200768965,1.9899999999999998,1.0,4.030226700251889,0.3599999999999959,20672.0,True,True,90.6404174573055,Industrial Products,Industrials,11.0,103,Sales growth >= 20% or 2+ strong quarters; 3-year profit growth >= 15%/yr; ROE >= 20%,3
EBGNG,0.2259844945522665,0.7743839456986865,0.638283378746594,2.1801161048957827,0.9950340136054422,1.0,1.0,0.44104241246908243,1.4164563167138493,0.03462182170100441,0.07438216766273609,0.17700546377732906,-0.029702238631489374,388583305.7,56.13526020125927,32.0801844498527,-129.3834671620388,1.0823868150840175,9.0,,1.08,1.0,17.41424802110818,4.109999999999999,20664.0,True,True,91.01612903225806,Computers Hardware & Equipments,Information Technology,12.0,103,3-year profit growth >= 15%/yr; ROE >= 20%,2
ECLERX,0.06988634384015943,-0.0587276499061542,0.26759345483570574,-0.13743063779697998,0.7591591591591592,0.0,0.0,0.006496909316254826,0.8394744903614763,0.02892150515145929,0.04514948139109198,0.0045565327964394164,-0.03022949617019533,326197896.4,15.980030206410456,23.305084745762716,-8.375324276097261,1.0837934488101753,0.0,13.680103386778896,-0.9000000000000004,1.0,27.567356501366653,-0.9199999999999946,20670.0,True,True,66.40702087286527,Business Process Outsourcing (BPO)/ Knowledge Process Outsourcing (KPO),Services,13.0,103,"Uptrend (price > 50 > 150 > 200-day, 200-day rising); Within 15% of 52-week high; Quarterly profit growth >= 25%; 3-year profit growth >= 15%/yr; RS rating >= 80; Net profit margin up vs a year ago",6
EDELWEISS,0.06940040243851686,0.23249705642604845,0.26798360044726066,0.5339895702113996,0.9164383561643836,1.0,1.0,0.7239186992627521,1.5822878279755075,0.023807692086598317,0.061633161913666745,0.04340177050775784,-0.03356941078084385,718459551.72,30.916319082440946,3.6893549751742194,47.52083977074489,0.5553966208382061,1.0,18.24873618777221,1.1999999999999993,1.0,14.709063378758383,1.2199999999999989,20671.0,True,True,66.219165085389,Holding Company,Financial Services,69.0,103,Sales growth >= 20% or 2+ strong quarters; ROE >= 20%; RS rating >= 80,3
EFCIL,-0.10032371205261427,-0.3372659304479044,0.014276716355238195,-0.9872272435687346,0.5255995403272145,0.0,0.0,0.08763662661160332,1.4996855868214185,0.021194102598957116,0.028597112197314534,-0.06860491163536464,-0.024287713665803873,42657495.769999996,51.837537564884784,28.8042983334851,8.275414657091652,4.606967446711434,18.0,149.013342395236,3.8000000000000007,1.0,29.120198265179674,1.620000000000001,20663.0,True,True,9.298861480075901,Diversified Commercial Services,Services,55.0,103,"Uptrend (price > 50 > 150 > 200-day, 200-day rising); Within 15% of 52-week high; RS rating >= 80",3
EICHERMOT,-0.010001965910807731,0.09241231209735146,0.15683747725894492,-0.013384382895621515,0.8456865127582017,0.0,0.0,-0.28268571541520554,1.8271992533949566,0.011620446143093,0.014667630057803471,-0.09802264792558169,-0.031042982394205325,2860391643.5,21.365054047811615,31.547609602843394,9.776291290100335,3.135561956033514,1.0,21.767220121902398,-1.8499999999999979,1.0,21.97211155378486,-0.00999999999999801,20661.0,True,True,40.57685009487666,2/3 Wheelers,Consumer Discretionary,47.0,103,"Uptrend (price > 50 > 150 > 200-day, 200-day rising); Within 15% of 52-week high; Quarterly profit growth >= 25%; RS rating >= 80; Net profit margin up vs a year ago",5
EIDPARRY,-0.07340152985610367,-0.22852488151658767,-0.04128834355828215,-1.1420430307700287,0.6257155635062611,0.0,0.0,0.028711046542365455,0.8417694715641315,0.015718086129269802,0.0257949744273962,-0.07618334502052848,-0.012041187429964732,241316430.05,-33.06165560734841,3.4148914819805753,45.89700450888931,-0.8616326087252372,0.0,-1.7189419783640747,-1.88,1.0,15.742642026009582,-1.0699999999999967,20654.0,True,True,17.000948766603415,Other Food Products,Fast Moving Consumer Goods,,103,"Uptrend (price > 50 > 150 > 200-day, 200-day rising); Within 15% of 52-week high; Quarterly profit growth >= 25%; Sales growth >= 20% or 2+ strong quarters; 3-year profit growth >= 15%/yr; ROE >= 20%; RS rating >= 80; Net profit margin up vs a year ago",8
EIEL,-0.06618645802298208,-0.1826240407107974,0.19227776114935624,-0.48277512131936234,0.7273538772025149,0.0,0.0,0.2716074783230544,1.0870537025866134,0.020958507356592746,0.050254841997961375,-0.07009907828613615,-0.04044345331339397,135571034.665,-2.0353216289539677,49.08683380375229,24.444353509652608,-0.0637855676596786,0.0,,-6.57,1.0,15.247364152473642,-0.07999999999999985,20676.0,True,True,20.00664136622391,Water Supply & Management,Utilities,53.0,103,"Uptrend (price > 50 > 150 > 200-day, 200-day rising); Within 15% of 52-week high; Quarterly profit growth >= 25%; 3-year profit growth >= 15%/yr; ROE >= 20%; RS rating >= 80; Net profit margin up vs a year ago",7
EIHOTEL,-0.05301718523461314,-0.20136798905608766,-0.038537549407114735,-0.6266871788248319,0.7162700809276483,0.0,0.0,0.21888883841087498,3.369681981732204,0.019376121522399255,0.060020006668889625,-0.01990923004201328,-0.021401769525704977,43309474.725,-7.532264481019091,14.536769064472255,2.8299294644430937,-0.33286987700813525,0.0,21.1246550526206,-4.370000000000001,1.0,12.48574686431015,-0.07000000000000028,20649.0,True,True,24.70303605313093,Hotels & Resorts,Consumer Discretionary,65.0,103,"Uptrend (price > 50 > 150 > 200-day, 200-day rising); Within 15% of 52-week high; Quarterly profit growth >= 25%; Sales growth >= 20% or 2+ strong quarters; ROE >= 20%; RS rating >= 80; Net profit margin up vs a year ago",7
EIMCOELECO,0.10027105432322078,0.2973470679633998,0.43209249142421546,0.6019135175429675,0.9178647279856234,1.0,1.0,0.790504876985913,2.739803868916099,0.025557310802263734,0.057941924260671795,0.05534788488992426,-0.014723445713107146,46227246.8,51.25010092311009,31.226650062266504,-2.5468655934554434,1.6717977993530742,7.0,50.673738609696414,2.330000000000002,1.0,10.103626943005182,0.08000000000000007,19831.0,True,True,73.63946869070209,Industrial Products,Industrials,11.0,103,ROE >= 20%; RS rating >= 80,2
ELECON,-0.05598230251316201,-0.2225309195196271,0.10763534218590398,-0.4532042417624934,0.7048722044728435,0.0,0.0,1.4381661692635248,0.7401052601292722,0.025491632268210176,0.10949946498632745,0.017539733052919004,-0.05477711726967564,142000900.65,-34.59896717790969,6.113296777218324,16.088474423504955,-0.9823227100850926,0.0,3.998870534501764,-8.410000000000002,1.0,14.793926247288503,1.3699999999999992,20644.0,True,True,23.200189753320682,Heavy Electrical Equipment,Industrials,36.0,103,"Uptrend (price > 50 > 150 > 200-day, 200-day rising); Within 15% of 52-week high; Quarterly profit growth >= 25%; Sales growth >= 20% or 2+ strong quarters; 3-year profit growth >= 15%/yr; ROE >= 20%; RS rating >= 80; Net profit margin up vs a year ago",8
ELECTCAST,-0.01734221599914769,-0.0900097836721383,0.06352432981832035,-0.3030554763405437,0.7952525252525253,0.0,0.0,1.1021528905577158,2.692320183211484,0.019188292534409613,0.0577747062888736,0.044408243834104466,-0.02641324848673441,109318274.22,-45.76106106015779,-8.481790343393115,44.75234854926048,-0.40948065373296405,0.0,-18.694747137610612,-2.3299999999999996,1.0,2.7177582714382176,-2.790000000000001,20672.0,True,True,38.60436432637571,Iron & Steel Products,Industrials,16.0,103,"Uptrend (price > 50 > 150 > 200-day, 200-day rising); Within 15% of 52-week high; Quarterly profit growth >= 25%; Sales growth >= 20% or 2+ strong quarters; 3-year profit growth >= 15%/yr; ROE >= 20%; RS rating >= 80; Net profit margin up vs a year ago",8
ELGIEQUIP,0.059679972141121425,0.34725136382710864,0.3379870806418004,0.7951009620808296,0.9214110805019896,0.0,0.0,0.7155561942062708,0.8058216837087724,0.018829955995365907,0.02738917916736905,-0.005822555715550237,-0.014812904107068786,204803020.65,26.898412658373296,22.556824737510084,1.4223328814410046,1.9793333369874138,4.0,6.6400741771706295,0.34999999999999964,1.0,19.265232974910393,0.7399999999999949,20656.0,True,True,62.837760910815945,"Compressors, Pumps & Diesel Engines",Industrials,60.0,103,"Uptrend (price > 50 > 150 > 200-day, 200-day rising); 3-year profit growth >= 15%/yr; ROE >= 20%; RS rating >= 80",4
ELLEN,0.08477521902940614,-0.3075639019300991,0.6045353447442221,-0.4565030707335015,0.7553696819496076,0.0,0.0,0.9152950723549637,2.0704738632504784,0.03388166319011369,0.09990706319702602,0.11241217798594838,-0.034529431538923176,217424150.025,86.85425526609396,18.043764199449974,61.48622786142239,1.679573515900227,4.0,,13.039999999999996,1.0,10.644831115660185,-1.6199999999999992,20679.0,True,True,69.88235294117648,Industrial Gases,Commodities,,103,"Uptrend (price > 50 > 150 > 200-day, 200-day rising); Within 15% of 52-week high; 3-year profit growth >= 15%/yr; ROE >= 20%; RS rating >= 80",5
EMAMILTD,-0.08527063747645125,-0.3390213073311664,-0.08533233383308336,-1.2651074848463866,0.6615859030837005,0.0,0.0,0.2950886341845328,1.745961199685183,0.01747332033472465,0.032975980458678444,-0.03288375543511879,-0.020765852230359504,496650622.1,-15.419912223879951,14.945414726409979,-3.721541018284503,-0.7441086609603538,0.0,3.158544275789432,-4.8000000000000025,1.0,26.50478796169631,-0.6100000000000065,20666.0,True,True,13.33776091081594,Personal Care,Fast Moving Consumer Goods,75.0,103,"Uptrend (price > 50 > 150 > 200-day, 200-day rising); Within 15% of 52-week high; Quarterly profit growth >= 25%; Sales growth >= 20% or 2+ strong quarters; 3-year profit growth >= 15%/yr; RS rating >= 80; Net profit margin up vs a year ago",7
EMBDL,-0.07917388267425837,-0.37973045822102425,0.2596890737902342,-0.7627623253365852,0.576453986493297,0.0,0.0,-0.700803072558735,0.7908313477825724,0.024143013308605302,0.09298440979955447,-0.04494550895603633,-0.0357222971267657,119843074.965,-100.0,-68.16806673324326,-200.0,-0.28706869463017876,0.0,-80.87654429070467,-83.81,0.0,-8.83664369679773,-0.8500000000000014,20675.0,True,True,14.934535104364326,"Residential, Commercial Projects",Consumer Discretionary,66.0,103,"Uptrend (price > 50 > 150 > 200-day, 200-day rising); Within 15% of 52-week high; Quarterly profit growth >= 25%; Sales growth >= 20% or 2+ strong quarters; 3-year profit growth >= 15%/yr; ROE >= 20%; RS rating >= 80; Net profit margin up vs a year ago",8
EMCURE,0.09924824061331208,0.5156471143261518,0.24185027702615636,1.5612485595917691,0.9130289903365546,0.0,0.0,0.3958469121826621,2.1639818537944255,0.0164930808482726,0.04921981359304639,-0.005582838371437027,-0.015627460490584187,230625839.3,34.60892730926941,22.84698220457595,18.512513714604562,2.5940146441577734,1.0,,0.9900000000000002,1.0,19.01010101010101,3.8800000000000026,20671.0,True,True,73.54554079696395,Pharmaceuticals,Healthcare,26.0,103,"Uptrend (price > 50 > 150 > 200-day, 200-day rising); 3-year profit growth >= 15%/yr; ROE >= 20%; RS rating >= 80",4
EMIL,0.2526245048914927,0.21777528562416792,0.8164140094093046,1.036424594807388,0.9948269375470279,1.0,1.0,1.6609485672378645,1.8076201497331739,0.033181979535318276,0.07120129362057281,0.17800886764357027,-0.039972556907588976,461027254.48,300.0,39.06886897130602,262.04430877943554,4.628624978937605,2.0,11.246379219641,3.45,1.0,6.580565805658056,0.39000000000000057,20672.0,True,True,92.33111954459203,Diversified Retail,Consumer Discretionary,54.0,103,3-year profit growth >= 15%/yr; ROE >= 20%,2
EMMVEE,,,0.45353774639073885,,0.8230386219889652,0.0,0.0,0.23798255926505965,1.6848803769081768,0.023990632542389718,0.041806020066889715,-0.05246458361736672,-0.04494885913095664,479818853.35,102.64534196442483,51.341674612286205,13.198788650411956,,8.0,,6.189999999999998,1.0,29.290741743367622,-2.01,20649.0,True,True,,Other Electrical Equipment,Industrials,52.0,103,"Uptrend (price > 50 > 150 > 200-day, 200-day rising); Within 15% of 52-week high; 3-year profit growth >= 15%/yr; RS rating >= 80",4
EMSLIMITED,-0.10282667566210077,-0.2932004797490544,0.3181348933241568,-0.7112492958113189,0.5702028081123245,0.0,0.0,1.2574358083881574,0.33551140156573694,0.021868088981750387,0.01967663209273951,-0.12565851376566228,-0.0469282154688484,64063828.55,-59.30083310346973,-34.17891079576373,28.527235991039376,-1.0784924287874156,0.0,-16.62103009613749,-6.08,1.0,8.617424242424242,-0.25999999999999995,20677.0,True,True,8.73529411764706,Waste Management,Utilities,,103,"Uptrend (price > 50 > 150 > 200-day, 200-day rising); Within 15% of 52-week high; Quarterly profit growth >= 25%; Sales growth >= 20% or 2+ strong quarters; 3-year profit growth >= 15%/yr; ROE >= 20%; RS rating >= 80; Net profit margin up vs a year ago",8
EMUDHRA,0.0843877540825941,-0.2113014727983168,0.24330727315801925,-0.21357640341533046,0.8763931104356637,0.0,0.0,1.0591491121199297,0.6859221072675082,0.0378513561989334,0.19997975913369093,0.09303920860711967,-0.042522455931122305,95601250.45,27.87689096297612,29.477257298031212,6.3761901663294225,3.7479215119558638,3.0,22.366921737237643,-0.2099999999999973,1.0,12.074643249176729,-1.9900000000000002,20663.0,True,True,69.69449715370018,IT Enabled Services,Information Technology,50.0,103,"Uptrend (price > 50 > 150 > 200-day, 200-day rising); ROE >= 20%; RS rating >= 80; Net profit margin up vs a year ago",4
ENDURANCE,-0.02151249447282884,0.017291171632242808,0.2642195166272945,-0.2637303112877216,0.8181640625000001,0.0,0.0,0.08827997771863198,1.097554538032891,0.01584266322070146,0.02374067873991792,-0.10229494472116984,-0.029852599480308363,321527637.70000005,8.08752049904966,30.010033475047404,-9.324506904055287,1.6038291195143035,0.0,22.193580483871077,-1.1500000000000004,1.0,13.916094138283878,-0.16000000000000014,20657.0,True,True,37.383301707779886,Auto Components & Equipments,Consumer Discretionary,18.0,103,"Uptrend (price > 50 > 150 > 200-day, 200-day rising); Within 15% of 52-week high; Quarterly profit growth >= 25%; ROE >= 20%; RS rating >= 80; Net profit margin up vs a year ago",6
ENGINERSIN,0.16700305450877212,0.45085924926016285,0.3816374962919016,1.3666170594010205,0.9592408214063474,1.0,1.0,1.0302719527089461,1.5254937758205789,0.025027151897510168,0.07095926412614961,0.16535137819904633,-0.06325336222274382,739581144.94,141.5719616824151,-5.804494691851647,171.69481249978088,0.8187336906367655,1.0,23.09531184655407,11.750000000000002,1.0,21.99618563254927,1.5399999999999991,20678.0,True,True,84.8168880455408,Civil Construction,Industrials,90.0,103,Sales growth >= 20% or 2+ strong quarters,1
ENRIN,0.005163906818737636,-0.11248789380732638,0.18910770170216007,-0.12181760487507869,0.842741935483871,0.0,1.0,0.4140515402055884,2.8041145228461195,0.024281564945183538,0.04187500000000011,0.015642226661944703,-0.026500911078565365,1293055084.4,67.8557245808341,39.28051103888828,15.564579580426624,,8.0,,3.019999999999998,1.0,25.108422734535495,-0.05000000000000071,20679.0,True,True,47.05787476280835,Heavy Electrical Equipment,Industrials,36.0,103,Within 15% of 52-week high; 3-year profit growth >= 15%/yr; RS rating >= 80,3
ENTERO,0.20629799753004013,0.7029444651509502,0.4805573558003886,1.4828596726412016,0.89234375,0.0,1.0,1.0423514936072673,0.6661509137344102,0.02756450168798206,0.03942157686307457,0.070544863784054,-0.03647990171644353,242015104.2,72.30526805099575,38.229972503597345,29.066177815895955,4.191105426970341,14.0,,0.5300000000000002,1.0,8.644168146832445,-0.8100000000000023,20662.0,True,True,88.94971537001896,Pharmacy Retail,Consumer Discretionary,,103,3-year profit growth >= 15%/yr; ROE >= 20%,2
EPACK,-0.17545016869851832,-0.46329221607826454,-0.14819981998199816,-1.0467615597776838,0.47733333333333333,0.0,0.0,-0.5411047693316686,0.8230594850874046,0.016732035815303036,0.033426515196574025,-0.13352245510038818,-0.02587118046452528,64666638.93000001,-48.583169704172505,33.76107731094975,51.416830295827495,-0.6929581035440258,0.0,,-2.13,1.0,0.3125,-1.2599999999999998,20676.0,True,True,0.5635673624288425,Household Appliances,Consumer Discretionary,99.0,103,"Uptrend (price > 50 > 150 > 200-day, 200-day rising); Within 15% of 52-week high; Quarterly profit growth >= 25%; 3-year profit growth >= 15%/yr; ROE >= 20%; RS rating >= 80; Net profit margin up vs a year ago",7
EPACKPEB,,,0.5125989920806338,,0.7774418604651163,0.0,0.0,0.7617008803438109,3.0806823650511403,0.032297704698817875,0.07917036558792678,0.1154162165769268,-0.04507514970214865,137672977.5,13.377134646823997,23.870792984357013,-37.72547107654327,0.3936383917410872,0.0,,-0.45999999999999996,1.0,12.670299727520437,0.06999999999999851,20666.0,True,True,,Industrial Products,Industrials,11.0,103,"Uptrend (price > 50 > 150 > 200-day, 200-day rising); Within 15% of 52-week high; Quarterly profit growth >= 25%; 3-year profit growth >= 15%/yr; ROE >= 20%; RS rating >= 80; Net profit margin up vs a year ago",7
EPIGRAL,-0.07257649669414412,-0.28320404325340853,0.3527421948649698,-0.9511652519407312,0.5815923207227555,0.0,0.0,0.2918722122646103,1.061421259027855,0.023142728260008533,0.035736102626756194,-0.082238553821808,-0.039869075736356785,48301608.55,-37.92469929784973,16.292412701553083,-31.148137612773127,-1.2635706704059861,0.0,-0.7209894896527458,-12.349999999999998,1.0,14.94822152183701,0.14999999999999947,20661.0,True,True,17.376660341555976,Specialty Chemicals,Commodities,40.0,103,"Uptrend (price > 50 > 150 > 200-day, 200-day rising); Within 15% of 52-week high; Quarterly profit growth >= 25%; Sales growth >= 20% or 2+ strong quarters; 3-year profit growth >= 15%/yr; ROE >= 20%; RS rating >= 80; Net profit margin up vs a year ago",8
EPL,0.02781380740776416,0.17818147141562957,0.1348397170937814,0.3933368169914496,0.8649782870488634,0.0,0.0,-0.9290933770687057,0.5941861497230484,0.02230113367859327,0.03435609334485723,-0.017066867485867387,-0.01093353624863705,386280820.94,-0.7399417102310957,25.273039082949733,0.6178143145104675,-0.03168090207826471,0.0,18.351411834343168,-1.9000000000000004,1.0,13.785864240727783,0.45000000000000284,20676.0,True,True,55.41745730550285,Packaging,Industrials,34.0,103,"Uptrend (price > 50 > 150 > 200-day, 200-day rising); Quarterly profit growth >= 25%; ROE >= 20%; RS rating >= 80; Net profit margin up vs a year ago",5
EQUITASBNK,0.03416864490204765,0.2813982083260145,0.32684612586395057,0.6100764981535665,0.8214541120381406,0.0,0.0,-0.47320996050083414,0.746232287798381,0.018526795376602463,0.030133146461107208,-0.05742951235790328,-0.03844527183359374,112970615.01,100.0,18.894266341593593,-200.0,2.891212103355597,4.0,-8.565710010028527,22.939999999999998,1.0,1.6816326530612244,1.3400000000000034,20679.0,True,True,57.296015180265655,Other Bank,Financial Services,22.0,103,"Uptrend (price > 50 > 150 > 200-day, 200-day rising); Within 15% of 52-week high; 3-year profit growth >= 15%/yr; ROE >= 20%; RS rating >= 80",5
ERIS,-0.09589072335094216,-0.16247386097205496,-0.005717294816820817,-0.9137462816722323,0.6585057471264367,0.0,0.0,-0.6729310219009719,2.0646490954248162,0.013926296303879393,0.016179775280898756,-0.12895138152963392,-0.047620007166504795,75189316.25,14.574814865748674,12.968952134540746,-158.14125836652647,0.2886940677603158,0.0,21.89317447644923,0.23000000000000043,1.0,16.60261337432744,-0.2700000000000031,20663.0,True,True,10.332068311195446,Pharmaceuticals,Healthcare,26.0,103,"Uptrend (price > 50 > 150 > 200-day, 200-day rising); Within 15% of 52-week high; Quarterly profit growth >= 25%; Sales growth >= 20% or 2+ strong quarters; ROE >= 20%; RS rating >= 80",6
ESCORTS,-0.046235521993827036,-0.14295612009237868,0.026094770677081547,-0.6379362202911361,0.6985054415968704,0.0,0.0,0.45340634615731584,3.4699778368330882,0.014479446393450855,0.057586323248228544,-0.06018969626464621,-0.019164144062381053,188764360.5,23.574234680238337,28.29943401131978,6.402346311763662,1.715386967782649,1.0,20.11326436382024,-0.46000000000000085,1.0,19.348581588943667,-0.35999999999999943,20668.0,True,True,27.426944971537,Tractors,Industrials,,103,"Uptrend (price > 50 > 150 > 200-day, 200-day rising); Within 15% of 52-week high; Quarterly profit growth >= 25%; ROE >= 20%; RS rating >= 80; Net profit margin up vs a year ago",6
ETERNAL,0.04277051960563105,-0.00646452208711723,0.38996554694229113,0.029175333392867774,0.8902157687610259,0.0,0.0,0.5116113244718378,1.022776518839364,0.01679285711287672,0.027688542144714612,0.017979125220743297,-0.0264396290433836,7483032329.5,270.62967170962156,182.00083717036418,-29.37032829037844,0.40977422990037904,3.0,,0.11000000000000004,1.0,1.1814073595868302,-0.19000000000001194,20656.0,True,True,59.17457305502847,E-Retail/ E-Commerce,Consumer Discretionary,39.0,103,"Uptrend (price > 50 > 150 > 200-day, 200-day rising); 3-year profit growth >= 15%/yr; ROE >= 20%; RS rating >= 80",4
ETHOSLTD,0.028168259164204026,0.07917616600332322,0.2249122807017545,0.04959050900989368,0.8117317230968298,0.0,0.0,0.7444920368359557,1.1679650379288309,0.02425941999407472,0.02780520557683963,-0.03450398686679168,-0.020503531616496585,84484333.5,50.803341172193605,33.318895818895825,50.74596226594154,3.660152137724897,1.0,17.715707717958228,0.7199999999999998,1.0,6.451612903225806,0.759999999999998,20668.0,True,True,55.51138519924098,"Gems, Jewellery And Watches",Consumer Discretionary,10.0,103,"Uptrend (price > 50 > 150 > 200-day, 200-day rising); Within 15% of 52-week high; ROE >= 20%; RS rating >= 80",4
EUREKAFORB,-0.12160265449127777,-0.2505968697497569,-0.07619359058207975,-1.1802739233219801,0.5263354780787072,0.0,0.0,-0.6925007983659995,1.874227978345332,0.01774591665168393,0.0340493935408448,-0.14838137987637912,-0.04401839065012366,71065323.725,10.338183469421569,15.222004704953363,5.352160024459329,0.6612304868230114,0.0,48.609710358468746,-0.27000000000000046,1.0,3.544248749728202,0.120000000000001,20661.0,True,True,5.635673624288425,Household Appliances,Consumer Discretionary,99.0,103,"Uptrend (price > 50 > 150 > 200-day, 200-day rising); Within 15% of 52-week high; Quarterly profit growth >= 25%; Sales growth >= 20% or 2+ strong quarters; ROE >= 20%; RS rating >= 80; Net profit margin up vs a year ago",7
EUROPRATIK,-0.07849040506438885,0.14688872461625424,0.19063741422896352,-0.4560738104036614,0.4592820512820513,0.0,0.0,-1.067280421088059,3.3212975836552014,0.022194490187789875,0.0077821011673151474,-0.30427325064263055,-0.11241155860182478,48550027.849999994,36.84868766431077,60.12707267937394,-12.646469499431959,1.170764948411774,2.0,,-3.3000000000000007,1.0,24.838709677419356,-0.07000000000000028,20675.0,True,True,15.216318785578746,"Furniture, Home Furnishing",Consumer Discretionary,,103,"Uptrend (price > 50 > 150 > 200-day, 200-day rising); Within 15% of 52-week high; 3-year profit growth >= 15%/yr; RS rating >= 80; Net profit margin up vs a year ago",5
EXCELSOFT,,,-0.08423523275524836,,0.5730415877691282,0.0,0.0,1.1006347068878337,0.7179514165798038,0.027396303349013277,0.08934260063712718,0.06448116476724963,-0.027000928842495355,36963210.400000006,57.31042950473437,44.04163675520461,73.85019245285908,,1.0,,0.9700000000000006,1.0,7.439446366782007,-1.209999999999999,20672.0,True,True,,IT Enabled Services,Information Technology,50.0,103,"Uptrend (price > 50 > 150 > 200-day, 200-day rising); Within 15% of 52-week high; 3-year profit growth >= 15%/yr; ROE >= 20%; RS rating >= 80",5
EXICOM,0.058024468287386145,0.23816485658590936,0.9851545931465564,0.11851496590051877,0.8129195961304647,0.0,0.0,0.0866727382973561,0.5724207863220907,0.032301004604508014,0.04119177403369667,-0.04635396899813227,-0.03565046547471834,153286972.535,-100.0,61.24586012078708,0.0,-0.06276741801442524,0.0,,12.420000000000002,0.0,-42.08909370199693,-3.1500000000000004,20675.0,True,True,62.55597722960152,Heavy Electrical Equipment,Industrials,36.0,103,"Uptrend (price > 50 > 150 > 200-day, 200-day rising); Within 15% of 52-week high; Quarterly profit growth >= 25%; 3-year profit growth >= 15%/yr; ROE >= 20%; RS rating >= 80",6
EXIDEIND,0.015988918297154785,0.0921374340496719,0.4201807228915664,0.12540764722108183,0.8117445608380338,0.0,0.0,0.22510489585734186,0.7119946404173012,0.016995258348576132,0.041208791208791284,-0.08342545709307458,-0.02736642396681326,919294260.25,27.81124041794696,17.74736321968342,12.285619426251749,1.809593006193243,1.0,3.757841791057004,0.5,1.0,6.184825602301331,0.5,20664.0,True,True,50.533206831119536,Auto Components & Equipments,Consumer Discretionary,18.0,103,"Uptrend (price > 50 > 150 > 200-day, 200-day rising); Within 15% of 52-week high; Sales growth >= 20% or 2+ strong quarters; 3-year profit growth >= 15%/yr; ROE >= 20%; RS rating >= 80",6
FACT,-0.05924320279036965,-0.12050043898156282,0.013660511004300435,-0.4392236237170901,0.7056017381447195,0.0,0.0,1.7679194101075446,0.1506270215970032,0.02101379890624761,0.049136351740382,-0.06526091853335003,-0.02900884076843742,78317804.0,-100.0,65.13660971961829,-186.9660819703273,-0.9614102977268665,0.0,-72.97148832487841,-5.17,0.0,2.9905178701677606,-0.04000000000000001,20481.0,True,True,22.073055028463,Fertilizers,Commodities,78.0,103,"Uptrend (price > 50 > 150 > 200-day, 200-day rising); Within 15% of 52-week high; Quarterly profit growth >= 25%; 3-year profit growth >= 15%/yr; ROE >= 20%; RS rating >= 80; Net profit margin up vs a year ago",7
FCL,0.3339896914905093,1.0019432568985618,1.3057296329453894,1.9926836033938338,0.9262820512820512,0.0,1.0,0.18041230824383123,2.0784414692015445,0.0394102643484268,0.09998058629392359,0.16418187018365082,-0.036152794921642535,830129216.42,92.61126960736958,174.77201429926316,-25.01515202731653,2.225471830560528,2.0,15.836884873085255,-5.460000000000001,1.0,14.17233560090703,0.3200000000000003,20657.0,True,True,95.43074003795067,Specialty Chemicals,Commodities,40.0,103,ROE >= 20%; Net profit margin up vs a year ago,2
FDC,-0.09026777678857784,-0.23541875766700127,0.017512615019293687,-0.9024637376084399,0.6896515533165408,0.0,0.0,-0.83474997858099,0.5533843873058272,0.01576424380736359,0.028085106382978564,-0.0760712146478778,-0.029770475199239255,41531810.8,9.134230649938303,2.973427306796639,-158.28439875566175,0.32671866807799044,0.0,9.743827459055954,1.120000000000001,1.0,11.30784708249497,-0.9800000000000004,20670.0,True,True,11.647058823529411,Pharmaceuticals,Healthcare,26.0,103,"Uptrend (price > 50 > 150 > 200-day, 200-day rising); Within 15% of 52-week high; Quarterly profit growth >= 25%; Sales growth >= 20% or 2+ strong quarters; 3-year profit growth >= 15%/yr; ROE >= 20%; RS rating >= 80",7
FEDERALBNK,0.12115066650400551,0.8045033670033668,0.26335174953959495,2.6711784895231534,0.8703255313424805,0.0,0.0,-0.2701441728637455,2.1339712975874185,0.0164807527854068,0.028755499685732433,-0.061864728723759144,-0.020898844607231105,1709593873.45,37.07249088426299,9.939251892085398,12.78843317137748,2.3916460668374064,2.0,11.880865779427975,3.280000000000001,1.0,11.215443398346778,0.5400000000000063,20651.0,True,True,78.61764705882352,Private Sector Bank,Financial Services,25.0,103,"Uptrend (price > 50 > 150 > 200-day, 200-day rising); 3-year profit growth >= 15%/yr; ROE >= 20%; RS rating >= 80",4
FEDFINA,-0.004088892338482707,0.058160859313596935,0.18890278902053148,-0.06626372402165205,0.8323621694307486,0.0,0.0,0.08840755461332014,1.758100122277337,0.01686008063837365,0.02407774201535018,-0.034981279052546,-0.011892708461220692,121677748.35,52.45509017959127,29.68060394889662,12.11096026438485,1.2300842966058698,4.0,23.929087980398766,2.5500000000000007,1.0,11.756664388243337,0.7100000000000009,20679.0,True,True,43.01897533206831,Non Banking Financial Company (NBFC),Financial Services,41.0,103,"Uptrend (price > 50 > 150 > 200-day, 200-day rising); Within 15% of 52-week high; ROE >= 20%; RS rating >= 80",4
FIEMIND,-0.04230783220551336,0.07543181232276375,0.030329974313376917,-0.20522517757562742,0.6726858082847315,0.0,0.0,-0.5094725632894063,1.1983095775936428,0.023143634142309997,0.025192989776757768,-0.15478521313335913,-0.036102217246934264,129166603.19999999,12.826704300982716,17.679465776293824,-13.916876032735814,1.9385083077085856,0.0,21.601850255698896,-0.3600000000000012,1.0,21.069958847736626,0.36999999999999744,20644.0,True,True,28.92979127134725,Auto Components & Equipments,Consumer Discretionary,18.0,103,"Uptrend (price > 50 > 150 > 200-day, 200-day rising); Within 15% of 52-week high; Quarterly profit growth >= 25%; Sales growth >= 20% or 2+ strong quarters; RS rating >= 80; Net profit margin up vs a year ago",6
FILATEX,0.4063563592768115,0.5082476227440325,0.8356164383561642,2.294591727228074,0.9742537964740792,1.0,1.0,1.013864721800995,0.867693119722093,0.042614225368505114,0.14636065573770485,0.2895065151095091,-0.07005837175985122,308113283.635,19.572990890820343,9.138555364970436,21.84223980336485,0.6227633070969509,0.0,43.89090714546284,0.3700000000000001,1.0,12.167553191489363,-0.1299999999999999,20664.0,True,True,97.77893738140418,Other Textile Products,Consumer Discretionary,21.0,103,Quarterly profit growth >= 25%; Sales growth >= 20% or 2+ strong quarters; ROE >= 20%,3
FINCABLES,0.2338519433155988,0.521351536687239,0.5079090459713296,1.9595086777030064,0.9903204272363151,0.0,1.0,1.6347096289630965,0.42307010122618627,0.03242914617045211,0.06136919315403411,0.162108449354867,-0.025081330116870713,873381872.7,53.173573583843535,44.258054345333655,36.109903095572,1.7142899659782784,1.0,13.648252920415782,0.7199999999999989,1.0,11.731843575418994,0.29999999999999716,20676.0,True,True,91.39184060721063,Cables - Electricals,Industrials,3.0,103,3-year profit growth >= 15%/yr; ROE >= 20%,2
FINEORG,0.07953531038956677,0.14235033259423502,0.19008569910604955,0.8293026423104759,0.9928521002470879,1.0,1.0,0.691137066529156,2.548527647204947,0.016180268300219708,0.06276391554702498,0.09593369732631518,-0.028585084189557953,105063150.15,23.438462214005117,17.979876950270235,2.4902780694257665,1.854404800685414,2.0,-7.748510989691459,0.879999999999999,1.0,15.653153153153154,-0.0600000000000005,20662.0,True,True,68.84914611005692,Specialty Chemicals,Commodities,40.0,103,Quarterly profit growth >= 25%; 3-year profit growth >= 15%/yr; ROE >= 20%; RS rating >= 80,4
FINPIPE,-0.06338954414810066,-0.20993126805458717,-0.006637860855407407,-0.8617646982201143,0.7446417339977744,0.0,0.0,-0.07040267049160526,1.0985493841255678,0.013924300029932,0.03623334003080836,-0.02728727478644688,-0.011366102843226382,56925742.86,16.657990901933317,-15.296937161482049,-42.10445250051149,0.2574591126725368,0.0,32.25760080832496,3.5500000000000007,1.0,9.637972646822204,-1.4400000000000013,20671.0,True,True,20.758064516129032,Plastic Products - Industrial,Industrials,45.0,103,"Uptrend (price > 50 > 150 > 200-day, 200-day rising); Within 15% of 52-week high; Quarterly profit growth >= 25%; Sales growth >= 20% or 2+ strong quarters; ROE >= 20%; RS rating >= 80",6
FIVESTAR,0.022506350417539983,0.014055835595191857,0.4653312788906008,-0.030456947321091624,0.7647897897897898,0.0,0.0,0.18575372684353272,0.9657760744811164,0.021189159054402648,0.04734686100790708,-0.044459327378908786,-0.028768326116127896,260890711.27500004,1.921532662103198,5.377027508008347,5.44203630073985,0.16860782765936067,0.0,19.445716948532986,-1.1099999999999994,1.0,14.889581357539628,0.2599999999999909,20679.0,True,True,52.881404174573056,Non Banking Financial Company (NBFC),Financial Services,41.0,103,"Uptrend (price > 50 > 150 > 200-day, 200-day rising); Within 15% of 52-week high; Quarterly profit growth >= 25%; Sales growth >= 20% or 2+ strong quarters; ROE >= 20%; RS rating >= 80; Net profit margin up vs a year ago",7
FLUOROCHEM,0.08816468052728085,0.23888027421855873,0.4257537334460413,0.7731933733743654,0.9187319768497045,0.0,0.0,0.20441241118946757,1.064716259387384,0.02052234989264947,0.033274639938597694,-0.004896123378115513,-0.01569137719671923,560189950.55,20.301642420676558,23.9656518345043,67.04055145446327,0.5013590320849853,1.0,-20.536117276005317,-0.4200000000000017,1.0,7.29722857869311,-0.019999999999999574,20677.0,True,True,71.1034155597723,Specialty Chemicals,Commodities,40.0,103,"Uptrend (price > 50 > 150 > 200-day, 200-day rising); Quarterly profit growth >= 25%; 3-year profit growth >= 15%/yr; ROE >= 20%; RS rating >= 80; Net profit margin up vs a year ago",6
FMGOETZE,-0.025553014793867623,-0.009970384995064197,0.18953860751986706,-0.2805666084753527,0.6881141787552644,0.0,0.0,2.035522409888179,0.16652544733023905,0.036490476925805586,0.03934167512118125,-0.09092407778714251,-0.026695776225452883,57184266.5,0.4109256550449025,8.807658114003347,14.827177565352534,0.024396390452136638,0.0,17.29942336625363,-0.7200000000000006,1.0,12.386917188587335,0.010000000000000009,20677.0,True,True,35.22296015180265,Auto Components & Equipments,Consumer Discretionary,18.0,103,"Uptrend (price > 50 > 150 > 200-day, 200-day rising); Within 15% of 52-week high; Quarterly profit growth >= 25%; Sales growth >= 20% or 2+ strong quarters; ROE >= 20%; RS rating >= 80; Net profit margin up vs a year ago",7
FORCEMOT,-0.003058233581060492,0.03220478943022287,-0.17386583581173587,0.0002622407522985355,0.6410586011342155,0.0,0.0,0.10012095399412313,1.449609409221422,0.01763111880299446,0.047248631518294504,-0.04146961092349288,-0.016617530104741977,1111776050.0,22.81038469909675,6.214386766786384,-33.72462590405259,0.6201578010460672,15.0,114.53476194063951,1.200000000000001,1.0,28.898426323319025,-1.7100000000000009,20663.0,True,True,43.48861480075901,Passenger Cars & Utility Vehicles,Consumer Discretionary,100.0,103,"Uptrend (price > 50 > 150 > 200-day, 200-day rising); Within 15% of 52-week high; Quarterly profit growth >= 25%; RS rating >= 80",4
FORTIS,-0.07126071614162227,-0.06773113571980427,0.11984161356183876,-0.7356227220020239,0.7055148057593046,0.0,0.0,-0.4496599159377299,4.591707979147074,0.016339804746405708,0.019764397905759123,-0.129646965773487,-0.06777383588120704,952766314.8499999,3.3094129319287013,17.460031753064563,-18.806321598695796,0.26300955851762936,0.0,24.628078481886217,-1.4299999999999997,1.0,10.751818916734033,0.09999999999999432,20652.0,True,True,18.03415559772296,Hospital,Healthcare,68.0,103,"Uptrend (price > 50 > 150 > 200-day, 200-day rising); Within 15% of 52-week high; Quarterly profit growth >= 25%; Sales growth >= 20% or 2+ strong quarters; ROE >= 20%; RS rating >= 80; Net profit margin up vs a year ago",7
FOSECOIND,0.08443146033732227,0.1336772558602588,0.35733171514021933,0.38973738447186584,0.8624399485756817,0.0,1.0,0.11134541297984751,1.0121666913413327,0.022994434334371965,0.10010444283763165,0.07060121994446256,-0.02629680120907318,58966483.0,-15.749243362521648,-24.318932530987336,-62.773605856786695,-0.8669549642203597,0.0,26.719541822061267,1.5999999999999996,1.0,7.232401157184184,-0.1999999999999999,20678.0,True,True,69.78842504743834,Specialty Chemicals,Commodities,40.0,103,Quarterly profit growth >= 25%; Sales growth >= 20% or 2+ strong quarters; ROE >= 20%; RS rating >= 80,4
FSL,-0.011753539433104754,-0.18982687298912226,0.1825744699883709,-0.41664899288571855,0.6972427706792199,0.0,0.0,0.81087717180469,1.7159468085228127,0.03532671155669789,0.14438610662358653,-0.04946869994308545,-0.03356997745575957,213405984.0,29.94835460347098,22.87195905575721,2.220815024427388,3.8003945616790844,6.0,12.900148955393353,0.4400000000000004,1.0,15.370581527936144,-0.5499999999999972,20649.0,True,True,40.01328273244782,Business Process Outsourcing (BPO)/ Knowledge Process Outsourcing (KPO),Services,13.0,103,"Uptrend (price > 50 > 150 > 200-day, 200-day rising); Within 15% of 52-week high; 3-year profit growth >= 15%/yr; ROE >= 20%; RS rating >= 80",5
FUSION,-0.046607407285156166,0.06437925615505491,0.3271717831482692,-0.26002264017813675,0.6934979423868313,0.0,0.0,0.16948352511302928,1.0258123071506926,0.022913469076970866,0.010271206001154054,-0.13077476172644265,-0.03907762477577947,102607686.46000001,100.0,3.592746676313663,0.0,0.31549968026463987,3.0,-26.962082754857164,34.48,1.0,0.5700325732899023,0.8399999999999999,20679.0,True,True,26.9573055028463,Microfinance Institutions,Financial Services,61.0,103,"Uptrend (price > 50 > 150 > 200-day, 200-day rising); Within 15% of 52-week high; 3-year profit growth >= 15%/yr; ROE >= 20%; RS rating >= 80",5
GABRIEL,0.056387406660287825,0.10990813648293973,0.5231020316281163,0.20627050912820408,0.8418125000000001,0.0,0.0,0.4669544841615011,0.730233639084845,0.03373860909813441,0.14035495621173388,-0.036594943571887195,-0.04040341667943217,317570424.3,2.5159763836314575,15.499530120872373,-83.62229568147279,0.14130309483443076,0.0,36.754163335899804,-0.9599999999999991,1.0,18.421052631578945,-3.59,20655.0,True,True,62.08633776091081,Auto Components & Equipments,Consumer Discretionary,18.0,103,"Uptrend (price > 50 > 150 > 200-day, 200-day rising); Within 15% of 52-week high; Quarterly profit growth >= 25%; Sales growth >= 20% or 2+ strong quarters; ROE >= 20%; RS rating >= 80; Net profit margin up vs a year ago",7
GAEL,0.1014960554297923,0.5962142109768858,0.14522623353579478,1.5122812686983313,0.881020595707876,0.0,0.0,0.29295289311371014,1.1671880926307332,0.02716141137764673,0.03889737713267105,-0.029425706819627306,-0.015198970042239916,146819730.075,171.67248491625244,23.46522308186767,-128.32751508374756,2.3277138191422186,2.0,13.528902603907799,6.05,1.0,9.226100151745069,0.6699999999999999,20666.0,True,True,74.48481973434535,Other Agricultural Products,Fast Moving Consumer Goods,58.0,103,"Uptrend (price > 50 > 150 > 200-day, 200-day rising); 3-year profit growth >= 15%/yr; ROE >= 20%; RS rating >= 80",4
GAIL,0.0013225308477106297,-0.017508074111847738,0.21140142517814753,-0.1302036566791458,0.9135227698399957,0.0,0.0,-0.09932723459827937,1.3545145864681274,0.0139415730474893,0.027343283582089706,-0.016579487061317733,-0.009611119033579356,1203103985.5100002,96.00864327733143,16.671811474602016,136.97672469056553,2.7884237602713724,1.0,33.604701154409675,4.59,1.0,8.514413412840122,0.5500000000000043,20665.0,True,True,45.74288425047438,Gas Transmission/Marketing,Energy,,103,"Uptrend (price > 50 > 150 > 200-day, 200-day rising); Sales growth >= 20% or 2+ strong quarters; ROE >= 20%; RS rating >= 80",4
GALAPREC,0.11494882575862778,0.3494992092778071,0.42956861650146605,1.1725805974826446,0.9217460317460319,0.0,1.0,0.0862447373569033,2.2278578460700253,0.030302836444205578,0.10037807183364844,0.08821126327703954,-0.059459781574224435,34159723.349999994,26.487967310529893,19.49904882688649,5.07150245204997,1.170664406005819,4.0,,0.6099999999999994,1.0,11.945392491467576,0.3200000000000003,20671.0,True,True,77.20872865275142,Industrial Products,Industrials,11.0,103,3-year profit growth >= 15%/yr; ROE >= 20%; RS rating >= 80,3
GALAXYSURF,0.07652482351134055,-0.014026778395118011,0.2877706400190341,0.29662212291804224,0.9191842900302115,0.0,1.0,0.22693062562412172,3.5082551561934237,0.0333597737524461,0.0539642422540485,0.10154388118170221,-0.03727339576084156,67565366.4,108.70793304795532,39.43752347564793,126.44052602501483,9.491275533127931,1.0,0.7080096158131655,3.0900000000000007,1.0,9.730320699708454,0.22999999999999687,20652.0,True,True,67.81593927893739,Specialty Chemicals,Commodities,40.0,103,3-year profit growth >= 15%/yr; ROE >= 20%; RS rating >= 80,3
GALLANTT,-0.08198222725446354,-0.13878469617404354,0.016648955012398048,-0.4203556096179242,0.5427742616033755,0.0,0.0,-0.32889662520113844,1.1194158554849567,0.023328833940978018,0.024288027431183856,-0.09473006400489814,-0.02163299790875301,30484188.7,-28.869811697503266,1.5863022930004078,-34.40747139373788,-1.4323879580597685,0.0,43.60150388562785,-4.620000000000001,1.0,14.595898673100121,-0.06999999999999998,20661.0,True,True,14.089184060721061,Iron & Steel Products,Industrials,16.0,103,"Uptrend (price > 50 > 150 > 200-day, 200-day rising); Within 15% of 52-week high; Quarterly profit growth >= 25%; Sales growth >= 20% or 2+ strong quarters; ROE >= 20%; RS rating >= 80; Net profit margin up vs a year ago",7
GANDHAR,0.31107398824877036,0.8880970860086081,1.094880225457962,2.2170232361980564,0.9869050367780452,0.0,1.0,0.3918369100890774,1.2627883425037991,0.040118212363570216,0.05911504424778746,0.16437359269184326,-0.03543937433394475,230218356.2,300.0,91.80583857535218,98.90487877314845,8.029069580766095,4.0,17.158671719306206,9.0,1.0,10.125646711012564,2.06,20656.0,True,True,94.58538899430741,Lubricants,Energy,4.0,103,ROE >= 20%,1
GANECOS,-0.026638993157071383,-0.13890802617981401,-0.11155537784886049,-0.27680561982455487,0.7877760252365931,0.0,0.0,-0.7596488413065602,0.5493336967136074,0.02090630947285604,0.050909090909091015,-0.04842106867582019,-0.018278811074185924,71123129.5,169.86283778656897,25.673350735643098,172.27297454988488,0.917744378476771,1.0,-1.8323158574955922,3.6599999999999997,1.0,2.978056426332288,-2.8599999999999994,20668.0,True,True,34.94117647058824,Other Textile Products,Consumer Discretionary,21.0,103,"Uptrend (price > 50 > 150 > 200-day, 200-day rising); Within 15% of 52-week high; 3-year profit growth >= 15%/yr; ROE >= 20%; RS rating >= 80",5
GARUDA,-0.0031664140564056364,-0.009531726239955685,0.16254715753870164,-0.08305261394440575,0.6921379863618131,0.0,0.0,0.8996135366455869,0.3543392324428708,0.020151691400593735,0.027878855735318897,-0.03343946547045806,-0.02062593263558519,64200086.754999995,48.396756981117804,40.124640460210934,-42.3264761332002,1.589068567938019,6.0,,1.3200000000000003,1.0,26.813186813186814,-0.26000000000000023,20675.0,True,True,43.30075901328273,Civil Construction,Industrials,90.0,103,"Uptrend (price > 50 > 150 > 200-day, 200-day rising); Within 15% of 52-week high; 3-year profit growth >= 15%/yr; RS rating >= 80",4
GATEWAY,-0.05503607905516292,-0.11375789985415663,0.001098297638659984,-0.5273464422780317,0.7895139101192296,0.0,0.0,-0.1667153501106084,1.5777263741343959,0.014906631630451824,0.014535454724022845,-0.04723781977023034,-0.010604957034414627,42245725.53,-19.457724041654334,-0.20529404283923247,-45.79775566771835,-1.0377202202174771,0.0,0.2795846438643279,-2.1800000000000015,1.0,11.295246402093326,-1.25,20670.0,True,True,23.575901328273243,Logistics Solution Provider,Services,70.0,103,"Uptrend (price > 50 > 150 > 200-day, 200-day rising); Within 15% of 52-week high; Quarterly profit growth >= 25%; Sales growth >= 20% or 2+ strong quarters; 3-year profit growth >= 15%/yr; ROE >= 20%; RS rating >= 80; Net profit margin up vs a year ago",8
GCSL,0.341362076102388,1.386805694806497,0.803211634600818,3.365915092326236,0.983529411764706,1.0,1.0,0.8450619907544852,0.6156302499233701,0.026568121510268116,0.04071674939008996,0.2056490874161141,-0.046452921261902015,301511772.525,300.0,70.70063694267516,200.0,0.6399336449799055,3.0,15.474369420425681,29.749999999999996,1.0,16.470588235294116,0.48,20644.0,True,True,95.71252371916509,Other Capital Market related Services,Financial Services,,103,ROE >= 20%,1
GENESYS,0.09521772316658353,-0.32325008793527965,0.43234691978410567,-0.1745121320213198,0.7063798184039674,0.0,0.0,1.0392936728279174,0.6108638587721974,0.056745062098667545,0.1999916722185211,0.23218894594666906,-0.023726327731563437,143340153.72,-24.35905020918405,14.801749682517285,8.725979763205483,-0.179473452288406,0.0,67.29456540257392,-3.3599999999999994,1.0,4.6875,-0.6100000000000003,20679.0,True,True,72.60626185958255,IT Enabled Services,Information Technology,50.0,103,"Uptrend (price > 50 > 150 > 200-day, 200-day rising); Within 15% of 52-week high; Quarterly profit growth >= 25%; Sales growth >= 20% or 2+ strong quarters; ROE >= 20%; RS rating >= 80; Net profit margin up vs a year ago",7
GENUSPOWER,0.006922298510103507,0.10381335163219307,0.4190892287010588,-0.038467429950746694,0.8386961972419558,0.0,0.0,0.25386527295843103,1.6783098373982936,0.024983065447105872,0.09616413916146294,-0.04613288552327244,-0.03471612525506502,471396354.0749999,43.23673233836569,44.82714713185205,2.24701316421492,2.210359874658136,10.0,153.31476947787328,-0.16000000000000014,1.0,26.690712353471596,-0.46000000000000085,20678.0,True,True,47.903225806451616,Other Electrical Equipment,Industrials,52.0,103,"Uptrend (price > 50 > 150 > 200-day, 200-day rising); Within 15% of 52-week high; RS rating >= 80; Net profit margin up vs a year ago",4
GESHIP,0.13458665310093468,0.40338114754098364,-0.06377306903622693,1.7425271001000313,0.8720244716351502,0.0,0.0,0.8436109794764155,0.907356617857317,0.017743498467583815,0.036938761259688535,0.1271406614609767,-0.034286819248049966,1047657023.1,159.44610485322102,66.90886996762298,-28.082388161727238,2.1134189719313534,4.0,13.27208409568097,23.279999999999994,1.0,17.349525437717382,0.15000000000000568,20644.0,True,True,80.96584440227704,Shipping,Services,1.0,103,"Uptrend (price > 50 > 150 > 200-day, 200-day rising); 3-year profit growth >= 15%/yr; ROE >= 20%",3
GHCL,-0.0811995030952261,-0.25098644707496987,-0.03332226281412587,-1.173186864247723,0.5977218225419664,0.0,0.0,-0.5865247632719611,1.0923195480259484,0.008749798761493422,0.017039800995025,-0.07061507663696887,-0.022440385718421895,46478735.6,-23.040878844003743,1.1567942467401116,14.033631303417394,-0.5378811026544537,0.0,-23.78796731052327,-4.6,1.0,13.288288288288289,-1.5900000000000034,20578.0,True,True,14.370967741935484,Commodity Chemicals,Commodities,42.0,103,"Uptrend (price > 50 > 150 > 200-day, 200-day rising); Within 15% of 52-week high; Quarterly profit growth >= 25%; Sales growth >= 20% or 2+ strong quarters; 3-year profit growth >= 15%/yr; ROE >= 20%; RS rating >= 80; Net profit margin up vs a year ago",8
GHCLTEXTIL,0.1670705482564682,0.7523711868751604,0.821476152411404,1.6661313278217018,0.8993706342070682,0.0,1.0,-0.12477087674082417,0.534958317512312,0.025887868451640927,0.04023773190908364,0.027808690373817502,-0.03602090284231169,72814721.73,190.94694881252826,52.73202614379085,96.16139210956662,4.165932721414136,3.0,,4.569999999999999,1.0,4.660452729693742,-4.119999999999999,20679.0,True,True,84.91081593927893,Other Textile Products,Consumer Discretionary,21.0,103,3-year profit growth >= 15%/yr; ROE >= 20%,2
GICRE,-0.04780427856973485,-0.0142994637701086,-0.07004799584900767,-0.5473311763734137,0.7573872472783826,0.0,0.0,0.3384045355299204,1.099189904306649,0.012489027814333262,0.034035909445745416,-0.08994730290337138,-0.03675239028979572,218622744.05,-31.10423795734785,-1.5205911677697026,-32.4245698379656,-1.7119692031363467,0.0,7.441020996680825,-5.199999999999999,1.0,13.708659071239056,4.559999999999999,20678.0,True,True,26.299810246679314,General Insurance,Financial Services,84.0,103,"Uptrend (price > 50 > 150 > 200-day, 200-day rising); Within 15% of 52-week high; Quarterly profit growth >= 25%; Sales growth >= 20% or 2+ strong quarters; 3-year profit growth >= 15%/yr; ROE >= 20%; RS rating >= 80; Net profit margin up vs a year ago",8
GILLETTE,-0.06376892263291531,-0.22855786475366602,-0.024544787567531534,-1.0487835383547015,0.7272223900130876,0.0,0.0,-0.3163995807346699,1.840772349464446,0.010406559530542567,0.02359359501204472,-0.021868652674339906,-0.016707728134284696,112999081.75,9.452391442924245,10.796354992076074,-11.858054124426243,0.8975647056256882,0.0,23.387229858248084,-0.25,1.0,69.06019007391764,-0.5199999999999996,20679.0,True,True,20.66413662239089,Personal Care,Fast Moving Consumer Goods,75.0,103,"Uptrend (price > 50 > 150 > 200-day, 200-day rising); Within 15% of 52-week high; Quarterly profit growth >= 25%; Sales growth >= 20% or 2+ strong quarters; RS rating >= 80; Net profit margin up vs a year ago",6
GIPCL,0.015378584921801733,0.12390446976336555,0.5525121065375305,-0.16462986342809682,0.8117708185725757,0.0,0.0,0.6891163063915515,1.0850752088254476,0.021881159230861754,0.025251444468221695,-0.05491044030856995,-0.03536178523594774,71957798.00999999,174.77097179559559,34.38845822566752,-125.22902820440441,1.0569515595075203,2.0,40.0129765550816,16.159999999999997,1.0,10.46875,0.05999999999999961,20679.0,True,True,50.43927893738141,Power Generation,Utilities,85.0,103,"Uptrend (price > 50 > 150 > 200-day, 200-day rising); Within 15% of 52-week high; ROE >= 20%; RS rating >= 80",4
GKENERGY,-0.06838162648650947,-0.21585795938222063,0.371331348362399,-0.5783434636688403,0.47842237061769616,0.0,0.0,0.4861562786695174,2.208878249979754,0.02193566616443693,0.05694247307339073,-0.09620315441893035,-0.04296455679317207,40025355.395,59.875518146277095,55.54358200683518,27.715506885039943,4.427765829542739,9.0,,0.3200000000000003,1.0,22.972972972972975,-0.6199999999999974,20672.0,True,True,19.161290322580644,Civil Construction,Industrials,90.0,103,"Uptrend (price > 50 > 150 > 200-day, 200-day rising); Within 15% of 52-week high; 3-year profit growth >= 15%/yr; RS rating >= 80",4
GLAND,0.16838503981012054,0.46766766766766765,0.7249411764705882,1.7160527618044297,0.9935666982024598,1.0,1.0,0.8139333628407377,1.9059794436542778,0.021930815011552512,0.048068926516083854,0.1088258398020121,-0.0236067396802131,1216486833.0,47.14380811716001,19.570011025358337,-49.44722904263133,1.3807282251747168,3.0,13.646928854248053,3.299999999999999,1.0,9.91599884136333,-1.4699999999999989,20666.0,True,True,85.09867172675523,Pharmaceuticals,Healthcare,26.0,103,3-year profit growth >= 15%/yr; ROE >= 20%,2
GLAXO,0.01801907927660185,0.1108565849262082,0.2605897894826559,-0.04223346308799587,0.8440414009677316,0.0,0.0,0.9260642686019138,1.0216042356590886,0.01905187202569304,0.028660723798700216,-0.06352793275035529,-0.026041511255148555,176546207.75,15.681994661737363,16.55178409528424,9.975038191725249,1.3752558007619768,0.0,19.819864262324096,-0.19000000000000128,1.0,45.69916188795765,0.29999999999999893,20668.0,True,True,51.096774193548384,Pharmaceuticals,Healthcare,26.0,103,"Uptrend (price > 50 > 150 > 200-day, 200-day rising); Within 15% of 52-week high; Quarterly profit growth >= 25%; Sales growth >= 20% or 2+ strong quarters; RS rating >= 80; Net profit margin up vs a year ago",6
GLENMARK,0.036542963673199,0.24461239914206923,0.15792474344355734,0.6161228364696696,0.899393127364439,0.0,0.0,-0.09360516469698267,2.2799647594259156,0.01658780134720614,0.049791460635507656,-0.032840946555594885,-0.029155286064201737,1116293997.0,85.03306744291646,23.098601904155068,33.081005435181474,0.2467141882621776,4.0,58.6569398753869,4.02,1.0,12.95662100456621,-0.14000000000000057,20665.0,True,True,57.953510436432644,Pharmaceuticals,Healthcare,26.0,103,"Uptrend (price > 50 > 150 > 200-day, 200-day rising); ROE >= 20%; RS rating >= 80",3
GLOBUSSPR,-0.06938380013605554,-0.12170989433237278,0.03968614964748696,-0.6422074364909076,0.6360552362707536,0.0,0.0,0.004519745442369498,1.4609635954933442,0.01636115496649791,0.028929543584224948,-0.08139962488227126,-0.02321717372240883,56670733.474999994,49.686312864575434,12.710229627195169,-250.31368713542457,0.35866651668340305,4.0,-18.32100886863688,0.8300000000000001,1.0,8.340971585701192,6.210000000000001,20651.0,True,True,18.503795066413662,Breweries & Distilleries,Fast Moving Consumer Goods,56.0,103,"Uptrend (price > 50 > 150 > 200-day, 200-day rising); Within 15% of 52-week high; 3-year profit growth >= 15%/yr; ROE >= 20%; RS rating >= 80",5
GMDCLTD,-0.07943361447500245,-0.06626306186763964,-0.05719309998325239,-0.4452238858840411,0.618085244202617,0.0,0.0,0.3479351974880607,1.189554943514418,0.017781140540611053,0.020175753228120596,-0.14543233493464014,-0.06290988495646035,433590002.625,-0.16423256691713295,23.75648375648376,24.481011576609415,-0.006834541932429043,0.0,-19.12233704656736,-4.32,1.0,13.530326594090203,-0.22999999999999865,20665.0,True,True,14.746679316888045,Industrial Minerals,Commodities,88.0,103,"Uptrend (price > 50 > 150 > 200-day, 200-day rising); Within 15% of 52-week high; Quarterly profit growth >= 25%; 3-year profit growth >= 15%/yr; ROE >= 20%; RS rating >= 80; Net profit margin up vs a year ago",7
GMMPFAUDLR,0.3000538917259339,0.0951154359854991,0.3215519226341239,1.0326690491749804,0.9376630151278039,0.0,0.0,1.659409825471319,0.7167134070140152,0.02999619591730854,0.07648749891105489,0.24027958903447955,-0.03460860574990761,280121910.25,117.31801806053745,16.38789251777737,115.02841932777304,0.4960056965964025,1.0,-14.434981570395578,1.11,1.0,4.3153526970954355,-1.9199999999999946,20647.0,True,True,94.1157495256167,Industrial Products,Industrials,11.0,103,"Uptrend (price > 50 > 150 > 200-day, 200-day rising); Sales growth >= 20% or 2+ strong quarters; 3-year profit growth >= 15%/yr; ROE >= 20%",4
GMRAIRPORT,-0.013004009475118747,0.12140391254315297,0.06853070175438591,0.15569780255807264,0.7885679695607056,0.0,0.0,-0.5602900610497255,1.5326448481306114,0.01628129606926776,0.044823232323232265,-0.08177341885591738,-0.03017725390947176,977150183.01,100.0,23.7627252958446,0.0,0.6929402607366903,4.0,-66.33380731916031,7.85,1.0,-17.182380779031668,1.7799999999999976,20677.0,True,True,39.91935483870967,Airport & Airport services,Services,,103,"Uptrend (price > 50 > 150 > 200-day, 200-day rising); Within 15% of 52-week high; 3-year profit growth >= 15%/yr; ROE >= 20%; RS rating >= 80",5
GMRPandUI,-0.013269754375938605,-0.1622714486638538,-0.038053901281921876,-0.27794215941533956,0.7452677916360968,0.0,0.0,0.01553164210459464,2.5512425276716333,0.0193546182593252,0.04626687847498001,0.051515785158700256,-0.04430442583207561,104375110.09,-100.0,3.4414146622584907,0.0,0.35695107329770226,0.0,,2.81,0.0,32.247899159663866,12.819999999999999,20679.0,True,True,39.82542694497154,Power Generation,Utilities,85.0,103,"Uptrend (price > 50 > 150 > 200-day, 200-day rising); Within 15% of 52-week high; Quarterly profit growth >= 25%; Sales growth >= 20% or 2+ strong quarters; 3-year profit growth >= 15%/yr; RS rating >= 80",6
GNA,0.19812512459892362,0.7853555807549004,0.4449980333027401,1.888559617687945,0.9006944444444445,1.0,1.0,0.750617650375806,1.4342650198540414,0.029618882464951413,0.06231638921036242,0.05169741963384733,-0.04742394499465944,171339522.1,66.33928911590843,36.672380232997305,45.20619028909607,3.0083608108381306,3.0,-1.0131860581121255,1.450000000000001,1.0,11.653386454183266,1.0199999999999996,20650.0,True,True,88.19829222011386,Auto Components & Equipments,Consumer Discretionary,18.0,103,3-year profit growth >= 15%/yr; ROE >= 20%,2
GNFC,0.10636047721058947,0.20667340748230556,0.4731514627823725,0.7616558824645514,0.9720125786163523,1.0,1.0,1.1069470183314771,2.503469244391907,0.022761565260182942,0.08355720240852249,0.0737243227564599,-0.03901167710830975,299804181.5,276.1852510134833,39.78763272954404,188.60069106636212,2.8044791655201062,2.0,1.6192491358559158,8.76,1.0,8.875479978058145,1.009999999999998,20670.0,True,True,75.5180265654649,Commodity Chemicals,Commodities,42.0,103,3-year profit growth >= 15%/yr; ROE >= 20%; RS rating >= 80,3
GOCLCORP,0.01437890435999821,0.20289855072463747,0.5837347165616895,0.07506982739307257,0.7972475075856091,0.0,0.0,1.188545161307458,0.4728822622670871,0.02916984378180717,0.07118205349439166,-0.09327765891365869,-0.10038413839738904,36989578.4,-5.92002045075033,26.54867256637168,-124.05733638419376,-0.06084770091241813,0.0,41.789494285495124,-331.1199999999999,1.0,48.425071587655104,0.33999999999999986,20678.0,True,True,50.25142314990512,Explosives,Commodities,15.0,103,"Uptrend (price > 50 > 150 > 200-day, 200-day rising); Within 15% of 52-week high; Quarterly profit growth >= 25%; RS rating >= 80; Net profit margin up vs a year ago",5
GOCOLORS,-0.13313072957931482,-0.5188894616687533,0.19986041727887138,-1.062397424899329,0.42791250262072816,0.0,0.0,0.6223392251870262,0.621740846281001,0.024839441610754114,0.04661885245901631,-0.05019405638338459,-0.02399130069249299,32475634.8,-25.922601684393186,0.004487726069202225,34.13753996255086,-0.7093091886562338,0.0,-14.232279609097553,-2.59,1.0,8.5383502170767,-3.4600000000000044,20679.0,True,True,3.4753320683111952,Speciality Retail,Consumer Discretionary,97.0,103,"Uptrend (price > 50 > 150 > 200-day, 200-day rising); Within 15% of 52-week high; Quarterly profit growth >= 25%; Sales growth >= 20% or 2+ strong quarters; 3-year profit growth >= 15%/yr; ROE >= 20%; RS rating >= 80; Net profit margin up vs a year ago",8
GODFRYPHLP,-0.1292893481202446,-0.416002277904328,0.06462496755774727,-1.0086084919241625,0.5324185248713551,0.0,0.0,0.03956907641961516,0.6903379231574589,0.021461325795298834,0.03860010293360783,-0.09725103633874799,-0.029349521127433647,380551179.6,-44.29997922199771,-18.886421746736648,-121.50109638859848,-2.434088795067282,0.0,19.4361781526732,-7.509999999999998,1.0,24.56535737282679,0.27000000000000135,20661.0,True,True,4.4146110056926,Cigarettes & Tobacco Products,Fast Moving Consumer Goods,,103,"Uptrend (price > 50 > 150 > 200-day, 200-day rising); Within 15% of 52-week high; Quarterly profit growth >= 25%; Sales growth >= 20% or 2+ strong quarters; RS rating >= 80; Net profit margin up vs a year ago",6
GODIGIT,-0.07350509241188609,-0.24374176548089588,-0.19268635724331917,-0.8504240232919319,0.7078877005347594,0.0,0.0,0.8098674897137099,1.563340260052454,0.024282917423619044,0.03764288529759563,0.02905851349145272,-0.029926617923988725,70881431.7,-37.57382409298381,8.544390130457934,-66.66509184532005,-2.7002070865151215,0.0,,-2.6300000000000003,1.0,11.668811668811669,0.610000000000003,20679.0,True,True,16.907020872865274,General Insurance,Financial Services,84.0,103,"Uptrend (price > 50 > 150 > 200-day, 200-day rising); Within 15% of 52-week high; Quarterly profit growth >= 25%; Sales growth >= 20% or 2+ strong quarters; 3-year profit growth >= 15%/yr; ROE >= 20%; RS rating >= 80; Net profit margin up vs a year ago",8
GODREJAGRO,0.01629752705132448,-0.09558204768583445,0.125,-0.3322276965223203,0.8881483024369924,0.0,1.0,1.6667090877844017,0.557676421235422,0.02096650973533672,0.03202295107389319,0.03922100669254425,-0.023000536789675424,116710929.675,-13.81734085664541,9.215886531333538,-68.28616922869597,-1.175206763655481,0.0,12.382735748155515,-1.2000000000000002,1.0,21.8996062992126,-0.41999999999999815,20647.0,True,True,50.72106261859582,Animal Feed,Fast Moving Consumer Goods,,103,Quarterly profit growth >= 25%; Sales growth >= 20% or 2+ strong quarters; 3-year profit growth >= 15%/yr; RS rating >= 80; Net profit margin up vs a year ago,5
GODREJCP,-0.09184013969966848,-0.2544157608695652,-0.12370876790259,-1.0092340867552276,0.679448936337232,0.0,0.0,-0.969476383865587,0.9407497360236592,0.01895888994864858,0.04241338112305848,-0.06699766304769639,-0.01608520817396765,1024791293.0,10.50419507154996,15.391358489947727,-8.967848776008823,0.6351918878054621,0.0,5.416289384859985,-0.5399999999999991,1.0,14.713788741302972,-0.030000000000001137,20650.0,True,True,11.17741935483871,Personal Care,Fast Moving Consumer Goods,75.0,103,"Uptrend (price > 50 > 150 > 200-day, 200-day rising); Within 15% of 52-week high; Quarterly profit growth >= 25%; Sales growth >= 20% or 2+ strong quarters; 3-year profit growth >= 15%/yr; ROE >= 20%; RS rating >= 80; Net profit margin up vs a year ago",8
GODREJIND,-0.0370097231030048,-0.026359832635983294,0.380926947955611,-0.33329829758970114,0.7130977130977131,0.0,0.0,0.19530798863835183,0.9560564711403285,0.016372360975082097,0.029438405797101552,-0.12485414235705938,-0.03674480854242645,74428140.5,-27.800907872525528,22.15996233014934,-130.24889095350966,-1.1763180556208135,0.0,15.791130082297066,-6.650000000000002,1.0,21.580030419611703,0.08999999999999986,20657.0,True,True,30.902277039848197,Diversified,Diversified,81.0,103,"Uptrend (price > 50 > 150 > 200-day, 200-day rising); Within 15% of 52-week high; Quarterly profit growth >= 25%; RS rating >= 80; Net profit margin up vs a year ago",5
GODREJPROP,-0.07198728098950068,-0.007461565426410965,0.25070991354830574,-0.5815050202720548,0.6718537414965987,0.0,0.0,-0.19123544838783854,1.2592926266608442,0.019301557742217895,0.01729296314025852,-0.16953526137934294,-0.027403512021952837,948729877.5,-41.61683053328241,16.478737113402065,-112.5514918667374,-1.6120663174701109,0.0,31.29820218017216,-68.67999999999999,1.0,9.610565880141992,-0.00999999999999801,20643.0,True,True,17.75237191650854,"Residential, Commercial Projects",Consumer Discretionary,66.0,103,"Uptrend (price > 50 > 150 > 200-day, 200-day rising); Within 15% of 52-week high; Quarterly profit growth >= 25%; Sales growth >= 20% or 2+ strong quarters; ROE >= 20%; RS rating >= 80; Net profit margin up vs a year ago",7
GOKEX,-0.034453031483989885,0.0902811355943911,0.2681986180298892,-0.12614301468985623,0.7047858414493664,0.0,0.0,-0.1287332062196925,1.3460795293503351,0.01890198581357039,0.021868930292784805,-0.11622495423542312,-0.029082662900259702,165808914.14999998,6.782571784298108,20.686552485378584,38.89241371881155,0.14665749973902206,0.0,-13.924716932376423,-0.5,1.0,4.6274872744099955,0.4399999999999977,20676.0,True,True,32.405123339658445,Garments & Apparels,Consumer Discretionary,23.0,103,"Uptrend (price > 50 > 150 > 200-day, 200-day rising); Within 15% of 52-week high; Quarterly profit growth >= 25%; 3-year profit growth >= 15%/yr; ROE >= 20%; RS rating >= 80; Net profit margin up vs a year ago",7
GOKULAGRO,0.023567499729357986,0.1788373278939317,0.17992037566353614,0.19328733917606838,0.8176289453425711,0.0,0.0,0.32832643569829395,1.2808835936445866,0.018025624335165608,0.02782234037677056,-0.07003256330757046,-0.028616574682259907,70046213.085,71.61899540040812,7.261872125255109,-73.26059938400559,2.4088257571853715,2.0,48.58893404122811,0.8699999999999999,1.0,25.931131412508783,0.3800000000000001,20663.0,True,True,53.35104364326376,Edible Oil,Fast Moving Consumer Goods,82.0,103,"Uptrend (price > 50 > 150 > 200-day, 200-day rising); Within 15% of 52-week high; RS rating >= 80",3
GOLDIAM,0.041382698747417346,0.24222038349462172,0.5259855046844617,0.2511415632698228,0.796082370668006,0.0,0.0,-0.3295475613720356,0.509194964027963,0.019386518832308904,0.04002501563477168,-0.08105021176429661,-0.02037788499671059,154509046.5,120.10505720421479,41.9187742132068,59.440366361346335,5.923375856729817,7.0,37.50811092998767,8.06,1.0,15.46112115732369,-0.5299999999999998,20672.0,True,True,58.89278937381404,"Gems, Jewellery And Watches",Consumer Discretionary,10.0,103,"Uptrend (price > 50 > 150 > 200-day, 200-day rising); Within 15% of 52-week high; ROE >= 20%; RS rating >= 80",4
GOODLUCK,0.05720229226238846,0.1278321011209158,0.35017844396859377,0.4568563980220127,0.9005687424870373,0.0,1.0,0.022071405110749242,0.9561637680789713,0.027221378302942672,0.07483064095883263,0.0259895551217717,-0.03305416247798538,285578025.92999995,67.51447571268842,30.930854580032353,33.61847957767398,6.547271511742593,2.0,30.02925688388767,1.1399999999999997,1.0,12.273641851106639,-0.9200000000000017,20671.0,True,True,62.368121442125236,Iron & Steel Products,Industrials,16.0,103,ROE >= 20%; RS rating >= 80,2
GOPAL,-0.06818129058004677,-0.24278777492145098,0.008368200836820217,-0.8822708716297414,0.7008781558726674,0.0,0.0,0.17731339591132625,3.395028488964393,0.014239348129528446,0.020457280385078214,-0.04414736747556092,-0.01382647601464303,37795440.225,300.0,31.086072570382093,180.87690143946742,0.8074147943081775,3.0,-26.87734979688804,2.29,1.0,15.481171548117153,-0.5600000000000005,20679.0,True,True,19.255218216318784,Packaged Foods,Fast Moving Consumer Goods,89.0,103,"Uptrend (price > 50 > 150 > 200-day, 200-day rising); Within 15% of 52-week high; 3-year profit growth >= 15%/yr; ROE >= 20%; RS rating >= 80",5
GPIL,-0.05286028892826837,-0.03473308466690739,-0.12579004722121334,-0.402121967864967,0.66971875,0.0,0.0,0.05617841475882395,1.6096180466283312,0.020723964594323768,0.03624834374408481,-0.10199563044675197,-0.04172890260117363,330170131.505,2.753999136820795,32.285660306064614,-29.594921884860547,0.09076153663084685,0.0,5.7588204892523365,-3.650000000000002,1.0,13.806162850748837,0.5299999999999994,20672.0,True,True,24.98481973434535,Iron & Steel Products,Industrials,16.0,103,"Uptrend (price > 50 > 150 > 200-day, 200-day rising); Within 15% of 52-week high; Quarterly profit growth >= 25%; 3-year profit growth >= 15%/yr; ROE >= 20%; RS rating >= 80; Net profit margin up vs a year ago",7
GPPL,0.0565974723272128,0.027986261289912218,0.09968020684493428,0.33025972323667,0.8619121395372082,0.0,0.0,0.499415743348261,1.1620074783940033,0.014354369887801999,0.0386819484240688,0.07463497554872078,-0.019616672205435063,207192277.435,41.765712182098746,32.63902770559308,2.871989819816534,1.612467135481989,2.0,16.561487083938676,2.8699999999999974,1.0,21.566164154103852,-1.2299999999999969,20677.0,True,True,62.180265654648956,Port & Port services,Services,20.0,103,"Uptrend (price > 50 > 150 > 200-day, 200-day rising); RS rating >= 80",2
GRANULES,0.10812214602601024,0.6484648270501359,0.31723602484472035,2.1797610281476074,0.9151734964542846,0.0,0.0,0.30559313462942495,1.2427183228562317,0.01795704701824309,0.041646720919100044,-0.008736440926414568,-0.021999418128203777,619461837.75,36.605261242819395,22.037021733741025,-8.007215803649252,1.394548029283225,4.0,14.151879763467633,1.299999999999999,1.0,11.701081612586037,1.2899999999999991,20650.0,True,True,76.08159392789375,Pharmaceuticals,Healthcare,26.0,103,"Uptrend (price > 50 > 150 > 200-day, 200-day rising); 3-year profit growth >= 15%/yr; ROE >= 20%; RS rating >= 80",4
GRAPHITE,0.1914508454292287,0.3442052221713239,0.15155796248332165,1.2036132450640178,0.9539086178303882,0.0,1.0,0.793520513298236,1.005317866675466,0.030533849185655625,0.15035750766087852,0.11410324740291933,-0.02484220836673841,809088688.0,28.579097744360894,26.61654135338345,128.5790977443609,0.25055193577975293,1.0,6.723708463600286,0.3099999999999987,1.0,2.9185867895545314,-0.9200000000000017,20645.0,True,True,87.35294117647058,Electrodes & Refractories,Industrials,5.0,103,3-year profit growth >= 15%/yr; ROE >= 20%,2
GRASIM,0.003348403098486985,0.20936328224544032,0.2706548347613218,0.2714038031939934,0.8563513236199466,0.0,0.0,0.04869018171139739,1.5223987998749777,0.01503687285405177,0.019276261108624793,-0.09157460401969919,-0.03410282671220915,2608335790.8,37.785343625502854,21.432032639647748,13.896852551332127,1.4836193983272854,5.0,1.584726257014002,0.9399999999999995,1.0,9.954576205663477,-0.43000000000000327,20654.0,True,True,46.306451612903224,Cement & Cement Products,Commodities,102.0,103,"Uptrend (price > 50 > 150 > 200-day, 200-day rising); 3-year profit growth >= 15%/yr; ROE >= 20%; RS rating >= 80",4
GRAVITA,-0.023222587862066213,0.03558741040822677,0.2029247810034025,-0.18510348295613407,0.7817725752508362,0.0,0.0,-0.3392313643085156,3.3592476399094107,0.019273664028085242,0.05437302423603807,-0.10463447420617111,-0.04633045912192807,352005756.20000005,14.26510747343288,41.84087543512125,17.494884555050117,1.4163876949274523,0.0,22.722880855650263,-1.7399999999999993,1.0,15.415986949429037,-0.7100000000000009,20661.0,True,True,36.631878557874764,Industrial Minerals,Commodities,88.0,103,"Uptrend (price > 50 > 150 > 200-day, 200-day rising); Within 15% of 52-week high; Quarterly profit growth >= 25%; ROE >= 20%; RS rating >= 80; Net profit margin up vs a year ago",6
GREAVESCOT,0.03089265504782207,-0.07824283559577672,0.44122632471073775,-0.0016919547057505843,0.7796984185362266,0.0,1.0,0.21660352380477377,1.145123762358243,0.02926178934156922,0.0767923887189943,0.03509054601026307,-0.07796549470945625,208457191.5,-70.9089292214435,30.67893698938868,-118.06460568335896,-0.9096616655968215,0.0,-17.232171715337795,-2.2,1.0,2.4458420684835778,0.0,20644.0,True,True,56.356736242884246,"Compressors, Pumps & Diesel Engines",Industrials,60.0,103,Within 15% of 52-week high; Quarterly profit growth >= 25%; 3-year profit growth >= 15%/yr; ROE >= 20%; RS rating >= 80; Net profit margin up vs a year ago,6
GREENPANEL,-0.12600377246108124,-0.4098042870456664,-0.1359493532718441,-1.0860886300732522,0.5061068702290077,0.0,0.0,0.05755857953568019,2.3226411514255307,0.019671080092087307,0.048279794715833324,-0.05570128066656366,-0.029526285580828624,42811632.54,-56.74390073643938,-10.151559774359441,-48.96301696497153,-1.3478110212987655,0.0,27.514155146983477,-8.1,1.0,10.858010630220196,-0.03999999999999915,19844.0,True,True,4.696394686907021,Plywood Boards/ Laminates,Consumer Discretionary,57.0,103,"Uptrend (price > 50 > 150 > 200-day, 200-day rising); Within 15% of 52-week high; Quarterly profit growth >= 25%; Sales growth >= 20% or 2+ strong quarters; ROE >= 20%; RS rating >= 80; Net profit margin up vs a year ago",7
GREENPLY,0.04561746469136523,0.02956580503463413,0.5714285714285714,0.1261839983548498,0.9292763157894738,0.0,1.0,0.4401157064762657,3.8385613934652656,0.02223617443829975,0.07029438001784127,0.06988418051863987,-0.03535858164809453,43862447.55,50.5251204143637,20.652119638488053,-100.92576212104944,0.8368347376587191,2.0,15.28770502238328,1.0300000000000002,1.0,10.06711409395973,-0.1599999999999966,20658.0,True,True,59.83206831119545,Plywood Boards/ Laminates,Consumer Discretionary,57.0,103,ROE >= 20%; RS rating >= 80,2
GRINDWELL,0.06632291174958638,0.2658840224472683,0.36417350201584875,0.834605890905607,0.8220773930753564,0.0,1.0,0.3242471293695253,2.293166538573031,0.0316842029725226,0.040381906401627754,0.001603001533521553,-0.02702893142506299,45381551.2,22.01528752498103,14.192704631393394,-6.481442682706298,1.9531728550175005,2.0,6.178216595038499,0.9199999999999999,1.0,16.456195737963693,0.060000000000002274,20635.0,True,True,65.37381404174573,Abrasives & Bearings,Industrials,49.0,103,Within 15% of 52-week high; Quarterly profit growth >= 25%; 3-year profit growth >= 15%/yr; ROE >= 20%; RS rating >= 80,5
GRMOVER,-0.0726632144526126,-0.2658726830495681,-0.45697623922079533,-0.7455696310322387,0.43779994607710976,0.0,0.0,-0.21781801608661752,1.1203647711544957,0.017821116058888677,0.027622377622377625,-0.05620898013842435,-0.017103647108756326,94970014.22,10.181282157909433,30.51900361099211,4.645823698805507,0.7210097726025646,0.0,7.23258580552375,-0.9100000000000001,1.0,12.312811980033278,-2.219999999999999,20677.0,True,True,17.094876660341555,Other Agricultural Products,Fast Moving Consumer Goods,58.0,103,"Uptrend (price > 50 > 150 > 200-day, 200-day rising); Within 15% of 52-week high; Quarterly profit growth >= 25%; 3-year profit growth >= 15%/yr; ROE >= 20%; RS rating >= 80; Net profit margin up vs a year ago",7
GROWW,,,0.15010671093194206,,0.8703785211267606,0.0,1.0,0.11281792329930014,1.1573197543640825,0.019621978823772254,0.038532008217200486,0.026585848014419433,-0.02229932431463633,4446885622.934999,94.31001601541513,66.01282618310482,-27.71409128557758,,2.0,,7.130000000000003,1.0,21.581019477828427,8.54,20649.0,True,True,,Stockbroking & Allied,Financial Services,17.0,103,3-year profit growth >= 15%/yr; RS rating >= 80,2
GRSE,-0.06623658721733466,0.015880654475457057,0.12113299402522681,-0.3615430875849204,0.6295297993411201,0.0,0.0,-0.22474462582985483,1.352731967075348,0.014960885853640027,0.03077186084280714,-0.15126260790916646,-0.054389328177421536,877316310.7,43.82192930164912,38.534358371441435,19.622692378896,1.2732848217240054,6.0,46.50692068643956,0.34999999999999964,1.0,28.473543966501712,-0.05999999999999961,20679.0,True,True,19.81878557874763,Aerospace & Defense,Industrials,19.0,103,"Uptrend (price > 50 > 150 > 200-day, 200-day rising); Within 15% of 52-week high; RS rating >= 80",3
GRWRHITECH,0.22431725817841894,1.4264680705358672,0.9132019438444925,2.519597460840368,0.864017521902378,0.0,0.0,-0.4687441285070117,1.269319797033277,0.022666283181799456,0.05605531187272317,-0.00916701710975587,-0.03665350425730792,307572698.75,59.776584513377415,27.897533283500685,20.664553125135555,1.9157423428070226,2.0,32.885735149011765,4.18,1.0,12.725903614457831,1.3100000000000005,20671.0,True,True,90.92220113851992,Plastic Products - Industrial,Industrials,45.0,103,"Uptrend (price > 50 > 150 > 200-day, 200-day rising); ROE >= 20%",2
GSFC,-0.06187710260808979,-0.16957275415519524,0.06820566631689395,-0.8804258784863163,0.7486874343717185,0.0,0.0,-0.312450928244085,1.1960679475379032,0.013148089411211492,0.04217031101453217,-0.04924640729057139,-0.018962533437954333,119507716.00999999,14.357287273334451,64.03285097577837,41.653594614462484,0.6789318393654883,0.0,-12.446665723930806,-1.92,1.0,5.486263960218472,0.030000000000001137,20677.0,True,True,21.321631878557874,Fertilizers,Commodities,78.0,103,"Uptrend (price > 50 > 150 > 200-day, 200-day rising); Within 15% of 52-week high; Quarterly profit growth >= 25%; 3-year profit growth >= 15%/yr; ROE >= 20%; RS rating >= 80; Net profit margin up vs a year ago",7
GUFICBIO,0.06927601160951236,0.2571347838372422,0.5330806340454859,0.5531503968690133,0.9032706284737068,0.0,1.0,0.4632110078227838,1.9823733451221377,0.01908886360954765,0.038296860133206545,0.004717452195374783,-0.018715677134622546,30576781.35,70.68263840074067,16.583229036295364,-112.76437990141366,1.1698229728507488,2.0,-2.5071337213805056,2.710000000000001,1.0,9.624060150375941,-0.11000000000000032,20679.0,True,True,66.12523719165085,Pharmaceuticals,Healthcare,26.0,103,3-year profit growth >= 15%/yr; ROE >= 20%; RS rating >= 80,3
GUJALKALI,0.039738444812884174,0.3265925176946409,0.23192488262910804,0.32642482969706205,0.7558282208588957,0.0,0.0,0.5007533080797357,0.4554945228342598,0.021667056712038675,0.03455955130320021,-0.08878165965994977,-0.041034889399364984,46080060.125,100.0,12.649305052844962,30.288345855368505,1.881841956262358,4.0,-25.647808697263553,5.67,1.0,-0.03853564547206166,1.6199999999999992,20657.0,True,True,58.42314990512334,Commodity Chemicals,Commodities,42.0,103,"Uptrend (price > 50 > 150 > 200-day, 200-day rising); Within 15% of 52-week high; 3-year profit growth >= 15%/yr; ROE >= 20%; RS rating >= 80",5
GUJENERGY,-0.12163144491447944,-0.27337633697210284,-0.026193290970888294,-1.1573894860391807,0.6036619197336786,0.0,0.0,-0.3337300085967899,2.6167405839613345,0.01837225788200661,0.030034722222222143,-0.10811874262230581,-0.02155373531782972,329411039.93,84.05984542265384,63.12412840775479,111.04854162510135,4.5801911206940815,1.0,8.982689244820774,1.200000000000001,1.0,9.162389428852244,16.290000000000003,20676.0,True,True,5.541745730550285,LPG/CNG/PNG/LNG Supplier,Energy,72.0,103,"Uptrend (price > 50 > 150 > 200-day, 200-day rising); Within 15% of 52-week high; 3-year profit growth >= 15%/yr; ROE >= 20%; RS rating >= 80",5
GUJTHEM,0.031166764987796063,0.01530297420708382,0.574967455394747,-0.12341127732748404,0.7922755741127349,0.0,0.0,-0.1543517406583174,0.9459083750885239,0.02675187551784544,0.0557884928954111,-0.032815462719432476,-0.043385069341605874,96068172.875,-14.651380243605793,10.804655870445323,-17.685395182716945,-0.5669211416544645,0.0,-8.449812532735901,-7.539999999999999,1.0,16.319444444444446,15.79,20672.0,True,True,56.450664136622386,Pharmaceuticals,Healthcare,26.0,103,"Uptrend (price > 50 > 150 > 200-day, 200-day rising); Within 15% of 52-week high; Quarterly profit growth >= 25%; Sales growth >= 20% or 2+ strong quarters; 3-year profit growth >= 15%/yr; ROE >= 20%; RS rating >= 80; Net profit margin up vs a year ago",8
GULFOILLUB,0.008537521614310317,-0.1285399494001469,0.20349394195548043,-0.29193434332546087,0.8675352877307273,0.0,0.0,0.38310925514634453,1.1095083472776244,0.01869038964200567,0.04548482253306685,0.002788012442962229,-0.02151603315755946,57326615.75,26.946043145807018,30.573072949972936,30.400148648237955,2.9666720022816166,1.0,16.345130815207852,-0.2599999999999998,1.0,22.4609375,-0.5999999999999979,20668.0,True,True,48.37286527514231,Lubricants,Energy,4.0,103,"Uptrend (price > 50 > 150 > 200-day, 200-day rising); RS rating >= 80; Net profit margin up vs a year ago",3
GULPOLY,0.006915492031109081,0.24155653450807635,0.15319280843149397,0.2637140375521646,0.7320212625752317,0.0,0.0,-0.9559225427976774,0.35181039608583176,0.02185133281675443,0.044018900770952385,-0.09499731155055635,-0.022527720201754427,30197170.89,300.0,22.98680954435035,264.5919264855825,2.7905795985204054,2.0,-5.1596693557555255,2.63,1.0,4.078303425774878,0.030000000000000027,20398.0,True,True,47.80929791271347,Other Agricultural Products,Fast Moving Consumer Goods,58.0,103,"Uptrend (price > 50 > 150 > 200-day, 200-day rising); Within 15% of 52-week high; 3-year profit growth >= 15%/yr; ROE >= 20%; RS rating >= 80",5
GVPIL,0.19113657512893317,1.014263565891473,0.5151020408163265,1.9236334867410898,0.644049815498155,0.0,1.0,-0.08779738858141832,1.8920355361498176,0.030658448005323972,0.04999237921048616,0.011868786786499719,-0.04289258975437875,142697295.0,42.524338547942044,7.613735401777921,-57.475661452057956,0.2900519397090608,5.0,66.92706969832535,5.330000000000002,1.0,43.470790378006875,-0.16999999999999993,20655.0,True,True,87.25901328273244,Heavy Electrical Equipment,Industrials,36.0,103,Within 15% of 52-week high,1
GVTandD,0.07379343799622103,0.44076416072802704,0.15664365716741435,0.9951651824207037,0.7639469026548673,0.0,0.0,0.09152917335745211,0.8228226861333712,0.023974583340327413,0.08765341637662583,0.0007744101498738942,-0.017961746991428586,3377089143.8,24.673057628535933,38.04214625638096,-61.61317429865501,2.0088314955691726,16.0,354.3292883150956,-2.120000000000001,1.0,45.836431226765804,-0.4299999999999997,20679.0,True,True,66.97058823529412,Heavy Electrical Equipment,Industrials,36.0,103,"Uptrend (price > 50 > 150 > 200-day, 200-day rising); Within 15% of 52-week high; Quarterly profit growth >= 25%; RS rating >= 80; Net profit margin up vs a year ago",5
HAL,0.02379153599067312,0.024472573839662504,0.2942085765304763,0.004783389559056616,0.9216295462047808,0.0,0.0,0.31946131086605406,1.3393160323736015,0.01603516675926289,0.036229197561377546,-0.016097990943532592,-0.018085831434770376,3186885085.2,14.884611560055493,14.446120676238472,9.363055722739233,0.7136008609608687,0.0,15.680988215755608,0.10999999999999943,1.0,22.211934407056358,0.6000000000000014,20670.0,True,True,53.44497153700189,Aerospace & Defense,Industrials,19.0,103,"Uptrend (price > 50 > 150 > 200-day, 200-day rising); Quarterly profit growth >= 25%; Sales growth >= 20% or 2+ strong quarters; RS rating >= 80",4
HAPPSTMNDS,-0.12658285712761705,-0.3330821401657874,-0.08147379346133876,-1.0657803820952092,0.5683365985632988,0.0,0.0,-0.266284924167742,0.2865406598009967,0.02566233329072515,0.013720485003190896,-0.16919191230419672,-0.026684694661133292,378804573.275,18.365516103111588,14.29532642298601,-22.696325798011287,0.8753361188174915,0.0,-0.3766123120466536,0.3699999999999992,1.0,12.61101243339254,-3.2699999999999996,20640.0,True,True,4.6024667931688805,Computers - Software & Consulting,Information Technology,93.0,103,"Uptrend (price > 50 > 150 > 200-day, 200-day rising); Within 15% of 52-week high; Quarterly profit growth >= 25%; Sales growth >= 20% or 2+ strong quarters; 3-year profit growth >= 15%/yr; ROE >= 20%; RS rating >= 80",7
HAPPYFORGE,0.21048900233445073,1.3373707841704081,0.8401150842581175,2.779137805338566,0.7831174089068825,0.0,0.0,0.5390215722286682,1.6415434294520443,0.0247786046178989,0.039338572048401854,-0.0687514924625825,-0.03405357856405314,201131936.5,39.20251333852656,27.026568682871677,15.648871183047966,3.6664799071675205,3.0,,1.7800000000000011,1.0,14.191729323308271,-0.7900000000000027,20638.0,True,True,89.32542694497153,Castings & Forgings,Industrials,6.0,103,"Uptrend (price > 50 > 150 > 200-day, 200-day rising); Within 15% of 52-week high; 3-year profit growth >= 15%/yr; ROE >= 20%",4
HARIOMPIPE,-0.07259903292754885,-0.2702894870492636,0.27579470786716387,-0.6286669853948729,0.6787434765154556,0.0,0.0,-0.11677213850331737,0.9456422565293574,0.019846980983018916,0.03789503789503801,-0.06435903821144973,-0.0327716491090587,32174366.825,-29.625189482276106,-6.894307532106902,-104.24055355753671,-1.3286199250509696,0.0,9.634931358560884,-1.25,1.0,11.746522411128284,0.7599999999999998,20677.0,True,True,17.282732447817835,Iron & Steel Products,Industrials,16.0,103,"Uptrend (price > 50 > 150 > 200-day, 200-day rising); Within 15% of 52-week high; Quarterly profit growth >= 25%; Sales growth >= 20% or 2+ strong quarters; 3-year profit growth >= 15%/yr; ROE >= 20%; RS rating >= 80; Net profit margin up vs a year ago",8
HARSHA,0.05636671338292212,0.13191330343796714,0.3683180243939166,0.4526774738320771,0.9496699669966996,1.0,1.0,0.49983000433988156,2.1264734151810627,0.019522530688492492,0.06232262458848892,0.0484820466806799,-0.028837774922498834,53802831.099999994,-1.4375333853309913,25.223794793178023,-202.34643456802465,-0.03696427066685435,0.0,9.743827017964858,-2.210000000000001,1.0,11.055634807417974,0.019999999999999574,20638.0,True,True,61.992409867172675,Other Industrial Products,Industrials,7.0,103,Quarterly profit growth >= 25%; 3-year profit growth >= 15%/yr; ROE >= 20%; RS rating >= 80; Net profit margin up vs a year ago,5
HATSUN,0.1082351609326827,0.2829153174908072,0.3027921752215348,0.7083424702779607,0.8506334741053566,0.0,1.0,1.2412836954993802,0.4763599421633859,0.025468003952391648,0.05755649717514122,0.07359969627629859,-0.02663033206671567,51618160.75,47.592330525940916,17.61263838785918,-22.85079013550429,0.4667264999891567,2.0,171.9808695632919,0.52,1.0,16.249271986022134,-0.010000000000001563,20472.0,True,True,76.26944971537002,Dairy Products,Fast Moving Consumer Goods,8.0,103,ROE >= 20%; RS rating >= 80,2
HAVELLS,-0.08989443022820079,-0.23332447515280363,-0.04359356870545328,-1.222861357686769,0.6976973684210527,0.0,0.0,-0.2320942672521836,2.2989067399790235,0.014304145249383353,0.03699633699633709,-0.10717893801018341,-0.02881484034714821,840915425.0,-16.718615872290687,19.48252632736669,-56.67477027003227,-0.7148915841165073,0.0,14.257619422726009,-1.9299999999999997,1.0,17.861675126903553,-0.4799999999999969,20651.0,True,True,11.740986717267551,Consumer Electronics,Consumer Discretionary,77.0,103,"Uptrend (price > 50 > 150 > 200-day, 200-day rising); Within 15% of 52-week high; Quarterly profit growth >= 25%; Sales growth >= 20% or 2+ strong quarters; 3-year profit growth >= 15%/yr; ROE >= 20%; RS rating >= 80; Net profit margin up vs a year ago",8
HBLENGINE,0.0013290489011953434,-0.14179104477611948,0.02913985651948825,-0.13436457993623932,0.6795454545454546,0.0,0.0,0.48739650067617113,0.8176888106606324,0.02238477084674849,0.07393741573830992,0.059195181144672704,-0.03296137875953845,648270855.25,-25.068265332126348,6.025557937417947,-70.12952488984386,-0.30832388866525945,0.0,83.67025954629908,-7.100000000000001,1.0,36.74943566591422,-0.14000000000000057,20673.0,True,True,45.83681214421252,Other Industrial Products,Industrials,7.0,103,"Uptrend (price > 50 > 150 > 200-day, 200-day rising); Within 15% of 52-week high; Quarterly profit growth >= 25%; Sales growth >= 20% or 2+ strong quarters; RS rating >= 80; Net profit margin up vs a year ago",6
HCG,0.024023501476117936,0.119281306947153,0.29606663581675163,0.16115200461072518,0.8222980830551074,0.0,0.0,0.14133201286508987,1.327656101260193,0.021266957813750893,0.03178395598030681,-0.05791474816124331,-0.027974421780221078,72530536.55,174.1547300634652,13.363559266749302,-125.8452699365348,0.7691373284825199,2.0,57.51499369102873,1.3900000000000001,1.0,1.7267267267267266,0.259999999999998,20671.0,True,True,53.63282732447818,Hospital,Healthcare,68.0,103,"Uptrend (price > 50 > 150 > 200-day, 200-day rising); Within 15% of 52-week high; ROE >= 20%; RS rating >= 80",4
HCLTECH,-0.016069954885894557,-0.0677526308202393,-0.07831539941566301,-0.499762624386729,0.6656929385989552,0.0,0.0,-0.3586470107577811,1.7128979826265118,0.016922325387895974,0.03946604759141037,-0.08487565892813842,-0.022713217732207806,2852683268.4,20.32269273242564,13.93785627203532,16.173439416632675,2.383619769196213,1.0,6.316094303062392,0.7100000000000009,1.0,22.15392802501164,-0.8100000000000023,20647.0,True,True,39.16793168880455,Computers - Software & Consulting,Information Technology,93.0,103,"Uptrend (price > 50 > 150 > 200-day, 200-day rising); Within 15% of 52-week high; Quarterly profit growth >= 25%; Sales growth >= 20% or 2+ strong quarters; 3-year profit growth >= 15%/yr; RS rating >= 80",6
HDFCAMC,-0.06024578724645098,-0.12562688956073265,0.0300427386239841,-0.5517642672770887,0.7801162692728958,0.0,0.0,-0.1668417776793225,1.6813940808194836,0.017189824270853447,0.02581747852291616,-0.06785926559487399,-0.027874173678430304,1690004455.8000002,11.98624968355717,13.58983628569954,14.449947347141423,1.6225519966354798,0.0,22.934876233925916,-1.0899999999999892,1.0,30.967602123740384,-0.00999999999999801,20649.0,True,True,21.79127134724858,Asset Management Company,Financial Services,76.0,103,"Uptrend (price > 50 > 150 > 200-day, 200-day rising); Within 15% of 52-week high; Quarterly profit growth >= 25%; Sales growth >= 20% or 2+ strong quarters; RS rating >= 80; Net profit margin up vs a year ago",6
HDFCBANK,-0.07872007975827772,-0.25065768704619584,-0.07639429312581059,-1.1903118165137203,0.6886330230279275,0.0,0.0,-0.33738651032297134,2.2105666595517164,0.013112051240187371,0.02524544179523147,-0.028187069321964353,-0.017720951757439332,19359384559.55,19.248235551738002,3.6664661063108728,9.967006312211858,2.2718517442662027,0.0,19.020400548460348,2.9400000000000013,1.0,13.517239731835872,-0.6200000000000045,20645.0,True,True,15.028462998102466,Private Sector Bank,Financial Services,25.0,103,"Uptrend (price > 50 > 150 > 200-day, 200-day rising); Within 15% of 52-week high; Quarterly profit growth >= 25%; Sales growth >= 20% or 2+ strong quarters; ROE >= 20%; RS rating >= 80",6
HDFCLIFE,-0.06243756944139489,-0.27782183452286546,-0.05858028945554794,-1.1440718700333583,0.6925174381737476,0.0,0.0,-0.006495312021635879,2.0635756375764407,0.017679194264615596,0.05054696341003395,0.009958088727606285,-0.026001892199462695,1683256610.0,11.4985659119043,14.578636793448641,7.155959068619721,2.2228151348691916,0.0,11.50098595222877,-0.050000000000000044,1.0,10.771830985915493,-0.30999999999999517,20662.0,True,True,21.227703984819733,Life Insurance,Financial Services,94.0,103,"Uptrend (price > 50 > 150 > 200-day, 200-day rising); Within 15% of 52-week high; Quarterly profit growth >= 25%; Sales growth >= 20% or 2+ strong quarters; 3-year profit growth >= 15%/yr; ROE >= 20%; RS rating >= 80; Net profit margin up vs a year ago",8
HEGAM,0.13884285726283072,0.43458356315499147,0.3210585127996748,0.8166474563308834,0.9047252747252748,0.0,1.0,0.4245448379885685,2.655319212652093,0.03048544003103701,0.07888095136245021,0.004469460045304796,-0.036939959669338204,318273404.20000005,22.556282310181718,11.098599823754029,74.40110600469563,0.25873729414480734,4.0,-11.5873155048146,1.6799999999999997,1.0,7.166876839007987,-1.1199999999999974,20656.0,True,True,81.52941176470588,Electrodes & Refractories,Industrials,5.0,103,Quarterly profit growth >= 25%; 3-year profit growth >= 15%/yr; ROE >= 20%,3
HERITGFOOD,0.023839254602734665,-0.20352046661806056,0.2221511906664535,-0.4924618201959343,0.7914847161572052,0.0,0.0,1.4601044907491099,0.5815456055985873,0.022859451191547947,0.04861198341916828,0.053845909888576404,-0.02160904063979668,99679231.85,-38.3419291922406,17.710862451177036,8.935266187874355,-0.7067217174351286,0.0,23.494317445241663,-1.6999999999999997,1.0,13.599274705349048,-0.0600000000000005,20650.0,True,True,53.53889943074004,Dairy Products,Fast Moving Consumer Goods,8.0,103,"Uptrend (price > 50 > 150 > 200-day, 200-day rising); Within 15% of 52-week high; Quarterly profit growth >= 25%; Sales growth >= 20% or 2+ strong quarters; ROE >= 20%; RS rating >= 80; Net profit margin up vs a year ago",7
HEROMOTOCO,-0.004546033127668124,-9.433072351661131e-05,0.03850298814539044,-0.2100767352804218,0.7832824606715192,0.0,0.0,0.12555576396819235,1.6760374028864038,0.016746950775869122,0.025257780720840062,-0.08097114388972526,-0.025612704461134936,2885137902.0,-16.867006593351686,34.937164298013414,-43.0442332515543,-1.4525873567050787,0.0,22.582729168741622,-6.73,1.0,26.727129702466335,-0.490000000000002,20647.0,True,True,42.45540796963947,2/3 Wheelers,Consumer Discretionary,47.0,103,"Uptrend (price > 50 > 150 > 200-day, 200-day rising); Within 15% of 52-week high; Quarterly profit growth >= 25%; RS rating >= 80; Net profit margin up vs a year ago",5
HEXT,-0.0367035692061477,-0.21810516973596616,0.17440568762497222,-0.6597257088449481,0.6258124419684308,0.0,0.0,0.4041043479698067,0.44118578297915056,0.02065395679661036,0.041142742178855274,-0.05880469126745791,-0.026727414985337383,102051375.75,-12.974150028080967,17.925598797804156,-20.41261841708876,-1.1303273636327915,0.0,27.776344064436785,-3.0500000000000007,1.0,21.659278024065863,0.010000000000001563,20663.0,True,True,31.184060721062618,Computers - Software & Consulting,Information Technology,93.0,103,"Uptrend (price > 50 > 150 > 200-day, 200-day rising); Within 15% of 52-week high; Quarterly profit growth >= 25%; Sales growth >= 20% or 2+ strong quarters; RS rating >= 80; Net profit margin up vs a year ago",6
HGINFRA,-0.18193517766327846,-0.48572952787409973,-0.016125739946927897,-1.4686722334487516,0.4261866967074607,0.0,0.0,1.7734023961174161,1.0492191863444584,0.01639699801989644,0.03849567339693816,-0.15267696254593954,-0.044847476969407274,30022370.35,-41.483563158435324,-25.746188098772105,18.063211503360655,-1.1296568329083574,0.0,-21.415238749558995,-1.42,1.0,10.10719754977029,-0.5600000000000005,20664.0,True,True,0.3757115749525617,Civil Construction,Industrials,90.0,103,"Uptrend (price > 50 > 150 > 200-day, 200-day rising); Within 15% of 52-week high; Quarterly profit growth >= 25%; Sales growth >= 20% or 2+ strong quarters; 3-year profit growth >= 15%/yr; ROE >= 20%; RS rating >= 80; Net profit margin up vs a year ago",8
HIKAL,-0.0007456060624805444,-0.1123976841684966,0.36254980079681287,-0.19970041576671677,0.8629885057471265,0.0,0.0,1.2716677706096455,0.5377828027853178,0.04014229085721185,0.09311740890688247,0.023367899942207337,-0.029209250385621117,78850971.68,22.4717982297868,5.888538380651953,-64.13050009126154,0.25167104514718186,2.0,-23.382942085922508,1.8399999999999999,0.0,-4.08673894912427,-0.4299999999999997,20671.0,True,True,44.89753320683112,Pharmaceuticals,Healthcare,26.0,103,"Uptrend (price > 50 > 150 > 200-day, 200-day rising); Quarterly profit growth >= 25%; 3-year profit growth >= 15%/yr; ROE >= 20%; RS rating >= 80",5
HIMATSEIDE,-0.15704319467529435,-0.39699806054473397,-0.1492981203901974,-1.1037715495796476,0.4882230288053131,0.0,0.0,-0.2306563498095677,1.3016084406625694,0.019761169818336626,0.07372251226071835,-0.11132477551181064,-0.03234769636797072,32378893.580000002,-54.42176047325663,-5.425152982007509,44.100102893143465,-0.1292053499430928,0.0,41.396024601760374,-0.8599999999999999,1.0,2.8958430639887904,-9.25,20677.0,True,True,1.7846299810246682,Other Textile Products,Consumer Discretionary,21.0,103,"Uptrend (price > 50 > 150 > 200-day, 200-day rising); Within 15% of 52-week high; Quarterly profit growth >= 25%; Sales growth >= 20% or 2+ strong quarters; ROE >= 20%; RS rating >= 80; Net profit margin up vs a year ago",7
HINDALCO,0.028954648602696142,0.34120456354470696,0.09008571890667949,0.7126862654108174,0.7745323129251701,0.0,0.0,0.003476939604394243,1.4296457942752292,0.015774638845119964,0.03165467625899265,-0.09203189077866847,-0.026961976091109327,3632854764.75,116.85029158945687,32.06034375389215,139.043400093245,3.9845579428407487,1.0,35.10778440029774,4.0,1.0,9.804294824392494,-0.0799999999999983,20636.0,True,True,55.88709677419355,Aluminium,Commodities,2.0,103,"Uptrend (price > 50 > 150 > 200-day, 200-day rising); Within 15% of 52-week high; ROE >= 20%; RS rating >= 80",4
HINDCOPPER,0.10632625282271817,0.6329117886433357,0.03635641203933626,0.9184174699652362,0.6314716137096243,0.0,0.0,0.12466220836279862,0.6005297009968639,0.02626187766781599,0.04665095266155972,-0.0700769978958301,-0.029687690975442,3780566759.6,162.48690935688631,81.36220152216434,25.11297361688841,2.5821759985529993,4.0,61.67324868565112,11.630000000000003,1.0,27.490278193239604,-0.9299999999999997,20675.0,True,True,75.42409867172675,Copper,Commodities,,103,"Uptrend (price > 50 > 150 > 200-day, 200-day rising); Within 15% of 52-week high; RS rating >= 80",3
HINDOILEXP,0.031172619918761267,0.07808857808857805,0.4703544746463202,0.003480955274596672,0.8532565528196981,0.0,1.0,1.528772219045945,0.4115929353697687,0.025101049797293634,0.03324316200781485,0.022472017056270444,-0.02835678134307905,75309339.985,-87.79220927974076,163.1481908273796,-6.895590337805615,-2.0189519280502193,0.0,-47.802052809009844,-112.44,1.0,4.552023121387283,0.3999999999999999,20677.0,True,True,56.54459203036053,Oil Exploration & Production,Energy,27.0,103,Quarterly profit growth >= 25%; 3-year profit growth >= 15%/yr; ROE >= 20%; RS rating >= 80; Net profit margin up vs a year ago,5
HINDPETRO,-0.05192521088404375,-0.19298245614035092,0.08672458466697153,-0.6383432662346055,0.6748942865571835,0.0,0.0,0.02296779745871242,1.1066175737990014,0.01552288461138361,0.025266540090550516,-0.06436176739240096,-0.01798063919559284,1608775874.125,-100.0,26.8520923871826,-177.41873291148693,-4.159658219608773,0.0,-41.41774820968437,-12.43,0.0,27.529135395692233,-0.4100000000000037,20656.0,True,True,25.17267552182163,Refineries & Marketing,Energy,46.0,103,"Uptrend (price > 50 > 150 > 200-day, 200-day rising); Within 15% of 52-week high; Quarterly profit growth >= 25%; 3-year profit growth >= 15%/yr; RS rating >= 80; Net profit margin up vs a year ago",6
HINDUNILVR,-0.07720056493326702,-0.1968613533785626,-0.05343438219493479,-1.1113597255815895,0.7109942256017381,0.0,0.0,-0.7049290049887191,1.041641744693976,0.015351879821882302,0.03089643167972156,-0.06411518397105342,-0.022842777660271027,2396150014.1,-3.901955438813909,10.052675001586596,-12.111353713310091,-1.0807881609469943,0.0,2.096980848463681,-2.289999999999999,1.0,30.89722809249266,-0.00999999999999801,20662.0,True,True,15.498102466793169,Diversified FMCG,Fast Moving Consumer Goods,91.0,103,"Uptrend (price > 50 > 150 > 200-day, 200-day rising); Within 15% of 52-week high; Quarterly profit growth >= 25%; Sales growth >= 20% or 2+ strong quarters; 3-year profit growth >= 15%/yr; RS rating >= 80; Net profit margin up vs a year ago",7
HINDZINC,0.05178456616595637,0.2892845650541671,0.14247695086018441,0.4556032272944722,0.7517053206002728,0.0,0.0,0.21176516141239904,0.5763469264128839,0.020466192464897632,0.04141184693342659,-0.048658280126108955,-0.028601654930993863,2595366525.8,144.7698679035209,76.90129970402779,77.18659862571933,4.9103001880374615,3.0,22.021113803189674,11.030000000000001,1.0,61.12510495382032,-0.07000000000000028,20658.0,True,True,60.959203036053125,Zinc,Commodities,,103,"Uptrend (price > 50 > 150 > 200-day, 200-day rising); Within 15% of 52-week high; RS rating >= 80",3
HIRECT,0.09879639390212748,0.47579379451889436,0.8009576427255987,0.6428284194122668,0.7962115796997856,0.0,0.0,-0.2779175081719449,0.6405283055003163,0.03307742537405444,0.05734796600379566,-0.10222931476376995,-0.043627841480131845,64953006.5,-63.79746478840175,20.338036038552865,36.20253521159825,-1.2867073250800607,0.0,52.07770199176935,-4.16,1.0,18.660287081339714,3.29,20649.0,True,True,73.45161290322581,Industrial Products,Industrials,11.0,103,"Uptrend (price > 50 > 150 > 200-day, 200-day rising); Within 15% of 52-week high; Quarterly profit growth >= 25%; ROE >= 20%; RS rating >= 80; Net profit margin up vs a year ago",6
HITECH,-0.10515637111998366,-0.340729139476203,-0.04930991217063996,-0.858832530937285,0.5969305331179322,0.0,0.0,0.017014119286463535,8.024524492954608,0.022388998844216704,0.06609564596716644,-0.05593128099521949,-0.02155866695880136,36223459.145,-3.9735200774424384,78.52810351799432,-4.010567714661784,-0.20941282258831104,0.0,17.570625755369672,-1.2200000000000002,1.0,5.701425356339085,0.15000000000000213,20677.0,True,True,8.359582542694497,Iron & Steel Products,Industrials,16.0,103,"Uptrend (price > 50 > 150 > 200-day, 200-day rising); Within 15% of 52-week high; Quarterly profit growth >= 25%; ROE >= 20%; RS rating >= 80; Net profit margin up vs a year ago",6
HLEGLAS,0.07612100754205121,-0.27867257593773653,0.2266544117647058,0.025814128936214164,0.7091925372006949,0.0,0.0,0.4840165527304177,0.7901144886370876,0.04727995005847462,0.09999999999999987,0.2182052200268838,-0.035122980069267916,86739442.9,-88.54956382690138,5.916534601162171,-53.1797532318611,-1.7656287361485001,0.0,-10.453131380463976,-5.61,1.0,10.674157303370785,-0.39000000000000057,20675.0,True,True,67.6280834914611,Industrial Products,Industrials,11.0,103,"Uptrend (price > 50 > 150 > 200-day, 200-day rising); Within 15% of 52-week high; Quarterly profit growth >= 25%; Sales growth >= 20% or 2+ strong quarters; 3-year profit growth >= 15%/yr; ROE >= 20%; RS rating >= 80; Net profit margin up vs a year ago",8
HMAAGRO,-0.009445962125808567,-0.33333333333333337,-0.1525010166734445,-0.5123605601665718,0.7275116822429906,0.0,0.0,-0.07019685090998203,0.9580125297829759,0.03192228307280162,0.1664175386148481,0.12866101203421776,-0.020503295693862188,35377694.175,300.0,87.98336020523605,333.221712515346,1.4805230345971447,1.0,22.385302888445914,2.3400000000000003,1.0,17.534537725823593,-0.6300000000000008,20678.0,True,True,40.85863377609108,Meat Products including Poultry,Fast Moving Consumer Goods,33.0,103,"Uptrend (price > 50 > 150 > 200-day, 200-day rising); Within 15% of 52-week high; ROE >= 20%; RS rating >= 80",4
HNDFDS,0.03622584034093248,0.15134780980906015,0.2441589966622837,0.31493342836714716,0.8563629656953153,0.0,0.0,-0.17990483676026434,1.37714085481967,0.01709864682035494,0.02578721164810105,-0.04543398708934665,-0.03449810512189961,42071260.925,32.82897083881993,17.90436737378396,-1.3417210444964596,2.1682709726636413,4.0,26.641515489508393,0.3999999999999999,1.0,12.789699570815449,-0.379999999999999,20669.0,True,True,57.8595825426945,Diversified FMCG,Fast Moving Consumer Goods,91.0,103,"Uptrend (price > 50 > 150 > 200-day, 200-day rising); ROE >= 20%; RS rating >= 80",3
HOMEFIRST,-0.028818226425809935,0.019460825610783328,0.23649925918356907,-0.22303690071123305,0.8256052212187903,0.0,0.0,0.1499141824795771,1.8610061520273207,0.017883123720204678,0.05795619193727086,-0.0762267867908667,-0.052708877141369785,169021630.8,34.44459854427719,18.606291748418236,-8.313725703716983,3.5064655717339974,13.0,33.168498252310094,3.5,1.0,12.393848978655038,0.4899999999999949,20679.0,True,True,34.09582542694498,Housing Finance Company,Financial Services,92.0,103,"Uptrend (price > 50 > 150 > 200-day, 200-day rising); Within 15% of 52-week high; ROE >= 20%; RS rating >= 80",4
HONASA,0.13451007847614235,0.700234614690489,0.5454396325459316,2.184489763045438,0.9357591212240094,0.0,1.0,0.41215510120453586,10.924520525271031,0.022163942451950663,0.08188192716579956,0.016999377499595125,-0.038406852805667045,358024291.1,119.04247966913869,26.997060058798827,-59.09794846941526,1.4947297017079109,4.0,91.96130384780396,5.03,1.0,14.174344436569807,2.240000000000002,20678.0,True,True,80.8719165085389,Personal Care,Fast Moving Consumer Goods,75.0,103,ROE >= 20%,1
HONAUT,-0.02316143464561604,-0.011779379157427883,0.29725304711660905,-0.24722858672641562,0.8035907940715749,0.0,0.0,0.5045220834646643,1.6411018938801065,0.01692980544023656,0.04511278195488733,-0.07063145220629219,-0.015837697816173387,82885552.5,20.942302093515043,1.8003549995774026,6.30775102010568,1.677867345339535,1.0,8.378718830292108,1.9800000000000004,1.0,11.763387855702442,0.23000000000000043,20679.0,True,True,36.725806451612904,Industrial Products,Industrials,11.0,103,"Uptrend (price > 50 > 150 > 200-day, 200-day rising); Within 15% of 52-week high; Quarterly profit growth >= 25%; Sales growth >= 20% or 2+ strong quarters; 3-year profit growth >= 15%/yr; ROE >= 20%; RS rating >= 80",7
HSCL,0.1069945451364707,0.49921805183199264,0.4862679955703211,1.424973460303387,0.8211714460036609,0.0,0.0,-0.438566089033295,0.3598833867959977,0.02400929582957348,0.03367261039259195,-0.038519238187766924,-0.012099786570620991,2212599406.325,27.323481440279718,28.04192114746624,-6.219574886534904,5.475108859458849,17.0,40.674006072244964,-0.08999999999999986,1.0,16.043348916277093,0.9299999999999979,20649.0,True,True,75.79981024667931,Carbon Black,Commodities,,103,"Uptrend (price > 50 > 150 > 200-day, 200-day rising); Within 15% of 52-week high; ROE >= 20%; RS rating >= 80; Net profit margin up vs a year ago",5
HUBTOWN,-0.13273802917086797,-0.32695590327169277,-0.015501456512692524,-0.8505387303537763,0.48530973451327436,0.0,0.0,0.020892792439644876,3.0879922331006284,0.028516538605760637,0.09536686497205693,-0.0944517833553501,-0.030344297311298892,64310704.440000005,-67.67095451466732,-16.962808814897812,-367.6709545146673,-1.6379022663866372,0.0,32.427988125852416,-26.79,1.0,6.2404870624048705,0.07000000000000006,20668.0,True,True,3.663187855787476,"Residential, Commercial Projects",Consumer Discretionary,66.0,103,"Uptrend (price > 50 > 150 > 200-day, 200-day rising); Within 15% of 52-week high; Quarterly profit growth >= 25%; Sales growth >= 20% or 2+ strong quarters; ROE >= 20%; RS rating >= 80; Net profit margin up vs a year ago",7
HUDCO,-0.0863651835156781,-0.18083223669283477,0.06488909863142989,-0.8368093916753013,0.6554182702045777,0.0,0.0,-0.6989778718457574,4.644172459963271,0.01418126193829315,0.03201856148491866,-0.1119427480538926,-0.0344293800047248,281614958.75,35.04185789964745,26.550142817748213,-137.20969657362204,0.5261002443489129,2.0,34.85218256453191,1.4399999999999977,1.0,18.356388787768473,-0.7599999999999998,20661.0,True,True,12.680265654648956,Financial Institution,Financial Services,86.0,103,"Uptrend (price > 50 > 150 > 200-day, 200-day rising); Within 15% of 52-week high; ROE >= 20%; RS rating >= 80",4
HUHTAMAKI,0.03827389163805049,0.09999137261668545,0.524754843338914,-0.006649191383487485,0.7005757575757575,0.0,0.0,-1.003272634485312,0.18741029142281374,0.030736048759540648,0.06840845632229775,-0.12177870297210236,-0.028369719606993513,33811413.8,-20.675766469335287,-1.0360044697816262,-27.773002018292402,-0.9965074165401941,0.0,18.945766070456504,-0.77,1.0,12.762520193861066,-0.79,17211.0,True,True,58.14136622390892,Packaging,Industrials,34.0,103,"Uptrend (price > 50 > 150 > 200-day, 200-day rising); Within 15% of 52-week high; Quarterly profit growth >= 25%; Sales growth >= 20% or 2+ strong quarters; ROE >= 20%; RS rating >= 80; Net profit margin up vs a year ago",7
HYUNDAI,-0.04630667604985893,-0.1654049962149886,0.303653777935438,-0.9566397318542291,0.7237209302325581,0.0,0.0,0.24809725130167096,2.282463907159167,0.017890194329569713,0.026400077647287246,-0.09755918758983795,-0.03754324219303982,1375107767.55,-35.08316221253479,-0.4767597155404868,-12.874117042175754,-2.313620602552549,0.0,,-2.8999999999999995,1.0,27.13964526605046,-0.21000000000000085,20664.0,True,True,27.33301707779886,Passenger Cars & Utility Vehicles,Consumer Discretionary,100.0,103,"Uptrend (price > 50 > 150 > 200-day, 200-day rising); Within 15% of 52-week high; Quarterly profit growth >= 25%; Sales growth >= 20% or 2+ strong quarters; 3-year profit growth >= 15%/yr; RS rating >= 80; Net profit margin up vs a year ago",7
IBULLSLTD,0.3016928393481922,0.441325098259405,1.374653098982424,1.2939601562365783,0.9996923076923078,0.0,1.0,0.16767909041803677,1.6736418429719,0.030319518241875325,0.04998240056318193,0.16873866873866894,-0.03066943332860213,269047673.805,100.0,292.3270028378083,0.0,0.7173441951362983,4.0,-10.819774894894184,41.209999999999994,1.0,11.219195849546045,0.029999999999997584,20657.0,True,True,94.20967741935485,Diversified Commercial Services,Services,55.0,103,3-year profit growth >= 15%/yr; ROE >= 20%,2
ICICIBANK,0.00016252938825189669,0.05570803352867015,0.15575767419197661,0.03556046146037077,0.9172297297297297,0.0,0.0,-0.29175251006556324,1.4741288935938677,0.010189955556296983,0.02282928339266377,-0.027365597330073932,-0.014117056768222292,14034256151.6,12.620690150153656,6.440286422401331,3.3535217429633057,1.8014455420263005,0.0,15.508383868133446,1.7100000000000009,1.0,15.957692943315156,1.690000000000012,20652.0,True,True,45.17931688804554,Private Sector Bank,Financial Services,25.0,103,"Uptrend (price > 50 > 150 > 200-day, 200-day rising); Quarterly profit growth >= 25%; Sales growth >= 20% or 2+ strong quarters; ROE >= 20%; RS rating >= 80",5
ICICIGI,-0.05607528936117008,-0.20672445495140535,-0.11850554582603623,-0.6402909483659572,0.7700130756937381,0.0,0.0,-0.4602533649613582,2.053239809481438,0.021639125671832907,0.05091296814607493,0.010429667740221582,-0.03349923679280364,1073221838.35,-46.00825606791481,10.830152746354127,-53.30118001038297,-2.967188009533092,0.0,11.105253945763138,-5.989999999999999,1.0,16.665664642578008,0.39000000000000057,20679.0,True,True,23.0123339658444,General Insurance,Financial Services,84.0,103,"Uptrend (price > 50 > 150 > 200-day, 200-day rising); Within 15% of 52-week high; Quarterly profit growth >= 25%; Sales growth >= 20% or 2+ strong quarters; 3-year profit growth >= 15%/yr; ROE >= 20%; RS rating >= 80; Net profit margin up vs a year ago",8
ICICIPRULI,-0.051254661240618136,-0.1605703131630314,-0.03615279672578442,-0.8436627656097817,0.6472835314091682,0.0,0.0,-0.2965357045279416,0.8274658994163735,0.017972782635599288,0.043617021276595835,-0.06713945194697679,-0.038473741917537795,553240262.9,61.704732105214966,-79.6940458918413,42.194784502268455,2.9844867300793374,1.0,23.92965679732186,17.13,1.0,11.796640011737951,0.08999999999999986,20557.0,True,True,25.266603415559768,Life Insurance,Financial Services,94.0,103,"Uptrend (price > 50 > 150 > 200-day, 200-day rising); Within 15% of 52-week high; Sales growth >= 20% or 2+ strong quarters; ROE >= 20%; RS rating >= 80",5
ICIL,0.17533799518346022,0.7003742486674482,0.7695424682324246,1.3101487401719198,0.9694413005453236,1.0,1.0,1.0787970566280305,0.8887038323334215,0.03214610482768867,0.061595010024504404,0.0868411703094647,-0.03067201881694151,194771064.77499998,62.08487772151441,25.894170291328965,47.10184636522299,0.8179852289353371,1.0,-17.957350749196888,1.17,1.0,5.390492359932089,0.38000000000000256,20669.0,True,True,85.66223908918406,Other Textile Products,Consumer Discretionary,21.0,103,3-year profit growth >= 15%/yr; ROE >= 20%,2
ICRA,-0.10488914910206162,-0.23780915970976046,-0.043661282427802206,-1.4512055775813293,0.6565407854984895,0.0,0.0,0.06511458116775846,1.8397106098590081,0.017587936804453023,0.020392249527410256,-0.0939587102164634,-0.02960893392202243,144221185.5,24.43107675531597,31.231424210780002,30.34869601947286,1.7413698451507378,1.0,8.220006353121967,-1.7800000000000011,1.0,15.495342929720577,-1.259999999999998,20641.0,True,True,8.453510436432637,Ratings,Financial Services,,103,"Uptrend (price > 50 > 150 > 200-day, 200-day rising); Within 15% of 52-week high; Quarterly profit growth >= 25%; 3-year profit growth >= 15%/yr; ROE >= 20%; RS rating >= 80; Net profit margin up vs a year ago",7
IDBI,0.022003186045643504,0.014325685506435315,0.2936054810162716,-0.08647371342814404,0.7236864335191756,0.0,0.0,0.3004996594558771,2.1113921407625025,0.023085222761151776,0.053163017031629956,0.006707466110139837,-0.019408896740051015,587032941.0799999,5.274597016615212,7.438284694490371,9.171845530712442,0.24242337599798275,0.0,30.654377713546666,-0.5800000000000018,1.0,13.472084475818214,-0.08999999999999997,20652.0,True,True,52.411764705882355,Private Sector Bank,Financial Services,25.0,103,"Uptrend (price > 50 > 150 > 200-day, 200-day rising); Within 15% of 52-week high; Quarterly profit growth >= 25%; Sales growth >= 20% or 2+ strong quarters; ROE >= 20%; RS rating >= 80; Net profit margin up vs a year ago",7
IDEAFORGE,0.11606450130230231,0.5758466842425469,0.9404420027469096,0.7539720210532189,0.7054673721340388,0.0,0.0,-0.4279178514705704,1.2457055901275045,0.023904483644368535,0.049958881578947345,-0.11092708713041566,-0.024090903323377322,177545517.35000002,100.0,300.0,0.0,0.5303776729580172,1.0,-25.844123344972203,180.57,0.0,-2.8380634390651087,11.67,20648.0,True,True,77.3965844402277,Aerospace & Defense,Industrials,19.0,103,"Uptrend (price > 50 > 150 > 200-day, 200-day rising); Within 15% of 52-week high; 3-year profit growth >= 15%/yr; ROE >= 20%; RS rating >= 80",5
IDFCFIRSTB,0.05270759725011125,0.24762589928057555,0.4196136214800261,0.4524637408513856,0.8876241490905034,1.0,0.0,-0.15169726639037182,1.3431584601725455,0.016096788304203333,0.029635703408691594,-0.06224946946474874,-0.03421349737129373,1275942043.53,153.366342436428,14.612301198384191,141.61451412592461,2.627536948918016,1.0,-5.5067148432174085,5.69,1.0,3.3984473884060415,1.2000000000000028,20659.0,True,True,61.24098671726756,Private Sector Bank,Financial Services,25.0,103,"Uptrend (price > 50 > 150 > 200-day, 200-day rising); Sales growth >= 20% or 2+ strong quarters; 3-year profit growth >= 15%/yr; ROE >= 20%; RS rating >= 80",5
IEX,-0.0722365022399235,-0.14894073862009738,-0.057466708941027234,-0.7673847543452053,0.6604479940101079,0.0,0.0,-0.4983154637899575,1.9274869788047908,0.015713030798604564,0.01816578483245146,-0.11428671840091309,-0.03599452406624367,320031312.93,11.65387608339261,11.379188712522037,0.850830258764244,3.056644011080658,0.0,17.492233973513137,0.20999999999999375,1.0,36.14369501466276,-0.3200000000000003,20657.0,True,True,17.56451612903226,Exchange and Data Platform,Financial Services,29.0,103,"Uptrend (price > 50 > 150 > 200-day, 200-day rising); Within 15% of 52-week high; Quarterly profit growth >= 25%; Sales growth >= 20% or 2+ strong quarters; RS rating >= 80",5
IFBIND,-0.046751635218693036,-0.23759196543267536,0.35256642668462224,-0.6806767279007768,0.6020398059213784,0.0,0.0,-0.018703161138704422,0.8407285553502724,0.01737959945711733,0.037589646360564055,-0.07200791235358939,-0.018448200155823047,41268118.3,65.17168131487685,18.41352153088598,-64.27670973928537,1.1383650421490366,2.0,139.00026925445653,0.7700000000000002,1.0,14.472361809045225,-0.13999999999999968,20643.0,True,True,26.76944971537002,Household Appliances,Consumer Discretionary,99.0,103,"Uptrend (price > 50 > 150 > 200-day, 200-day rising); Within 15% of 52-week high; ROE >= 20%; RS rating >= 80",4
IFCI,0.02507576174460755,0.9081498211932992,0.9157218442932726,0.36767469334553327,0.5956279069767442,0.0,0.0,0.30806492156719906,0.59294172556916,0.03501087076211769,0.04674743218330257,-0.190366844871101,-0.08044664678395458,2941757925.7,-4.983533380694583,-19.67680141460779,80.4435015713436,-0.02628093429660883,0.0,92.98653684409668,2.8499999999999996,1.0,4.863595706618963,0.8700000000000001,20676.0,True,True,54.3842504743833,Financial Institution,Financial Services,86.0,103,"Uptrend (price > 50 > 150 > 200-day, 200-day rising); Within 15% of 52-week high; Quarterly profit growth >= 25%; Sales growth >= 20% or 2+ strong quarters; ROE >= 20%; RS rating >= 80",6
IGIL,-0.027445532272309885,-0.05822416302765643,0.0045024064586243195,-0.21513941975499623,0.8165078547514808,0.0,0.0,0.26385460133935307,0.889485034899663,0.017877975708351437,0.05096856144807882,-0.05201437601286896,-0.020651794170993415,156673919.47500002,30.984890817315105,23.219567312485445,3.353273850355489,2.9638885856069135,2.0,,2.6500000000000057,1.0,40.207156308851225,0.019999999999999574,20657.0,True,True,34.65939278937381,Diversified Commercial Services,Services,55.0,103,"Uptrend (price > 50 > 150 > 200-day, 200-day rising); Within 15% of 52-week high; 3-year profit growth >= 15%/yr; RS rating >= 80",4
IGL,-0.06708585559883955,-0.2355245973008272,0.06202540151871516,-1.0895788983880033,0.6548098434004475,0.0,0.0,0.07795940623744536,1.9316784075180538,0.014108929491683988,0.035153487056160726,-0.022810220196546327,-0.018129726508943237,154582230.225,-44.35456388285933,17.187787429739387,-19.12312891127643,-2.6758216128860255,0.0,-6.9452905074288696,-5.739999999999999,1.0,13.421418636995828,-0.14999999999999858,20678.0,True,True,19.63092979127135,LPG/CNG/PNG/LNG Supplier,Energy,72.0,103,"Uptrend (price > 50 > 150 > 200-day, 200-day rising); Within 15% of 52-week high; Quarterly profit growth >= 25%; Sales growth >= 20% or 2+ strong quarters; 3-year profit growth >= 15%/yr; ROE >= 20%; RS rating >= 80; Net profit margin up vs a year ago",8
IGPL,0.16203157836094179,0.36345067884176374,0.5633007301281168,1.0236930515491094,0.9612231513362847,1.0,1.0,0.3774578733130502,1.6106862497206362,0.026520680669262286,0.0640794223826715,0.1138216479430636,-0.030414925243743864,37401871.2,100.0,31.432826295074978,52.08981519957647,2.5426696302541294,2.0,-19.19585836524661,13.51,1.0,0.15003750937734434,-0.08999999999999986,20647.0,True,True,84.3472485768501,Commodity Chemicals,Commodities,42.0,103,3-year profit growth >= 15%/yr; ROE >= 20%,2
IIFL,0.11243134395695975,0.48393345487693695,0.480054551653597,0.8487065135885148,0.8348226950354609,0.0,0.0,0.35519195609517196,0.7072334531781613,0.021994466971710168,0.02971908187735539,-0.05218727252816635,-0.022849066385022675,1209078094.65,160.3016092569058,32.72521614857611,12.324326470367026,1.489639969747588,3.0,8.819997484353959,8.92,1.0,13.053160919540229,-3.8900000000000006,20636.0,True,True,76.73908918406072,Non Banking Financial Company (NBFC),Financial Services,41.0,103,"Uptrend (price > 50 > 150 > 200-day, 200-day rising); Within 15% of 52-week high; 3-year profit growth >= 15%/yr; ROE >= 20%; RS rating >= 80",5
IIFLCAPS,0.07373971741880789,0.23243633736680502,0.28686731538055366,0.6542215008581642,0.8433017262338925,0.0,0.0,0.030191669146160924,3.0518602732032574,0.006590077658287445,0.02418756492061136,0.023857034902942553,-0.011798424908683953,100764041.025,4.911896618227685,2.2855014011046837,14.961900968993236,0.11332760813583934,0.0,26.742892012017872,0.7300000000000004,1.0,18.40130505709625,-1.8299999999999983,20657.0,True,True,66.87666034155598,Stockbroking & Allied,Financial Services,17.0,103,"Uptrend (price > 50 > 150 > 200-day, 200-day rising); Within 15% of 52-week high; Quarterly profit growth >= 25%; Sales growth >= 20% or 2+ strong quarters; ROE >= 20%; RS rating >= 80",6
IKIO,0.026458719323026767,0.015543545841503636,0.7376432078559738,-0.16860069745344541,0.8000418760469011,0.0,0.0,0.9792931554907821,0.28606301543164353,0.03248909888921032,0.08252044536407532,-0.06285562924302468,-0.036192365307438266,38396021.97,300.0,40.91060429498916,200.0,0.8949280087615729,3.0,-3.964790630883419,4.550000000000001,1.0,6.976744186046512,-0.5500000000000003,20644.0,True,True,55.04174573055029,Consumer Electronics,Consumer Discretionary,77.0,103,"Uptrend (price > 50 > 150 > 200-day, 200-day rising); Within 15% of 52-week high; 3-year profit growth >= 15%/yr; ROE >= 20%; RS rating >= 80",5
IKS,0.03262400221570361,0.17037972999933504,0.2852552399036006,0.4498395239395526,0.8819289340101524,1.0,0.0,0.05626513067466574,1.7595678098882082,0.02036568495766411,0.0484630917657618,-0.028173678016386705,-0.033324365280663806,254835518.54999998,27.819366681867287,20.744493987299006,-11.53249847331712,0.7110992473568196,7.0,,1.1999999999999993,1.0,25.785714285714285,0.9199999999999999,20670.0,True,True,56.920303605313094,IT Enabled Services,Information Technology,50.0,103,"Uptrend (price > 50 > 150 > 200-day, 200-day rising); 3-year profit growth >= 15%/yr; RS rating >= 80",3
IMAGICAA,-0.0019009873594920679,0.02688670498794732,0.3003052359708851,-0.2248088534385431,0.7858064516129032,0.0,0.0,0.6025419134643235,0.29525709168117686,0.03482656419503841,0.05076343446361298,-0.04347928520102262,-0.028805793840306796,34947809.635000005,26.193347697386884,19.918973666441598,123.95147664181138,0.568498287867622,1.0,-66.9139695253715,1.6000000000000014,1.0,0.07974481658692185,-0.33000000000000007,20672.0,True,True,44.24003795066414,Amusement Parks/ Other Recreation,Consumer Discretionary,38.0,103,"Uptrend (price > 50 > 150 > 200-day, 200-day rising); Within 15% of 52-week high; Sales growth >= 20% or 2+ strong quarters; 3-year profit growth >= 15%/yr; ROE >= 20%; RS rating >= 80",6
IMFA,0.0012263736824519728,0.15153952719310015,-0.001162880843476266,0.1248710657868866,0.706470623251384,0.0,0.0,-0.2813144444111285,0.9622309414228907,0.01784310224987534,0.02735352489429621,-0.10945160888507366,-0.029702539302413088,135779029.35,108.16137006839087,49.71007263771552,-9.49032330150574,3.2519109393198944,3.0,36.549633895968036,5.630000000000001,1.0,15.636497424576895,-0.22000000000000064,20649.0,True,True,45.64895635673624,Ferro & Silica Manganese,Commodities,,103,"Uptrend (price > 50 > 150 > 200-day, 200-day rising); Within 15% of 52-week high; ROE >= 20%; RS rating >= 80",4
INDGN,0.06421801938005381,0.04973821989528804,0.2791068580542264,0.21640000247148328,0.9682615629984052,1.0,1.0,0.8596338535562038,0.7124273428688147,0.016983797145732442,0.03236217725052337,0.05439394492003058,-0.01568097548633787,245055694.4,-0.17660288791296885,39.73449001051523,18.917366936030547,-0.012075284416799698,0.0,,-4.370000000000001,1.0,12.774769034724434,0.10000000000000142,20655.0,True,True,64.43453510436433,"Healthcare Research, Analytics & Technology",Healthcare,48.0,103,Quarterly profit growth >= 25%; 3-year profit growth >= 15%/yr; ROE >= 20%; RS rating >= 80; Net profit margin up vs a year ago,5
INDHOTEL,0.012663353552682239,-0.005936766533204407,0.20927107826671154,0.03905691083693227,0.9655400052812252,0.0,0.0,0.37046923454997627,1.7775801795370383,0.012324039072803758,0.020018198362147244,0.004984381720910314,-0.014165751002814898,1177779648.35,18.7264695977845,14.605502969016415,4.406593793399004,1.0393164247854265,0.0,23.996051140630705,0.5800000000000018,1.0,17.215752375114928,0.36999999999999744,20655.0,True,True,49.59392789373814,Hotels & Resorts,Consumer Discretionary,65.0,103,"Uptrend (price > 50 > 150 > 200-day, 200-day rising); Quarterly profit growth >= 25%; Sales growth >= 20% or 2+ strong quarters; ROE >= 20%; RS rating >= 80",5
INDIACEM,-0.07450036169475902,-0.053153976753297694,0.00694444444444442,-0.6352247423919052,0.6238163853437628,0.0,0.0,0.04481073622088628,1.8957932340218282,0.0179970049053312,0.05094875242790975,-0.15339702760084917,-0.06820234012906351,41988328.3,100.0,-0.5191560786150684,0.0,0.4016954052982921,4.0,12.758088159627423,5.54,1.0,-0.6617937574081391,-0.39000000000000057,20652.0,True,True,16.343453510436433,Cement & Cement Products,Commodities,102.0,103,"Uptrend (price > 50 > 150 > 200-day, 200-day rising); Within 15% of 52-week high; 3-year profit growth >= 15%/yr; ROE >= 20%; RS rating >= 80",5
INDIAGLYCO,0.3806465553995299,0.5470532319391634,0.42567752532165337,2.56898443670745,1.0,1.0,1.0,1.2790014538078385,14.01338005707003,0.04636681515018092,0.19987458849349427,0.49259901777858217,-0.09203760983313303,58254093.379999995,32.254689741687685,8.643292389904467,-3.411034612265439,4.790844920154281,8.0,31.924012857938312,1.5300000000000002,1.0,9.989771564950562,-0.010000000000000675,20663.0,True,True,97.1214421252372,Breweries & Distilleries,Fast Moving Consumer Goods,56.0,103,ROE >= 20%,1
INDIAMART,-0.10164557334105886,-0.2591829728801922,-0.16506262997533483,-1.293100955448012,0.6355358486084167,0.0,0.0,-0.20475454631080714,0.80556183517557,0.013724147610871361,0.03498809305733652,-0.06267078975518392,-0.01793050914419139,142354144.15,12.177860301482957,11.367911851652778,84.37443461611832,0.2581707024479828,0.0,15.35428241937944,0.29999999999999716,1.0,19.791666666666664,-0.6799999999999997,20655.0,True,True,9.01707779886148,Internet & Catalogue Retail,Consumer Discretionary,95.0,103,"Uptrend (price > 50 > 150 > 200-day, 200-day rising); Within 15% of 52-week high; Quarterly profit growth >= 25%; Sales growth >= 20% or 2+ strong quarters; ROE >= 20%; RS rating >= 80",6
INDIANB,0.046668522212386904,0.2140491305547889,-0.02239262099238759,0.437703819546269,0.8275552003197122,0.0,0.0,0.09841034185795457,1.0084927652698275,0.01289885750725287,0.02124440521969362,-0.031950427634116374,-0.022065567681560608,853129059.75,20.46625855611306,11.114699940436346,14.008261648911471,2.2369797744410738,1.0,27.883741172735,1.4400000000000013,1.0,14.625888584885624,-0.379999999999999,20644.0,True,True,59.92599620493359,Public Sector Bank,Financial Services,51.0,103,"Uptrend (price > 50 > 150 > 200-day, 200-day rising); Within 15% of 52-week high; Quarterly profit growth >= 25%; Sales growth >= 20% or 2+ strong quarters; ROE >= 20%; RS rating >= 80",6
INDIASHLTR,-0.09441971933445681,-0.21767764298093584,-0.12907582481188506,-0.8400783560633457,0.6859848484848485,0.0,0.0,-0.2584793984151142,1.7913837811118587,0.020771600138280014,0.022170722286597222,-0.05516235973144734,-0.023814301092736596,59359923.55,27.221948576604248,24.730361453145534,-1.8090177964025926,7.410875546665747,11.0,41.165316857625925,0.6600000000000037,1.0,15.728580362726705,0.5199999999999996,20575.0,True,True,10.519924098671726,Housing Finance Company,Financial Services,92.0,103,"Uptrend (price > 50 > 150 > 200-day, 200-day rising); Within 15% of 52-week high; ROE >= 20%; RS rating >= 80",4
INDIGO,-0.025045836186653108,-0.12791308918871558,0.1540869565217391,-0.36998525317468306,0.8358458961474037,0.0,0.0,-0.3136935696365267,2.7512175693938845,0.01642706419661032,0.023555508608851694,-0.02228715054113184,-0.0165040327829382,2719221690.25,-100.0,19.94408746944569,0.0,-1.2721003229139936,0.0,-11.895929789263882,-11.59,0.0,-34.34227513986516,-0.6099999999999994,20657.0,True,True,35.50474383301708,Airline,Services,,103,"Uptrend (price > 50 > 150 > 200-day, 200-day rising); Within 15% of 52-week high; Quarterly profit growth >= 25%; Sales growth >= 20% or 2+ strong quarters; 3-year profit growth >= 15%/yr; ROE >= 20%; RS rating >= 80; Net profit margin up vs a year ago",8
INDIGOPNTS,0.02511778515922245,0.10874240299205229,0.5401000064939281,-0.024216628111640815,0.7877256854149639,0.0,0.0,0.982095482018561,0.6664609422378232,0.0186702312877291,0.02800763844684906,-0.05397398740773529,-0.03074450199925245,61464182.7,60.15262647647195,19.688532020980375,57.07867409278842,4.41290562993631,1.0,5.295055868068577,2.8499999999999996,1.0,12.824956672443674,0.5599999999999987,20678.0,True,True,54.47817836812144,Paints,Consumer Discretionary,74.0,103,"Uptrend (price > 50 > 150 > 200-day, 200-day rising); Within 15% of 52-week high; Sales growth >= 20% or 2+ strong quarters; 3-year profit growth >= 15%/yr; ROE >= 20%; RS rating >= 80",6
INDNIPPON,0.12407510465556222,0.2763237643947325,0.5925747679614988,0.7803127013674148,0.7873401534526855,0.0,1.0,1.2363494029526199,0.6231059832731805,0.031075258478701327,0.17018622471709888,0.04524411381735649,-0.02471775289603376,38334518.25,4.058216927307212,28.105749486652964,-52.182671384722745,0.44083968620968944,0.0,27.28949467946835,-2.17,1.0,13.520097442143728,0.08000000000000007,20601.0,True,True,79.18121442125238,Auto Components & Equipments,Consumer Discretionary,18.0,103,Within 15% of 52-week high; Quarterly profit growth >= 25%; ROE >= 20%; RS rating >= 80; Net profit margin up vs a year ago,5
INDOBORAX,0.21825059358377835,1.2594234060292249,1.029722485020498,2.196206559219737,0.8859616801768607,0.0,1.0,1.9019074705111545,0.35275505135320506,0.04424083663484435,0.06751329642895909,0.040127869327583054,-0.02552542170301273,56218728.95,59.348955187824615,31.34216912450998,23.4772206253707,2.4816017205583423,2.0,0.5115631929132336,4.060000000000002,1.0,12.953367875647666,-2.47,20648.0,True,True,90.26470588235294,Commodity Chemicals,Commodities,42.0,103,3-year profit growth >= 15%/yr; ROE >= 20%,2
INDOCO,-0.017221719277076775,-0.0946370063804104,0.3863744388698178,-0.2992691667750569,0.7769024736095793,0.0,0.0,1.4931294156288157,0.8425417908883213,0.036449494736794825,0.09979236958214366,0.03096016659279277,-0.024768927118779812,36900010.705,-100.0,6.329747310482858,0.0,0.6227329253819011,0.0,-45.046172023435304,4.069999999999999,0.0,-10.543130990415335,-0.14000000000000057,20662.0,True,True,38.69829222011385,Pharmaceuticals,Healthcare,26.0,103,"Uptrend (price > 50 > 150 > 200-day, 200-day rising); Within 15% of 52-week high; Quarterly profit growth >= 25%; Sales growth >= 20% or 2+ strong quarters; 3-year profit growth >= 15%/yr; ROE >= 20%; RS rating >= 80",7
INDORAMA,0.4213558175683193,0.2673267326732671,1.1766109785202858,1.1100143282999642,0.8547640249332146,0.0,1.0,0.9714166151601339,1.0367631544445486,0.04604784012839358,0.17023613399231197,0.29516340998081336,-0.06089165070842056,75024831.80000001,20.918212169533202,-28.265847699718925,-4.76964548277634,0.2188682430274073,2.0,19.94564742985425,2.7699999999999996,1.0,28.901734104046245,-0.1100000000000001,20663.0,True,True,98.15464895635674,Other Textile Products,Consumer Discretionary,21.0,103,Quarterly profit growth >= 25%,1
INDOTECH,0.26745276151338643,1.1822351959966642,1.9019250574348412,1.6301875717720322,0.8246401985111663,0.0,0.0,0.02986650359701145,2.4126281587618688,0.022874367223458925,0.04999686343391252,-0.059183695423849936,-0.026570776115021198,60524881.2,34.140962439005506,39.01665344964314,20.09699084891223,1.1760293613300494,1.0,52.482666732700125,-0.41000000000000014,1.0,24.86631016042781,0.06,20679.0,True,True,93.27039848197343,Heavy Electrical Equipment,Industrials,36.0,103,"Uptrend (price > 50 > 150 > 200-day, 200-day rising); Within 15% of 52-week high; Net profit margin up vs a year ago",3
INDRAMEDCO,-0.07790318108232568,-0.20891301888926594,-0.1488377753437995,-0.5991000204638642,0.5140048373254271,0.0,0.0,0.6526958663216385,1.0690254516403628,0.014872618283583581,0.03781687214295615,-0.09276192574639197,-0.043361582492668964,62092999.425000004,8.494018082328259,11.255683997151156,6.836428555810836,1.0537195830876873,0.0,24.94171315596636,-0.34999999999999964,1.0,24.831309041835357,0.05999999999999961,20679.0,True,True,15.31024667931689,Hospital,Healthcare,68.0,103,"Uptrend (price > 50 > 150 > 200-day, 200-day rising); Within 15% of 52-week high; Quarterly profit growth >= 25%; Sales growth >= 20% or 2+ strong quarters; RS rating >= 80; Net profit margin up vs a year ago",6
INDSWFTLAB,0.517061326738775,2.704725228975853,1.5338126423690208,5.3548724226196205,0.9207769276044733,1.0,1.0,1.2876777644727304,0.63382321527997,0.04364289426270596,0.06892461781760684,0.15949711445016246,-0.03683288697957438,212062982.275,183.6797121654186,25.351928239376686,174.33292170332643,0.36188848479339464,1.0,28.826511868584383,7.25,1.0,3.106936416184971,-3.0100000000000016,20675.0,True,True,98.81214421252372,Pharmaceuticals,Healthcare,26.0,103,ROE >= 20%,1
INDUSINDBK,0.02574548695637511,0.3941111418302461,0.2827524802849146,0.7167321727912357,0.8117084937607274,0.0,0.0,-0.3640175033957963,1.4649662457185486,0.016556756579147444,0.026651480637813085,-0.10859837308250342,-0.0375018106078095,1362826112.0,71.53582080952634,-7.778451843951495,-28.464179190473658,0.2054437429960704,2.0,-44.95763451841027,4.24,1.0,1.3522969272893215,2.3299999999999983,20656.0,True,True,54.853889943074,Private Sector Bank,Financial Services,25.0,103,"Uptrend (price > 50 > 150 > 200-day, 200-day rising); Within 15% of 52-week high; 3-year profit growth >= 15%/yr; ROE >= 20%; RS rating >= 80",5
INDUSTOWER,0.02346837592080207,0.08525345622119818,-0.11445358401880135,0.4046826164971317,0.7996884735202493,0.0,0.0,0.29525365999893444,1.9227969263528333,0.017305959389061806,0.043010752688172005,0.01494543729242448,-0.01879485447095965,1657723112.625,0.556780622672215,4.6353752978554486,-0.2287517316049481,0.007306148236406515,0.0,31.03442083852743,-0.8399999999999999,1.0,18.021994652676185,-0.1599999999999966,20661.0,True,True,53.25711574952562,Telecom - Infrastructure,Telecommunication,,103,"Uptrend (price > 50 > 150 > 200-day, 200-day rising); Within 15% of 52-week high; Quarterly profit growth >= 25%; Sales growth >= 20% or 2+ strong quarters; ROE >= 20%; RS rating >= 80; Net profit margin up vs a year ago",7
INFY,-0.07938980245338417,-0.2162574559578304,-0.1348951156025111,-1.0262410001071445,0.5740740740740741,0.0,0.0,-0.1814630943567039,1.4033968381616213,0.018504062923783506,0.041142742178855274,-0.09768226227065702,-0.022220162539412464,9644178967.3,12.290212343430262,14.030606211121356,-8.607726313500308,1.243891679709875,0.0,8.134267141844065,-0.25,1.0,31.74298884245897,-1.769999999999996,20657.0,True,True,14.840607210626185,Computers - Software & Consulting,Information Technology,93.0,103,"Uptrend (price > 50 > 150 > 200-day, 200-day rising); Within 15% of 52-week high; Quarterly profit growth >= 25%; Sales growth >= 20% or 2+ strong quarters; 3-year profit growth >= 15%/yr; RS rating >= 80; Net profit margin up vs a year ago",7
INGERRAND,0.002782538078229105,0.23230910108358338,0.3123222363680689,0.14861663427745442,0.830534813319879,0.0,0.0,0.12373658107263297,0.969868160318372,0.02064449967059137,0.019702413967733312,-0.07365889542270043,-0.011218325843813236,79086060.4,19.50464378432979,20.34124064442471,39.83556095821277,1.0470865823856046,0.0,10.377234386376632,-0.129999999999999,1.0,41.55844155844156,0.7299999999999986,20679.0,True,True,46.118595825426944,"Compressors, Pumps & Diesel Engines",Industrials,60.0,103,"Uptrend (price > 50 > 150 > 200-day, 200-day rising); Within 15% of 52-week high; Quarterly profit growth >= 25%; 3-year profit growth >= 15%/yr; RS rating >= 80; Net profit margin up vs a year ago",6
INNOVACAP,0.12375602981290075,0.418794133623031,0.6803431022158686,1.1249959971467365,0.8616180273365349,1.0,1.0,0.12706524503161704,5.955105977898469,0.02345129429380024,0.05779734246351986,0.063702674032867,-0.05280146943552472,72940777.35,42.29145888314929,33.93923877794845,13.637480388234867,2.1277794316353065,3.0,28.142071810218617,0.5499999999999989,1.0,12.923923006416132,-0.10999999999999943,20676.0,True,True,79.08728652751422,Pharmaceuticals,Healthcare,26.0,103,ROE >= 20%; RS rating >= 80,2
INOXGREEN,-0.11070370583040291,-0.14933929265448898,0.20716994139951717,-0.7439770127737829,0.4918549087749783,0.0,0.0,-0.6832149401977858,5.276365798358683,0.025169273564950252,0.019835482177235964,-0.2146805662484308,-0.08855639092305793,197801088.27,82.16923744801265,-22.971530249110327,-159.0924957107186,1.3688510747429337,5.0,170.4294277181769,54.379999999999995,1.0,6.033977738722906,-0.5099999999999998,20672.0,True,True,7.232447817836812,Diversified Commercial Services,Services,55.0,103,"Uptrend (price > 50 > 150 > 200-day, 200-day rising); Within 15% of 52-week high; ROE >= 20%; RS rating >= 80",4
INOXINDIA,0.1620686200064711,0.9367568499052217,0.842761108378423,1.8551165258744813,0.8899337465270357,0.0,1.0,0.7319279367086325,1.8293735983993396,0.032847128038149015,0.05641900121802679,0.020354154047012685,-0.025922305704612028,397183341.1,-5.015222896178074,9.1779047170367,-16.213310616971032,-0.4000977607038366,0.0,6.67389924494286,-2.34,1.0,23.097582811101162,-0.3199999999999985,20668.0,True,True,84.44117647058823,Other Industrial Products,Industrials,7.0,103,Quarterly profit growth >= 25%; Sales growth >= 20% or 2+ strong quarters; 3-year profit growth >= 15%/yr; Net profit margin up vs a year ago,4
INOXWIND,-0.1619721138240449,-0.4635904830569574,-0.08091414453366275,-1.3406473327869366,0.42121782799748897,0.0,0.0,-0.010138416512460518,0.8372513989352547,0.02145480758806394,0.036437246963562764,-0.09587010712120203,-0.0535505722046618,729737395.98,-34.174263925882734,-1.4704992435703446,10.324433829674469,-0.4470390256425715,0.0,,-3.9099999999999993,1.0,7.035412096521466,-1.0100000000000051,20672.0,True,True,1.2210626185958255,Heavy Electrical Equipment,Industrials,36.0,103,"Uptrend (price > 50 > 150 > 200-day, 200-day rising); Within 15% of 52-week high; Quarterly profit growth >= 25%; Sales growth >= 20% or 2+ strong quarters; 3-year profit growth >= 15%/yr; ROE >= 20%; RS rating >= 80; Net profit margin up vs a year ago",8
INTELLECT,-0.11743762587782815,-0.28279715897221647,0.052659819101640304,-1.0336629528956154,0.47513257271412507,0.0,0.0,0.06998611353210861,1.12717725994187,0.015465758649388818,0.03133925125434178,-0.1290432805177284,-0.041455150894889346,181765961.375,8.718779161471236,20.44777608345565,20.60039978558239,0.2558418970189497,0.0,7.876110499443212,-1.299999999999999,1.0,10.82018927444795,-1.8200000000000003,20647.0,True,True,6.293168880455408,Computers - Software & Consulting,Information Technology,93.0,103,"Uptrend (price > 50 > 150 > 200-day, 200-day rising); Within 15% of 52-week high; Quarterly profit growth >= 25%; 3-year profit growth >= 15%/yr; ROE >= 20%; RS rating >= 80; Net profit margin up vs a year ago",7
INTERARCH,-0.02428258284496361,-0.1076842655514898,-0.06649896095373509,-0.27310465379592924,0.615688119887063,0.0,0.0,-0.20322849537854942,1.154490796690089,0.014177721938313678,0.02935133548576463,-0.012852819947929417,-0.010714094431866251,76905399.3,-0.3486048140178055,20.715917745620715,5.051251554021052,-0.020307783494226794,0.0,,-1.2999999999999998,1.0,15.32349602724177,0.5,20679.0,True,True,36.16223908918406,Civil Construction,Industrials,90.0,103,"Uptrend (price > 50 > 150 > 200-day, 200-day rising); Within 15% of 52-week high; Quarterly profit growth >= 25%; 3-year profit growth >= 15%/yr; ROE >= 20%; RS rating >= 80; Net profit margin up vs a year ago",7
IOB,-0.056028807735386946,-0.12879771487925218,0.015128593040847127,-0.7633537745924341,0.7423444976076555,0.0,0.0,-0.42648219699485523,1.9368743493901055,0.01126064905846866,0.0319289005924952,-0.05605276126622183,-0.018066689085856423,67654217.845,45.63423200598322,18.816675217157663,3.111978371285403,2.9779538716568306,13.0,39.06281010323076,3.6000000000000014,1.0,14.646805979832934,0.04999999999999982,20654.0,True,True,23.106261859582542,Public Sector Bank,Financial Services,51.0,103,"Uptrend (price > 50 > 150 > 200-day, 200-day rising); Within 15% of 52-week high; ROE >= 20%; RS rating >= 80",4
IOC,-0.03280205376903638,-0.07842743285781262,0.026482655725475368,-0.48223411992890985,0.6879762912785774,0.0,0.0,-0.23769082113011977,1.4770450067981558,0.012794014210697492,0.027411863245260015,-0.053199965623875856,-0.02101316792544827,1060789437.315,-100.0,38.50804809071824,-181.68307222227497,-0.7878789731628375,0.0,11.842612971461119,-3.97,0.0,19.896773840869542,-0.3399999999999963,20665.0,True,True,32.592979127134726,Refineries & Marketing,Energy,46.0,103,"Uptrend (price > 50 > 150 > 200-day, 200-day rising); Within 15% of 52-week high; Quarterly profit growth >= 25%; 3-year profit growth >= 15%/yr; ROE >= 20%; RS rating >= 80; Net profit margin up vs a year ago",7
IOLCP,0.30344637492734844,0.9744248049767947,1.5169939577039275,2.3018901200163895,0.983125,1.0,1.0,0.5226546917376543,1.537054854664949,0.035295470521996115,0.08383467023172897,0.19874888546074687,-0.030677396026390618,682795393.295,89.9067919461663,37.080606862549615,20.658750920668965,2.253685479809419,4.0,5.505168799378968,2.369999999999999,1.0,7.670928293496387,3.5599999999999996,20673.0,True,True,94.30360531309297,Pharmaceuticals,Healthcare,26.0,103,3-year profit growth >= 15%/yr; ROE >= 20%,2
IONEXCHANG,0.004744781087995233,0.010370370370370363,0.18402777777777768,-0.01555280780496087,0.8279835390946502,0.0,0.0,0.38328477744295225,0.5552563246026737,0.023689048654978742,0.07306940371456516,-0.0008268505436604956,-0.029879470221903445,101361182.69999999,-93.64047141113932,20.108369485073464,-31.9870126375464,-2.748148925598372,0.0,-18.188961956862205,-7.87,1.0,10.679611650485436,0.75,20670.0,True,True,46.963946869070206,Water Supply & Management,Utilities,53.0,103,"Uptrend (price > 50 > 150 > 200-day, 200-day rising); Within 15% of 52-week high; Quarterly profit growth >= 25%; 3-year profit growth >= 15%/yr; ROE >= 20%; RS rating >= 80; Net profit margin up vs a year ago",7
IPCALAB,0.10276010369581608,0.492255125284738,0.349793956043956,1.5806136724930346,0.9511776251226692,0.0,1.0,1.0088369947128826,0.7743697099962525,0.018330282886025298,0.0199462010861291,0.02374929364731493,-0.014938873101781453,419429892.20000005,82.15291001297138,20.757086861424522,-7.375425329393181,4.5212004177135805,4.0,42.4341997561331,5.130000000000001,1.0,14.684360659804044,-7.105427357601002e-15,20649.0,True,True,74.76660341555977,Pharmaceuticals,Healthcare,26.0,103,ROE >= 20%; RS rating >= 80,2
IRCON,-0.11252751844872483,-0.2948376796168175,-0.053120533587422525,-0.9255852132886646,0.5720875348637632,0.0,0.0,0.4020264093747299,25.92427947682847,0.02446450038072362,0.14267590514296868,-0.10186800676335661,-0.03170547898098189,176256058.71,-43.883966808498954,9.4917929999776,-34.185165102155224,-1.2195122955360265,0.0,-13.669574543200735,-4.4799999999999995,1.0,8.917005573128483,-0.16999999999999993,20677.0,True,True,7.044592030360531,Civil Construction,Industrials,90.0,103,"Uptrend (price > 50 > 150 > 200-day, 200-day rising); Within 15% of 52-week high; Quarterly profit growth >= 25%; Sales growth >= 20% or 2+ strong quarters; 3-year profit growth >= 15%/yr; ROE >= 20%; RS rating >= 80; Net profit margin up vs a year ago",8
IRCTC,-0.09624783413028377,-0.3196856020007145,-0.07509228676899171,-1.5785614222169406,0.6165817193340128,0.0,0.0,-0.7702199902456116,1.9094348453095182,0.012421221258672751,0.043216630196936556,-0.05698814089572102,-0.016942522138365702,338552469.075,-0.1654023651927794,18.09550910596025,0.375575168768405,-0.032656080750689924,0.0,10.920614921006177,-4.41,1.0,32.32768623810629,-0.9499999999999993,20677.0,True,True,10.144212523719165,"Tour, Travel Related Services",Consumer Discretionary,98.0,103,"Uptrend (price > 50 > 150 > 200-day, 200-day rising); Within 15% of 52-week high; Quarterly profit growth >= 25%; Sales growth >= 20% or 2+ strong quarters; 3-year profit growth >= 15%/yr; RS rating >= 80; Net profit margin up vs a year ago",7
IREDA,-0.08271970226518975,-0.23618765963167088,-0.01678491088423606,-0.9236940597502198,0.6763074984247007,0.0,0.0,-0.06937034840409143,1.084792448543209,0.014812387912430785,0.048903569134783,-0.06558247651550109,-0.019862353510820118,432773490.73,37.08622737488767,15.498562333127941,38.858558370069844,0.8808207913260747,1.0,29.796375002438523,2.370000000000001,1.0,13.594486760972071,0.29000000000000004,20668.0,True,True,13.7134724857685,Financial Institution,Financial Services,86.0,103,"Uptrend (price > 50 > 150 > 200-day, 200-day rising); Within 15% of 52-week high; Sales growth >= 20% or 2+ strong quarters; ROE >= 20%; RS rating >= 80",5
IRFC,-0.11376162543200702,-0.3288266537904394,-0.10051768766177738,-1.357375450897998,0.5551505431216739,0.0,0.0,-0.6533411185781164,4.671532673135572,0.01034326833090709,0.0276131635354937,-0.09050735715650682,-0.021652679558179563,617921091.4250001,10.420000215968251,19.45995737038313,10.288922060805916,2.1908815141162545,0.0,5.124933929909492,-1.9100000000000001,1.0,12.35087842957585,1.1000000000000005,20679.0,True,True,6.66888045540797,Financial Institution,Financial Services,86.0,103,"Uptrend (price > 50 > 150 > 200-day, 200-day rising); Within 15% of 52-week high; Quarterly profit growth >= 25%; Sales growth >= 20% or 2+ strong quarters; 3-year profit growth >= 15%/yr; ROE >= 20%; RS rating >= 80; Net profit margin up vs a year ago",8
IRISDOREME,0.22377686077988201,1.0313099041533547,1.027423469387755,2.21105689779686,0.8714705882352941,0.0,1.0,1.4864280181077687,0.37817628086601834,0.022640287231741302,0.07511172224132001,0.008035708210574866,-0.04955426329566272,40826297.245000005,52.54242703159111,26.310160427807496,8.982310201022223,1.8377648208124413,3.0,22.36372446352086,1.46,1.0,11.267605633802818,-0.050000000000000044,20679.0,True,True,90.73434535104364,Garments & Apparels,Consumer Discretionary,23.0,103,ROE >= 20%,1
ISGEC,0.007876305214619728,-0.1005312160849946,-0.14054142560855798,0.07272180399960938,0.8095430469521501,0.0,0.0,0.3291397490836818,2.4286512749393863,0.023292647526954334,0.08470588235294119,0.11162749415062656,-0.056098802959678964,41549039.85,31.08603243115389,45.98217248014864,44.37885925839403,0.11884391059141088,1.0,10.628664620287399,-0.09999999999999998,1.0,5.628654970760234,-0.16000000000000014,20676.0,True,True,48.091081593927896,Civil Construction,Industrials,90.0,103,"Uptrend (price > 50 > 150 > 200-day, 200-day rising); Within 15% of 52-week high; 3-year profit growth >= 15%/yr; ROE >= 20%; RS rating >= 80; Net profit margin up vs a year ago",6
ITC,-0.08669932150136016,-0.35150399017802325,-0.10429031711039516,-1.5958296092764146,0.6231238273921201,0.0,0.0,-0.43466539991190445,3.3302191008547637,0.014253090446211165,0.05080109417741285,-0.01790466615411912,-0.013038392671057403,3558300279.25,-21.44786499343798,-11.07440454175176,-27.917116908978713,-4.109974360445372,0.0,-0.08209498407166782,-2.8999999999999986,1.0,28.98754603003848,-0.6199999999999903,20665.0,True,True,12.398481973434535,Diversified FMCG,Fast Moving Consumer Goods,91.0,103,"Uptrend (price > 50 > 150 > 200-day, 200-day rising); Within 15% of 52-week high; Quarterly profit growth >= 25%; Sales growth >= 20% or 2+ strong quarters; 3-year profit growth >= 15%/yr; RS rating >= 80; Net profit margin up vs a year ago",7
ITCHOTELS,-0.08144889261957007,-0.30112700476809706,0.07702070808283223,-1.0343960124408988,0.6860775862068965,0.0,0.0,-0.0064867888475143584,1.3695634597639506,0.016246708019770573,0.028963908507743108,-0.016738366044887654,-0.019270717251807158,254335781.49,35.97805165154675,14.773033818083725,13.980949159683664,3.212165044366272,9.0,,3.030000000000001,1.0,7.04237433522045,-0.44999999999999574,20648.0,True,True,14.183111954459202,Hotels & Resorts,Consumer Discretionary,65.0,103,"Uptrend (price > 50 > 150 > 200-day, 200-day rising); Within 15% of 52-week high; 3-year profit growth >= 15%/yr; ROE >= 20%; RS rating >= 80",5
ITDC,0.06845860358591893,0.11740223705887454,0.5792892156862746,0.2944563761068144,0.8172141119221411,0.0,0.0,2.0332593933605816,7.5414390623808005,0.032708292137178414,0.082521665771915,-0.008981497053868082,-0.024814887928809926,63845934.625,-3.5393088821405794,2.678062678062676,-16.817455656837524,-0.049289563637249956,0.0,9.858771041893988,-0.6799999999999997,1.0,19.38534278959811,0.010000000000000009,20675.0,True,True,65.74952561669829,Hotels & Resorts,Consumer Discretionary,65.0,103,"Uptrend (price > 50 > 150 > 200-day, 200-day rising); Within 15% of 52-week high; Quarterly profit growth >= 25%; Sales growth >= 20% or 2+ strong quarters; 3-year profit growth >= 15%/yr; ROE >= 20%; RS rating >= 80; Net profit margin up vs a year ago",8
ITI,-0.06172369647025882,-0.0951353146272621,0.05530168073735564,-0.5075859162363174,0.6593536274641276,0.0,0.0,-0.0754970117164407,4.344798210602858,0.011841607765524325,0.029449636552440372,-0.08261947515564583,-0.023076589592908207,45124311.425,-100.0,-14.654324210357228,400.0,0.5398591744567488,0.0,-28.05919945164438,4.500000000000001,0.0,15.372507869884574,0.08000000000000002,20678.0,True,True,21.415559772296014,Telecom -  Equipment & Accessories,Telecommunication,31.0,103,"Uptrend (price > 50 > 150 > 200-day, 200-day rising); Within 15% of 52-week high; Quarterly profit growth >= 25%; Sales growth >= 20% or 2+ strong quarters; 3-year profit growth >= 15%/yr; ROE >= 20%; RS rating >= 80",7
IVALUE,-0.06600609446520869,-0.1937675070028012,0.0030493117267815784,-0.44365714158883346,0.682470588235294,0.0,0.0,-0.1918481277998595,0.8787785807398741,0.02102846664098307,0.04108901860634795,-0.08131785990295315,-0.021199149807920453,50428030.625,51.660647382455195,-21.136463361123305,40.3071950516058,1.1273269192323183,1.0,,4.2,1.0,17.253521126760564,0.6999999999999993,20662.0,True,True,20.19449715370019,IT Enabled Services,Information Technology,50.0,103,"Uptrend (price > 50 > 150 > 200-day, 200-day rising); Within 15% of 52-week high; Sales growth >= 20% or 2+ strong quarters; 3-year profit growth >= 15%/yr; ROE >= 20%; RS rating >= 80",6
IXIGO,-0.12575142462638675,-0.3945170660856935,0.018134082305531818,-0.7931079007711908,0.46666666666666673,0.0,0.0,-0.2882167407294036,1.4629478669944944,0.0266836962506677,0.03492440334874414,-0.07272437527389974,-0.01717061981989872,126573410.655,80.90584449798864,12.877709223224176,-10.198325921701866,1.2198115559128182,3.0,,3.6099999999999994,1.0,3.4684904738641915,-0.009999999999990905,20671.0,True,True,4.790322580645161,"Tour, Travel Related Services",Consumer Discretionary,98.0,103,"Uptrend (price > 50 > 150 > 200-day, 200-day rising); Within 15% of 52-week high; 3-year profit growth >= 15%/yr; ROE >= 20%; RS rating >= 80",5
IZMO,-0.04978501319102874,-0.29567626629204713,0.29970475984733924,-0.5231461832312359,0.7311152187307456,0.0,0.0,0.0603282688455173,0.9613983340549873,0.025116812731106483,0.03778409090909096,-0.03263255037387047,-0.0302081340813898,80243263.975,103.2856541565065,15.696336931516552,-47.82579366901501,0.47630707398384786,3.0,32.864233555077064,8.040000000000001,1.0,11.7359413202934,0.11000000000000032,20679.0,True,True,25.642314990512336,IT Enabled Services,Information Technology,50.0,103,"Uptrend (price > 50 > 150 > 200-day, 200-day rising); Within 15% of 52-week high; ROE >= 20%; RS rating >= 80",4
JAIBALAJI,-0.053927696246173024,-0.2771096827700601,0.21248478525473846,-0.5873345437719587,0.6604901960784314,0.0,0.0,-0.045055377102354216,0.658677993111272,0.02571740283807332,0.04990183246073299,0.026187038086360026,-0.02510564699070888,35999239.95,-82.68181222513896,-13.055628722126212,-16.485166669510832,-0.7043938690089729,0.0,68.15177684075002,-7.88,1.0,26.27118644067797,-0.22999999999999998,20406.0,True,True,24.045540796963948,Iron & Steel,Commodities,63.0,103,"Uptrend (price > 50 > 150 > 200-day, 200-day rising); Within 15% of 52-week high; Quarterly profit growth >= 25%; Sales growth >= 20% or 2+ strong quarters; RS rating >= 80; Net profit margin up vs a year ago",6
JAINREC,,,-0.382813367380926,,0.4969273507871032,0.0,0.0,0.34217150090166065,0.7526768627415552,0.024694258482491446,0.06782768102658121,-0.004358356778054517,-0.029719192104526934,299823929.65,20.871859133647398,75.85670485718896,-1.1310232125833153,0.33740454414006216,4.0,,-1.1600000000000001,1.0,22.229340166559897,-2.1499999999999986,20668.0,True,True,,Diversified Metals,Commodities,,103,"Uptrend (price > 50 > 150 > 200-day, 200-day rising); Within 15% of 52-week high; Quarterly profit growth >= 25%; 3-year profit growth >= 15%/yr; RS rating >= 80; Net profit margin up vs a year ago",6
JAMNAAUTO,0.1184797291136982,0.18462897526501765,0.036321483771251994,1.1252868628205057,0.9855194805194806,1.0,0.0,0.6816145314232018,4.340462261717991,0.029067452160821017,0.07259204165117161,0.17057346299084353,-0.047879314895127124,220734437.87,6.116030487500201,6.65062006174455,-67.2594776753319,0.16649062050862323,0.0,11.052200624521724,-0.040000000000000036,1.0,20.13949433304272,-1.1600000000000001,20672.0,True,True,77.8662239089184,Auto Components & Equipments,Consumer Discretionary,18.0,103,"Uptrend (price > 50 > 150 > 200-day, 200-day rising); Quarterly profit growth >= 25%; Sales growth >= 20% or 2+ strong quarters; 3-year profit growth >= 15%/yr; RS rating >= 80; Net profit margin up vs a year ago",6
JandKBANK,0.0532054423739283,0.4933306788771652,0.2955094991364422,0.9515855047303524,0.6909541511771995,0.0,0.0,-0.6569191556921216,1.176032800359483,0.02406778591192844,0.02268055365218591,-0.06818057243392028,-0.027377074164734807,302004234.6,-11.483679453569762,8.503876798849962,-48.72947715687788,-0.5803695106644459,0.0,19.481245621956145,-2.7300000000000004,1.0,14.303030303030303,2.880000000000001,20663.0,True,True,61.522770398481974,Private Sector Bank,Financial Services,25.0,103,"Uptrend (price > 50 > 150 > 200-day, 200-day rising); Within 15% of 52-week high; Quarterly profit growth >= 25%; Sales growth >= 20% or 2+ strong quarters; ROE >= 20%; RS rating >= 80; Net profit margin up vs a year ago",7
JARO,,,0.021664374140302645,,0.46561797752808987,0.0,0.0,-0.08957967318230141,0.9467667627457038,0.02004536684093581,0.04178559196255294,-0.08147071079626567,-0.06255348164067574,45353522.075,48.37570577384129,16.6144717323224,31.121245837290452,0.41337655020620884,1.0,,3.379999999999999,1.0,14.681440443213297,-2.1900000000000004,20679.0,True,True,,E-Learning,Consumer Discretionary,,103,"Uptrend (price > 50 > 150 > 200-day, 200-day rising); Within 15% of 52-week high; Sales growth >= 20% or 2+ strong quarters; 3-year profit growth >= 15%/yr; ROE >= 20%; RS rating >= 80",6
JASH,0.09092023364809186,-0.00829015544041456,0.2831858407079646,0.5281304259128781,0.946319018404908,1.0,1.0,1.6443473594957987,1.6879944465346142,0.024926166417263716,0.10505612587546764,0.1374507829131082,-0.05877213821895725,55322486.05,100.0,17.451610375362424,41.502444242894555,0.7898390194713621,2.0,17.80415822495145,7.449999999999999,1.0,14.64354527938343,-0.32000000000000006,20676.0,True,True,71.76091081593928,Industrial Products,Industrials,11.0,103,ROE >= 20%; RS rating >= 80,2
JAYBARMARU,0.08308828164646093,0.18762746430999333,0.45185800783568797,0.48118449270665525,0.6414492753623189,0.0,1.0,-0.26521815776121804,2.369128423421319,0.030062337287551803,0.049956933677864024,0.03075337063649286,-0.06389185423148194,38540239.0,-6.017156929085998,12.563978233931339,-292.75851018203866,-0.0683783936415005,0.0,57.85028062932689,-0.6899999999999995,1.0,20.114942528735632,-0.020000000000000018,20669.0,True,True,69.5066413662239,Auto Components & Equipments,Consumer Discretionary,18.0,103,Within 15% of 52-week high; Quarterly profit growth >= 25%; Sales growth >= 20% or 2+ strong quarters; RS rating >= 80; Net profit margin up vs a year ago,5
JAYKAY,,,0.16564277588168386,,0.965018315018315,1.0,0.0,1.8740173152947592,6.745106958447496,0.043918818771692,0.12274406332453824,0.5919794931045441,-0.10914224095009908,53731806.82,-77.66639678798997,34.48151487826869,-177.66639678798998,-2.162986057285185,0.0,38.67646403498788,-30.38,1.0,31.30434782608696,-0.009999999999999981,20679.0,True,True,,Aerospace & Defense,Industrials,19.0,103,"Uptrend (price > 50 > 150 > 200-day, 200-day rising); Quarterly profit growth >= 25%; RS rating >= 80; Net profit margin up vs a year ago",4
JAYNECOIND,0.09723857135711819,0.30042354315758746,0.12310797174571153,0.7971613232400757,0.814017094017094,0.0,1.0,0.1384403792320731,1.1558179398752852,0.027270500578949197,0.05319390770629684,0.03215234759388408,-0.02418972837898034,268254026.055,108.56505044862939,27.720617212841425,20.826734220196613,1.069777540457669,2.0,26.505366427290955,3.570000000000001,1.0,16.29707849348821,0.9000000000000001,20679.0,True,True,73.07590132827325,Iron & Steel Products,Industrials,16.0,103,Within 15% of 52-week high; ROE >= 20%; RS rating >= 80,3
JBMA,-0.069631462821887,-0.07816989611729164,0.11564868479714674,-0.46699270755674616,0.7406905890318213,0.0,0.0,0.9258444876762487,0.7812069935767662,0.017431038333543557,0.026561853537443003,-0.11660492052674243,-0.0390968068261505,122394611.4,13.559318947940557,15.038919194819279,-2.847310699600868,1.4932551763296233,0.0,24.517526697918314,-0.040000000000000036,1.0,15.464587394411955,0.1200000000000001,20664.0,True,True,18.409867172675522,Auto Components & Equipments,Consumer Discretionary,18.0,103,"Uptrend (price > 50 > 150 > 200-day, 200-day rising); Within 15% of 52-week high; Quarterly profit growth >= 25%; Sales growth >= 20% or 2+ strong quarters; ROE >= 20%; RS rating >= 80; Net profit margin up vs a year ago",7
JGCHEM,0.22664341357697249,0.48498013902681225,0.7484653610055538,1.2972803315136419,0.9519622093023257,1.0,1.0,1.0229636092891745,1.9018498854725263,0.0396721747769394,0.09152792585909952,0.09809687798122524,-0.037548825738817966,202474125.77499998,59.65172851398255,44.78693637906517,40.859138262509596,1.8193074427097815,1.0,,0.7699999999999996,1.0,13.068181818181818,-0.54,20673.0,True,True,91.20398481973434,Commodity Chemicals,Commodities,42.0,103,3-year profit growth >= 15%/yr; ROE >= 20%,2
JINDALSAW,0.09823302509708656,0.5040890728150558,0.5632360471070148,0.8212429176697627,0.8809374999999999,0.0,0.0,0.9521085650107954,1.0232677868537028,0.024891390410609126,0.03537777777777773,-0.0074537791751903,-0.024240678089793685,356030597.70000005,-78.13565000040586,9.000215439153148,-120.6609895838418,-1.5364713782405186,0.0,-5.604386299355513,-8.129999999999999,1.0,7.356449817082869,2.1899999999999977,20648.0,True,True,73.16982922201139,Iron & Steel Products,Industrials,16.0,103,"Uptrend (price > 50 > 150 > 200-day, 200-day rising); Quarterly profit growth >= 25%; Sales growth >= 20% or 2+ strong quarters; 3-year profit growth >= 15%/yr; ROE >= 20%; RS rating >= 80; Net profit margin up vs a year ago",7
JINDALSTEL,0.01285044745010817,0.11659558154023109,0.02733686067019403,0.0601660354131914,0.812279895881182,0.0,0.0,-0.003461143071566478,4.8554260541828365,0.014853721356451629,0.030061349693251582,-0.05757915979762385,-0.029082453778128882,863823093.9000001,-43.60683506295364,25.9274894098815,-197.5937838463483,-1.1490770697152561,0.0,-7.948894639453064,-6.72,1.0,6.603273148784848,0.030000000000001137,20658.0,True,True,49.68785578747629,Iron & Steel,Commodities,63.0,103,"Uptrend (price > 50 > 150 > 200-day, 200-day rising); Within 15% of 52-week high; Quarterly profit growth >= 25%; 3-year profit growth >= 15%/yr; ROE >= 20%; RS rating >= 80; Net profit margin up vs a year ago",7
JINDRILL,0.006473543306859944,0.10766789174741054,0.36401974902283474,-0.001602174907734932,0.849091425326519,0.0,0.0,1.038567905582416,0.22496893334112097,0.027130744710535296,0.053951367781154946,-0.027168052205340576,-0.018782603605633403,138623737.825,-28.688912269974963,8.382856468180556,3.553162986981093,-0.3052674522229062,0.0,35.1750814128305,-8.899999999999999,1.0,11.593406593406593,-0.19,20672.0,True,True,47.62144212523719,Offshore Support Solution Drilling,Energy,,103,"Uptrend (price > 50 > 150 > 200-day, 200-day rising); Within 15% of 52-week high; Quarterly profit growth >= 25%; Sales growth >= 20% or 2+ strong quarters; ROE >= 20%; RS rating >= 80; Net profit margin up vs a year ago",7
JINDWORLD,0.20996580959974967,0.628255945639864,1.747730530339226,0.4207481823235089,0.7231811582513308,0.0,1.0,1.040891023434686,0.12116554579494457,0.055678616874387264,0.048383858662919055,0.03496677855912678,-0.05287760116116137,250034099.855,85.76796413967271,2.744952769031306,67.26609047455364,3.2987654667112216,1.0,-1.1337011001323893,2.61,1.0,8.13953488372093,-0.07,20665.0,True,True,89.2314990512334,Other Textile Products,Consumer Discretionary,21.0,103,Within 15% of 52-week high; Sales growth >= 20% or 2+ strong quarters; 3-year profit growth >= 15%/yr; ROE >= 20%,4
JIOFIN,-0.06801883222609544,-0.18592794017675052,0.017806298074879878,-0.939552156259538,0.6830992583241281,0.0,0.0,-0.10848097377002927,1.928638386040899,0.015711413739955812,0.02783018867924536,-0.09191602195109694,-0.03242088684529223,2702520153.065,174.4687466422887,227.2817816673742,188.34643161055854,25.383825153702965,1.0,78.22651596577879,-7.969999999999999,1.0,1.166204717115044,-2.030000000000001,20650.0,True,True,19.349146110056925,Investment Company,Financial Services,96.0,103,"Uptrend (price > 50 > 150 > 200-day, 200-day rising); Within 15% of 52-week high; ROE >= 20%; RS rating >= 80; Net profit margin up vs a year ago",5
JISLJALEQS,-0.13115804865323658,-0.4032476319350473,0.0341708542713568,-1.011633238357863,0.5009858397562287,0.0,0.0,0.7691498625619341,6.28095580065916,0.02940656968505657,0.05312601230968572,-0.038176975436519545,-0.04439474252281062,46072713.08,-100.0,-2.411930255879413,0.0,-1.1977239118965193,0.0,4.121102180344938,-1.9,0.0,-0.6837606837606838,-0.7300000000000004,20652.0,True,True,4.038899430740038,Plastic Products - Industrial,Industrials,45.0,103,"Uptrend (price > 50 > 150 > 200-day, 200-day rising); Within 15% of 52-week high; Quarterly profit growth >= 25%; Sales growth >= 20% or 2+ strong quarters; 3-year profit growth >= 15%/yr; ROE >= 20%; RS rating >= 80; Net profit margin up vs a year ago",8
JKCEMENT,-0.05342040581236956,-0.194948135244279,-0.05087752053771466,-0.6092060081341968,0.7461009682903392,0.0,0.0,-0.6822076595762374,7.4248007981353235,0.017265690564877617,0.05831578947368432,-0.025609838502601456,-0.021761074890933676,164992649.25,-15.308791889843542,20.259028256272103,-6.863913848277381,-0.46956233288172233,0.0,36.82133565003418,-2.8600000000000003,1.0,14.040073895125763,-0.03999999999999915,20652.0,True,True,24.42125237191651,Cement & Cement Products,Commodities,102.0,103,"Uptrend (price > 50 > 150 > 200-day, 200-day rising); Within 15% of 52-week high; Quarterly profit growth >= 25%; ROE >= 20%; RS rating >= 80; Net profit margin up vs a year ago",6
JKLAKSHMI,-0.13841861492638863,-0.3870200879591108,-0.12556167867740564,-1.5812347755225007,0.5329679642917678,0.0,0.0,-0.5488960431644256,1.4112387728836984,0.013478200135258654,0.03879310344827602,-0.1093112057016169,-0.039111801819181544,59689143.9,-27.948434625563877,9.411636309328909,0.6927133131778973,-0.5514732455259804,0.0,4.873938569431191,-2.9399999999999995,1.0,10.62789500772002,0.25,20641.0,True,True,3.193548387096774,Cement & Cement Products,Commodities,102.0,103,"Uptrend (price > 50 > 150 > 200-day, 200-day rising); Within 15% of 52-week high; Quarterly profit growth >= 25%; Sales growth >= 20% or 2+ strong quarters; 3-year profit growth >= 15%/yr; ROE >= 20%; RS rating >= 80; Net profit margin up vs a year ago",8
JKPAPER,0.024649003080541014,0.08778984050395389,0.21297264982812725,0.08604486359265605,0.86443345323741,0.0,0.0,0.16619634399088717,0.9021384783387673,0.019477435240229445,0.037925889082317754,-0.032404995759694355,-0.04036379043800797,133630153.95,62.75621975981389,13.613760053942126,26.527711396840353,0.6080198600493542,2.0,-35.91833593927112,2.1799999999999997,1.0,4.963768115942029,-0.08000000000000185,20661.0,True,True,54.00853889943074,Paper & Paper Products,Commodities,24.0,103,"Uptrend (price > 50 > 150 > 200-day, 200-day rising); 3-year profit growth >= 15%/yr; ROE >= 20%; RS rating >= 80",4
JKTYRE,-0.02260286403005979,0.03435168238772368,-0.06502926953423249,-0.16493757601432518,0.5448602712861579,0.0,0.0,-0.22863733721775076,1.6777539508971147,0.015765383455861825,0.036439665471923455,-0.10024180664104654,-0.018118946983970066,165927444.375,-76.48167263029814,1.9979632664243852,-184.8032028199396,-0.9694479728217639,0.0,21.658568453535707,-3.0700000000000003,1.0,12.803167794093383,-3.030000000000001,20649.0,True,True,36.819734345351044,Tyres & Rubber Products,Consumer Discretionary,73.0,103,"Uptrend (price > 50 > 150 > 200-day, 200-day rising); Within 15% of 52-week high; Quarterly profit growth >= 25%; Sales growth >= 20% or 2+ strong quarters; ROE >= 20%; RS rating >= 80; Net profit margin up vs a year ago",7
JLHL,-0.05418234078904858,-0.04094683273068178,0.19364113676139683,-0.6876537488586957,0.7352941176470589,0.0,0.0,-0.9850443847223372,2.418580862025782,0.01543169268424196,0.02464511041009465,-0.15072867479702412,-0.040733620137709474,37633419.875,-14.609623648297665,16.441422297775897,-23.131029092595533,-0.7540455128575783,0.0,24.765398253129423,-3.3199999999999985,1.0,12.55663430420712,0.39000000000000057,20665.0,True,True,23.951612903225808,Hospital,Healthcare,68.0,103,"Uptrend (price > 50 > 150 > 200-day, 200-day rising); Within 15% of 52-week high; Quarterly profit growth >= 25%; Sales growth >= 20% or 2+ strong quarters; ROE >= 20%; RS rating >= 80; Net profit margin up vs a year ago",7
JMFINANCIL,-0.04720987251288129,-0.18365580762811407,0.07998037291462223,-0.5734919526597313,0.6844931506849316,0.0,0.0,0.31643511173248484,0.7728876615708887,0.016849373962899296,0.030936250102032492,-0.014170315257158617,-0.018160018956796854,271725677.69,-19.661307764786507,8.025446757967858,11.441800090013444,-0.663995404352726,0.0,17.933450750593938,-10.580000000000002,1.0,11.268530681178458,-0.5899999999999999,20647.0,True,True,26.487666034155602,Holding Company,Financial Services,69.0,103,"Uptrend (price > 50 > 150 > 200-day, 200-day rising); Within 15% of 52-week high; Quarterly profit growth >= 25%; Sales growth >= 20% or 2+ strong quarters; ROE >= 20%; RS rating >= 80; Net profit margin up vs a year ago",7
JNKINDIA,0.12841471840422622,0.6034948657899477,0.7104150653343584,1.0600272177863292,0.7970430107526881,0.0,1.0,0.1921567558712039,1.0667986779873497,0.030600099376700836,0.07559523809523805,0.026036764298765336,-0.03139537957401386,57234200.175,300.0,81.59434914228055,150.36737060409422,0.5936527860330655,4.0,,4.21,1.0,11.443661971830986,-1.9000000000000004,20676.0,True,True,80.02656546489564,Industrial Products,Industrials,11.0,103,Within 15% of 52-week high; 3-year profit growth >= 15%/yr; ROE >= 20%,3
JSFB,0.050604341743155076,0.17669048927982423,0.387347679543687,0.23304954128507888,0.8239558447977593,0.0,0.0,0.42826700602244583,0.8504048645051006,0.02883929918308624,0.03673385858999301,-0.07249075458190679,-0.03816053837631581,305765505.05,52.22313023067038,22.07552492644984,38.97293103132277,0.643948538979928,1.0,8.036441219151037,2.0299999999999994,1.0,7.293064876957494,0.7200000000000024,20679.0,True,True,60.865275142314985,Other Bank,Financial Services,22.0,103,"Uptrend (price > 50 > 150 > 200-day, 200-day rising); Within 15% of 52-week high; 3-year profit growth >= 15%/yr; ROE >= 20%; RS rating >= 80",5
JSL,0.013162917994660562,0.00020333468889788264,0.017724137931034445,-0.024001806655769203,0.8282239819004524,0.0,0.0,0.4627831722299631,1.125764173726638,0.017319728013591825,0.060304568527918656,-0.002641369098297486,-0.012873798599835043,395560289.4,7.6552334934173905,10.496573966850665,-38.156580380949464,0.40092856054054343,0.0,12.367024281547344,-0.17999999999999972,1.0,16.09317366479713,-0.22000000000000597,20668.0,True,True,49.87571157495256,Iron & Steel,Commodities,63.0,103,"Uptrend (price > 50 > 150 > 200-day, 200-day rising); Within 15% of 52-week high; Quarterly profit growth >= 25%; Sales growth >= 20% or 2+ strong quarters; 3-year profit growth >= 15%/yr; ROE >= 20%; RS rating >= 80; Net profit margin up vs a year ago",8
JSLL,-0.1705139837476526,-0.3576360808709176,-0.16171456405260598,-0.8763828354984415,0.4972586412395709,0.0,0.0,-0.6888161152310622,5.605733902102511,0.025123512887218095,0.04004075394803874,-0.19534643306254373,-0.07410879594571675,251263934.64999998,28.48835397406646,28.750932354122448,-49.354110563191654,1.0427556029862906,13.0,,-0.060000000000002274,1.0,47.53747323340471,-1.4899999999999993,20672.0,True,True,0.9392789373814041,Wellness,Consumer Discretionary,,103,"Uptrend (price > 50 > 150 > 200-day, 200-day rising); Within 15% of 52-week high; 3-year profit growth >= 15%/yr; RS rating >= 80; Net profit margin up vs a year ago",5
JSWCEMENT,-0.0705733193248771,-0.11549155200684402,0.04691587207830561,-0.6877640926878892,0.7820083682008367,0.0,0.0,-0.5539633417352082,3.194375909879643,0.01205912619819318,0.018993608785669247,-0.09140701465545742,-0.020989467616579806,151633493.99,300.0,21.57877190957933,0.0,0.9555406005067066,6.0,,5.83,1.0,-12.198473282442748,3.5200000000000014,20647.0,True,True,18.315939278937382,Cement & Cement Products,Commodities,102.0,103,"Uptrend (price > 50 > 150 > 200-day, 200-day rising); Within 15% of 52-week high; 3-year profit growth >= 15%/yr; ROE >= 20%; RS rating >= 80",5
JSWENERGY,-0.03369447498261755,0.021379245104531375,0.0868733642037447,-0.2713317672795217,0.7863448610998622,0.0,0.0,-0.48096052951450785,2.1738907749265226,0.01572513381452906,0.02734375,-0.0894870404999617,-0.026726330074820576,877876389.9,-36.26574387549856,1.239654156710479,-74.60156502480442,-1.7173456886749894,0.0,27.30299240111109,-6.02,1.0,8.981821729374655,3.539999999999999,20656.0,True,True,32.499051233396585,Power Generation,Utilities,85.0,103,"Uptrend (price > 50 > 150 > 200-day, 200-day rising); Within 15% of 52-week high; Quarterly profit growth >= 25%; Sales growth >= 20% or 2+ strong quarters; ROE >= 20%; RS rating >= 80; Net profit margin up vs a year ago",7
JSWHL,-0.0582960579518272,-0.33174113124017013,-0.043840640106684425,-0.929144639437039,0.4946028960070206,0.0,0.0,0.35262089238535965,9.009979705839278,0.01839168528777953,0.0314545454545454,-0.017097892585332453,-0.01204789613273086,30296959.5,-27.415225969240275,14.998337213169254,-64.96926269003062,-0.26616240979742195,0.0,-26.488667460218174,-41.47,1.0,0.44530611008451726,-0.2799999999999976,20651.0,True,True,22.5426944971537,Investment Company,Financial Services,96.0,103,"Uptrend (price > 50 > 150 > 200-day, 200-day rising); Within 15% of 52-week high; Quarterly profit growth >= 25%; Sales growth >= 20% or 2+ strong quarters; 3-year profit growth >= 15%/yr; ROE >= 20%; RS rating >= 80; Net profit margin up vs a year ago",8
JSWINFRA,0.057912432046812984,0.031758326878388754,0.39552426452099576,0.2955914708878561,0.9424766977363515,0.0,1.0,0.7820563205230948,1.2700725883833868,0.020400808358241474,0.0661258227460586,0.04177705558891742,-0.035025035645730555,846494539.2,-8.203288574547862,18.056134330187533,-2.0094487789386495,-0.41541604124624865,0.0,21.607250014425606,-7.079999999999998,1.0,14.222671692562288,11.049999999999999,20655.0,True,True,62.462049335863384,Port & Port services,Services,20.0,103,Quarterly profit growth >= 25%; Sales growth >= 20% or 2+ strong quarters; ROE >= 20%; RS rating >= 80; Net profit margin up vs a year ago,5
JSWSTEEL,0.02083437871875178,0.18071644983068968,0.16884262526464378,0.3994963516260227,0.9104367135455218,0.0,0.0,0.12290139065454701,1.9943411322362867,0.013413214897733642,0.024309392265193353,-0.04288795719608185,-0.015167690246639477,1818300858.5,112.47188028715782,9.773564790136046,-40.76709530486396,1.4464973358085467,5.0,35.872702964503866,4.79,1.0,25.49448792140166,0.8700000000000045,20638.0,True,True,52.036053130929794,Iron & Steel,Commodities,63.0,103,"Uptrend (price > 50 > 150 > 200-day, 200-day rising); RS rating >= 80",2
JTLIND,0.10751680070519685,0.3335757928425953,0.8496771589991929,0.4703617893362806,0.9382978723404256,0.0,1.0,0.6072702055718964,2.277084914156331,0.026609296245831308,0.04341653850703886,0.06288110674604108,-0.024422684061418266,215876370.06,113.86411605540903,32.68304343029455,-11.574911646458034,1.6858408202890895,2.0,5.36046085388886,1.8600000000000003,1.0,6.9313593539703895,1.5799999999999996,20670.0,True,True,75.9876660341556,Iron & Steel Products,Industrials,16.0,103,3-year profit growth >= 15%/yr; ROE >= 20%; RS rating >= 80,3
JUBLFOOD,-0.03544387311908366,-0.20484309364961695,0.0468445022771633,-0.7393627178299054,0.7253543307086614,0.0,0.0,0.7520793069183389,1.1505150676739648,0.02009240430783479,0.041232819658475695,-0.03973247605585628,-0.03790994171945826,703036228.9,6.257085953503161,13.658077014941217,-60.85970826193558,0.23343772960613904,0.0,13.527721517553992,-0.28000000000000025,1.0,19.3717277486911,-0.759999999999998,20668.0,True,True,32.029411764705884,Restaurants,Consumer Discretionary,71.0,103,"Uptrend (price > 50 > 150 > 200-day, 200-day rising); Within 15% of 52-week high; Quarterly profit growth >= 25%; Sales growth >= 20% or 2+ strong quarters; 3-year profit growth >= 15%/yr; ROE >= 20%; RS rating >= 80; Net profit margin up vs a year ago",8
JUBLINGREA,-0.004455106267716325,0.06346725027356559,0.14490070683271616,0.012305950632719154,0.8082389937106917,0.0,0.0,-0.5342327522271456,1.497610825135194,0.01836031543594132,0.0378076424870466,-0.06667150846103576,-0.017217979081803447,167027696.825,40.85634746940012,25.282549837648283,24.120017375037147,1.5312428907337103,1.0,3.6174768969796434,0.9000000000000004,1.0,8.893154190658988,0.21999999999999886,20656.0,True,True,42.64326375711575,Specialty Chemicals,Commodities,40.0,103,"Uptrend (price > 50 > 150 > 200-day, 200-day rising); Within 15% of 52-week high; 3-year profit growth >= 15%/yr; ROE >= 20%; RS rating >= 80",5
JUBLPHARMA,-0.00971392633170592,-0.12898059167137754,0.08223587942639732,-0.2765185788307391,0.8225860904794059,0.0,0.0,0.4851742970002785,1.5091680863170156,0.020945836546511516,0.052662780357672245,0.017547632943652802,-0.036060768722076225,187849787.6,-44.94380695404379,17.293628663124117,-28.742049646417556,-0.7105564515859777,0.0,98.21992147465366,-2.86,1.0,5.611165938248978,0.7399999999999984,20669.0,True,True,40.76470588235294,Pharmaceuticals,Healthcare,26.0,103,"Uptrend (price > 50 > 150 > 200-day, 200-day rising); Within 15% of 52-week high; Quarterly profit growth >= 25%; Sales growth >= 20% or 2+ strong quarters; ROE >= 20%; RS rating >= 80; Net profit margin up vs a year ago",7
JUSTDIAL,0.012382639231782046,-0.16604477611940294,0.33227574271704663,-0.5260486339856556,0.7482358297291145,0.0,0.0,0.06217610205263678,0.44594073928650346,0.029790485580584804,0.02047832585949183,-0.035938918356901994,-0.018620545269840864,98579825.25,100.11898106337527,16.23016384982583,-5.017620325888302,1.076885123855407,8.0,-12.372187575961114,7.6,1.0,9.02311707680835,-1.0500000000000025,19830.0,True,True,49.5,Internet & Catalogue Retail,Consumer Discretionary,95.0,103,"Uptrend (price > 50 > 150 > 200-day, 200-day rising); Within 15% of 52-week high; 3-year profit growth >= 15%/yr; ROE >= 20%; RS rating >= 80",5
JWL,-0.09361348069600237,-0.2757481018311747,-0.05801254744016737,-0.746383408266724,0.6240334961618981,0.0,0.0,0.8115372507681965,17.218401113673984,0.015958540870035256,0.0605040487671733,-0.08042383757280591,-0.017919116328267044,153356703.17,-15.75621878883079,46.02255409935996,53.44082383791158,-0.1332170634400083,0.0,0.3101873644846487,-2.86,1.0,5.574210879785091,-0.7100000000000009,20679.0,True,True,10.801707779886149,Railway Wagons,Industrials,87.0,103,"Uptrend (price > 50 > 150 > 200-day, 200-day rising); Within 15% of 52-week high; Quarterly profit growth >= 25%; 3-year profit growth >= 15%/yr; ROE >= 20%; RS rating >= 80; Net profit margin up vs a year ago",7
JYOTHYLAB,-0.0821987255711639,-0.3434109789868056,-0.039691237432696536,-1.2960059278337965,0.5890461538461539,0.0,0.0,-0.6057144605932104,0.8782156748209772,0.017211461035382507,0.044294130482216865,-0.040437557265988966,-0.0263660514062889,100725418.91999999,1.5681851035417083,1.0560766072213346,5.415782730039565,0.06415075345862041,0.0,32.900523460404905,0.0600000000000005,1.0,18.048780487804876,-1.4799999999999969,20220.0,True,True,13.995256166982921,Household Products,Fast Moving Consumer Goods,,103,"Uptrend (price > 50 > 150 > 200-day, 200-day rising); Within 15% of 52-week high; Quarterly profit growth >= 25%; Sales growth >= 20% or 2+ strong quarters; ROE >= 20%; RS rating >= 80",6
JYOTICNC,0.1497422887466761,0.16556368280506217,0.3091217317597965,0.5294799840985733,0.9439450026441037,0.0,0.0,0.6243448272621398,0.536938118587585,0.02955131764876145,0.07019421929958702,0.11440263960468378,-0.03697589247299116,806585484.375,-19.967021141134012,23.96567276982715,-3.097991067197892,-0.5127217520248945,0.0,,-6.17,1.0,16.79160419790105,-3.75,20672.0,True,True,83.12618595825427,Industrial Products,Industrials,11.0,103,"Uptrend (price > 50 > 150 > 200-day, 200-day rising); Quarterly profit growth >= 25%; 3-year profit growth >= 15%/yr; ROE >= 20%; Net profit margin up vs a year ago",5
KAJARIACER,0.023097020551460547,0.06586414445399824,0.25281722168881693,0.18733695297844213,0.9477508115628382,0.0,1.0,0.6792480323710662,8.405514208247656,0.013470434174304796,0.03746325073498524,0.006945642016124909,-0.012133242091495891,236429898.9,51.929192420120195,20.434553929303355,-63.951644016430926,1.3975872047972602,4.0,16.246317356287697,2.67,1.0,15.88388780169602,0.11999999999999744,20665.0,True,True,53.16318785578748,Ceramics,Consumer Discretionary,59.0,103,ROE >= 20%; RS rating >= 80,2
KALAMANDIR,-0.15515141440906702,-0.43753658060740075,-0.07793176972281457,-1.1089596810948004,0.34528987131775996,0.0,0.0,-0.0422713070545204,1.473480710574175,0.015790389229386793,0.031741797812750105,-0.08037659062249214,-0.019341092786913976,33520423.889999997,-14.64190885061447,-1.0395229803176642,-156.08526567685607,-0.2656102929117206,0.0,16.74566175047161,-1.0899999999999999,1.0,11.190476190476192,-2.210000000000001,20679.0,True,True,1.9724857685009487,Speciality Retail,Consumer Discretionary,97.0,103,"Uptrend (price > 50 > 150 > 200-day, 200-day rising); Within 15% of 52-week high; Quarterly profit growth >= 25%; Sales growth >= 20% or 2+ strong quarters; ROE >= 20%; RS rating >= 80; Net profit margin up vs a year ago",7
KALYANKJIL,0.17607480782272616,0.33571269239348633,0.42452717973117626,0.5611338716479456,0.8768009862084906,0.0,0.0,0.40951200820118094,1.5258159233372275,0.02587121482502907,0.05364238410596034,-0.0410785759427007,-0.02811256086250669,5011626828.7,32.03763914792908,45.682866293915666,-86.1261285600655,0.9662913528127786,7.0,44.078490821512005,-0.33999999999999986,1.0,21.398002853067048,-2.030000000000001,20669.0,True,True,85.7561669829222,"Gems, Jewellery And Watches",Consumer Discretionary,10.0,103,"Uptrend (price > 50 > 150 > 200-day, 200-day rising); Net profit margin up vs a year ago",2
KANSAINER,-0.051157299180023784,-0.2077349869451698,0.07793072824156311,-0.7356690658460514,0.7287878787878788,0.0,0.0,0.03769511661769756,5.18190911966809,0.019570234818492478,0.04565217391304355,-0.011481000808694741,-0.02170472433375865,36906425.305,5.931202301510985,9.785248123291534,-13.626421006764545,0.5194201151387318,0.0,5.26712655612398,-0.3500000000000014,1.0,8.579088471849866,0.40000000000000036,20668.0,True,True,25.36053130929791,Paints,Consumer Discretionary,74.0,103,"Uptrend (price > 50 > 150 > 200-day, 200-day rising); Within 15% of 52-week high; Quarterly profit growth >= 25%; Sales growth >= 20% or 2+ strong quarters; 3-year profit growth >= 15%/yr; ROE >= 20%; RS rating >= 80; Net profit margin up vs a year ago",8
KAPSTON,0.39264029900131764,2.559761077588834,1.0744095187355707,5.489738554856802,0.8851833820188251,1.0,0.0,-0.2217564157426176,3.617346902946949,0.033855263881482855,0.036594010278220956,-0.002302870448447014,-0.033277738743438,34675633.5,38.685283110102645,16.234923964341895,14.502327711014878,1.7650651284478895,7.0,66.6808096410134,0.6200000000000001,1.0,24.137931034482758,0.01,20675.0,True,True,97.40322580645162,Diversified Commercial Services,Services,55.0,103,"Uptrend (price > 50 > 150 > 200-day, 200-day rising)",1
KARURVYSYA,0.11779841669694924,0.6310547970824762,0.29467433661161646,1.4914009273621736,0.9203959291788653,0.0,0.0,0.28541311452161894,1.6690594645270418,0.0216857231943408,0.03190013869625519,-0.01647940744448506,-0.013956072667527195,532442549.4,44.922055178052304,18.721457631737735,3.6572133774566637,4.0501592918443015,4.0,30.46132749308064,4.48,1.0,17.791324071448823,0.6300000000000026,20679.0,True,True,77.77229601518026,Private Sector Bank,Financial Services,25.0,103,"Uptrend (price > 50 > 150 > 200-day, 200-day rising); ROE >= 20%; RS rating >= 80",3
KAYNES,-0.10896923606630074,-0.48968158286646335,-0.029272898961284266,-0.9698736264135954,0.43672939649578196,0.0,0.0,0.0583940809468145,0.7340798891978095,0.028743918150920277,0.04003419290497212,-0.0776020394177791,-0.029218116632626846,3774877722.0,-24.44058920235246,40.46950866408303,-2.9555619178805017,-0.7565595134755497,0.0,46.79377356219767,-5.12,1.0,7.6663858466722825,-4.809999999999999,20672.0,True,True,7.514231499051233,Industrial Products,Industrials,11.0,103,"Uptrend (price > 50 > 150 > 200-day, 200-day rising); Within 15% of 52-week high; Quarterly profit growth >= 25%; ROE >= 20%; RS rating >= 80; Net profit margin up vs a year ago",6
KDDL,0.16413948794262662,0.46765235664965465,0.771607175212901,1.125815745946158,0.9361124121779859,1.0,1.0,0.9988711507586039,0.6795918976832391,0.0214978971607282,0.07017190606830925,0.037676385775121224,-0.02805993322353212,110125144.94999999,50.592424318912265,36.301075268817186,41.07022798377264,2.7050659937865182,1.0,18.3044207378223,0.6699999999999999,1.0,12.5,0.10000000000000142,20669.0,True,True,84.53510436432637,"Gems, Jewellery And Watches",Consumer Discretionary,10.0,103,ROE >= 20%,1
KEC,-0.1977848476564787,-0.5091608097555115,-0.23442331115899928,-1.5530012596646932,0.4059350503919373,0.0,0.0,-0.09973453235901414,1.5993333957556013,0.017982039090890748,0.051500508646999066,-0.14123132030058094,-0.03848853062164309,320360011.725,-41.52457547809612,0.013139871945977433,-13.525068141353707,-0.9555863852255508,0.0,47.39434503672408,-1.03,1.0,9.839259620068193,-3.440000000000005,20664.0,True,True,0.18785578747628084,Civil Construction,Industrials,90.0,103,"Uptrend (price > 50 > 150 > 200-day, 200-day rising); Within 15% of 52-week high; Quarterly profit growth >= 25%; Sales growth >= 20% or 2+ strong quarters; ROE >= 20%; RS rating >= 80; Net profit margin up vs a year ago",7
KEI,0.020875246057949128,0.19629026688372564,0.17629938638403142,0.43625962975715005,0.7929649093066621,0.0,0.0,-0.15098970686129823,0.7702929719097037,0.025534826280410438,0.032240437158469915,-0.08123264924838136,-0.01776336007030924,1778438630.0,40.05019971792414,22.97090706939684,14.489202793981669,3.765525238207351,6.0,26.280266772358573,1.0499999999999998,1.0,13.77344336084021,0.12000000000000455,20668.0,True,True,52.129981024667934,Cables - Electricals,Industrials,3.0,103,"Uptrend (price > 50 > 150 > 200-day, 200-day rising); Within 15% of 52-week high; ROE >= 20%; RS rating >= 80",4
KERNEX,0.1572114071026785,0.7389223849172168,0.8557859258502707,1.0974988451997871,0.685077519379845,0.0,0.0,-0.10061451335739935,0.6854999163052775,0.041128674896284835,0.05289445179925378,-0.07505769442104104,-0.023615201714472546,344387295.8,300.0,300.0,190.18612605414307,5.9430736136021896,2.0,19.499372733783147,8.559999999999999,1.0,35.483870967741936,2.21,20678.0,True,True,83.78368121442125,Transport Related Services,Services,,103,"Uptrend (price > 50 > 150 > 200-day, 200-day rising); Within 15% of 52-week high",2
KFINTECH,-0.03717309154940412,-0.12565888554216875,0.009948355531394393,-0.5671554061367897,0.7061728395061728,0.0,0.0,0.059930682834338146,0.9396412931964543,0.022365881990508173,0.04266826923076916,-0.06999027717107953,-0.0333463044326688,545806586.25,-2.670585543303916,30.095599503758308,-1.5971198552954258,-0.19411253387651511,0.0,20.210299768263674,-7.100000000000001,1.0,20.54958183990442,-3.440000000000005,20635.0,True,True,30.80834914611006,"Depositories, Clearing Houses and Other Intermediaries",Financial Services,83.0,103,"Uptrend (price > 50 > 150 > 200-day, 200-day rising); Within 15% of 52-week high; Quarterly profit growth >= 25%; RS rating >= 80; Net profit margin up vs a year ago",5
KIMS,-0.01878824747263266,0.09001426533523538,0.21943823811043717,-0.03160016957774605,0.8087995337995338,0.0,0.0,-0.09461225830818568,3.934440843494446,0.014286357604246782,0.03287027978869106,-0.10888444583129475,-0.056238346002134815,385643645.57500005,-56.001753333097994,35.32583754015604,6.2365589256057845,-1.3873983482230616,0.0,-18.12406473384326,-6.58,1.0,10.76991544281264,2.1000000000000014,20668.0,True,True,38.13472485768501,Hospital,Healthcare,68.0,103,"Uptrend (price > 50 > 150 > 200-day, 200-day rising); Within 15% of 52-week high; Quarterly profit growth >= 25%; 3-year profit growth >= 15%/yr; ROE >= 20%; RS rating >= 80; Net profit margin up vs a year ago",7
KINGFA,0.18151909464066024,0.32750788784712137,0.4088437151202833,1.5298554062943874,0.9909233847913094,1.0,1.0,0.9416111593905857,1.3136751021176714,0.020686033912117645,0.040150995195607386,0.16933565879181867,-0.05123498891264691,73939512.75,101.694800533026,49.06371095187583,60.405337240960755,7.879874538348084,3.0,25.567179285006137,3.040000000000001,1.0,13.214285714285715,-0.0799999999999983,20679.0,True,True,86.41366223908919,Plastic Products - Industrial,Industrials,45.0,103,ROE >= 20%,1
KIRIINDUS,0.15277531185087193,0.007750540735400158,0.4796877067619425,0.005154948023636948,0.7140564826700898,0.0,0.0,0.9789514688401721,0.6234250494572657,0.032548085319094054,0.05966697502312668,0.12328125347081276,-0.02635926292199428,342042606.15,300.0,54.54185632297646,200.0,1.174626332188636,2.0,151.4227214118618,88.04,1.0,86.49782473586079,-1.5600000000000023,20677.0,True,True,83.40796963946869,Dyes And Pigments,Commodities,,103,"Uptrend (price > 50 > 150 > 200-day, 200-day rising); Within 15% of 52-week high",2
KIRLOSBROS,-0.026693930315719847,-0.03538310107237219,0.30228003916631696,-0.29140330383489865,0.7823862598209392,0.0,0.0,-0.12136159280331668,4.747463990538878,0.018772539559909242,0.06696299717139054,-0.07561519514190673,-0.020544589304103366,66211596.0,-0.18734464210855561,12.860061287027591,6.063751864499611,-0.004919151626567364,0.0,12.984257354477236,-0.7999999999999998,1.0,15.300324675324676,0.019999999999999574,20644.0,True,True,34.84724857685009,"Compressors, Pumps & Diesel Engines",Industrials,60.0,103,"Uptrend (price > 50 > 150 > 200-day, 200-day rising); Within 15% of 52-week high; Quarterly profit growth >= 25%; Sales growth >= 20% or 2+ strong quarters; 3-year profit growth >= 15%/yr; ROE >= 20%; RS rating >= 80; Net profit margin up vs a year ago",8
KIRLOSENG,0.21069889022302318,1.3925893730305337,0.5545749788195424,2.94061542613654,0.8201470588235295,0.0,1.0,0.18529031084663194,3.240797233651963,0.028988465800558538,0.12180085933121632,0.03149891014751138,-0.03952254465181928,854041466.25,-17.3368795060035,13.494230299865473,-62.81006287815821,-0.6027708756772646,0.0,14.172094730635942,-2.0700000000000003,1.0,15.52486187845304,-0.15000000000000568,20649.0,True,True,89.41935483870968,"Compressors, Pumps & Diesel Engines",Industrials,60.0,103,Within 15% of 52-week high; Quarterly profit growth >= 25%; Sales growth >= 20% or 2+ strong quarters; 3-year profit growth >= 15%/yr; ROE >= 20%; Net profit margin up vs a year ago,6
KIRLPNU,0.01918304951809756,0.2722937928726785,0.3545600285001782,0.45176446172987805,0.633698966819899,0.0,0.0,0.39069605891558,1.3825703618759102,0.019829548616007258,0.04907024793388426,-0.039110540590902576,-0.01830022915569747,107075720.925,31.20091743336866,7.596734114306014,-42.06698729849805,0.2846928129794937,2.0,81.03316025640453,1.9699999999999989,1.0,20.336269015212167,0.269999999999996,20637.0,True,True,51.56641366223909,"Compressors, Pumps & Diesel Engines",Industrials,60.0,103,"Uptrend (price > 50 > 150 > 200-day, 200-day rising); Within 15% of 52-week high; RS rating >= 80",3
KITEX,-0.1302061893310074,-0.3074070092453236,-0.18901057401812693,-0.7196844688569527,0.5024924795874517,0.0,0.0,-0.0965529145437607,1.196720537656925,0.018074023350608804,0.03452751817237787,-0.0885152768986599,-0.014689859912903037,43526688.13,-100.0,-19.451929432101267,0.0,-1.0105071848427183,0.0,-47.36479714905494,-20.62,0.0,-1.262135922330097,0.32000000000000006,20679.0,True,True,4.132827324478178,Garments & Apparels,Consumer Discretionary,23.0,103,"Uptrend (price > 50 > 150 > 200-day, 200-day rising); Within 15% of 52-week high; Quarterly profit growth >= 25%; Sales growth >= 20% or 2+ strong quarters; 3-year profit growth >= 15%/yr; ROE >= 20%; RS rating >= 80; Net profit margin up vs a year ago",8
KMEW,0.34146469770130033,1.571440681558089,0.8760591254870431,2.8829297394382336,0.9833256845647851,1.0,1.0,0.6614379938179267,2.1029257648617197,0.029743219186004467,0.07010860484544712,0.14229579419056937,-0.04215264805786829,236391661.6,300.0,138.10604497627398,176.14536886733654,4.525208029834792,3.0,24.410799630058456,31.49,1.0,13.859649122807017,2.879999999999999,20679.0,True,True,95.80645161290323,Dredging,Services,,103,ROE >= 20%,1
KNRCON,-0.10836017435959938,-0.3674649888370206,0.0856993555129768,-1.037680791901277,0.5655913978494623,0.0,0.0,0.1448231992408115,1.1930691759962524,0.021944847856269042,0.03360443292519433,-0.06960589303201403,-0.030368845748603986,151175161.16000003,-77.32128527646856,-4.044261652957304,-107.90229609775342,-0.34567419971809116,0.0,-8.756455003835494,-15.38,1.0,8.789219629927594,-2.8900000000000006,20678.0,True,True,7.608159392789373,Civil Construction,Industrials,90.0,103,"Uptrend (price > 50 > 150 > 200-day, 200-day rising); Within 15% of 52-week high; Quarterly profit growth >= 25%; Sales growth >= 20% or 2+ strong quarters; 3-year profit growth >= 15%/yr; ROE >= 20%; RS rating >= 80; Net profit margin up vs a year ago",8
KOLTEPATIL,0.05691990667525991,0.010982725088662715,0.4230273752012883,-0.007897749883745529,0.7859718716191849,0.0,0.0,1.8692779841640301,0.16132807312551622,0.026887005076677142,0.02781757402101226,-0.0075046220821682885,-0.012134008011745958,32214032.7,100.0,300.0,200.0,2.6090391254457495,1.0,-2.561955814747663,36.45,1.0,-3.1483015741507874,0.5700000000000003,20638.0,True,True,62.274193548387096,"Residential, Commercial Projects",Consumer Discretionary,66.0,103,"Uptrend (price > 50 > 150 > 200-day, 200-day rising); Within 15% of 52-week high; 3-year profit growth >= 15%/yr; ROE >= 20%; RS rating >= 80",5
KOPRAN,0.24022440070835804,0.36275199249882806,0.8532036978004462,1.2240314805776282,0.9346584186864078,1.0,1.0,1.9842213102020392,0.6529614805469436,0.03029547654459206,0.06222902320836532,0.22366357350478494,-0.02746738543042388,61879315.31,-10.093882094676122,13.88108268007693,-104.81596919368022,-0.08583473462549024,0.0,3.682816513660181,-1.1600000000000001,1.0,4.905660377358491,-0.05999999999999994,20661.0,True,True,91.67362428842505,Pharmaceuticals,Healthcare,26.0,103,Quarterly profit growth >= 25%; Sales growth >= 20% or 2+ strong quarters; 3-year profit growth >= 15%/yr; ROE >= 20%; Net profit margin up vs a year ago,5
KOTAKBANK,0.0656874341519385,0.06572604940751159,0.17736791013729025,0.48447171279792506,0.970873786407767,0.0,0.0,0.5940768425894434,5.579917264124787,0.012958347334507738,0.03822115384615388,0.07985794959517589,-0.02294412240322822,4514897638.0,22.541996609853364,6.413729808891411,18.02010580121256,2.3942617128042163,1.0,7.067121702360635,3.9299999999999997,1.0,10.643064460949311,0.3300000000000054,20647.0,True,True,64.99810246679317,Private Sector Bank,Financial Services,25.0,103,"Uptrend (price > 50 > 150 > 200-day, 200-day rising); Quarterly profit growth >= 25%; Sales growth >= 20% or 2+ strong quarters; 3-year profit growth >= 15%/yr; ROE >= 20%; RS rating >= 80",6
KPEL,-0.1717727872888088,-0.38007269081338513,-0.14163745531530902,-1.0708683486305817,0.4595574743658931,0.0,0.0,-0.8713407067343976,0.9704989803607735,0.024601829243710332,0.07119144227222418,-0.151416153267261,-0.031960100881309204,66687236.4,2.573130220623021,136.61291791928582,-69.26094031098984,0.0717580955934435,0.0,54.697699642807976,-6.5600000000000005,1.0,34.541984732824424,-0.10000000000000009,20676.0,True,True,0.8453510436432637,Power Generation,Utilities,85.0,103,"Uptrend (price > 50 > 150 > 200-day, 200-day rising); Within 15% of 52-week high; Quarterly profit growth >= 25%; RS rating >= 80; Net profit margin up vs a year ago",5
KPIGREEN,-0.0766785416787571,-0.3052726861280832,-0.21352632253106196,-0.5307499859257333,0.6167819271553712,0.0,0.0,0.3102295469627342,2.1653468618774903,0.03053071105191478,0.12989980664440148,0.015620729655700272,-0.08775021158025735,325117683.5,-14.970835754208512,15.076126977808734,-64.20139680949696,-1.7658970426050609,0.0,59.44399397700275,-4.82,1.0,16.776532630191166,-0.05000000000000071,20676.0,True,True,15.592030360531309,Power Generation,Utilities,85.0,103,"Uptrend (price > 50 > 150 > 200-day, 200-day rising); Within 15% of 52-week high; Quarterly profit growth >= 25%; Sales growth >= 20% or 2+ strong quarters; ROE >= 20%; RS rating >= 80; Net profit margin up vs a year ago",7
KPIL,0.05997288192846943,0.14656015650472765,0.2973621103117505,0.6302840191138614,0.9787919463087249,1.0,1.0,0.9096514203853941,2.7464672214141217,0.01721070280528985,0.052727008993327606,0.05895251994975359,-0.021970662428463707,191139424.75,45.85224894491438,3.8371978085192993,-31.53085975509444,1.4216892733516764,2.0,38.47669090236858,1.4000000000000004,1.0,13.258744855967079,-0.4299999999999997,20676.0,True,True,62.93168880455408,Civil Construction,Industrials,90.0,103,ROE >= 20%; RS rating >= 80,2
KPITTECH,-0.17874948461183152,-0.5243428665895189,-0.1718356479815787,-1.5185253050874905,0.3768775780216359,0.0,0.0,0.3079307736593035,0.667515580311828,0.02244876940000349,0.021021611001964757,-0.15390609711777703,-0.04790598845424015,734685270.55,-32.27126538167799,8.853232472900263,1.1591807690190237,-0.9408224211926887,0.0,12.68921582457705,-4.22,1.0,17.989268568201073,-1.0799999999999983,20663.0,True,True,0.46963946869070206,Computers - Software & Consulting,Information Technology,93.0,103,"Uptrend (price > 50 > 150 > 200-day, 200-day rising); Within 15% of 52-week high; Quarterly profit growth >= 25%; Sales growth >= 20% or 2+ strong quarters; 3-year profit growth >= 15%/yr; ROE >= 20%; RS rating >= 80; Net profit margin up vs a year ago",8
KPRMILL,0.010504372707616855,0.07513141199927476,0.41091817316841106,-0.004570175805380339,0.8255622188905547,0.0,0.0,0.7664566224872449,0.9348968646818583,0.017906523051883904,0.041993792222019266,-0.009059105534800382,-0.018838240719694335,186444961.54999998,21.596350903861516,9.582340185815298,10.499767515103574,4.692007424883699,1.0,4.9101140722172865,1.3200000000000003,1.0,15.200982973494822,0.16000000000000014,20675.0,True,True,49.12428842504744,Other Textile Products,Consumer Discretionary,21.0,103,"Uptrend (price > 50 > 150 > 200-day, 200-day rising); Within 15% of 52-week high; Quarterly profit growth >= 25%; Sales growth >= 20% or 2+ strong quarters; 3-year profit growth >= 15%/yr; ROE >= 20%; RS rating >= 80",7
KRBL,0.058864875435135175,0.21564390665514255,0.3532713277742141,0.37337907458574265,0.879416961130742,0.0,0.0,0.8930194823366514,0.9948833611841198,0.02336645218719788,0.03834316491408063,0.004014039051153828,-0.019932486049671155,155936670.60000002,73.22620965263853,-5.585255783128728,72.40122997431202,1.8149727607158628,1.0,1.2189286007547429,7.93,1.0,11.158946099535044,-0.47999999999999865,20678.0,True,True,62.7438330170778,Other Agricultural Products,Fast Moving Consumer Goods,58.0,103,"Uptrend (price > 50 > 150 > 200-day, 200-day rising); Sales growth >= 20% or 2+ strong quarters; 3-year profit growth >= 15%/yr; ROE >= 20%; RS rating >= 80",5
KRISHANA,0.2652203383723821,0.9899492056630281,0.6606240981240981,2.443318570703196,0.9272736082174524,0.0,1.0,0.61653403670947,1.6621551131851107,0.024591026903992737,0.04213528493784624,0.02809009889820624,-0.019113296738658667,113783055.33,54.07706339658729,34.57804520402485,-98.78615102257267,1.0388785158069758,7.0,82.22183625924806,1.1199999999999992,1.0,32.0855614973262,0.14,20679.0,True,True,93.17647058823529,Fertilizers,Commodities,78.0,103,,0
KRISHNADEF,0.09597847570985377,0.25140492805533254,0.14111949543867564,0.9440596160703368,0.8872142857142856,0.0,0.0,0.5521663080529733,11.473942853840894,0.03839478424097438,0.1999200719352583,0.14414937224233393,-0.08078030332851416,84474613.44999999,20.665350525029112,-15.181858341923126,-52.14256946552625,0.5552102874917663,3.0,,5.899999999999999,1.0,21.1340206185567,0.010000000000000231,20677.0,True,True,72.88804554079697,Aerospace & Defense,Industrials,19.0,103,"Uptrend (price > 50 > 150 > 200-day, 200-day rising); Quarterly profit growth >= 25%; 3-year profit growth >= 15%/yr; RS rating >= 80",4
KRN,0.18006095680414091,0.8672896090839197,0.7627288968289414,1.5457439071720052,0.8797866034380557,0.0,1.0,0.13253335510091802,2.3256473884741635,0.027239675903542353,0.049974868959574925,0.04014094673710278,-0.0198206277074923,251565722.95,165.0083732990025,118.87578070784177,107.88576233189175,6.706353572691677,4.0,,2.2699999999999996,1.0,13.240418118466899,4.139999999999997,20677.0,True,True,86.13187855787476,Other Industrial Products,Industrials,7.0,103,3-year profit growth >= 15%/yr; ROE >= 20%,2
KROSS,0.1730710226201749,0.06691880988401411,0.2895891746921857,0.6777751991660725,0.9325088339222614,1.0,0.0,1.0422851117031293,1.5901354389446676,0.031189153107874044,0.08757271697965874,0.18214852695065686,-0.05056368924488419,95370719.515,24.353331001243774,32.276119402985074,-6.610697956998557,1.2339260519028457,2.0,,-0.45999999999999996,1.0,11.224489795918368,-0.09000000000000163,20679.0,True,True,85.56831119544593,Auto Components & Equipments,Consumer Discretionary,18.0,103,"Uptrend (price > 50 > 150 > 200-day, 200-day rising); Quarterly profit growth >= 25%; 3-year profit growth >= 15%/yr; ROE >= 20%; Net profit margin up vs a year ago",5
KRSNAA,-0.060743639829138864,-0.2725383216419849,-0.01103752759381893,-0.9523590204211544,0.6462681287584011,0.0,0.0,1.3909400568694241,0.5524665413007668,0.01748456181547657,0.036607059264113895,-0.00962368952669379,-0.01556561396216911,34398588.15,-19.284676725014116,22.048916986216206,-121.07529860749474,-0.5396032261693716,0.0,15.946036185221901,-3.6000000000000005,1.0,10.306122448979592,0.9899999999999984,20678.0,True,True,21.697343453510438,Healthcare Service Provider,Healthcare,32.0,103,"Uptrend (price > 50 > 150 > 200-day, 200-day rising); Within 15% of 52-week high; Quarterly profit growth >= 25%; ROE >= 20%; RS rating >= 80; Net profit margin up vs a year ago",6
KSB,-0.024406994152989903,0.005251451871988166,-0.022351739470047538,-0.030496316916530864,0.7794417971409122,0.0,0.0,0.7872412054515505,18.594966576649828,0.021040207939858658,0.045384417588069104,-0.009993935209259952,-0.025971608520542776,108108688.4,-18.768322947489004,3.5998200089995436,4.1198016556293275,-1.216904473647097,0.0,9.679510823374283,-2.280000000000001,1.0,16.081000595592617,-0.4200000000000017,20669.0,True,True,35.786527514231494,"Compressors, Pumps & Diesel Engines",Industrials,60.0,103,"Uptrend (price > 50 > 150 > 200-day, 200-day rising); Within 15% of 52-week high; Quarterly profit growth >= 25%; Sales growth >= 20% or 2+ strong quarters; 3-year profit growth >= 15%/yr; ROE >= 20%; RS rating >= 80; Net profit margin up vs a year ago",8
KSCL,-0.10945422081160627,-0.2982174856172781,-0.12345388149369763,-0.8934346463272299,0.6485537001551236,0.0,0.0,1.8073999194623636,0.32270164594506584,0.02164214497683396,0.10292669199380877,-0.05749449348699853,-0.04830644391548687,79039695.94999999,-14.468089831397112,-13.514961620444243,134.13757642693122,-2.479387846480034,0.0,-6.387751604773806,-0.4200000000000017,1.0,16.856492027334852,-0.39000000000000057,20678.0,True,True,7.326375711574952,Other Agricultural Products,Fast Moving Consumer Goods,58.0,103,"Uptrend (price > 50 > 150 > 200-day, 200-day rising); Within 15% of 52-week high; Quarterly profit growth >= 25%; Sales growth >= 20% or 2+ strong quarters; 3-year profit growth >= 15%/yr; ROE >= 20%; RS rating >= 80; Net profit margin up vs a year ago",8
KSL,0.06603748491179838,0.23627998685507712,0.47679987438172255,0.6084669752752564,0.9029431697163326,1.0,1.0,0.7478243375826337,2.278516755523802,0.024893806059546515,0.06348857644991224,0.02708536377201831,-0.023011907049233293,62916325.0,10.650403391907526,4.925807981570562,20.151781725198404,0.6037316352614909,0.0,2.474641596249727,0.7599999999999998,1.0,12.256532066508314,0.28999999999999915,20664.0,True,True,65.18595825426945,Iron & Steel Products,Industrials,16.0,103,Quarterly profit growth >= 25%; Sales growth >= 20% or 2+ strong quarters; 3-year profit growth >= 15%/yr; ROE >= 20%; RS rating >= 80,5
KTKBANK,0.18980543018549223,0.9909846622175391,0.4806269046582501,2.5970692005069944,0.9437698756866146,0.0,1.0,0.7003593114812618,1.1562277781361558,0.019997311986441373,0.05388650453028121,0.021618441394245513,-0.027091503711295768,724860805.75,43.23114797533392,5.367314087596409,-18.349448392510645,1.676377585092221,2.0,0.029463734968748767,4.65,1.0,9.913793103448276,0.9100000000000037,20663.0,True,True,87.07115749525617,Private Sector Bank,Financial Services,25.0,103,3-year profit growth >= 15%/yr; ROE >= 20%,2
LALPATHLAB,0.08681068180162686,0.19860827374872314,0.3883753604969311,0.8386752288098375,0.9541351908172275,0.0,1.0,-0.14450857546631324,1.4325372316048948,0.014225344291678885,0.019227771137556582,0.013320969195584231,-0.016363046202155063,462939174.95,27.18968225651284,19.095252314123634,42.17187183809344,1.4456775039958758,1.0,28.60164255382238,1.3599999999999994,1.0,20.326823435631724,0.39000000000000057,20636.0,True,True,70.53984819734346,Healthcare Service Provider,Healthcare,32.0,103,Sales growth >= 20% or 2+ strong quarters; RS rating >= 80,2
LANDMARK,-0.009199537095113432,-0.15726439250020652,0.24396488661302107,-0.4398530949763123,0.7265105740181269,0.0,0.0,1.5841448280788106,1.806329924686831,0.03339324747499615,0.0325220310532941,-0.0564927307075862,-0.02920320659281076,53652826.224999994,99.10858344704003,22.665109445051424,-200.89141655295998,0.675636329724237,5.0,-16.4358380923589,0.43000000000000016,1.0,6.495726495726497,-2.469999999999999,20676.0,True,True,41.04648956356736,Auto Dealer,Consumer Discretionary,,103,"Uptrend (price > 50 > 150 > 200-day, 200-day rising); Within 15% of 52-week high; 3-year profit growth >= 15%/yr; ROE >= 20%; RS rating >= 80",5
LATENTVIEW,-0.1315976693979797,-0.33519900497512434,-0.11094477711244188,-0.9354476962000005,0.4445990338164251,0.0,0.0,-0.7231747526891397,1.0608570845185925,0.01726077763835123,0.011374975054879277,-0.1495791510871992,-0.03904062820824813,111892314.725,-6.867245485614326,21.54902126938394,-14.286198921292058,-0.7818381177442967,0.0,8.207707476163284,-5.009999999999998,1.0,11.503416856492027,-1.5599999999999987,20643.0,True,True,3.9449715370018974,Computers - Software & Consulting,Information Technology,93.0,103,"Uptrend (price > 50 > 150 > 200-day, 200-day rising); Within 15% of 52-week high; Quarterly profit growth >= 25%; 3-year profit growth >= 15%/yr; ROE >= 20%; RS rating >= 80; Net profit margin up vs a year ago",7
LAURUSLABS,0.2910906042463761,1.1880016647838754,0.7388017388017387,4.968115521681841,0.9939957389114857,1.0,1.0,-0.0633604788786641,0.8215373190695284,0.017673037164793032,0.039870143045551254,0.08200077376127046,-0.019718578874004272,3031466629.0,123.98169469580162,29.09968972393713,102.79868157466937,2.5183091762188763,7.0,24.286315840332517,7.57,1.0,16.79245283018868,1.9500000000000028,20658.0,True,True,93.74003795066415,Pharmaceuticals,Healthcare,26.0,103,ROE >= 20%,1
LEMONTREE,-0.06918079189632727,-0.3575931933647548,-0.04338711147570862,-1.0088304010362357,0.6459242250287026,0.0,0.0,0.40699123260837716,9.669231857197575,0.013770520585805307,0.032805755395683533,0.04339375595787853,-0.022544874919820473,279305135.005,19.236831598486994,9.133229882509442,10.076533680811853,0.6380767938694402,0.0,28.141931953237396,1.4100000000000001,1.0,20.689655172413794,-3.469999999999999,20672.0,True,True,18.691650853889943,Hotels & Resorts,Consumer Discretionary,65.0,103,"Uptrend (price > 50 > 150 > 200-day, 200-day rising); Within 15% of 52-week high; Quarterly profit growth >= 25%; Sales growth >= 20% or 2+ strong quarters; RS rating >= 80",5
LENSKART,,,0.3614948812245302,,0.9397241379310344,0.0,1.0,0.6616638767407012,0.6958909644533413,0.016311931794479036,0.040076476211486245,0.057239600629408915,-0.016660433097328124,3739176627.975,244.66505494969542,43.26932212873324,252.1943824706462,,1.0,,4.92,1.0,5.7335774776836805,16.58,20662.0,True,True,,Speciality Retail,Consumer Discretionary,97.0,103,3-year profit growth >= 15%/yr; ROE >= 20%; RS rating >= 80,3
LGBBROSLTD,0.07779024545562632,0.23948172950939006,0.0010582010582009804,0.654467973648275,0.83779296875,0.0,0.0,-0.014720905705694138,1.8938434396697978,0.013003431882467038,0.03498612619133801,0.03679103566710995,-0.014797768480746615,39195317.7,4.632167833087331,21.567612814854286,11.638848721082141,0.3339936861621892,0.0,9.43006872370875,-1.29,1.0,14.809656453110492,-0.0799999999999983,20665.0,True,True,68.37950664136622,Auto Components & Equipments,Consumer Discretionary,18.0,103,"Uptrend (price > 50 > 150 > 200-day, 200-day rising); Within 15% of 52-week high; Quarterly profit growth >= 25%; 3-year profit growth >= 15%/yr; ROE >= 20%; RS rating >= 80; Net profit margin up vs a year ago",7
LGEINDIA,,,0.18917155903457283,,0.9755068493150685,1.0,1.0,0.6550296370542533,4.125551194845557,0.019180706513299946,0.02851666860262525,0.08068044686497666,-0.02529800001871996,831076833.2,27.184775178056707,15.494480228135687,35.391216373706726,,1.0,,0.8300000000000001,1.0,21.98017218888599,0.20999999999999908,20679.0,True,True,,Household Appliances,Consumer Discretionary,99.0,103,Sales growth >= 20% or 2+ strong quarters; 3-year profit growth >= 15%/yr; RS rating >= 80,3
LICHSGFIN,-0.024320326280690054,-0.009079689703808347,0.08598203072166943,-0.3486877970193747,0.8615847542627882,0.0,0.0,0.14112673733000786,2.01691462639526,0.01719924369499436,0.03621271549758287,-0.028416095793573404,-0.04830780872894676,1501087413.7,9.876241816031994,-1.443711263313452,1.2210551077552978,1.09770262223642,0.0,20.437126649700875,2.1799999999999997,1.0,13.526756619759105,0.20999999999999375,20664.0,True,True,35.88045540796964,Housing Finance Company,Financial Services,92.0,103,"Uptrend (price > 50 > 150 > 200-day, 200-day rising); Quarterly profit growth >= 25%; Sales growth >= 20% or 2+ strong quarters; ROE >= 20%; RS rating >= 80",5
LICI,-0.043823955487819706,-0.07190579402498143,0.1150934278350515,-0.52985129857272,0.8245816256830601,0.0,0.0,-0.011045209121996387,0.5358349256812894,0.01683509303171908,0.01924999999999999,-0.05228734117901035,-0.01994469796225332,2890464965.7,23.827411192269388,6.762856292981367,0.5551470418758484,1.369172989865976,2.0,9.300966238610652,0.7800000000000002,1.0,32.53192151977577,-0.15000000000000013,20642.0,True,True,28.83586337760911,Life Insurance,Financial Services,94.0,103,"Uptrend (price > 50 > 150 > 200-day, 200-day rising); Within 15% of 52-week high; Quarterly profit growth >= 25%; 3-year profit growth >= 15%/yr; RS rating >= 80",5
LINDEINDIA,-0.022445350742228823,0.02338332527011766,-0.1103322585167531,-0.061766242122800505,0.7571126848055659,0.0,0.0,0.022841981822543055,1.7371063158622038,0.013287073011470576,0.02412010829436384,-0.06249759624629825,-0.014647086738203278,133264436.75,-2.4452449291883616,21.58716817258528,32.14597385622871,-0.06750818630827657,0.0,10.946206480536901,-3.709999999999999,1.0,12.869198312236287,-0.10999999999999943,20655.0,True,True,37.007590132827325,Industrial Gases,Commodities,,103,"Uptrend (price > 50 > 150 > 200-day, 200-day rising); Within 15% of 52-week high; Quarterly profit growth >= 25%; 3-year profit growth >= 15%/yr; ROE >= 20%; RS rating >= 80; Net profit margin up vs a year ago",7
LLOYDSENGG,0.215572857356507,0.44740460639394963,0.9103901996370236,1.4411938475858113,0.9702495201535508,1.0,1.0,0.1339881578026348,1.8515398414878905,0.029430226207692832,0.08414915850841509,0.1262791790973279,-0.08225131483240976,664509466.6,127.1185726237809,142.91507303810883,-10.59154306066334,3.9142638068435143,9.0,110.89964248105701,-0.9000000000000004,1.0,11.8491921005386,-0.34999999999999964,20669.0,True,True,89.98292220113852,Industrial Products,Industrials,11.0,103,ROE >= 20%; Net profit margin up vs a year ago,2
LLOYDSENT,0.09476615364261236,0.19725806451612904,0.560437250367879,0.5237541768554068,0.9324675324675324,0.0,1.0,0.06862468116370303,1.26274199396937,0.024225109408386604,0.05411484519714205,0.04374808377472594,-0.06128613659399583,218448126.39,-55.781090584017825,70.15110305228166,-244.3535236507373,-1.6350255089583963,0.0,53.38708245742983,-55.620000000000005,1.0,10.06517016654598,0.15000000000000002,20676.0,True,True,72.32447817836812,Trading - Metals,Commodities,,103,Quarterly profit growth >= 25%; ROE >= 20%; RS rating >= 80; Net profit margin up vs a year ago,4
LLOYDSME,0.09562261913803259,0.45143312101910826,0.2688800723881115,1.2589052049812264,0.868,0.0,0.0,-0.0734043572237324,2.0294469954371337,0.019971465395901295,0.03588738223601817,-0.022296619674710083,-0.019219297528380648,711583965.4,170.26959565140757,208.5520574612338,-129.73040434859243,2.3335155052302405,4.0,67.6157372186027,-3.3400000000000034,1.0,27.60435440847812,0.0600000000000005,20675.0,True,True,72.70018975332069,Industrial Minerals,Commodities,88.0,103,"Uptrend (price > 50 > 150 > 200-day, 200-day rising); RS rating >= 80; Net profit margin up vs a year ago",3
LMW,0.05270526802506489,0.32463134128272064,0.41829719725013215,0.589975892532496,0.8346484045456801,0.0,0.0,0.4644583986488852,0.629853860042487,0.020773611343723165,0.03139013452914807,-0.056044648038622635,-0.0262226590980347,63889933.0,300.0,23.99804074106089,266.12264496904123,0.9669272374988422,2.0,-23.315098382510747,4.91,1.0,4.569236135333101,-0.14000000000000057,20658.0,True,True,61.14705882352941,Industrial Products,Industrials,11.0,103,"Uptrend (price > 50 > 150 > 200-day, 200-day rising); Within 15% of 52-week high; 3-year profit growth >= 15%/yr; ROE >= 20%; RS rating >= 80",5
LODHA,0.029529906778117756,0.05773392192504123,0.7205209433298134,-0.1032338361315205,0.8248633778207368,0.0,0.0,0.04320536566669998,1.096161893450109,0.024798856004599273,0.03771190281932757,-0.07268172520986693,-0.021376930338297198,1640719152.45,103.43760143872926,43.10221382134778,94.20605015087966,5.593350497804408,1.0,39.4288251381081,8.150000000000002,1.0,14.734175040797046,1.3499999999999979,20645.0,True,True,55.981024667931685,"Residential, Commercial Projects",Consumer Discretionary,66.0,103,"Uptrend (price > 50 > 150 > 200-day, 200-day rising); Within 15% of 52-week high; ROE >= 20%; RS rating >= 80",4
LT,-0.006770248568097093,0.07474785814987528,0.06341712047643311,0.013977749868669502,0.8336711711711712,0.0,0.0,0.026680046170868017,1.581291443448821,0.011210256703646306,0.016423546451479476,-0.0628416393523974,-0.020199133413025906,5550447680.7,15.506744050689104,6.694240417394015,10.539491775592946,2.060662546233797,0.0,16.1300357620598,0.5599999999999996,1.0,17.34284930002745,0.03999999999999915,20662.0,True,True,41.891840607210625,Civil Construction,Industrials,90.0,103,"Uptrend (price > 50 > 150 > 200-day, 200-day rising); Within 15% of 52-week high; Quarterly profit growth >= 25%; Sales growth >= 20% or 2+ strong quarters; ROE >= 20%; RS rating >= 80",6
LTF,-0.0029225144486698454,0.28247018461035767,0.2292033666079467,0.17487192433009816,0.768606024808033,0.0,0.0,-0.57936973377178,1.3071809904817429,0.020536314219321394,0.034733708236850847,-0.14705410020352727,-0.07446219034523123,1145744708.6999998,30.71371553386748,22.381367133302188,3.490980112701081,3.18806621857936,3.0,26.634020256506673,1.120000000000001,1.0,10.660043597898724,0.05999999999999872,20644.0,True,True,43.58254269449716,Non Banking Financial Company (NBFC),Financial Services,41.0,103,"Uptrend (price > 50 > 150 > 200-day, 200-day rising); Within 15% of 52-week high; ROE >= 20%; RS rating >= 80",4
LTFOODS,0.027791704243742443,0.10017313875834777,0.15878598410837563,0.08943722776555887,0.8522518850621561,0.0,0.0,1.837098873861639,0.5347856442441139,0.019203131460388916,0.02462330025725845,-0.01516346826363102,-0.0253420051311678,189502892.5,8.843641967186233,27.91933179648689,24.23801645485132,1.0115774493283973,0.0,11.248113118397352,-1.0199999999999996,1.0,13.824375138243752,0.010000000000001563,20664.0,True,True,55.32352941176471,Other Agricultural Products,Fast Moving Consumer Goods,58.0,103,"Uptrend (price > 50 > 150 > 200-day, 200-day rising); Quarterly profit growth >= 25%; 3-year profit growth >= 15%/yr; ROE >= 20%; RS rating >= 80; Net profit margin up vs a year ago",6
LTM,-0.03231275056693998,-0.11709965102753006,0.057250313414124676,-0.7240087434996793,0.6112450423827669,0.0,0.0,0.09465998964331224,1.0649466783319737,0.020101295670196667,0.027693089430894213,-0.10861917625524797,-0.030979977337039024,1446088106.0,17.035108253003873,17.960286974371485,-1.8215901720398655,1.7436862475029462,0.0,7.757144046271014,-0.09999999999999964,1.0,20.740894901144642,-0.48999999999999844,20645.0,True,True,32.780834914611006,Computers - Software & Consulting,Information Technology,93.0,103,"Uptrend (price > 50 > 150 > 200-day, 200-day rising); Within 15% of 52-week high; Quarterly profit growth >= 25%; Sales growth >= 20% or 2+ strong quarters; 3-year profit growth >= 15%/yr; RS rating >= 80; Net profit margin up vs a year ago",7
LTTS,-0.0243152015530725,-0.12384941436131514,0.04386672643059919,-0.5072391555206542,0.6881294964028777,0.0,0.0,0.2798054703419829,1.6312920763581342,0.017218473299079527,0.04770249221183809,-0.05585825999911731,-0.021102547722705253,198741532.7,17.35029610441532,11.47298578199052,-6.63212134752078,1.4618803435379277,0.0,2.445193407870705,0.5999999999999996,1.0,19.78989649312529,-0.3200000000000003,20648.0,True,True,35.97438330170778,IT Enabled Services,Information Technology,50.0,103,"Uptrend (price > 50 > 150 > 200-day, 200-day rising); Within 15% of 52-week high; Quarterly profit growth >= 25%; Sales growth >= 20% or 2+ strong quarters; 3-year profit growth >= 15%/yr; ROE >= 20%; RS rating >= 80",7
LUMAXIND,0.024634989618306728,0.24750257310649615,0.2728826472829109,0.18131095232725086,0.7789314298074843,0.0,0.0,0.1661206008692902,0.8332677359047526,0.02192936979113358,0.022187281621243837,-0.0697670413545941,-0.027975643317924823,74192515.75,41.391254611370634,32.5965832719074,14.948100592883563,2.0345176545146564,4.0,22.472407878695087,0.2599999999999998,1.0,18.75681570338059,0.3600000000000003,20669.0,True,True,53.9146110056926,Auto Components & Equipments,Consumer Discretionary,18.0,103,"Uptrend (price > 50 > 150 > 200-day, 200-day rising); Within 15% of 52-week high; ROE >= 20%; RS rating >= 80",4
LUMAXTECH,0.13378781486017294,0.4756936569138883,0.17428708939959092,0.7589088174041162,0.8443835616438357,1.0,0.0,0.7742452836459507,1.0855458151244124,0.03374213239551659,0.041972249752229907,-0.03865748923870316,-0.043366420722001746,265053309.3,82.61732042391934,32.85852080633691,60.56858711585258,2.546460991938547,6.0,47.2557546499305,1.9700000000000006,1.0,27.82824112303881,0.0400000000000027,20669.0,True,True,80.77798861480076,Auto Components & Equipments,Consumer Discretionary,18.0,103,"Uptrend (price > 50 > 150 > 200-day, 200-day rising); Within 15% of 52-week high",2
LUPIN,-0.022460192377880488,0.09145458307469467,-0.07452081231632968,0.21019330042763845,0.795769915002965,0.0,0.0,-1.0041846937019214,1.1933336626424824,0.011856625906234796,0.025965770171149094,-0.07880814826205051,-0.020156004083398047,1632466940.5,15.986264006437745,32.04277368489903,-84.00511097999534,1.0587390591258938,0.0,82.23603858296052,-2.3699999999999974,1.0,23.85513186029936,0.05000000000000426,20649.0,True,True,36.913662239089184,Pharmaceuticals,Healthcare,26.0,103,"Uptrend (price > 50 > 150 > 200-day, 200-day rising); Within 15% of 52-week high; Quarterly profit growth >= 25%; RS rating >= 80; Net profit margin up vs a year ago",5
LXCHEM,0.06407027853530212,-0.16351436767637473,0.44790439319979813,-0.16996377440513086,0.8779981549815498,0.0,1.0,0.2537464395636441,2.8953111795281385,0.02968167915478345,0.07285307285307296,0.07333043127189254,-0.02722081259846777,155800797.255,216.12380745950185,39.745717460638176,217.23866776713814,3.7074070859231925,1.0,8.449656946720996,3.9000000000000004,1.0,3.9798488664987404,-0.45999999999999996,20649.0,True,True,64.24667931688805,Specialty Chemicals,Commodities,40.0,103,3-year profit growth >= 15%/yr; ROE >= 20%; RS rating >= 80,3
MACPOWER,0.3419331636128292,1.3148620731559122,1.139135317237507,2.7408909555638017,0.9164371390493115,1.0,1.0,0.665186548739426,1.4470727374967218,0.03788890768823259,0.09518109908409667,0.10723824327573772,-0.04170902064796916,95330576.94999999,-100.0,300.0,-400.0,-558.5592418847932,0.0,,-20.299999999999997,0.0,19.428571428571427,-0.6700000000000002,19037.0,True,True,95.9943074003795,Industrial Products,Industrials,11.0,103,Quarterly profit growth >= 25%; 3-year profit growth >= 15%/yr; ROE >= 20%; Net profit margin up vs a year ago,4
MAHABANK,0.10041815706482546,0.5658589907086902,0.2907343444961705,1.4686502025559565,0.8904761904761905,0.0,1.0,0.31267244515285064,1.4808586227762017,0.01998608968150366,0.04146039603960405,0.030941728208722097,-0.021304517921546452,898536923.255,34.461394001685505,13.902364338997275,-1.6642180241128557,5.174662874633104,4.0,35.39982390684515,3.8500000000000014,1.0,21.119638826185103,0.620000000000001,20644.0,True,True,73.82732447817837,Public Sector Bank,Financial Services,51.0,103,RS rating >= 80,1
MAHLIFE,-0.0028890882340100663,0.014415675297410724,0.10235741444866919,-0.05571356288615778,0.8221519728369043,0.0,0.0,-0.329152958915095,2.2238306810917865,0.014477996445063973,0.056806625018160695,-0.05099130998878265,-0.01760798977104697,35735229.599999994,66.85952462059721,300.0,60.935676906742,0.6553449775517284,1.0,91.66172347149191,-151.45,1.0,8.216156603253378,-0.3500000000000014,20636.0,True,True,43.67647058823529,"Residential, Commercial Projects",Consumer Discretionary,66.0,103,"Uptrend (price > 50 > 150 > 200-day, 200-day rising); Within 15% of 52-week high; ROE >= 20%; RS rating >= 80; Net profit margin up vs a year ago",5
MAHLOG,0.05319540973150629,0.1739067477555749,0.13068340306834036,0.49290178823309877,0.9136666666666666,0.0,1.0,0.1776887561979338,1.461151157626485,0.01753067039460038,0.040594554084436574,0.013583473030273074,-0.034637175967932976,55518358.25,100.0,23.285259665515625,0.0,3.874659386857242,3.0,157.2295435044248,1.9699999999999998,1.0,0.9361702127659575,-0.14999999999999858,20654.0,True,True,61.428842504743834,Logistics Solution Provider,Services,70.0,103,ROE >= 20%; RS rating >= 80,2
MAHSCOOTER,-0.07384262686027561,-0.2260597439544808,0.1526141852385392,-0.9870568969004041,0.6877914489578066,0.0,0.0,-0.1546590661284465,1.4828206897098588,0.01859668778938236,0.043951030339898,-0.07563177495008921,-0.04015681986873957,42353057.5,-90.61081747854641,-81.51691151349505,-90.36267852073001,-0.6986398909058893,0.0,12.74565742231668,-59.440000000000005,1.0,1.1254252008395456,0.009999999999999787,20679.0,True,True,16.625237191650854,Investment Company,Financial Services,96.0,103,"Uptrend (price > 50 > 150 > 200-day, 200-day rising); Within 15% of 52-week high; Quarterly profit growth >= 25%; Sales growth >= 20% or 2+ strong quarters; 3-year profit growth >= 15%/yr; ROE >= 20%; RS rating >= 80; Net profit margin up vs a year ago",8
MAHSEAMLES,0.07295132618754416,0.16242925922797524,0.15404612159329134,0.6460745586380969,0.9020182291666666,1.0,1.0,1.185063434249688,4.836702456428694,0.01953374606774647,0.06322094055013316,0.060369502992453805,-0.02144118982958841,149031627.275,15.651742739493834,-4.721157456320335,72.59342543783534,0.4286885945341301,0.0,-6.376050671687539,4.300000000000001,1.0,10.194880744618965,0.6899999999999995,20672.0,True,True,66.6888045540797,Iron & Steel Products,Industrials,16.0,103,Quarterly profit growth >= 25%; Sales growth >= 20% or 2+ strong quarters; 3-year profit growth >= 15%/yr; ROE >= 20%; RS rating >= 80,5
MAITHANALL,-0.05325872804778336,-0.009311409883720922,0.19518877746725827,-0.46237747591299433,0.748491860176845,0.0,0.0,0.7251223633294664,0.8486710292463404,0.01810104771288982,0.03318417215546288,-0.08281546034411003,-0.04729018027590119,39835731.025000006,-26.428563927262427,-14.673182457971556,102.6816578095813,-0.7132744557647811,0.0,-5.006670755414177,-11.719999999999999,1.0,10.636758321273517,-0.17999999999999994,20678.0,True,True,24.51518026565465,Ferro & Silica Manganese,Commodities,,103,"Uptrend (price > 50 > 150 > 200-day, 200-day rising); Within 15% of 52-week high; Quarterly profit growth >= 25%; Sales growth >= 20% or 2+ strong quarters; 3-year profit growth >= 15%/yr; ROE >= 20%; RS rating >= 80; Net profit margin up vs a year ago",8
MANAKCOAT,0.021872287458993674,-0.06987399770904923,0.1559267343646198,-0.028829678469828018,0.7069795427196149,0.0,0.0,-0.2335453876529869,1.133501571693094,0.022250815281472325,0.046200278594644706,0.04384217913866251,-0.021558044370682698,33755898.565,0.6376009898827917,4.939951961569244,-6.063296536582485,0.017454707244506536,0.0,103.34737098531903,-0.23000000000000043,1.0,11.74785100286533,-0.92,20648.0,True,True,52.22390891840607,Iron & Steel Products,Industrials,16.0,103,"Uptrend (price > 50 > 150 > 200-day, 200-day rising); Within 15% of 52-week high; Quarterly profit growth >= 25%; Sales growth >= 20% or 2+ strong quarters; ROE >= 20%; RS rating >= 80; Net profit margin up vs a year ago",7
MANALIPETC,0.20806675465041496,0.35161240068546507,0.9894519605595049,0.8584925824032832,0.9729032258064516,1.0,1.0,1.7842817054347573,5.239490649705708,0.03611333236592124,0.11567498400511833,0.17123181276860167,-0.042882404951376026,92160476.31,300.0,17.066518941492337,288.2728113504733,5.30814001823883,1.0,85.87121445524078,17.32,1.0,10.14832162373146,0.010000000000000009,20678.0,True,True,89.13757115749526,Petrochemicals,Commodities,30.0,103,Sales growth >= 20% or 2+ strong quarters; ROE >= 20%,2
MANAPPURAM,0.014140401086147,0.20141467727674622,0.3065384615384614,0.27253271161972137,0.8095924518411741,0.0,0.0,-0.2981853747461088,1.2955832196039567,0.019627396925852414,0.03374999999999995,-0.09170567617793035,-0.021561867277515412,1467770555.1999998,300.0,34.11303974999888,200.0,1.1032175481313857,2.0,-5.564731210183327,13.41,1.0,6.186530434240857,0.9600000000000009,20657.0,True,True,50.15749525616698,Non Banking Financial Company (NBFC),Financial Services,41.0,103,"Uptrend (price > 50 > 150 > 200-day, 200-day rising); Within 15% of 52-week high; 3-year profit growth >= 15%/yr; ROE >= 20%; RS rating >= 80",5
MANCREDIT,0.07699738691401961,0.2496852936347218,0.35082529728450584,0.8562403951876896,0.8374003550666621,0.0,1.0,-0.03242993353094471,0.9111839436430107,0.029634916442102647,0.048846675712347354,0.049784466017722684,-0.0267747815205188,31231829.26,-75.28629119969736,-37.96491228070175,-362.9416901400346,-0.9402148572674741,0.0,27.915987411567002,-33.48,1.0,8.60215053763441,0.03,18306.0,True,True,67.90986717267552,Non Banking Financial Company (NBFC),Financial Services,41.0,103,Within 15% of 52-week high; Quarterly profit growth >= 25%; Sales growth >= 20% or 2+ strong quarters; ROE >= 20%; RS rating >= 80; Net profit margin up vs a year ago,6
MandM,-0.05368855250276288,-0.0725841841958983,0.049113052687318026,-0.6771930706503864,0.7291856558764551,0.0,0.0,-0.3298437386796442,2.4504558055820986,0.013721071819040984,0.01753444865390419,-0.13053361015487064,-0.03273081155836727,6278095997.6,37.19814928057599,27.802778832656582,-18.854919115063225,2.4773927937620925,3.0,21.409123156045084,0.7300000000000004,1.0,20.002792786018883,-0.12999999999999545,20641.0,True,True,24.13946869070209,Passenger Cars & Utility Vehicles,Consumer Discretionary,100.0,103,"Uptrend (price > 50 > 150 > 200-day, 200-day rising); Within 15% of 52-week high; RS rating >= 80",3
MandMFIN,0.058770043318838255,0.3689320388349515,0.32853333333333334,0.4492654264759047,0.7753012048192771,0.0,0.0,-0.16228864563418413,1.5820164160409442,0.02468590451354281,0.02198437951981491,-0.12804405443931954,-0.03808431159894509,709086204.1500001,75.31887186022144,14.573368786581199,-30.78228558695986,1.928650537006538,2.0,14.54544590616733,5.619999999999999,1.0,10.739892638612561,-0.480000000000004,20655.0,True,True,62.64990512333966,Non Banking Financial Company (NBFC),Financial Services,41.0,103,"Uptrend (price > 50 > 150 > 200-day, 200-day rising); Within 15% of 52-week high; 3-year profit growth >= 15%/yr; ROE >= 20%; RS rating >= 80",5
MANGLMCEM,0.06478301239944076,0.46505250484917404,0.32134885684985215,0.9645889312367302,0.8670535714285714,0.0,0.0,1.3268524950816514,1.3171793510037846,0.020670248310109395,0.046925566343042124,-0.023220024442130893,-0.022198257118878028,55030982.849999994,-43.9694246671972,0.7703546287687546,-343.9694246671972,-0.6140629576351108,0.0,77.76412765432659,-3.1699999999999995,1.0,13.190184049079754,-0.0600000000000005,20679.0,True,True,64.90417457305503,Cement & Cement Products,Commodities,102.0,103,"Uptrend (price > 50 > 150 > 200-day, 200-day rising); Quarterly profit growth >= 25%; Sales growth >= 20% or 2+ strong quarters; ROE >= 20%; RS rating >= 80; Net profit margin up vs a year ago",6
MANINDS,0.341559453942127,0.9388984509466436,1.200809377616522,2.033735362828023,0.8711647590651149,1.0,1.0,1.1079904697404255,0.7620783170979568,0.040391879712723885,0.16096011295446533,0.21936936087948067,-0.07061292677528504,545532826.725,122.39632754253269,41.90640453828847,147.80699925414456,1.8408148379049831,1.0,40.793947121255194,2.11,1.0,8.145663632007667,0.5499999999999998,20676.0,True,True,95.90037950664137,Iron & Steel Products,Industrials,16.0,103,ROE >= 20%,1
MANINFRA,0.02680387057423626,-0.14852971276523164,0.3970670547408486,-0.41654562101880593,0.8121437093994431,0.0,0.0,0.4781037917856639,0.6673659922870049,0.02409175567274243,0.04654908593057905,0.04529616724738661,-0.016805158933842313,217394548.35,7.570247712844225,19.360306178239473,65.31897594017644,0.15949541677067292,0.0,-13.443186725409085,-3.150000000000002,1.0,9.307454786060873,-2.6799999999999997,20654.0,True,True,55.13567362428842,"Residential, Commercial Projects",Consumer Discretionary,66.0,103,"Uptrend (price > 50 > 150 > 200-day, 200-day rising); Within 15% of 52-week high; Quarterly profit growth >= 25%; Sales growth >= 20% or 2+ strong quarters; 3-year profit growth >= 15%/yr; ROE >= 20%; RS rating >= 80; Net profit margin up vs a year ago",8
MANKIND,0.010499325008718578,-0.05446791226644998,0.15373940625464644,0.0586541453343843,0.9462528387585163,0.0,1.0,-0.003992448520450567,2.84486217905216,0.017296800730018724,0.059590559394966824,0.03536989210617447,-0.036385965478602324,856863923.5,29.121472178573814,12.890612965115466,-5.078206245034881,1.1106967673621087,3.0,12.741036526191628,1.790000000000001,1.0,11.889570552147239,0.13999999999999702,20650.0,True,True,49.0303605313093,Pharmaceuticals,Healthcare,26.0,103,3-year profit growth >= 15%/yr; ROE >= 20%; RS rating >= 80,3
MANOMAY,0.1701029580884468,0.39638675937481427,0.009234601838330025,0.8801736501785297,0.9115745728797907,0.0,0.0,0.40042062674592843,2.918798079380685,0.020113221671009172,0.03888987883107631,0.059319191787302605,-0.026880998576303022,32984434.75,11.585711989851365,20.477003781871407,-38.39204914128776,0.328849079119626,0.0,17.25890728104311,-0.20000000000000018,1.0,11.695906432748536,-0.040000000000000036,20679.0,True,True,85.2865275142315,Other Textile Products,Consumer Discretionary,21.0,103,"Uptrend (price > 50 > 150 > 200-day, 200-day rising); Quarterly profit growth >= 25%; ROE >= 20%; Net profit margin up vs a year ago",4
MANORAMA,0.14556677382091784,0.40222284749577963,0.6031848158275694,0.9055073367309487,0.9285880437311003,0.0,1.0,1.443376896547213,0.9322868229225489,0.028419285187762877,0.06453383908963883,0.0772861025774989,-0.02281822335039582,293291227.95,67.59130480821189,39.53030564669313,36.53650215948047,2.5247900640641934,8.0,95.50251304268602,3.259999999999998,1.0,32.99120234604106,-0.040000000000000924,20678.0,True,True,82.56261859582543,Other Food Products,Fast Moving Consumer Goods,,103,,0
MANYAVAR,0.01889455090346115,-0.14275409363052716,0.5698811096433289,-0.7954994119797425,0.7095035460992908,0.0,0.0,1.6416188011485795,0.6264780200781603,0.02758736744768865,0.023255813953488413,-0.05142807295014962,-0.034284416128139955,168534483.25,37.31702246259378,22.743930371049004,69.35515917173075,0.9434059880634321,1.0,17.403259536143302,2.6499999999999986,1.0,25.842696629213485,0.240000000000002,20025.0,True,True,51.472485768500945,Speciality Retail,Consumer Discretionary,97.0,103,"Uptrend (price > 50 > 150 > 200-day, 200-day rising); Within 15% of 52-week high; RS rating >= 80",3
MAPMYINDIA,-0.09076068947643082,-0.40665242599938967,0.1052123003467289,-0.9952780368017625,0.44844844844844844,0.0,0.0,0.11675529913319847,0.48982983997751983,0.025127909806203476,0.032692876145433036,-0.08250304637660388,-0.024737491559594954,132544574.4,8.578457155454377,14.891867445111417,4.700185368059561,0.43679522302571816,0.0,6.147878880861235,-2.0700000000000003,1.0,14.806629834254142,-3.200000000000001,20654.0,True,True,11.36527514231499,Software Products,Information Technology,64.0,103,"Uptrend (price > 50 > 150 > 200-day, 200-day rising); Within 15% of 52-week high; Quarterly profit growth >= 25%; Sales growth >= 20% or 2+ strong quarters; 3-year profit growth >= 15%/yr; ROE >= 20%; RS rating >= 80; Net profit margin up vs a year ago",8
MARATHON,-0.09271599385928762,-0.26705163612017746,0.053277209861695596,-0.8399629607782535,0.5570385664773985,0.0,0.0,0.5261193520881171,0.6840478762184065,0.03403141021576092,0.0493263302123772,-0.05670037437281927,-0.04382026918252251,32638372.5,-14.843334064730474,40.259924721255594,1.216470440752481,-0.6451242789206173,0.0,8.572444468629946,-17.179999999999996,1.0,9.054945054945055,-0.4399999999999977,20672.0,True,True,10.89563567362429,"Residential, Commercial Projects",Consumer Discretionary,66.0,103,"Uptrend (price > 50 > 150 > 200-day, 200-day rising); Within 15% of 52-week high; Quarterly profit growth >= 25%; 3-year profit growth >= 15%/yr; ROE >= 20%; RS rating >= 80; Net profit margin up vs a year ago",7
MARICO,0.013541668608660084,0.16666666666666652,0.08607021517553792,0.6856374861447722,0.885445956585311,0.0,0.0,-0.2659966638481893,1.9135196809642323,0.012358158633155843,0.025500684164697196,-0.05520778828013606,-0.022565547101554582,1243559249.75,27.091573600974318,22.850046569388383,8.854336154876119,5.746313193794808,1.0,12.233990808267926,0.5500000000000007,1.0,43.064133016627075,0.01999999999999602,20645.0,True,True,49.9696394686907,Edible Oil,Fast Moving Consumer Goods,82.0,103,"Uptrend (price > 50 > 150 > 200-day, 200-day rising); 3-year profit growth >= 15%/yr; RS rating >= 80",3
MARINE,0.41572932937550083,1.0149671282696882,1.4635161327100672,2.318791998360701,0.9705612712641336,1.0,1.0,1.062621490493205,3.1785436328679215,0.03573880703287994,0.09651898734177222,0.2455292715065569,-0.07140130974715503,436550080.625,51.17874649261693,55.20421607378132,6.432131537818158,2.0716807048095336,5.0,55.29238387420141,-0.1800000000000006,1.0,11.967545638945234,0.6000000000000001,20679.0,True,True,97.96679316888046,Industrial Products,Industrials,11.0,103,ROE >= 20%; Net profit margin up vs a year ago,2
MARKSANS,0.21224987201780626,0.964350126247445,0.9651771215492873,2.1898055070795115,0.9273400769340362,1.0,1.0,0.6707632862205225,0.8735516569427316,0.03192638829592894,0.056067468374199736,0.03674231323029087,-0.028109340395286217,605639903.5999999,173.82983143034303,35.61509056597687,109.59552660411474,4.110183929426626,2.0,23.67042807440236,9.57,1.0,13.893483294740324,0.3299999999999983,20669.0,True,True,89.7011385199241,Pharmaceuticals,Healthcare,26.0,103,ROE >= 20%,1
MARUTI,-0.09089872733212505,-0.20583083083083087,0.0004728877679698318,-1.1929265456592393,0.6591824985607369,0.0,0.0,-0.34325623134175925,2.2930499272520577,0.012608985681465049,0.014137760973204072,-0.12174932194445476,-0.026285404638838397,4473004930.0,-9.067844938335812,35.91381471926063,-2.54106020172914,-0.6140112225712983,0.0,13.690553018258456,-3.25,1.0,13.699652842584642,-0.30000000000000426,20665.0,True,True,11.27134724857685,Passenger Cars & Utility Vehicles,Consumer Discretionary,100.0,103,"Uptrend (price > 50 > 150 > 200-day, 200-day rising); Within 15% of 52-week high; Quarterly profit growth >= 25%; 3-year profit growth >= 15%/yr; ROE >= 20%; RS rating >= 80; Net profit margin up vs a year ago",7
MASFIN,-0.045536294645531175,-0.017321785476349105,-0.026884380669635388,-0.3419064517234642,0.7531001811341785,0.0,0.0,0.001459106807271084,4.115044244185208,0.015362874337734082,0.019210799584631344,-0.08645931574873156,-0.030003214404132103,46751700.325,27.2012395049132,20.70475127687883,1.9693393263181989,9.654060589658815,3.0,22.81634844331444,1.0,1.0,12.642905178211164,-0.129999999999999,20663.0,True,True,27.896584440227706,Non Banking Financial Company (NBFC),Financial Services,41.0,103,"Uptrend (price > 50 > 150 > 200-day, 200-day rising); Within 15% of 52-week high; ROE >= 20%; RS rating >= 80",4
MASTEK,-0.04771296690457438,-0.19303595812471552,0.19018528464017193,-0.6270271751963206,0.6859012241452089,0.0,0.0,0.8041214841453739,0.568685754767759,0.03349845807100261,0.03381331961943945,-0.05020487610986735,-0.020547474354944407,158256442.85000002,15.100775037106517,7.712911337050388,-25.397064063766408,0.5711953492076245,0.0,15.57986768935542,0.6899999999999995,1.0,13.502673796791445,0.26000000000000156,20655.0,True,True,26.393738140417458,Computers - Software & Consulting,Information Technology,93.0,103,"Uptrend (price > 50 > 150 > 200-day, 200-day rising); Within 15% of 52-week high; Quarterly profit growth >= 25%; Sales growth >= 20% or 2+ strong quarters; ROE >= 20%; RS rating >= 80",6
MAWANASUG,0.20191112767051464,0.6432768361581922,0.45692246042877205,1.5970214082424883,0.9247560975609755,0.0,1.0,0.5161702016990085,1.3152838131674647,0.03619013462310479,0.14491201224177508,0.14975118795998377,-0.06449470804440555,37020072.8,-9.554758249906914,3.7774948193643576,-0.3051400592230742,-1.0842192415941079,0.0,51.895241716276175,-2.1799999999999997,0.0,7.0476190476190474,-0.10000000000000009,20673.0,True,True,88.57400379506642,Sugar,Fast Moving Consumer Goods,9.0,103,Quarterly profit growth >= 25%; Sales growth >= 20% or 2+ strong quarters; ROE >= 20%; Net profit margin up vs a year ago,4
MAXESTATES,0.10530863678364404,0.16781559672554947,0.5333050487908357,0.4507781383068172,0.8432904411764707,1.0,1.0,1.4108323655945612,0.48475571973048837,0.027776262245903856,0.03135704874835321,0.07686318849311524,-0.03318272096370714,61820265.900000006,-30.053672041966205,0.8548669127647068,69.94632795803379,-0.22865235099496511,0.0,-11.70784112536194,-7.109999999999999,1.0,0.6614303431169904,0.509999999999998,20664.0,True,True,75.23624288425047,"Residential, Commercial Projects",Consumer Discretionary,66.0,103,Within 15% of 52-week high; Quarterly profit growth >= 25%; Sales growth >= 20% or 2+ strong quarters; 3-year profit growth >= 15%/yr; ROE >= 20%; RS rating >= 80; Net profit margin up vs a year ago,7
MAXHEALTH,-0.06605487183263781,-0.11438848920863309,0.0571060541004722,-0.6779808245440463,0.7431050004091987,0.0,0.0,-0.4316686983109628,6.5317371896895695,0.016618007257155676,0.044813695871097625,-0.11167897565237295,-0.06664268754260612,1881611791.2,4.8684778939826145,16.699793348688342,-2.4350692108087157,0.21459049189174748,0.0,8.547137794657234,-1.5399999999999991,1.0,13.417697962222016,0.01999999999999602,20644.0,True,True,20.10056925996205,Hospital,Healthcare,68.0,103,"Uptrend (price > 50 > 150 > 200-day, 200-day rising); Within 15% of 52-week high; Quarterly profit growth >= 25%; Sales growth >= 20% or 2+ strong quarters; 3-year profit growth >= 15%/yr; ROE >= 20%; RS rating >= 80; Net profit margin up vs a year ago",8
MAYURUNIQ,0.08753416899354345,0.4430044182621502,0.3787054409005628,1.2782345811372735,0.8410694597574422,0.0,1.0,0.20380361390819496,1.550511107469856,0.02332447074949878,0.07727690892364314,0.01865452408930679,-0.02230702294767776,66174210.3,37.73263503178814,24.712803409301465,-5.488313328908092,2.2084905365927057,3.0,24.37941230018481,1.9699999999999989,1.0,16.946160635481025,0.5800000000000001,20670.0,True,True,70.82163187855787,Leather And Leather Products,Consumer Discretionary,,103,Within 15% of 52-week high; ROE >= 20%; RS rating >= 80,3
MAZDOCK,-0.08435139662599546,-0.10035985605757691,0.06971517482819745,-0.7376133999366982,0.7046455268457522,0.0,0.0,0.19347295870598977,0.8480355042684035,0.0165435938341249,0.03167420814479649,-0.13387511590147205,-0.03483545859059821,1330986702.0,21.77544352301077,12.077666353086336,-85.43134650772356,0.3738677649088174,2.0,33.172580987276646,1.490000000000002,1.0,26.427473090722707,-0.08000000000000096,20664.0,True,True,13.61954459203036,Ship Building & Allied Services,Industrials,,103,"Uptrend (price > 50 > 150 > 200-day, 200-day rising); Within 15% of 52-week high; Quarterly profit growth >= 25%; RS rating >= 80",4
MBAPL,0.2617740604660502,1.1504207119741099,0.5662832359042052,3.050444224764183,0.960443580656225,0.0,1.0,0.16698425939789843,1.2695875297952317,0.02705800467515519,0.030604628016919655,0.026122707224631725,-0.019176367526611966,131452551.53,16.80380942920452,1.6134150211135179,-283.19619057079547,0.3458864442201927,0.0,14.6753901806973,1.0300000000000002,1.0,27.27272727272727,0.22000000000000003,20679.0,True,True,92.80075901328273,Fertilizers,Commodities,78.0,103,Quarterly profit growth >= 25%; Sales growth >= 20% or 2+ strong quarters; 3-year profit growth >= 15%/yr,3
MBEL,-0.06248713263158116,-0.307485260189695,-0.0767259056732742,-0.4680130428905017,0.542265348012689,0.0,0.0,0.6644744338167781,21.48705512413221,0.02794460736061246,0.13777847382639696,0.07488779517802224,-0.03563857421052699,30136034.05,22.004338842111594,22.4910582789817,27.344923276782573,0.5931172959297716,1.0,,-0.03000000000000025,1.0,14.15525114155251,-2.0999999999999996,20675.0,True,True,21.133776091081593,Civil Construction,Industrials,90.0,103,"Uptrend (price > 50 > 150 > 200-day, 200-day rising); Within 15% of 52-week high; Quarterly profit growth >= 25%; 3-year profit growth >= 15%/yr; ROE >= 20%; RS rating >= 80; Net profit margin up vs a year ago",7
MCLOUD,-0.1584316695979544,-0.6518341941464707,0.18423423423423424,-1.0035616918782504,0.3135367861213119,0.0,0.0,0.5314348440978589,0.7696014024419571,0.022907702492218494,0.04885177453027145,-0.08667040457992736,-0.016785297986885897,43261903.07,-14.646371836595605,9.953647231031958,-48.66170652066775,-0.5114934538051721,0.0,10.422825190860618,-3.790000000000001,1.0,16.593886462882097,-0.010000000000000009,20679.0,True,True,1.596774193548387,Computers - Software & Consulting,Information Technology,93.0,103,"Uptrend (price > 50 > 150 > 200-day, 200-day rising); Within 15% of 52-week high; Quarterly profit growth >= 25%; Sales growth >= 20% or 2+ strong quarters; 3-year profit growth >= 15%/yr; ROE >= 20%; RS rating >= 80; Net profit margin up vs a year ago",8
MCX,0.21507669992146444,1.0625944584382871,0.2849744998038446,2.8239620253267845,0.9658757970931234,1.0,1.0,0.4341697144422249,1.0391266713149132,0.022581255806330327,0.04032435490461084,0.080111191128865,-0.0209547283526403,6537244378.0,103.47322938367323,88.09785375525846,-187.62022447956952,1.7860242549037744,10.0,129.72980324525528,4.450000000000003,1.0,46.76966292134831,0.23000000000000398,20669.0,True,True,89.88899430740038,Exchange and Data Platform,Financial Services,29.0,103,,0
MEDANTA,0.003974909919060639,0.11814378090528721,0.4229149523210223,-0.05140216328580432,0.8381476683937823,0.0,0.0,0.08297965990815863,1.6305613150705287,0.01969784188789456,0.05294943820224729,-0.09602743840678418,-0.05937467745268813,328306544.1,-1.0613647862564357,26.503628109114906,-4.104896188013408,-0.0839684714488565,0.0,15.47320652269606,-3.3599999999999994,1.0,13.98283695103483,1.4400000000000013,20664.0,True,True,46.400379506641364,Hospital,Healthcare,68.0,103,"Uptrend (price > 50 > 150 > 200-day, 200-day rising); Within 15% of 52-week high; Quarterly profit growth >= 25%; ROE >= 20%; RS rating >= 80; Net profit margin up vs a year ago",6
MEDIASSIST,-0.1293952244991673,-0.3584959004806332,0.035915385786029486,-1.1373318214358956,0.5212405525149857,0.0,0.0,-0.7430600442097796,2.309801158906498,0.017523209374328646,0.03617054024934574,-0.10742709910831971,-0.04363352371214613,55301015.900000006,21.819899244332497,24.118387909319907,-129.84654704304333,0.28778498462829116,2.0,2.3429212150327228,-0.22000000000000064,1.0,10.607866507747318,-0.8299999999999983,20673.0,True,True,4.226755218216319,Insurance Distributors,Financial Services,,103,"Uptrend (price > 50 > 150 > 200-day, 200-day rising); Within 15% of 52-week high; Quarterly profit growth >= 25%; 3-year profit growth >= 15%/yr; ROE >= 20%; RS rating >= 80; Net profit margin up vs a year ago",7
MEDPLUS,-0.06918590682491166,-0.11507261546513137,-0.18825012001920305,-0.5133063855851567,0.6332420270005868,0.0,0.0,0.06938355574607641,0.9803045735435579,0.021736873503452256,0.010940409683426466,-0.03486877614860018,-0.007044924474216924,79487670.67500001,-21.735328201231486,21.843864050355542,-46.32648088304997,-1.1436479161877946,0.0,61.277540463474466,-0.9800000000000002,1.0,11.139240506329113,0.9799999999999969,20655.0,True,True,18.597722960151803,Pharmacy Retail,Consumer Discretionary,,103,"Uptrend (price > 50 > 150 > 200-day, 200-day rising); Within 15% of 52-week high; Quarterly profit growth >= 25%; ROE >= 20%; RS rating >= 80; Net profit margin up vs a year ago",6
METROPOLIS,0.018813589688708634,0.16493519343029583,0.36668601276842727,0.24250610735359635,0.889007470651014,0.0,0.0,-0.2655205546911316,2.2062744728362365,0.018487811078379695,0.0341806939196152,-0.05516496441054464,-0.03830444000574138,130044548.0,25.77358485895578,16.619178366057085,-48.18714277812821,1.3375320382482883,3.0,14.690531129014062,0.9199999999999999,1.0,12.623925974884337,-0.0799999999999983,20662.0,True,True,51.378557874762805,Healthcare Service Provider,Healthcare,32.0,103,"Uptrend (price > 50 > 150 > 200-day, 200-day rising); 3-year profit growth >= 15%/yr; ROE >= 20%; RS rating >= 80",4
MFSL,-0.05319247284468599,-0.007308629311450043,0.033093141179610486,-0.47109535355222276,0.7107529722589168,0.0,0.0,-0.2082246464911896,2.722217713474842,0.021304701833882778,0.04463565474589948,-0.10741303066820262,-0.06444786102530489,933605262.8,35.63814627877804,16.751822113378555,135.63814627877804,0.40326767853938844,1.0,-34.70881328775993,0.10999999999999999,1.0,2.006815600151458,-0.21999999999999886,20663.0,True,True,24.60910815939279,Life Insurance,Financial Services,94.0,103,"Uptrend (price > 50 > 150 > 200-day, 200-day rising); Within 15% of 52-week high; Sales growth >= 20% or 2+ strong quarters; 3-year profit growth >= 15%/yr; ROE >= 20%; RS rating >= 80",6
MGL,-0.04187226114878073,-0.12940616068593203,0.14163760345635312,-0.590488757308006,0.7799910139284109,0.0,0.0,0.8502099253690305,0.8457662878605552,0.012837313013057048,0.02389206408694844,-0.047563312899591925,-0.016706348631819534,174976704.7,-39.50720097475284,13.908238558624287,7.970438634743196,-2.4883523850749336,0.0,-9.781264922757693,-7.17,1.0,13.08338518979465,0.6000000000000014,20664.0,True,True,29.02371916508539,LPG/CNG/PNG/LNG Supplier,Energy,72.0,103,"Uptrend (price > 50 > 150 > 200-day, 200-day rising); Within 15% of 52-week high; Quarterly profit growth >= 25%; Sales growth >= 20% or 2+ strong quarters; 3-year profit growth >= 15%/yr; ROE >= 20%; RS rating >= 80; Net profit margin up vs a year ago",8
MIDHANI,0.07911361935693145,0.12762520193861082,0.3672869735553379,0.5144042346288288,0.9508706467661692,0.0,1.0,0.9366267239569157,1.0072780531209078,0.03166259696122452,0.13598475827578005,0.08427925095616073,-0.0413464407347551,317798564.4,26.98919850019843,40.46334310850441,-11.577752688208488,0.29423349495287887,2.0,-4.958309032097407,-0.7300000000000004,1.0,8.550913838120104,0.8100000000000005,20677.0,True,True,68.5673624288425,Aerospace & Defense,Industrials,19.0,103,3-year profit growth >= 15%/yr; ROE >= 20%; RS rating >= 80; Net profit margin up vs a year ago,4
MINDACORP,0.02194100755092365,0.235475081304386,0.38020424194815394,0.3919803091783899,0.8315344603381015,0.0,0.0,0.33042495131378374,1.1068493581992527,0.01817053623802802,0.0298773690078038,-0.08833505130387542,-0.02401364063790242,166724277.675,64.90227307419684,33.22293416457411,-69.43948084766717,1.6858434774022295,3.0,13.088499682907951,1.12,1.0,13.565744600227358,-0.4499999999999993,20665.0,True,True,52.31783681214421,Auto Components & Equipments,Consumer Discretionary,18.0,103,"Uptrend (price > 50 > 150 > 200-day, 200-day rising); Within 15% of 52-week high; 3-year profit growth >= 15%/yr; ROE >= 20%; RS rating >= 80",5
MMFL,0.15979003720656243,1.0601602092529019,0.5203281457353119,1.9758578458296174,0.8228068900356129,0.0,0.0,0.28050418715635655,1.1856797681742834,0.02824953521497104,0.04823529411764693,-0.07552731934770007,-0.039028508142590096,63800096.175,78.01348339882885,16.267109083367902,43.49692827902349,1.8051781448180455,2.0,-4.294802037541556,2.820000000000001,1.0,10.153846153846153,-0.3000000000000007,20655.0,True,True,83.97153700189753,Auto Components & Equipments,Consumer Discretionary,18.0,103,"Uptrend (price > 50 > 150 > 200-day, 200-day rising); Within 15% of 52-week high; 3-year profit growth >= 15%/yr; ROE >= 20%",4
MMP,0.3205140324464893,0.4677682948974031,0.7701808943979676,1.8064372016844457,0.9896825396825397,1.0,1.0,0.8578630698415846,1.5877420216982252,0.031789865811090154,0.10095261660274657,0.24478117755101536,-0.027280870642295528,33929413.7,15.342015046506763,26.89579923622476,1.140285311842181,2.0248437556029604,0.0,21.85878253863798,-0.5900000000000007,1.0,8.959537572254336,0.0,20675.0,True,True,94.77324478178367,Aluminium,Commodities,2.0,103,Quarterly profit growth >= 25%; ROE >= 20%; Net profit margin up vs a year ago,3
MMTC,-0.0448617026645928,-0.007423445716053023,0.13935735842357544,-0.29000837601197316,0.7172941927249522,0.0,0.0,0.7014405706484108,0.5830831382912369,0.015850271192417293,0.013407072230601669,-0.08940075440393014,-0.030090681341008712,64916582.455,135.47997959233854,-50.0,-164.52002040766146,1.2886285824719539,3.0,-17.356160528818588,12069.85,1.0,18.246110325318245,0.040000000000000036,20676.0,True,True,28.272296015180267,Trading & Distributors,Services,14.0,103,"Uptrend (price > 50 > 150 > 200-day, 200-day rising); Within 15% of 52-week high; 3-year profit growth >= 15%/yr; ROE >= 20%; RS rating >= 80",5
MOBIKWIK,0.07925005017299602,-0.2397008191855633,0.11736652320576946,0.02603854504117508,0.8630940343781598,0.0,0.0,1.6634420084670891,18.264864379239725,0.03556314906871494,0.19996035482432228,0.26971408625011883,-0.06877861683187533,156939396.94,100.0,3.729363207547176,0.0,0.9746947867838174,3.0,,18.16,1.0,-11.50278293135436,-0.3100000000000005,20668.0,True,True,68.75521821631878,Financial Technology (Fintech),Financial Services,37.0,103,"Uptrend (price > 50 > 150 > 200-day, 200-day rising); 3-year profit growth >= 15%/yr; ROE >= 20%; RS rating >= 80",4
MOIL,-0.10164095169778857,-0.2994585589337775,-0.15717387673292138,-0.8684929559162111,0.583847863670042,0.0,0.0,0.8126918917877917,0.4771373922558338,0.018449937356531537,0.024014155712841267,-0.08026801394693417,-0.01767671776482662,158501311.675,-7.391165538131839,4.480524549215503,84.32098671639329,-0.08057873862566879,0.0,-36.70448248175319,-2.4599999999999973,1.0,8.97575099529497,-1.2399999999999984,18670.0,True,True,9.11100569259962,Industrial Minerals,Commodities,88.0,103,"Uptrend (price > 50 > 150 > 200-day, 200-day rising); Within 15% of 52-week high; Quarterly profit growth >= 25%; Sales growth >= 20% or 2+ strong quarters; 3-year profit growth >= 15%/yr; ROE >= 20%; RS rating >= 80; Net profit margin up vs a year ago",8
MOL,0.031390097612549586,-0.18198551969566812,0.433548387096774,-0.5100517414522328,0.7154071470415935,0.0,0.0,0.6510377656443002,0.9226504870460652,0.03420684647710223,0.09885099398139707,0.019413261387844383,-0.04231898277613362,66389186.63,279.4957838703934,-11.536455786969125,339.0375250387508,2.052449488003014,1.0,-6.617478476633664,6.8100000000000005,1.0,1.878238341968912,-0.43000000000000005,20663.0,True,True,56.638519924098674,Pesticides & Agrochemicals,Commodities,101.0,103,"Uptrend (price > 50 > 150 > 200-day, 200-day rising); Within 15% of 52-week high; Sales growth >= 20% or 2+ strong quarters; 3-year profit growth >= 15%/yr; ROE >= 20%; RS rating >= 80",6
MOLDTKPAC,-0.013288007659342682,-0.04616319092933796,0.24717613836921992,-0.2517961488894908,0.8186503067484663,0.0,0.0,-0.1649544592932029,1.6231252341253235,0.019194738129801315,0.0625048831939996,-0.01867344417381467,-0.019882554503468996,34266311.1,-4.110452674395648,10.475007761564715,-15.570307001661888,-0.12778508179500292,0.0,25.875435393743217,-1.4800000000000004,1.0,14.00437636761488,-0.5300000000000011,19121.0,True,True,39.73149905123339,Packaging,Industrials,34.0,103,"Uptrend (price > 50 > 150 > 200-day, 200-day rising); Within 15% of 52-week high; Quarterly profit growth >= 25%; Sales growth >= 20% or 2+ strong quarters; ROE >= 20%; RS rating >= 80; Net profit margin up vs a year ago",7
MONARCH,0.024212284154219763,0.18743126472898664,0.3524443490086606,0.2685598573645398,0.8530532006388991,0.0,0.0,-0.08369236588441759,0.8436135062585587,0.020072397848864717,0.017362124306973925,-0.0733820554022242,-0.031966391572338174,31803821.85,-0.14530192433718225,-7.236170647070839,-84.29121860742022,-0.006665002373691716,0.0,56.13588802261194,3.530000000000001,1.0,18.640576725025745,1.3,20675.0,True,True,53.72675521821632,Stockbroking & Allied,Financial Services,17.0,103,"Uptrend (price > 50 > 150 > 200-day, 200-day rising); Quarterly profit growth >= 25%; Sales growth >= 20% or 2+ strong quarters; ROE >= 20%; RS rating >= 80",5
MOREPENLAB,0.6619460865134299,1.3661327231121279,1.9596669268800415,3.6181464075259906,0.9752488387524885,1.0,1.0,1.2267965906975256,1.5327465127591169,0.04840512627477746,0.08011673884390902,0.4525655369264159,-0.06710579076006601,2179105588.43,300.0,34.072523751293396,322.67794984604444,2.9705839940706076,1.0,35.01617539656061,7.200000000000001,1.0,7.698476343223737,-0.09999999999999964,20669.0,True,True,98.90607210626186,Pharmaceuticals,Healthcare,26.0,103,ROE >= 20%,1
MOSCHIP,-0.05701902975768029,-0.14153958173213066,0.2664558095124425,-0.4408523563638924,0.6767204021494193,0.0,0.0,0.5701787242117606,0.6871028327474971,0.02447249608872239,0.04468768829082137,-0.05797961722700462,-0.023960028752192674,249929135.98000002,-77.53520729968268,-14.293089460874697,-68.77978019122357,-2.044875106447849,0.0,59.71715257559724,-5.940000000000001,1.0,8.557457212713937,0.37,20658.0,True,True,22.82447817836812,Computers Hardware & Equipments,Information Technology,12.0,103,"Uptrend (price > 50 > 150 > 200-day, 200-day rising); Within 15% of 52-week high; Quarterly profit growth >= 25%; Sales growth >= 20% or 2+ strong quarters; ROE >= 20%; RS rating >= 80; Net profit margin up vs a year ago",7
MOTHERSON,0.11755471206455541,0.5035553892215567,0.4843894328468501,1.4350821649745544,0.9187972528423846,0.0,0.0,0.23850193641774828,1.4481366492815335,0.019166129221494726,0.029641775983854535,-0.01873162433200415,-0.01710812936849282,2078167505.0,59.550385793902464,16.654872236197527,6.7962226876271,1.01676524119919,2.0,41.171828285044775,0.8199999999999998,1.0,9.970960735986726,-0.07000000000000028,20644.0,True,True,77.58444022770398,Auto Components & Equipments,Consumer Discretionary,18.0,103,"Uptrend (price > 50 > 150 > 200-day, 200-day rising); ROE >= 20%; RS rating >= 80",3
MOTILALOFS,0.07924736610381312,0.13184894127919655,0.47123501454210115,0.41299414289133235,0.9733843769938931,0.0,1.0,0.5989642105468995,2.095620154223896,0.021607443443475288,0.06928098110968262,0.09743189221963022,-0.027743928065732528,757521926.0,9.52166331243427,25.16340705070825,67.71595795208385,0.22197265934376814,0.0,11.508683378959915,-5.310000000000002,1.0,14.52513966480447,0.5899999999999999,20657.0,True,True,68.66129032258065,Stockbroking & Allied,Financial Services,17.0,103,Quarterly profit growth >= 25%; 3-year profit growth >= 15%/yr; ROE >= 20%; RS rating >= 80; Net profit margin up vs a year ago,5
MPHASIS,-0.022390123840952493,-0.09562749710615737,0.08357193987115252,-0.4898804478826094,0.7694117647058824,0.0,0.0,0.14268230283812985,2.269401354036041,0.018503119523735227,0.04446713702190852,-0.037164037971659125,-0.022500942424471686,937087397.7,10.903505621550114,17.45644328584941,-3.262824580839375,2.8442448503093147,0.0,5.855585986612488,-0.6600000000000001,1.0,17.339910647803425,-0.3499999999999943,20637.0,True,True,37.101518026565465,Computers - Software & Consulting,Information Technology,93.0,103,"Uptrend (price > 50 > 150 > 200-day, 200-day rising); Within 15% of 52-week high; Quarterly profit growth >= 25%; Sales growth >= 20% or 2+ strong quarters; 3-year profit growth >= 15%/yr; ROE >= 20%; RS rating >= 80; Net profit margin up vs a year ago",8
MPSLTD,0.14064924342708524,0.23733072734887606,0.5965533805692327,0.5656703485033051,0.9053709298422289,0.0,0.0,0.2064768022464794,0.5504741574571355,0.036153266994827876,0.04302462343969338,-0.005474297792065208,-0.014207350568812166,48566225.2,41.173903473479,20.37792570324244,31.31146451008542,2.396158389799557,1.0,15.502654871506373,3.3099999999999987,1.0,29.026845637583893,0.0900000000000003,20655.0,True,True,81.8111954459203,Printing & Publication,Consumer Discretionary,,103,"Uptrend (price > 50 > 150 > 200-day, 200-day rising)",1
MRF,-0.044617482348422645,-0.10926414641669813,0.022826557518989432,-0.6888204464864013,0.7522921760391198,0.0,0.0,-0.28206933554682356,1.0609296546908853,0.00878535524596085,0.0178745531361717,-0.051309820668072104,-0.006592139283460678,384764732.5,-1.2577831320746968,9.639065928052904,-36.692435812098246,-0.031780314955552065,0.0,25.93263053395203,-0.6500000000000004,1.0,11.566701630590256,-0.6900000000000013,20649.0,True,True,28.648007590132828,Tyres & Rubber Products,Consumer Discretionary,73.0,103,"Uptrend (price > 50 > 150 > 200-day, 200-day rising); Within 15% of 52-week high; Quarterly profit growth >= 25%; Sales growth >= 20% or 2+ strong quarters; ROE >= 20%; RS rating >= 80; Net profit margin up vs a year ago",7
MRPL,0.12189340836379191,0.303631347401387,-0.022968592824410328,0.7052919139542603,0.8612877396260186,0.0,1.0,0.4985708420511149,2.570352011792337,0.03025147076994253,0.0664893617021276,0.06752507685643483,-0.028456279641897418,1078721131.105,100.0,120.40610201639414,168.40220041572314,0.8343096746475144,1.0,43.017431899173864,3.1,1.0,13.559202648446856,-1.19,20649.0,True,True,78.80550284629982,Refineries & Marketing,Energy,46.0,103,ROE >= 20%; RS rating >= 80,2
MSTCLTD,0.12738751694978487,0.5515638207945901,0.8279596663761983,0.9860134637355902,0.8680124223602484,0.0,1.0,0.8046178341092962,0.667405706956734,0.02802549716091864,0.07007627349496048,0.013712501704632896,-0.025583678711826152,156173507.25,37.51352544304356,21.709931551078366,47.57197172890988,1.0350682355432703,1.0,-0.5536606466105765,7.100000000000001,1.0,24.11504424778761,1.0700000000000003,20678.0,True,True,79.83870967741935,Trading & Distributors,Services,14.0,103,3-year profit growth >= 15%/yr; RS rating >= 80,2
MSUMI,-0.08828720966018126,-0.21360895779500422,-0.006528835690968293,-0.9138688727425698,0.6264228400821048,0.0,0.0,-0.6271660972703078,1.5133619453866667,0.015097567277048998,0.016915703411333638,-0.10643938587338442,-0.028448475803162496,316475901.97,1.6294521072418133,36.61664053760381,0.09953374413109728,0.12505039891988312,0.0,9.046585069188406,-1.4700000000000006,1.0,28.921795465062473,-0.389999999999997,20679.0,True,True,11.834914611005692,Auto Components & Equipments,Consumer Discretionary,18.0,103,"Uptrend (price > 50 > 150 > 200-day, 200-day rising); Within 15% of 52-week high; Quarterly profit growth >= 25%; 3-year profit growth >= 15%/yr; RS rating >= 80; Net profit margin up vs a year ago",6
MUFIN,0.12068636144531275,0.6045724950425755,0.3727172936832652,1.5654818010611995,0.9552650176678444,0.0,1.0,0.28181834425028734,2.286104113066944,0.013258902884529883,0.017612374607550274,0.0062877162472620984,-0.010936592555978845,117626256.55499999,300.0,57.134096484055604,77.44976473055493,3.8975916362440133,3.0,53.50734742048542,11.81,1.0,4.869565217391305,1.8400000000000016,20676.0,True,True,78.5237191650854,Non Banking Financial Company (NBFC),Financial Services,41.0,103,ROE >= 20%; RS rating >= 80,2
MUNJALAU,0.02458833230776601,0.029336266960029445,0.5433676975945017,-0.06956964676860551,0.8073506891271057,0.0,0.0,1.269940760541581,4.285388861951048,0.033711171961625715,0.05991735537190079,-0.029771226975010112,-0.023559373075055443,37380074.83,135.1513176652682,42.35876339049327,235.1513176652682,1.3881301183889592,1.0,50.22404292717313,1.6099999999999999,1.0,10.267857142857142,0.06,20675.0,True,True,53.820683111954466,Auto Components & Equipments,Consumer Discretionary,18.0,103,"Uptrend (price > 50 > 150 > 200-day, 200-day rising); Within 15% of 52-week high; ROE >= 20%; RS rating >= 80",4
MUTHOOTFIN,-0.046831090061331154,-0.04923809834567805,-0.1142926621679129,-0.3599693276184837,0.6396915290998916,0.0,0.0,-0.30160575411662804,0.6379223974816217,0.01973554821499148,0.025593819940798568,-0.08231506629568386,-0.024979606588549003,2106356725.5,43.09304295781211,34.44070119516971,-92.26690388305556,1.2675358583736305,8.0,43.34972692495944,1.9699999999999989,1.0,27.107078967544084,-0.38000000000000256,20666.0,True,True,26.67552182163188,Non Banking Financial Company (NBFC),Financial Services,41.0,103,"Uptrend (price > 50 > 150 > 200-day, 200-day rising); Within 15% of 52-week high; RS rating >= 80",3
MUTHOOTMF,-0.00756297462919512,0.25115797172111143,0.32744907856450034,0.12315146688018917,0.6580279331734977,0.0,0.0,-1.1270844404696612,0.4528153967253718,0.021852525598866055,0.018390340019198703,-0.15460000078227987,-0.034708165902580156,52148502.05,300.0,19.694962586373556,200.0,0.2761595125558219,3.0,-0.8278371829523179,11.05,1.0,5.954465849387041,0.16999999999999815,20679.0,True,True,41.422201138519924,Microfinance Institutions,Financial Services,61.0,103,"Uptrend (price > 50 > 150 > 200-day, 200-day rising); Within 15% of 52-week high; 3-year profit growth >= 15%/yr; ROE >= 20%; RS rating >= 80",5
NACLIND,-0.1075416471189075,-0.13212650853100294,0.15022406066873484,-0.5669922594983452,0.5412244897959183,0.0,0.0,-0.3940638086727407,0.8779798053115496,0.02733142023724324,0.0486606800214906,-0.18510825277622422,-0.049844844534748266,68290324.155,59.82762992060564,-14.503970024087797,-91.92466469629585,0.18116142431718238,1.0,-14.789841626587375,2.5300000000000002,1.0,0.7320644216691069,-0.09999999999999987,20637.0,True,True,7.7960151802656545,Pesticides & Agrochemicals,Commodities,101.0,103,"Uptrend (price > 50 > 150 > 200-day, 200-day rising); Within 15% of 52-week high; Sales growth >= 20% or 2+ strong quarters; 3-year profit growth >= 15%/yr; ROE >= 20%; RS rating >= 80",6
NAM-INDIA,0.029732992898428297,0.331687715269805,0.38140892038349317,0.5159448268574416,0.8248916896415912,0.0,0.0,-0.24076811314691943,0.8292099254763321,0.019647931386947568,0.03217158176943702,-0.1000142663895891,-0.042607976925143225,1035045344.1,27.15462046212538,26.418951220718423,-1.6801586830231372,1.7638322269489588,3.0,24.660623836302253,0.38000000000000966,1.0,32.818201330757674,0.4100000000000037,20656.0,True,True,56.07495256166983,Asset Management Company,Financial Services,76.0,103,"Uptrend (price > 50 > 150 > 200-day, 200-day rising); Within 15% of 52-week high; RS rating >= 80",3
NATCOPHARM,-0.021900589862804826,0.04180286648227316,-0.194351271207039,0.050798352900365405,0.6603358330616238,0.0,0.0,-0.5497792103474731,1.639179346305965,0.013409511291532002,0.027667014293601744,-0.06159356494824353,-0.013758015626975461,320718942.4,-56.999174996209376,-44.676047859131614,-23.266169263203636,-1.4706134106549995,0.0,11.981172333792811,-8.05,1.0,15.377941654918123,-0.2100000000000044,20679.0,True,True,37.289373814041745,Pharmaceuticals,Healthcare,26.0,103,"Uptrend (price > 50 > 150 > 200-day, 200-day rising); Within 15% of 52-week high; Quarterly profit growth >= 25%; Sales growth >= 20% or 2+ strong quarters; 3-year profit growth >= 15%/yr; ROE >= 20%; RS rating >= 80; Net profit margin up vs a year ago",8
NATIONALUM,0.10677397657781106,0.8346329262910108,-0.08275101140125041,1.3443285880768916,0.7217791755588004,0.0,0.0,0.25245114225148163,1.4393139122425902,0.024167094617246906,0.03194207836456564,-0.1291974957313603,-0.034746988057645936,2032768774.525,90.86223451948557,39.2819429778247,107.53738932401514,1.6724073952586205,1.0,77.35313163374889,10.21,1.0,26.834235985742723,0.19000000000000483,20665.0,True,True,75.61195445920303,Aluminium,Commodities,2.0,103,"Uptrend (price > 50 > 150 > 200-day, 200-day rising); Within 15% of 52-week high; RS rating >= 80",3
NAUKRI,0.0046807476921077555,0.003039975680194651,0.3273659861208891,-0.22113829732196605,0.862948094936263,0.0,0.0,0.07306277336231592,1.327099979148517,0.019792133328935205,0.036125319693094626,-0.0488927941578281,-0.026462141679278343,1608405901.1999998,11.03571996735453,11.366107781402523,4.908147023734233,0.2049582254149254,0.0,99.4923901699127,-0.13000000000000256,1.0,4.649997362451865,0.14999999999999858,20668.0,True,True,46.68216318785579,Internet & Catalogue Retail,Consumer Discretionary,95.0,103,"Uptrend (price > 50 > 150 > 200-day, 200-day rising); Quarterly profit growth >= 25%; Sales growth >= 20% or 2+ strong quarters; ROE >= 20%; RS rating >= 80; Net profit margin up vs a year ago",6
NAVA,-0.03551822014376234,-0.15942681371445722,-0.006120819657588816,-0.40040196857003796,0.7715039220989993,0.0,0.0,-0.027816824791371708,1.9984843242427335,0.01635765038209972,0.03287228309682044,0.015509009538254626,-0.01491658257039875,136237152.45000002,-16.557481149833087,1.5571311241849628,38.402418257844424,-0.6018506072598524,0.0,-7.313085108835271,-5.969999999999999,1.0,11.881074899942824,-0.34999999999999787,20655.0,True,True,31.841555977229604,Power Generation,Utilities,85.0,103,"Uptrend (price > 50 > 150 > 200-day, 200-day rising); Within 15% of 52-week high; Quarterly profit growth >= 25%; Sales growth >= 20% or 2+ strong quarters; 3-year profit growth >= 15%/yr; ROE >= 20%; RS rating >= 80; Net profit margin up vs a year ago",8
NAVINFLUOR,0.17074578103528684,0.879860287333597,0.46457299332534663,2.369299274318201,0.9486563495167328,0.0,1.0,0.7194770894706741,0.7372095027118538,0.024878369347345018,0.045012165450121655,0.023808059503869217,-0.018257742434399555,997212092.25,107.67414668623098,44.06947890818857,-5.286105845503684,2.601942234343043,7.0,29.962269331566294,7.130000000000003,1.0,16.708605938600908,0.7999999999999972,20651.0,True,True,85.38045540796963,Specialty Chemicals,Commodities,40.0,103,ROE >= 20%,1
NAZARA,0.1424465605436807,0.38590225563909764,0.5920967393651477,1.0839659197390763,0.9416521522766857,1.0,1.0,1.2043447856936813,0.966825103446411,0.019419485757651,0.03246475865014964,0.04965801867168107,-0.02826586319507222,529257339.25,-100.0,-14.034524931331072,-400.0,-1.397553033762457,0.0,15.074290005029823,-26.53,0.0,2.361071120069105,2.3599999999999994,20668.0,True,True,82.18690702087287,Digital Entertainment,Consumer Discretionary,,103,Quarterly profit growth >= 25%; Sales growth >= 20% or 2+ strong quarters; ROE >= 20%; Net profit margin up vs a year ago,4
NBCC,-0.08594615553749921,-0.1931426441814964,0.026796300687692565,-0.8219516465271772,0.6097735399284863,0.0,0.0,-0.4778495313023846,1.4065086885213745,0.013360803597182785,0.025518925518925428,-0.11586194819139961,-0.034991913579374756,447661177.22,16.90491056643142,-5.506045107247848,16.733013098803106,1.247423988788924,0.0,20.83023983654162,1.3399999999999999,1.0,24.593967517401392,0.30999999999999694,20676.0,True,True,12.962049335863377,Civil Construction,Industrials,90.0,103,"Uptrend (price > 50 > 150 > 200-day, 200-day rising); Within 15% of 52-week high; Quarterly profit growth >= 25%; Sales growth >= 20% or 2+ strong quarters; RS rating >= 80",5
NCC,-0.11179022360241227,-0.2730892492959115,0.055414551607444906,-1.2773658532895444,0.5840276179516686,0.0,0.0,-0.12622478398289272,2.3031072514149473,0.01744535491660138,0.012201473104679783,-0.0982564965616054,-0.02734237174804548,243667562.005,11.935271285117622,12.219370958430131,30.04173941584818,0.5334793265515388,0.0,3.2264683437418284,-0.010000000000000231,1.0,9.200660820942941,0.6600000000000001,20663.0,True,True,7.138519924098673,Civil Construction,Industrials,90.0,103,"Uptrend (price > 50 > 150 > 200-day, 200-day rising); Within 15% of 52-week high; Quarterly profit growth >= 25%; Sales growth >= 20% or 2+ strong quarters; 3-year profit growth >= 15%/yr; ROE >= 20%; RS rating >= 80; Net profit margin up vs a year ago",8
NELCO,0.0438714703436915,0.07725499468022234,0.4967969776609724,0.17744222329575168,0.8176785714285714,0.0,0.0,0.23376817889109025,0.5933860655824044,0.032902127064999606,0.048277648277648355,-0.04333010543425697,-0.05034988891673607,225817755.55,15.44246434969503,7.006284262601947,-84.55753565030497,0.06634856037589151,0.0,-34.07923228462475,0.18999999999999995,1.0,2.3255813953488373,0.6799999999999997,20650.0,True,True,59.45635673624289,Computers Hardware & Equipments,Information Technology,12.0,103,"Uptrend (price > 50 > 150 > 200-day, 200-day rising); Within 15% of 52-week high; Quarterly profit growth >= 25%; Sales growth >= 20% or 2+ strong quarters; 3-year profit growth >= 15%/yr; ROE >= 20%; RS rating >= 80",7
NEOGEN,0.18444435184501273,0.4245069296375268,0.7861976773331105,1.235574479877842,0.9726367164059688,0.0,1.0,0.5495196127895038,0.6884108024169586,0.027761735580760828,0.05928520752039734,0.0884406732009817,-0.02144149943210406,356761235.04999995,66.9987261347804,34.03845123975795,43.29067485604838,1.1500046912330233,2.0,-9.878353632104886,1.3499999999999996,1.0,3.553921568627451,-3.3999999999999986,20658.0,True,True,86.60151802656546,Specialty Chemicals,Commodities,40.0,103,3-year profit growth >= 15%/yr; ROE >= 20%,2
NESCO,-0.05952920858575093,-0.20552100712877297,-0.03143491124260356,-0.6870817286946296,0.7231515321900479,0.0,0.0,0.280542167998689,0.7605661687796155,0.016249063741972873,0.03819702602230479,-0.02626040081465164,-0.024207995345803743,34871189.4,3.9747251273563045,9.547946622530269,-1.031854353454631,0.25987248036592847,0.0,10.00201924266284,-2.529999999999994,1.0,13.785046728971961,-0.029999999999997584,20638.0,True,True,21.88519924098672,Diversified Commercial Services,Services,55.0,103,"Uptrend (price > 50 > 150 > 200-day, 200-day rising); Within 15% of 52-week high; Quarterly profit growth >= 25%; Sales growth >= 20% or 2+ strong quarters; 3-year profit growth >= 15%/yr; ROE >= 20%; RS rating >= 80; Net profit margin up vs a year ago",8
NESTLEIND,0.016018531928424957,0.22386117136659434,0.15995065789473695,0.7038594653631622,0.8525434642627173,0.0,0.0,-0.15172008255993627,0.9894798864047534,0.01428389681424484,0.034153110785598795,-0.07545127614259273,-0.022158813084739222,2195095974.2,48.92549142642832,25.156588490157294,18.676837007513722,2.2782421536582422,3.0,13.480194559520097,2.41,1.0,67.84952491758774,0.05000000000000071,20656.0,True,True,50.62713472485768,Packaged Foods,Fast Moving Consumer Goods,89.0,103,"Uptrend (price > 50 > 150 > 200-day, 200-day rising); 3-year profit growth >= 15%/yr; RS rating >= 80",3
NETWEB,0.08885583883072225,0.4485355648535565,0.6098831261431628,0.5652445961164649,0.8060209874419404,0.0,0.0,0.2815818826874296,1.0438919773039788,0.029464321955420685,0.05415569763068828,-0.043541773752944324,-0.020039313632151484,6779187973.05,179.9306597776321,172.1323993227317,114.39458580215886,4.123333429809027,6.0,77.73570211931214,0.2900000000000009,1.0,28.492392807745503,1.2100000000000009,20679.0,True,True,71.38519924098672,IT Enabled Services,Information Technology,50.0,103,"Uptrend (price > 50 > 150 > 200-day, 200-day rising); Within 15% of 52-week high; RS rating >= 80",3
NETWORK18,-0.15579166242687037,-0.44989339019189767,-0.06429277942631051,-1.3500881850998632,0.48271975957926366,0.0,0.0,0.08055924799055962,0.6850444401494357,0.021457615822719586,0.030660377358490365,-0.08213630097357838,-0.022883341245634535,79773697.905,-40.32386699936169,10.344974992519118,-140.32386699936168,-0.24861840261687637,0.0,-46.12731586197791,-7.05,0.0,3.1516876779178524,-1.9699999999999998,20649.0,True,True,1.8785578747628082,Media & Entertainment,Consumer Discretionary,44.0,103,"Uptrend (price > 50 > 150 > 200-day, 200-day rising); Within 15% of 52-week high; Quarterly profit growth >= 25%; Sales growth >= 20% or 2+ strong quarters; 3-year profit growth >= 15%/yr; ROE >= 20%; RS rating >= 80; Net profit margin up vs a year ago",8
NEULANDLAB,0.1288368307078102,0.5700131642763113,0.7138103161397671,1.3096030734333397,0.8939112487100103,0.0,0.0,0.6687674438399078,0.9846851014067409,0.022821287439997652,0.049191080017490174,-0.027027561337027217,-0.024556337707322788,1083876384.0,300.0,119.15627668659266,0.0,1.60741118682074,2.0,32.20307218942571,18.27,1.0,19.413333333333334,1.2999999999999972,20644.0,True,True,80.12049335863378,Pharmaceuticals,Healthcare,26.0,103,"Uptrend (price > 50 > 150 > 200-day, 200-day rising); ROE >= 20%",2
NEWGEN,-0.10753906224707543,-0.4015622327384687,0.18505137179631914,-0.922000863128342,0.42972311531263496,0.0,0.0,0.553447151400061,0.48804651120111636,0.02396730449787205,0.01704660076659259,-0.13450163531349302,-0.04043598074529968,301338634.175,26.293653768502836,11.233081768851738,22.666036958444003,1.3658686823056,1.0,22.28029385057797,2.0999999999999996,1.0,16.938660664040516,-1.3999999999999986,20640.0,True,True,7.889943074003795,Computers - Software & Consulting,Information Technology,93.0,103,"Uptrend (price > 50 > 150 > 200-day, 200-day rising); Within 15% of 52-week high; Sales growth >= 20% or 2+ strong quarters; ROE >= 20%; RS rating >= 80",5
NFL,-0.09049265763274719,-0.2373999567380488,0.006710451170759635,-1.035720865146427,0.6486266531027467,0.0,0.0,0.4015594015840849,1.0337781589844621,0.009828243440520197,0.025758533501896164,-0.08135272827866025,-0.021539460270794883,31459996.945,100.0,27.339375298867918,87.27189129865987,1.80881469785518,1.0,19.849083556102975,3.64,1.0,7.426962337205209,-0.7700000000000005,20677.0,True,True,11.45920303605313,Fertilizers,Commodities,78.0,103,"Uptrend (price > 50 > 150 > 200-day, 200-day rising); Within 15% of 52-week high; ROE >= 20%; RS rating >= 80",4
NH,-0.025247990119686436,0.04834160649819497,0.1023785515155109,-0.09228003589869135,0.8231978216213633,0.0,0.0,-0.5302694308076217,1.1484996335295812,0.01668280916050709,0.03205608476934607,-0.08073153114320675,-0.042573574819858115,414448494.0,5.650507289989393,78.0457383216013,-6.8148453591618585,0.39489188608474,0.0,8.239466314189947,-5.29,1.0,17.765042979942695,-0.6699999999999982,20659.0,True,True,35.41081593927893,Hospital,Healthcare,68.0,103,"Uptrend (price > 50 > 150 > 200-day, 200-day rising); Within 15% of 52-week high; Quarterly profit growth >= 25%; 3-year profit growth >= 15%/yr; ROE >= 20%; RS rating >= 80; Net profit margin up vs a year ago",7
NHPC,-0.048281210036743724,-0.1120298125072785,0.0011817226890755705,-0.6787790331339121,0.8227417158420336,0.0,0.0,-0.35506422304253293,1.0615668158507265,0.010337047572218342,0.023271276595744572,-0.048833541933977265,-0.024883826103264405,641777023.34,4.124938351219876,18.499768185028785,-64.37032706678767,0.12324303297529124,0.0,-0.27338460119561425,-4.270000000000003,1.0,10.184134951854624,5.710000000000001,20669.0,True,True,26.205882352941178,Power Generation,Utilities,85.0,103,"Uptrend (price > 50 > 150 > 200-day, 200-day rising); Within 15% of 52-week high; Quarterly profit growth >= 25%; Sales growth >= 20% or 2+ strong quarters; 3-year profit growth >= 15%/yr; ROE >= 20%; RS rating >= 80; Net profit margin up vs a year ago",8
NIACL,-0.03057321829769321,0.22247035678204918,0.8551601710643104,-0.31712027974278606,0.6565952184666117,0.0,0.0,0.9075464885068365,0.27132470249957225,0.03821599765540463,0.0698192084260818,-0.13082528218576528,-0.08196971378482096,333172622.32,-100.0,1.541768459963766,-162.8981856832121,-3.2135998615958474,0.0,-12.92347148540931,-5.4399999999999995,0.0,4.966527636605797,0.009999999999999787,20642.0,True,True,33.25047438330171,General Insurance,Financial Services,84.0,103,"Uptrend (price > 50 > 150 > 200-day, 200-day rising); Within 15% of 52-week high; Quarterly profit growth >= 25%; Sales growth >= 20% or 2+ strong quarters; 3-year profit growth >= 15%/yr; ROE >= 20%; RS rating >= 80; Net profit margin up vs a year ago",8
NIBE,-0.0166677371894038,-0.07128960533629802,0.43697253131215397,-0.2262893515359124,0.6872835497835498,0.0,0.0,-0.02907803440881657,3.6237514186987845,0.02382942504273778,0.0653457653457652,-0.061886950766976256,-0.041341860365390365,60957718.8,-100.0,-23.624242424242425,-315.8350738763827,-0.9823405040522275,0.0,-80.04984683589245,-20.3,0.0,0.0,0.9100000000000001,20679.0,True,True,38.98007590132827,Aerospace & Defense,Industrials,19.0,103,"Uptrend (price > 50 > 150 > 200-day, 200-day rising); Within 15% of 52-week high; Quarterly profit growth >= 25%; Sales growth >= 20% or 2+ strong quarters; 3-year profit growth >= 15%/yr; ROE >= 20%; RS rating >= 80; Net profit margin up vs a year ago",8
NILKAMAL,0.13584272126579275,0.37479701201688864,0.79334011184545,0.5303483809683319,0.8521516631774831,0.0,0.0,0.8839301447323548,0.27063517121409925,0.03431989740815261,0.023652578518805756,-0.049542906778719975,-0.01806124641047779,55724360.8,58.96747993510096,-7.180062051316893,37.19450661861276,1.0037221137886996,3.0,-0.6224876010598734,1.24,1.0,7.3557387444514895,-0.8300000000000001,20666.0,True,True,81.15370018975332,Plastic Products - Consumer,Consumer Discretionary,62.0,103,"Uptrend (price > 50 > 150 > 200-day, 200-day rising); 3-year profit growth >= 15%/yr; ROE >= 20%",3
NITCO,-0.09034616036231807,-0.12755333635950983,0.0823290911138641,-0.48169950739964235,0.6895833333333333,0.0,0.0,-1.0765561459556323,0.8774322304516233,0.02641312622001015,0.029179725494434372,-0.1166360647337632,-0.03755896756240192,47260634.975,-100.0,-22.773265876714145,0.0,-0.6200647509613487,0.0,-9.702690125998359,-40.49,0.0,7.9452054794520555,-0.20999999999999996,20677.0,True,True,11.553130929791271,Ceramics,Consumer Discretionary,59.0,103,"Uptrend (price > 50 > 150 > 200-day, 200-day rising); Within 15% of 52-week high; Quarterly profit growth >= 25%; Sales growth >= 20% or 2+ strong quarters; 3-year profit growth >= 15%/yr; ROE >= 20%; RS rating >= 80; Net profit margin up vs a year ago",8
NITINSPIN,0.1665218552056576,0.8798352698926313,0.6885982296208217,2.1286330423005544,0.9250187828700226,0.0,1.0,0.8809091303883008,0.6334979026850588,0.024367191300540957,0.044067256355088125,0.027915348933512885,-0.015142724409819966,47450805.55,83.47965811877451,10.301143310937722,59.76507443744802,4.423967190638118,2.0,18.24937755800193,3.4299999999999997,1.0,12.100611828687967,1.2200000000000024,20679.0,True,True,84.62903225806451,Other Textile Products,Consumer Discretionary,21.0,103,ROE >= 20%,1
NIVABUPA,-0.028046298807327456,-0.036907910555422085,0.09454843557863102,-0.2988619605377983,0.8466083150984681,0.0,0.0,0.28544076516954486,2.7664856381134593,0.014817012903746915,0.039325842696628976,-0.051241306927973906,-0.0335308187202898,60723325.84,92.9301018891287,27.92856218454771,115.56673098553252,1.0166067531407734,1.0,,1.88,1.0,3.4601162176439515,1.1700000000000053,20679.0,True,True,34.47153700189753,General Insurance,Financial Services,84.0,103,"Uptrend (price > 50 > 150 > 200-day, 200-day rising); Within 15% of 52-week high; 3-year profit growth >= 15%/yr; ROE >= 20%; RS rating >= 80",5
NLCINDIA,-0.05009256312401843,-0.04092026694766415,-0.007090909090909037,-0.3306224784603786,0.6455647240845797,0.0,0.0,-0.3402142544789827,1.0719844552298972,0.01601666985933132,0.027217544546700667,-0.08535582891568916,-0.024320803720635345,402552148.225,-48.01868359637938,23.29406290761473,-264.3192654371071,-1.0306530213788696,0.0,38.05035821199267,-12.690000000000001,1.0,17.509872241579558,-0.020000000000003126,20672.0,True,True,25.548387096774192,Power Generation,Utilities,85.0,103,"Uptrend (price > 50 > 150 > 200-day, 200-day rising); Within 15% of 52-week high; Quarterly profit growth >= 25%; ROE >= 20%; RS rating >= 80; Net profit margin up vs a year ago",6
NMDC,-0.02906595511886654,0.1288817806210849,0.04054054054054057,-0.10425444348849844,0.7467432557185353,0.0,0.0,0.20560821932481055,1.0735318525947868,0.013913871287400126,0.02244389027431426,-0.12183565298998078,-0.04075000366457206,1254389026.44,0.42239065759628325,0.8367884182191032,-36.85661840627066,0.03523189497908522,0.0,14.614643292885532,-0.120000000000001,1.0,21.871880688156892,0.030000000000001137,20679.0,True,True,33.81404174573055,Industrial Minerals,Commodities,88.0,103,"Uptrend (price > 50 > 150 > 200-day, 200-day rising); Within 15% of 52-week high; Quarterly profit growth >= 25%; Sales growth >= 20% or 2+ strong quarters; 3-year profit growth >= 15%/yr; RS rating >= 80; Net profit margin up vs a year ago",7
NOCIL,0.0009230339940364575,-0.0031793745303196896,0.06129985228951251,-0.00226222958395746,0.8182765151515151,1.0,0.0,0.6573808358663514,0.8564034950911017,0.027072165711682368,0.07455147186901234,-0.003670082314538692,-0.07160814155923777,102209848.80000001,60.992228355076584,19.867943608351666,79.15567014754517,0.7632877403036089,1.0,-15.897213431930602,1.7599999999999998,1.0,3.1584884376762554,-0.2099999999999973,20641.0,True,True,45.5550284629981,Specialty Chemicals,Commodities,40.0,103,"Uptrend (price > 50 > 150 > 200-day, 200-day rising); Within 15% of 52-week high; Sales growth >= 20% or 2+ strong quarters; 3-year profit growth >= 15%/yr; ROE >= 20%; RS rating >= 80",6
NORTHARC,0.026246162960185095,0.12641664181330148,0.34205383317047167,0.2469028817940723,0.8794910179640718,0.0,0.0,0.44230748061491465,0.6851942840553708,0.022745478889028108,0.04950996958431908,-0.001960404584017139,-0.03783369452254687,233663778.55,45.84259996055309,28.796062302826098,-199.86131486874942,0.865300575670038,3.0,,1.7100000000000009,1.0,10.369609856262834,-0.3500000000000014,20661.0,True,True,54.94781783681215,Non Banking Financial Company (NBFC),Financial Services,41.0,103,"Uptrend (price > 50 > 150 > 200-day, 200-day rising); 3-year profit growth >= 15%/yr; ROE >= 20%; RS rating >= 80",4
NPST,0.0606617342115181,-0.09527318665122642,0.5414555401103089,-0.03930395977028515,0.9013119533527697,0.0,1.0,1.775380911843895,0.9491045786128496,0.030315715783196893,0.11899969502897223,0.11262268001166076,-0.038619360580929685,77985799.1,53.622576556898174,67.99524092801903,-80.88321709762047,0.45034982595979867,3.0,57.602986647437234,-1.8300000000000018,1.0,9.297052154195011,-0.03999999999999915,20676.0,True,True,63.11954459203036,Financial Technology (Fintech),Financial Services,37.0,103,ROE >= 20%; RS rating >= 80; Net profit margin up vs a year ago,3
NRBBEARING,0.22382945377884433,0.6093609360936094,0.8488646234024071,2.1737133351777733,0.9465083050544741,1.0,1.0,1.1438341114667725,0.9329701972694644,0.03083333739536177,0.11287590004235493,0.09741172767540074,-0.04300105525065756,185668679.25,9.383427698867997,19.184002580228988,14.16709242014256,0.462541558642771,0.0,15.137849380587355,-0.8699999999999992,1.0,15.176715176715177,8.020000000000003,20641.0,True,True,90.82827324478178,Auto Components & Equipments,Consumer Discretionary,18.0,103,Quarterly profit growth >= 25%; Sales growth >= 20% or 2+ strong quarters; ROE >= 20%; Net profit margin up vs a year ago,4
NSLNISP,-0.02359625652609472,0.03346058836739285,0.2317987152034262,-0.22782689267764553,0.7544186046511627,0.0,0.0,0.463879538532977,0.9253388953225007,0.0251505757152434,0.03387438249823593,-0.057840025650915394,-0.023112093978697047,178684385.77,97.58382888238475,8.814282572907572,-2.4161711176152494,0.05356082924000277,3.0,,0.6199999999999999,1.0,0.4478518293608623,0.5599999999999987,20679.0,True,True,36.53795066413662,Iron & Steel,Commodities,63.0,103,"Uptrend (price > 50 > 150 > 200-day, 200-day rising); Within 15% of 52-week high; 3-year profit growth >= 15%/yr; ROE >= 20%; RS rating >= 80",5
NTPC,-0.03066144991931776,-0.024783692623551845,-0.09177820267686432,-0.3667901634871348,0.7643581081081081,0.0,0.0,-0.18725254527627092,1.196274650471499,0.009797470816613814,0.02126309108219604,-0.05031316429357391,-0.012810890405848966,2513798487.625,12.878538788080252,7.811878842478448,-21.48628689976002,0.8587561338762487,0.0,16.21680575230331,0.6099999999999994,1.0,13.5577036657873,0.07000000000000028,20658.0,True,True,33.15654648956357,Power Generation,Utilities,85.0,103,"Uptrend (price > 50 > 150 > 200-day, 200-day rising); Within 15% of 52-week high; Quarterly profit growth >= 25%; Sales growth >= 20% or 2+ strong quarters; ROE >= 20%; RS rating >= 80",6
NTPCGREEN,-0.026881558521737348,-0.07990115321252067,-0.08862825089240178,-0.30500047941629105,0.7378907878282618,0.0,0.0,0.11373264612156068,0.7534690844740044,0.015076183280562594,0.03755972885876213,-0.024040083713565474,-0.029475482575769558,178998707.34,38.27210856316625,62.72327663515678,53.750053901831336,0.8088800083490145,1.0,,-4.869999999999997,1.0,2.7471658317954124,0.1999999999999993,20656.0,True,True,34.75332068311195,Power Generation,Utilities,85.0,103,"Uptrend (price > 50 > 150 > 200-day, 200-day rising); Within 15% of 52-week high; 3-year profit growth >= 15%/yr; ROE >= 20%; RS rating >= 80; Net profit margin up vs a year ago",6
NUVAMA,0.10406101999856443,0.4439319230157466,0.5459809264305175,1.2295315057931804,0.8837850919651501,0.0,1.0,0.5063281413473064,8.418683836493909,0.021735972468302413,0.07017750088162678,0.049948304752397865,-0.03513360921979628,465832475.5,15.857507360528999,22.58673673896583,10.574980578495019,0.9379299215941416,0.0,41.60999139153496,-1.2899999999999991,1.0,25.236593059936908,2.25,20664.0,True,True,74.86053130929791,Stockbroking & Allied,Financial Services,17.0,103,Quarterly profit growth >= 25%; RS rating >= 80; Net profit margin up vs a year ago,3
NUVOCO,-0.03668380037987591,-0.16700177409816686,0.18809041835357632,-0.6475667522814781,0.7383198817778788,0.0,0.0,0.17664530670312306,3.1484007303841333,0.026154653128545337,0.030094043887147315,-0.02440856177243711,-0.024067383499328507,86555399.375,19.70911811908298,8.911825112263738,17.009061804339165,0.2906324663295272,0.0,0.03754828469326732,0.45999999999999996,1.0,3.8535645472061653,-0.5199999999999996,20647.0,True,True,31.27798861480076,Cement & Cement Products,Commodities,102.0,103,"Uptrend (price > 50 > 150 > 200-day, 200-day rising); Within 15% of 52-week high; Quarterly profit growth >= 25%; Sales growth >= 20% or 2+ strong quarters; 3-year profit growth >= 15%/yr; ROE >= 20%; RS rating >= 80",7
NYKAA,0.10082753675415133,0.43721633888048417,0.3167273879296688,1.6677439023353744,0.9762551852381633,0.0,1.0,0.1712989273526839,3.547105637840668,0.016540866535252413,0.04492998922911218,0.023155546627409596,-0.020086430852040208,1432317009.0500002,225.01169487521048,29.098722006181134,-74.98830512478952,2.579857619179382,12.0,133.2476481909774,1.7300000000000002,1.0,14.186369958275383,0.060000000000002274,20668.0,True,True,74.01518026565465,E-Retail/ E-Commerce,Consumer Discretionary,39.0,103,ROE >= 20%; RS rating >= 80,2
OBEROIRLTY,0.008078238383644258,0.171664167916042,0.23402855451016502,0.3039802541684847,0.8740748199989931,0.0,0.0,0.18485132434487606,1.2857393147922511,0.017075778083434894,0.025449531797552716,-0.04688596341930751,-0.028318964533958876,617422061.1500001,29.011690625645127,31.72902637841124,-33.3497293020736,0.5361059360349748,2.0,13.236457142717795,-0.8799999999999955,1.0,13.988394152438344,-0.060000000000002274,20651.0,True,True,48.18500948766603,"Residential, Commercial Projects",Consumer Discretionary,66.0,103,"Uptrend (price > 50 > 150 > 200-day, 200-day rising); 3-year profit growth >= 15%/yr; ROE >= 20%; RS rating >= 80; Net profit margin up vs a year ago",5
OFSS,0.06252668087482224,0.4263914355000886,0.7183981758586291,0.7603586971972475,0.8433811802232855,0.0,0.0,0.42787595183536326,0.8865156163226727,0.021053102876808023,0.02375215146299481,-0.07994620260322327,-0.04324575676637313,2265832732.5,120.47720671906643,68.72907893316057,89.75774238816274,6.192213932750556,2.0,23.41820839367914,10.630000000000003,1.0,33.71662194966143,1.3300000000000018,20656.0,True,True,63.77703984819734,Software Products,Information Technology,64.0,103,"Uptrend (price > 50 > 150 > 200-day, 200-day rising); Within 15% of 52-week high; RS rating >= 80",3
OIL,0.029979572594665264,0.1702816057519474,0.0340957221516307,0.28266494876535464,0.8545197740112994,0.0,0.0,0.4520002518876395,1.143885208545021,0.015754141326273313,0.01914893617021285,-0.035467173998533275,-0.031142432806945217,934018401.75,96.80144003406481,57.69776986275108,34.7864548993775,2.872902356169706,2.0,5.889968812842894,6.400000000000002,1.0,13.019189986034242,0.3099999999999987,20672.0,True,True,56.26280834914611,Oil Exploration & Production,Energy,27.0,103,"Uptrend (price > 50 > 150 > 200-day, 200-day rising); 3-year profit growth >= 15%/yr; ROE >= 20%; RS rating >= 80",4
OLECTRA,-0.09397969396880504,-0.21749649815357186,0.19071840333284884,-0.7117870959899031,0.6866607550038003,0.0,0.0,0.052774984116715655,1.663490683664623,0.01798217742454598,0.0482254354255669,-0.14106064471555413,-0.05549957966350901,317079963.05,2.3217287790641805,65.74794078682102,-174.94085736888152,0.043074505014460314,0.0,38.14638092070353,-2.87,1.0,14.65798045602606,0.7399999999999993,20678.0,True,True,10.707779886148007,Passenger Cars & Utility Vehicles,Consumer Discretionary,100.0,103,"Uptrend (price > 50 > 150 > 200-day, 200-day rising); Within 15% of 52-week high; Quarterly profit growth >= 25%; ROE >= 20%; RS rating >= 80; Net profit margin up vs a year ago",6
OMAXE,0.1196098912510824,0.6952144188937226,0.8949562317632347,0.5850952359154614,0.7704658362733099,0.0,0.0,1.8093922975827348,0.12394612613480446,0.046445895681916816,0.0569098712446352,-0.006017213801508103,-0.0493007687794581,91064962.65,100.0,43.90943877551021,200.0,2.8570871223105203,1.0,-25.050660879350673,66.13999999999999,1.0,77.35849056603774,-1.0099999999999998,20677.0,True,True,78.3358633776091,"Residential, Commercial Projects",Consumer Discretionary,66.0,103,"Uptrend (price > 50 > 150 > 200-day, 200-day rising); Within 15% of 52-week high; 3-year profit growth >= 15%/yr; RS rating >= 80",4
ONEPOINT,0.22130425590659525,0.2739664804469273,0.24258936355710548,1.9471569764618784,0.9724691358024691,1.0,1.0,1.8194134020485009,4.227823118060062,0.02139112129971884,0.08243670886075938,0.30458833505578076,-0.09541079048957643,66867406.185,72.73282709260714,129.41602666280247,55.22414617963585,6.064296088288045,1.0,67.26091391925395,-3.379999999999999,1.0,8.501118568232663,-0.9800000000000004,20677.0,True,True,90.54648956356736,Business Process Outsourcing (BPO)/ Knowledge Process Outsourcing (KPO),Services,13.0,103,ROE >= 20%; Net profit margin up vs a year ago,2
ONESOURCE,-0.03483741609168518,-0.14490658362989328,0.0921099353739081,-0.3545028669191894,0.794077922077922,0.0,0.0,-0.02473442797904529,2.1424183480372085,0.017956663824465226,0.03262208962967761,-0.023470939220872178,-0.02511243883075715,249767320.55,300.0,37.201698903046406,395.3381038852814,0.2958579428370663,1.0,,5.7299999999999995,1.0,-1.2690790601955069,4.450000000000003,20658.0,True,True,32.311195445920305,Pharmaceuticals,Healthcare,26.0,103,"Uptrend (price > 50 > 150 > 200-day, 200-day rising); Within 15% of 52-week high; 3-year profit growth >= 15%/yr; ROE >= 20%; RS rating >= 80",5
ONGC,-0.030572564386835314,-0.022210184182015147,-0.16746496363313823,-0.3151404806007778,0.7215609756097561,0.0,0.0,-0.14346366431126487,1.6735394061302815,0.010602209842367328,0.014838709677419404,-0.057055214202479054,-0.0263691412074603,2598888742.8,-43.631415396826135,25.67712730707632,-98.56291771612642,-1.086494480595872,0.0,-2.7496146295257873,-3.9099999999999997,1.0,13.393568031675668,0.05000000000000071,20669.0,True,True,33.34440227703985,Oil Exploration & Production,Energy,27.0,103,"Uptrend (price > 50 > 150 > 200-day, 200-day rising); Within 15% of 52-week high; Quarterly profit growth >= 25%; 3-year profit growth >= 15%/yr; ROE >= 20%; RS rating >= 80; Net profit margin up vs a year ago",7
OPTIEMUS,0.26131928395744486,-0.10684028867273299,0.7726918885256111,0.6105815901769045,0.9318845280570872,1.0,1.0,1.4894208892939387,11.037585328707394,0.04686690217569965,0.19999999999999996,0.3731169228416302,-0.11851939929036481,116340010.15,45.74108931556893,102.82301596416676,45.778599888511096,1.7583801629601696,1.0,16.20693259900743,-0.94,1.0,8.494208494208493,1.4899999999999993,20669.0,True,True,92.70683111954459,Telecom -  Equipment & Accessories,Telecommunication,31.0,103,ROE >= 20%; Net profit margin up vs a year ago,2
ORCHPHARMA,0.14016552354653336,0.34372580758674065,0.8010565041033866,1.0014727206846106,0.895452557936161,0.0,1.0,0.17881617711771902,1.9772423483569357,0.02997657170118222,0.09305850257653825,0.019569927591068792,-0.05141669387634763,64083231.849999994,100.0,15.570500398951337,83.05606095095413,0.44453298267276187,1.0,-22.13692951593694,3.22,1.0,0.6583278472679395,0.4400000000000013,20679.0,True,True,81.71726755218216,Pharmaceuticals,Healthcare,26.0,103,Sales growth >= 20% or 2+ strong quarters; 3-year profit growth >= 15%/yr; ROE >= 20%,3
ORIENTCEM,-0.14946027603905357,-0.4073938673856419,-0.03933624712941697,-1.5822530816174822,0.49903023891386755,0.0,0.0,-0.17628897702183677,0.8709348055937216,0.012923640960066839,0.020149070357932564,-0.11835436531794075,-0.033104611368776904,35316829.61,-62.43088424263179,-30.254041570438794,-93.92327494338309,-1.9520285685237513,0.0,20.193852145183055,-10.920000000000002,1.0,15.7502329916123,-0.3799999999999999,20679.0,True,True,2.3481973434535104,Cement & Cement Products,Commodities,102.0,103,"Uptrend (price > 50 > 150 > 200-day, 200-day rising); Within 15% of 52-week high; Quarterly profit growth >= 25%; Sales growth >= 20% or 2+ strong quarters; ROE >= 20%; RS rating >= 80; Net profit margin up vs a year ago",7
ORIENTHOT,0.06098464598404807,0.07679876875721448,0.5254551400850322,0.21466516386038892,0.9614247311827956,0.0,1.0,1.0942544527145037,0.4658309073354138,0.0331303699241623,0.021673604133773505,0.0451856873999088,-0.013700236137343356,59835242.705,-20.14615667657934,3.557826288899202,-87.06953212972552,-0.19829657655518307,0.0,9.095262787896097,-1.4100000000000001,1.0,8.923884514435695,-0.009999999999999787,20642.0,True,True,63.40132827324478,Hotels & Resorts,Consumer Discretionary,65.0,103,Quarterly profit growth >= 25%; Sales growth >= 20% or 2+ strong quarters; 3-year profit growth >= 15%/yr; ROE >= 20%; RS rating >= 80; Net profit margin up vs a year ago,6
ORIENTTECH,-0.03618709316080268,-0.2534448202430164,-0.06256390090444364,-0.40256574602214346,0.5137874145651662,0.0,0.0,1.6236392654191816,23.22302614195418,0.02465527668100346,0.06067301155676397,-0.02025434164605444,-0.019253026146831227,33588306.28,-48.47763821820199,-5.0056454648099376,51.52236178179801,-0.7659459738642628,0.0,,-2.1599999999999997,1.0,0.8955223880597015,0.03,20677.0,True,True,31.3719165085389,IT Enabled Services,Information Technology,50.0,103,"Uptrend (price > 50 > 150 > 200-day, 200-day rising); Within 15% of 52-week high; Quarterly profit growth >= 25%; Sales growth >= 20% or 2+ strong quarters; 3-year profit growth >= 15%/yr; ROE >= 20%; RS rating >= 80; Net profit margin up vs a year ago",8
ORISSAMINE,-0.04929406805005626,-0.07504022310415104,0.24864614404448182,-0.5325643082584105,0.5833781296323446,0.0,0.0,1.3507102389691672,0.3896352936145647,0.022719918750490748,0.024643688603713576,-0.14320998759780112,-0.03477144304206729,39117096.05,100.0,47.90913784202373,-197.33386290100202,0.3002477476003928,3.0,-19.28441827670151,26.439999999999998,1.0,5.514705882352941,-0.23000000000000043,20679.0,True,True,25.924098671726753,Industrial Minerals,Commodities,88.0,103,"Uptrend (price > 50 > 150 > 200-day, 200-day rising); Within 15% of 52-week high; 3-year profit growth >= 15%/yr; ROE >= 20%; RS rating >= 80",5
ORKLAINDIA,,,-0.024544409784928667,,0.7404605263157895,0.0,0.0,-0.32937387701791015,0.9073066260130358,0.016015030155004387,0.032568807339449446,-0.008661768254980329,-0.03203413639005153,42540073.05,9.733919217874565,10.402010050251253,-24.22238793333984,,0.0,,-0.08000000000000007,1.0,10.4,-0.16000000000000014,20662.0,True,True,,Other Food Products,Fast Moving Consumer Goods,,103,"Uptrend (price > 50 > 150 > 200-day, 200-day rising); Within 15% of 52-week high; Quarterly profit growth >= 25%; Sales growth >= 20% or 2+ strong quarters; 3-year profit growth >= 15%/yr; ROE >= 20%; RS rating >= 80; Net profit margin up vs a year ago",8
OSWALPUMPS,-0.2231939281209487,-0.6177437020810514,-0.15033475349969572,-1.4126422566108565,0.33493670886075955,0.0,0.0,-0.14004560297663673,0.5638687615234355,0.022869501921689774,0.038925438596491224,-0.09723951811832776,-0.024150883546603025,109250147.475,-42.82439799306199,-7.858741122677316,-86.76616779516618,-4.635872254406003,0.0,,-6.990000000000002,1.0,22.341057635175282,-1.88,20673.0,True,True,0.09392789373814042,"Compressors, Pumps & Diesel Engines",Industrials,60.0,103,"Uptrend (price > 50 > 150 > 200-day, 200-day rising); Within 15% of 52-week high; Quarterly profit growth >= 25%; Sales growth >= 20% or 2+ strong quarters; 3-year profit growth >= 15%/yr; RS rating >= 80; Net profit margin up vs a year ago",7
PACEDIGITK,,,0.10445498879662574,,0.7133002802328088,0.0,0.0,0.9247733397700721,12.77723723990876,0.02251407953176644,0.08317189719746865,-0.0476448132474363,-0.03432643888874431,100872067.67,14.229986989650945,51.291271657404394,-73.95158162648839,0.22629860481281466,0.0,,-3.6500000000000004,1.0,13.910285455369278,-0.21000000000000085,20670.0,True,True,,Telecom - Infrastructure,Telecommunication,,103,"Uptrend (price > 50 > 150 > 200-day, 200-day rising); Within 15% of 52-week high; Quarterly profit growth >= 25%; 3-year profit growth >= 15%/yr; ROE >= 20%; RS rating >= 80; Net profit margin up vs a year ago",7
PAGEIND,-0.03049655530065525,-0.11646586345381527,0.04460431654676267,-0.35094879122093536,0.856686808801733,0.0,0.0,-0.20366944382372812,3.068597493793245,0.015514411833782894,0.03940605368360939,0.013673940728269551,-0.027776613539465082,763165365.0,-3.9946801251547814,7.891019019262324,-12.951835559694812,-0.3612210815299334,0.0,14.371291756288018,-1.6799999999999997,1.0,50.86551264980027,0.3400000000000034,20679.0,True,True,33.43833017077799,Garments & Apparels,Consumer Discretionary,23.0,103,"Uptrend (price > 50 > 150 > 200-day, 200-day rising); Quarterly profit growth >= 25%; Sales growth >= 20% or 2+ strong quarters; 3-year profit growth >= 15%/yr; RS rating >= 80; Net profit margin up vs a year ago",6
PAISALO,0.26465782926614434,1.0130399348003256,1.0520631404043201,2.9196729458688346,0.8877529510961215,0.0,1.0,0.4015327061591254,1.1345754623484607,0.026368885973134967,0.07165991902834001,0.11324634953529933,-0.06494995791777318,775327431.22,29.93603471716093,19.011476384253136,-28.06465234834632,1.7418552321276959,2.0,30.266193288810108,1.9800000000000004,1.0,13.218070273284996,-10.77,20670.0,True,True,93.08254269449715,Non Banking Financial Company (NBFC),Financial Services,41.0,103,ROE >= 20%,1
PANACEABIO,-0.04476160334574712,-0.06107622214013053,0.18363862154610366,-0.21690266457721327,0.5527047913446678,0.0,0.0,-0.701532565444334,0.5412723072304507,0.026017154464287477,0.03697359029264802,-0.08864785516229001,-0.025101727431579793,39151267.275000006,100.0,19.71805638872226,133.72917213860896,0.32351904411684024,2.0,16.16884902444806,3.12,1.0,-0.8383233532934131,1.0000000000000004,20678.0,True,True,28.366223908918403,Pharmaceuticals,Healthcare,26.0,103,"Uptrend (price > 50 > 150 > 200-day, 200-day rising); Within 15% of 52-week high; ROE >= 20%; RS rating >= 80",4
PANAMAPET,0.21910874513004527,0.7430079155672822,0.8741488878801633,1.7481659860140446,0.8955970647098065,0.0,1.0,0.018580817968054924,2.876304562903835,0.034605039528367264,0.06526482840706205,0.11657268326762815,-0.036685066949754014,101932826.55000001,300.0,150.3029341334641,239.48181001324767,20.51200595189808,2.0,30.730550170378045,11.65,1.0,14.431586113002043,0.4400000000000013,20663.0,True,True,90.45256166982922,Lubricants,Energy,4.0,103,ROE >= 20%,1
PARACABLES,0.09368587269905176,0.4694930462090625,0.9996947496947499,0.4834923575572473,0.759445178335535,0.0,0.0,-0.0004601055794653389,0.9574786435129939,0.0250239015683493,0.05243103185490017,-0.08617225549663654,-0.03955006873774581,83203766.61,6.475806556256747,17.352367441035632,-2.9313494064591383,0.14506592613797517,0.0,3.307243677728011,-0.37999999999999945,1.0,7.712082262210797,3.9600000000000004,20679.0,True,True,72.04269449715369,Cables - Electricals,Industrials,3.0,103,"Uptrend (price > 50 > 150 > 200-day, 200-day rising); Within 15% of 52-week high; Quarterly profit growth >= 25%; Sales growth >= 20% or 2+ strong quarters; 3-year profit growth >= 15%/yr; ROE >= 20%; RS rating >= 80; Net profit margin up vs a year ago",8
PARADEEP,-0.004181295198466314,-0.19259449730007705,0.35403191030616643,-0.5129165702335895,0.7692460022773404,0.0,0.0,1.3390377518701893,0.2376916370647421,0.025270046475073332,0.047466630345954774,0.015539625522213996,-0.015358850717413691,408087805.365,18.772470471441437,35.98867547463085,29.300378535451664,0.5807532274333064,0.0,107.81097066930876,-0.8900000000000006,1.0,14.683768244139761,-0.6799999999999997,20662.0,True,True,42.92504743833017,Fertilizers,Commodities,78.0,103,"Uptrend (price > 50 > 150 > 200-day, 200-day rising); Within 15% of 52-week high; Quarterly profit growth >= 25%; ROE >= 20%; RS rating >= 80; Net profit margin up vs a year ago",6
PARAGMILK,0.14121474080872265,-0.05278737049827331,0.2921261065382823,0.3790873744503744,0.8271654065525932,0.0,0.0,0.9102801682166246,4.554154231868716,0.03223441507766853,0.09857651245551602,0.26689875536745755,-0.04893149203275257,246972173.685,-20.228050434720068,10.927517850432178,-43.40703410407587,-0.8196192894358826,0.0,27.851022577631813,-0.9100000000000001,1.0,10.722795869737887,-0.7599999999999998,20671.0,True,True,81.99905123339659,Dairy Products,Fast Moving Consumer Goods,8.0,103,"Uptrend (price > 50 > 150 > 200-day, 200-day rising); Within 15% of 52-week high; Quarterly profit growth >= 25%; Sales growth >= 20% or 2+ strong quarters; ROE >= 20%; Net profit margin up vs a year ago",6
PARAS,0.19188053620395104,1.1092725104353014,1.1990985390115014,1.789770123256456,0.8114195583596214,0.0,0.0,0.24462958332842819,0.5599535124879462,0.02712155146351729,0.05265389780196483,-0.05992064768331595,-0.03210918331407724,1156659542.1999998,45.325896700510505,37.25721643953215,-30.553556748193593,1.3112385548592251,4.0,38.91432681798326,0.9000000000000004,1.0,12.275862068965518,5.0299999999999985,20672.0,True,True,87.44686907020873,Aerospace & Defense,Industrials,19.0,103,"Uptrend (price > 50 > 150 > 200-day, 200-day rising); Within 15% of 52-week high; ROE >= 20%",3
PATANJALI,-0.1180501812914157,-0.42639423882096805,-0.2739029043883824,-1.3727413031603373,0.5878185815487338,0.0,0.0,0.33703348343540945,1.5103681055240301,0.028034056688804886,0.07956403269754775,0.008085350016058923,-0.05830711960105576,916244158.6500001,85.83902695255354,29.333917406169043,-7.340008972564036,1.0468850913484444,4.0,-7.246982917678546,0.8999999999999999,1.0,13.850500114530046,-1.6799999999999997,20679.0,True,True,6.1992409867172675,Edible Oil,Fast Moving Consumer Goods,82.0,103,"Uptrend (price > 50 > 150 > 200-day, 200-day rising); Within 15% of 52-week high; 3-year profit growth >= 15%/yr; ROE >= 20%; RS rating >= 80",5
PATELENG,-0.0864464109897663,-0.23585434173669473,0.09163665466186477,-0.6671397310427218,0.6867662753468516,0.0,0.0,0.23100081522474172,0.6356674122185648,0.01887125964202554,0.042718446601941906,-0.06420417363484332,-0.02837377938794491,62619714.88,21.71999468079322,3.833961652276141,29.08703413860745,0.5536227881509854,1.0,32.96557417182739,1.1300000000000008,1.0,6.058558558558558,-0.9900000000000002,20675.0,True,True,12.586337760910816,Civil Construction,Industrials,90.0,103,"Uptrend (price > 50 > 150 > 200-day, 200-day rising); Within 15% of 52-week high; Quarterly profit growth >= 25%; Sales growth >= 20% or 2+ strong quarters; ROE >= 20%; RS rating >= 80",6
PAYTM,0.1946626806022853,0.48302055406613054,0.6125740938684288,1.387530001261809,0.9334411209916464,0.0,1.0,0.7738686506585678,1.1234412877086066,0.026543158626801497,0.04929098128190579,0.06372524934899038,-0.037928962650662715,5390582316.0,57.612668874399844,27.632950990615225,-42.387331125600156,0.1737547391927795,5.0,,1.71,1.0,3.4444028453762634,0.4800000000000182,20654.0,True,True,87.8225806451613,Financial Technology (Fintech),Financial Services,37.0,103,3-year profit growth >= 15%/yr; ROE >= 20%,2
PCBL,0.0022684418595326425,-0.15353805073431237,0.2203572528487836,-0.27242232397507354,0.8296954314720811,0.0,1.0,0.40276641386371476,0.44782756850293143,0.029766985089577,0.03878902554399222,0.003200790530815567,-0.028575404546991003,300490117.975,64.58420588417404,16.9967597738937,121.28333977224057,1.7577999049477842,1.0,-14.628668579076653,1.8099999999999996,1.0,4.942586120818772,0.5,20663.0,True,True,46.0246679316888,Carbon Black,Commodities,,103,Within 15% of 52-week high; Sales growth >= 20% or 2+ strong quarters; 3-year profit growth >= 15%/yr; ROE >= 20%; RS rating >= 80,5
PDSL,0.028440396165871178,0.14481877694395662,0.2456567060458652,0.2211455219759654,0.8172043010752689,0.0,0.0,0.13583242636902942,0.7134250979980775,0.019880037361655934,0.02613990791623344,-0.04343423890090037,-0.021642059797352873,31571774.1,42.230861150568664,14.812863820338595,45.260191021532144,0.4694056556190866,1.0,-15.208561180282354,0.15999999999999992,1.0,10.096426545660805,-0.13000000000000078,20645.0,True,True,55.79316888045541,Trading - Textile Products,Consumer Discretionary,,103,"Uptrend (price > 50 > 150 > 200-day, 200-day rising); Within 15% of 52-week high; Sales growth >= 20% or 2+ strong quarters; 3-year profit growth >= 15%/yr; ROE >= 20%; RS rating >= 80",6
PENIND,-0.020199052458124877,-0.2812513246577084,0.14552087555735715,-0.5075147671239423,0.6461236155769918,0.0,0.0,0.13095593516989792,2.3694512144634845,0.021034023875147887,0.05265878029171933,0.07532827688231492,-0.03108968708293652,68263817.74,10.823164351136283,2.926673525133916,-4.230976308100942,3.1791175231483417,0.0,19.640124176750206,0.2900000000000005,1.0,11.951848667239897,0.5500000000000007,20677.0,True,True,37.75901328273245,Industrial Products,Industrials,11.0,103,"Uptrend (price > 50 > 150 > 200-day, 200-day rising); Within 15% of 52-week high; Quarterly profit growth >= 25%; Sales growth >= 20% or 2+ strong quarters; ROE >= 20%; RS rating >= 80",6
PERSISTENT,0.0683692389342079,0.1586079457961196,0.06283195841338007,0.3793276105363972,0.8345203818760418,0.0,0.0,0.399021806408755,1.4563845048421846,0.017602369830858246,0.030370784423327635,-0.0007526562523814118,-0.01987888765145466,2231826490.0,13.697769742318089,29.086960304056575,-20.010609284696024,1.8308082394509941,0.0,27.496963903458614,-1.5199999999999996,1.0,23.7943352896147,-1.5399999999999991,20647.0,True,True,65.65559772296015,Computers - Software & Consulting,Information Technology,93.0,103,"Uptrend (price > 50 > 150 > 200-day, 200-day rising); Within 15% of 52-week high; Quarterly profit growth >= 25%; RS rating >= 80; Net profit margin up vs a year ago",5
PETRONET,0.033990563280070905,0.03428468856578726,0.13193462203363193,0.22518971097508464,0.9099264705882354,0.0,0.0,0.7530131047106005,2.7503611205917298,0.01350811551794884,0.03228082554242384,0.037130674973024025,-0.01670959371728013,444181862.1,35.006323784115125,-53.21628369357888,9.786777274868033,1.19147300944232,2.0,7.149430678133828,13.370000000000001,1.0,17.558896118465338,-0.11999999999999744,20677.0,True,True,57.10815939278938,LPG/CNG/PNG/LNG Supplier,Energy,72.0,103,"Uptrend (price > 50 > 150 > 200-day, 200-day rising); 3-year profit growth >= 15%/yr; ROE >= 20%; RS rating >= 80",4
PFC,-0.07518835749743975,-0.12510763931602897,-0.12392214831239212,-0.7027396721159701,0.6691675231243577,0.0,0.0,-0.38209608872330536,1.7530400373383876,0.016845020778085685,0.012578616352201255,-0.10569329029599606,-0.03249028975219788,2850704544.1000004,0.17966075272066728,-0.04267838021181358,-2.68798788899991,0.02995341118810279,0.0,14.229065052190371,0.07000000000000028,1.0,25.308405024800358,0.3500000000000014,20672.0,True,True,16.155597722960152,Financial Institution,Financial Services,86.0,103,"Uptrend (price > 50 > 150 > 200-day, 200-day rising); Within 15% of 52-week high; Quarterly profit growth >= 25%; Sales growth >= 20% or 2+ strong quarters; 3-year profit growth >= 15%/yr; RS rating >= 80",6
PFIZER,-0.07857643240000836,-0.06029966364284989,-0.047562966176987076,-0.9420065295365908,0.6838935197633772,0.0,0.0,-0.3833201968765894,0.8917142745315197,0.013871410713044917,0.008320007995202827,-0.14962051556387723,-0.02139958320332247,130827010.44999999,6.608080830203278,8.311085316308775,9.249058559961998,0.5399767194848741,0.0,11.389124299434084,-0.5,1.0,17.178206043302403,-0.25,20679.0,True,True,15.122390891840606,Pharmaceuticals,Healthcare,26.0,103,"Uptrend (price > 50 > 150 > 200-day, 200-day rising); Within 15% of 52-week high; Quarterly profit growth >= 25%; Sales growth >= 20% or 2+ strong quarters; 3-year profit growth >= 15%/yr; ROE >= 20%; RS rating >= 80; Net profit margin up vs a year ago",8
PFOCUS,0.17081389869182367,0.6576673866090714,-0.12160228898426328,0.9898486298471122,0.773841961852861,0.0,0.0,0.08277721493799722,3.810335617079056,0.03209570868643968,0.045248868778280604,-0.0582505212782326,-0.07988426159669007,317043682.70500004,-94.15319519783675,23.814689928163023,-92.85189414558138,-0.6681895035577621,0.0,7.595064468366974,-10.290000000000001,1.0,14.408808042125418,-0.34999999999999964,20671.0,True,True,85.47438330170779,Media & Entertainment,Consumer Discretionary,44.0,103,"Uptrend (price > 50 > 150 > 200-day, 200-day rising); Within 15% of 52-week high; Quarterly profit growth >= 25%; 3-year profit growth >= 15%/yr; ROE >= 20%; Net profit margin up vs a year ago",6
PGEL,0.005234059022232174,0.11412720427977008,0.24499059005867374,0.07907931826490726,0.8100558659217877,0.0,0.0,0.19419373128481357,3.899259490603048,0.021116242002424637,0.08191511174902599,-0.07907434622217602,-0.03282212934556177,605115798.5,13.974880204478923,35.25019117598165,69.26885876559692,0.19748744828211667,0.0,29.46018848522791,-0.7000000000000002,1.0,6.461134798294522,-0.4099999999999966,20671.0,True,True,47.15180265654649,Consumer Electronics,Consumer Discretionary,77.0,103,"Uptrend (price > 50 > 150 > 200-day, 200-day rising); Within 15% of 52-week high; Quarterly profit growth >= 25%; ROE >= 20%; RS rating >= 80; Net profit margin up vs a year ago",6
PGHH,-0.17332524472671929,-0.46056704657380043,-0.2088019812196884,-2.598595764819819,0.47701426700668553,0.0,0.0,-1.6832477001825208,2.339427021359805,0.010912049663933901,0.019430637144148166,-0.11879297173414816,-0.046068700766203695,93472355.75,-34.286022026522275,-4.86323810336915,-32.408939819222276,-1.285602267519393,0.0,5.252428176874258,-6.34,1.0,113.67861885790174,-0.370000000000001,20679.0,True,True,0.7514231499051234,Personal Care,Fast Moving Consumer Goods,75.0,103,"Uptrend (price > 50 > 150 > 200-day, 200-day rising); Within 15% of 52-week high; Quarterly profit growth >= 25%; Sales growth >= 20% or 2+ strong quarters; 3-year profit growth >= 15%/yr; RS rating >= 80; Net profit margin up vs a year ago",7
PGHL,-0.055623273749451196,-0.10180115845433624,0.17654395410231372,-0.6744723553827642,0.7503942652329749,0.0,0.0,-0.4778201329125482,1.2232403541320571,0.015372659770736295,0.054912491897398,-0.09433361538075535,-0.021582546246744713,52610414.0,9.514468060907767,7.371435319123809,-45.153260577743005,0.35134358623015605,0.0,13.243270722603917,0.39000000000000057,1.0,62.28571428571429,-1.1000000000000014,20679.0,True,True,23.388045540796963,Pharmaceuticals,Healthcare,26.0,103,"Uptrend (price > 50 > 150 > 200-day, 200-day rising); Within 15% of 52-week high; Quarterly profit growth >= 25%; Sales growth >= 20% or 2+ strong quarters; 3-year profit growth >= 15%/yr; RS rating >= 80",6
PGIL,0.22601307245888402,0.8324619963001691,0.48811234487263233,2.091341164308873,0.9375506296487222,1.0,1.0,1.0652323969438695,0.8395246872537406,0.030334635285065942,0.08862666331910618,0.0792001152864783,-0.05025671982562276,178131902.39999998,54.18085966026271,24.45924815948921,23.73854785784961,6.530096737303942,2.0,27.02697597954007,1.2799999999999994,1.0,18.493150684931507,0.6999999999999993,20636.0,True,True,91.1100569259962,Garments & Apparels,Consumer Discretionary,23.0,103,ROE >= 20%,1
PHOENIXLTD,0.032277518189383035,0.2538739669421488,0.2491155850003215,0.7314585902050091,0.8505392202046271,0.0,0.0,-0.39800108051376254,1.3529343709417332,0.014747403836438962,0.02721124660525054,-0.037347073545536014,-0.024225547483491736,741253938.25,22.94725257085828,12.796566595662085,-16.680563792140358,1.2383429304581073,2.0,19.224848902148818,3.030000000000001,1.0,14.16871416871417,0.0,20662.0,True,True,56.82637571157495,"Residential, Commercial Projects",Consumer Discretionary,66.0,103,"Uptrend (price > 50 > 150 > 200-day, 200-day rising); Quarterly profit growth >= 25%; ROE >= 20%; RS rating >= 80",4
PICCADIL,-0.03729443142917052,-0.09221583370190178,0.1529819305308493,-0.3278211843061851,0.7274299123132024,0.0,0.0,-0.468269040855173,0.5120846392204187,0.026200878433733137,0.039918809201623606,-0.10254593547777624,-0.01905123401235024,104301286.6,16.333440750338333,17.423215370950395,4.249042770920484,0.36780074816147224,0.0,76.1741052928222,-0.08000000000000007,1.0,15.316315205327413,0.1399999999999999,20676.0,True,True,30.62049335863378,Breweries & Distilleries,Fast Moving Consumer Goods,56.0,103,"Uptrend (price > 50 > 150 > 200-day, 200-day rising); Within 15% of 52-week high; Quarterly profit growth >= 25%; Sales growth >= 20% or 2+ strong quarters; ROE >= 20%; RS rating >= 80; Net profit margin up vs a year ago",7
PIDILITIND,-0.001283261954656356,0.11092173438778286,0.2620043370508054,0.06527855273333637,0.8717423133235724,0.0,0.0,0.08303114386245793,1.0375488993540571,0.015333104794984623,0.022047455804261595,-0.07244350224395757,-0.029186944805783974,1124455545.0,28.72403122586713,21.274413151794526,-3.591500669927065,5.942386901103422,2.0,23.951647356855176,1.1099999999999994,1.0,22.812038404726735,0.18999999999999773,20641.0,True,True,44.70967741935484,Specialty Chemicals,Commodities,40.0,103,"Uptrend (price > 50 > 150 > 200-day, 200-day rising); RS rating >= 80",2
PIIND,-0.1143319535747848,-0.294161440884231,-0.1313387602635937,-1.2794597724807488,0.5765869185212241,0.0,0.0,-0.24457542669114246,2.231560942394747,0.019192180498021846,0.037987768110948394,-0.10594871786573368,-0.0310879901188057,390604791.0,-38.9384216305123,-10.42883451723231,0.05173131312898249,-2.1104366280208264,0.0,-7.164526871090882,-6.700000000000001,1.0,11.76313446126447,-0.740000000000002,20655.0,True,True,6.5749525616698286,Pesticides & Agrochemicals,Commodities,101.0,103,"Uptrend (price > 50 > 150 > 200-day, 200-day rising); Within 15% of 52-week high; Quarterly profit growth >= 25%; Sales growth >= 20% or 2+ strong quarters; 3-year profit growth >= 15%/yr; ROE >= 20%; RS rating >= 80; Net profit margin up vs a year ago",8
PINELABS,,,0.06667948964544457,,0.6255985915492958,0.0,0.0,0.4369393057931387,1.203501228431745,0.03621976555768149,0.16746549633308305,0.06060244272257309,-0.05506797737011982,3418308560.3099995,300.0,19.64735107402056,200.0,,5.0,,1.8800000000000001,1.0,1.9165535956580733,17.700000000000003,20662.0,True,True,,Financial Technology (Fintech),Financial Services,37.0,103,"Uptrend (price > 50 > 150 > 200-day, 200-day rising); Within 15% of 52-week high; 3-year profit growth >= 15%/yr; ROE >= 20%; RS rating >= 80",5
PIRAMALFIN,,,0.2913522925130587,,0.8517451856946354,0.0,0.0,-0.07635856158296889,1.0610198092760845,0.017825221636612595,0.023942574167461927,-0.07760500360299638,-0.051047293091476854,632081423.4,66.871870255607,27.622241166998208,166.871870255607,0.15232097056905217,1.0,39.79191592985607,3.219999999999999,1.0,5.350291317322723,2.8500000000000014,20650.0,True,True,,Housing Finance Company,Financial Services,92.0,103,"Uptrend (price > 50 > 150 > 200-day, 200-day rising); ROE >= 20%; RS rating >= 80",3
PITTIENG,0.07777713409769356,0.0938145888995312,0.4239401496259354,0.32021351468425935,0.9107491856677525,0.0,1.0,0.8643908138041411,0.5590663975243876,0.022952258963962965,0.08415522167941747,0.03910100667555505,-0.016140921744999842,92070620.60000001,29.07084901512902,15.886192395304022,55.45237616159399,0.7117478802405905,1.0,26.762006461562816,0.5700000000000003,1.0,11.955420466058763,0.28999999999999915,20675.0,True,True,68.28557874762808,Industrial Products,Industrials,11.0,103,Sales growth >= 20% or 2+ strong quarters; ROE >= 20%; RS rating >= 80,3
PNB,0.04167829266424346,0.0683955803123002,0.09859154929577474,0.17086714587435647,0.8478727339992601,0.0,0.0,0.2917621105706429,1.395561282761152,0.014291628172078756,0.0253719083690791,-0.005752561755442254,-0.024190565263123673,1333835015.125,169.35721896653226,3.121790796052948,157.5840040488166,2.398332550156229,1.0,70.67774903432411,10.72,1.0,12.313549772292346,-0.45000000000000284,20652.0,True,True,58.98671726755218,Public Sector Bank,Financial Services,51.0,103,"Uptrend (price > 50 > 150 > 200-day, 200-day rising); Within 15% of 52-week high; Sales growth >= 20% or 2+ strong quarters; ROE >= 20%; RS rating >= 80",5
PNBHOUSING,0.07482175112783541,0.3401528647778864,0.42656144858383804,0.9371710800723648,0.9335534461411473,0.0,0.0,0.3970530575541458,1.172755981088544,0.016647365364667554,0.03239929947460585,-0.00271058149644543,-0.017024145105268066,1003347983.0999999,4.441608442847489,9.023124978926923,-14.71362249602992,0.7713910237858748,0.0,25.96442584180172,-1.0799999999999983,1.0,11.91987513007284,1.8499999999999943,20659.0,True,True,67.34629981024668,Housing Finance Company,Financial Services,92.0,103,"Uptrend (price > 50 > 150 > 200-day, 200-day rising); Quarterly profit growth >= 25%; Sales growth >= 20% or 2+ strong quarters; ROE >= 20%; RS rating >= 80; Net profit margin up vs a year ago",6
PNCINFRA,-0.18695133537699493,-0.37494452978323944,0.046283069538883614,-1.3377418743832001,0.4610437710437711,0.0,0.0,-1.0721923350019376,1.2563917935721,0.03397168941309077,0.03800952097590016,-0.2665561831997282,-0.02344682394313775,112106027.1,103.58501855349012,18.671633398931696,68.64404269765421,0.6926533242262075,2.0,0.4460546670586263,8.2,1.0,12.211947746954351,-0.620000000000001,20673.0,True,True,0.28178368121442127,Civil Construction,Industrials,90.0,103,"Uptrend (price > 50 > 150 > 200-day, 200-day rising); Within 15% of 52-week high; 3-year profit growth >= 15%/yr; ROE >= 20%; RS rating >= 80",5
PNGJL,0.0060381882134676445,0.007027116402116507,0.05235421166306686,-0.03747770763610683,0.8107686040195545,0.0,0.0,-0.417411712531945,0.859932361225898,0.018663505687094965,0.02668759811616961,-0.026795916471200054,-0.017318150471338188,249897649.22500002,52.230301155115534,40.73464912280702,6.316418850493925,1.4123273904919988,5.0,,0.33000000000000007,1.0,20.88639836984208,7.369999999999999,20661.0,True,True,47.43358633776091,"Gems, Jewellery And Watches",Consumer Discretionary,10.0,103,"Uptrend (price > 50 > 150 > 200-day, 200-day rising); Within 15% of 52-week high; 3-year profit growth >= 15%/yr; RS rating >= 80",4
POCL,-0.025035170781236335,0.029475135740756775,0.09056879393773398,-0.0763230715171037,0.6924027177269919,0.0,0.0,-0.5406834786952677,0.8272805326984062,0.021048330862122173,0.04043188605559367,-0.0739746396266161,-0.031637395385748925,177470071.22500002,42.469073501563216,55.083522717847465,-86.80909818386458,1.4511655013250628,9.0,50.26859372643446,-0.33999999999999986,1.0,16.751269035532996,1.2699999999999996,20669.0,True,True,35.598671726755214,Diversified Metals,Commodities,,103,"Uptrend (price > 50 > 150 > 200-day, 200-day rising); Within 15% of 52-week high; ROE >= 20%; RS rating >= 80; Net profit margin up vs a year ago",5
POKARNA,-0.0625945349939537,0.0636511552229091,-0.08871417419426797,-0.16041244411551567,0.6145960565346362,0.0,0.0,0.0435574786944834,0.7335504012142081,0.016707679567207364,0.030367095906207897,-0.16106743138604585,-0.024345305803395893,39734404.85,50.55661860444729,10.791998128217116,107.11804752835704,0.47186757446864347,1.0,19.031731754574356,5.939999999999998,1.0,9.451575262543757,-0.3200000000000003,20637.0,True,True,21.039848197343453,Granites & Marbles,Consumer Discretionary,,103,"Uptrend (price > 50 > 150 > 200-day, 200-day rising); Within 15% of 52-week high; Sales growth >= 20% or 2+ strong quarters; ROE >= 20%; RS rating >= 80",5
POLICYBZR,-0.1436363200448778,0.08864512303587313,0.2489795918367348,-0.7562449683144792,0.5294776499338153,0.0,0.0,-1.4159022420609246,3.946741991588856,0.053112961294092105,0.06013112067199344,-0.36184573847947477,-0.35980153712164825,1991721007.6,92.50006248983209,40.08115787209103,38.676860455263395,2.5260700608948046,11.0,,2.3500000000000005,1.0,9.163019693654267,1.0500000000000114,20670.0,True,True,2.7239089184060723,Financial Technology (Fintech),Financial Services,37.0,103,"Uptrend (price > 50 > 150 > 200-day, 200-day rising); Within 15% of 52-week high; 3-year profit growth >= 15%/yr; ROE >= 20%; RS rating >= 80",5
POLYCAB,0.016398587007698404,0.1404231931849409,0.17780615864907046,0.46100563767131186,0.8206596879320561,0.0,0.0,-0.28794312402895106,1.4535141387359016,0.01753385819470702,0.02332947554364373,-0.04904675806193215,-0.01799729219017125,2461804822.5,32.84419897561621,39.00707418582521,25.87268991001925,2.0698940290042596,1.0,25.670475378456594,-0.45000000000000107,1.0,22.549754350903488,0.46000000000000085,20650.0,True,True,50.81499051233397,Cables - Electricals,Industrials,3.0,103,"Uptrend (price > 50 > 150 > 200-day, 200-day rising); Within 15% of 52-week high; RS rating >= 80; Net profit margin up vs a year ago",4
POLYMED,-0.02626594670020382,-0.11970010341261639,0.24261002846507562,-0.38779987733520493,0.7711407152747934,0.0,0.0,0.5128306803426883,0.7838120829637302,0.019092258844334287,0.017693196327597693,-0.06171858296847854,-0.026251858759797055,186490429.5,-8.372685713612704,30.299347734431194,20.786099329949938,-0.4256401264721972,0.0,13.910086047120785,-6.849999999999998,1.0,10.33483580167418,0.11999999999999744,20672.0,True,True,35.03510436432637,Medical Equipment & Supplies,Healthcare,,103,"Uptrend (price > 50 > 150 > 200-day, 200-day rising); Within 15% of 52-week high; Quarterly profit growth >= 25%; 3-year profit growth >= 15%/yr; ROE >= 20%; RS rating >= 80; Net profit margin up vs a year ago",7
POLYPLEX,0.00906233799490952,0.14695685670261938,0.4933233026142563,-0.04338281986081147,0.8095727848101265,0.0,0.0,-0.16004062080348497,1.3545044713125995,0.019294136624202377,0.026313351246178174,-0.09556932377610639,-0.030359025966837823,54639105.0,100.0,29.61746622418284,0.0,2.112479787715425,2.0,-2.607228005677953,11.03,1.0,0.9669811320754716,0.25,20676.0,True,True,48.5607210626186,Packaging,Industrials,34.0,103,"Uptrend (price > 50 > 150 > 200-day, 200-day rising); Within 15% of 52-week high; 3-year profit growth >= 15%/yr; ROE >= 20%; RS rating >= 80",5
POONAWALLA,-0.019937250632677393,-0.06590229312063811,0.18445006321112523,-0.28647840463586505,0.7869915848527349,0.0,0.0,-0.07253076694066402,1.1256518377215197,0.022785769130002166,0.10767097966728278,-0.041598346655735585,-0.03668439475038725,445387542.975,300.0,77.34194844631155,0.0,0.6060714454886128,4.0,6.099981093564399,8.450000000000001,1.0,5.237220987535028,5.349999999999998,20637.0,True,True,37.85294117647059,Non Banking Financial Company (NBFC),Financial Services,41.0,103,"Uptrend (price > 50 > 150 > 200-day, 200-day rising); Within 15% of 52-week high; 3-year profit growth >= 15%/yr; ROE >= 20%; RS rating >= 80",5
POWERGRID,-0.03689419125415047,-0.052031361368496176,-0.09876334067423342,-0.4586173076002023,0.7787351900292353,0.0,0.0,-0.3774664413430342,1.1890269011530148,0.012565814122458196,0.024834123222748916,-0.05683935892657477,-0.02181068477258762,2122487402.0,-0.8940064648586321,2.6839415445570003,-10.625224013306001,-0.14405109596112628,0.0,1.464467799675484,-1.129999999999999,1.0,15.849702469799192,-0.11999999999999744,20668.0,True,True,30.996204933586338,Power - Transmission,Utilities,,103,"Uptrend (price > 50 > 150 > 200-day, 200-day rising); Within 15% of 52-week high; Quarterly profit growth >= 25%; Sales growth >= 20% or 2+ strong quarters; 3-year profit growth >= 15%/yr; ROE >= 20%; RS rating >= 80; Net profit margin up vs a year ago",8
POWERINDIA,0.11556326845164347,0.6444121161739491,0.26524085548670806,1.4355116057760102,0.8150058012118087,0.0,0.0,0.12501649153788055,1.2515561889628586,0.023968555682893015,0.047070124879923236,-0.02611706929326485,-0.020529143286939357,2720785130.0,123.56080019996641,68.61789167624586,43.79953240605619,2.3469172815359536,11.0,132.42215961243593,2.9000000000000004,1.0,19.088098918083464,0.129999999999999,20679.0,True,True,77.30265654648957,Heavy Electrical Equipment,Industrials,36.0,103,"Uptrend (price > 50 > 150 > 200-day, 200-day rising); Within 15% of 52-week high; ROE >= 20%; RS rating >= 80",4
POWERMECH,-0.015456563544894525,-0.14047707789787556,0.20134403000625123,-0.24701323294457175,0.8077472984206152,0.0,0.0,-0.06103396146384634,4.474889046039797,0.01808421257236047,0.038920407141665336,-0.01598692141181346,-0.021446202469944962,120176426.69999999,10.825288281032153,25.53482654378736,-7.45925973268251,0.7535983349733393,0.0,24.314940436506195,-0.7300000000000004,1.0,16.355696705041684,0.4800000000000004,20673.0,True,True,39.44971537001898,Civil Construction,Industrials,90.0,103,"Uptrend (price > 50 > 150 > 200-day, 200-day rising); Within 15% of 52-week high; Quarterly profit growth >= 25%; ROE >= 20%; RS rating >= 80; Net profit margin up vs a year ago",6
PPLPHARMA,0.06468811737278843,0.11782508870799413,0.513494418538929,0.17441235969177413,0.8753072047600569,0.0,0.0,0.7979033917314771,0.659155320496281,0.020729399875988992,0.03168533187653644,-0.027132559358763353,-0.02611860690608782,707325194.2950001,-25.01778875343489,17.386784988441907,74.98221124656511,0.39090549447381945,0.0,-33.57708958363569,1.77,0.0,-3.9941190884587114,-18.700000000000003,20638.0,True,True,64.71631878557875,Pharmaceuticals,Healthcare,26.0,103,"Uptrend (price > 50 > 150 > 200-day, 200-day rising); Quarterly profit growth >= 25%; Sales growth >= 20% or 2+ strong quarters; 3-year profit growth >= 15%/yr; ROE >= 20%; RS rating >= 80",6
PRAJIND,-0.052939700067861986,-0.01727925025625998,-0.026686004350978898,-0.2968533035505303,0.7024435870454812,0.0,0.0,0.6031973519405575,0.8948321988735044,0.019277183050264438,0.03617826015457992,-0.07725671246594235,-0.020184450696616552,154553105.95,118.23534061268508,11.811933770696648,192.5610729460582,0.3134219086078649,1.0,-41.88093074479527,0.7900000000000001,1.0,1.8334606569900689,1.4200000000000017,20656.0,True,True,24.79696394686907,Industrial Products,Industrials,11.0,103,"Uptrend (price > 50 > 150 > 200-day, 200-day rising); Within 15% of 52-week high; Sales growth >= 20% or 2+ strong quarters; 3-year profit growth >= 15%/yr; ROE >= 20%; RS rating >= 80",6
PRAKASH,-0.07644881492314173,-0.24414896817279352,0.00015922299179993438,-0.7066272927781263,0.6842683632157316,0.0,0.0,-0.06840369795250033,1.4776844742698583,0.023976691734085235,0.05134854771784236,-0.04991576042876256,-0.015925668587125276,45235277.29000001,-21.950598482502627,-0.48983684961622087,-24.677526591684718,-1.8363276723101953,0.0,9.750968495369472,-1.9000000000000004,1.0,9.280936454849497,-0.13999999999999968,20679.0,True,True,15.68595825426945,Iron & Steel,Commodities,63.0,103,"Uptrend (price > 50 > 150 > 200-day, 200-day rising); Within 15% of 52-week high; Quarterly profit growth >= 25%; Sales growth >= 20% or 2+ strong quarters; 3-year profit growth >= 15%/yr; ROE >= 20%; RS rating >= 80; Net profit margin up vs a year ago",8
PRECWIRE,0.31195461785541667,1.5702636586028813,0.5849815621857191,2.9692370035686304,0.9841874642789104,0.0,1.0,0.7419850661170573,1.0123474589223689,0.04095794107313453,0.06488592097941015,0.14081539813706567,-0.04265217100585352,242200547.89999998,72.7835642238787,-6.160650464617579,50.33019152833617,1.1073603000452266,3.0,-6.838401491407353,1.0599999999999998,1.0,20.077720207253886,0.8600000000000001,16951.0,True,True,94.67931688804553,"Aluminium, Copper & Zinc Products",Industrials,,103,3-year profit growth >= 15%/yr,1
PREMEXPLN,0.06879057144950164,0.1711791163241907,0.5445452430797861,0.407386968902349,0.8279705953241745,0.0,1.0,0.006263811141561698,1.8836769461670562,0.00991396567911367,0.021786656615152777,0.029663233206995265,-0.00936481253601398,121217976.07499999,-83.3373814701479,-27.85086176574042,-158.9753521716222,-2.4956450185740784,0.0,35.18501577104827,-9.99,1.0,15.916955017301039,0.6899999999999995,20678.0,True,True,65.84345351043643,Explosives,Commodities,15.0,103,Within 15% of 52-week high; Quarterly profit growth >= 25%; Sales growth >= 20% or 2+ strong quarters; ROE >= 20%; RS rating >= 80; Net profit margin up vs a year ago,6
PREMIERENE,-0.04083453677100235,-0.01783963928641452,0.082131864571521,-0.31419944467864186,0.8024691358024691,0.0,0.0,0.022997764607985118,1.1084107445711195,0.01898993109099479,0.02499999999999991,-0.07110440582325672,-0.017269922989977485,843573037.5,53.339124159999194,35.25215022463395,-11.07619247847429,5.334646289217041,13.0,,2.2600000000000016,1.0,35.0592059438124,6.48,20671.0,True,True,29.587286527514234,Other Electrical Equipment,Industrials,52.0,103,"Uptrend (price > 50 > 150 > 200-day, 200-day rising); Within 15% of 52-week high; 3-year profit growth >= 15%/yr; RS rating >= 80",4
PRESTIGE,-0.015854467224855725,0.04352972119936882,0.34127789046653145,-0.17768158611650414,0.7917682251274096,0.0,0.0,-0.10072417630483804,2.4711481539988807,0.021351263976716082,0.045432098765432194,-0.07930724843437797,-0.01738282894349325,798121040.0,-12.829762541113476,15.940709920686501,-312.8297625411135,-0.13065979518004084,0.0,6.5294045065865,-3.3499999999999996,1.0,8.019418668960855,-0.01999999999999602,20663.0,True,True,39.2618595825427,"Residential, Commercial Projects",Consumer Discretionary,66.0,103,"Uptrend (price > 50 > 150 > 200-day, 200-day rising); Within 15% of 52-week high; Quarterly profit growth >= 25%; Sales growth >= 20% or 2+ strong quarters; 3-year profit growth >= 15%/yr; ROE >= 20%; RS rating >= 80; Net profit margin up vs a year ago",8
PRICOLLTD,0.06979565249560463,0.42210448038668913,0.43168631854763273,0.5896897984893863,0.8034629404617254,0.0,0.0,-0.0733306044784379,3.314778197917055,0.022688028659960054,0.02947539210383976,-0.12374856718811078,-0.049827358606904446,254899659.25,34.327402538554,23.465945897647835,-75.26206000002146,1.2833375530166127,4.0,27.733394086282836,0.4899999999999993,1.0,20.0,-2.3099999999999987,20649.0,True,True,66.31309297912713,Auto Components & Equipments,Consumer Discretionary,18.0,103,"Uptrend (price > 50 > 150 > 200-day, 200-day rising); Within 15% of 52-week high; RS rating >= 80",3
PRINCEPIPE,-0.04153310609671011,-0.12424570632833043,0.24565341784409522,-0.5752444381710253,0.7287052810902895,0.0,0.0,0.3300644032095405,0.8716027111859874,0.01878997230811878,0.043443119822186294,-0.06014142738388639,-0.024881482692382585,34484384.1,300.0,4.996381930326321,167.97327073676684,0.9268976503894782,2.0,-5.885959416613085,4.71,1.0,4.5592705167173255,-0.6999999999999993,20679.0,True,True,29.11764705882353,Plastic Products - Industrial,Industrials,45.0,103,"Uptrend (price > 50 > 150 > 200-day, 200-day rising); Within 15% of 52-week high; 3-year profit growth >= 15%/yr; ROE >= 20%; RS rating >= 80",5
PRIVISCL,0.07448341843381714,0.36223148185606213,0.1369483742445219,1.2393292942622887,0.9297017409452354,0.0,1.0,-0.040492490109428,2.362667053856307,0.013794977066891857,0.025719860462366295,0.0009505503350815125,-0.01566049920760717,270144614.34999996,43.87568381701548,19.2212021975269,-3.149488285079947,2.5961620764217668,12.0,365.8344414973996,2.129999999999999,1.0,22.45042492917847,-0.02999999999999936,20645.0,True,True,67.25237191650854,Specialty Chemicals,Commodities,40.0,103,RS rating >= 80,1
PROTEAN,0.0008235092909074683,-0.436182902584493,-0.0034136546184738714,-0.496965225085108,0.7366135239142386,0.0,0.0,1.3676139003198189,1.3360547395045612,0.036839212802324536,0.1999796043238833,0.17259219975461249,-0.10979406470890751,142007329.4,-75.3733833140345,19.028647315499914,-126.78051219954972,-2.559574367953528,0.0,-9.991509428684175,-8.97,1.0,9.369202226345083,-2.6999999999999957,20669.0,True,True,45.36717267552182,IT Enabled Services,Information Technology,50.0,103,"Uptrend (price > 50 > 150 > 200-day, 200-day rising); Within 15% of 52-week high; Quarterly profit growth >= 25%; Sales growth >= 20% or 2+ strong quarters; 3-year profit growth >= 15%/yr; ROE >= 20%; RS rating >= 80; Net profit margin up vs a year ago",8
PRSMJOHNSN,-0.10622593657453416,-0.30757726819541364,-0.10024291497975701,-1.0997136520676856,0.6070524412296564,0.0,0.0,-0.4284629980094144,0.2041628995781228,0.01852829648223448,0.03182299012693934,-0.0855319550783804,-0.05978936042119869,34300135.4,300.0,2.5663523928218135,278.55317698571173,1.0141773302030714,2.0,-36.98746943560819,3.6,1.0,1.963350785340314,-0.3999999999999986,20654.0,True,True,8.171726755218216,Cement & Cement Products,Commodities,102.0,103,"Uptrend (price > 50 > 150 > 200-day, 200-day rising); Within 15% of 52-week high; 3-year profit growth >= 15%/yr; ROE >= 20%; RS rating >= 80",5
PRUDENT,0.07819881554991318,0.31469190590268226,0.49060468429958126,0.7229167439864168,0.785117525270978,0.0,0.0,-0.09589315476892474,0.6695910688844486,0.02712813473148509,0.054635262935967654,-0.025509738251425884,-0.0412173526907475,88855282.05,44.38187817668195,18.338099128540296,30.15088063530586,3.8415476074201966,1.0,25.025953506334364,3.8800000000000026,1.0,25.141562853907136,-0.240000000000002,20647.0,True,True,68.47343453510436,Financial Products Distributor,Financial Services,,103,"Uptrend (price > 50 > 150 > 200-day, 200-day rising); Within 15% of 52-week high; Sales growth >= 20% or 2+ strong quarters; RS rating >= 80",4
PSPPROJECT,-0.0025960182874814122,0.15326351840874675,0.38222292390274704,0.018478923614897683,0.6698162729658793,0.0,0.0,-0.5895195236339171,0.9936267217045782,0.021139867684488518,0.023356980323919085,-0.1285264173966889,-0.0358826387912038,45224125.85,300.0,64.8389215080346,73.70168229576902,0.932196721397189,4.0,-19.509442832091118,2.07,1.0,4.430379746835443,0.9199999999999999,20664.0,True,True,43.77039848197344,Civil Construction,Industrials,90.0,103,"Uptrend (price > 50 > 150 > 200-day, 200-day rising); Within 15% of 52-week high; 3-year profit growth >= 15%/yr; ROE >= 20%; RS rating >= 80",5
PTC,-0.03521671994688369,-0.051810956743311376,-0.05221346270466953,-0.22903197078137888,0.6610605202387696,0.0,0.0,0.3055774111228123,1.4658268470914477,0.02488066906373793,0.026125296130560693,-0.06198723679443463,-0.010948635539532027,220301680.33999997,-53.82520390486657,19.072027377237678,-50.23061975501755,-3.0534656386144747,0.0,5.151744974958894,-3.7099999999999995,1.0,11.9879618792844,2.8499999999999943,20669.0,True,True,32.123339658444024,Power Trading,Utilities,,103,"Uptrend (price > 50 > 150 > 200-day, 200-day rising); Within 15% of 52-week high; Quarterly profit growth >= 25%; Sales growth >= 20% or 2+ strong quarters; 3-year profit growth >= 15%/yr; ROE >= 20%; RS rating >= 80; Net profit margin up vs a year ago",8
PTCIL,0.21156194034806106,0.5690018435607058,0.532081779606532,1.6782387703004955,0.9953629032258065,1.0,1.0,0.877705512183748,3.2576760853355884,0.026462568168910617,0.06745945945945953,0.16878185327088469,-0.029459813582710503,450968190.0,300.0,97.42665980442615,159.9578419285889,1.945598281097424,3.0,54.27042087564726,9.91,1.0,6.768414067684141,0.14000000000000057,20679.0,True,True,89.51328273244782,Castings & Forgings,Industrials,6.0,103,ROE >= 20%,1
PURVA,-0.04079674185851077,-0.1442136498516321,0.31187809177233183,-0.5088791367889429,0.729829446571528,0.0,0.0,1.9724072049816435,0.16165007999549919,0.02153255329143488,0.038053560386243745,-0.02005595140285099,-0.021369242421799252,31942487.23,100.0,61.84591914569033,0.0,0.7588940844889618,3.0,119.35177980652992,16.04,1.0,3.1879194630872485,-0.07000000000000028,20679.0,True,True,29.68121442125237,"Residential, Commercial Projects",Consumer Discretionary,66.0,103,"Uptrend (price > 50 > 150 > 200-day, 200-day rising); Within 15% of 52-week high; ROE >= 20%; RS rating >= 80",4
PVP,0.3739655250462795,1.2304661851608665,1.8226007478188615,1.2055764842434793,0.7336202109938922,1.0,1.0,0.7930224983649931,1.1034506212761848,0.050441242400813144,0.04996786632390737,0.05475548033784117,-0.11600019667985367,108178832.905,100.0,165.1946542707728,200.0,6.225989290602396,1.0,,46.78,1.0,-4.587155963302752,-0.37,20679.0,True,True,96.74573055028462,"Residential, Commercial Projects",Consumer Discretionary,66.0,103,Within 15% of 52-week high; 3-year profit growth >= 15%/yr; ROE >= 20%,3
PVRINOX,0.12794852183977737,0.11472431646834402,0.30685267025185037,0.6750510802689152,0.9774512656386384,1.0,1.0,0.27374103501584784,7.7692382517336585,0.02629981086701035,0.07555626700816376,0.10538957620426426,-0.03767851150829675,522095131.2,100.0,11.906732891832238,0.0,0.8911441383153915,5.0,-34.95224480129866,6.75,1.0,4.51341827053402,-0.490000000000002,20657.0,True,True,79.9326375711575,"Film Production, Distribution & Exhibition",Consumer Discretionary,,103,3-year profit growth >= 15%/yr; ROE >= 20%; RS rating >= 80,3
PWL,,,0.35891647855530473,,0.8615963948391875,0.0,0.0,1.0986829817393753,2.5598162258554513,0.029783059388549835,0.0909544811517018,0.1070131188629262,-0.039583767380024726,839178572.085,55.11962427621562,24.420073427852994,-14.42202428623014,,4.0,,6.609999999999999,0.0,-0.6491750067622396,0.10999999999999588,20679.0,True,True,,E-Learning,Consumer Discretionary,,103,"Uptrend (price > 50 > 150 > 200-day, 200-day rising); 3-year profit growth >= 15%/yr; ROE >= 20%; RS rating >= 80",4
QPOWER,0.21647348413384115,0.4142627447271352,0.7045312054716444,0.963638652341923,0.9607376561570494,1.0,1.0,0.4236077841705966,1.189629164629707,0.02872593340394939,0.04995572609208976,0.17146131638885276,-0.039605008803768,409657630.5,26.07238390310762,31.660253508374826,-37.946613378915586,0.6918839297719039,4.0,,-0.8900000000000006,1.0,34.31734317343174,1.5700000000000003,20674.0,True,True,90.1707779886148,Heavy Electrical Equipment,Industrials,36.0,103,3-year profit growth >= 15%/yr; Net profit margin up vs a year ago,2
QUADFUTURE,0.1384505896086417,0.034149962880475115,0.45533693191711655,0.5280861412091751,0.9421720733427361,1.0,1.0,1.3971006033841438,0.5531050118053139,0.04368024418000324,0.09798072510325828,0.23421434312267286,-0.029927011126896438,186616120.27499998,-27.629110211631147,41.280891054646716,,0.6399641369512572,0.0,,24.500000000000004,0.0,-16.666666666666664,2.21,20679.0,True,True,81.43548387096774,Cables - Electricals,Industrials,3.0,103,Quarterly profit growth >= 25%; 3-year profit growth >= 15%/yr; ROE >= 20%,3
QUESS,0.11030984264226587,0.3696911196911197,0.9904056556135332,0.7157637019012111,0.8447588424437299,0.0,0.0,1.0727960225269673,0.49186812700632787,0.025708519256563006,0.051851851851851816,-0.04053757943174352,-0.0321550622534174,149775961.75,54.802551071770054,14.522295435748278,49.629922871284535,1.6043636341787346,1.0,16.856539938691164,0.51,1.0,19.039451114922812,-0.2700000000000031,20663.0,True,True,76.45730550284631,Diversified Commercial Services,Services,55.0,103,"Uptrend (price > 50 > 150 > 200-day, 200-day rising); Within 15% of 52-week high; Sales growth >= 20% or 2+ strong quarters; ROE >= 20%; RS rating >= 80",5
RACLGEAR,0.12453358212437247,0.38643560872624905,0.26178848771115204,0.7044865245742288,0.8245577631374176,0.0,1.0,0.9181909769236303,0.43699226266266916,0.02945984135055492,0.10609495025815385,0.039709783933981946,-0.06224132887769721,50625011.25,7.6307291279037015,31.49528067560854,-84.90600524744464,0.10877628763301372,0.0,7.398877206337029,-1.490000000000001,1.0,13.920454545454545,-0.2699999999999996,20672.0,True,True,79.27514231499052,Auto Components & Equipments,Consumer Discretionary,18.0,103,Within 15% of 52-week high; Quarterly profit growth >= 25%; 3-year profit growth >= 15%/yr; ROE >= 20%; RS rating >= 80; Net profit margin up vs a year ago,6
RADICO,0.136031293389076,0.5568488879650801,0.6739300480500616,1.6713554317562864,0.9469138403202022,0.0,0.0,0.2885153144690728,1.7738577218753262,0.016552260150053816,0.039868503881933304,-0.000777592876555544,-0.021983611827349165,1237262362.0,69.24474976101416,11.795835435977796,-25.60309039304238,3.3158296398027955,8.0,46.35011034328056,4.630000000000001,1.0,18.21471652593486,1.2999999999999972,20649.0,True,True,81.3415559772296,Breweries & Distilleries,Fast Moving Consumer Goods,56.0,103,"Uptrend (price > 50 > 150 > 200-day, 200-day rising); ROE >= 20%",2
RAILTEL,-0.09248065681451755,-0.2741028387787894,0.015320647287983435,-0.814740591646542,0.6353542914171657,0.0,0.0,0.7323147637760227,7.2591189386667905,0.015539128228039358,0.02734297602536162,-0.07006722977537727,-0.018907961325080717,118832735.025,23.27627333259994,39.756478738541205,-25.22641370290344,0.601953047412495,2.0,10.1012978220967,-1.5200000000000014,1.0,11.461491813220134,0.2599999999999998,19656.0,True,True,10.98956356736243,Other Telecom Services,Telecommunication,79.0,103,"Uptrend (price > 50 > 150 > 200-day, 200-day rising); Within 15% of 52-week high; Quarterly profit growth >= 25%; 3-year profit growth >= 15%/yr; ROE >= 20%; RS rating >= 80; Net profit margin up vs a year ago",7
RAIN,0.17783292103956022,0.6832084893882646,0.9406261245052177,1.297331441780651,0.8688492063492063,0.0,1.0,0.09458909593976815,0.9250819711739879,0.030547820723210516,0.03468752945612219,0.02817176549700684,-0.030075179916658323,817941043.575,300.0,17.39863406477058,200.0,0.7198232380472237,5.0,-9.632868927147186,4.71,1.0,1.8257484226070615,0.47999999999999865,20671.0,True,True,86.03795066413662,Petrochemicals,Commodities,30.0,103,3-year profit growth >= 15%/yr; ROE >= 20%,2
RAINBOW,-0.025980241518776176,0.0795971652368519,0.23702880588084452,-0.22632584452636662,0.7892546583850932,0.0,0.0,0.005720149712560085,3.2673814841679656,0.013779977725973266,0.025006049850770262,-0.12124678256130939,-0.061465776653351886,138802464.35000002,16.22732785445311,33.16805032159351,-23.972182663220895,0.9766744679107033,0.0,10.63713453593329,-1.9399999999999995,1.0,17.101273499090357,0.23000000000000398,20640.0,True,True,35.12903225806452,Hospital,Healthcare,68.0,103,"Uptrend (price > 50 > 150 > 200-day, 200-day rising); Within 15% of 52-week high; Quarterly profit growth >= 25%; 3-year profit growth >= 15%/yr; ROE >= 20%; RS rating >= 80; Net profit margin up vs a year ago",7
RAJRATAN,0.10144959894610789,0.5778059205318979,0.34762033531638736,0.9238290005400039,0.8167390726128203,0.0,0.0,0.23544900129192048,0.7232941228141025,0.02521232536315722,0.07330075521990231,-0.06381162410187091,-0.02386457699681087,39962354.849999994,69.91237826036875,29.14283396211108,68.4612553492477,1.5049959757394762,1.0,0.6866480351690907,1.7299999999999995,1.0,10.76923076923077,0.3099999999999987,20638.0,True,True,74.39089184060721,Auto Components & Equipments,Consumer Discretionary,18.0,103,"Uptrend (price > 50 > 150 > 200-day, 200-day rising); Within 15% of 52-week high; 3-year profit growth >= 15%/yr; ROE >= 20%; RS rating >= 80",5
RALLIS,-0.10421439254051562,-0.32909236947791165,-0.1371787455582184,-1.0694395807672148,0.635015873015873,0.0,0.0,-0.6125127147603833,0.8657546231326274,0.011839960858208225,0.015926151349158202,-0.03895954146027414,-0.009364182075541428,115896076.725,-100.0,7.698510376437651,-96.20273931850777,-1.318104918565385,0.0,2.001277043508254,-4.26,0.0,9.669811320754718,-2.030000000000001,19103.0,True,True,8.547438330170777,Pesticides & Agrochemicals,Commodities,101.0,103,"Uptrend (price > 50 > 150 > 200-day, 200-day rising); Within 15% of 52-week high; Quarterly profit growth >= 25%; Sales growth >= 20% or 2+ strong quarters; 3-year profit growth >= 15%/yr; ROE >= 20%; RS rating >= 80; Net profit margin up vs a year ago",8
RAMCOCEM,-0.04472254238506284,-0.112749523522921,-0.0560298826040555,-0.5938872550627429,0.6957595718402635,0.0,0.0,-0.018537639245820338,0.8246944807445781,0.013983291250240509,0.0176487496407014,-0.05111087404479431,-0.021043665755374603,184399929.10000002,-74.48124448475642,9.5963394759935,-374.4812444847564,-0.9689977303450347,0.0,-11.92279017278075,-3.13,1.0,8.636026686434397,0.05999999999999517,20657.0,True,True,28.460151802656547,Cement & Cement Products,Commodities,102.0,103,"Uptrend (price > 50 > 150 > 200-day, 200-day rising); Within 15% of 52-week high; Quarterly profit growth >= 25%; Sales growth >= 20% or 2+ strong quarters; 3-year profit growth >= 15%/yr; ROE >= 20%; RS rating >= 80; Net profit margin up vs a year ago",8
RAMCOIND,-0.041191908350505374,-0.06911447084233258,0.23618494015067504,-0.339101218117338,0.7577749683944374,0.0,0.0,1.1687932374334655,0.2802315094180471,0.021305361275191538,0.03490183857899676,-0.09296709017063243,-0.03746741255880233,39141821.5,21.840537686433457,15.482013847080056,-107.07272220067821,0.6326161309005175,5.0,46.57775523967218,0.6799999999999997,1.0,6.7669172932330826,0.17999999999999972,20663.0,True,True,29.39943074003795,Other Construction Materials,Commodities,,103,"Uptrend (price > 50 > 150 > 200-day, 200-day rising); Within 15% of 52-week high; Quarterly profit growth >= 25%; ROE >= 20%; RS rating >= 80",5
RAMCOSYS,0.08064874663753124,0.24721967146209578,0.5885640025990904,0.2678560452226304,0.5936434108527132,0.0,0.0,-0.06875391236336861,0.4037329978568502,0.03400821937181926,0.04998227578872738,-0.017452681711806695,-0.02561932480049934,59027517.175,-48.848862555558426,7.097694024299539,-348.8488625555584,-0.01319423956528584,0.0,-39.74432262882739,-0.35000000000000003,1.0,12.0,1.200000000000001,20657.0,True,True,69.13092979127134,Software Products,Information Technology,64.0,103,"Uptrend (price > 50 > 150 > 200-day, 200-day rising); Within 15% of 52-week high; Quarterly profit growth >= 25%; Sales growth >= 20% or 2+ strong quarters; 3-year profit growth >= 15%/yr; ROE >= 20%; RS rating >= 80; Net profit margin up vs a year ago",8
RAMRAT,0.2839937194122687,0.7927605282512069,0.853082135184267,2.418214876234179,0.961605189711096,1.0,1.0,1.115431587188265,3.4682625268358653,0.030847592075634523,0.06047926968429085,0.22308549893406937,-0.05687965524500798,137246787.225,121.23830753101869,88.63476747381598,10.783093900471869,2.537937540858459,4.0,41.72796425866336,0.2799999999999998,1.0,18.79310344827586,0.47999999999999987,20647.0,True,True,93.55218216318785,Other Electrical Equipment,Industrials,52.0,103,ROE >= 20%,1
RATEGAIN,0.10525357336852592,0.3566305387312718,0.7070798235058162,0.8467594383749523,0.8138571428571428,0.0,0.0,-0.3034142264180594,0.8353746731100746,0.02275995135985923,0.02977180888994546,-0.046419736003722734,-0.015489578701312104,301237927.875,102.17976176680108,187.63373882456395,74.47068741865843,4.070585881051366,2.0,45.48423490572298,-5.109999999999999,1.0,9.67098703888335,0.3999999999999986,20671.0,True,True,75.14231499051233,Computers - Software & Consulting,Information Technology,93.0,103,"Uptrend (price > 50 > 150 > 200-day, 200-day rising); Within 15% of 52-week high; ROE >= 20%; RS rating >= 80; Net profit margin up vs a year ago",5
RATNAMANI,0.007184879673335854,0.1309721300597213,0.22992964098863444,0.1015931098397295,0.7546487294469357,0.0,0.0,0.8734272079777115,0.526889940983194,0.029653028563661008,0.05790720047361808,-0.016697790481799757,-0.04077010164021187,111573253.0,-15.858555679220853,-15.629287438564798,30.01927690507907,-0.41007558542820693,0.0,-2.3308837764076884,-0.02999999999999936,1.0,12.989540257844807,-0.19999999999999574,20656.0,True,True,47.99715370018975,Iron & Steel Products,Industrials,16.0,103,"Uptrend (price > 50 > 150 > 200-day, 200-day rising); Within 15% of 52-week high; Quarterly profit growth >= 25%; Sales growth >= 20% or 2+ strong quarters; 3-year profit growth >= 15%/yr; ROE >= 20%; RS rating >= 80; Net profit margin up vs a year ago",8
RATNAVEER,0.3795696840115126,0.9059978735380576,1.1863117870722437,2.150343140070477,0.940592675426335,1.0,1.0,0.6919354796814668,1.2314842795369108,0.039728616770520704,0.1179615705931496,0.2301744291910206,-0.04883241094789351,1902955064.95,70.49042979393391,54.911131898970986,19.825371272181506,2.540800837009139,3.0,37.922321418201754,0.5300000000000002,1.0,9.566517189835576,-4.290000000000001,20658.0,True,True,97.02751423149905,Iron & Steel Products,Industrials,16.0,103,ROE >= 20%,1
RAYMOND,0.46202951076904436,0.28787483702737937,1.1028952597218278,2.1131509644393605,0.9011949215832711,1.0,1.0,0.19786413100243844,0.7202750604294084,0.04321935964956765,0.17444516015693612,0.4770613004308657,-0.08584791307188358,664096920.9000001,49.605202178911846,15.510499914169639,40.266262118071985,0.14950049067962307,1.0,-26.145470460248543,1.1599999999999997,1.0,188.50210970464133,-1.6500000000000004,20672.0,True,True,98.5303605313093,Industrial Products,Industrials,11.0,103,Sales growth >= 20% or 2+ strong quarters; 3-year profit growth >= 15%/yr,2
RAYMONDLSL,-0.14215358586115978,-0.42610688343133873,-0.1662164708838496,-1.1140184837766696,0.5013238125802311,0.0,0.0,0.09223129297087432,1.0230265450314007,0.019810336101182626,0.03776041666666674,-0.09763740865898396,-0.032732351438782996,142846143.45,100.0,5.947861831756884,71.92677321993162,-0.03481133899095763,2.0,,-0.10000000000000009,0.0,0.4773765047737651,-0.7699999999999996,20665.0,True,True,2.8178368121442126,Other Textile Products,Consumer Discretionary,21.0,103,"Uptrend (price > 50 > 150 > 200-day, 200-day rising); Within 15% of 52-week high; 3-year profit growth >= 15%/yr; ROE >= 20%; RS rating >= 80; Net profit margin up vs a year ago",6
RAYMONDREL,0.07632055620679998,-0.1019178547182622,0.2558443099560934,0.3217364769578109,0.9458858413639732,1.0,1.0,1.3187830514129095,2.0351502929276917,0.035605318805584436,0.13901611535199332,0.14791933486759978,-0.0760553978408064,246001561.42499998,-18.673071449765967,38.415243101182654,-318.673071449766,-0.04910611302587895,0.0,,-1.79,1.0,19.4515306122449,-2.789999999999999,20672.0,True,True,67.72201138519924,"Residential, Commercial Projects",Consumer Discretionary,66.0,103,Quarterly profit growth >= 25%; 3-year profit growth >= 15%/yr; ROE >= 20%; RS rating >= 80; Net profit margin up vs a year ago,5
RBLBANK,0.11306095349419946,0.4915406767458603,0.3023730944523024,1.5486032374464656,0.9590316573556796,1.0,1.0,0.9479096086571529,1.4507670207014094,0.0168846775453686,0.05168986083499005,0.03838234145136621,-0.01888383757492217,1057241921.75,9.267942422639596,11.596603490663092,-171.99669429139132,0.12175430926059036,0.0,-4.4307011836591474,-0.13000000000000078,1.0,5.25591963645061,-37.510000000000005,20651.0,True,True,76.83301707779887,Private Sector Bank,Financial Services,25.0,103,Quarterly profit growth >= 25%; Sales growth >= 20% or 2+ strong quarters; 3-year profit growth >= 15%/yr; ROE >= 20%; RS rating >= 80; Net profit margin up vs a year ago,6
RCF,-0.08531063454651631,-0.2071748878923766,-0.02037336970420256,-0.7634165492407766,0.684351145038168,0.0,0.0,0.1508577577344608,1.4812913273500106,0.01438119798884069,0.021089136751335724,-0.0805662576875874,-0.009886366259688016,101153398.845,35.456081447765996,6.3825810394650295,-88.583409709349,0.46101271587675613,2.0,-13.370258692295689,0.4399999999999997,1.0,8.336587270597423,-0.26000000000000023,20678.0,True,True,13.243833017077801,Fertilizers,Commodities,78.0,103,"Uptrend (price > 50 > 150 > 200-day, 200-day rising); Within 15% of 52-week high; 3-year profit growth >= 15%/yr; ROE >= 20%; RS rating >= 80",5
RECLTD,-0.0687988215487844,-0.14327956989247315,-0.027018775759426128,-0.6963102220985904,0.7658211632077888,0.0,0.0,-0.43443518768023803,1.481099868930117,0.016661138323159304,0.027454387489139753,-0.08610879249563563,-0.027091240055140103,1570617438.625,-6.093523642149757,-2.0527974649617198,15.617960440501575,-0.4663649583547705,0.0,11.173811054006343,-1.25,1.0,19.300321908729405,0.5900000000000034,20658.0,True,True,18.879506641366223,Financial Institution,Financial Services,86.0,103,"Uptrend (price > 50 > 150 > 200-day, 200-day rising); Within 15% of 52-week high; Quarterly profit growth >= 25%; Sales growth >= 20% or 2+ strong quarters; 3-year profit growth >= 15%/yr; ROE >= 20%; RS rating >= 80; Net profit margin up vs a year ago",8
REDINGTON,0.20377641659258094,0.2748935585771186,0.7913832199546484,0.8703451334181705,0.9690107270560191,1.0,1.0,1.5162881482858754,1.19675577473257,0.027206447068699367,0.04667771967861234,0.10949168085942618,-0.016278098126550934,1580169856.9,94.37263877559208,34.565672998486804,102.14667434100845,4.4462889020350636,1.0,5.448620889676281,0.4,1.0,12.637795275590552,-0.28000000000000114,20643.0,True,True,88.7618595825427,Trading & Distributors,Services,14.0,103,3-year profit growth >= 15%/yr; ROE >= 20%,2
REDTAPE,-0.06849365595472055,-0.16088350055741363,0.052985922881874536,-0.567691591436189,0.7146990376753254,0.0,0.0,1.0408995301731678,0.22014135703084975,0.018088812144343717,0.041085271317829575,-0.07446474038911088,-0.023194973655496505,43337560.33,15.255252019086264,3.6548857444379745,-54.127796589120656,0.36918338268201883,0.0,15.284392136566538,0.9299999999999997,1.0,23.581213307240702,0.129999999999999,20669.0,True,True,19.067362428842504,Footwear,Consumer Discretionary,103.0,103,"Uptrend (price > 50 > 150 > 200-day, 200-day rising); Within 15% of 52-week high; Quarterly profit growth >= 25%; Sales growth >= 20% or 2+ strong quarters; RS rating >= 80",5
REFEX,-0.05887405065984793,-0.21437508689003193,0.3273982899558394,-0.5109277417713731,0.6965219665271968,0.0,0.0,0.057524781909880106,0.847740837294226,0.021924914222145857,0.07853595732940954,-0.07061056715959602,-0.037934860874935285,78219247.725,155.08503518992697,160.4189166145626,80.54973154321003,2.614720579380452,2.0,49.44347427581213,-0.16999999999999993,1.0,13.563829787234042,-0.18999999999999995,20644.0,True,True,22.16698292220114,Waste Management,Utilities,,103,"Uptrend (price > 50 > 150 > 200-day, 200-day rising); Within 15% of 52-week high; ROE >= 20%; RS rating >= 80; Net profit margin up vs a year ago",5
RELAXO,-0.10370478309105928,-0.23132664437012262,0.2621732444900051,-0.8134372917117079,0.6327652556349642,0.0,0.0,-0.46191643801076115,0.46268809219588897,0.03376799591665254,0.030324525625110788,-0.18371110039431504,-0.029794942110717468,60946265.4,12.339828738985847,7.7250989319928465,-7.9961526727502665,0.8053968665018343,0.0,2.4725677414382696,0.3200000000000003,1.0,8.114233907524932,-1.7763568394002505e-15,20679.0,True,True,8.641366223908918,Footwear,Consumer Discretionary,103.0,103,"Uptrend (price > 50 > 150 > 200-day, 200-day rising); Within 15% of 52-week high; Quarterly profit growth >= 25%; Sales growth >= 20% or 2+ strong quarters; 3-year profit growth >= 15%/yr; ROE >= 20%; RS rating >= 80",7
RELIANCE,-0.030846427665544643,-0.037004662004662014,0.013259753199969415,-0.5585508102852028,0.7492865119741904,0.0,0.0,-0.23143171087942396,1.5356076794977391,0.012418220565587534,0.026635198921105774,-0.053302584153929855,-0.021902076129549867,13311789274.7,-0.8667616063721573,27.022722795035126,8.093549957567824,-0.08046533993150855,0.0,6.73353972364894,-2.1099999999999994,1.0,10.591905135891508,-0.8399999999999963,20651.0,True,True,32.96869070208729,Refineries & Marketing,Energy,46.0,103,"Uptrend (price > 50 > 150 > 200-day, 200-day rising); Within 15% of 52-week high; Quarterly profit growth >= 25%; 3-year profit growth >= 15%/yr; ROE >= 20%; RS rating >= 80; Net profit margin up vs a year ago",7
RELIGARE,-0.04571407419347599,0.01777584227404083,0.17899564320110062,-0.2897768267909987,0.8032857142857143,0.0,0.0,-0.03425866059798048,1.3679026758397448,0.021799175201881446,0.019289294665234546,-0.07082731566093048,-0.050653792711704705,169534175.99,-100.0,26.43307653461411,-63.53199353254539,-0.743402489009629,0.0,-40.25848399361115,-2.44,0.0,2.5103163686382395,2.6000000000000014,20677.0,True,True,27.802656546489562,Investment Company,Financial Services,96.0,103,"Uptrend (price > 50 > 150 > 200-day, 200-day rising); Within 15% of 52-week high; Quarterly profit growth >= 25%; 3-year profit growth >= 15%/yr; ROE >= 20%; RS rating >= 80; Net profit margin up vs a year ago",7
RENUKA,-0.04614741265608367,-0.20132890365448508,-0.1547116736990155,-0.708963412581047,0.7266347687400319,0.0,0.0,0.6369699140896449,1.015692786736759,0.02332234153390934,0.04617304492512475,-0.019388387630001946,-0.02433923688559415,278305272.885,-100.0,5.47209232912147,0.0,0.060830026199725794,0.0,-22.4026190962757,1.25,0.0,29.585356742622338,-2.3099999999999987,20670.0,True,True,27.61480075901328,Sugar,Fast Moving Consumer Goods,9.0,103,"Uptrend (price > 50 > 150 > 200-day, 200-day rising); Within 15% of 52-week high; Quarterly profit growth >= 25%; Sales growth >= 20% or 2+ strong quarters; 3-year profit growth >= 15%/yr; RS rating >= 80",6
RGL,0.19511949209104026,0.3292367975777004,0.4403165106629354,0.869824885151196,0.9693325661680091,1.0,1.0,1.1501082856486624,0.3288025226671629,0.04018279427746822,0.08738359484628133,0.1991925185534238,-0.03435835224962478,90401767.27000001,61.93166768496183,47.16586212098355,28.928093692857487,2.117961986965224,4.0,12.01024465153151,0.2999999999999998,1.0,5.968169761273209,2.27,20672.0,True,True,88.01043643263758,"Gems, Jewellery And Watches",Consumer Discretionary,10.0,103,3-year profit growth >= 15%/yr; ROE >= 20%,2
RHIM,-0.041413864272233106,-0.16041148541713768,0.008144427853943315,-0.4068981169877119,0.7268345465276411,0.0,0.0,0.7072003793630388,0.5872864161955225,0.01830237107761466,0.0304347826086957,-0.033369614132766845,-0.02592084651801191,105557649.35000001,83.26625287029663,5.586679440186604,120.37327377478744,1.4013029095857856,1.0,6.059475445469165,2.7,1.0,-10.755405784891884,0.4800000000000004,20676.0,True,True,29.30550284629981,Electrodes & Refractories,Industrials,5.0,103,"Uptrend (price > 50 > 150 > 200-day, 200-day rising); Within 15% of 52-week high; Sales growth >= 20% or 2+ strong quarters; 3-year profit growth >= 15%/yr; ROE >= 20%; RS rating >= 80",6
RICOAUTO,0.06921903941547236,0.38846317581949785,0.18589219161894377,0.5521966029249744,0.7813785682638141,0.0,0.0,0.2921388525876954,0.5718517065404747,0.029591477713209493,0.0384025755020696,-0.06785867997613948,-0.02857641332662313,125658178.55499999,-100.0,38.93938836344901,-89.6380887754728,-2.2452508271734155,0.0,-9.401590026488925,-3.6,0.0,6.666666666666667,1.5900000000000003,20677.0,True,True,65.93738140417457,Auto Components & Equipments,Consumer Discretionary,18.0,103,"Uptrend (price > 50 > 150 > 200-day, 200-day rising); Within 15% of 52-week high; Quarterly profit growth >= 25%; 3-year profit growth >= 15%/yr; ROE >= 20%; RS rating >= 80; Net profit margin up vs a year ago",7
RISHABH,0.14826234019699214,0.9210457856399585,0.8516800401203612,1.4918276116886764,0.7913145539906103,0.0,0.0,0.1701725245497906,0.6624847843927802,0.02884664335644011,0.09682442954837844,-0.041422709551933945,-0.046213929512710215,129610634.525,-1.2794511834389732,4.1769558135869245,-229.14288143150523,-0.019982206452933346,0.0,20.305183703020614,-0.5400000000000009,1.0,11.006711409395974,0.5600000000000005,20645.0,True,True,82.84440227703985,Other Electrical Equipment,Industrials,52.0,103,"Uptrend (price > 50 > 150 > 200-day, 200-day rising); Within 15% of 52-week high; Quarterly profit growth >= 25%; Sales growth >= 20% or 2+ strong quarters; ROE >= 20%; Net profit margin up vs a year ago",6
RITES,-0.0534937675931358,-0.13008425041318972,0.12860206056168622,-0.5585041799690516,0.7729688101655757,0.0,0.0,1.846446394842515,33.73752842876632,0.01781759492310201,0.08704695543653473,-0.0618047895907724,-0.02362138216062767,73171487.12,7.557445153867737,8.66990648098993,8.968830840663777,0.3598360057083766,0.0,-5.454672201112998,-0.18999999999999773,1.0,16.927665920954514,0.0,20669.0,True,True,24.32732447817837,Civil Construction,Industrials,90.0,103,"Uptrend (price > 50 > 150 > 200-day, 200-day rising); Within 15% of 52-week high; Quarterly profit growth >= 25%; Sales growth >= 20% or 2+ strong quarters; 3-year profit growth >= 15%/yr; ROE >= 20%; RS rating >= 80; Net profit margin up vs a year ago",8
RKFORGE,0.125135372698851,0.34817735885351553,0.38112129273820083,1.052607992218637,0.9270186335403727,0.0,1.0,0.563662990433342,0.7915040943181822,0.023467697544593553,0.04597044756941959,0.0037240347352405223,-0.015650626291959187,532766890.55,297.7390792370497,19.83826802986428,369.61195648377645,0.4438911961240027,1.0,-25.251174320708934,2.6900000000000004,1.0,2.188449848024316,-0.6799999999999997,20658.0,True,True,79.36907020872866,Auto Components & Equipments,Consumer Discretionary,18.0,103,Sales growth >= 20% or 2+ strong quarters; 3-year profit growth >= 15%/yr; ROE >= 20%; RS rating >= 80,4
RML,0.1590513087687323,0.589573750383318,0.8853568051211174,1.455296525365461,0.9280555555555556,0.0,1.0,1.2129287895354202,0.8154928450209153,0.03323925454695785,0.07122463153021052,0.0976717596752652,-0.025313285536252263,50625022.35000001,56.09333403853953,18.285260049965913,-243.90666596146048,0.28970548766759946,5.0,40.25872232179886,0.7000000000000002,1.0,14.247669773635153,0.09000000000000008,20649.0,True,True,83.87760910815939,Auto Components & Equipments,Consumer Discretionary,18.0,103,ROE >= 20%,1
ROLEXRINGS,0.14508356941776343,0.30754587679890344,0.43267145002502927,0.8700105497583301,0.922964824120603,1.0,1.0,1.0114010158324893,1.2701403127418158,0.03146131270041826,0.07684251143817877,0.065454043411727,-0.05331348435120351,262175877.045,22.329351835058773,4.376157486796073,50.002605560093116,1.039562482198941,1.0,-0.5495115638293746,2.900000000000002,1.0,11.624072547403133,-2.1199999999999974,20679.0,True,True,82.37476280834915,Auto Components & Equipments,Consumer Discretionary,18.0,103,Quarterly profit growth >= 25%; Sales growth >= 20% or 2+ strong quarters; 3-year profit growth >= 15%/yr; ROE >= 20%,4
ROSSTECH,0.34536178154936226,0.6189404066699502,0.5350233488992662,2.0763485222055933,0.9549146556798117,1.0,1.0,1.0382152765894321,1.27638302252576,0.03140107571102938,0.09884533352945502,0.3478139146168524,-0.05876965657662412,264690251.7,116.44627888608632,77.09240999770697,106.7268542124451,0.7841265933509917,1.0,,0.8400000000000003,1.0,14.193548387096774,-2.6499999999999995,20662.0,True,True,96.18216318785579,Aerospace & Defense,Industrials,19.0,103,3-year profit growth >= 15%/yr; ROE >= 20%,2
ROUTE,-0.1398553770972363,-0.36327281960137114,0.080926724137931,-1.2330463491250605,0.5233128834355828,0.0,0.0,-0.1622561280329372,0.5360031887417018,0.019642403249926967,0.024755564801331564,-0.14209449633001492,-0.04599405433349819,79097790.8,16.638092553365745,9.580997877867969,-29.61081167000657,0.46378776572869274,0.0,1.705367822555326,0.3600000000000003,1.0,9.277978339350181,-0.6400000000000006,20657.0,True,True,2.911764705882353,Other Telecom Services,Telecommunication,79.0,103,"Uptrend (price > 50 > 150 > 200-day, 200-day rising); Within 15% of 52-week high; Quarterly profit growth >= 25%; Sales growth >= 20% or 2+ strong quarters; 3-year profit growth >= 15%/yr; ROE >= 20%; RS rating >= 80",7
RPEL,0.3990646331603975,1.7732678585130057,1.8733603625089432,3.414079092193214,0.9368215259556516,0.0,1.0,0.4998018716761004,2.199939114108516,0.03732910963885654,0.06936005171299287,0.14391505540220173,-0.04464455799586988,135546287.89999998,67.53869748015696,48.716632443531836,17.85119501223989,6.837658333985101,9.0,34.737847458577484,2.530000000000001,1.0,22.448979591836736,0.4600000000000001,20649.0,True,True,97.68500948766604,Electrodes & Refractories,Industrials,5.0,103,,0
RPGLIFE,0.10054473101853625,0.21267210266007197,0.43204419889502765,0.7300615139559566,0.9248673188822815,1.0,1.0,0.15144453766932617,1.838329884442424,0.029609194485776993,0.10138701809312312,0.049016728132490694,-0.03939017978319132,39643442.85,17.038974960843035,15.847738574473125,-16.66743359321387,0.7163658552480734,0.0,17.78397679733461,0.16000000000000014,1.0,19.00826446280992,1.3099999999999987,20636.0,True,True,73.92125237191651,Pharmaceuticals,Healthcare,26.0,103,Quarterly profit growth >= 25%; Sales growth >= 20% or 2+ strong quarters; ROE >= 20%; RS rating >= 80,4
RPOWER,-0.16959527155359977,-0.508130986856761,-0.05236051502145933,-1.1957532476588337,0.40055194165188257,0.0,0.0,0.00331373051050271,2.357406463991898,0.015592703867036388,0.035033487892838666,-0.08070937386898291,-0.027386943145138305,369028194.645,44.90206664186373,3.7516307979507557,144.90206664186374,0.04209408740900637,1.0,-52.50821174298772,0.94,1.0,-2.100997506234414,-0.8099999999999987,20659.0,True,True,1.0332068311195446,Power Generation,Utilities,85.0,103,"Uptrend (price > 50 > 150 > 200-day, 200-day rising); Within 15% of 52-week high; Sales growth >= 20% or 2+ strong quarters; 3-year profit growth >= 15%/yr; ROE >= 20%; RS rating >= 80",6
RPTECH,0.33931789841019255,1.555934833204034,1.2544135760229915,4.2729355645270735,0.9353040708669255,1.0,1.0,0.09487123841132931,2.9846693583460984,0.030791581178103523,0.08824978445621379,0.10303266488560014,-0.06361669598258014,253668138.325,69.28558447432474,61.85353442423245,-1.1372656362164832,2.0402541989293344,3.0,23.289581652072687,0.08999999999999986,1.0,13.925925925925926,-2.280000000000001,20669.0,True,True,95.61859582542694,Computers Hardware & Equipments,Information Technology,12.0,103,ROE >= 20%,1
RRKABEL,0.24534143087986204,0.991156186612576,0.8426940982129449,3.051433654648095,0.9124271063744218,0.0,1.0,0.25601599774838,1.5414940070456717,0.026481079574197826,0.05351208459214485,0.0299329342477197,-0.042370165235863406,938338899.4000001,117.0847159867265,53.90070921985814,87.11083532912127,3.02275630870609,6.0,35.42092794879104,1.79,1.0,19.106796116504853,0.11999999999999744,20661.0,True,True,91.86148007590133,Cables - Electricals,Industrials,3.0,103,ROE >= 20%,1
RSYSTEMS,-0.06291259064418626,-0.3704805210765638,-0.02808136004857309,-0.7817921189467731,0.578917182840101,0.0,0.0,1.6100108536109867,4.0851966606595855,0.033569464346783186,0.16802478567184442,0.010055323894142543,-0.07334657002229848,50776936.480000004,-26.714500181667955,30.232457469373642,-96.24039246732129,-1.043469003427923,0.0,17.91986850623546,-7.1800000000000015,1.0,23.484848484848484,-2.0,20669.0,True,True,20.945920303605313,IT Enabled Services,Information Technology,50.0,103,"Uptrend (price > 50 > 150 > 200-day, 200-day rising); Within 15% of 52-week high; Quarterly profit growth >= 25%; RS rating >= 80; Net profit margin up vs a year ago",5
RTNINDIA,-0.15770607107103354,-0.465205690119185,-0.03969623748705553,-1.1746496529432622,0.4730275229357798,0.0,0.0,-0.3241056558000542,3.4972170459135468,0.018462097745945434,0.02631578947368407,-0.11011391094235412,-0.025207574284391104,32681027.08,-97.05889241914342,-19.138156131386218,0.0,-1.2900346992490153,0.0,-47.40060513418891,-20.93,1.0,-21.614583333333336,-0.15999999999999925,20670.0,True,True,1.6907020872865275,E-Retail/ E-Commerce,Consumer Discretionary,39.0,103,"Uptrend (price > 50 > 150 > 200-day, 200-day rising); Within 15% of 52-week high; Quarterly profit growth >= 25%; Sales growth >= 20% or 2+ strong quarters; 3-year profit growth >= 15%/yr; ROE >= 20%; RS rating >= 80; Net profit margin up vs a year ago",8
RUBICON,,,1.2797653580867658,,0.8296998420221169,0.0,0.0,0.5312745777036821,0.653844173353334,0.02805174059596644,0.06417295813315027,-0.06823041840925015,-0.04256209754416837,380689115.5,95.90677047414104,51.590116031660486,-15.929659489015023,,8.0,,3.59,1.0,19.162141194724594,-0.6099999999999994,20670.0,True,True,,Pharmaceuticals,Healthcare,26.0,103,"Uptrend (price > 50 > 150 > 200-day, 200-day rising); Within 15% of 52-week high; 3-year profit growth >= 15%/yr; ROE >= 20%; RS rating >= 80",5
RVNL,-0.12396731151672752,-0.37804770964437284,-0.18757407761422296,-1.2615860885500478,0.48881956575992014,0.0,0.0,-0.38950362099508773,3.696703417296075,0.01606703563483436,0.062419434804164675,-0.08937064432594266,-0.031703810662170075,795089671.865,18.58648316240088,10.55216858500243,78.76504593714793,0.287063542097681,0.0,-15.15302106093519,0.25,1.0,8.867847688861739,-2.2700000000000014,20669.0,True,True,5.259962049335863,Civil Construction,Industrials,90.0,103,"Uptrend (price > 50 > 150 > 200-day, 200-day rising); Within 15% of 52-week high; Quarterly profit growth >= 25%; Sales growth >= 20% or 2+ strong quarters; 3-year profit growth >= 15%/yr; ROE >= 20%; RS rating >= 80",7
SAFARI,-0.12091767129590576,-0.2957527545375578,0.015759973623475254,-1.1213093861896166,0.5261856328028399,0.0,0.0,-0.8754701444401268,1.5150012269621709,0.014444461911312961,0.0287027171017582,-0.11629982033930564,-0.0560730097527159,40569664.400000006,-5.502493985201662,11.509387492184974,-5.195855734349786,-0.29206309853787926,0.0,3.609718369337389,-1.4600000000000009,1.0,15.067264573991032,-0.28999999999999915,20647.0,True,True,5.729601518026565,Plastic Products - Consumer,Consumer Discretionary,62.0,103,"Uptrend (price > 50 > 150 > 200-day, 200-day rising); Within 15% of 52-week high; Quarterly profit growth >= 25%; Sales growth >= 20% or 2+ strong quarters; 3-year profit growth >= 15%/yr; ROE >= 20%; RS rating >= 80; Net profit margin up vs a year ago",8
SAGILITY,0.02258218201701228,0.08934388087482548,0.10372465818010368,0.00863544014408666,0.7446882017619624,0.0,0.0,0.5636993848894168,0.7790667464577966,0.01930522086548582,0.030772844726333126,-0.026906234481513414,-0.02971803705739432,606565514.175,52.97161069953875,27.58652059209585,11.82750984220251,1.502582097033385,8.0,,1.92,1.0,9.576560720571488,-0.8899999999999935,20655.0,True,True,52.975332068311204,IT Enabled Services,Information Technology,50.0,103,"Uptrend (price > 50 > 150 > 200-day, 200-day rising); Within 15% of 52-week high; 3-year profit growth >= 15%/yr; ROE >= 20%; RS rating >= 80",5
SAIL,0.07381457172356042,0.49419178498215777,0.22662677636499629,0.8903192446678463,0.831235097758703,0.0,0.0,0.3400941729342609,1.2771620424344539,0.0215782266325572,0.06568588012183207,-0.028849807396809535,-0.025047090572381157,2970720811.42,134.60265740010735,1.249567930572626,71.61322854806392,2.1244383166726895,3.0,51.35491282133713,3.7800000000000002,1.0,5.588508184770363,0.5500000000000043,20658.0,True,True,67.06451612903226,Iron & Steel,Commodities,63.0,103,"Uptrend (price > 50 > 150 > 200-day, 200-day rising); Within 15% of 52-week high; ROE >= 20%; RS rating >= 80",4
SAILIFE,0.1860663525178367,0.7897650248531405,0.6771290954321707,2.2717077815521556,0.920329994107248,0.0,1.0,0.5180645392432376,0.9876915783737664,0.02055326178187963,0.042732337300582346,0.04451738722181631,-0.020480951910667403,645996549.6,21.19143841663287,11.657467467064176,3.300512542958245,0.5890800415035442,1.0,,1.040000000000001,1.0,14.049919484702095,-0.3500000000000014,20671.0,True,True,86.69544592030361,Pharmaceuticals,Healthcare,26.0,103,Quarterly profit growth >= 25%; Sales growth >= 20% or 2+ strong quarters; 3-year profit growth >= 15%/yr; ROE >= 20%,4
SAKAR,0.3041501419966878,1.8787620670073824,0.9469995199231878,3.4387302873355137,0.8294507460259382,1.0,1.0,0.5305932705438815,1.235776285605828,0.034347351663785344,0.0939934904822961,0.02373939354404908,-0.05377754467420373,103721227.35,120.2784151653244,38.35798255593477,28.8673453684124,2.4895455223267127,3.0,41.57144784435127,5.24,1.0,9.25925925925926,-0.759999999999998,20658.0,True,True,94.39753320683111,Pharmaceuticals,Healthcare,26.0,103,Within 15% of 52-week high; ROE >= 20%,2
SAKSOFT,-0.07590424008455969,-0.2194112003231833,0.21372487437185939,-0.6094508555054818,0.623705098883358,0.0,0.0,-0.21851212432522915,0.6295326935422346,0.02002474563867801,0.038826696896698376,-0.10632703495656926,-0.01867303008392119,37341855.875,-9.478700334142165,-0.18067210021278646,-29.126982941899715,-0.975572793708172,0.0,14.452610701673452,-1.2100000000000009,1.0,17.073170731707318,-0.20999999999999996,20652.0,True,True,15.96774193548387,Computers - Software & Consulting,Information Technology,93.0,103,"Uptrend (price > 50 > 150 > 200-day, 200-day rising); Within 15% of 52-week high; Quarterly profit growth >= 25%; Sales growth >= 20% or 2+ strong quarters; 3-year profit growth >= 15%/yr; ROE >= 20%; RS rating >= 80; Net profit margin up vs a year ago",8
SALSTEEL,0.3691015094322427,1.8926413082118736,0.9687878054681831,4.110010811960907,0.844140625,1.0,1.0,-0.2053743534625426,1.9464554949227457,0.03886419351325135,0.04998823806163255,0.13683291291733646,-0.0884250514198836,53587149.025,100.0,-31.571115288220554,-400.0,1.898221249191352,1.0,-38.12981416059562,11.11,1.0,-0.0,0.0,20679.0,True,True,96.55787476280835,Sponge Iron,Commodities,,103,Within 15% of 52-week high; Sales growth >= 20% or 2+ strong quarters; 3-year profit growth >= 15%/yr; ROE >= 20%,4
SAMBHV,0.16801041202073866,0.190581922472014,0.19845408828459687,1.0079380808673242,0.9220733838089692,1.0,1.0,1.1916225337977986,1.5098368444408048,0.03177837090553276,0.14315593771787127,0.1865077461748763,-0.07183923376379533,225119956.14499998,66.96765643483415,31.06528471439056,-170.08609672723173,1.4760846249023227,5.0,,1.6600000000000001,1.0,13.472485768500949,0.09000000000000075,20668.0,True,True,85.00474383301707,Iron & Steel Products,Industrials,16.0,103,3-year profit growth >= 15%/yr; ROE >= 20%,2
SAMHI,-0.07445610069564235,-0.21776897287412378,0.04209244095553899,-0.6787758553697242,0.6776346065347446,0.0,0.0,0.2561934289220089,0.8420134077169835,0.021871842294970776,0.05097421767368626,-0.08564339036600355,-0.03390728711569614,125604945.505,13.091957416682188,12.122993277249194,-286.9080425833178,0.029303183176174606,0.0,,0.07000000000000028,1.0,25.98533455545371,1.2999999999999972,20668.0,True,True,16.437381404174573,Hotels & Resorts,Consumer Discretionary,65.0,103,"Uptrend (price > 50 > 150 > 200-day, 200-day rising); Within 15% of 52-week high; Quarterly profit growth >= 25%; Sales growth >= 20% or 2+ strong quarters; 3-year profit growth >= 15%/yr; RS rating >= 80",6
SAMMAANCAP,-0.06146123698416467,0.026706423802424162,0.07455902306648565,-0.3661190886556808,0.6889867841409691,0.0,0.0,-0.09904881038689158,1.104807914864417,0.01761695619371571,0.014891823545939653,-0.11391881966041773,-0.03201327709428679,707621397.8299999,-27.226658344527866,-31.179046214478834,72.77334165547214,-0.05128872525086128,0.0,2.963715331294803,0.8000000000000007,1.0,-37.62110362257793,-30.749999999999996,20678.0,True,True,21.509487666034154,Housing Finance Company,Financial Services,92.0,103,"Uptrend (price > 50 > 150 > 200-day, 200-day rising); Within 15% of 52-week high; Quarterly profit growth >= 25%; Sales growth >= 20% or 2+ strong quarters; 3-year profit growth >= 15%/yr; ROE >= 20%; RS rating >= 80",7
SANDHAR,0.036702636277729885,0.3874374652584769,0.3350449293966624,0.5655460720467735,0.7354559748427671,0.0,0.0,0.2004455539342668,0.9229661797542628,0.020855656194466065,0.022099447513812098,-0.09366144306924695,-0.0243184265896427,96190505.55000001,33.18084291972754,26.768431964333228,-22.887501392847653,0.8136988582604279,2.0,36.19292258063243,0.13000000000000034,1.0,14.928732183045762,-1.25,20676.0,True,True,58.04743833017078,Auto Components & Equipments,Consumer Discretionary,18.0,103,"Uptrend (price > 50 > 150 > 200-day, 200-day rising); Within 15% of 52-week high; ROE >= 20%; RS rating >= 80",4
SANDUMA,0.0195952639661663,0.17791009228937193,0.059330655957162026,0.1543366702276086,0.6636996336996337,0.0,0.0,-0.23532937203757814,1.049345781767328,0.017211594268940898,0.03400056385678041,-0.07792850192770395,-0.014966544507651655,96327587.54999998,36.30339215102853,21.085451566876266,-14.701927081143488,1.100953466892562,2.0,38.97286005507892,1.8499999999999996,1.0,20.221266133988934,0.020000000000000018,20662.0,True,True,51.75426944971537,Iron & Steel,Commodities,63.0,103,"Uptrend (price > 50 > 150 > 200-day, 200-day rising); Within 15% of 52-week high; RS rating >= 80",3
SANGHVIMOV,0.03858056564171067,0.19331612552642308,0.5818476499189629,0.22932517842865133,0.7777462121212121,0.0,0.0,0.23358661103365022,1.6204909671377195,0.029201635913660703,0.027924066135946113,-0.09418171952169085,-0.040727387258026694,130778666.375,29.82713221150748,38.89010828211881,2.728051867577431,1.6080173055270628,2.0,22.306316868049247,-1.1999999999999993,1.0,14.035087719298245,0.4299999999999997,20665.0,True,True,58.23529411764706,Diversified Commercial Services,Services,55.0,103,"Uptrend (price > 50 > 150 > 200-day, 200-day rising); Within 15% of 52-week high; ROE >= 20%; RS rating >= 80; Net profit margin up vs a year ago",5
SANOFI,-0.10267144660334925,-0.32882796727234087,-0.054346198760367725,-1.890663354341774,0.6173540220498163,0.0,0.0,0.07394868462052753,0.8227215517879618,0.010482098836287887,0.026307168129996006,-0.05271263528089343,-0.012006343431303116,48911542.5,22.368204406228532,9.73998294970162,20.391585366341047,0.3966936323154757,1.0,-13.83726535575176,1.7100000000000009,1.0,47.96747967479675,-1.2100000000000009,20146.0,True,True,8.8292220113852,Pharmaceuticals,Healthcare,26.0,103,"Uptrend (price > 50 > 150 > 200-day, 200-day rising); Within 15% of 52-week high; Quarterly profit growth >= 25%; Sales growth >= 20% or 2+ strong quarters; 3-year profit growth >= 15%/yr; RS rating >= 80",6
SANSERA,0.3350377609647894,1.7064968517458503,0.7646016047770108,4.843552860688678,0.8984294297459682,1.0,1.0,0.45349781518764726,1.6413891707940473,0.027501601835142366,0.06737258552478465,0.0750797537283574,-0.04986314449771555,820178684.4,58.56190920428514,33.26982552752804,-49.1118449997893,1.8870269107491697,6.0,33.23786873819699,1.5599999999999987,1.0,10.592808551992224,-1.6099999999999994,20677.0,True,True,95.5246679316888,Auto Components & Equipments,Consumer Discretionary,18.0,103,ROE >= 20%,1
SAPPHIRE,-0.0005503199971295808,-0.22157096609303117,0.45127064803049555,-0.5812258635190611,0.6925281803542673,0.0,0.0,0.7321090114925348,0.24830938753334503,0.027768311347602118,0.044420562421637166,-0.0370293409810899,-0.0461071484802178,192202546.65,100.0,14.691760101952811,200.0,2.002493185764674,1.0,-77.82899845817543,1.79,1.0,-2.302158273381295,0.7000000000000028,20658.0,True,True,44.99146110056926,Restaurants,Consumer Discretionary,71.0,103,"Uptrend (price > 50 > 150 > 200-day, 200-day rising); Within 15% of 52-week high; Sales growth >= 20% or 2+ strong quarters; 3-year profit growth >= 15%/yr; ROE >= 20%; RS rating >= 80",6
SARDAEN,-0.016716329906213037,-0.08137644508670527,-0.0312410705781504,-0.30138578521468695,0.8002403846153846,0.0,0.0,1.3394880041331252,0.23456447654166676,0.017383722627422483,0.05001442723862648,-0.01689209142992143,-0.008061199728541269,146202061.4,9.474990399103934,-1.5351078616872016,-44.80087318088897,0.5160640386234829,0.0,23.74934725711375,2.990000000000002,1.0,15.047489823609226,0.16000000000000014,20666.0,True,True,38.88614800759013,Iron & Steel,Commodities,63.0,103,"Uptrend (price > 50 > 150 > 200-day, 200-day rising); Within 15% of 52-week high; Quarterly profit growth >= 25%; Sales growth >= 20% or 2+ strong quarters; ROE >= 20%; RS rating >= 80",6
SAREGAMA,0.06391930049925953,0.06127503769114795,0.5446708463949843,0.20133732413747682,0.8768494342906875,0.0,0.0,0.791255331708107,1.0229411195566296,0.022245681372591926,0.031032363785334027,-0.00615346371547687,-0.013534819875435146,196947346.075,42.0666936104154,27.484644774387014,8.241645109993861,1.7712558178247215,2.0,6.8280165695524975,2.0199999999999996,1.0,12.174940898345152,0.8200000000000003,20669.0,True,True,64.1527514231499,Media & Entertainment,Consumer Discretionary,44.0,103,"Uptrend (price > 50 > 150 > 200-day, 200-day rising); 3-year profit growth >= 15%/yr; ROE >= 20%; RS rating >= 80",4
SASKEN,0.047227154065428045,0.3762253108997806,0.5718105104854205,0.39777415058623933,0.5989137472124307,0.0,0.0,-0.22277941707845633,1.3434887627124388,0.02478931684685261,0.037063396474323884,-0.08991732682412801,-0.021998117051324855,31910531.85,134.83035696626916,24.022959090410566,-16.94982393931474,1.4898488246162862,3.0,-11.052278861656351,3.2699999999999996,1.0,6.900584795321637,0.9100000000000001,20642.0,True,True,60.11385199240986,IT Enabled Services,Information Technology,50.0,103,"Uptrend (price > 50 > 150 > 200-day, 200-day rising); Within 15% of 52-week high; 3-year profit growth >= 15%/yr; ROE >= 20%; RS rating >= 80",5
SATIN,0.10039883332517556,0.5032345931222337,0.5215743038323681,1.5220756691852377,0.8163347194863938,0.0,0.0,-0.1941564514522776,10.742691764546155,0.021923121531160106,0.05575847242128629,-0.013302058578439024,-0.030373356749628325,55373764.555,172.0725888837872,8.389390599445345,-127.9274111162128,0.9126548703256082,3.0,10.65849861854893,9.68,1.0,11.59622773314705,2.379999999999999,20648.0,True,True,73.73339658444023,Microfinance Institutions,Financial Services,61.0,103,"Uptrend (price > 50 > 150 > 200-day, 200-day rising); Within 15% of 52-week high; 3-year profit growth >= 15%/yr; ROE >= 20%; RS rating >= 80",5
SBC,0.34305499290458874,1.1383177570093457,0.49885358663609547,6.562628001325513,0.9587148843706348,1.0,1.0,0.5206472649978209,3.4188754609852654,0.022247383557370052,0.10435325973755472,0.3538570789826674,-0.08949291169199093,400796612.49,268.08216027233425,67.09908915263595,216.44664625364268,2.1457132134025634,4.0,49.13649500395672,4.33,1.0,30.864197530864196,2.1,20677.0,True,True,96.08823529411765,Garments & Apparels,Consumer Discretionary,23.0,103,,0
SBCL,0.33048405420376464,1.233711894799761,1.6785330307012303,2.162086414257689,0.9042526939211976,0.0,1.0,1.0653313599651455,0.44544032453112475,0.04418715609580436,0.04369640576537126,0.0768677675344891,-0.029331197734240373,283048812.625,44.01752390181559,33.382137628111266,20.217677897716513,2.51196287512485,5.0,10.645387412851793,1.3300000000000018,1.0,19.91701244813278,-5.150000000000002,20671.0,True,True,95.24288425047438,Iron & Steel Products,Industrials,16.0,103,3-year profit growth >= 15%/yr; ROE >= 20%,2
SBFC,-0.07122541279877243,-0.06841664339569964,0.19427207637231514,-0.788675901448136,0.6593495934959349,0.0,0.0,0.0709221852543889,1.686197059308765,0.017567399360955055,0.023009758602978936,-0.12862410713518269,-0.050999149120989413,82426860.32,27.554945564785903,29.317701050518075,-10.70417027802391,2.904336425765002,12.0,,-0.35999999999999943,1.0,10.815047021943574,-0.240000000000002,20204.0,True,True,18.1280834914611,Non Banking Financial Company (NBFC),Financial Services,41.0,103,"Uptrend (price > 50 > 150 > 200-day, 200-day rising); Within 15% of 52-week high; 3-year profit growth >= 15%/yr; ROE >= 20%; RS rating >= 80; Net profit margin up vs a year ago",6
SBICARD,-0.08764686652924568,-0.2375188231205838,0.03645095260588871,-1.294040655038393,0.5776165803108808,0.0,0.0,0.4747288706122943,0.558548987635439,0.019120824875093687,0.03049668338456568,-0.12447007192413961,-0.057965617685572776,876860519.0,19.493107240103093,3.3551913912879483,5.420907006903121,0.8462060614921432,0.0,0.7539244290301061,1.7799999999999994,1.0,13.779727839247109,-0.5500000000000007,20679.0,True,True,12.116698292220114,Non Banking Financial Company (NBFC),Financial Services,41.0,103,"Uptrend (price > 50 > 150 > 200-day, 200-day rising); Within 15% of 52-week high; Quarterly profit growth >= 25%; Sales growth >= 20% or 2+ strong quarters; 3-year profit growth >= 15%/yr; ROE >= 20%; RS rating >= 80",7
SBILIFE,-0.011210298259860575,-0.007659193827919797,-0.033645470383275256,-0.1651364984453101,0.8096153846153846,0.0,0.0,-0.4025006958190019,3.1994276530952064,0.013629338957445237,0.04063843571470649,-0.027006612138601338,-0.012998069721659357,1658549669.8000002,21.949838953158405,18.82292000564152,23.123936540913125,1.4058533471399,1.0,12.212579556278147,0.040000000000000036,1.0,12.941423032589332,-0.01999999999999602,20679.0,True,True,40.10721062618596,Life Insurance,Financial Services,94.0,103,"Uptrend (price > 50 > 150 > 200-day, 200-day rising); Within 15% of 52-week high; Quarterly profit growth >= 25%; Sales growth >= 20% or 2+ strong quarters; 3-year profit growth >= 15%/yr; ROE >= 20%; RS rating >= 80",7
SBIN,0.00808050395447886,0.1669250645994833,-0.01612200435729849,0.4038129234187567,0.7726573256661536,0.0,0.0,0.03157854248862466,1.380458583183517,0.011929536538156066,0.0241735537190082,-0.06529694457916313,-0.017446504958534392,7779923288.65,13.597014649394112,8.360709744188831,12.955226836732692,1.520017302203885,0.0,8.173757413715865,0.8500000000000014,1.0,14.538079717377556,-0.18999999999999773,20672.0,True,True,48.27893738140418,Public Sector Bank,Financial Services,51.0,103,"Uptrend (price > 50 > 150 > 200-day, 200-day rising); Within 15% of 52-week high; Quarterly profit growth >= 25%; Sales growth >= 20% or 2+ strong quarters; 3-year profit growth >= 15%/yr; ROE >= 20%; RS rating >= 80",7
SCHAEFFLER,-0.030453211259663493,-0.044601675883219505,0.04591958125148721,-0.28825469538527987,0.8498780132954317,0.0,0.0,-0.35738555728242677,1.0526513817575853,0.01274672118604671,0.05677774993735918,-0.05404193406943836,-0.03126487112209825,194144424.2,13.493645893862771,17.340888127553033,-12.099074621463357,1.3915502113895415,0.0,11.54928982291139,-0.3999999999999986,1.0,19.014550264550266,0.0,20656.0,True,True,33.62618595825427,Auto Components & Equipments,Consumer Discretionary,18.0,103,"Uptrend (price > 50 > 150 > 200-day, 200-day rising); Within 15% of 52-week high; Quarterly profit growth >= 25%; Sales growth >= 20% or 2+ strong quarters; 3-year profit growth >= 15%/yr; ROE >= 20%; RS rating >= 80; Net profit margin up vs a year ago",8
SCHNEIDER,0.08620968691819283,0.458030168589175,0.3305263157894738,0.9914899771399909,0.811498708010336,0.0,1.0,0.12189222475771787,3.904266516712144,0.028644556350486138,0.05983048030580029,0.0015595051680532546,-0.02408463369199477,333021088.15,-69.81376432402246,4.782587712948216,1.7717464703470682,-1.135347708722775,0.0,14.422809220698785,-4.72,1.0,30.869565217391305,0.8200000000000003,20679.0,True,True,70.25806451612904,Heavy Electrical Equipment,Industrials,36.0,103,Within 15% of 52-week high; Quarterly profit growth >= 25%; Sales growth >= 20% or 2+ strong quarters; 3-year profit growth >= 15%/yr; RS rating >= 80; Net profit margin up vs a year ago,6
SCI,0.06082943387820614,0.3398203592814373,0.26890359168241984,0.6349620496608386,0.7738305084745764,0.0,0.0,0.17461113256102953,8.992809030056787,0.020731254664453847,0.08818573300879984,-0.004962112890683379,-0.026032904291131483,453719284.85,74.8814295323388,40.31184462478343,-43.68630432668617,1.5766269574991465,3.0,20.166461283747527,6.629999999999999,1.0,14.87467018469657,-0.40000000000000036,20671.0,True,True,63.213472485768506,Shipping,Services,1.0,103,"Uptrend (price > 50 > 150 > 200-day, 200-day rising); Within 15% of 52-week high; ROE >= 20%; RS rating >= 80",4
SDBL,-0.07353116937562176,-0.42466179443321417,0.046972269383135146,-0.8197501467790819,0.5373529411764706,0.0,0.0,1.1830011989506986,1.0653321474246562,0.03428477842750949,0.10588935157644275,0.009453613203012301,-0.06476494237024841,32968309.994999997,-96.29555571490825,-49.15969567356827,3.7044442850917534,-1.5918796848419465,0.0,-28.306545887890668,-7.38,1.0,1.2836970474967908,-1.02,20676.0,True,True,16.813092979127134,Breweries & Distilleries,Fast Moving Consumer Goods,56.0,103,"Uptrend (price > 50 > 150 > 200-day, 200-day rising); Within 15% of 52-week high; Quarterly profit growth >= 25%; Sales growth >= 20% or 2+ strong quarters; 3-year profit growth >= 15%/yr; ROE >= 20%; RS rating >= 80; Net profit margin up vs a year ago",8
SEAMECLTD,0.15353133190182994,0.9849490925188136,0.211728144845291,2.1743056304814514,0.8712276906435912,0.0,0.0,0.5080292992374901,1.0779452506623985,0.016597551596626958,0.0216854724964739,-0.014978635144026198,-0.03773070868833146,96403311.35,7.3140299724124835,40.77375308173716,-145.88121496958553,0.10833038184186745,0.0,91.83160905577985,-8.54,1.0,19.52344350499616,2.0999999999999996,20678.0,True,True,83.50189753320683,Shipping,Services,1.0,103,"Uptrend (price > 50 > 150 > 200-day, 200-day rising); Quarterly profit growth >= 25%; ROE >= 20%; Net profit margin up vs a year ago",4
SENCO,-0.018480396510094078,0.05114302461899167,0.10882671201112992,-0.14171537441257934,0.7455813953488373,0.0,0.0,-0.22786355698089558,1.0214722262241167,0.029842441936975984,0.03141690229343386,-0.09829080262243794,-0.0336537865661722,303642121.35,-3.3362538506545913,67.33633396850429,-154.79726115325158,-0.03969013266080448,0.0,51.032246329498406,-2.4200000000000004,1.0,22.8321400159109,0.2099999999999973,20675.0,True,True,38.228652751423155,"Gems, Jewellery And Watches",Consumer Discretionary,10.0,103,"Uptrend (price > 50 > 150 > 200-day, 200-day rising); Within 15% of 52-week high; Quarterly profit growth >= 25%; RS rating >= 80; Net profit margin up vs a year ago",5
SENORES,0.1832044062129471,1.0613319864348076,0.8356358028657715,2.465994832360569,0.8690431519699812,0.0,0.0,0.06145167403006737,1.4095237977131794,0.0230893722768125,0.051014229488343776,-0.02260060264522412,-0.018016119733107787,292523772.45,43.783680684976225,30.596420030436988,-60.31757978851717,1.5840596091691264,11.0,,1.549999999999999,1.0,13.062098501070663,3.130000000000001,20661.0,True,True,86.50759013282732,Pharmaceuticals,Healthcare,26.0,103,"Uptrend (price > 50 > 150 > 200-day, 200-day rising); 3-year profit growth >= 15%/yr; ROE >= 20%",3
SETL,0.40671507618849834,1.319230987353258,2.2417756638921915,2.789141127319948,0.9180818113852398,0.0,1.0,1.1455599295430972,0.8233530172062484,0.030331115826293553,0.04993819530284305,0.2019822359442467,-0.027124092992037115,253295455.40000004,26.588650769617985,43.1155023978737,-1.305861634843673,1.1131748531132708,3.0,,-1.4100000000000001,1.0,10.532994923857867,0.19999999999999973,20671.0,True,True,97.87286527514232,Industrial Products,Industrials,11.0,103,3-year profit growth >= 15%/yr; ROE >= 20%; Net profit margin up vs a year ago,3
SFL,-0.024111996677068353,-0.03405017921146969,0.28397022332506205,-0.18968861746750618,0.7448495405129436,0.0,0.0,0.3587088431823329,0.7172699473113854,0.020187932206322676,0.05173486852341691,-0.08018916906243223,-0.026717054249229447,96973402.75,300.0,25.63031859850746,0.0,1.482505927928587,3.0,-0.6035635782596915,4.79,1.0,4.950799507995081,-2.010000000000005,20669.0,True,True,36.35009487666034,"Furniture, Home Furnishing",Consumer Discretionary,,103,"Uptrend (price > 50 > 150 > 200-day, 200-day rising); Within 15% of 52-week high; 3-year profit growth >= 15%/yr; ROE >= 20%; RS rating >= 80",5
SGFIN,0.1457915103204962,0.9087570621468928,0.509101060859855,2.0319720236095895,0.9123651110041927,0.0,1.0,0.5546708394029294,9.641007088323546,0.023810708675586822,0.07296035451452099,0.001989788369853196,-0.03858730955121398,139697133.3,118.91585444569554,101.37594318686199,41.22953994670186,3.9711718507946596,5.0,65.07948610273031,3.1599999999999966,1.0,8.767123287671232,-0.8199999999999998,20679.0,True,True,82.65654648956357,Non Banking Financial Company (NBFC),Financial Services,41.0,103,ROE >= 20%,1
SGMART,0.18968496445780297,1.2614477652865368,0.6357596191987307,2.6050473820773545,0.8740994654891936,0.0,0.0,0.08090668931011855,1.2006494412365702,0.02472109001056176,0.03625771076079509,-0.005102445682362622,-0.020998499747071468,159929671.3,41.184946609002424,14.408491217639895,15.913755664438597,1.1122508951679706,2.0,314.82618269731233,0.6600000000000001,1.0,6.950532247964934,-1.12,20654.0,True,True,86.97722960151802,Trading - Metals,Commodities,,103,"Uptrend (price > 50 > 150 > 200-day, 200-day rising); ROE >= 20%",2
SHAILY,0.09476679408451828,0.46202559871560456,0.5518579881656807,0.7320539355994429,0.8534244301836691,0.0,0.0,0.5923246794863994,0.6119138717948629,0.022364171040661435,0.03660549876182606,-0.04223325142145451,-0.023487831102318793,372648974.9,16.777415525042837,13.774372694474856,-23.76023802667517,0.8469102193548284,0.0,66.54813763384276,0.4399999999999977,1.0,23.743016759776538,5.679999999999996,20673.0,True,True,72.41840607210625,Plastic Products - Consumer,Consumer Discretionary,62.0,103,"Uptrend (price > 50 > 150 > 200-day, 200-day rising); Quarterly profit growth >= 25%; Sales growth >= 20% or 2+ strong quarters; RS rating >= 80",4
SHAKTIPUMP,-0.14409075049082642,-0.4251336898395721,-0.061414822899097166,-1.001045521771615,0.5383550929546959,0.0,0.0,0.407063864708782,1.3904608623171753,0.01682644816712093,0.07567336468576302,-0.08208318287758931,-0.02146258288111142,171278543.0,-46.72152156182572,37.93895582329316,18.498821902521463,-0.6879513561698564,0.0,134.8367416355814,-9.55,1.0,15.131964809384163,-2.33,20649.0,True,True,2.6299810246679316,"Compressors, Pumps & Diesel Engines",Industrials,60.0,103,"Uptrend (price > 50 > 150 > 200-day, 200-day rising); Within 15% of 52-week high; Quarterly profit growth >= 25%; ROE >= 20%; RS rating >= 80; Net profit margin up vs a year ago",6
SHANTIGEAR,0.09869354554420592,0.18439851414420416,0.36035444699704633,0.27465539909172965,0.7887617765814265,0.0,1.0,2.3930045437416574,0.31129910164579766,0.044905269601798414,0.10000000000000009,0.08438817784669239,-0.07875011193038962,36397011.175,-56.5802152262349,-14.382089109644891,-39.466654609428176,-2.217627287022117,0.0,-2.093283054056072,-8.290000000000001,1.0,17.5,0.0,20679.0,True,True,73.35768500948767,Industrial Products,Industrials,11.0,103,Within 15% of 52-week high; Quarterly profit growth >= 25%; Sales growth >= 20% or 2+ strong quarters; 3-year profit growth >= 15%/yr; ROE >= 20%; RS rating >= 80; Net profit margin up vs a year ago,7
SHANTIGOLD,0.2397148619676958,0.2284468299228446,0.4782307825384924,1.2676158239456183,0.9716524216524217,1.0,1.0,0.9025313437776298,1.3827825641946088,0.03869489417123855,0.14829701713560395,0.32503102293715935,-0.09856353535500846,449968631.61,186.68079083698424,136.25750280324516,-113.31920916301576,,7.0,,1.2400000000000002,1.0,23.411371237458194,2.9299999999999997,20678.0,True,True,91.5796963946869,"Gems, Jewellery And Watches",Consumer Discretionary,10.0,103,3-year profit growth >= 15%/yr,1
SHARDACROP,-0.04960693405522223,-0.06804536357571722,-0.1602732240437158,-0.19972192058180407,0.5721279876638395,0.0,0.0,-0.884982567118171,0.789746123317903,0.01602445558366636,0.03707081894585951,-0.04417248561525011,-0.018095126588182527,92179818.0,-38.33983730101623,9.033214528690813,-94.85594508362537,-1.4071212252652834,0.0,39.50100713604927,-6.300000000000001,1.0,21.715561224489797,-1.9999999999999982,20649.0,True,True,25.736242884250473,Pesticides & Agrochemicals,Commodities,101.0,103,"Uptrend (price > 50 > 150 > 200-day, 200-day rising); Within 15% of 52-week high; Quarterly profit growth >= 25%; Sales growth >= 20% or 2+ strong quarters; RS rating >= 80; Net profit margin up vs a year ago",6
SHARDAMOTR,-0.004359502037632138,-0.17397208953825982,0.18263493127723773,-0.3708910844000657,0.7772501890915202,0.0,0.0,0.6418279470913515,0.6954617705498911,0.020480116609269138,0.04063565379962619,0.012403682900957946,-0.021853794545365738,49698221.1,4.609777750917865,33.69520661157026,-1.8216890607643865,0.4391255009697292,0.0,15.375806500500723,-2.379999999999999,1.0,26.275704493526277,-0.21999999999999886,20675.0,True,True,42.737191650853894,Auto Components & Equipments,Consumer Discretionary,18.0,103,"Uptrend (price > 50 > 150 > 200-day, 200-day rising); Within 15% of 52-week high; Quarterly profit growth >= 25%; RS rating >= 80; Net profit margin up vs a year ago",5
SHAREINDIA,0.15420143217747018,0.3212957222566646,0.31153846153846154,1.134534037373456,0.8882365545318193,0.0,1.0,1.8730068643646867,0.7240163434780511,0.02827413698882756,0.11420555980617175,0.11213893178430534,-0.04488665329667672,108429777.5,47.44692870382758,31.24688790603671,-164.00947836253206,0.9387317343786081,2.0,1.102521401366885,3.0500000000000007,1.0,12.296015180265654,0.3400000000000003,20658.0,True,True,83.59582542694497,Stockbroking & Allied,Financial Services,17.0,103,3-year profit growth >= 15%/yr; ROE >= 20%,2
SHILCTECH,,,-0.0038470962999264113,,0.7410446378959067,0.0,0.0,-0.36796285564813785,0.6270751121799156,0.027897370331697438,0.039759338179994996,-0.03485093007379314,-0.012099734020453693,74203063.19999999,-49.72064413906945,-15.206299212598417,-0.9935704890978627,-1.2722375871387985,0.0,36.823757381474124,-10.64,1.0,32.244897959183675,0.05999999999999961,20679.0,True,True,,Other Electrical Equipment,Industrials,52.0,103,"Uptrend (price > 50 > 150 > 200-day, 200-day rising); Within 15% of 52-week high; Quarterly profit growth >= 25%; Sales growth >= 20% or 2+ strong quarters; RS rating >= 80; Net profit margin up vs a year ago",6
SHILPAMED,0.4350785482096567,1.5130978756679268,1.4627075351213281,4.217499692226485,0.9782648401826485,1.0,1.0,1.9154773326706533,0.8584638020991894,0.030992056414109004,0.0654771221370063,0.2112276004305782,-0.03854991776982327,791062737.2,115.10824478123224,44.89516580601007,-32.5977869127113,4.314482506717213,12.0,198.00450994952726,7.07,1.0,9.375,-0.2099999999999973,20670.0,True,True,98.34250474383302,Pharmaceuticals,Healthcare,26.0,103,ROE >= 20%,1
SHK,-0.05702265537288435,-0.3462321792260693,0.25120252114778574,-0.8240773051662026,0.5815777586136094,0.0,0.0,0.8397148178263704,0.7011590789240627,0.0296436430222381,0.0446196123806768,-0.06887020463552984,-0.020276119211949998,57280619.67,2.781705670704482,14.11197243755382,97.60187022567155,0.032570878191574615,0.0,-12.474211162923766,-0.4200000000000004,1.0,5.069801616458487,-0.6699999999999999,20637.0,True,True,22.73055028462998,Specialty Chemicals,Commodities,40.0,103,"Uptrend (price > 50 > 150 > 200-day, 200-day rising); Within 15% of 52-week high; Quarterly profit growth >= 25%; Sales growth >= 20% or 2+ strong quarters; 3-year profit growth >= 15%/yr; ROE >= 20%; RS rating >= 80; Net profit margin up vs a year ago",8
SHREECEM,-0.08799215903921107,-0.19774676307381878,0.006752479426039182,-1.1803796736637118,0.7191679049034175,0.0,0.0,-0.7822563446397,1.7769257919403443,0.014582041679053297,0.02914389799635697,-0.09106843278163113,-0.01309042329037675,439177212.5,-17.50345223617179,18.032032540031206,-9.319341183604333,-0.3741712327029493,0.0,1.5518085897672007,-3.67,1.0,7.517084282460136,-0.09999999999999432,20643.0,True,True,11.928842504743834,Cement & Cement Products,Commodities,102.0,103,"Uptrend (price > 50 > 150 > 200-day, 200-day rising); Within 15% of 52-week high; Quarterly profit growth >= 25%; Sales growth >= 20% or 2+ strong quarters; 3-year profit growth >= 15%/yr; ROE >= 20%; RS rating >= 80; Net profit margin up vs a year ago",8
SHREEJISPG,0.423154048995762,1.8304203079483976,0.9634815242494228,5.42467253614027,0.9926980198019802,1.0,1.0,0.6230190561775811,1.82047776151201,0.022083101191876262,0.03807684348485907,0.17752931711814335,-0.04615619355045872,582211811.3,19.069696966764617,29.567591041627892,37.139263190208254,0.5968663114665939,0.0,,-1.8699999999999974,1.0,19.89596879063719,0.18000000000000016,20679.0,True,True,98.24857685009488,Shipping,Services,1.0,103,Quarterly profit growth >= 25%; 3-year profit growth >= 15%/yr; ROE >= 20%; Net profit margin up vs a year ago,4
SHRINGARMS,0.04982507552526363,0.19187223103429396,0.207725987917752,0.5200826571917273,0.8293808630393996,0.0,0.0,0.07221722649534133,4.519216226644587,0.012775391024509825,0.04024825158630918,0.0004136895952087105,-0.02605770388651082,78235304.805,19.30105364814345,64.9048435104176,-104.36803080942583,0.9975949210630748,0.0,,-2.37,1.0,16.986706056129986,-1.6599999999999993,20679.0,True,True,60.583491461100564,"Gems, Jewellery And Watches",Consumer Discretionary,10.0,103,"Uptrend (price > 50 > 150 > 200-day, 200-day rising); Within 15% of 52-week high; Quarterly profit growth >= 25%; 3-year profit growth >= 15%/yr; ROE >= 20%; RS rating >= 80; Net profit margin up vs a year ago",7
SHRIPISTON,0.1292324916759507,0.6795868502887605,0.5303582270795384,1.618710819244986,0.910922981622961,1.0,0.0,0.5162105587781258,2.4350906327983624,0.01928521720451492,0.04862261691740133,-0.017445706280498796,-0.029982006749747023,294775882.85,9.545224006762476,53.05719921104539,3.570489823438816,1.5894024997026457,0.0,20.411048013373478,-3.9800000000000004,1.0,19.33815925542916,4.02,20638.0,True,True,80.21442125237192,Auto Components & Equipments,Consumer Discretionary,18.0,103,"Uptrend (price > 50 > 150 > 200-day, 200-day rising); Quarterly profit growth >= 25%; ROE >= 20%; Net profit margin up vs a year ago",4
SHRIRAMFIN,0.1044076756821343,0.7015364498202028,0.12176724137931028,1.5413135487090954,0.8217040825171188,0.0,0.0,-0.2125959833649904,1.3858266106368742,0.018698265109919135,0.027936507936507926,-0.10076292866716574,-0.02270547844612309,4259413091.8,59.904252812655386,16.15861903969378,18.968311741551354,5.796321841715003,2.0,21.280822018888436,7.050000000000001,1.0,15.20677205012288,6.210000000000008,20658.0,True,True,74.95445920303605,Non Banking Financial Company (NBFC),Financial Services,41.0,103,"Uptrend (price > 50 > 150 > 200-day, 200-day rising); Within 15% of 52-week high; ROE >= 20%; RS rating >= 80",4
SHYAMMETL,0.06755124789880046,0.17207613598855764,0.34101208459214494,0.6087221397397014,0.9297038327526131,1.0,1.0,-0.09917405774139636,1.0045023689641808,0.015733226773144877,0.033130758674769556,0.021517623164991395,-0.022628096732931285,431847673.79999995,20.63649837932131,23.450724624562103,-20.953722025968922,0.5235980338622644,2.0,21.06155561891674,-0.15000000000000036,1.0,9.198993317712402,4.459999999999999,20654.0,True,True,65.56166982922201,Iron & Steel Products,Industrials,16.0,103,Quarterly profit growth >= 25%; ROE >= 20%; RS rating >= 80; Net profit margin up vs a year ago,4
SIEMENS,0.06269023328179105,0.280754862810769,0.30479002624671914,0.7121686440517654,0.9141080638164555,0.0,0.0,0.34073188868691845,0.7108470569825424,0.017026600310166073,0.04131204236578312,-0.028243203082567225,-0.018499474301909076,966169350.0,-18.623757186015546,14.752781361832646,-9.011554470963636,-0.9946854701506028,0.0,-5.290673322755413,-2.9899999999999993,1.0,17.698769290877124,0.17999999999999972,20648.0,True,True,63.87096774193548,Heavy Electrical Equipment,Industrials,36.0,103,"Uptrend (price > 50 > 150 > 200-day, 200-day rising); Quarterly profit growth >= 25%; Sales growth >= 20% or 2+ strong quarters; 3-year profit growth >= 15%/yr; ROE >= 20%; RS rating >= 80; Net profit margin up vs a year ago",7
SIGACHI,0.049399945786033565,-0.10046607975142408,0.7925696594427247,-0.4464922996652807,0.7187270501835985,0.0,0.0,0.4603046243625975,1.2653508428562374,0.04019280386493661,0.06492770059540676,-0.01878216696744861,-0.03377366060144291,74793411.57,-59.11026816289975,-5.44249512670566,-12.153378793822625,-1.156787525809128,0.0,-17.414874773584078,-8.82,1.0,-15.900383141762454,-0.06000000000000005,20678.0,True,True,60.489563567362424,Pharmaceuticals,Healthcare,26.0,103,"Uptrend (price > 50 > 150 > 200-day, 200-day rising); Within 15% of 52-week high; Quarterly profit growth >= 25%; Sales growth >= 20% or 2+ strong quarters; 3-year profit growth >= 15%/yr; ROE >= 20%; RS rating >= 80; Net profit margin up vs a year ago",8
SIGNATURE,-0.08607287029248513,-0.265514061779622,0.020825323593489653,-0.943808309687761,0.6174711846780483,0.0,0.0,-0.008893338808558386,1.2406467603321194,0.017514793106825743,0.020617886178861733,-0.09038798622751665,-0.03223105986479574,160226014.14999998,-100.0,-36.2355169983943,-161.33591167042314,-1.2232223096493469,0.0,,-6.970000000000001,0.0,59.189189189189186,-0.02999999999999936,20671.0,True,True,12.868121442125236,"Residential, Commercial Projects",Consumer Discretionary,66.0,103,"Uptrend (price > 50 > 150 > 200-day, 200-day rising); Within 15% of 52-week high; Quarterly profit growth >= 25%; Sales growth >= 20% or 2+ strong quarters; 3-year profit growth >= 15%/yr; RS rating >= 80; Net profit margin up vs a year ago",7
SILVERTUC,0.1270958306230213,1.3466051969823973,0.41543776860200543,1.6845750735052518,0.6232011070110701,0.0,0.0,-0.8094219117183243,0.4767679924913904,0.024829673542496725,0.09857806945583802,-0.2214887766696706,-0.05602975283857612,71418494.67,147.6715001683802,23.449367088607588,104.12777777227394,3.2505537109532714,6.0,61.652456706404735,6.430000000000001,1.0,21.301775147928996,-0.6599999999999999,20664.0,True,True,79.65085388994308,Computers - Software & Consulting,Information Technology,93.0,103,"Uptrend (price > 50 > 150 > 200-day, 200-day rising); Within 15% of 52-week high; RS rating >= 80",3
SIRCA,-0.01837010820171899,-0.08489583333333328,0.07081911262798646,-0.4994112051038552,0.7675324675324675,0.0,0.0,0.3642152304375367,0.4630151704875558,0.01401538301083286,0.02422145328719716,-0.02871819914915985,-0.009552264332909772,131628234.82499999,14.170496235501462,13.80427170868348,-11.185477731044925,0.7030899346591413,0.0,12.296755073237907,0.040000000000000924,1.0,13.684210526315791,3.3199999999999994,20655.0,True,True,38.32258064516129,Paints,Consumer Discretionary,74.0,103,"Uptrend (price > 50 > 150 > 200-day, 200-day rising); Within 15% of 52-week high; Quarterly profit growth >= 25%; Sales growth >= 20% or 2+ strong quarters; 3-year profit growth >= 15%/yr; ROE >= 20%; RS rating >= 80",7
SIS,0.04862406823197084,0.24894942761918548,0.49091852620653853,0.6457247931504552,0.8593408878261773,0.0,0.0,-0.37191782954260727,1.175546106609176,0.015259485762731369,0.06202435312024357,-0.023494721720804135,-0.01811694368469462,80460051.225,9.431686231272796,29.73349227417861,-81.97827433854506,0.2656653712301982,0.0,4.331814749318941,-0.41000000000000014,1.0,5.420267085624509,0.33999999999999986,20670.0,True,True,60.20777988614801,Other Consumer Services,Consumer Discretionary,,103,"Uptrend (price > 50 > 150 > 200-day, 200-day rising); Quarterly profit growth >= 25%; 3-year profit growth >= 15%/yr; ROE >= 20%; RS rating >= 80; Net profit margin up vs a year ago",6
SJS,0.05611340981952693,0.5794123690158208,0.4442009018036073,0.9510358034833192,0.7654826254826255,0.0,0.0,0.029820012188412938,2.1502790000592715,0.02378653691951273,0.06919682259488091,-0.1640785680133775,-0.06751245095536275,340971239.65,57.814564412873935,24.487265095869514,12.891170197730183,4.69731758920744,11.0,40.581606773873126,4.419999999999998,1.0,19.81566820276498,1.9400000000000048,20671.0,True,True,61.898481973434535,Auto Components & Equipments,Consumer Discretionary,18.0,103,"Uptrend (price > 50 > 150 > 200-day, 200-day rising); Within 15% of 52-week high; ROE >= 20%; RS rating >= 80",4
SJVN,-0.12418268629680981,-0.2754637343107853,-0.03634214802777358,-1.2017308715214365,0.611545138888889,0.0,0.0,-0.522837938806213,2.0544435249553197,0.00910319700944564,0.015333232123880158,-0.13243189990640858,-0.05047042550055429,110666583.48499998,-1.2500207308829392,51.9843043217614,80.80736165210386,-0.03297001974379829,0.0,-15.076533010399906,-8.689999999999998,1.0,4.50874359154435,0.040000000000000036,20665.0,True,True,5.166034155597723,Power Generation,Utilities,85.0,103,"Uptrend (price > 50 > 150 > 200-day, 200-day rising); Within 15% of 52-week high; Quarterly profit growth >= 25%; 3-year profit growth >= 15%/yr; ROE >= 20%; RS rating >= 80; Net profit margin up vs a year ago",7
SKFINDIA,-0.09952970999726228,-0.2981219384342859,0.021976575865245485,-1.251928993516157,0.5885696632684585,0.0,0.0,1.0808625065598418,0.731218966915152,0.016059114559999352,0.025058004640371223,-0.06863997580510584,-0.028408049376366828,59029088.0,-47.626269889310734,-54.19163776643416,52.373730110689266,-0.6797066601821902,0.0,-24.98465162690433,1.3199999999999985,1.0,20.0150489089541,-0.03999999999999915,20652.0,True,True,9.580645161290322,Abrasives & Bearings,Industrials,49.0,103,"Uptrend (price > 50 > 150 > 200-day, 200-day rising); Within 15% of 52-week high; Quarterly profit growth >= 25%; Sales growth >= 20% or 2+ strong quarters; 3-year profit growth >= 15%/yr; RS rating >= 80",6
SKFINDUS,,,0.3444832527315065,,0.852859850250101,0.0,0.0,0.5158283370971924,2.2603027202165076,0.020909354074175334,0.03853482955748455,-0.02885246736780145,-0.032161025633785846,108215588.25,-13.843999573331478,18.295699645394393,-11.941697104842032,,0.0,,-2.38,1.0,14.769647696476964,-0.3299999999999983,20679.0,True,True,,Abrasives & Bearings,Industrials,49.0,103,"Uptrend (price > 50 > 150 > 200-day, 200-day rising); Quarterly profit growth >= 25%; Sales growth >= 20% or 2+ strong quarters; 3-year profit growth >= 15%/yr; ROE >= 20%; RS rating >= 80; Net profit margin up vs a year ago",7
SKIPPER,0.03880966428581853,0.15404139008199924,0.6541206100461732,0.14052853128865686,0.8776750972762647,0.0,0.0,0.6985183828770739,0.9658617299342654,0.025323573477610967,0.06318655525302797,-0.01092395981210581,-0.025084631671319736,378585650.1,25.588077645040986,4.46381573700414,-37.22808708338627,1.8796297000660165,9.0,64.16301326874351,0.73,1.0,14.285714285714285,6.8500000000000005,20676.0,True,True,58.329222011385205,Heavy Electrical Equipment,Industrials,36.0,103,"Uptrend (price > 50 > 150 > 200-day, 200-day rising); ROE >= 20%; RS rating >= 80",3
SKMEGGPROD,0.087247047589419,0.7003968253968256,0.5645347775816953,0.7412556032646669,0.5789516129032258,0.0,0.0,-0.20849832739056243,0.5280079213813006,0.03332461675350132,0.04294935451837145,-0.11618855957242846,-0.045524905613888014,56553556.075,46.27769090075206,4.871940808195796,-253.72230909924792,0.40682852521419866,5.0,2.2129236225232107,3.66,1.0,26.329113924050635,0.65,20663.0,True,True,70.6337760910816,Meat Products including Poultry,Fast Moving Consumer Goods,33.0,103,"Uptrend (price > 50 > 150 > 200-day, 200-day rising); Within 15% of 52-week high; 3-year profit growth >= 15%/yr; RS rating >= 80",4
SKYGOLD,0.3902151038422822,1.9317201275558058,1.164381664589392,4.702871562123022,0.9800514081358964,1.0,1.0,0.6825616497166682,3.675792760788712,0.02893582153000379,0.04041108925965875,0.12513439515125402,-0.030648293098557895,671946558.5,140.78016446267213,77.92776068738729,3.0920106837797334,4.721838517679966,15.0,142.8562332390038,1.3599999999999999,1.0,23.519599666388658,2.6499999999999986,20674.0,True,True,97.30929791271348,"Gems, Jewellery And Watches",Consumer Discretionary,10.0,103,,0
SMARTWORKS,-0.0014578252218275765,-0.04150809806177547,0.41052357384735627,-0.38620741369470396,0.7905492730210016,0.0,0.0,0.07636530514396846,1.2306896055347256,0.020184947642863414,0.05279861511829198,-0.04788866124604285,-0.03645517636610882,37244823.6,100.0,44.04947126921759,0.0,3.432463136623905,3.0,,3.5200000000000005,1.0,2.0754716981132075,-0.02000000000000135,20656.0,True,True,44.52182163187856,Diversified Commercial Services,Services,55.0,103,"Uptrend (price > 50 > 150 > 200-day, 200-day rising); Within 15% of 52-week high; 3-year profit growth >= 15%/yr; ROE >= 20%; RS rating >= 80",5
SMCGLOBAL,0.26063382759133696,0.1675528093116827,0.30795235028976187,1.1275323100087724,0.9186666666666666,1.0,0.0,0.990120959919504,18.923928874289025,0.03321372950732738,0.15586513224308507,0.30917347736141676,-0.10611095616317069,68644204.035,22.59075128435841,21.21525898383263,-277.4092487156416,0.24804195637419085,2.0,-1.038568016442032,0.08000000000000007,1.0,7.898773006134969,-0.2699999999999996,20660.0,True,True,92.51897533206831,Stockbroking & Allied,Financial Services,17.0,103,"Uptrend (price > 50 > 150 > 200-day, 200-day rising); Quarterly profit growth >= 25%; 3-year profit growth >= 15%/yr; ROE >= 20%",4
SMLMAH,0.27521116674654555,0.9876609442060085,0.5359947324781738,1.5434821135241779,0.8835254040733492,1.0,1.0,1.0074562417176443,0.39741048595440065,0.049545985450577416,0.048582351067218754,0.05638514190398225,-0.04335505525980817,438879404.75,-5.095690857432933,13.199115724266752,-7.4802023024933995,-0.36945244042801834,0.0,46.968848630775724,-1.2800000000000002,1.0,30.828516377649322,1.3399999999999999,20679.0,True,True,93.45825426944971,Commercial Vehicles,Industrials,35.0,103,Quarterly profit growth >= 25%; Sales growth >= 20% or 2+ strong quarters; Net profit margin up vs a year ago,3
SMSPHARMA,0.17733178017486123,0.6066311911584117,0.004992958648060375,1.8875494283355772,0.9482253008393164,0.0,1.0,0.932543776665969,0.7148644084494483,0.03136429446306644,0.11019283746556474,0.1664124948066843,-0.05219919519745513,111666575.975,2.0292401728394083,5.5649069115021765,-58.925113468863174,0.11342905230180612,0.0,80.85220431904307,-0.34999999999999964,1.0,12.993630573248408,0.1499999999999999,20665.0,True,True,85.85009487666034,Pharmaceuticals,Healthcare,26.0,103,Quarterly profit growth >= 25%; Sales growth >= 20% or 2+ strong quarters; ROE >= 20%; Net profit margin up vs a year ago,4
SOBHA,-0.07262400603961672,-0.1682242990654207,0.03590163934426216,-0.6886262363078978,0.6916281755196305,0.0,0.0,-0.7012202737461909,4.345153270064582,0.012112452797978228,0.021691609214730123,-0.05885551047601678,-0.014568994624710292,93336171.05,273.1994559412159,50.0299320366697,148.1962403218464,1.642659722589174,2.0,27.361942061660717,2.38,1.0,4.088983050847458,-0.21999999999999886,20654.0,True,True,17.188804554079695,"Residential, Commercial Projects",Consumer Discretionary,66.0,103,"Uptrend (price > 50 > 150 > 200-day, 200-day rising); Within 15% of 52-week high; ROE >= 20%; RS rating >= 80",4
SOLARA,0.07609439456256213,0.034809358050675865,0.35830411220911684,0.23689970132314003,0.8833333333333334,0.0,1.0,1.1140162065411496,0.5422050520720589,0.033907931820046144,0.09058906360009389,0.08753573024914552,-0.03660442036960136,190092797.7,54.713229743779635,19.56760144132854,-45.286770256220365,0.0599063288788695,2.0,,0.9699999999999998,1.0,-0.5586592178770949,-0.08000000000000007,20657.0,True,True,67.53415559772296,Pharmaceuticals,Healthcare,26.0,103,3-year profit growth >= 15%/yr; ROE >= 20%; RS rating >= 80,3
SOLARINDS,0.11451867896612196,0.5832410483573274,0.6120423964519282,1.32857136213559,0.8832599118942731,0.0,1.0,-0.2041047424022059,1.609918393477616,0.0272955530278645,0.05630026809651478,0.014601147890894728,-0.024600531858069385,2679356587.5,88.98304177656868,70.26155167212049,28.416263110995608,6.413015032636863,3.0,35.174833554430386,1.8000000000000007,1.0,27.67245499442409,0.2699999999999996,20656.0,True,True,77.11480075901328,Explosives,Commodities,15.0,103,RS rating >= 80,1
SOLARWORLD,,,-0.12795654967003445,,0.33783783783783783,0.0,0.0,-0.6965328423974609,1.339513915343995,0.023392114575923485,0.054357592093441154,-0.12897420038172502,-0.036218961364103484,37549622.92,-26.427990750218733,146.80539273153576,-326.4279907502187,-0.15712781117539112,0.0,,-13.280000000000001,1.0,14.167650531286895,-2.620000000000001,20679.0,True,True,,Civil Construction,Industrials,90.0,103,"Uptrend (price > 50 > 150 > 200-day, 200-day rising); Within 15% of 52-week high; Quarterly profit growth >= 25%; 3-year profit growth >= 15%/yr; ROE >= 20%; RS rating >= 80; Net profit margin up vs a year ago",7
SOMANYCERA,0.11879998391873878,0.225079679085614,0.39442081561170883,1.0229375580471458,0.9832990343517491,1.0,1.0,0.8750282980443201,0.6617822344758579,0.017067609688313442,0.02942717429269992,0.12733238836932004,-0.035200335374553124,58455854.025000006,300.0,24.009000066176945,186.83390329156566,2.296640150837798,3.0,17.11692715488191,3.3500000000000005,1.0,8.788598574821853,-2.1799999999999997,20655.0,True,True,78.0540796963947,Ceramics,Consumer Discretionary,59.0,103,ROE >= 20%; RS rating >= 80,2
SONACOMS,0.19867633693986306,0.9464660170223262,0.5488810365135455,3.1790628897515396,0.9603080568720379,0.0,1.0,0.21226198933377508,1.4021085399508626,0.019140480264801352,0.038693919526931575,0.013104737905241803,-0.022017302878451918,1587431010.0,39.00749917089772,52.38139850803949,26.16636200044817,3.870228383514389,1.0,18.021605429143015,-1.3199999999999985,1.0,10.5131205081063,0.05000000000001137,20657.0,True,True,88.292220113852,Auto Components & Equipments,Consumer Discretionary,18.0,103,ROE >= 20%; Net profit margin up vs a year ago,2
SONATSOFTW,-0.06332232241013827,-0.16873087571033074,0.2278851534587405,-0.5968550416251547,0.6194756554307116,0.0,0.0,0.2444588208473134,0.6400200655599989,0.027190147371336345,0.05811547865337596,-0.15684801854186703,-0.051465011484440944,265116611.95,-1.1011656869211128,10.586878368260955,-43.74678108615351,-0.0544859618116285,0.0,2.934992427738714,-0.3900000000000001,1.0,24.35695538057743,-0.4399999999999977,20642.0,True,True,20.851992409867172,Computers - Software & Consulting,Information Technology,93.0,103,"Uptrend (price > 50 > 150 > 200-day, 200-day rising); Within 15% of 52-week high; Quarterly profit growth >= 25%; Sales growth >= 20% or 2+ strong quarters; 3-year profit growth >= 15%/yr; RS rating >= 80; Net profit margin up vs a year ago",7
SOTL,0.2882353877436153,0.8710532962869413,1.3119538077403248,2.080057310573656,0.9342166434216643,1.0,1.0,0.6099963389747266,2.684171128935853,0.03819658141831999,0.0664191419141913,0.14779708067137132,-0.03661778292444003,174226876.75,300.0,49.60469912649628,238.1323967226829,8.864586241929329,5.0,29.492761785669085,13.809999999999999,1.0,10.02754820936639,0.1399999999999988,20670.0,True,True,93.64611005692599,Lubricants,Energy,4.0,103,ROE >= 20%,1
SOUTHBANK,0.13115209585144255,0.6511871508379887,0.2695302013422818,1.542745164815171,0.9366614048934491,1.0,1.0,0.37583382354258715,1.590545612155193,0.01725065814222942,0.05989804587935432,0.020473971142105363,-0.0334768342711518,385120504.37,17.185957112982386,11.232877872030599,-1.7875366616439052,2.500365610053531,0.0,20.55483989054658,0.7299999999999986,1.0,12.752912323727776,2.6700000000000017,20650.0,True,True,80.49620493358634,Private Sector Bank,Financial Services,25.0,103,Quarterly profit growth >= 25%; Sales growth >= 20% or 2+ strong quarters; ROE >= 20%,3
SPAL,0.048645008408834386,0.4694745506928246,0.45539778517562324,0.6389433581038543,0.7859071937147065,0.0,0.0,0.562846180005889,0.6512881069157814,0.028965536962229737,0.030775806796323968,-0.03025076343894928,-0.022351082027001964,51666760.8,16.51667118358675,-0.5849692643267956,55.37779114649904,0.4636096544085463,0.0,13.656071132836844,0.9100000000000001,1.0,10.676532769556026,-0.4100000000000037,20676.0,True,True,60.30170777988615,Garments & Apparels,Consumer Discretionary,23.0,103,"Uptrend (price > 50 > 150 > 200-day, 200-day rising); Within 15% of 52-week high; Quarterly profit growth >= 25%; Sales growth >= 20% or 2+ strong quarters; 3-year profit growth >= 15%/yr; ROE >= 20%; RS rating >= 80",7
SPARC,0.12312274113430154,0.5489206398509086,0.6267329962485728,0.9141540015823614,0.6809342560553633,0.0,0.0,-0.1114843906424894,1.3360805340049808,0.025366255410911757,0.040788835605366724,-0.020533995369199753,-0.03377071271825747,163659017.115,100.0,300.0,0.0,0.04876399790056815,1.0,114.30766928432301,486.02000000000004,0.0,116.06875934230195,1.0699999999999998,20652.0,True,True,78.9933586337761,Pharmaceuticals,Healthcare,26.0,103,"Uptrend (price > 50 > 150 > 200-day, 200-day rising); Within 15% of 52-week high; RS rating >= 80",3
SPLPETRO,0.023079626128835712,-0.085621108805218,0.049690286570008846,-0.10472367082705748,0.8972747497219132,1.0,1.0,0.5277547608389371,0.8434738828972157,0.02372053442132382,0.07273853779429995,0.058577740799697686,-0.04512605356789326,108126548.85,189.75254090161607,22.29815038055223,130.02902816263955,3.7260623993772493,2.0,9.241517811489853,8.01,1.0,13.883045856121162,0.009999999999999787,20661.0,True,True,53.06925996204933,Petrochemicals,Commodities,30.0,103,3-year profit growth >= 15%/yr; ROE >= 20%; RS rating >= 80,3
SPORTKING,0.20380142400384654,1.3308928208257065,0.7475032400701382,2.1811672767707115,0.8352035112417706,0.0,0.0,0.7284016112991046,0.932379411347494,0.03286178499509734,0.04789955045729344,-0.051002443653416996,-0.02924981000802437,61858527.879999995,122.90849063576816,20.12290884260839,130.2901963838623,6.210245643451419,1.0,21.51305483535282,4.98,1.0,11.549566891241577,0.12999999999999998,20679.0,True,True,88.85578747628084,Other Textile Products,Consumer Discretionary,21.0,103,"Uptrend (price > 50 > 150 > 200-day, 200-day rising); Within 15% of 52-week high; ROE >= 20%",3
SRF,-0.03608164308930459,-0.08970693352394565,0.046511627906976605,-0.40545772929513885,0.7663551401869159,0.0,0.0,-0.41908594106498664,1.0638734493666493,0.016452225924873633,0.02253941373331725,-0.039105289842561675,-0.015982779720135423,581885280.5,75.58921485576174,31.808349613211064,63.24174166793049,2.539668780735591,1.0,5.408575860735421,3.76,1.0,13.067939040022788,0.04999999999999716,20656.0,True,True,31.46584440227704,Commodity Chemicals,Commodities,42.0,103,"Uptrend (price > 50 > 150 > 200-day, 200-day rising); Within 15% of 52-week high; 3-year profit growth >= 15%/yr; ROE >= 20%; RS rating >= 80",5
SRM,-0.06507855910542787,-0.14962295383483537,0.10398758357211091,-0.5113011557348767,0.6484344949611508,0.0,0.0,-0.43235527119999156,1.0451532496692528,0.018575701641887335,0.04966762824532811,-0.08338589356010373,-0.021508357700013553,31384822.950000003,54.60818529910236,37.82303370786515,-70.14681436738309,0.6941616601204258,7.0,,1.0899999999999999,1.0,29.919137466307276,-1.19,20678.0,True,True,20.28842504743833,Civil Construction,Industrials,90.0,103,"Uptrend (price > 50 > 150 > 200-day, 200-day rising); Within 15% of 52-week high; 3-year profit growth >= 15%/yr; RS rating >= 80",4
SSWL,0.33147412310528107,0.5959511313015482,0.901971090670171,2.0518968087005724,0.9774193548387097,1.0,1.0,1.1798789139457886,1.9333114694159954,0.03282830400857274,0.06934673366834154,0.24341943275217193,-0.05828531829550215,271850491.8,47.03804331487396,27.219872259390954,46.72036081466755,3.209457366817634,1.0,3.249746211852411,0.6199999999999997,1.0,10.526315789473683,-1.5500000000000007,20649.0,True,True,95.33681214421253,Auto Components & Equipments,Consumer Discretionary,18.0,103,3-year profit growth >= 15%/yr; ROE >= 20%,2
STAR,0.06643956394533164,0.29956460415772357,0.08006727485856979,0.9069238126923024,0.8728685859306843,0.0,1.0,0.8938877636287214,1.066535652226637,0.024003539007553643,0.11249528123820318,0.023227620265968474,-0.04993259284594203,229914056.6,0.22845971045999391,13.009270009109253,-24.95600488234555,0.008958786136863467,0.0,45.83566761776186,-1.1400000000000006,1.0,18.506598004505953,0.7000000000000028,20657.0,True,True,65.46774193548387,Pharmaceuticals,Healthcare,26.0,103,Quarterly profit growth >= 25%; Sales growth >= 20% or 2+ strong quarters; ROE >= 20%; RS rating >= 80; Net profit margin up vs a year ago,5
STARCEMENT,-0.09904886377614763,-0.2563440860215054,-0.09614105123087158,-1.3952230873610036,0.6405860805860806,0.0,0.0,-0.757077512827992,0.6673340980011676,0.01364217060483205,0.03143418467583481,-0.09050059912128883,-0.036680155251839715,32548441.03,-24.668824427451053,3.388195045998299,-47.46326541520253,-0.4174797369574079,0.0,11.06474726152169,-2.92,1.0,12.22187402068317,-0.2400000000000002,20672.0,True,True,9.674573055028462,Cement & Cement Products,Commodities,102.0,103,"Uptrend (price > 50 > 150 > 200-day, 200-day rising); Within 15% of 52-week high; Quarterly profit growth >= 25%; Sales growth >= 20% or 2+ strong quarters; 3-year profit growth >= 15%/yr; ROE >= 20%; RS rating >= 80; Net profit margin up vs a year ago",8
STARHEALTH,0.04306140907853644,0.27074783401732794,0.21546178170319497,1.1089574933280377,0.8863018082893264,0.0,0.0,0.7883565854580292,2.8899700454587443,0.014323419319797645,0.02858477347034083,-0.025654738553180345,-0.01442546494887336,205436402.5,25.495886550611367,13.147897713302182,-274.5041134493886,1.1817247250052196,2.0,6.809951572196393,0.9800000000000004,1.0,7.353135313531353,0.0800000000000054,20679.0,True,True,59.2685009487666,General Insurance,Financial Services,84.0,103,"Uptrend (price > 50 > 150 > 200-day, 200-day rising); 3-year profit growth >= 15%/yr; ROE >= 20%; RS rating >= 80",4
STEELCAS,0.16679822398313243,0.523475595597455,0.37403141361256553,1.627801825148098,0.9549756971092351,1.0,1.0,0.8887484492957696,1.9652662025688794,0.028569618439973816,0.10300834777130263,0.09969097888110201,-0.07282895338728355,34133836.0,19.316693354166127,16.993157746742902,32.70950129793163,0.5922832165420224,0.0,5.768484103554639,0.370000000000001,1.0,22.025316455696203,0.06000000000000005,20679.0,True,True,84.72296015180267,Castings & Forgings,Industrials,6.0,103,Quarterly profit growth >= 25%; Sales growth >= 20% or 2+ strong quarters; 3-year profit growth >= 15%/yr,3
STLNETWORK,0.37943910008103493,-0.03477097960548303,0.550483351235231,1.2059928879036892,0.8748672566371681,1.0,1.0,0.4945237854504586,5.942762508250308,0.0316623593888378,0.04999999999999982,0.4885595032312853,-0.0865253750968305,53739530.825,-100.0,-7.265069755198727,0.0,0.0316885237972452,0.0,,-0.6199999999999992,0.0,-12.359550561797752,-2.49,20662.0,True,True,96.93358633776091,Other Telecom Services,Telecommunication,79.0,103,Quarterly profit growth >= 25%; Sales growth >= 20% or 2+ strong quarters; 3-year profit growth >= 15%/yr; ROE >= 20%; Net profit margin up vs a year ago,5
STOVEKRAFT,0.0774732161576078,0.21949611835359595,0.7146534857378231,0.45769711165952753,0.9319840364880274,0.0,1.0,0.8172160144921278,0.750405195962972,0.02227741773735926,0.02963837454952145,0.014129698422506332,-0.014299249132338435,84959240.60000001,112.60958655794293,17.508484727490515,-187.39041344205708,,5.0,,3.6500000000000004,1.0,26.82119205298013,-0.46999999999999886,18772.0,True,True,68.0977229601518,Household Appliances,Consumer Discretionary,99.0,103,3-year profit growth >= 15%/yr; RS rating >= 80,2
STYL,,,0.6767959424598837,,0.8451251571608184,0.0,0.0,0.5266934542536948,3.5862170945722127,0.029911585768304487,0.031700699700128565,-0.026175004016995018,-0.019930420871876933,41145296.875,63.615537122644426,21.102068388715555,33.668937409825375,1.9031835310939473,2.0,,4.160000000000002,1.0,16.830294530154276,0.6499999999999995,20657.0,True,True,,Financial Technology (Fintech),Financial Services,37.0,103,"Uptrend (price > 50 > 150 > 200-day, 200-day rising); Within 15% of 52-week high; 3-year profit growth >= 15%/yr; ROE >= 20%; RS rating >= 80",5
STYLAMIND,0.1866543207631263,1.0784145293901095,0.5285411308153964,3.0665394458855117,0.8076144578313252,0.0,0.0,-0.10939879636286434,0.9076518811179911,0.021766660748707613,0.03564387419809112,-0.02055444637187831,-0.017180865499629275,112103520.19999999,70.3389904852906,15.36857728461376,41.006686720962705,2.6991282428541763,3.0,18.212953457766723,4.76,1.0,18.610421836228287,-1.3599999999999994,20656.0,True,True,86.88330170777988,Plywood Boards/ Laminates,Consumer Discretionary,57.0,103,"Uptrend (price > 50 > 150 > 200-day, 200-day rising); Within 15% of 52-week high; ROE >= 20%",3
STYLEBAAZA,0.07548872816263445,0.08088036726978132,0.35793044953350295,0.0448536371611846,0.8496980541265935,0.0,1.0,0.35124112316791845,1.5238042615938354,0.03214723430141624,0.04976051091005851,0.03124126268014127,-0.03097160718935952,336484058.0,13.867366423868832,28.719631609590856,-134.82183130356339,0.027713898894986173,0.0,,-0.06,1.0,10.444444444444445,-0.6999999999999993,20678.0,True,True,67.44022770398483,Speciality Retail,Consumer Discretionary,97.0,103,Within 15% of 52-week high; Quarterly profit growth >= 25%; 3-year profit growth >= 15%/yr; ROE >= 20%; RS rating >= 80; Net profit margin up vs a year ago,6
STYRENIX,-0.04469542681459158,-0.133796845853824,0.08254741973084667,-0.48857985448721153,0.754353562005277,0.0,0.0,-0.01288874629237921,0.9519476822959505,0.018859740270637797,0.02492421690804969,-0.06791857037068094,-0.01835827268454609,82125781.80000001,166.484844630727,7.139374668786425,132.65606708251727,4.083104792298811,2.0,28.660458335613104,8.18,1.0,13.386978785662034,0.010000000000001563,20669.0,True,True,28.55407969639469,Specialty Chemicals,Commodities,40.0,103,"Uptrend (price > 50 > 150 > 200-day, 200-day rising); Within 15% of 52-week high; ROE >= 20%; RS rating >= 80",4
SUDARSCHEM,0.07733516398147532,-0.09756457564575649,0.6065164553635944,-0.23798598408309643,0.9016465745369008,0.0,1.0,0.8518556481363342,1.4796532856028066,0.023561454837993382,0.04819976771196277,0.03985547483992269,-0.01719305549727453,297631444.8,88.16761628316807,5.39311500259283,-79.502264885646,1.0810863625495202,2.0,25.16740231354202,1.7200000000000002,1.0,1.1884057971014492,2.039999999999999,20662.0,True,True,68.00379506641366,Dyes And Pigments,Commodities,,103,ROE >= 20%; RS rating >= 80,2
SUDEEPPHRM,,,1.2019214841808843,,0.8493468795355589,0.0,1.0,0.6938387895799253,0.6704326435964512,0.03186886719067832,0.04952581664910438,0.04324325287952613,-0.02771161897727801,253064745.325,29.835407885177556,26.69708613512649,20.000920234198418,,1.0,,0.6199999999999974,1.0,19.70554926387316,-2.210000000000001,20648.0,True,True,,Pharmaceuticals,Healthcare,26.0,103,Within 15% of 52-week high; 3-year profit growth >= 15%/yr; ROE >= 20%; RS rating >= 80,4
SULA,-0.1390565171391943,-0.4240878169449599,-0.05761811397128591,-1.553125817080682,0.5003187699231202,0.0,0.0,0.2082413735484687,0.5166882598585949,0.018491639572682912,0.017742656925600286,-0.08728187740391524,-0.013861349024181655,35622605.78,-45.3281102818263,2.9460051076249494,-11.975236379938117,-0.13064343085433344,0.0,-33.12290289583982,-0.8300000000000001,1.0,4.421768707482993,-1.5100000000000016,20671.0,True,True,3.0056925996204935,Breweries & Distilleries,Fast Moving Consumer Goods,56.0,103,"Uptrend (price > 50 > 150 > 200-day, 200-day rising); Within 15% of 52-week high; Quarterly profit growth >= 25%; Sales growth >= 20% or 2+ strong quarters; 3-year profit growth >= 15%/yr; ROE >= 20%; RS rating >= 80; Net profit margin up vs a year ago",8
SUMICHEM,-0.057109562632945185,-0.07150922092585621,0.25006333924499624,-0.583681992006795,0.737610348745739,0.0,0.0,-0.13339779220906225,2.1094759135645726,0.01885602590440962,0.014644808743169424,-0.14949840663227987,-0.04109655620433098,124007118.525,9.280540523328696,0.621699880769877,-2.2478064736364036,0.5422092554066743,0.0,10.304576213867488,1.4499999999999993,1.0,16.01769911504425,-0.040000000000000924,20637.0,True,True,22.63662239089184,Pesticides & Agrochemicals,Commodities,101.0,103,"Uptrend (price > 50 > 150 > 200-day, 200-day rising); Within 15% of 52-week high; Quarterly profit growth >= 25%; Sales growth >= 20% or 2+ strong quarters; 3-year profit growth >= 15%/yr; ROE >= 20%; RS rating >= 80",7
SUNDARMFIN,-0.006100962115796138,0.08981151537884458,0.01102653327533698,0.02834589047813785,0.762353775257001,0.0,0.0,0.36216058995257366,1.0074033920456233,0.014425385935981498,0.018601818011432902,-0.058534499023994435,-0.03990040617203068,168456687.35000002,33.87900291930232,12.567424316603738,32.48562590979247,2.9706332777198248,1.0,11.305723451958215,3.8299999999999983,1.0,13.825287047606258,-0.08000000000000185,20635.0,True,True,42.079696394686906,Non Banking Financial Company (NBFC),Financial Services,41.0,103,"Uptrend (price > 50 > 150 > 200-day, 200-day rising); Within 15% of 52-week high; Sales growth >= 20% or 2+ strong quarters; 3-year profit growth >= 15%/yr; ROE >= 20%; RS rating >= 80",6
SUNDRMFAST,0.08124060616290187,0.23754593711719063,0.582120717781403,0.5649213732025947,0.8365498812351544,0.0,0.0,0.5870565904384099,0.6972584858071409,0.01903980199909719,0.045397750937109516,-0.03319810688694069,-0.034159814792345096,166872401.77499998,14.028764942804939,20.391420317075237,-15.652545917174445,1.558078299578719,0.0,8.272746903278772,-0.5099999999999998,1.0,13.871345029239764,0.060000000000002274,20669.0,True,True,69.22485768500948,Auto Components & Equipments,Consumer Discretionary,18.0,103,"Uptrend (price > 50 > 150 > 200-day, 200-day rising); Within 15% of 52-week high; Quarterly profit growth >= 25%; 3-year profit growth >= 15%/yr; ROE >= 20%; RS rating >= 80; Net profit margin up vs a year ago",7
SUNFLAG,0.24276553865697026,0.30958277767193754,0.5212003186686731,1.764338607941802,0.9901899394698392,1.0,1.0,1.5538568314156396,1.9306753139876736,0.026880774079563265,0.09998591747641172,0.2792372035831583,-0.10716199280653045,71830935.375,5.445501011502785,5.445501011502785,26.125484252548613,0.2550436067371134,0.0,-1.191532572017151,0.0,1.0,2.276825969341749,0.49,20676.0,True,True,91.76755218216319,Iron & Steel Products,Industrials,16.0,103,Quarterly profit growth >= 25%; Sales growth >= 20% or 2+ strong quarters; 3-year profit growth >= 15%/yr; ROE >= 20%; Net profit margin up vs a year ago,5
SUNPHARMA,0.013630217517757505,0.19486566412886175,0.12061843502891545,0.618622569559081,0.8700962430993209,0.0,0.0,-0.34384707363027034,1.2593333365426342,0.011082350017877735,0.01719915092799229,-0.06075902905371333,-0.01738411006025702,2845881709.6000004,5.528046570096645,10.45728229637437,-7.654673917677135,0.4396496830746933,0.0,12.694988615581138,-0.9299999999999997,1.0,13.77168840493,-0.3400000000000034,20641.0,True,True,50.06356736242885,Pharmaceuticals,Healthcare,26.0,103,"Uptrend (price > 50 > 150 > 200-day, 200-day rising); Quarterly profit growth >= 25%; Sales growth >= 20% or 2+ strong quarters; 3-year profit growth >= 15%/yr; ROE >= 20%; RS rating >= 80; Net profit margin up vs a year ago",7
SUNTECK,-0.09722635490545713,-0.2902002606943951,-0.019800360006545614,-0.8645480871187566,0.5886772486772486,0.0,0.0,-0.14802245865225888,0.5978752685118591,0.0186859405448111,0.04551111111111106,-0.05585124438228961,-0.019243879667681943,35569601.650000006,25.503009561190403,1.7204757858963582,0.8515732369012134,0.26794556393629243,5.0,423.61863635296413,4.149999999999999,1.0,5.5940182774854605,-2.769999999999996,20655.0,True,True,9.862428842504745,"Residential, Commercial Projects",Consumer Discretionary,66.0,103,"Uptrend (price > 50 > 150 > 200-day, 200-day rising); Within 15% of 52-week high; ROE >= 20%; RS rating >= 80",4
SUNTV,0.10465886038943102,-0.10679059180576644,-0.19949001274968126,0.5523620914791358,0.9587287242054526,1.0,0.0,1.6216379523679434,24.819256391035346,0.023658373118437954,0.09353818346136467,0.28530032410165296,-0.10743853121275082,146328075.525,16.955902987021876,12.989428651145495,49.313139505421105,2.1934597816063306,0.0,-4.318487915594272,1.4399999999999977,1.0,11.39761132642569,-0.4499999999999993,20677.0,True,True,75.04838709677419,TV Broadcasting & Software Production,Consumer Discretionary,,103,"Uptrend (price > 50 > 150 > 200-day, 200-day rising); Quarterly profit growth >= 25%; Sales growth >= 20% or 2+ strong quarters; 3-year profit growth >= 15%/yr; ROE >= 20%; RS rating >= 80",6
SUPRAJIT,-0.004510993369526942,0.039120069354139586,0.1597726173197871,0.02637850249657927,0.8317389360751005,0.0,0.0,0.5481610627870629,0.7570637191973819,0.015407367962144529,0.03059017406530029,-0.0671645532557491,-0.02097895361513685,39497650.975,8.59438384688751,23.94891762851712,-151.96250094118915,0.12902741375358084,0.0,5.933484112136456,-0.6900000000000004,1.0,12.734864300626306,-0.120000000000001,20671.0,True,True,42.549335863377614,Auto Components & Equipments,Consumer Discretionary,18.0,103,"Uptrend (price > 50 > 150 > 200-day, 200-day rising); Within 15% of 52-week high; Quarterly profit growth >= 25%; 3-year profit growth >= 15%/yr; ROE >= 20%; RS rating >= 80; Net profit margin up vs a year ago",7
SUPREMEIND,-0.0022225446570789814,-0.17624748133222712,-0.053700778824682716,-0.5704226529851267,0.8267542327487832,0.0,0.0,0.28256977383677195,1.9865798269898172,0.018992068129320114,0.07053582107403433,0.013602256764010612,-0.02216973981630531,542916647.5,38.83044218921285,4.156430490454954,-8.6712183932246,1.0526128636227545,2.0,5.9957441306345505,2.58,1.0,15.464418868536228,-0.20000000000000284,20662.0,True,True,43.95825426944972,Plastic Products - Industrial,Industrials,45.0,103,"Uptrend (price > 50 > 150 > 200-day, 200-day rising); Within 15% of 52-week high; 3-year profit growth >= 15%/yr; ROE >= 20%; RS rating >= 80",5
SUPRIYA,0.06416730755941834,0.1778882673848492,0.38550889448460746,0.4769743668501923,0.8195852534562212,0.0,1.0,0.07581941544835075,1.040825216846539,0.0269424904729675,0.06595532625901379,0.01706100536065769,-0.044687129540344,217008499.775,-30.891477255839174,30.79892465706211,-78.2350831791986,-0.9480263194738191,0.0,28.746278502571453,-11.31,1.0,17.445742904841403,0.620000000000001,20679.0,True,True,64.34060721062619,Pharmaceuticals,Healthcare,26.0,103,Within 15% of 52-week high; Quarterly profit growth >= 25%; ROE >= 20%; RS rating >= 80; Net profit margin up vs a year ago,5
SURAKSHA,0.06620327124469978,0.11392192997151951,0.3284184448173899,0.2256700358720604,0.8936111111111111,0.0,1.0,1.424779329167561,0.5904422229161111,0.027785930731124262,0.04177857356013126,0.024525555813871946,-0.03764966105884833,30982318.725,39.932492144139474,20.746659319465486,54.01575644466541,2.8677395652439976,1.0,,2.01,1.0,12.704918032786885,0.0899999999999963,20677.0,True,True,65.27988614800759,Healthcare Service Provider,Healthcare,32.0,103,3-year profit growth >= 15%/yr; ROE >= 20%; RS rating >= 80,3
SURYAROSNI,-0.06857929013766846,-0.24011934011934,0.029972881678481444,-0.614898307769788,0.6942448330683625,0.0,0.0,-0.4253077018757468,2.343196644375227,0.015079033632594108,0.04574712643678147,-0.022748817711368607,-0.024873511911340216,91408085.35,76.74049381924632,27.54468626131179,101.21481656317168,0.7026672661151018,1.0,-5.775393463206823,0.81,1.0,10.858010630220196,-1.0699999999999994,20676.0,True,True,18.973434535104364,Iron & Steel Products,Industrials,16.0,103,"Uptrend (price > 50 > 150 > 200-day, 200-day rising); Within 15% of 52-week high; 3-year profit growth >= 15%/yr; ROE >= 20%; RS rating >= 80",5
SURYODAY,0.018625770370398538,0.13807813201616526,0.1524820007578629,0.3799123712341158,0.71348623853211,0.0,0.0,-1.0289470395435938,0.7906039134422018,0.025890592632305226,0.03139043987471046,0.012502327180030637,-0.02049978628968332,54682120.05,113.24275648835163,25.686127996445673,13.242756488351631,0.7883542421639741,2.0,17.724833203298406,4.96,1.0,7.314725697786333,-0.129999999999999,20679.0,True,True,51.19070208728653,Other Bank,Financial Services,22.0,103,"Uptrend (price > 50 > 150 > 200-day, 200-day rising); Within 15% of 52-week high; ROE >= 20%; RS rating >= 80",4
SUVEN,0.12999841236177537,0.873513084853291,1.2521448999046711,0.8852844495272146,0.7575306805503904,0.0,0.0,-0.027081881752853424,1.2846373128479005,0.03410966620586389,0.039827611829395204,-0.1023531831134874,-0.047896141770094686,190784593.97500002,-100.0,90.90909090909089,0.0,-3.613098836399792,0.0,-1.3875381400049513,-819.4300000000003,0.0,-46.7005076142132,-0.28000000000000025,20666.0,True,True,80.30834914611005,"Healthcare Research, Analytics & Technology",Healthcare,48.0,103,"Uptrend (price > 50 > 150 > 200-day, 200-day rising); Within 15% of 52-week high; Quarterly profit growth >= 25%; 3-year profit growth >= 15%/yr; ROE >= 20%; Net profit margin up vs a year ago",6
SUZLON,-0.10737153385405629,-0.17963096960926195,0.09040634767973055,-0.9430177625815207,0.6234146341463416,0.0,0.0,-0.9391748326039419,1.2913943661181273,0.01808493196788371,0.014104372355430161,-0.14827633701065868,-0.04660657846569706,2138838836.185,-5.938648526347934,22.2679549895904,-0.3190081606836985,-0.04447833995409202,0.0,119.21911456226644,-2.3899999999999997,1.0,33.421386306001686,2.239999999999995,20662.0,True,True,7.983870967741935,Heavy Electrical Equipment,Industrials,36.0,103,"Uptrend (price > 50 > 150 > 200-day, 200-day rising); Within 15% of 52-week high; Quarterly profit growth >= 25%; RS rating >= 80; Net profit margin up vs a year ago",5
SWANCORP,-0.11279376041165516,-0.37686773657996675,-0.10278884462151394,-1.1437735513485923,0.5507495948136143,0.0,0.0,0.8104257675187255,0.7424737483257748,0.015246036499913079,0.07383396362326677,-0.08215528912868064,-0.04693092508470343,240793411.97500002,-100.0,-16.438615869038397,-200.0,-0.21675081021532433,0.0,16.033968677334553,-5.77,0.0,3.5960721868365177,-0.03999999999999915,20678.0,True,True,6.85673624288425,Petrochemicals,Commodities,30.0,103,"Uptrend (price > 50 > 150 > 200-day, 200-day rising); Within 15% of 52-week high; Quarterly profit growth >= 25%; Sales growth >= 20% or 2+ strong quarters; ROE >= 20%; RS rating >= 80; Net profit margin up vs a year ago",7
SWSOLAR,-0.09855509614577437,-0.22870159453302963,0.11896893588896229,-0.6996293245416589,0.6445935582822087,0.0,0.0,-0.10996503336362644,1.4737084245389263,0.019975121056159464,0.053872465184461316,-0.11277860577836496,-0.03100775323529531,140601836.435,37.44851746290754,-9.735301964657728,-120.47060564082145,0.46022032491352927,10.0,,1.15,1.0,-45.60862865947612,-0.27999999999999936,20650.0,True,True,9.768500948766604,Civil Construction,Industrials,90.0,103,"Uptrend (price > 50 > 150 > 200-day, 200-day rising); Within 15% of 52-week high; 3-year profit growth >= 15%/yr; ROE >= 20%; RS rating >= 80",5
SYMPHONY,-0.12494423734201933,-0.35091153114864104,-0.19300563164847384,-1.1915354826029048,0.5750940285434593,0.0,0.0,0.7785942957416846,0.3300452973286671,0.017168792496750955,0.06914893617021267,-0.08324244056927332,-0.024823868197649365,33131072.6,13.971581485217953,50.59760956175299,113.97158148521795,0.07137461545877143,0.0,-67.46257993751887,-3.4000000000000004,1.0,-25.871559633027523,-1.0999999999999996,20647.0,True,True,4.884250474383302,Household Appliances,Consumer Discretionary,99.0,103,"Uptrend (price > 50 > 150 > 200-day, 200-day rising); Within 15% of 52-week high; Quarterly profit growth >= 25%; 3-year profit growth >= 15%/yr; ROE >= 20%; RS rating >= 80; Net profit margin up vs a year ago",7
SYNCOMF,0.3043201899757666,0.26412776412776395,0.7529812606473594,1.1174962402335185,0.9072389959985451,1.0,1.0,0.918357230713236,5.737938864171261,0.043138856051248925,0.17927927927927922,0.3737413796902196,-0.10011361723526127,156954219.81,58.079634676478165,7.382378100940978,15.75590141877126,4.159870791803651,9.0,60.755329777928104,6.350000000000001,1.0,18.313253012048193,0.13999999999999999,20676.0,True,True,94.49146110056927,Pharmaceuticals,Healthcare,26.0,103,ROE >= 20%,1
SYNGENE,-0.1090929712976863,-0.35601497639589763,-0.009514271407110586,-1.2945442347732325,0.530672361735032,0.0,0.0,-0.7661631298210365,0.5047550859454433,0.015696628029329644,0.043625524996612874,-0.08007414556428749,-0.025495956302374577,189253476.15,-94.90439686163464,-15.837621497998855,-78.06554723759909,-2.6018652088330056,0.0,-15.091365168758408,-9.31,1.0,6.550940276916719,-0.5200000000000031,20637.0,True,True,7.420303605313093,"Healthcare Research, Analytics & Technology",Healthcare,48.0,103,"Uptrend (price > 50 > 150 > 200-day, 200-day rising); Within 15% of 52-week high; Quarterly profit growth >= 25%; Sales growth >= 20% or 2+ strong quarters; 3-year profit growth >= 15%/yr; ROE >= 20%; RS rating >= 80; Net profit margin up vs a year ago",8
SYRMA,0.25437006878851115,0.8331970564186426,0.8024737167594309,2.6835815537796153,0.9583561944474926,1.0,1.0,1.037532646675379,1.8735081570890857,0.030407295896873663,0.1218005901324366,0.13521150926522885,-0.03695695316749746,1753974127.1,111.5549570893395,68.28958240640691,43.429373944003814,2.6550387892267104,8.0,44.51089240797535,1.3600000000000003,1.0,12.085225288159274,0.22000000000000242,20663.0,True,True,92.42504743833017,Industrial Products,Industrials,11.0,103,ROE >= 20%,1
TALBROAUTO,0.10126986019081025,0.3481567201190281,0.6541582150101419,0.9260067728331286,0.858480856319473,0.0,0.0,0.14101175178217545,0.7603388327163241,0.02428596482930248,0.09535845588235303,-0.017293096663673957,-0.054081783598685707,71225504.625,35.16971340749699,15.307603017991877,16.16719592270612,3.5668408060231513,1.0,22.360222118975635,1.8499999999999996,1.0,13.997308209959622,0.87,20675.0,True,True,74.29696394686907,Auto Components & Equipments,Consumer Discretionary,18.0,103,"Uptrend (price > 50 > 150 > 200-day, 200-day rising); Sales growth >= 20% or 2+ strong quarters; ROE >= 20%; RS rating >= 80",4
TANLA,-0.055963303428529954,-0.21596208816007234,0.2377389858686616,-0.5656110260453459,0.66076558220322,0.0,0.0,-0.07976283359978263,0.5412696490653036,0.023998394971166504,0.031008550530544854,-0.08762187641247488,-0.008330222661725615,233854644.825,20.022014723183123,17.847327657448165,5.469872591109937,1.5536355021415074,1.0,3.3613883959716873,0.20999999999999908,1.0,20.458199356913184,0.1299999999999999,20656.0,True,True,23.294117647058822,Software Products,Information Technology,64.0,103,"Uptrend (price > 50 > 150 > 200-day, 200-day rising); Within 15% of 52-week high; Quarterly profit growth >= 25%; Sales growth >= 20% or 2+ strong quarters; 3-year profit growth >= 15%/yr; RS rating >= 80",6
TARC,-0.039757670532219444,-0.19468577588940328,0.09549689440993792,-0.5415354416266457,0.6561460010735373,0.0,0.0,-0.04361413919720508,0.510047107336116,0.021731506231052185,0.06228836916292635,-0.04042703508909651,-0.02569845990940769,53048072.235,-58.22283765156164,186.11147713796282,-158.22283765156163,-0.49063406961431427,0.0,-2.2406743732197754,-61.00000000000001,1.0,1.7890772128060264,0.11000000000000032,20676.0,True,True,29.86907020872865,"Residential, Commercial Projects",Consumer Discretionary,66.0,103,"Uptrend (price > 50 > 150 > 200-day, 200-day rising); Within 15% of 52-week high; Quarterly profit growth >= 25%; 3-year profit growth >= 15%/yr; ROE >= 20%; RS rating >= 80; Net profit margin up vs a year ago",7
TARIL,-0.09720154554627616,-0.38468615824984675,0.09655674986336304,-0.6864083421393204,0.5769154030327215,0.0,0.0,1.4647567218072652,22.908404040056624,0.019027770792753806,0.039614957423176556,-0.009685661248450383,-0.020199468548078945,267811258.625,-4.690120839646783,8.125366028753334,-4.420454897954251,-0.14260355919622417,0.0,124.73922333456184,-1.5099999999999998,1.0,17.953795379537954,-0.7599999999999998,20654.0,True,True,9.956356736242885,Heavy Electrical Equipment,Industrials,36.0,103,"Uptrend (price > 50 > 150 > 200-day, 200-day rising); Within 15% of 52-week high; Quarterly profit growth >= 25%; Sales growth >= 20% or 2+ strong quarters; ROE >= 20%; RS rating >= 80; Net profit margin up vs a year ago",7
TARSONS,0.09596350492647646,0.09139697511790534,0.8244345367551111,0.2115160015456514,0.9112,0.0,1.0,1.5298415007391168,0.4254873565976221,0.036936090233853316,0.11499509964064036,0.04187629205466403,-0.03752563914958848,39928076.125,-100.0,20.665499124343256,-39.367531030465926,-0.4309019170097628,0.0,-50.020133233898314,-3.26,0.0,2.204724409448819,-0.81,20675.0,True,True,72.79411764705883,Medical Equipment & Supplies,Healthcare,,103,Quarterly profit growth >= 25%; 3-year profit growth >= 15%/yr; ROE >= 20%; RS rating >= 80; Net profit margin up vs a year ago,5
TATACAP,,,0.21769480519480533,,0.8215017939518197,0.0,0.0,0.2584898916241111,1.4401566331678948,0.01592434155700112,0.026238639695103982,-0.10142376188220248,-0.035392173208194384,429328950.92499995,56.456690843213785,15.096525549883166,9.793583410197492,1.4168001174435738,3.0,,4.880000000000001,1.0,10.664602503161658,0.2599999999999998,20658.0,True,True,,Non Banking Financial Company (NBFC),Financial Services,41.0,103,"Uptrend (price > 50 > 150 > 200-day, 200-day rising); Within 15% of 52-week high; 3-year profit growth >= 15%/yr; ROE >= 20%; RS rating >= 80",5
TATACHEM,-0.10148088936330255,-0.3245083207261724,-0.014426487977926672,-0.9109341050660418,0.6456326098464795,0.0,0.0,-0.6354278740226051,0.646359645118176,0.03378007149801003,0.1999346885460036,-0.06521569174498709,-0.08312570384443349,378438412.625,-81.02098919696947,14.412476472169944,-73.582729514714,-1.4498356341151974,0.0,-68.10252855938243,-7.09,1.0,-8.08733377346034,-1.5599999999999952,20661.0,True,True,9.204933586337761,Commodity Chemicals,Commodities,42.0,103,"Uptrend (price > 50 > 150 > 200-day, 200-day rising); Within 15% of 52-week high; Quarterly profit growth >= 25%; Sales growth >= 20% or 2+ strong quarters; 3-year profit growth >= 15%/yr; ROE >= 20%; RS rating >= 80; Net profit margin up vs a year ago",8
TATACOMM,0.0009030902998656484,0.0887166769993799,0.2519426819704853,0.0862053983460962,0.7865402843601895,0.0,0.0,-0.3925992659294869,2.4952759777235345,0.014399187237677136,0.02923006520993021,-0.035632103758454825,-0.030790793387962034,359150393.70000005,-27.26280351220166,10.452779851841898,-11.323091939503515,-0.5631261521156345,0.0,-13.122952415782251,-1.3999999999999995,1.0,28.923701769654777,0.020000000000003126,20656.0,True,True,45.46110056925996,Telecom - Cellular & Fixed line services,Telecommunication,67.0,103,"Uptrend (price > 50 > 150 > 200-day, 200-day rising); Within 15% of 52-week high; Quarterly profit growth >= 25%; Sales growth >= 20% or 2+ strong quarters; 3-year profit growth >= 15%/yr; RS rating >= 80; Net profit margin up vs a year ago",7
TATACONSUM,-0.048647341381595516,-0.10070341020389983,-0.04283548142532223,-0.5875609089557791,0.7550479457394558,0.0,0.0,-0.6467556789189143,1.374453847717468,0.012635583305043647,0.023328964613368308,-0.06174466085726593,-0.02015301351401949,1210264773.1,28.86094502504242,11.926778282076889,-5.499263025831809,1.4102647369376562,3.0,9.902122592980934,1.0499999999999998,1.0,7.100238663484487,0.09999999999999432,20658.0,True,True,26.018026565464897,Tea & Coffee,Fast Moving Consumer Goods,43.0,103,"Uptrend (price > 50 > 150 > 200-day, 200-day rising); Within 15% of 52-week high; 3-year profit growth >= 15%/yr; ROE >= 20%; RS rating >= 80",5
TATAELXSI,-0.12933163305711112,-0.3288058856819468,-0.1671933150761885,-1.323929539830876,0.5180672268907563,0.0,0.0,0.14622836310537762,1.3105858200801708,0.016484446130561287,0.01684895063553049,-0.12178336240304,-0.031770531219043864,641039111.5,36.545071637476156,9.341906202723148,7.779726387801443,1.3697512573461579,2.0,43.41815082906309,2.5700000000000003,1.0,36.042402826855124,-1.5899999999999999,16626.0,True,True,4.320683111954459,Computers - Software & Consulting,Information Technology,93.0,103,"Uptrend (price > 50 > 150 > 200-day, 200-day rising); Within 15% of 52-week high; RS rating >= 80",3
TATAINVEST,-0.0773249472445321,-0.2833879905009611,0.07043918918918934,-0.7194502491692942,0.5193719929095973,0.0,0.0,1.1328955340905145,0.2836333003786592,0.022224443708576333,0.10362574896297438,-0.062490000959907865,-0.055492350930606026,158528053.35000002,-1.9054956298156567,4.262340162243916,-71.12097853789884,-0.09327058422931615,0.0,11.632092321602139,-5.950000000000003,1.0,1.4851823968243103,0.06000000000000005,20669.0,True,True,15.40417457305503,Investment Company,Financial Services,96.0,103,"Uptrend (price > 50 > 150 > 200-day, 200-day rising); Within 15% of 52-week high; Quarterly profit growth >= 25%; Sales growth >= 20% or 2+ strong quarters; 3-year profit growth >= 15%/yr; ROE >= 20%; RS rating >= 80; Net profit margin up vs a year ago",8
TATAPOWER,-0.03720879966441959,-0.05166859940729285,-0.041292171421128065,-0.5095844116844638,0.7424177242417724,0.0,0.0,-0.690201415766599,1.2986423019152145,0.011908324439834899,0.023862375138734793,-0.0634361568184778,-0.02443904057278086,1373541494.25,10.916248176469479,5.634522072828108,-4.52305204329455,1.5176513647355325,0.0,11.089248535852603,0.34999999999999964,1.0,12.967467315293401,0.129999999999999,20661.0,True,True,30.714421252371917,Integrated Power Utilities,Utilities,80.0,103,"Uptrend (price > 50 > 150 > 200-day, 200-day rising); Within 15% of 52-week high; Quarterly profit growth >= 25%; Sales growth >= 20% or 2+ strong quarters; 3-year profit growth >= 15%/yr; ROE >= 20%; RS rating >= 80",7
TATASTEEL,-0.0038223772016434867,0.11723280861640428,-0.03727689954105051,0.1499648720675603,0.7827094474153297,0.0,0.0,-0.3277224986468541,1.8509116044372949,0.012836669082482377,0.031626750283829885,-0.05419071487113325,-0.02563121195700119,4433994612.785,24.187349546199567,14.321999348604276,-111.73132022113107,0.49878881427656147,6.0,85.80006119551788,0.3400000000000003,1.0,10.65510389851909,0.09000000000000341,20664.0,True,True,43.11290322580645,Iron & Steel,Commodities,63.0,103,"Uptrend (price > 50 > 150 > 200-day, 200-day rising); Within 15% of 52-week high; Quarterly profit growth >= 25%; ROE >= 20%; RS rating >= 80",5
TATATECH,0.014885870047513343,0.1830819284235432,0.4724829744156085,0.09545427301076512,0.7829405162738496,0.0,0.0,0.5864100585058672,0.5846846220352222,0.022716829627460914,0.030214779759737853,-0.1023519511234754,-0.027732285572692906,677294324.775,6.203745728029508,33.78151395574989,14.881749933057852,0.4774837065198509,0.0,-7.238215913067336,-2.8200000000000003,1.0,13.943410655110885,1.570000000000002,20651.0,True,True,50.34535104364326,IT Enabled Services,Information Technology,50.0,103,"Uptrend (price > 50 > 150 > 200-day, 200-day rising); Within 15% of 52-week high; Quarterly profit growth >= 25%; 3-year profit growth >= 15%/yr; ROE >= 20%; RS rating >= 80; Net profit margin up vs a year ago",7
TATVA,0.32171651256784417,0.6928895612708019,0.491072221728702,1.9022102143489754,0.9956,1.0,1.0,-0.11467582123066748,3.719013561486564,0.036362851378661944,0.06430556453176495,0.16668912703388394,-0.038938166054183425,106202793.15,155.26309852986785,42.95738490501455,-144.73690147013215,1.1306843836324543,5.0,2.4060037516586474,4.47,1.0,5.377720870678617,0.23999999999999932,20651.0,True,True,94.86717267552181,Specialty Chemicals,Commodities,40.0,103,3-year profit growth >= 15%/yr; ROE >= 20%,2
TBOTEK,0.08754597467619407,0.14377624271976175,0.540264477884177,0.426903450226933,0.9616361071932299,1.0,0.0,0.39596242487962363,6.857823172950722,0.02075413670641372,0.03817442495599921,0.02437341641305224,-0.014392659291517458,252459440.89999998,47.079362506051226,81.07103739633861,30.24191518589754,4.664598153023456,1.0,,-2.08,1.0,15.731785944551902,-0.030000000000001137,20663.0,True,True,70.91555977229602,"Tour, Travel Related Services",Consumer Discretionary,98.0,103,"Uptrend (price > 50 > 150 > 200-day, 200-day rising); 3-year profit growth >= 15%/yr; ROE >= 20%; RS rating >= 80; Net profit margin up vs a year ago",5
TCS,-0.053496120727530294,-0.20444736024308552,-0.06867698775213227,-0.9965216250588742,0.6209850746268657,0.0,0.0,-0.3111312382332274,1.6152615080067327,0.01818214589561583,0.022809887313703925,-0.08214257035377415,-0.020933257859558116,6196734402.6,8.520024741085596,13.93193246843325,-3.5973068587613852,2.2459718117929306,0.0,7.122419730238172,-0.9600000000000009,1.0,46.115255501678476,-0.5199999999999996,20643.0,True,True,24.23339658444023,Computers - Software & Consulting,Information Technology,93.0,103,"Uptrend (price > 50 > 150 > 200-day, 200-day rising); Within 15% of 52-week high; Quarterly profit growth >= 25%; Sales growth >= 20% or 2+ strong quarters; 3-year profit growth >= 15%/yr; RS rating >= 80; Net profit margin up vs a year ago",7
TDPOWERSYS,0.34793826941297795,1.5677410401415535,0.6839590443686008,3.3691635007229537,0.9591169255928046,1.0,1.0,1.1771763228451864,3.870399895996103,0.03959851678353456,0.07666204986149583,0.141615362797604,-0.04477635180350007,1608732094.0,72.35844047294184,72.10271578381284,36.26088853000917,6.633839277625925,9.0,39.6452580204149,0.019999999999999574,1.0,22.294776119402986,1.1300000000000026,20656.0,True,True,96.27609108159393,Heavy Electrical Equipment,Industrials,36.0,103,,0
TECHM,0.022356551015182705,0.13199121003756997,0.10169023801310795,0.20768704045637862,0.8042610571736785,0.0,0.0,0.05280202879280299,1.4377035434881937,0.013628631181721553,0.022647631408176494,-0.06049833723768505,-0.014258091415445758,3216761055.75,31.74763627390187,17.68155671400322,12.898354984770076,1.4736989846659831,1.0,6.614090517992888,1.0100000000000016,1.0,16.227714748784443,-0.3500000000000085,20650.0,True,True,52.59962049335863,Computers - Software & Consulting,Information Technology,93.0,103,"Uptrend (price > 50 > 150 > 200-day, 200-day rising); Within 15% of 52-week high; Sales growth >= 20% or 2+ strong quarters; 3-year profit growth >= 15%/yr; ROE >= 20%; RS rating >= 80",6
TECHNOE,-0.06625950493235117,-0.26486040228159713,-0.07650968745580544,-0.6598355675621829,0.7112118595279218,0.0,0.0,-0.1274316655717822,0.8540300547180801,0.021301057768186193,0.04646085102061548,-0.0048092995903636915,-0.016039724124734416,143277202.39999998,-15.842587859502977,19.843337072456602,-0.8831607275650128,-0.6733596430652432,0.0,62.43287423679354,-6.279999999999999,1.0,11.402453692566755,-1.6799999999999997,20676.0,True,True,19.72485768500949,Civil Construction,Industrials,90.0,103,"Uptrend (price > 50 > 150 > 200-day, 200-day rising); Within 15% of 52-week high; Quarterly profit growth >= 25%; Sales growth >= 20% or 2+ strong quarters; ROE >= 20%; RS rating >= 80; Net profit margin up vs a year ago",7
TEGA,0.09164576779213479,-0.17904115400933385,-0.09737609329446062,0.3488054472644187,0.9661510464058234,1.0,0.0,1.5370234168541874,3.0172729327965464,0.028871973270975352,0.11816434686389843,0.21156106299706745,-0.05038185027974657,373469072.1,-100.0,300.0,-41.86761981323739,-4.205811773349667,0.0,-8.140922449249288,-16.2,0.0,4.197240974464338,0.370000000000001,20678.0,True,True,71.94876660341556,Industrial Products,Industrials,11.0,103,"Uptrend (price > 50 > 150 > 200-day, 200-day rising); Quarterly profit growth >= 25%; 3-year profit growth >= 15%/yr; ROE >= 20%; RS rating >= 80; Net profit margin up vs a year ago",6
TEJASNET,-0.058864608374156635,0.03418371642670692,0.44590935844614465,-0.36512316791051963,0.7238464521132222,0.0,0.0,0.8416011130450988,0.5986554455571633,0.026579506654986033,0.02731001727115734,-0.10746046013501886,-0.047452006614910454,604668482.2,-100.0,99.10882265570851,0.0,-0.02792778148846611,0.0,219.14448452127706,45.690000000000005,0.0,-31.013306038894573,0.25,20661.0,True,True,22.26091081593928,Telecom -  Equipment & Accessories,Telecommunication,31.0,103,"Uptrend (price > 50 > 150 > 200-day, 200-day rising); Within 15% of 52-week high; Quarterly profit growth >= 25%; ROE >= 20%; RS rating >= 80",5
TEMBO,0.0007199209567111172,0.014575741801145181,0.1719783523752254,-0.04704212919670291,0.674074074074074,0.0,0.0,0.1117120966102861,2.351248682832294,0.028154594674806046,0.055636100036245084,-0.029944155594069044,-0.020222903052588104,69791373.02,55.25402881520891,21.856359825890713,-37.92617360813438,2.5921803079910273,13.0,151.1153505631663,2.2200000000000006,1.0,21.63355408388521,-0.3200000000000003,20676.0,True,True,45.27324478178368,Iron & Steel Products,Industrials,16.0,103,"Uptrend (price > 50 > 150 > 200-day, 200-day rising); Within 15% of 52-week high; RS rating >= 80",3
TENNIND,,,-0.020996878842334255,,0.7312024353120243,0.0,0.0,-1.1626523972659488,0.32864818341377655,0.017351581275116105,0.036276988912662844,-0.09375589511412952,-0.028147724783729504,375845544.7,-1.6320152859837012,20.156033664690987,-20.378762862728074,,0.0,,-2.370000000000001,1.0,50.41736227045075,-0.379999999999999,20670.0,True,True,,Auto Components & Equipments,Consumer Discretionary,18.0,103,"Uptrend (price > 50 > 150 > 200-day, 200-day rising); Within 15% of 52-week high; Quarterly profit growth >= 25%; 3-year profit growth >= 15%/yr; RS rating >= 80; Net profit margin up vs a year ago",6
TEXRAIL,-0.01002064317170595,-0.15612950163695882,0.28563511416537346,-0.36746387183685186,0.8018169112508735,0.0,0.0,0.740658422593801,6.325811058379782,0.02469226584292476,0.048221532585342564,0.014545293779565815,-0.05837232086566103,183292509.645,70.83888447041267,-16.903140786294756,22.50688705424082,0.6028271627182745,2.0,54.08455393737916,3.4,1.0,8.171861836562764,-2.869999999999999,20668.0,True,True,40.48292220113852,Railway Wagons,Industrials,87.0,103,"Uptrend (price > 50 > 150 > 200-day, 200-day rising); Within 15% of 52-week high; ROE >= 20%; RS rating >= 80",4
TFCILTD,0.42052029300945976,0.9869625520110958,1.2152466367713002,2.203553048489931,0.9885714285714287,1.0,1.0,1.3451981451576391,2.0297924588151397,0.025679043763492674,0.08240312833274088,0.16402828411342996,-0.02254285752823839,1567211497.6350002,-8.246264860611753,-17.462372552192907,0.7998938180744251,-0.4161557317956103,0.0,-3.2476760872503063,3.6199999999999974,1.0,9.071504802561366,2.64,19398.0,True,True,98.0607210626186,Financial Institution,Financial Services,86.0,103,Quarterly profit growth >= 25%; Sales growth >= 20% or 2+ strong quarters; 3-year profit growth >= 15%/yr; ROE >= 20%,4
THANGAMAYL,0.20067649656207795,1.6704061701807982,0.4207679394601507,2.2969354304586096,0.6464333781965007,0.0,0.0,-0.348960563374203,0.43691452173146156,0.035139725908533044,0.048534608189565676,-0.0883085970050661,-0.035821754867679544,458385829.0,86.34454308962995,71.1565865995661,-213.65545691037005,0.8210498380673654,4.0,48.75287613691863,0.2599999999999998,1.0,24.858757062146893,0.18999999999999773,20679.0,True,True,88.48007590132828,"Gems, Jewellery And Watches",Consumer Discretionary,10.0,103,"Uptrend (price > 50 > 150 > 200-day, 200-day rising); Within 15% of 52-week high",2
THELEELA,0.13352077857846228,0.33538201976379844,0.3369932432432432,1.4322024804009406,0.9920955125566078,1.0,1.0,0.8781393523384391,2.256984565521018,0.02119966706497682,0.07533733133433262,0.12582014161283173,-0.038473878713538426,209073496.64999998,300.0,28.083263583099804,253.76866094867052,1.3467151000710402,7.0,,10.68,1.0,6.292941911305435,0.25,20665.0,True,True,80.68406072106261,Hotels & Resorts,Consumer Discretionary,65.0,103,3-year profit growth >= 15%/yr; ROE >= 20%,2
THERMAX,-0.028465191952917062,0.16161583905476595,0.1101751815906733,0.08873657692543842,0.6120732123233166,0.0,0.0,0.17772872830961062,1.7179949626667406,0.019194023212927028,0.030750531753266364,-0.14889491233912666,-0.038380575883015126,512471485.29999995,-85.55649257725243,6.7299180080925725,-103.58541414587988,-2.9565926736541694,0.0,4.136472695618809,-6.069999999999999,1.0,12.972972972972974,-0.060000000000002274,20640.0,True,True,34.28368121442125,Heavy Electrical Equipment,Industrials,36.0,103,"Uptrend (price > 50 > 150 > 200-day, 200-day rising); Within 15% of 52-week high; Quarterly profit growth >= 25%; Sales growth >= 20% or 2+ strong quarters; 3-year profit growth >= 15%/yr; ROE >= 20%; RS rating >= 80; Net profit margin up vs a year ago",8
THOMASCOOK,-0.07592047384773074,-0.28980344761783605,0.14854438843740359,-0.8367942086747236,0.5949112426035503,0.0,0.0,1.0301619811801523,0.34675852859050627,0.0237235390710705,0.025333591181589732,-0.046768455943143494,-0.019158158397464965,75596478.905,-13.126048605458573,-13.126048605458573,40.7402578552997,-0.4051367108939148,0.0,35.55293604910097,0.0,1.0,8.64100549882168,-1.3899999999999988,20668.0,True,True,15.87381404174573,"Tour, Travel Related Services",Consumer Discretionary,98.0,103,"Uptrend (price > 50 > 150 > 200-day, 200-day rising); Within 15% of 52-week high; Quarterly profit growth >= 25%; Sales growth >= 20% or 2+ strong quarters; ROE >= 20%; RS rating >= 80; Net profit margin up vs a year ago",7
THYROCARE,0.06603162271039281,0.4698828992014694,0.5183818684938728,0.780020798704008,0.7749999999999999,0.0,0.0,-0.6927091987915609,0.6377364970394535,0.024613521134653923,0.03316090892296342,-0.11281076697210912,-0.03646553854680797,170205363.675,34.05769180956328,24.343366316116665,-91.85717548312739,1.532735922862619,10.0,44.423469500263366,1.5500000000000007,1.0,27.863247863247864,-0.019999999999999574,20657.0,True,True,65.09203036053131,Healthcare Service Provider,Healthcare,32.0,103,"Uptrend (price > 50 > 150 > 200-day, 200-day rising); Within 15% of 52-week high; RS rating >= 80",3
TI,0.09838550822205001,0.19709172259507834,0.26441398865784516,0.6730779420820536,0.9074531095755183,1.0,1.0,0.8076431505533695,2.4464800439344074,0.020917602790847332,0.046724092926129,0.021345387140917937,-0.038692657785287944,500629553.6,-30.26228849250474,155.66554235713937,8.10305414698416,-1.0907248466190729,0.0,32.62189331190493,-15.729999999999999,1.0,0.7042253521126761,0.370000000000001,20661.0,True,True,73.26375711574953,Breweries & Distilleries,Fast Moving Consumer Goods,56.0,103,Quarterly profit growth >= 25%; ROE >= 20%; RS rating >= 80; Net profit margin up vs a year ago,4
TIIL,0.06172513834691287,0.4642709813448229,0.42070621720181456,0.6208545512456014,0.7616189380977758,0.0,0.0,0.8340616598751294,0.7545605617846867,0.02524947867357665,0.029489088087168547,-0.09565646002491146,-0.0404482800961548,96417297.75,67.28292887300151,27.197598167022207,50.30116449359145,5.175139286723939,1.0,5.879343501264334,4.1,1.0,14.483440434997528,0.33000000000000007,20678.0,True,True,63.58918406072107,Iron & Steel Products,Industrials,16.0,103,"Uptrend (price > 50 > 150 > 200-day, 200-day rising); Within 15% of 52-week high; 3-year profit growth >= 15%/yr; ROE >= 20%; RS rating >= 80",5
TIINDIA,-0.07970443365230895,-0.12928419286129222,0.04456231367842345,-0.6690830998683962,0.7159990405372991,0.0,0.0,0.014107456358661377,2.1171151416678478,0.01988467028664353,0.0658189655172412,-0.11190779907099901,-0.041799409013763035,612087802.7,-3.022364445992176,17.070253491201814,-49.36535222324352,-0.15907129583044727,0.0,-1.835346795917514,-0.9799999999999995,1.0,14.423945297380984,0.18999999999999773,20648.0,True,True,14.652751423149905,Auto Components & Equipments,Consumer Discretionary,18.0,103,"Uptrend (price > 50 > 150 > 200-day, 200-day rising); Within 15% of 52-week high; Quarterly profit growth >= 25%; Sales growth >= 20% or 2+ strong quarters; 3-year profit growth >= 15%/yr; ROE >= 20%; RS rating >= 80; Net profit margin up vs a year ago",8
TIMETECHNO,-0.01709220646097072,-0.12043863742417171,0.10902565309484591,-0.4021016139925813,0.8071208791208792,0.0,0.0,0.45041966949364,1.2603212082784445,0.020716061840354214,0.026927924830984384,-0.03575914668727964,-0.01682135550518603,585147931.365,21.98548321113829,25.140280190736686,1.8280810043391327,3.4434692963565685,3.0,28.31531820036439,-0.17999999999999972,1.0,11.66829745596869,-2.150000000000002,20670.0,True,True,38.79222011385199,Plastic Products - Industrial,Industrials,45.0,103,"Uptrend (price > 50 > 150 > 200-day, 200-day rising); Within 15% of 52-week high; Quarterly profit growth >= 25%; ROE >= 20%; RS rating >= 80; Net profit margin up vs a year ago",6
TIMKEN,0.005844158313724094,0.04378465032395984,-0.06000360923965353,0.16165643947663164,0.7979617834394904,0.0,0.0,0.22352829626197734,1.9052813571817802,0.01639036545359824,0.03901178546669182,-0.01702381677223519,-0.018567358166095158,103412329.65,10.297734507150146,14.733999854046576,27.082308214925575,0.4543982811524181,0.0,5.512837143485383,-0.5099999999999998,1.0,14.241592312971859,-0.00999999999999801,20655.0,True,True,47.245730550284634,Abrasives & Bearings,Industrials,49.0,103,"Uptrend (price > 50 > 150 > 200-day, 200-day rising); Within 15% of 52-week high; Quarterly profit growth >= 25%; Sales growth >= 20% or 2+ strong quarters; 3-year profit growth >= 15%/yr; ROE >= 20%; RS rating >= 80; Net profit margin up vs a year ago",8
TINNARUBR,0.025166443638390067,0.07003850556769708,0.664292651343477,-0.06585836299056856,0.7038956127080181,0.0,0.0,-0.23702296815306956,0.5151723084022257,0.03579475740183063,0.03886010362694292,-0.09822911599222417,-0.036414259291730866,41286652.95,75.24352861601284,19.889460351577483,44.14300380411626,1.8516365603748954,3.0,39.519774420933416,4.16,1.0,17.666666666666668,-1.3100000000000005,20654.0,True,True,54.57210626185959,Rubber,Industrials,,103,"Uptrend (price > 50 > 150 > 200-day, 200-day rising); Within 15% of 52-week high; ROE >= 20%; RS rating >= 80",4
TIPSMUSIC,0.012854769362477843,0.08844961889605485,0.24021759877839277,0.1902000742739485,0.8635627530364373,0.0,0.0,0.012956334769083295,1.0569760099429024,0.027041843890807556,0.02190580503833517,-0.026787303064730317,-0.014702145979966793,140088298.60000002,-4.667019412010376,20.937890314522555,-97.61473772334193,-0.25226025165189364,0.0,35.40965608220154,-11.019999999999996,1.0,83.46153846153847,0.9299999999999997,20679.0,True,True,49.78178368121442,Media & Entertainment,Consumer Discretionary,44.0,103,"Uptrend (price > 50 > 150 > 200-day, 200-day rising); Quarterly profit growth >= 25%; RS rating >= 80; Net profit margin up vs a year ago",4
TIRUMALCHM,-0.13862120853635526,-0.44120156416637046,-0.08880644600313026,-1.0767114397296136,0.5035234042553192,0.0,0.0,-0.19629326694869634,0.7612842045878307,0.024995251959013882,0.050216120010170284,-0.07319102754172258,-0.042137840782247304,65369080.33,-100.0,21.46872569714475,0.0,0.6436855891527604,0.0,57.1216173004919,5.33,0.0,-10.741687979539643,-0.4599999999999991,20647.0,True,True,3.0996204933586338,Commodity Chemicals,Commodities,42.0,103,"Uptrend (price > 50 > 150 > 200-day, 200-day rising); Within 15% of 52-week high; Quarterly profit growth >= 25%; ROE >= 20%; RS rating >= 80",5
TITAGARH,-0.007871363629265996,-0.014468999039167985,0.36365058262297634,-0.26748261159083075,0.8236354273944387,0.0,0.0,0.26969514847141923,1.874895027565731,0.01661894361031258,0.02821586282043942,-0.04313690769606271,-0.01680700570287343,305888063.0,66.99751772869638,12.626232886795252,-204.57648896705177,0.6305039927433205,2.0,3.6317295191244714,2.24,1.0,5.00814332247557,3.1199999999999974,20677.0,True,True,41.32827324478178,Railway Wagons,Industrials,87.0,103,"Uptrend (price > 50 > 150 > 200-day, 200-day rising); Within 15% of 52-week high; 3-year profit growth >= 15%/yr; ROE >= 20%; RS rating >= 80",5
TITAN,0.04561190031046217,0.4759496648241799,0.18226136925649405,1.203646249357984,0.8438891780901151,0.0,0.0,-0.10537833222152879,3.692286997521911,0.01260982091759714,0.015942482025633087,-0.11324600180713851,-0.03967732841692228,3011148513.8999996,62.93350499487404,29.25013617381831,31.90201173765645,2.226461466176476,5.0,21.68623876486404,1.7200000000000006,1.0,32.30592880341336,0.04999999999999716,20638.0,True,True,59.7381404174573,"Gems, Jewellery And Watches",Consumer Discretionary,10.0,103,"Uptrend (price > 50 > 150 > 200-day, 200-day rising); Within 15% of 52-week high; RS rating >= 80",3
TMB,0.19389338360131259,1.2043735224586292,0.48231460138303817,2.7607551423743,0.9194613288618738,0.0,0.0,-0.42831685459629826,1.1049932723529743,0.024309986526871545,0.04260254596888258,-0.0067237336817282944,-0.017730089011169372,131345186.15,34.97549074025088,19.923678439519854,6.993941543370433,4.832273150040471,2.0,10.981762647668347,2.7600000000000016,1.0,13.234421364985163,0.5900000000000016,20679.0,True,True,87.72865275142314,Private Sector Bank,Financial Services,25.0,103,"Uptrend (price > 50 > 150 > 200-day, 200-day rising); 3-year profit growth >= 15%/yr; ROE >= 20%",3
TMPV,-0.09542983318660465,-0.23573286226016976,0.013337670787247902,-0.9800883276501152,0.6312737006468883,0.0,0.0,-0.717241137147756,1.574334649859449,0.015567022363742754,0.04485049833887045,-0.10137619631278472,-0.037183372936825894,2591455897.0249996,-67.29281984773058,9.263546882306638,-43.12460450655779,-0.476760875790601,0.0,-53.08312170464943,-2.13,1.0,73.74540457579327,0.0,20678.0,True,True,10.425996204933586,Passenger Cars & Utility Vehicles,Consumer Discretionary,100.0,103,"Uptrend (price > 50 > 150 > 200-day, 200-day rising); Within 15% of 52-week high; Quarterly profit growth >= 25%; Sales growth >= 20% or 2+ strong quarters; 3-year profit growth >= 15%/yr; RS rating >= 80; Net profit margin up vs a year ago",7
TNPETRO,0.11879437405829917,0.2743685777393643,0.5713439905269388,0.5532373646013246,0.8557044696918157,0.0,1.0,1.2281775581416103,0.50770374362146,0.027463871328313978,0.05655507477415944,0.06669878014030428,-0.021789900240250633,90842755.585,125.9068583070602,68.49528087946264,214.94278249005384,2.6475839621945823,1.0,19.05793963042981,2.6099999999999994,1.0,9.528487229862476,0.33000000000000007,20676.0,True,True,77.96015180265654,Petrochemicals,Commodities,30.0,103,ROE >= 20%; RS rating >= 80,2
TNPL,-0.005722546244668324,0.05193840334999322,0.19596099209091622,-0.1051362421809414,0.8156472261735419,0.0,0.0,0.5953743021746556,0.36530657143833434,0.024007928371476757,0.03165477592297572,-0.033943720061353155,-0.02173627620201902,30214354.73,100.0,0.39751335259610165,-200.0,0.13489405314189765,4.0,-16.988314170561413,1.15,1.0,10.708117443868739,-0.9600000000000009,20679.0,True,True,42.267552182163186,Paper & Paper Products,Commodities,24.0,103,"Uptrend (price > 50 > 150 > 200-day, 200-day rising); Within 15% of 52-week high; 3-year profit growth >= 15%/yr; ROE >= 20%; RS rating >= 80",5
TORNTPHARM,0.05335334098595777,0.35420732727374116,0.21073885731379005,1.421456964861546,0.8983238095238095,0.0,0.0,-0.28674523856617556,0.9775233896391495,0.01622931859268176,0.026859504132231482,-0.04144497464896146,-0.018536042336242013,1734214968.65,5.805319051074775,54.84581497797356,26.418121883818802,0.397625584192525,0.0,20.6987537912392,-5.459999999999999,1.0,25.48879351454459,5.569999999999997,20664.0,True,True,61.61669829222012,Pharmaceuticals,Healthcare,26.0,103,"Uptrend (price > 50 > 150 > 200-day, 200-day rising); Quarterly profit growth >= 25%; RS rating >= 80; Net profit margin up vs a year ago",4
TORNTPOWER,-0.019230928392469118,0.0611828132658061,-0.05800884634906822,0.03235707816148183,0.6778685379091058,0.0,0.0,-0.05811737623943919,0.6105114049963064,0.013876342925998065,0.027948354589828472,-0.03896374410087733,-0.01513967083732633,281736585.4,-10.719714725827966,2.7544878370225456,58.52641459145627,-0.18480312151631798,0.0,2.8910617273345096,-1.2300000000000004,1.0,12.943643512450853,0.0,20645.0,True,True,38.040796963946875,Integrated Power Utilities,Utilities,80.0,103,"Uptrend (price > 50 > 150 > 200-day, 200-day rising); Within 15% of 52-week high; Quarterly profit growth >= 25%; Sales growth >= 20% or 2+ strong quarters; 3-year profit growth >= 15%/yr; ROE >= 20%; RS rating >= 80; Net profit margin up vs a year ago",8
TRANSRAILL,-0.08123886184429066,-0.41911913943576207,-0.13412666397741024,-0.8498134564661012,0.6250652060511216,0.0,0.0,1.235339256507341,5.63060914415481,0.027339832928516203,0.15197971994205695,0.047613635370129304,-0.06195015887053781,162977850.4,1.8033152192634905,4.59020146520146,25.491957837372404,0.06391218850561313,0.0,,-0.16999999999999993,1.0,17.711530030688294,-1.3100000000000005,20671.0,True,True,14.277039848197346,Heavy Electrical Equipment,Industrials,36.0,103,"Uptrend (price > 50 > 150 > 200-day, 200-day rising); Within 15% of 52-week high; Quarterly profit growth >= 25%; Sales growth >= 20% or 2+ strong quarters; 3-year profit growth >= 15%/yr; ROE >= 20%; RS rating >= 80; Net profit margin up vs a year ago",8
TRAVELFOOD,-0.03554723893617877,-0.02313489073097219,0.02046760607730458,-0.3557103778500762,0.808756543612754,0.0,0.0,0.4578614811817749,0.8087987478335962,0.015705963180989244,0.019561688311688252,-0.07580051710421654,-0.01450322197350165,42339898.65,35.5764823773892,20.575923210238646,20.538228413840745,1.5220384330454362,1.0,,3.1499999999999986,1.0,31.323631323631325,0.40999999999999837,20678.0,True,True,31.74762808349146,Restaurants,Consumer Discretionary,71.0,103,"Uptrend (price > 50 > 150 > 200-day, 200-day rising); Within 15% of 52-week high; 3-year profit growth >= 15%/yr; RS rating >= 80",4
TRENT,-0.015698222158118558,-0.09533971531580665,0.11631510370813825,-0.238626524723729,0.8501632496985029,0.0,0.0,-0.35444577449251724,6.892699368153199,0.020341115419931832,0.12635658914728687,0.006617912874246956,-0.037421023913467355,2044650971.0,21.903811950946263,17.840351552581367,-10.720872201219379,1.4032580641808248,2.0,60.06903545188682,0.3000000000000007,1.0,24.63851109520401,0.4299999999999997,20671.0,True,True,39.35578747628083,Speciality Retail,Consumer Discretionary,97.0,103,"Uptrend (price > 50 > 150 > 200-day, 200-day rising); Quarterly profit growth >= 25%; RS rating >= 80",3
TRIDENT,-0.06619954415960427,-0.14143567874911156,-0.0012401818933444053,-0.6992279848731404,0.7210730446024562,0.0,0.0,-0.27491190705284724,2.006437308722812,0.008941052874600914,0.03296703296703285,-0.06722970148005702,-0.020526804230040534,58978650.275,12.981443643974355,4.683371511931056,36.54454665890743,0.415960713539526,0.0,-0.6891255049870981,0.6500000000000004,1.0,7.900251466890193,0.14000000000000012,20644.0,True,True,19.91271347248577,Other Textile Products,Consumer Discretionary,21.0,103,"Uptrend (price > 50 > 150 > 200-day, 200-day rising); Within 15% of 52-week high; Quarterly profit growth >= 25%; Sales growth >= 20% or 2+ strong quarters; 3-year profit growth >= 15%/yr; ROE >= 20%; RS rating >= 80",7
TRITURBINE,-0.008046725251934974,0.11222425585203744,0.25938045375218155,0.06405305346511743,0.6747714575926866,0.0,0.0,-0.31952355525838455,0.7767780278654528,0.018669897247596465,0.029585798816567976,-0.07835499937568502,-0.023208702769883474,236591955.2,-20.651030964183025,19.229733369243185,-28.360492966881267,-0.9357069323863402,0.0,17.207469585346136,-5.800000000000001,1.0,24.13554633471646,-0.759999999999998,20675.0,True,True,41.23434535104364,Heavy Electrical Equipment,Industrials,36.0,103,"Uptrend (price > 50 > 150 > 200-day, 200-day rising); Within 15% of 52-week high; Quarterly profit growth >= 25%; Sales growth >= 20% or 2+ strong quarters; RS rating >= 80; Net profit margin up vs a year ago",6
TRIVENI,0.02037647840673511,0.3499020568070519,0.14501121541912432,0.52250209378412,0.7784375992378534,0.0,0.0,0.31476560731839454,0.9007199704048985,0.029185790550851024,0.030599500416319758,-0.04213466462013615,-0.01770510926426766,180742775.1,100.0,2.1053923627037285,126.06852350962048,0.19624171543436686,1.0,-18.15931571563706,0.66,1.0,8.046664672449895,-0.32000000000000206,20663.0,True,True,51.94212523719165,Sugar,Fast Moving Consumer Goods,9.0,103,"Uptrend (price > 50 > 150 > 200-day, 200-day rising); Within 15% of 52-week high; Sales growth >= 20% or 2+ strong quarters; 3-year profit growth >= 15%/yr; ROE >= 20%; RS rating >= 80",6
TRUALT,,,0.009016490686914347,,0.8175774134790529,0.0,0.0,0.5820795871777635,1.0728172059522465,0.021372037601334125,0.05899384726746293,0.014588739500357217,-0.03695956855881719,98330249.5,300.0,106.28516897561617,338.34140365321707,1.8909214542585064,1.0,,7.889999999999999,1.0,6.377383300460224,-1.1300000000000008,20662.0,True,True,,Other Agricultural Products,Fast Moving Consumer Goods,58.0,103,"Uptrend (price > 50 > 150 > 200-day, 200-day rising); Within 15% of 52-week high; 3-year profit growth >= 15%/yr; ROE >= 20%; RS rating >= 80",5
TTKPRESTIG,-0.051117230500455815,-0.11433742524394075,0.23396557395022466,-0.5087889753562834,0.6714859958506224,0.0,0.0,1.2078318293763366,0.18205691051512174,0.019297470234731228,0.03872725503551622,-0.09976235881906059,-0.020474577962055214,34131732.85,110.85185575953673,33.571311340883,-83.31640172758279,1.4145513238065213,2.0,-6.183955293092058,2.4299999999999997,1.0,7.929292929292929,0.22999999999999687,20647.0,True,True,25.454459203036055,Household Appliances,Consumer Discretionary,99.0,103,"Uptrend (price > 50 > 150 > 200-day, 200-day rising); Within 15% of 52-week high; 3-year profit growth >= 15%/yr; ROE >= 20%; RS rating >= 80",5
TVSHLTD,-0.04693470409638385,0.040049770588692635,-0.04142775229357798,-0.30379930369218905,0.7200711787445542,0.0,0.0,-0.6722781771511944,3.1056316937864548,0.01333162003904155,0.0279647076416929,-0.12893796494374277,-0.034474728400934226,56895417.5,73.71107780456623,34.01291300788954,37.18921196443523,5.987261656816189,8.0,41.88010124397059,1.5700000000000003,1.0,52.428085369625734,-0.08000000000000185,20655.0,True,True,26.58159392789374,Investment Company,Financial Services,96.0,103,"Uptrend (price > 50 > 150 > 200-day, 200-day rising); Within 15% of 52-week high; RS rating >= 80",3
TVSMOTOR,0.043993296740373423,0.20162228166065832,0.18501634268019962,0.5179958996204062,0.875459917493589,0.0,0.0,0.1297219261071539,1.2312209173653452,0.01595246594625539,0.017034465658318787,-0.07130556554321288,-0.01797243250194792,3140998060.35,64.35573498351637,33.45989574162269,45.11733609250963,4.275100169039827,1.0,35.68912166124891,1.2200000000000006,1.0,33.30893883951908,0.1700000000000017,20655.0,True,True,59.55028462998103,2/3 Wheelers,Consumer Discretionary,47.0,103,"Uptrend (price > 50 > 150 > 200-day, 200-day rising); RS rating >= 80",2
TVSSCS,0.011643996262303787,0.038626951258362574,0.27690198766278273,0.09535689314212742,0.8901023890784984,0.0,1.0,1.3560244151595993,0.4594686359666788,0.021481424135900117,0.0327316486161251,0.005634328530863986,-0.016034809685041826,65831929.089999996,-83.32669053963633,28.658223746388355,-183.32669053963633,-2.334226053014948,0.0,85.97856709765843,-4.5,1.0,5.755041810132808,-0.08000000000000096,20648.0,True,True,49.21821631878558,Logistics Solution Provider,Services,70.0,103,Quarterly profit growth >= 25%; ROE >= 20%; RS rating >= 80; Net profit margin up vs a year ago,4
TVSSRICHAK,0.08760168156024947,0.6320775295254122,0.5033871060336415,0.8187288865204648,0.755920138888889,0.0,0.0,1.748954884716427,0.13291608742331582,0.03167079931046265,0.04476427923844062,-0.061184605161080485,-0.04200257910830547,38092270.5,300.0,30.29008676974896,132.1565731033216,1.6554474610212486,4.0,0.3464226023178085,3.07,1.0,5.961376994122586,-0.040000000000000036,20678.0,True,True,71.00948766603416,Tyres & Rubber Products,Consumer Discretionary,73.0,103,"Uptrend (price > 50 > 150 > 200-day, 200-day rising); Within 15% of 52-week high; 3-year profit growth >= 15%/yr; ROE >= 20%; RS rating >= 80",5
UBL,-0.09978612537731552,-0.28716291508803204,-0.13653236147668213,-1.4922398961605763,0.643004338394794,0.0,0.0,-0.4763024461211686,2.38414612947584,0.014778046499153683,0.028517422748191912,-0.09510377649360913,-0.026597412274038664,125904636.8,-9.606609940378064,7.071137303094632,48.749907874226075,-0.3755563387035199,0.0,3.519032280604395,-1.0,1.0,9.13312693498452,-0.35999999999999943,20655.0,True,True,9.486717267552182,Breweries & Distilleries,Fast Moving Consumer Goods,56.0,103,"Uptrend (price > 50 > 150 > 200-day, 200-day rising); Within 15% of 52-week high; Quarterly profit growth >= 25%; Sales growth >= 20% or 2+ strong quarters; 3-year profit growth >= 15%/yr; ROE >= 20%; RS rating >= 80; Net profit margin up vs a year ago",8
UCOBANK,-0.06444193135437068,-0.17012726054922966,0.017659137577002104,-0.7916549757080408,0.6842105263157894,0.0,0.0,0.001799426992138424,1.7352273702406011,0.011264738064183329,0.013490725126475533,-0.06119108372249782,-0.013791540748258647,84292206.765,23.75268882689463,15.101285048722634,-2.931005998027757,0.7577401740961958,4.0,39.24167231788469,0.6899999999999995,1.0,7.990934110409584,-0.11000000000000032,20206.0,True,True,20.47628083491461,Public Sector Bank,Financial Services,51.0,103,"Uptrend (price > 50 > 150 > 200-day, 200-day rising); Within 15% of 52-week high; Quarterly profit growth >= 25%; ROE >= 20%; RS rating >= 80",5
UDS,0.0284109776635115,-0.03926848874598077,0.6215317821043349,-0.27964173327930963,0.8297888529579608,0.0,1.0,0.9447006778626148,0.45697826755224474,0.024758986911973757,0.045622168370034855,0.03358499650274771,-0.041744058458547145,51908112.285,4.401348109219705,9.146863932366035,24.41315565235298,0.09675802863591862,0.0,34.70723132358664,-0.17999999999999972,1.0,7.889733840304182,-4.080000000000002,20664.0,True,True,55.69924098671727,Diversified Commercial Services,Services,55.0,103,Within 15% of 52-week high; Quarterly profit growth >= 25%; Sales growth >= 20% or 2+ strong quarters; ROE >= 20%; RS rating >= 80; Net profit margin up vs a year ago,6
UFLEX,0.16989868442243922,0.2504164353137148,0.9141521461963453,0.46160650139154674,0.8889426399447131,0.0,1.0,1.6649850717913632,0.3131247941851399,0.0363255804259479,0.03440561598395453,0.06806451398622304,-0.014561038722248048,99362404.9,300.0,37.57075907049243,223.4836666421972,4.559044723693316,2.0,73.75103813077352,6.39,1.0,3.9029795616843144,0.9000000000000004,20645.0,True,True,85.19259962049335,Packaging,Industrials,34.0,103,ROE >= 20%,1
UJJIVANSFB,0.08994744550312116,0.3982204861111114,0.13673253352152437,1.0501300910083682,0.8782796862320801,0.0,0.0,-0.5009102857761079,1.5481430693148055,0.021415667248265578,0.037429819089207506,-0.0415920139555066,-0.018649835231796343,844009997.805,206.4377340824333,25.08462849941935,-31.67034563351652,1.408934707567808,3.0,-9.469251957480074,9.25,1.0,10.16725352112676,1.9100000000000037,20679.0,True,True,71.47912713472486,Other Bank,Financial Services,22.0,103,"Uptrend (price > 50 > 150 > 200-day, 200-day rising); 3-year profit growth >= 15%/yr; ROE >= 20%; RS rating >= 80",4
ULTRACEMCO,-0.03555950497814013,-0.0525703845195582,0.04135098128708359,-0.48931195337461686,0.8129672006102212,0.0,0.0,-0.28689980003779836,2.137818740403989,0.011848273772367933,0.02322556670382747,-0.06420445964787813,-0.016174743918383604,2807373486.5,16.18159450563801,15.852778672131485,-5.038673149672455,0.7689583433548072,0.0,18.642910555516433,0.02999999999999936,1.0,10.68594696178743,0.01999999999999602,20654.0,True,True,31.653700189753323,Cement & Cement Products,Commodities,102.0,103,"Uptrend (price > 50 > 150 > 200-day, 200-day rising); Within 15% of 52-week high; Quarterly profit growth >= 25%; Sales growth >= 20% or 2+ strong quarters; ROE >= 20%; RS rating >= 80",6
UNICHEMLAB,0.0860628223262426,0.16567796610169494,0.8321678321678323,0.31000307291000223,0.7948195576251456,0.0,1.0,1.0005565239961798,0.7661876532869426,0.03199009961365005,0.06394431554524371,0.018809362152967024,-0.02358453601200215,43278125.5,100.0,20.13292821876187,165.79487103189064,1.3161691557407227,1.0,80.68692670470037,8.549999999999999,1.0,9.31174089068826,-0.2699999999999996,20637.0,True,True,70.1641366223909,Pharmaceuticals,Healthcare,26.0,103,Within 15% of 52-week high; ROE >= 20%; RS rating >= 80,3
UNIMECH,0.29324669101776757,0.4694895364756504,1.0407414952128744,1.6811795878285234,0.9755391899000526,1.0,1.0,0.8563484855145894,1.4691254931039466,0.02943065354472453,0.0895233001270308,0.21863069148831316,-0.05644490298165814,302238843.6,45.74535902118819,70.8525162724242,56.35617836544857,1.2030149300075192,1.0,,-4.460000000000001,1.0,8.548168249660787,-0.34000000000000075,20668.0,True,True,93.83396584440229,Aerospace & Defense,Industrials,19.0,103,3-year profit growth >= 15%/yr; ROE >= 20%; Net profit margin up vs a year ago,3
UNIONBANK,0.07954412850125661,0.38271787296898063,0.07523546979094875,0.8340374549603112,0.842620078835953,0.0,0.0,0.5435400961407683,1.713595344179077,0.01674042935034241,0.030120481927710774,-0.03698125464406965,-0.02943221660301102,1472437369.755,27.413402895244012,1.2122023970971174,17.586673729220117,2.007734346148358,1.0,26.47783227482272,4.23,1.0,14.548640230022764,-0.2799999999999976,20649.0,True,True,68.94307400379506,Public Sector Bank,Financial Services,51.0,103,"Uptrend (price > 50 > 150 > 200-day, 200-day rising); Within 15% of 52-week high; Sales growth >= 20% or 2+ strong quarters; ROE >= 20%; RS rating >= 80",5
UNIPARTS,0.21199471613829401,1.1581481481481481,0.8439873417721517,2.354912410141746,0.8868388012446093,0.0,0.0,0.4336969671430842,0.73775605709124,0.025811302798833514,0.03209198558434889,-0.02034564685167095,-0.02139883551076041,114556052.3,64.35057681532,26.943175589256363,-59.69399770421404,1.418025778885585,5.0,-1.499154562787186,3.710000000000001,1.0,18.160919540229887,0.16000000000000014,20669.0,True,True,89.60721062618596,Auto Components & Equipments,Consumer Discretionary,18.0,103,"Uptrend (price > 50 > 150 > 200-day, 200-day rising); 3-year profit growth >= 15%/yr; ROE >= 20%",3
UNITDSPR,0.0014403634424319453,0.1247229652273596,0.1904068591765753,0.11193431587916926,0.8596648330561596,0.0,0.0,-0.813273532675812,1.490064643315241,0.013516452286842371,0.030758226037195913,-0.08332594446755837,-0.023685627544779857,807474192.5,-20.567250369525535,-10.3608076795763,-50.63306526268276,-1.0205471502437826,0.0,14.535086378160788,-1.6100000000000012,1.0,20.52943147548308,0.26000000000000156,20645.0,True,True,45.93074003795066,Breweries & Distilleries,Fast Moving Consumer Goods,56.0,103,"Uptrend (price > 50 > 150 > 200-day, 200-day rising); Quarterly profit growth >= 25%; Sales growth >= 20% or 2+ strong quarters; 3-year profit growth >= 15%/yr; RS rating >= 80; Net profit margin up vs a year ago",6
UNIVCABLES,0.32330393215178277,1.2260980087558253,1.2770675334055617,2.19982737219299,0.9201081751084567,0.0,1.0,0.39300037936433263,1.9267276039761603,0.03802629902145366,0.08485725562425994,0.061964742068265855,-0.042087391201197415,194535374.8,108.63468235058895,57.46013762308599,97.84139623105732,2.226548483065741,1.0,20.12085808134274,1.8200000000000003,1.0,8.619777895293495,-0.8099999999999996,20647.0,True,True,94.96110056925997,Cables - Electricals,Industrials,3.0,103,ROE >= 20%,1
UNOMINDA,-0.030496407300006623,-0.027697813739982813,0.1920068676077833,-0.4173885132296412,0.7994211287988422,0.0,0.0,0.3059877555365174,1.4070191826764296,0.018909670799599657,0.06556016597510372,-0.09749032383498002,-0.049438809929530106,717488338.7,2.1951437093973514,23.78566702828413,-19.338532955843824,0.23243690389087052,0.0,21.54787255059647,-1.2000000000000002,1.0,18.802167227998243,-0.17999999999999972,20638.0,True,True,33.53225806451613,Auto Components & Equipments,Consumer Discretionary,18.0,103,"Uptrend (price > 50 > 150 > 200-day, 200-day rising); Within 15% of 52-week high; Quarterly profit growth >= 25%; ROE >= 20%; RS rating >= 80; Net profit margin up vs a year ago",6
UPL,-0.07223592647329152,-0.1101345154387039,-0.04212258329905394,-0.7308172029201645,0.6094557990642698,0.0,0.0,-0.32748146553471336,2.4188412636368013,0.018267523291186125,0.045515998197386276,-0.12628762258449422,-0.04851361680594038,1011160280.0250001,0.8759413663207649,10.470920138888884,43.840079915411216,0.08154995656656301,0.0,-12.851696372364819,1.04,0.0,6.398432095918838,0.29999999999999716,20654.0,True,True,17.6584440227704,Pesticides & Agrochemicals,Commodities,101.0,103,"Uptrend (price > 50 > 150 > 200-day, 200-day rising); Within 15% of 52-week high; Quarterly profit growth >= 25%; Sales growth >= 20% or 2+ strong quarters; 3-year profit growth >= 15%/yr; ROE >= 20%; RS rating >= 80",7
URBANCO,0.06391781328320689,0.06586227192466154,0.46750405186385735,-0.021561988421262595,0.9144425721585041,0.0,1.0,1.1460403684146947,2.0739517687207534,0.031576845228201346,0.08741149194811704,0.06520392928104579,-0.036212033683566354,1002136767.855,-100.0,43.856018732812394,,,0.0,,-18.43,0.0,-10.965935604293048,0.18999999999999773,20665.0,True,True,64.05882352941177,E-Retail/ E-Commerce,Consumer Discretionary,39.0,103,Quarterly profit growth >= 25%; 3-year profit growth >= 15%/yr; ROE >= 20%; RS rating >= 80; Net profit margin up vs a year ago,5
USHAMART,0.03523833564291315,0.0791268758526602,0.25816713569068894,0.27534295827863414,0.9588094360486545,0.0,1.0,0.33214899126643693,1.247656188831028,0.01747124214040338,0.052641955835962095,0.03247355061749957,-0.031693064741257444,263199516.90000004,40.93149219826675,16.43503646344073,-15.42228624038124,1.7903646914254145,3.0,13.914859728284457,2.3900000000000006,1.0,14.112658994548758,0.7800000000000011,20661.0,True,True,57.57779886148007,Iron & Steel Products,Industrials,16.0,103,3-year profit growth >= 15%/yr; ROE >= 20%; RS rating >= 80,3
UTIAMC,-0.08677938231227628,-0.3268481002981424,-0.06349375166179216,-1.1208766133719033,0.6332860184528034,0.0,0.0,-0.3233965753438173,0.6582789228633839,0.012768919586767532,0.03329608938547479,-0.006734568931930807,-0.015083933607433094,67310426.80000001,15.752107315622133,6.696044908482501,115.75210731562214,0.46863206203218216,0.0,0.728427351720784,3.9399999999999977,1.0,10.477247502774695,-0.6700000000000159,20656.0,True,True,12.304554079696395,Asset Management Company,Financial Services,76.0,103,"Uptrend (price > 50 > 150 > 200-day, 200-day rising); Within 15% of 52-week high; Quarterly profit growth >= 25%; Sales growth >= 20% or 2+ strong quarters; 3-year profit growth >= 15%/yr; ROE >= 20%; RS rating >= 80",7
UTLSOLAR,,,0.9796849087893862,,0.8735457764289327,0.0,1.0,0.477198344348757,1.1494444454785293,0.02859262547960835,0.042894799904145575,0.019759839767208964,-0.031745658852670396,115553065.45000002,300.0,297.42764323685765,66.64248597574809,,6.0,,4.630000000000001,1.0,23.861852433281005,0.08000000000000096,20678.0,True,True,,Other Electrical Equipment,Industrials,52.0,103,3-year profit growth >= 15%/yr; RS rating >= 80,2
UTTAMSUGAR,0.11915503302689189,0.13318557324199065,0.0839147361523338,0.5400493973087744,0.8580573337044253,0.0,1.0,0.9770661740818618,1.0207859686958016,0.03793414504955122,0.12749999999999995,0.11301969499722397,-0.06502084474774358,71165430.1,-91.23295553945871,-3.562510934045837,-78.21066747003749,-0.7101673326028111,0.0,-8.948907734736999,-2.1,1.0,11.529680365296803,-0.22,20675.0,True,True,78.24193548387096,Sugar,Fast Moving Consumer Goods,9.0,103,Quarterly profit growth >= 25%; Sales growth >= 20% or 2+ strong quarters; 3-year profit growth >= 15%/yr; ROE >= 20%; RS rating >= 80; Net profit margin up vs a year ago,6
V2RETAIL,-0.08232984758060655,0.04387656702025078,0.11328225433228778,-0.5145096715832506,0.6324011571841851,0.0,0.0,-0.8688201095466326,14.188941834127634,0.02451799091632561,0.02734411085450339,-0.23532994848096744,-0.11009502005659967,180312398.82,69.8629736970821,57.72990414729049,-102.80134893008334,1.6301565774654463,11.0,,0.30000000000000027,1.0,17.96008869179601,1.8600000000000012,20645.0,True,True,13.901328273244781,Speciality Retail,Consumer Discretionary,97.0,103,"Uptrend (price > 50 > 150 > 200-day, 200-day rising); Within 15% of 52-week high; 3-year profit growth >= 15%/yr; ROE >= 20%; RS rating >= 80",5
VADILALIND,0.10993984091153805,0.43352059925093633,0.737442974193695,0.967234825582791,0.8579377293713745,0.0,0.0,0.5557878683411233,0.4459876785126428,0.023873378246556037,0.03675538656527255,-0.017788771050045726,-0.021063800854443475,111334208.25,95.47440378772973,34.24268145837856,-53.83458257590658,4.464479783154836,2.0,22.963380785681565,6.029999999999999,1.0,18.235294117647058,1.2800000000000002,20677.0,True,True,76.36337760910816,Dairy Products,Fast Moving Consumer Goods,8.0,103,"Uptrend (price > 50 > 150 > 200-day, 200-day rising); ROE >= 20%; RS rating >= 80",3
VAIBHAVGBL,-0.04597370887981482,-0.03583550050689821,0.13986451276706613,-0.2785935340376515,0.6845694799658995,0.0,0.0,-0.5204342221814283,0.7237226015303923,0.018576858356415024,0.01587222110955322,-0.10340558492345786,-0.019959531137889047,48128741.2,50.02027674687248,12.698159117162744,-117.14176049938588,0.9983612589758578,7.0,35.23907044724497,1.5300000000000002,1.0,16.14077669902913,0.2099999999999973,20648.0,True,True,27.708728652751425,"Gems, Jewellery And Watches",Consumer Discretionary,10.0,103,"Uptrend (price > 50 > 150 > 200-day, 200-day rising); Within 15% of 52-week high; ROE >= 20%; RS rating >= 80",4
VARROC,0.14163950698673078,0.37244643746885897,0.7237171464330414,1.036438350389001,0.903036614777461,0.0,1.0,1.4091406580158843,0.5935377312645032,0.024508929629902077,0.053609721229449514,0.01191821612484767,-0.021225755939718663,231532592.5,25.66257184334968,29.922320041429295,-2.1586803591913544,0.1190102519070095,3.0,44.92367257801584,-0.09999999999999964,1.0,12.921348314606742,-0.33000000000000185,20663.0,True,True,82.09297912713473,Auto Components & Equipments,Consumer Discretionary,18.0,103,ROE >= 20%; Net profit margin up vs a year ago,2
VBL,-0.011191525630650252,-0.09763117113128172,0.016458852867830442,-0.08188292395133578,0.7930010795250091,0.0,0.0,-0.19507819793632233,1.3117615331386567,0.01746995772319186,0.03362332471196794,0.029645376816334057,-0.01978013434078943,2048280039.925,15.077599399827935,20.43301122785317,-5.082907825751693,2.864938196840588,0.0,21.069445426898923,-0.8399999999999999,1.0,15.640004086219225,0.3299999999999983,20662.0,True,True,40.2011385199241,Other Beverages,Fast Moving Consumer Goods,,103,"Uptrend (price > 50 > 150 > 200-day, 200-day rising); Within 15% of 52-week high; Quarterly profit growth >= 25%; ROE >= 20%; RS rating >= 80; Net profit margin up vs a year ago",6
VEDL,0.09034008273494405,0.6064470421537373,0.05289633556475648,1.4750096495545468,0.726111111111111,0.0,0.0,0.02350487321090005,1.4389886819474167,0.019579494944487137,0.04136443834542258,-0.027222149861377498,-0.02043037924919322,2393037827.3,151.88783829489344,53.64351910625873,83.64087582399125,1.2182072959954688,3.0,15.011174927037363,8.530000000000001,1.0,50.543784741802945,-0.75,20664.0,True,True,71.57305502846299,Diversified Metals,Commodities,,103,"Uptrend (price > 50 > 150 > 200-day, 200-day rising); Within 15% of 52-week high; RS rating >= 80",3
VENKEYS,0.062068097553786436,0.11592253899946203,0.22570162481536182,0.2933272135733488,0.9122265689569672,0.0,1.0,0.3802118420308038,0.5644733345822317,0.021327906907125778,0.04716704751860323,0.029845361466018128,-0.017000586606040563,81769841.39999999,215.510048824562,29.168543478511943,-84.489951175438,0.6773219510619275,3.0,62.109065683422536,2.6399999999999997,1.0,8.709273182957393,0.1299999999999999,20679.0,True,True,63.68311195445921,Meat Products including Poultry,Fast Moving Consumer Goods,33.0,103,ROE >= 20%; RS rating >= 80,2
VENUSPIPES,0.21260613575196946,0.2668945160789187,0.5996469203609258,1.6529615594359761,0.9534051705779633,0.0,1.0,0.6479824561097673,0.7631255931691077,0.030824565111134027,0.10692826486817908,0.23091084653233418,-0.03612265258482757,218288781.6,6.646764382103165,15.965413697044252,-0.3469916871659873,0.3128716700039268,0.0,25.557729941392893,-0.7200000000000006,1.0,15.246636771300448,0.23999999999999844,20679.0,True,True,89.79506641366224,Iron & Steel Products,Industrials,16.0,103,Quarterly profit growth >= 25%; Sales growth >= 20% or 2+ strong quarters; ROE >= 20%; Net profit margin up vs a year ago,4
VGUARD,-0.03756571364470494,-0.08610354223433248,0.03502545903409948,-0.7002913955954007,0.7868489583333332,0.0,0.0,0.8316269231318811,0.6500639262714607,0.017484364778955878,0.03287809812847753,-0.06258047102112485,-0.03975044680811985,137815876.39999998,76.1875407630585,23.502810214995094,53.006418449454465,3.2276365525280144,3.0,23.86356642644374,2.1500000000000004,1.0,12.979351032448378,-0.21000000000000085,20649.0,True,True,30.526565464895636,Household Appliances,Consumer Discretionary,99.0,103,"Uptrend (price > 50 > 150 > 200-day, 200-day rising); Within 15% of 52-week high; ROE >= 20%; RS rating >= 80",4
VIDYAWIRES,,,0.719709979011639,,0.8574350234341713,0.0,1.0,0.7172832753766998,4.268529936699905,0.02313827975504208,0.04998434728164458,0.11833798659150307,-0.046301779056334424,76403889.14,41.676149768242276,33.50252574315136,-12.74951762622436,,8.0,,0.18000000000000016,1.0,12.083333333333334,-6.220000000000001,20676.0,True,True,,"Aluminium, Copper & Zinc Products",Industrials,,103,3-year profit growth >= 15%/yr; ROE >= 20%; RS rating >= 80,3
VIJAYA,0.11400503253322944,0.46607756504663733,0.6616959715112398,1.3394838095461967,0.9176706827309238,1.0,0.0,0.0585801418810732,1.0747660305682938,0.020187927574624592,0.047138983522213795,-0.0018864782372484123,-0.033650567053605834,167167567.8,37.61401124602397,22.82903483116192,3.0350449753502318,3.980205009379819,3.0,25.870002894662992,2.469999999999999,1.0,18.0773249738767,-0.05000000000000426,20671.0,True,True,77.02087286527514,Healthcare Service Provider,Healthcare,32.0,103,"Uptrend (price > 50 > 150 > 200-day, 200-day rising); ROE >= 20%; RS rating >= 80",3
VIKRAMSOLR,-0.1744034304277455,-0.4762126865671642,-0.10740779991521832,-1.1873334280047727,0.42025959367945825,0.0,0.0,0.1288625060088419,0.6514195311087957,0.025827973750215612,0.020927567697967442,-0.10919987081185167,-0.03418695443688696,301329621.02,-85.10885100877805,37.88969459588208,-106.99487921502235,-2.4951916844159183,0.0,,-10.49,1.0,14.780964387015445,-0.33000000000000007,20648.0,True,True,0.6574952561669829,Other Electrical Equipment,Industrials,52.0,103,"Uptrend (price > 50 > 150 > 200-day, 200-day rising); Within 15% of 52-week high; Quarterly profit growth >= 25%; 3-year profit growth >= 15%/yr; ROE >= 20%; RS rating >= 80; Net profit margin up vs a year ago",7
VIKRAN,-0.11713033641541318,-0.389736894958827,0.02340855506904682,-0.8371048567528392,0.48859797297297297,0.0,0.0,0.45359981765178997,0.6853276125315991,0.025974052109064023,0.08639116494478083,-0.0682849679013301,-0.0312833425301276,58691917.83,-89.42958335699399,-60.154776980441824,-155.69868942461795,,0.0,,-7.8100000000000005,1.0,7.431340872374798,-0.9300000000000006,20676.0,True,True,6.387096774193548,Civil Construction,Industrials,90.0,103,"Uptrend (price > 50 > 150 > 200-day, 200-day rising); Within 15% of 52-week high; Quarterly profit growth >= 25%; Sales growth >= 20% or 2+ strong quarters; 3-year profit growth >= 15%/yr; ROE >= 20%; RS rating >= 80; Net profit margin up vs a year ago",8
VIMTALABS,-0.007161318365313515,-0.08519824422537248,0.5378008951251965,-0.4161836318729871,0.7321543823415516,0.0,0.0,0.7338501295714659,0.7113858344641134,0.026303854985869363,0.021472392638036686,-0.08424849285255309,-0.02538784546145682,92368365.94999999,42.950378071756546,20.56851702869402,-66.9320266455734,1.330420002759987,2.0,16.873028542544045,3.0500000000000007,1.0,12.852664576802509,-0.23999999999999932,20112.0,True,True,41.797912713472485,"Healthcare Research, Analytics & Technology",Healthcare,48.0,103,"Uptrend (price > 50 > 150 > 200-day, 200-day rising); Within 15% of 52-week high; ROE >= 20%; RS rating >= 80",4
VINATIORGA,-0.10816152071834081,-0.26657713614235345,0.0001526135062952516,-1.5303040950317874,0.6377645022611803,0.0,0.0,0.04770639882534217,1.197837697069521,0.012916349830664817,0.03764723997228403,-0.11118477054825981,-0.02745916831390597,52508348.900000006,4.486743807042859,28.403786187427336,3.7948405489916848,0.500461804658068,0.0,4.145068212554115,-3.5799999999999983,1.0,14.046187915216704,-0.7800000000000011,20663.0,True,True,7.702087286527515,Specialty Chemicals,Commodities,40.0,103,"Uptrend (price > 50 > 150 > 200-day, 200-day rising); Within 15% of 52-week high; Quarterly profit growth >= 25%; 3-year profit growth >= 15%/yr; ROE >= 20%; RS rating >= 80; Net profit margin up vs a year ago",7
VINCOFE,0.0943690445152253,0.1765719801434089,0.2742682198327362,0.6723484456340963,0.9625816566501176,1.0,0.0,0.4430763574510609,0.5425140132678395,0.02574070534774013,0.05505166475315737,0.10358306501188119,-0.02855115521308077,323676868.09000003,46.1125873437654,58.44897155791753,11.813280070922815,2.207057529591676,17.0,147.24899239513925,-1.0899999999999999,1.0,12.631578947368421,2.5199999999999996,20663.0,True,True,72.23055028462998,Tea & Coffee,Fast Moving Consumer Goods,43.0,103,"Uptrend (price > 50 > 150 > 200-day, 200-day rising); ROE >= 20%; RS rating >= 80; Net profit margin up vs a year ago",4
VINDHYATEL,0.29812797344052067,0.9478936488701972,1.5300435144893991,1.664343581418272,0.9517374517374517,0.0,1.0,0.5231802899593194,1.5084698973893176,0.04184947885877209,0.0979319442827764,0.10692429379955382,-0.03852221190381829,163184487.4,22.668127877914213,-20.784114950634702,29.860364102136174,0.4898493110527282,1.0,4.602501895542277,3.7299999999999995,1.0,5.231866825208085,0.120000000000001,20648.0,True,True,94.02182163187855,Civil Construction,Industrials,90.0,103,Quarterly profit growth >= 25%; Sales growth >= 20% or 2+ strong quarters; 3-year profit growth >= 15%/yr; ROE >= 20%,4
VIPIND,-0.08723129535414803,-0.24886390815594361,-0.0030158730158730274,-0.8859114943212272,0.6284372904091214,0.0,0.0,-0.12624592421600214,1.2115528395220454,0.01854233238160289,0.02267651606253218,-0.07036580163173778,-0.026353162104583792,74816734.30000001,-100.0,3.015513955435245,0.0,-0.8908114424609231,0.0,86.9348015642083,-6.609999999999999,0.0,-116.95501730103805,-2.1300000000000026,20665.0,True,True,12.210626185958255,Plastic Products - Consumer,Consumer Discretionary,62.0,103,"Uptrend (price > 50 > 150 > 200-day, 200-day rising); Within 15% of 52-week high; Quarterly profit growth >= 25%; Sales growth >= 20% or 2+ strong quarters; ROE >= 20%; RS rating >= 80; Net profit margin up vs a year ago",7
VISHNU,0.12230101204975231,0.5426876167454127,0.3759310074480595,1.5098224313405042,0.9185483870967741,0.0,1.0,0.6571138887880298,1.6648530650872295,0.021060688834885464,0.073793901968352,0.04147299698561091,-0.03509453688073611,58106085.45,23.048116365737737,24.930819785541345,11.594677480075855,1.2971585395384126,1.0,4.523573620749155,-0.1399999999999988,1.0,13.283442469597755,0.4299999999999997,20666.0,True,True,78.89943074003796,Specialty Chemicals,Commodities,40.0,103,Quarterly profit growth >= 25%; 3-year profit growth >= 15%/yr; ROE >= 20%; RS rating >= 80; Net profit margin up vs a year ago,5
VIYASH,0.04669414456268744,0.4434249104137258,0.36005525144523465,0.7113057514136697,0.8079530201342282,0.0,0.0,-1.1623542611377755,0.6693865560784118,0.023010370665801524,0.03232860266689541,-0.06266083326131122,-0.031851547827234955,604140806.6999999,111.79296160735927,19.54423727957153,-188.20703839264073,1.8684240572573694,12.0,140.07011067381248,3.6500000000000004,1.0,7.729302645139128,-2.66,20652.0,True,True,60.01992409867172,Pharmaceuticals,Healthcare,26.0,103,"Uptrend (price > 50 > 150 > 200-day, 200-day rising); Within 15% of 52-week high; ROE >= 20%; RS rating >= 80",4
VMART,0.04073631922148295,0.16568842373240944,0.3457425095926199,0.34283846331217244,0.9078828828828829,0.0,1.0,0.2372278584345607,1.3517820282512727,0.01940337691971391,0.033306527275164255,0.004872296959582023,-0.025339438325507363,66064069.05,40.477579763103776,22.99880255755631,-103.99803262829927,0.8221375840537675,8.0,64.83947983943281,0.54,1.0,13.038906414300735,-1.4200000000000088,20679.0,True,True,58.61100569259962,Diversified Retail,Consumer Discretionary,54.0,103,ROE >= 20%; RS rating >= 80,2
VMM,-0.09690150963747168,-0.27751684704921376,-0.06681906101635304,-1.0191479760262947,0.6604021553423577,0.0,0.0,0.057199605389311306,1.2159787076161956,0.021009132467560553,0.034619581390735066,-0.04823416659406099,-0.02190562251471593,983173434.0,25.557391347099024,18.682490956335652,-20.190476652787215,0.9629478869405269,2.0,,0.3800000000000008,1.0,11.317954944017266,0.4799999999999969,20657.0,True,True,10.050284629981025,Diversified Retail,Consumer Discretionary,54.0,103,"Uptrend (price > 50 > 150 > 200-day, 200-day rising); Within 15% of 52-week high; 3-year profit growth >= 15%/yr; ROE >= 20%; RS rating >= 80",5
VOLTAMP,0.10581511123700556,0.6005046257359126,0.2697247706422019,1.1855641749324635,0.8172277073777502,0.0,0.0,1.0979686195865117,0.37109248621406127,0.021261878716021795,0.026926899792174996,-4.185517348975765e-05,-0.01310885693473851,231900181.75,14.705476384392458,28.377166060720516,65.24832734656883,0.4665995676308233,0.0,12.27334678054941,-2.0,1.0,17.020089285714285,0.8999999999999986,20679.0,True,True,75.33017077798861,Heavy Electrical Equipment,Industrials,36.0,103,"Uptrend (price > 50 > 150 > 200-day, 200-day rising); Within 15% of 52-week high; Quarterly profit growth >= 25%; 3-year profit growth >= 15%/yr; ROE >= 20%; RS rating >= 80; Net profit margin up vs a year ago",7
VOLTAS,-0.08051947456606046,-0.14878137504547106,-0.06549520766773165,-0.7362497428406786,0.6678041074249604,0.0,0.0,-0.3485358070747455,3.2144663741140658,0.016841671272213008,0.02808533621388043,-0.11780713968498835,-0.030259182980823765,772217494.2,51.23271759434749,18.659516881718787,103.08441722032514,0.4858958220367737,1.0,11.657532324999288,0.98,1.0,5.803011292346299,-0.8499999999999943,20679.0,True,True,14.464895635673624,Household Appliances,Consumer Discretionary,99.0,103,"Uptrend (price > 50 > 150 > 200-day, 200-day rising); Within 15% of 52-week high; Sales growth >= 20% or 2+ strong quarters; 3-year profit growth >= 15%/yr; ROE >= 20%; RS rating >= 80",6
VRLLOG,0.06114482580430181,0.08868166026695934,0.26637740343712757,0.15172028101754206,0.9190844616376532,0.0,0.0,0.8351542549479258,0.38984512734212895,0.019761251285803916,0.019798541160125138,-0.011203127525316381,-0.012076386076074835,40191009.95,60.94024492135573,18.069699330950904,63.791832140424404,1.217121089545168,1.0,17.830999975377317,2.4400000000000004,1.0,20.73490813648294,-0.4299999999999997,20679.0,True,True,63.49525616698292,Logistics Solution Provider,Services,70.0,103,"Uptrend (price > 50 > 150 > 200-day, 200-day rising); Sales growth >= 20% or 2+ strong quarters; RS rating >= 80",3
VSSL,0.1806924170614875,0.28515969648844175,0.57545210694817,1.0811373399635051,0.9194395796847635,0.0,1.0,1.7311644358574423,0.45780156237107683,0.02535445547576122,0.08063404548587183,0.084916967688073,-0.02401958192853015,43192920.15,-39.802768677204426,-2.5875605926128253,-38.195192840458645,-1.1044965104492446,0.0,-2.5943116177328696,-2.8499999999999996,1.0,11.654135338345863,-0.0699999999999994,20200.0,True,True,86.2258064516129,Iron & Steel Products,Industrials,16.0,103,Quarterly profit growth >= 25%; Sales growth >= 20% or 2+ strong quarters; 3-year profit growth >= 15%/yr; ROE >= 20%; Net profit margin up vs a year ago,5
VSTTILLERS,-0.021902283002168607,-0.17591262422513032,-0.17392933935651866,-0.45752546576553005,0.6864763100094133,0.0,0.0,-0.09796251339597403,4.364969842829439,0.016097676602590427,0.05119479544601546,0.006080722825634544,-0.02970776477056582,31495299.85,9.46975323337329,10.957691626836596,88.61799435399053,0.21787935108317652,0.0,-1.8797438625626217,-0.21000000000000085,1.0,9.597806215722121,-0.2699999999999996,20678.0,True,True,37.195445920303605,Tractors,Industrials,,103,"Uptrend (price > 50 > 150 > 200-day, 200-day rising); Within 15% of 52-week high; Quarterly profit growth >= 25%; Sales growth >= 20% or 2+ strong quarters; 3-year profit growth >= 15%/yr; ROE >= 20%; RS rating >= 80; Net profit margin up vs a year ago",8
VTL,0.03531029611771293,0.4600927507932635,0.11396648044692737,0.9558472396813463,0.7796511627906977,0.0,0.0,1.2605656184351488,0.7113211189843501,0.01957131294016541,0.045246800731261416,-0.0763190522110484,-0.029482205765607512,120457021.55,51.4206742346369,13.305332696193094,71.80041249189104,1.915433951773492,1.0,12.217948559714142,2.9299999999999997,1.0,7.161879398896708,-0.9400000000000048,20664.0,True,True,57.67172675521822,Other Textile Products,Consumer Discretionary,21.0,103,"Uptrend (price > 50 > 150 > 200-day, 200-day rising); Within 15% of 52-week high; Sales growth >= 20% or 2+ strong quarters; 3-year profit growth >= 15%/yr; ROE >= 20%; RS rating >= 80",6
WAAREEENER,-0.08798440375552362,-0.1968422336015606,-0.1457840308619962,-0.7466270009910048,0.6456383779713886,0.0,0.0,-0.6888829407870366,1.2568470808796783,0.014714902812989032,0.03546300040436701,-0.07252176734627647,-0.028411707190335655,1205352548.8,15.371503151683275,79.21587589220553,-58.572809918795485,0.4835280664054996,0.0,,-6.220000000000001,1.0,26.901232857736527,1.2700000000000014,20663.0,True,True,12.022770398481974,Other Electrical Equipment,Industrials,52.0,103,"Uptrend (price > 50 > 150 > 200-day, 200-day rising); Within 15% of 52-week high; Quarterly profit growth >= 25%; 3-year profit growth >= 15%/yr; RS rating >= 80; Net profit margin up vs a year ago",6
WAAREERTL,-0.08042907208286909,-0.1911958568738229,-0.004346818129129515,-0.6225636688424875,0.5982695139911635,0.0,0.0,-0.6040775197293258,1.0059611190217426,0.014214056205244515,0.03800722198420958,-0.05782361836551031,-0.014573742593641702,83658491.375,37.71170497525216,53.22700973159369,-22.945685936139277,1.2196125977000474,6.0,110.85658312998339,-1.450000000000001,1.0,51.2847965738758,0.12999999999999967,20656.0,True,True,14.558823529411764,Other Electrical Equipment,Industrials,52.0,103,"Uptrend (price > 50 > 150 > 200-day, 200-day rising); Within 15% of 52-week high; RS rating >= 80; Net profit margin up vs a year ago",4
WABAG,0.09160615607280381,0.4139754618530531,0.5920133375674819,0.9807836004932765,0.8617076326002587,0.0,0.0,0.160638404344215,1.0542178061142284,0.028205517748686355,0.060993825931089374,-0.00960999955394537,-0.022592318537379214,941910082.4000001,36.99834565978979,20.81743869209809,8.415003335892806,2.866616685834843,4.0,11.457601947465657,1.1999999999999993,1.0,14.40809968847352,2.2099999999999973,20655.0,True,True,71.85483870967742,Water Supply & Management,Utilities,53.0,103,"Uptrend (price > 50 > 150 > 200-day, 200-day rising); 3-year profit growth >= 15%/yr; ROE >= 20%; RS rating >= 80",4
WAKEFIT,,,0.029761500305768962,,0.6000892857142857,0.0,0.0,-0.20319916948975889,0.38319643379638857,0.02673500684840137,0.039618965143970675,-0.034816125363326234,-0.03129043738484152,100116747.045,19.12590988911027,16.64842129522932,-80.87409011088972,,0.0,,0.11999999999999922,1.0,16.696113074204945,-1.6600000000000037,20679.0,True,True,,"Furniture, Home Furnishing",Consumer Discretionary,,103,"Uptrend (price > 50 > 150 > 200-day, 200-day rising); Within 15% of 52-week high; Quarterly profit growth >= 25%; Sales growth >= 20% or 2+ strong quarters; 3-year profit growth >= 15%/yr; ROE >= 20%; RS rating >= 80",7
WALCHANNAG,0.06062732283968692,0.12005369127516796,0.4194053208137716,0.3439939217027583,0.7092780240658645,0.0,0.0,0.24817178230549944,10.400484996542895,0.025982644740896815,0.09707596610667601,0.03460444474827051,-0.033682011575610626,110267338.32499999,100.0,83.7548047744285,0.0,0.37024305947401487,3.0,-40.7907157182158,22.32,1.0,-4.178272980501393,1.62,20679.0,True,True,63.02561669829222,Industrial Products,Industrials,11.0,103,"Uptrend (price > 50 > 150 > 200-day, 200-day rising); Within 15% of 52-week high; 3-year profit growth >= 15%/yr; ROE >= 20%; RS rating >= 80",5
WANBURY,-0.086255810108481,-0.015396920615876941,0.08644808260888737,-0.38029561999003525,0.5537132506618364,0.0,0.0,-0.19512296370012988,3.483374456836164,0.03199974376489391,0.04669959586888184,-0.19790866896435355,-0.06951544652601128,48070409.625,300.0,24.460376782854087,155.32287705015636,1.5130393883572208,2.0,81.55407997959531,7.4799999999999995,1.0,52.54237288135594,0.36,20304.0,True,True,12.774193548387096,Pharmaceuticals,Healthcare,26.0,103,"Uptrend (price > 50 > 150 > 200-day, 200-day rising); Within 15% of 52-week high; RS rating >= 80",3
WEBELSOLAR,-0.14680185345336444,-0.40304365238285944,-0.021787636172726055,-0.7499665218080646,0.5013052936910805,0.0,0.0,-0.629148396569337,1.4174511941333863,0.023717878189278428,0.04466071190507925,-0.14096905351266997,-0.026135614778837933,140335804.995,15.754376889798593,70.33142857142857,-136.60638898619936,0.2957216358195241,0.0,157.36698594428105,-9.84,1.0,48.095238095238095,-0.27000000000000046,20675.0,True,True,2.442125237191651,Other Electrical Equipment,Industrials,52.0,103,"Uptrend (price > 50 > 150 > 200-day, 200-day rising); Within 15% of 52-week high; Quarterly profit growth >= 25%; RS rating >= 80; Net profit margin up vs a year ago",5
WEL,-0.13187763842208552,-0.47105885626826216,-0.028618883352497737,-0.7737691021985734,0.4084345883506783,0.0,0.0,-1.1211595380561776,0.051795495844287505,0.05571301679720091,0.04994961854037716,-0.26067222017291736,-0.03740581303747689,85347344.94999999,256.3791593066506,50.93705570634612,294.61746542951516,0.8864676750756676,1.0,29.422333622721908,0.98,1.0,8.653846153846153,1.0,20677.0,True,True,3.8510436432637576,Household Appliances,Consumer Discretionary,99.0,103,"Uptrend (price > 50 > 150 > 200-day, 200-day rising); Within 15% of 52-week high; ROE >= 20%; RS rating >= 80",4
WELCORP,0.46635460292977815,2.061813024465193,2.0032460004637143,5.041108891517482,0.9326206896551724,1.0,1.0,0.9946604224068593,1.0800010757327552,0.03782569253963166,0.0812096085843188,0.17298160943867225,-0.04750081233749848,3258511521.8999996,200.19971128590862,14.912895714193208,180.29811721109596,4.00407822282526,1.0,84.60127890629052,15.85,1.0,17.693315858453474,1.8500000000000014,20658.0,True,True,98.62428842504744,Iron & Steel Products,Industrials,16.0,103,Sales growth >= 20% or 2+ strong quarters; ROE >= 20%,2
WELENT,0.1426287291731939,0.6258992805755397,0.8369835177240914,1.28677512466567,0.8798550896781091,0.0,1.0,0.34330265870599846,0.5553531208214533,0.026467886699279176,0.05733915500192621,0.08241080613485452,-0.03822626920031024,243830056.77499998,-20.481007612463564,-8.440920655582506,-68.66696958619647,-0.9319046342332229,0.0,11.51716054265728,-1.7700000000000014,1.0,12.910643889618923,0.379999999999999,20665.0,True,True,82.280834914611,Civil Construction,Industrials,90.0,103,Quarterly profit growth >= 25%; Sales growth >= 20% or 2+ strong quarters; 3-year profit growth >= 15%/yr; ROE >= 20%; Net profit margin up vs a year ago,5
WELSPUNLIV,0.2638716625309814,0.818348303828377,0.7706351902173911,2.3149536933421637,0.9607331975560082,1.0,1.0,1.9643027981637413,3.3323764803834073,0.022452298098854323,0.05208287511547072,0.2125792371639652,-0.04208991565703453,705999265.855,82.20473462977269,23.661288966941953,102.26089609073559,1.0227419328495304,1.0,-5.1282862778282094,1.87,1.0,4.331909701037217,0.41999999999999815,20678.0,True,True,92.98861480075902,Other Textile Products,Consumer Discretionary,21.0,103,3-year profit growth >= 15%/yr; ROE >= 20%,2
WENDT,-0.004202440554616181,-0.08201147485656435,0.26895264753907155,-0.28774964980573214,0.861981554392967,0.0,0.0,0.32398834084064326,1.1788176133644677,0.019589940568979444,0.05333819330538847,-0.03401789804905708,-0.03438165687270426,48945247.75,63.390930181832594,36.63024726854513,123.91292431672996,0.6792581242958999,1.0,-26.035340162376073,1.42,1.0,5.905511811023622,-0.6399999999999988,20641.0,True,True,42.83111954459203,Abrasives & Bearings,Industrials,49.0,103,"Uptrend (price > 50 > 150 > 200-day, 200-day rising); 3-year profit growth >= 15%/yr; ROE >= 20%; RS rating >= 80",4
WESTLIFE,0.010249200982971177,-0.23824563922187914,0.16372409255400822,-0.39931172081716687,0.8401747976216061,0.0,0.0,1.4661696318833093,0.37362593966299384,0.030710270770260444,0.04319554110543433,0.038627962542796324,-0.027344849439571314,52115975.4,-52.90008699500679,11.86229338685887,-109.3676401335816,-0.06449710616893546,0.0,-43.220779668710044,-0.11,1.0,5.169628432956381,0.28000000000000114,20664.0,True,True,48.74857685009488,Restaurants,Consumer Discretionary,71.0,103,"Uptrend (price > 50 > 150 > 200-day, 200-day rising); Within 15% of 52-week high; Quarterly profit growth >= 25%; Sales growth >= 20% or 2+ strong quarters; 3-year profit growth >= 15%/yr; ROE >= 20%; RS rating >= 80; Net profit margin up vs a year ago",8
WEWORK,,,0.522716894977169,,0.8472624292007551,0.0,0.0,-0.3311510331383043,1.233680023995162,0.019029427991574886,0.025359256128486996,-0.02181320940884468,-0.01616898767944844,109685953.175,79.26847107234506,27.744671311950107,-20.731528927654935,,2.0,,2.0500000000000003,0.0,25.16778523489933,-0.44000000000000483,20650.0,True,True,,Diversified Commercial Services,Services,55.0,103,"Uptrend (price > 50 > 150 > 200-day, 200-day rising); Within 15% of 52-week high; 3-year profit growth >= 15%/yr; RS rating >= 80",4
WHEELS,0.3518468073845898,0.9165555555555556,0.8371498562147195,3.013284114814306,0.9142914331465173,0.0,1.0,0.9935842033792655,0.43847673178136415,0.04019266822717441,0.19995442634157445,0.2861361516941252,-0.027520733811899404,214029775.9,27.06929936555309,17.819043856183335,-25.394835864265634,1.1399431009577958,5.0,48.43252004607352,0.18999999999999995,1.0,15.177713736791546,-2.4200000000000017,20638.0,True,True,96.37001897533206,Auto Components & Equipments,Consumer Discretionary,18.0,103,ROE >= 20%,1
WHIRLPOOL,-0.04408783483528865,-0.3205512532267466,-0.0051210144485763776,-0.6983724973092982,0.5883785664578984,0.0,0.0,0.7774757767739287,2.1159040935952276,0.03402658430703003,0.19998613133624588,0.05202516399398771,-0.09190115321147219,224084779.125,-29.67795541943098,12.104903960005252,-0.10159779343503672,-1.4342688121250997,0.0,8.241516412552574,-2.2399999999999998,1.0,7.089641913001682,-0.6500000000000057,20670.0,True,True,28.741935483870968,Household Appliances,Consumer Discretionary,99.0,103,"Uptrend (price > 50 > 150 > 200-day, 200-day rising); Within 15% of 52-week high; Quarterly profit growth >= 25%; Sales growth >= 20% or 2+ strong quarters; 3-year profit growth >= 15%/yr; ROE >= 20%; RS rating >= 80; Net profit margin up vs a year ago",8
WINDLAS,0.07774432159825266,0.24095190877540906,0.46080020750924056,0.3489485023677593,0.8647093662746425,0.0,1.0,0.9798645307214008,0.6282633485622933,0.028622300957937823,0.03957955443932826,0.011904231482499084,-0.03285332624440614,79612261.625,-1.8314294608183568,17.655764392481863,1.8295538034378445,-0.13581972127680766,0.0,15.96042947129046,-1.3299999999999992,1.0,11.359724612736661,-0.5200000000000014,20594.0,True,True,68.19165085388995,Pharmaceuticals,Healthcare,26.0,103,Quarterly profit growth >= 25%; Sales growth >= 20% or 2+ strong quarters; ROE >= 20%; RS rating >= 80; Net profit margin up vs a year ago,5
WIPRO,-0.08569147950551925,-0.26389584376564845,-0.10588473820264577,-1.335795677280368,0.5844013181984621,0.0,0.0,-0.21272805786013857,2.0385243320750543,0.012864132472161649,0.01750862880451831,-0.08719360074671689,-0.020193311265951076,1662402228.4,0.6095253225139041,10.58975540556415,2.4392434433315513,0.05752481978556504,0.0,4.3473852571746185,-1.3599999999999994,1.0,15.071745873050139,-2.1099999999999994,20650.0,True,True,13.149905123339657,Computers - Software & Consulting,Information Technology,93.0,103,"Uptrend (price > 50 > 150 > 200-day, 200-day rising); Within 15% of 52-week high; Quarterly profit growth >= 25%; Sales growth >= 20% or 2+ strong quarters; 3-year profit growth >= 15%/yr; ROE >= 20%; RS rating >= 80; Net profit margin up vs a year ago",8
WOCKPHARMA,0.11895373046500743,0.3351444643313728,0.6396106444775882,0.7599928023887568,0.8877513107377286,0.0,1.0,0.43940570520348665,0.9212074877193506,0.026919352223642827,0.06602910222384906,0.060238967923629705,-0.0410860062540139,1577774962.5,100.0,25.880758807588066,0.0,2.213655832645011,5.0,-51.3208453727904,13.49,1.0,4.02834008097166,-1.5800000000000018,20654.0,True,True,78.14800759013283,Pharmaceuticals,Healthcare,26.0,103,3-year profit growth >= 15%/yr; ROE >= 20%; RS rating >= 80,3
WONDERLA,0.010469706239935659,-0.05193998046701587,0.029999035400790852,-0.2819140706621941,0.8626213995185523,0.0,0.0,0.5902479760101768,0.792734772343211,0.016820400923192837,0.02167811864898872,0.030377904382675514,-0.01653351270113183,36686218.675,38.44793152639085,44.21659533999047,13.98989959412988,2.156868195634727,2.0,-14.462861180196684,-1.25,1.0,4.565701559020044,-1.2199999999999989,20679.0,True,True,48.93643263757116,Amusement Parks/ Other Recreation,Consumer Discretionary,38.0,103,"Uptrend (price > 50 > 150 > 200-day, 200-day rising); 3-year profit growth >= 15%/yr; ROE >= 20%; RS rating >= 80; Net profit margin up vs a year ago",5
WSTCSTPAPR,0.17757711160464587,0.39989235737352,0.46783295711060946,1.5395843796392594,0.9424710424710424,0.0,1.0,0.48163121242954965,0.8431129258957443,0.02690030983408604,0.07237071672831319,0.11720848913685211,-0.025520577501526434,145970083.25,135.42281781484456,10.119939244749387,118.53036801515498,1.636317312881263,1.0,-41.21329398515442,7.180000000000001,1.0,4.323725055432372,-0.14000000000000057,20657.0,True,True,85.94402277039849,Paper & Paper Products,Commodities,24.0,103,Sales growth >= 20% or 2+ strong quarters; 3-year profit growth >= 15%/yr; ROE >= 20%,3
XPROINDIA,-0.021329436943541454,0.17462990869603767,0.28289282602381616,0.003353804493414996,0.7175514351028702,0.0,0.0,0.3975497404830504,0.39586638534879265,0.03596411161050305,0.027846954946796565,-0.06021759705124552,-0.036903668454578965,66607445.3,100.0,20.372670807453396,-1.7888683867635962,1.654266477000816,2.0,-5.031790431248351,8.15,1.0,2.635046113306983,-0.030000000000001137,20665.0,True,True,37.571157495256166,Packaging,Industrials,34.0,103,"Uptrend (price > 50 > 150 > 200-day, 200-day rising); Within 15% of 52-week high; 3-year profit growth >= 15%/yr; ROE >= 20%; RS rating >= 80",5
YASHO,0.3775473507886978,1.502330367411174,1.9090845119977486,2.676654047833334,0.8685622747296757,0.0,1.0,0.6498540717532696,0.8962014906132781,0.045074915282933864,0.05933859358381355,0.055769124984118346,-0.027350199318714644,154964904.89999998,300.0,54.923479661699574,156.03425775916128,3.2203546259018765,3.0,-3.056534100352526,9.88,1.0,5.63063063063063,0.28000000000000025,20650.0,True,True,96.83965844402277,Specialty Chemicals,Commodities,40.0,103,3-year profit growth >= 15%/yr; ROE >= 20%,2
YATHARTH,0.1315512566108802,0.3214666666666668,0.4655822550831794,0.9521510030002074,0.8722128378378379,0.0,1.0,0.8599947890290462,1.4872512780779144,0.026180696201560202,0.0917235060572128,0.07713505231307116,-0.05550322740131842,342237228.1,8.056930870578016,52.32571672421151,-7.382517554972967,0.6737093189938587,0.0,33.200772850420556,-4.739999999999998,1.0,9.550561797752808,-0.7899999999999991,20675.0,True,True,80.59013282732448,Hospital,Healthcare,68.0,103,Quarterly profit growth >= 25%; ROE >= 20%; Net profit margin up vs a year ago,3
YATRA,-0.04503650226993594,-0.19636028891091917,0.1634033828805741,-0.47495887544253,0.5029207920792079,0.0,0.0,0.1314497986014462,1.1790663890813973,0.026462045680333442,0.04947439483074545,-0.07003950890323418,-0.028581440931801233,97411407.09,-97.88724779574954,-10.44278156427243,-51.78927372946208,-1.632732999322235,0.0,64.07438086761088,-7.45,1.0,5.6558363417569195,0.14000000000000057,20677.0,True,True,28.084440227703986,"Tour, Travel Related Services",Consumer Discretionary,98.0,103,"Uptrend (price > 50 > 150 > 200-day, 200-day rising); Within 15% of 52-week high; Quarterly profit growth >= 25%; Sales growth >= 20% or 2+ strong quarters; ROE >= 20%; RS rating >= 80; Net profit margin up vs a year ago",7
YESBANK,-0.013468497942068232,0.06939163498098866,0.2396694214876034,-0.04142757517774661,0.8064391000775795,0.0,0.0,-0.14138703300574829,1.4645863474325245,0.015982027087965485,0.05291479820627809,-0.07465104685942181,-0.05330452286345361,1122322401.15,32.61886911133609,5.9157459544329605,-12.748769464995014,2.7380498187296327,3.0,69.978876819556,2.6799999999999997,1.0,6.865006450604011,1.9299999999999926,20652.0,True,True,39.63757115749526,Private Sector Bank,Financial Services,25.0,103,"Uptrend (price > 50 > 150 > 200-day, 200-day rising); Within 15% of 52-week high; ROE >= 20%; RS rating >= 80",4
ZAGGLE,-0.15112217511576384,-0.4835880588487359,-0.1974694783573806,-0.9002716591516553,0.4248149975333005,0.0,0.0,1.0264459487504924,0.42004631398347625,0.034831617725952606,0.03880040664181639,-0.08151292772420848,-0.02151331421500067,149573208.17000002,-32.84220247070061,27.502485164322053,-63.320270356195735,-2.1413211664935026,0.0,91.05533036684368,-3.7200000000000006,1.0,9.9002849002849,-3.710000000000001,20679.0,True,True,2.066413662239089,IT Enabled Services,Information Technology,50.0,103,"Uptrend (price > 50 > 150 > 200-day, 200-day rising); Within 15% of 52-week high; Quarterly profit growth >= 25%; ROE >= 20%; RS rating >= 80; Net profit margin up vs a year ago",6
ZEEL,-0.12460909542468238,-0.18691754681814154,0.24250644242506425,-0.8157738358929795,0.5924799324038869,0.0,0.0,-0.2514826716790727,0.6078423503231511,0.03294866672237466,0.02829091848598364,-0.22872673915960684,-0.040991471034058424,1703639591.315,-48.204311401796076,4.521043402016667,51.795688598203924,-0.4456887394566778,0.0,-11.49420965833885,-3.97,1.0,2.310315430520034,-8.2,20675.0,True,True,4.978178368121442,TV Broadcasting & Software Production,Consumer Discretionary,,103,"Uptrend (price > 50 > 150 > 200-day, 200-day rising); Within 15% of 52-week high; Quarterly profit growth >= 25%; Sales growth >= 20% or 2+ strong quarters; 3-year profit growth >= 15%/yr; ROE >= 20%; RS rating >= 80; Net profit margin up vs a year ago",8
ZENSARTECH,-0.10238048553425022,-0.3842305383229937,-0.16491767685905556,-1.0778483781402262,0.5344282238442822,0.0,0.0,1.03528743843297,1.4388424936145894,0.019472920737687156,0.03948428686543104,-0.060437421667472346,-0.019627335291700108,375155712.125,1.0290567012291918,8.902527075812273,-18.120926500311185,0.07621813107635127,0.0,24.833459403885037,-0.9500000000000011,1.0,16.422970968425513,-1.4600000000000009,20647.0,True,True,8.92314990512334,Computers - Software & Consulting,Information Technology,93.0,103,"Uptrend (price > 50 > 150 > 200-day, 200-day rising); Within 15% of 52-week high; Quarterly profit growth >= 25%; Sales growth >= 20% or 2+ strong quarters; ROE >= 20%; RS rating >= 80; Net profit margin up vs a year ago",7
ZENTEC,0.004723778251794311,0.262899607403253,0.30602479518596404,0.29224179904383457,0.7732054606840535,0.0,0.0,0.196774642393145,0.5947483994094961,0.020985853323645384,0.02230054080330568,-0.09277446127383593,-0.025240441238028707,518680247.0,-35.808642465255424,-10.479079762356225,22.653787912933332,-0.4253292714421553,0.0,30.119303337071624,-9.489999999999998,1.0,11.540497617787189,0.8399999999999999,20659.0,True,True,46.87001897533207,Aerospace & Defense,Industrials,19.0,103,"Uptrend (price > 50 > 150 > 200-day, 200-day rising); Within 15% of 52-week high; Quarterly profit growth >= 25%; Sales growth >= 20% or 2+ strong quarters; ROE >= 20%; RS rating >= 80; Net profit margin up vs a year ago",7
ZFCVINDIA,-0.0013772009311506586,0.22727032265200808,0.11404087013843123,0.14656545302994098,0.7136005256241786,0.0,0.0,-0.5138182396583484,1.3246741163480233,0.016615934894787857,0.023685169440058385,-0.12616781825964107,-0.04037458620418592,197001682.5,-14.5907150993568,9.289023740210766,-30.125226604275802,-1.5238506410545158,0.0,12.469646359535048,-2.7399999999999984,1.0,14.010840108401085,-0.620000000000001,20638.0,True,True,44.6157495256167,Auto Components & Equipments,Consumer Discretionary,18.0,103,"Uptrend (price > 50 > 150 > 200-day, 200-day rising); Within 15% of 52-week high; Quarterly profit growth >= 25%; Sales growth >= 20% or 2+ strong quarters; 3-year profit growth >= 15%/yr; ROE >= 20%; RS rating >= 80; Net profit margin up vs a year ago",8
ZOTA,-0.004931730607282317,-0.19143163156015697,-0.01650165016501648,-0.09391136426030132,0.7713218390804597,0.0,0.0,0.2994815338217646,2.225886175482707,0.029782206366250397,0.12520751419833975,0.1266657376424387,-0.06427274915953991,59360604.4,-100.0,67.59992276501254,-28.3945813432494,-4.792002218019634,0.0,-7.573606611811867,-12.02,0.0,-10.662824207492795,0.05999999999999872,20678.0,True,True,42.36148007590133,Pharmaceuticals,Healthcare,26.0,103,"Uptrend (price > 50 > 150 > 200-day, 200-day rising); Within 15% of 52-week high; Quarterly profit growth >= 25%; 3-year profit growth >= 15%/yr; ROE >= 20%; RS rating >= 80; Net profit margin up vs a year ago",7
ZYDUSLIFE,0.0405933457768191,0.1289184558008265,0.2928546692831584,0.6961215015888781,0.9358006655303953,1.0,1.0,0.459884329678349,1.6768731781456991,0.0171040932573793,0.03294642857142871,0.008214367535672285,-0.02429654814329835,1306945835.25,-34.068044305673205,21.955671843862667,-55.073266537276155,-4.042075757319736,0.0,17.936103340179322,-10.63,1.0,18.899380348185304,0.010000000000001563,20645.0,True,True,58.51707779886148,Pharmaceuticals,Healthcare,26.0,103,Quarterly profit growth >= 25%; ROE >= 20%; RS rating >= 80; Net profit margin up vs a year ago,4
ZYDUSWELL,-0.006577679312656893,0.09290853031860236,0.04387945420634143,0.11128443033575834,0.8295333823649588,0.0,0.0,0.609766451003235,0.5965499669033976,0.023270592767433193,0.04447996990784264,-0.039304202984961734,-0.03586287894749041,104542070.325,-7.105337664252254,66.91834127076315,-1.3148588061281163,-0.3537777087835326,0.0,-10.138550264254375,-6.59,1.0,3.381393752145554,0.41000000000000014,20647.0,True,True,41.985768500948765,Packaged Foods,Fast Moving Consumer Goods,89.0,103,"Uptrend (price > 50 > 150 > 200-day, 200-day rising); Within 15% of 52-week high; Quarterly profit growth >= 25%; 3-year profit growth >= 15%/yr; ROE >= 20%; RS rating >= 80; Net profit margin up vs a year ago",7
