date,r
2011-09-08,-0.0031591721243435598
2011-09-09,0.007309139497964653
2011-09-14,-0.0023601022530927804
2011-09-19,-0.003582192698098766
2011-09-19,-0.0005868849761707462
2011-09-19,-0.007100878371269362
2011-09-20,0.0003956329222323441
2011-09-22,-0.010013873920372987
2011-09-22,-0.0051873892878366665
2011-09-22,0.0005390709743084054
2011-09-23,-0.002657097824676583
2011-09-23,-0.005927539896728432
2011-09-23,-0.0018496087760649738
2011-09-26,-0.0008356195073204542
2011-09-26,-0.006209477976097258
2011-09-26,0.002478615993981045
2011-09-29,0.0048490680122163145
2011-10-03,0.007371116982676581
2011-10-04,-0.005882474074118219
2011-10-05,0.011824565295029085
2011-10-06,-0.0016308720550073186
2011-10-06,-0.0023119064191194725
2011-10-06,-0.0037806895488552237
2011-10-07,-0.004592405999038299
2011-10-07,-0.002661591103317854
2011-10-10,0.002964146401252218
2011-10-11,-0.00025295685599644786
2011-10-11,-0.00036174598863390246
2011-10-17,-3.452085774389487e-05
2011-10-17,-0.001968756834532995
2011-10-18,-0.00402933839175377
2011-10-18,-0.0007760462814727454
2011-10-19,0.0005056109344133885
2011-10-20,-0.00046906729989480196
2011-10-21,-0.0030218248159215953
2011-10-24,0.01198164247700719
2011-10-25,-0.0027937270553455105
2011-10-25,-0.003117003850941139
2011-10-25,-0.0008851322346709967
2011-10-25,0.007305123860903004
2011-10-26,-0.01575504487521105
2011-10-27,-0.003882274601504346
2011-10-31,-0.002566967834635373
2011-11-03,0.005284062271710318
2011-11-04,7.23167490937116e-05
2011-11-07,-0.0030368798540982653
2011-11-08,-0.007762173322238478
2011-11-09,-0.0016408605450430691
2011-11-09,0.005878186086999212
2011-11-10,-0.003953954717297517
2011-11-11,0.0017753375474514243
2011-11-14,-0.003038812703237451
2011-11-15,0.004106925462740404
2011-11-17,0.01256595709141974
2011-11-18,-0.004350112315085955
2011-11-18,0.0006295632595776557
2011-11-21,0.0013264862875436345
2011-11-21,-0.0023059575414463383
2011-11-23,0.001338633965462429
2011-11-23,-0.0009512161711391165
2011-11-23,0.008093698947636804
2011-11-28,-0.00127284124500047
2011-11-28,-0.00295586917235067
2011-11-28,-0.0019474273503735462
2011-11-30,-0.0018904160542504245
2011-12-01,-0.0005761153118166529
2011-12-01,-0.0029502875964047912
2011-12-07,-0.0021576446341198072
2011-12-08,-0.003199077819769228
2011-12-09,0.008006754792838874
2011-12-12,-0.0006918735669134513
2011-12-12,-0.0010724558488534963
2011-12-12,-0.0019000860362017125
2011-12-13,-0.0002550523386128744
2011-12-14,0.0004650331119260465
2011-12-14,0.001920068410757777
2011-12-14,0.0019775515768637644
2011-12-16,0.002298677668563417
2011-12-16,-0.006574438742978342
2011-12-19,-0.0018470344515959336
2011-12-20,0.007881361820728757
2011-12-21,0.004037954029404453
2011-12-21,-0.003675770437858253
2011-12-21,-0.0012617173162780915
2011-12-28,0.0046941210762926535
2012-01-05,-0.0004059982275132856
2012-01-13,-0.0033266075309523555
2012-01-17,-0.0005554344985968329
2012-01-18,0.006094381383148903
2012-01-23,-0.0007500829010620247
2012-01-23,0.0004769608844037621
2012-01-23,-0.0033063305365749005
2012-01-26,-0.0006466708099961227
2012-01-27,-0.00023802106124413465
2012-01-27,-0.0015574377105448212
2012-01-31,-0.0010537309291700303
2012-02-01,-0.0012880363258033023
2012-02-03,-0.0005297900464533523
2012-02-03,-0.000628138283185512
2012-02-03,-0.000628138283185512
2012-02-08,-0.001612118964626189
2012-02-08,0.0007526482852256067
2012-02-09,-0.0003272037845731634
2012-02-15,-0.0012860853133134043
2012-02-15,0.0017234633203985405
2012-02-16,-0.002959923100552245
2012-02-16,0.007745309930936381
2012-02-17,-0.0013932165099177307
2012-02-21,0.001316569665321251
2012-02-23,-0.00246029225304765
2012-02-23,-0.0013846992741774844
2012-02-23,-0.000515891802193672
2012-02-27,-0.004482403278938988
2012-02-27,-0.0006091234243020638
2012-02-27,-0.0014699275563084624
2012-02-28,0.00015619145273572892
2012-02-28,-0.0006065486964320444
2012-02-28,0.0013009747065029409
2012-02-28,0.003490295756526837
2012-02-29,-0.0020203364605807326
2012-02-29,-0.002893024907291356
2012-03-01,-0.001645895265326861
2012-03-01,-0.00012909244843804286
2012-03-02,-0.0008843792146844087
2012-03-05,0.0034849312491713937
2012-03-05,0.001874604762721962
2012-03-06,-0.003033746863935852
2012-03-07,6.126458286905505e-05
2012-03-07,-0.0021409934735998424
2012-03-08,0.0006298048516611054
2012-03-09,5.9943529182168204e-05
2012-03-09,-0.0019209573791549672
2012-03-13,0.008470946942985133
2012-03-14,0.0002426154009165427
2012-03-14,-0.00519058383537028
2012-03-19,0.0016174615211106602
2012-03-20,-0.0005878732509929463
2012-03-21,-0.00039978430400453897
2012-03-21,-0.0011278153183853312
2012-03-21,-0.00431464106537525
2012-03-23,0.0007003004888162156
2012-03-23,-0.0015971644830772103
2012-03-26,0.008143580005500103
2012-03-27,-0.0009331549339480583
2012-03-27,0.000684386403219347
2012-03-27,-0.002277276756191918
2012-03-28,-0.0011120103073264198
2012-03-28,-0.0026618084098366333
2012-03-29,-0.00131037978419977
2012-03-29,-0.003864191688417654
2012-03-30,-0.0029438762536890626
2012-04-02,0.006848290227204476
2012-04-03,-0.0029008770024948425
2012-04-04,0.000786048070046027
2012-04-04,-0.00039951766402189
2012-04-05,0.0008739919068603463
2012-04-05,0.00023748929730184836
2012-04-10,-0.0033155999682069424
2012-04-10,0.006881108464524407
2012-04-12,0.002261163256122042
2012-04-12,0.0027139903653434962
2012-04-13,0.008154658384066945
2012-04-16,-0.0022836071664309263
2012-04-16,0.0005264889599279254
2012-04-16,-0.00031518322092092594
2012-04-16,0.0024907316675085913
2012-04-17,0.010650232463820705
2012-04-19,-0.0004077248137057487
2012-04-23,-0.0021265710669488933
2012-04-24,-0.0005106659867792718
2012-04-25,-0.002067792576782671
2012-05-01,-0.0010366161478960556
2012-05-01,-0.0016759580271766639
2012-05-01,-0.00021720262610345538
2012-05-01,-0.0005826662990009257
2012-05-03,0.0033778189006255146
2012-05-04,0.008436864684424747
2012-05-08,0.00015769442337089883
2012-05-08,-0.0008996559149389938
2012-05-08,-0.0014751662668872434
2012-05-10,-0.0011850481827679704
2012-05-11,-0.0013639292710000228
2012-05-11,-0.0005099416051052941
2012-05-11,0.00044112602201253575
2012-05-15,-0.0023298536810032276
2012-05-16,-0.003060977950392488
2012-05-16,-0.001109579497306149
2012-05-17,-0.0010136650856886564
2012-05-17,0.015956845766409895
2012-05-18,0.003787647720007078
2012-05-21,0.022793315023189393
2012-05-24,-0.0036899249280857114
2012-05-24,-0.0003316976779519176
2012-05-29,-0.001788906822656181
2012-05-31,0.00036285645201174726
2012-05-31,-0.005500630975016721
2012-06-01,0.002805811866946747
2012-06-05,-0.004862037703766234
2012-06-06,0.008285605925140401
2012-06-08,-0.0013097808145811996
2012-06-08,0.002218393237662061
2012-06-11,0.009605455534150617
2012-06-12,-0.0015107535120102245
2012-06-15,0.0016331267781202385
2012-06-15,0.003682951261215114
2012-06-18,-0.0009064449034714517
2012-06-18,-0.0005192518320531281
2012-06-18,0.0031647035726971775
2012-06-19,0.0012094982810120414
2012-06-19,-0.0007028424158878977
2012-06-21,-0.0017649573122719786
2012-06-21,0.014164262103716593
2012-06-25,0.005558100806306384
2012-06-27,-3.452085774389487e-05
2012-06-28,-0.0020143268367580434
2012-06-29,0.0013135773608406087
2012-07-06,0.004550882275614862
2012-07-06,-0.0012821216254981038
2012-07-09,0.0008313633061968384
2012-07-10,0.0002561204908319204
2012-07-11,-0.006904674945485504
2012-07-12,-3.452085774389487e-05
2012-07-12,-0.003396530152710778
2012-07-13,0.00817662283727085
2012-07-16,-0.00296020839431497
2012-07-17,-0.0016000785876852752
2012-07-18,0.003419379171038647
2012-07-18,0.002260153585319521
2012-07-19,-0.0022931318120070574
2012-07-20,-0.0006029179778652505
2012-07-20,0.005197594819577286
2012-07-23,-0.0010147208185358003
2012-07-24,-0.0016962999388778577
2012-07-27,0.011261669071415589
2012-08-02,-0.005612134773417913
2012-08-03,-0.0010624621716398364
2012-08-03,-0.00040814312563106965
2012-08-06,-0.0003122729177383687
2012-08-07,5.745007943993245e-05
2012-08-13,-0.0004034564784780403
2012-08-15,-0.0004917264173634839
2012-08-16,0.0037743120070426097
2012-08-20,-0.0012082297779316498
2012-08-21,-0.004050226729598297
2012-08-21,-0.0011179444763786772
2012-08-22,-0.001111526781276443
2012-08-23,-0.002931497138750608
2012-08-23,-0.0011203954392297966
2012-08-24,0.0025825714624439135
2012-08-29,-0.0015674333915580518
2012-08-30,0.0018640416592075237
2012-08-30,-3.452085774389487e-05
2012-08-30,0.0020488124755894312
2012-09-04,-0.0001252320333606593
2012-09-04,-0.0011229562318934938
2012-09-04,-0.004203831108808823
2012-09-05,-0.004443771285171242
2012-09-06,0.009607475392590789
2012-09-10,-0.00039055112031614376
2012-09-10,0.004161533066012876
2012-09-11,-0.0018231096611780273
2012-09-11,-0.0021783350605129956
2012-09-13,0.005115541298178724
2012-09-14,0.000316018095897227
2012-09-14,0.0006663113805389831
2012-09-14,0.00031564985047640386
2012-09-14,-0.001434713384216283
2012-09-17,-0.0023172249841705104
2012-09-25,0.005472674025894372
2012-09-26,0.0033750798600668177
2012-09-26,-0.002195320353557387
2012-09-26,-0.00030403842130508947
2012-09-26,-0.00048489016057227436
2012-09-27,0.005770605515391677
2012-09-28,0.0003228134284808582
2012-09-28,-0.003798298974062567
2012-10-01,-0.0017219098453104909
2012-10-03,0.0009440397685349844
2012-10-05,-0.0003908682964965748
2012-10-08,-0.0014725938399477812
2012-10-08,0.0005949755451337879
2012-10-09,0.0035945845677687518
2012-10-09,0.00023865342745001632
2012-10-09,0.0030623003463730227
2012-10-10,-0.001412943941735837
2012-10-12,-0.001410667646734679
2012-10-12,-0.003705255922440623
2012-10-16,0.009619395353549295
2012-10-18,0.001787968662941416
2012-10-19,0.01869654148731161
2012-10-22,-0.001154655273873798
2012-10-31,0.0020442847739295025
2012-10-31,-3.452085774389487e-05
2012-11-01,0.0029594911183039776
2012-11-02,0.003258047345454559
2012-11-07,0.002629862052142903
2012-11-07,-0.001465682006489314
2012-11-07,0.005300844995914674
2012-11-08,0.008355873587236348
2012-11-09,0.00015894015986097303
2012-11-09,-0.0010002379026497843
2012-11-14,0.005469164645941623
2012-11-16,-0.0010304375991043535
2012-11-16,-0.011963149566645218
2012-11-19,-0.000910007239066849
2012-11-19,0.006371380336083218
2012-11-20,-0.0049016482791397285
2012-11-28,0.00043509499648732524
2012-11-29,-0.002269573940254602
2012-12-04,-0.0021039404796045855
2012-12-04,-0.0005989611211494139
2012-12-05,-0.00017422890568250855
2012-12-05,5.986328571995995e-05
2012-12-05,-0.0017335958058277512
2012-12-05,0.0010030192290321394
2012-12-05,0.0005319978845844864
2012-12-05,-0.0008847806593499186
2012-12-05,0.0038355943017803953
2012-12-06,-0.0030460021300947413
2012-12-06,-0.0004120930684291346
2012-12-06,-3.452085774389487e-05
2012-12-07,-0.00012894956407059395
2012-12-07,0.0006282951634662048
2012-12-10,0.0007207661513195707
2012-12-11,0.0011782788437207003
2012-12-11,-0.001525389288604887
2012-12-13,-0.0023611844221924447
2012-12-13,-0.0008831771519448395
2012-12-17,-0.0023078939751067593
2012-12-17,-0.0032369320850209413
2012-12-17,-0.0007904501783524232
2012-12-17,0.00534435995758111
2012-12-18,0.003675021941106157
2012-12-20,-0.0014779421017716377
2012-12-26,-0.0005084545070330548
2012-12-26,0.001767110092379417
2012-12-27,-0.001948396455829985
2012-12-27,-0.0015653283587006939
2012-12-31,-0.0015606559206969661
2012-12-31,0.014868039325672175
2013-01-02,-0.0020036804511746973
2013-01-04,-0.0013242490935798468
2013-01-08,-0.0017913400902913412
2013-01-09,-0.0006758401431310268
2013-01-15,-0.0009572854604937653
2013-01-16,-0.0021357450492294015
2013-01-18,-0.0018705623522816495
2013-01-22,-0.0016863516368574671
2013-01-22,0.0003319473053343869
2013-01-22,-0.0011343283914255575
2013-01-25,-0.005058269487630643
2013-01-25,-0.001405385416325492
2013-01-28,0.0005134743929640273
2013-01-28,-0.00012574508689920156
2013-01-28,-0.002128285081685591
2013-01-28,-0.002588799274091261
2013-01-28,-0.00030836841593649185
2013-01-28,-0.0006736735239235381
2013-01-29,-0.0019621874632147294
2013-01-29,-0.0012201113730197866
2013-01-30,-0.0009501879211997
2013-01-31,-0.002949972752787614
2013-01-31,-0.0003096492509941739
2013-02-01,0.0003281922361988621
2013-02-04,0.008018924735740082
2013-02-05,0.00775078780684659
2013-02-07,-0.0022397951387324953
2013-02-07,-0.0005846262946193981
2013-02-07,-0.00012615468895436406
2013-02-07,-0.001225651515614582
2013-02-07,0.001338225550236346
2013-02-07,-0.0010425853738728985
2013-02-07,0.00033167890422627027
2013-02-07,-0.004980028688131391
2013-02-08,-0.00030486419378071057
2013-02-08,5.5617956029393495e-05
2013-02-08,-0.00012465154724370704
2013-02-08,-0.000575353740383181
2013-02-13,-0.0004843634128496121
2013-02-15,-0.002575125158624106
2013-02-19,-0.0021957095115034773
2013-02-20,-0.0011157967633123966
2013-02-20,0.012047347323664434
2013-02-21,-0.0013657066427390319
2013-02-21,-0.0004947141389219734
2013-02-25,0.005853785334178038
2013-02-27,0.00482385296203793
2013-02-28,-0.002123530848661218
2013-02-28,-0.0009429510903020499
2013-02-28,-0.0013040166865433223
2013-03-01,-0.001548458639310616
2013-03-01,-0.0005801242041111132
2013-03-05,0.0037799561961291608
2013-03-05,-0.0007501483736218428
2013-03-05,0.00014451414359896946
2013-03-05,-0.0003030252880670081
2013-03-12,-0.0031732528100352018
2013-03-13,-0.00218236406518966
2013-03-15,-0.0005721552663460006
2013-03-19,-0.0012082297779316498
2013-03-22,0.0013990424430356996
2013-03-25,-0.0039024708442509746
2013-03-25,-0.0022851510341932255
2013-04-01,0.001217939331914405
2013-04-02,0.001031198502824423
2013-04-02,-0.0010991056696672918
2013-04-03,0.004161907713684651
2013-04-04,-0.0007542041970744851
2013-04-09,-0.0025302869688055094
2013-04-10,0.011310985258192982
2013-04-12,-0.0018884980803095342
2013-04-15,0.01112085762831185
2013-04-16,-0.0016267366914458437
2013-04-16,0.0008492617317390672
2013-04-17,0.007112164866751388
2013-04-17,-0.00039442728207348727
2013-04-17,0.001584475364598289
2013-04-18,-0.0015749340509298804
2013-04-18,0.00982705518495943
2013-04-19,0.007322427371138992
2013-04-22,-0.003845062040624828
2013-04-22,-0.0014601646250075129
2013-04-23,0.001246382710032431
2013-04-23,-0.000915811066609632
2013-04-25,0.002251394387552416
2013-04-29,0.004174159545587993
2013-05-02,0.007424282264545853
2013-05-03,0.0006454621426810381
2013-05-08,0.0006412118899543817
2013-05-10,-0.0015482707526224082
2013-05-14,0.0018887168711632285
2013-05-14,-0.0015367742378140459
2013-05-16,-0.0026905633544238392
2013-05-21,-0.0011131800014545312
2013-05-21,-0.0003643361611740203
2013-05-22,-0.002176024852472461
2013-05-22,-0.0025002067293638883
2013-05-22,0.0011312714646809685
2013-05-28,-0.0022583903907312606
2013-05-29,-0.0017076009982825802
2013-05-29,-0.002462721477353805
2013-05-30,-0.0006153373197419299
2013-06-03,0.00021821713720128981
2013-06-03,-0.0016355994791310369
2013-06-04,0.0002985626629488281
2013-06-04,0.0013930908318765722
2013-06-05,0.006058911775973083
2013-06-06,-0.0034644642636776166
2013-06-07,0.0010586510225116996
2013-06-07,0.002145224279747745
2013-06-12,0.0047277888624704025
2013-06-13,-0.0011378988920335098
2013-06-13,0.0059936672896494705
2013-06-14,-0.0008827692248658348
2013-06-14,-0.0022437145020637126
2013-06-14,-0.0014780124090727298
2013-06-17,-0.0008341499373641737
2013-06-18,0.0037381149571453966
2013-06-18,-0.0007848960453376941
2013-06-19,-0.004206734186583664
2013-06-20,-0.000852741743003963
2013-06-20,0.0019065895817690548
2013-06-21,0.0011831881098129016
2013-06-21,-0.003095299169943314
2013-06-24,-0.0025113010435024816
2013-06-24,-0.000916899751240744
2013-06-27,0.0003947742397061494
2013-06-28,-0.00020607687078220467
2013-06-28,-0.0050053813308327064
2013-07-01,-0.00041902107551392893
2013-07-01,0.00030587570425090975
2013-07-01,-0.0024990402764572903
2013-07-02,0.00047694449047865577
2013-07-02,-0.0026716965276716107
2013-07-10,-0.0008714810184402377
2013-07-10,-0.0008700125446015983
2013-07-10,-0.00045174382169586353
2013-07-11,0.004404078517564322
2013-07-18,-0.0018276580327378589
2013-07-19,4.7763351916271274e-05
2013-07-19,-0.0014354273266354667
2013-07-19,-0.0016822387684376305
2013-07-23,-0.0012700039316257772
2013-07-23,0.004078674272233093
2013-07-30,-0.003517712433280565
2013-07-31,-0.0014888312722224162
2013-07-31,-0.0059931326622369805
2013-08-02,-0.0004341372260303433
2013-08-02,0.002603157984874668
2013-08-06,0.00020569052827581151
2013-08-06,0.0005261070455077255
2013-08-06,0.00028601764694393355
2013-08-06,4.563946289739222e-05
2013-08-07,-0.004802968283590595
2013-08-09,-0.003893351953491145
2013-08-12,-0.001073606462411817
2013-08-12,-0.001395065075430949
2013-08-13,-0.0021223711749365024
2013-08-13,-0.0013090150428641623
2013-08-13,-0.0002732983171517078
2013-08-14,-0.0008326691536972664
2013-08-15,-0.0018212503306587002
2013-08-15,-0.0010884324913069488
2013-08-15,0.0020739861570967712
2013-08-16,-0.0017349257160434817
2013-08-16,-0.0009258586747765507
2013-08-16,-0.0006022418634211524
2013-08-19,0.0005316389610850092
2013-08-19,-0.0004386919029302027
2013-08-19,-0.0006814560024956762
2013-08-19,0.0002891561126397069
2013-08-19,-0.0010052375702499317
2013-08-19,-0.0014920107362864454
2013-08-20,-3.452085774389487e-05
2013-08-20,-0.00149224680526581
2013-08-21,-0.003024903141749394
2013-08-22,-0.00011533546902562692
2013-08-22,-0.0006000403277713706
2013-08-22,-0.003025386592122684
2013-08-22,-0.00011531588077049788
2013-08-22,0.0010146277178351337
2013-08-26,-0.004417689490195257
2013-08-27,0.00573455365269728
2013-08-28,0.0001284650439756974
2013-08-28,-0.0014168594493848363
2013-08-28,0.0016754376146932615
2013-08-28,-0.0013351223859506634
2013-08-29,0.0031220958966065217
2013-08-29,-0.0009220470801095482
2013-08-29,-0.0005190561076833056
2013-08-29,-0.0008424710880097031
2013-08-30,4.6720510360717154e-05
2013-08-30,0.000534214923861539
2013-08-30,-3.452085774389487e-05
2013-08-30,0.0008597153832120752
2013-09-04,-0.00011476479932635337
2013-09-04,0.0018896353195992
2013-09-06,-0.0026864012820448733
2013-09-09,0.0015458821450218452
2013-09-13,-0.0020103368697568045
2013-09-17,4.387976946109377e-05
2013-09-17,0.00027881143114851463
2013-09-17,-0.0005042617173697062
2013-09-18,0.0038504830272598958
2013-09-20,-0.0014298696949532708
2013-09-20,-0.0005772827403522729
2013-09-20,-0.000267512470045953
2013-09-23,-0.002764417121685828
2013-09-25,-0.0013612983493540376
2013-09-26,-0.0019708542168950047
2013-09-26,-0.0009642489122879494
2013-10-01,0.0008944155101149509
2013-10-01,0.0009708929086906981
2013-10-01,-0.000575353740383181
2013-10-01,0.0036760542814027377
2013-10-03,0.0008979525279116018
2013-10-03,-0.0005011927096534119
2013-10-03,0.0027642041675223408
2013-10-04,0.0001207948213739674
2013-10-04,0.0005067720590517155
2013-10-08,0.00815832615659364
2013-10-09,-0.004113541892695397
2013-10-10,-0.0009762143365166043
2013-10-10,0.004673577070692955
2013-10-11,0.0004325506041898042
2013-10-11,0.0006632076483419536
2013-10-14,0.0004273373517858137
2013-10-16,0.0014958181123379177
2013-10-23,0.0002655766739539012
2013-10-23,-0.0008611534571276536
2013-11-01,-0.0022664976451853645
2013-11-01,-0.001671303835200958
2013-11-07,0.015254183313252142
2013-11-08,0.0057242107255333265
2013-11-13,0.007590590187562604
2013-11-18,-0.00055150756380005
2013-11-19,-0.000771169108204276
2013-11-21,-0.0006977974440803647
2013-11-21,-3.452085774389487e-05
2013-11-26,0.0005461149384529318
2013-11-27,-0.000395297248536911
2013-11-27,-0.00025086181108633694
2013-12-03,-0.00039493316942838303
2013-12-04,-0.002112182413840794
2013-12-11,0.010797862266543464
2013-12-16,-0.0028971845663246874
2013-12-16,0.00032433940207090233
2013-12-16,-0.0008237302134620295
2013-12-17,-0.0006839183611713018
2013-12-18,-0.0011184142026387878
2013-12-18,-0.0030705191228876747
2013-12-18,0.004833052513766553
2013-12-19,-6.887400234487968e-05
2013-12-20,0.0008164222708904234
2013-12-27,-0.0017846083621191145
2013-12-27,0.00010554497319661076
2013-12-30,-0.0008776319376286679
2013-12-31,-0.0006624424373154836
2014-01-02,-0.0013702913864277278
2014-01-02,-0.0010174598453167405
2014-01-02,-0.001159222108973993
2014-01-02,0.00045698314450295046
2014-01-02,-0.0002452690136975721
2014-01-03,0.0017968519675009198
2014-01-03,-0.0005990540593527694
2014-01-03,0.0034918209153007775
2014-01-06,0.0009601505454533055
2014-01-06,-0.0018836069824861113
2014-01-06,-0.0006024203395355954
2014-01-07,-3.452085774389487e-05
2014-01-07,-0.0002459522482577225
2014-01-07,-0.0005984571329447996
2014-01-07,-0.0001753163522880496
2014-01-08,-0.0005256110780329315
2014-01-08,-0.0012958199958561323
2014-01-08,-0.0010866356083927087
2014-01-09,-0.0018680892639497493
2014-01-09,-0.0015165250920416795
2014-01-10,-0.00010524221559402909
2014-01-13,0.007956992579314056
2014-01-14,0.01028495892738481
2014-01-15,0.00038263828847042385
2014-01-15,-0.0007279540454562061
2014-01-15,-0.001421002660170293
2014-01-23,0.0007303772717325485
2014-01-23,-0.0006611308974291219
2014-01-23,-0.0008702336511139197
2014-01-24,-0.0008028919111106958
2014-01-24,0.010325271946400002
2014-01-27,-0.0030332356942426118
2014-01-27,-0.0017429491037574774
2014-01-30,-0.002228900414620852
2014-02-03,0.011972093564572536
2014-02-04,-0.0023481641228729564
2014-02-05,-3.452085774389487e-05
2014-02-06,0.0017604245759148729
2014-02-06,-0.0005362050833584797
2014-02-06,0.000610825478122986
2014-02-06,0.0013986572146316345
2014-02-07,0.004982437876003961
2014-02-10,3.553168166072433e-05
2014-02-11,0.002806585094719446
2014-02-13,0.00010280405299491706
2014-02-13,-0.00017151654237988252
2014-02-13,-0.0005136119534936234
2014-02-18,0.00010136717052080195
2014-02-24,0.0010493431173273138
2014-02-24,-0.0011157480506077489
2014-02-25,-0.0013273016973709229
2014-02-27,-0.0014537274536755385
2014-02-28,3.283281639900552e-05
2014-02-28,-0.003327310320817659
2014-03-03,-0.002229007210781989
2014-03-06,-0.0027290307937492906
2014-03-07,0.00023542110473419813
2014-03-10,-0.003898141816192949
2014-03-11,-0.0007799803318562038
2014-03-12,-0.0021934737655836343
2014-03-12,-0.0017218858685430305
2014-03-13,0.010060330090765587
2014-03-17,0.00013449107667941833
2014-03-17,-0.0013972900046503678
2014-03-17,-0.0009215295913683563
2014-03-17,3.3631530997243514e-05
2014-03-18,0.0057344488721324995
2014-03-19,-0.0023477607543285015
2014-03-20,-0.0009804028927415753
2014-03-21,0.0004412488697079964
2014-03-21,0.00989339971889149
2014-03-24,0.007678977764845626
2014-03-24,-0.002602538625650722
2014-03-24,3.470724886735725e-05
2014-03-24,-0.0013499459477466036
2014-03-25,-0.0009270102165246186
2014-03-26,0.004144625203410987
2014-03-27,-0.0058648102648808185
2014-03-28,-0.0014278606933297666
2014-03-31,-3.452085774389487e-05
2014-04-01,0.00024096123592000867
2014-04-01,-0.00024107552587935617
2014-04-01,3.434492284972394e-05
2014-04-01,0.005130057024090659
2014-04-03,0.0009289365780829251
2014-04-04,-0.0005880008632787959
2014-04-04,0.017564254879596137
2014-04-08,-0.0012384016027336775
2014-04-08,-0.002015139093578958
2014-04-08,-0.002794215168527939
2014-04-09,0.0030381048405801105
2014-04-10,0.024285636136929484
2014-04-15,-0.0013427554678173503
2014-04-23,0.0005268826510280899
2014-04-25,0.0012361271727516965
2014-04-25,0.0012407182495887314
2014-04-28,-0.0031955211387216607
2014-04-28,-0.0065559484054005055
2014-05-05,0.00031313593546979606
2014-05-06,0.0024242076283818217
2014-05-07,-0.0011695946375396094
2014-05-07,0.0011701276683331507
2014-05-07,0.0003202148641432612
2014-05-07,-0.0010281333488723987
2014-05-07,0.0006035959885408915
2014-05-07,-0.004646085242277368
2014-05-08,0.0034838803807333476
2014-05-08,-0.0016473109846635115
2014-05-12,0.0038614023369130304
2014-05-15,0.004579895698223388
2014-05-15,-0.0028441015278288604
2014-05-15,0.001786590019891473
2014-05-15,-0.00010469137209366037
2014-05-16,-0.0024327715454774777
2014-05-19,0.00045017655258707494
2014-05-20,-0.0021964568365428847
2014-05-20,-0.0024033636083884233
2014-05-21,-0.0003107448754222452
2014-05-21,0.0019649275702760174
2014-05-22,-0.0007860923253579599
2014-05-23,3.3497098996601066e-05
2014-05-27,0.0021193460063606753
2014-06-04,-0.0005690658263394022
2014-06-04,-3.452085774389487e-05
2014-06-05,0.0022888992166054858
2014-06-12,-0.0026152514030059835
2014-06-12,0.002614485764772653
2014-06-16,0.0001955843029593141
2014-06-17,-0.0014876252170570126
2014-06-18,-0.0007631907040608155
2014-06-18,-0.0049769476901844
2014-06-18,0.0014137050655001115
2014-06-19,-0.0003640101493418235
2014-06-24,0.0029529616692931717
2014-06-24,-0.0009514112893372706
2014-06-24,-0.000886700470985472
2014-06-24,-0.0002313454214494059
2014-06-24,-0.0055466935724889175
2014-06-25,0.004240388711476825
2014-06-26,-0.0008244102732257541
2014-06-26,-0.0004291538490619284
2014-06-26,-0.0007577292732601027
2014-06-26,0.0008852610225530599
2014-06-26,-0.002270333312534437
2014-06-27,0.0010096610909606973
2014-06-30,-0.0007495959406276043
2014-06-30,-0.0015936711208504961
2014-07-01,0.004881073217671636
2014-07-08,0.004735364407178163
2014-07-08,-0.0008117229302828466
2014-07-08,0.0013245265147644647
2014-07-09,0.00022286283699914593
2014-07-15,-0.0009313818442910715
2014-07-15,-0.006277280543675249
2014-07-17,-0.0009335127026035373
2014-07-17,0.003888308724249631
2014-07-18,0.0002853767750135206
2014-07-18,0.004691799637881041
2014-07-22,2.8674288868898484e-05
2014-07-28,-0.002187646055641349
2014-07-31,0.009518402336753625
2014-08-01,-0.002407076163931746
2014-08-01,-0.003795381965252734
2014-08-04,-0.001447857617348206
2014-08-04,0.0013777271843667027
2014-08-05,-0.0030340975095761533
2014-08-05,-0.0019761427592388334
2014-08-06,-0.0010651166709484217
2014-08-06,-0.002156298006847005
2014-08-07,-0.0021143336745903327
2014-08-08,0.0008678898680521041
2014-08-11,0.0002853358464525358
2014-08-11,-0.00029032440062291327
2014-08-11,-0.0007381605941988256
2014-08-12,-0.0004847105805556395
2014-08-13,0.0027614377112337354
2014-08-18,-0.0002211925023210914
2014-08-27,-0.0021874396004393035
2014-09-03,0.004002917204285824
2014-09-04,-0.0016825706654713757
2014-09-04,-0.00015680014363282142
2014-09-05,-0.00015768873556141534
2014-09-08,-0.003020686986088131
2014-09-09,-0.0010145527087790185
2014-09-09,-0.0002792889399860587
2014-09-09,-0.0011360446322987528
2014-09-09,-0.005358552434758782
2014-09-09,-0.006608662567020732
2014-09-09,0.004683616397158105
2014-09-10,0.0047513424383660765
2014-09-11,-0.002309903675528727
2014-09-12,-0.0022127420834905185
2014-09-12,0.002294195896760295
2014-09-15,0.001946535292816317
2014-09-16,0.0035446213823053987
2014-09-17,-0.0024838503537943733
2014-09-19,-0.001443057816528962
2014-09-22,0.002059075201369406
2014-09-22,-0.0005281651870045845
2014-09-24,0.0038338323290423495
2014-09-25,0.011149364461089514
2014-09-26,0.0008316549759504099
2014-10-01,0.007544128206899111
2014-10-02,-0.00459205978672215
2014-10-03,0.0006506666344699063
2014-10-03,-0.0005933535184082606
2014-10-03,2.7513881710091764e-05
2014-10-07,0.0020486809603231983
2014-10-08,0.004638958703572246
2014-10-09,0.008100648103457583
2014-10-10,-0.006764858656602904
2014-10-10,-0.0015691458337654207
2014-10-10,0.009386140511135862
2014-10-13,-0.008996383878611328
2014-10-15,-0.0013778846406562273
2014-10-17,-0.0014733697786072175
2014-10-17,-0.006167888990329032
2014-10-20,0.009905368966424596
2014-10-21,0.0009144678205412948
2014-10-21,0.004147479811376106
2014-10-23,0.002653664629555427
2014-10-28,2.199019876727108e-05
2014-10-28,0.0007004616129242713
2014-11-03,-0.0026784747924849337
2014-11-04,-0.0009478557900190843
2014-11-04,-0.002762633513034166
2014-11-07,-0.0026858942353471336
2014-11-10,-0.0015312651395819976
2014-11-13,-0.0018711312569874383
2014-11-13,-0.003414718356160565
2014-11-17,-0.001763086053262456
2014-11-18,-0.0010432021309973816
2014-11-18,0.0031577382685701507
2014-11-19,-0.0001483121218936822
2014-11-19,-0.0013382307419982176
2014-11-19,-0.0007447094601637871
2014-11-19,0.000916958432196987
2014-11-19,-0.0003898885685597963
2014-11-19,8.389296541213236e-05
2014-11-19,-0.0003898043976944076
2014-11-20,8.332779159283215e-05
2014-11-24,-0.001085804825897022
2014-11-24,0.0009000083614803167
2014-11-26,0.0017589826225343963
2014-12-01,-0.0003789472017045969
2014-12-01,-0.001721163577961241
2014-12-01,0.0025227385041500985
2014-12-02,-0.0013678603746808216
2014-12-03,-0.0008496629370082587
2014-12-08,0.0001990159640067513
2014-12-10,-0.002369843193066082
2014-12-10,-0.0022023304092299942
2014-12-10,0.004791870320083899
2014-12-11,0.0032974465952795486
2014-12-11,-0.0010263574590816205
2014-12-11,-0.002253768509429469
2014-12-11,-0.0038975766988014002
2014-12-11,-0.005419701776408917
2014-12-15,-0.006161412385334167
2014-12-15,-0.0026786460769880702
2014-12-15,0.002245170927926662
2014-12-16,-0.0015262076370412359
2014-12-17,-0.0036775346856320144
2014-12-17,0.011873857537055407
2014-12-18,-0.0009125335830435322
2014-12-19,-0.0007350495233768661
2014-12-19,-0.0031751513102273674
2014-12-31,-0.0025281415578167574
2014-12-31,-0.0010944092632714042
2015-01-02,-0.001340552587191216
2015-01-02,-0.0011684182079423156
2015-01-05,-0.0009309037734026393
2015-01-05,-0.00033361901697424363
2015-01-05,0.002609908922087031
2015-01-06,0.0023260952703141515
2015-01-07,-0.0005775426654996785
2015-01-07,-0.0028024504223605837
2015-01-08,0.005965982946932088
2015-01-09,-8.909435400659467e-05
2015-01-09,-0.0016357580692593998
2015-01-12,-0.004116418123593072
2015-01-12,0.001579643614854761
2015-01-12,-0.00021416243686520948
2015-01-12,0.002894308352956917
2015-01-13,-0.0025049196810041727
2015-01-13,-0.003815462548533802
2015-01-15,-0.006240829468144396
2015-01-15,0.0054511377501363
2015-01-16,-0.002040853573369897
2015-01-16,0.004096726438719297
2015-01-21,-0.0031358130628294876
2015-01-22,0.0023752706541475734
2015-01-27,-0.0005683010025585389
2015-01-30,-0.003966153343036053
2015-02-02,-0.0025917666309820207
2015-02-06,-0.0013919399201569405
2015-02-06,-0.0025855533733229828
2015-02-10,0.005376246145509153
2015-02-12,0.0005376327931960934
2015-02-12,8.068041039168366e-05
2015-02-19,0.0010954354642254327
2015-02-20,0.0032976829149884614
2015-02-26,0.0003587393366839742
2015-02-26,-0.003006219076743458
2015-02-27,0.0001342183007651177
2015-03-02,-0.0004865994119877903
2015-03-02,7.743038525067307e-05
2015-03-02,-0.0010374917111421833
2015-03-02,0.0010859900952506962
2015-03-02,0.0032068468740820335
2015-03-03,0.001587744794427045
2015-03-03,-0.002614586033606184
2015-03-04,-0.0014979354918902377
2015-03-04,-0.0023504632004764745
2015-03-05,-0.0017256220577492687
2015-03-06,0.005054249921403483
2015-03-10,0.0008776474212603047
2015-03-10,0.0062211423870804
2015-03-11,-0.002642423705842426
2015-03-11,-0.001714324749328292
2015-03-11,0.00048315318403670764
2015-03-12,0.0026787157119663365
2015-03-13,0.0029223532377699226
2015-03-13,-0.0020085198080408238
2015-03-16,0.004965479142255999
2015-03-18,0.003137705146340394
2015-03-24,-0.0008202907887981759
2015-03-25,-0.002022601462483989
2015-03-25,0.020142441396053052
2015-03-27,-0.0017712430377701904
2015-03-27,-0.001822225703742112
2015-03-30,-0.0036380378903677433
2015-03-30,-0.0007158225555110398
2015-04-01,-0.0034793740135796534
2015-04-01,0.000493816160759627
2015-04-01,-3.452085774389487e-05
2015-04-01,0.00037300272622810775
2015-04-01,-0.0004468698960622219
2015-04-01,-0.0011942111412623724
2015-04-01,-0.0011975198133708875
2015-04-06,0.002789470367794219
2015-04-07,-0.0014088614605754868
2015-04-08,-0.003582665750246553
2015-04-08,0.0016310048281080924
2015-04-09,-0.00026189797178264635
2015-04-13,-0.0009925415194318255
2015-04-14,0.00014117794430980828
2015-04-17,0.0006603709968351545
2015-04-20,0.004350215249475894
2015-04-23,-0.0014824102461445754
2015-04-28,-0.0007524182850928518
2015-04-28,-0.0018668443772264876
2015-04-29,-0.004678338062044965
2015-04-30,-0.0033582922453678585
2015-04-30,0.006332422423496983
2015-05-01,-0.002287598602417654
2015-05-01,0.00480444631957779
2015-05-04,-0.0032597540874197226
2015-05-05,0.007408702585479673
2015-05-06,-0.0023709374387648006
2015-05-06,0.0010477968059081821
2015-05-06,-0.0005477531261392865
2015-05-06,0.003157286229435804
2015-05-07,0.0011613789144655684
2015-05-08,-0.0014357153480229845
2015-05-12,-0.0002579208691417622
2015-05-12,-0.005110038266518105
2015-05-14,0.003425856922517642
2015-05-18,-0.0005332485479918414
2015-05-18,-0.0010870987872898341
2015-05-20,-0.0017661978431551073
2015-05-21,-9.421905021543049e-05
2015-05-21,-0.0001404698962562489
2015-05-26,0.003363807833063911
2015-05-27,0.008227687247870394
2015-05-29,0.00029743081894397454
2015-05-29,-0.001754171247272377
2015-06-04,-0.0010999712283063878
2015-06-05,-0.003280925185088915
2015-06-08,0.006411335073452503
2015-06-09,-0.0027075586050340026
2015-06-10,0.004002009518155233
2015-06-12,-0.002899702274289576
2015-06-15,-0.001506997140195735
2015-06-16,0.0004191079481346194
2015-06-17,-0.002662046251203124
2015-06-18,0.0037369711001040886
2015-06-18,0.0015081910441237156
2015-06-22,-0.001298118264622209
2015-06-26,-0.0018179541004936606
2015-06-26,0.0020827161257060047
2015-06-29,0.007227092501081464
2015-07-07,0.0009910617301428692
2015-07-07,-0.0020261937032350717
2015-07-07,0.0003070107521450283
2015-07-07,0.0015028964633690045
2015-07-07,-0.008650471201401036
2015-07-08,-0.0025518388613734264
2015-07-08,-0.0011233510644152822
2015-07-08,-0.0005497215684919599
2015-07-08,-0.0007828936618305782
2015-07-08,0.006602035085312671
2015-07-10,-0.002409291296601482
2015-07-13,0.004106516147458069
2015-07-14,0.001902036373844248
2015-07-23,-0.0016691381284561302
2015-07-24,0.005482217253412377
2015-07-28,-0.00430832905865495
2015-07-28,0.0013936644899532802
2015-07-30,-0.003566866516067727
2015-07-30,0.002146870564588862
2015-07-30,-0.0016116432293878746
2015-08-03,-0.005034817578648302
2015-08-04,-0.0017898136814995336
2015-08-05,-0.0015020329154039425
2015-08-05,0.0007296200915276796
2015-08-05,-0.0024792063241214444
2015-08-06,0.009758716009470777
2015-08-07,-0.0003731467051439707
2015-08-07,-0.0014286827768246002
2015-08-10,-0.00036296403707390175
2015-08-10,-0.0001942152944709263
2015-08-11,0.0013491469911285547
2015-08-12,-0.002053259235979191
2015-08-12,-0.00413529692342827
2015-08-17,0.002051671840581656
2015-08-19,-0.0031981996055931803
2015-08-19,-0.0001455764410633697
2015-08-20,0.009514245166992194
2015-08-21,0.020152271145952767
2015-08-26,0.008271607692330837
2015-08-27,-0.00223195194514845
2015-09-10,-0.003875097363191674
2015-09-10,-0.0019508229302839053
2015-09-15,0.002553322031438895
2015-09-17,-0.008314811512844392
2015-09-18,-0.004384132176476355
2015-09-21,-0.004698762988291508
2015-09-22,-0.0007974378934685145
2015-09-22,-0.002574015562199142
2015-09-24,0.0016278908266354108
2015-09-24,-0.0024085916278895145
2015-09-25,-0.001520323714289099
2015-09-28,0.015609388916692188
2015-09-29,-0.005534520857743955
2015-09-29,-0.007085084531755584
2015-09-30,-0.004959469446085477
2015-10-01,-0.0054141566493828095
2015-10-01,-0.0012381462353871864
2015-10-02,-0.00228658049456352
2015-10-02,-0.0013393906317404702
2015-10-02,0.00202576668775902
2015-10-05,-0.000608132855486313
2015-10-06,0.000543604105831782
2015-10-06,-0.004949963540171279
2015-10-07,-0.0060046980666510295
2015-10-08,-0.0010887531806935502
2015-10-08,-0.0018448540057613794
2015-10-08,-0.0019051089004775512
2015-10-09,-0.0004353702002364101
2015-10-14,-0.006742497961182073
2015-10-15,-0.0015225309304275159
2015-10-15,0.0056654220971903615
2015-10-19,-0.0020602353038727626
2015-10-20,-0.000939502328248335
2015-10-22,0.006852911203666842
2015-10-26,-0.0015600340886376773
2015-11-02,0.004997081889725382
2015-11-03,-0.00019356236757792962
2015-11-04,-0.0010458089620150968
2015-11-05,-0.008291984334347727
2015-11-05,-0.0028590298244388444
2015-11-05,-0.0005718938713829924
2015-11-06,-0.001152340788280729
2015-11-09,0.004832851274785518
2015-11-13,0.0038082164345739824
2015-11-13,0.009483878518705044
2015-11-16,-0.0032485437504531176
2015-11-16,0.009649546140505302
2015-11-17,-0.000202487264462684
2015-11-18,0.0005099658872707213
2015-11-18,0.011874176950620782
2015-11-19,-0.00019504309007310256
2015-11-23,-0.0012103603599431334
2015-11-30,-0.0006250323050766926
2015-12-01,-0.004498787609363378
2015-12-01,-0.0008278036875304185
2015-12-01,-3.0268913010481585e-05
2015-12-02,-0.0025640923508666123
2015-12-02,-0.0022280372760114884
2015-12-03,-0.004003251035522551
2015-12-03,0.013354492955298244
2015-12-04,0.012587049029231264
2015-12-07,0.0020465271213817773
2015-12-07,-0.0019058863985257168
2015-12-09,0.005127763894571832
2015-12-10,-0.0012167235669585475
2015-12-11,0.001880768624580772
2015-12-11,0.00029603944196412107
2015-12-14,-0.002917164019781796
2015-12-14,-0.0073723384129164935
2015-12-15,-0.0016534367021811913
2015-12-17,-0.00019627208435733285
2015-12-17,0.004398158900623025
2015-12-18,-0.0031797935548758347
2015-12-18,-0.0013665325051017507
2015-12-28,0.001490872584807642
2015-12-29,0.005918038979113379
2015-12-30,-0.0003604402398693451
2015-12-31,-0.0011242309123815442
2015-12-31,0.0001283462991167517
2015-12-31,0.002304734236392122
2016-01-04,0.0031017690589275806
2016-01-04,-0.002054165265685118
2016-01-04,-0.0004218704239346926
2016-01-04,-0.007556574252653972
2016-01-05,-0.0006456350779015885
2016-01-07,0.0032181907019105584
2016-01-08,-0.004624479920271022
2016-01-11,-0.0052357984806654465
2016-01-12,-0.0036688035657114013
2016-01-13,0.026276785653225127
2016-01-14,-0.01684742349047517
2016-01-14,-0.0013982984505222873
2016-01-14,0.008067194103817307
2016-01-20,0.0034272011511428304
2016-01-20,0.000275635138315874
2016-01-20,-0.014616375322149303
2016-01-21,-0.013330525227964055
2016-01-21,-0.0008078531056985117
2016-01-27,-0.005389192658477907
2016-01-27,0.004020121308600541
2016-01-29,-0.001275480596549009
2016-01-29,0.0005000161737938236
2016-01-29,0.012426597508633749
2016-02-02,-0.0012789921699645024
2016-02-02,0.00966321184169496
2016-02-03,-0.009695476016329455
2016-02-05,0.020321589145230873
2016-02-08,-0.00425827216326711
2016-02-10,-0.004069094393626219
2016-02-17,0.005893091798056657
2016-02-29,-0.000973933443054279
2016-03-01,0.014195729605904336
2016-03-03,-0.0018380082205333526
2016-03-04,-0.0010795791255482168
2016-03-10,-0.0036755020987252283
2016-03-10,-0.0013823940310826266
2016-03-10,-0.0022025844605264387
2016-03-16,0.00264460133708779
2016-03-22,-0.00043348400436858165
2016-03-22,-0.0016732923426693114
2016-03-23,2.222664763575581e-05
2016-03-23,-0.00031913053265129383
2016-03-29,0.011648835237338303
2016-03-30,-0.0006493932217839038
2016-03-30,-3.0078614677612153e-05
2016-04-01,-0.0007574290395074657
2016-04-01,0.0051844166839319
2016-04-04,-0.001029744672027969
2016-04-06,-0.0018157788097882077
2016-04-06,0.009311315127285022
2016-04-07,0.0043059619429815146
2016-04-11,-0.003925044368541778
2016-04-12,-0.0071979577732470355
2016-04-12,0.002193779449261265
2016-04-13,-0.002131899134897511
2016-04-18,-0.0023394371344040796
2016-04-19,-0.0016317960164799839
2016-04-19,0.0008469247129920998
2016-04-19,0.0002455850090405021
2016-04-19,0.00013094233993162456
2016-04-21,-0.0022432184343732318
2016-04-22,0.000802134047902433
2016-04-22,-0.0025600568326007243
2016-04-26,0.00069520456341989
2016-04-26,-0.00019875956633262133
2016-04-27,-0.004257555592661591
2016-04-28,0.00024798225544044543
2016-04-28,-0.0030819681698143007
2016-04-28,0.00799238578876251
2016-04-29,-0.0007272447172317154
2016-04-29,0.0004223603969718737
2016-05-02,0.0023683222008368445
2016-05-09,-0.0033118897629876663
2016-05-09,0.0008250746944826937
2016-05-09,0.0003108243493250751
2016-05-10,0.00557424272097686
2016-05-11,0.003168971864607092
2016-05-12,0.0027285588709216237
2016-05-12,-0.0037865585028033864
2016-05-13,-0.0020999253327868925
2016-05-13,-0.0033046726222008913
2016-05-16,-0.0008402799633972868
2016-05-16,0.005186865462821119
2016-05-17,-0.0018729758201933933
2016-05-17,-0.0021060696734933413
2016-05-17,0.007831845087896602
2016-05-18,-0.0030762637787366907
2016-05-18,-0.008772201877201383
2016-05-19,-9.269448507896234e-05
2016-05-20,0.0012270917125050318
2016-05-20,-0.0006691142139868356
2016-05-20,2.278927950240765e-05
2016-05-20,-0.0018683401531905763
2016-05-20,0.0014007825539148666
2016-05-24,0.009618379216107106
2016-06-02,-0.002928084459384842
2016-06-03,-0.0005302416535646148
2016-06-03,0.000576491133644127
2016-06-03,-0.0028135461090790046
2016-06-10,-0.000875709019198182
2016-06-14,-0.004011811663611179
2016-06-14,-0.00276511027432467
2016-06-16,-0.0017539753882322795
2016-06-16,-0.005301978176923886
2016-06-16,0.00041768852424419416
2016-06-17,-0.0019307748961689775
2016-06-17,-0.0016431441786574996
2016-06-17,-0.00020640201681885513
2016-06-20,-0.0011067604615344429
2016-06-20,2.1973380973668893e-05
2016-06-20,0.00019144333145139863
2016-06-20,-0.0019502642927079295
2016-06-21,-0.0008238190627708286
2016-06-21,-0.0024687424286220314
2016-06-21,-0.0020740746033843602
2016-06-22,-0.003820490393685797
2016-06-23,-0.001047578039193734
2016-06-24,0.0027069758361277976
2016-06-27,0.003048254019063631
2016-06-27,0.0005006862555154889
2016-06-27,0.0027619463117315637
2016-06-28,-0.0020342861435086266
2016-06-28,-0.003503492960152602
2016-06-28,-0.001332809797592297
2016-06-28,-3.452085774389487e-05
2016-06-28,0.0006131124546296018
2016-06-28,-0.0006181903501867125
2016-06-28,0.0076730029854208594
2016-06-29,8.562063196439711e-05
2016-06-29,0.002785960673282536
2016-06-30,0.005724757282317158
2016-07-01,-0.0007156598484403343
2016-07-01,0.00047781006740856507
2016-07-01,-0.0019564698764672293
2016-07-01,0.0007000287390448634
2016-07-01,-0.0004817025964677179
2016-07-01,0.00029988574000785144
2016-07-05,-0.0006566367353715108
2016-07-06,-0.0011063975219734823
2016-07-08,0.006310473164603777
2016-07-11,-0.001404840394334731
2016-07-18,0.0010504944301215258
2016-07-20,0.002823096471710215
2016-07-22,-0.0007850333505604412
2016-07-26,-0.007253417822258726
2016-07-26,-0.001810918667499254
2016-08-01,0.0008105680139145666
2016-08-01,0.0009149503922667634
2016-08-01,-0.0007722979984569978
2016-08-01,0.001547597408760667
2016-08-02,0.003929555100293932
2016-08-02,0.00017773793666855058
2016-08-02,-0.00041029868600282233
2016-08-05,0.0006484750505466785
2016-08-05,-0.0005083259088814829
2016-08-05,-0.0002433444915674687
2016-08-05,0.0002787800176187372
2016-08-05,-0.000608725896967347
2016-08-08,-0.000562852650109561
2016-08-08,-0.0010827982235486011
2016-08-09,0.0005911634845055158
2016-08-10,-0.002182026189842404
2016-08-10,-0.001448725760320827
2016-08-15,0.0014214636117551216
2016-08-15,-0.0006081979831452455
2016-08-15,-0.00034535465905481173
2016-08-16,-0.0002946394718319289
2016-08-16,-0.001023953714830198
2016-08-17,-0.002128901771704975
2016-08-24,0.0015786752113166236
2016-08-26,-0.001030917536421686
2016-08-26,-0.00291940052154536
2016-08-29,-0.0007080366728543319
2016-08-29,-0.001336270617701233
2016-08-30,6.603997841938218e-05
2016-08-30,-0.0005625758760478916
2016-08-30,-0.0007677769547682434
2016-08-31,-0.001300229202378248
2016-09-01,-0.0005030082527017565
2016-09-01,-0.003652558550011101
2016-09-01,-0.0007658999461530403
2016-09-06,-0.0023243909876141475
2016-09-06,0.0015212536586695269
2016-09-07,-0.0007653450280924268
2016-09-08,-0.0015922051559529116
2016-09-08,1.3301360042535831e-05
2016-09-08,-0.00019063263377548152
2016-09-08,0.0004899328363248323
2016-09-09,0.015015984192761197
2016-09-12,0.014607157344790364
2016-09-13,0.0005955695538868622
2016-09-13,-0.0013554155890062958
2016-09-14,0.0007030976880937534
2016-09-14,-0.004454642937306111
2016-09-15,0.011879613399328434
2016-09-19,-0.0025705617816317115
2016-09-26,-0.0016476484359972765
2016-09-27,-0.0015799817894005341
2016-09-27,0.006117574331081751
2016-09-29,-0.002781215495781345
2016-09-29,-0.004440510515590227
2016-09-30,-0.0009067218621090312
2016-10-03,-0.0006016188625898955
2016-10-04,-0.0022902907774000423
2016-10-04,-0.0033981899239794253
2016-10-05,-0.0017239764025369453
2016-10-06,-0.00039475288834099116
2016-10-07,-0.0016295878814311748
2016-10-07,-0.00034742420972120653
2016-10-07,-0.004326304272491014
2016-10-10,-0.0004939877128260306
2016-10-11,0.008916988372471698
2016-10-13,-0.0016138617349501316
2016-10-13,-0.002127202761706951
2016-10-14,-8.624342616246112e-05
2016-10-14,-0.0030863102408272645
2016-10-17,-0.004582985933597053
2016-10-20,-0.0027912159859875083
2016-10-24,0.002777351583452178
2016-10-25,-0.0006992811963011192
2016-10-25,-0.0005976438765746639
2016-10-27,-0.0008629818051304283
2016-10-28,-0.0024860228460685616
2016-11-01,-0.00024354090903731302
2016-11-01,0.0047746994630938535
2016-11-02,0.004712778219990074
2016-11-03,0.0042779076677462915
2016-11-04,-0.001416263516702857
2016-11-04,-0.00046531633652411637
2016-11-07,0.003338160423874933
2016-11-07,1.3798469987077494e-05
2016-11-07,0.0019611810306101787
2016-11-08,-0.0014011494690599846
2016-11-08,0.003047880615121531
2016-11-10,-0.0060734009122886765
2016-11-10,-0.0033978462984174205
2016-11-10,0.00043745133575214483
2016-11-10,-0.0009831082599995689
2016-11-10,0.003114656204841323
2016-11-10,0.0024894144622069816
2016-11-11,-0.001892179613261139
2016-11-14,0.00022673768626004458
2016-11-14,-0.0017873226849069812
2016-11-14,0.0014013221963389466
2016-11-14,0.0018239270090765391
2016-11-15,0.0009902072841947629
2016-11-15,-0.002285839187873043
2016-11-21,-0.003953678940079234
2016-11-29,-0.0004901827116949675
2016-11-30,-0.0002924932361254384
2016-11-30,0.005644973894402902
2016-12-01,0.010733021856086619
2016-12-05,1.7747593019220614e-05
2016-12-07,-0.0043378713834873826
2016-12-07,0.006869219204503915
2016-12-09,-0.0010056923973063936
2016-12-13,0.0017347449881293297
2016-12-13,-0.0016024009624580982
2016-12-15,-0.0012477499073002363
2016-12-15,-0.0015521797881173727
2016-12-16,-0.002932245237930101
2016-12-19,-0.00033825680995612
2016-12-19,-0.0016494655559814253
2016-12-22,6.278834020525208e-05
2016-12-22,-8.926560528952683e-05
2016-12-22,-0.0005373339754892548
2016-12-27,-0.0018882282725736033
2016-12-27,-0.0015403181774247077
2016-12-27,-0.0003361344906801322
2016-12-27,0.0003134451502009495
2016-12-27,0.0005224332267202059
2016-12-27,-0.0005369071928355929
2016-12-27,0.000162513573017461
2016-12-27,-0.0007340563099190545
2016-12-27,0.00021290182266843987
2016-12-27,-0.001391992381007937
2016-12-28,-0.001146197913537853
2016-12-28,0.004112774903112923
2016-12-30,0.0031926207348863724
2017-01-03,-0.004508357050265291
2017-01-04,-0.0010935511666647446
2017-01-05,-0.0013007398712240137
2017-01-05,0.001075529538544081
2017-01-06,0.003626109613143599
2017-01-10,-0.000530333226477534
2017-01-12,-0.0009339398330858539
2017-01-13,-0.0014674036400267132
2017-01-19,-0.00328687388588165
2017-01-24,0.0007509510537804431
2017-01-25,-0.0008606490572898673
2017-01-30,0.0008908018803505302
2017-01-30,-0.0017439393030149553
2017-01-30,0.00040529907020383176
2017-01-30,0.0006988348999788141
2017-01-30,-0.0003809188083205661
2017-01-30,0.0003078443970736722
2017-01-30,-0.0016451671711641225
2017-01-30,-0.0003276052386911121
2017-01-30,0.0010886400882897018
2017-01-30,-0.0022344805740370597
2017-01-31,-0.000329014995347191
2017-01-31,-0.001512659346740478
2017-01-31,-0.0013593491207468478
2017-02-03,-0.0007133113694161952
2017-02-07,-0.00022756247944797687
2017-02-08,-0.00027531157593594697
2017-02-09,-0.0011852180843717564
2017-02-10,1.7131738373051858e-05
2017-02-13,-8.20993050878271e-05
2017-02-14,6.039218292832275e-05
2017-02-14,-0.0005565921328127643
2017-02-15,0.0027546921681645044
2017-02-17,0.0017568957726994594
2017-02-27,0.0003395570402376003
2017-02-28,-0.0001712121787811138
2017-02-28,-0.0019604957768528473
2017-03-01,0.0019175220946374882
2017-03-02,0.0028003256329949457
2017-03-03,-0.00022144617920869853
2017-03-06,-0.0007365406153880627
2017-03-07,0.00015177763342457356
2017-03-08,-0.00152111357977334
2017-03-08,-0.0014787377474410979
2017-03-09,-0.0014886974513026263
2017-03-14,0.0004770137833819599
2017-03-14,-0.0007789520471774647
2017-03-14,1.2025582570537357e-05
2017-03-15,0.0013060906090145619
2017-03-16,-0.0008210146314890732
2017-03-20,-0.0013706234556802677
2017-03-20,-0.0004958622910026056
2017-03-20,-0.0005880795017466445
2017-03-21,0.010718486386348222
2017-03-22,-0.00033896726957192476
2017-03-22,0.0032126509452956777
2017-03-23,1.5887543656464315e-05
2017-03-24,-0.00012732862686790964
2017-03-24,-0.0012397914131696364
2017-03-24,-5.865535745417701e-05
2017-03-28,0.00258296961399764
2017-03-29,0.00024215635954740416
2017-03-29,-0.0001725412405940518
2017-03-30,-0.00012643718447334136
2017-04-03,-0.001834991750131224
2017-04-05,0.0011105389876637972
2017-04-05,-0.0032339475204859833
2017-04-06,-0.001000997910817295
2017-04-07,-0.0028809031946272854
2017-04-10,-0.001230147439649868
2017-04-11,-8.460451600276526e-05
2017-04-11,-0.0004982352097031384
2017-04-11,-0.0006797120512549249
2017-04-11,0.00098452039119303
2017-04-11,1.1846449224380867e-05
2017-04-11,-0.0007764321696657006
2017-04-11,-0.0006368769039157651
2017-04-12,-0.000313176918141681
2017-04-12,-0.002452684615793491
2017-04-13,-0.0004058367082892899
2017-04-17,5.8368809766858914e-05
2017-04-17,-0.0012840613313438254
2017-04-17,0.0003824948665289896
2017-04-19,-0.0010479758548140683
2017-04-19,-0.0011854849973843373
2017-04-20,0.0011154902743637696
2017-04-25,-0.00044097131685225994
2017-04-25,0.0007773168180189771
2017-04-27,-0.001025989200806413
2017-05-01,0.002102334012415571
2017-05-03,9.899096606326934e-05
2017-05-03,-0.0007057896626183424
2017-05-03,-0.0003052132425615894
2017-05-04,-0.0025755336965455986
2017-05-09,5.3546383355992416e-05
2017-05-09,-7.855060071591309e-05
2017-05-09,-0.0006474418666681892
2017-05-09,0.0005347173675720651
2017-05-09,-0.0004308234426936097
2017-05-09,-0.0012679510447143139
2017-05-09,-0.0003392871918099593
2017-05-10,-0.0010052267197484344
2017-05-11,-0.0004772745733330008
2017-05-11,0.00018675802800185109
2017-05-11,-0.0011447014081597906
2017-05-11,-0.0009630703043283873
2017-05-12,-0.0007379127894867421
2017-05-15,-8.190798424132835e-05
2017-05-15,-0.0008243437268018272
2017-05-15,-0.0006891962580962507
2017-05-15,0.0007112593424059199
2017-05-17,0.0150142327270786
2017-05-18,0.0014800353130009125
2017-05-18,0.0011246451134232693
2017-05-18,9.907420315770859e-05
2017-05-18,-0.00034620102758285194
2017-05-18,0.002771475244148577
2017-05-19,-0.0009177211516729711
2017-05-22,-0.00012602585092511882
2017-05-22,0.0022107617630302747
2017-05-25,0.0006146611728974538
2017-05-31,-0.0016352878414489325
2017-06-02,0.0032030057947081327
2017-06-08,-0.0020791511431898866
2017-06-09,0.022874771969007352
2017-06-12,-0.0020684791173830406
2017-06-12,-0.0040059267354246395
2017-06-13,-0.0022086305163565387
2017-06-14,-0.0015615455210286988
2017-06-15,-0.003663153033505598
2017-06-16,-0.00192871721630559
2017-06-16,-0.0008699089526722303
2017-06-19,0.0020956434866088638
2017-06-19,0.0013961612915047905
2017-06-20,0.00026972114503777904
2017-06-20,-0.0009919200740691003
2017-06-21,0.003477001270047816
2017-06-23,0.00130180584740904
2017-06-26,-0.0012847910579081112
2017-06-27,-0.00012155684712554011
2017-06-27,0.009002412696783276
2017-06-28,0.0059077378647054615
2017-06-29,0.007424262781370336
2017-07-06,-0.0012835143264742033
2017-07-07,-0.0009647979208325752
2017-07-07,0.0010500797597528166
2017-07-10,0.00018861969620688983
2017-07-10,-0.000981473948493553
2017-07-11,-0.0007749076442026082
2017-07-13,-0.0035226045304117357
2017-07-18,0.00024103714721636864
2017-07-24,-0.00014046588740832861
2017-07-27,0.0008944155101149509
2017-07-31,-0.0014786917592293036
2017-07-31,5.030786458284035e-05
2017-07-31,0.0003048228176535573
2017-07-31,-0.0005017923152741222
2017-08-02,0.0002172020837406719
2017-08-03,-0.0017487095882260195
2017-08-03,-0.0015620857665228172
2017-08-07,-0.00034667285045473557
2017-08-07,-0.0002872916468774444
2017-08-08,-0.002171727871805843
2017-08-10,0.01298854145448893
2017-08-11,-0.0003357007946854595
2017-08-11,0.0010361098348148545
2017-08-11,0.0011671484325672854
2017-08-14,0.00045381337991192377
2017-08-14,7.80016242975749e-06
2017-08-17,0.010246645581116006
2017-08-18,-0.004858702392474637
2017-08-21,-0.0027286238620507306
2017-08-22,0.006259117173297765
2017-08-24,-0.000654731146724411
2017-08-24,-0.0039922409908830035
2017-08-29,-0.0005031363970351233
2017-08-30,0.007050179921827679
2017-08-31,-7.30614753655467e-05
2017-08-31,0.0008810632866109913
2017-09-05,-0.003547132096070474
2017-09-08,-0.00032625778860382644
2017-09-08,0.002029359879312872
2017-09-11,-0.0024162771063023034
2017-09-15,-0.0028635022746642345
2017-09-18,-0.00015597033226686703
2017-09-20,-0.0034321832660071192
2017-09-20,-0.0005402793028215036
2017-09-20,-0.0064949542809318115
2017-09-21,0.0002179733643466098
2017-09-21,-0.001591961805476253
2017-09-21,-0.00026483179431944554
2017-09-21,-0.0008126917360011621
2017-09-21,4.9449530938235936e-05
2017-09-21,-0.0011715753994119094
2017-09-21,-0.00016051876113885362
2017-09-21,0.0023591377107978952
2017-09-25,0.003952178833498984
2017-09-27,-0.0010231748759161696
2017-09-29,0.0017242053554840286
2017-10-02,-0.00057920312642055
2017-10-05,0.0024465691016158
2017-10-17,-0.001262720317336078
2017-10-18,-0.000337030873278169
2017-10-19,-0.0016266410999441294
2017-10-19,-0.0015961071526826387
2017-10-23,-0.0010565443987355738
2017-10-23,0.004027197569164828
2017-10-24,-0.002550511836472572
2017-10-25,-0.0029788685395883783
2017-10-25,-0.0011889554246240308
2017-10-25,0.0008327846964808672
2017-10-25,-0.0018566168302835784
2017-10-27,0.009655486667371057
2017-10-30,-0.0011978283736731965
2017-11-02,-0.0011408792020657177
2017-11-02,0.00044742775689478824
2017-11-02,-0.0021673681526281716
2017-11-03,0.002231853818744264
2017-11-06,-0.00037220176672368206
2017-11-06,0.00019995316000011814
2017-11-08,0.00114910159510064
2017-11-09,-0.0028303919153660293
2017-11-14,-0.00011412310125356368
2017-11-15,-0.0030030737523234294
2017-11-16,0.005274108596750945
2017-11-17,0.0009773768457225407
2017-11-21,0.0013384093518986806
2017-11-29,0.007505612489169719
2017-11-29,0.003064758713693402
2017-11-30,-0.0020352332682806815
2017-12-01,-0.004435076583246137
2017-12-04,-0.005048455523884535
2017-12-04,0.005287381182424463
2017-12-05,0.0009727760965707788
2017-12-05,-0.0017174702979494228
2017-12-05,0.0011988653349977085
2017-12-05,-0.00035160369563534184
2017-12-05,-0.0025355120559042797
2017-12-06,-0.00021715475618353848
2017-12-07,-0.0006270568009741717
2017-12-07,-0.0014556527735244218
2017-12-07,-0.0016899381634889277
2017-12-11,0.0011366996855897338
2017-12-15,0.0010467305517445535
2017-12-19,0.0004648852331664755
2017-12-19,-0.0009440532193678386
2017-12-20,0.0001583809722000196
2017-12-20,-0.0011552106461731693
2017-12-27,-0.0004238002274820995
2017-12-29,-0.0011627973337240227
2017-12-29,7.895687730265726e-05
2018-01-02,0.006194955971133195
2018-01-03,0.0033928308727027203
2018-01-05,0.0004739715675241752
2018-01-05,0.0014720240424062247
2018-01-08,-0.00020370203581374975
2018-01-08,-0.0002020826835694522
2018-01-08,-8.985540744042337e-05
2018-01-11,-0.0007796662356070827
2018-01-11,0.001195445597716357
2018-01-12,0.0036374606621745378
2018-01-16,-0.00116789650376801
2018-01-16,-0.002523456076616507
2018-01-17,-0.0010402321231783673
2018-01-17,0.0011952369328010104
2018-01-22,0.005635336436309554
2018-01-23,-0.00028576884237616946
2018-01-23,-1.7288094814807936e-05
2018-01-23,-0.001955117102548235
2018-01-23,0.0002164568798137723
2018-01-24,3.7429559784382155e-05
2018-01-24,0.0005064891430063467
2018-01-26,-0.0007335130485113062
2018-01-26,-0.0006805350786321751
2018-01-26,0.003894202107284769
2018-01-29,-0.0010711636792426293
2018-02-02,-0.000871017208108763
2018-02-02,-0.0003262476322813767
2018-02-02,0.011147678834416716
2018-02-05,-0.002643575674353119
2018-02-05,0.020437967586422374
2018-02-06,-0.010613500387227507
2018-02-06,-0.00870598807304466
2018-02-06,0.009673555322635493
2018-02-07,-0.0008929565937517514
2018-02-08,0.03727121819300263
2018-02-09,-0.006628280909207288
2018-02-09,-0.0224846541049377
2018-02-12,-7.282916298443682e-05
2018-02-12,-0.002515990107707181
2018-02-14,0.011228223527914213
2018-02-20,0.0008440876606585956
2018-02-20,-0.0028518752932130496
2018-02-20,-0.0033830860195058574
2018-03-01,-0.008682678772196731
2018-03-01,0.004276224445490381
2018-03-05,7.760586584050993e-05
2018-03-05,-0.001683398402845241
2018-03-09,0.0011146598189959633
2018-03-09,0.005769395156843623
2018-03-12,-0.002312355025256488
2018-03-13,-0.0005459973763217529
2018-03-13,0.004961609894584626
2018-03-19,0.000722935125008558
2018-03-19,0.0097465134290964
2018-03-20,-0.0009948365017635552
2018-03-22,-0.004222976140609161
2018-03-23,-0.006279068011093994
2018-03-23,0.017539047291574978
2018-03-26,-0.004475731087531612
2018-03-26,0.008981899459455286
2018-03-27,0.027797142397414504
2018-03-28,0.0010077391684281312
2018-03-29,-0.004525770664155474
2018-03-29,0.0038538085166648552
2018-04-02,0.016812987825746823
2018-04-04,0.001965866412352765
2018-04-06,0.003985902894919643
2018-04-09,0.005434976178018155
2018-04-12,-0.0009530476785770492
2018-04-17,0.0012867778908394378
2018-04-20,-0.0007951827524459254
2018-04-20,0.005648059418203141
2018-04-24,0.016759399933169234
2018-04-25,-0.005117572489131897
2018-04-25,-0.005284894174728974
2018-04-26,-5.260376788705275e-05
2018-04-26,0.0006760360957243272
2018-04-26,-0.0027515497199935655
2018-05-03,-0.004879350418380593
2018-05-03,-0.012108687473625349
2018-05-04,0.010594442807107215
2018-05-07,0.00017028925402386657
2018-05-15,-0.003385776121400211
2018-05-15,-3.452085774389487e-05
2018-05-15,-0.0022219930586180135
2018-05-16,-0.00107839976779032
2018-05-21,-0.0016322523668805633
2018-05-23,0.002305595212013253
2018-05-24,-0.0020746943591844844
2018-05-25,-0.00044552782481331095
2018-05-29,-0.0007779883437222057
2018-05-30,-0.0014658568094678504
2018-05-30,-0.0005327684008680034
2018-05-30,-0.0007857571780882455
2018-05-31,-0.002138588769923658
2018-06-01,0.007533546249670639
2018-06-04,0.0003503916901253146
2018-06-07,0.0012033378002890471
2018-06-07,0.00029803325565693433
2018-06-11,-0.0014607606079501767
2018-06-12,-0.003932172841221918
2018-06-13,-0.0005841891922901776
2018-06-13,-0.0017572330958916893
2018-06-13,-0.005780933661275836
2018-06-14,-0.0032316081696901287
2018-06-14,-0.0005532865531583198
2018-06-14,0.0004834622233074371
2018-06-20,-0.0019863804663035976
2018-06-20,-0.00023941145982174
2018-06-20,-0.0021129980422601533
2018-06-21,-0.0038277773519037415
2018-06-21,0.002479952866350185
2018-06-22,-0.00017302789043858508
2018-06-25,0.008362500777546985
2018-06-27,-0.0014213182662537827
2018-06-27,0.0078102027246847085
2018-06-28,-0.002993636574142292
2018-06-28,-0.002774792892022185
2018-06-28,0.0005329773830116313
2018-06-29,-0.001371400440074536
2018-06-29,-0.0013348469935962981
2018-07-06,0.00921603731744571
2018-07-12,0.009087783620863396
2018-07-17,-3.721618472083739e-05
2018-07-17,-0.0007387101783021632
2018-07-18,-0.00027116788045387414
2018-07-25,-0.0009932755792409853
2018-07-25,0.010339580828064429
2018-07-27,0.010161983739829591
2018-07-30,-0.0027688493482007446
2018-07-30,0.0032101120362062665
2018-07-30,0.002077892793019417
2018-07-31,-0.00010057987321674728
2018-08-01,-0.0013526721573972977
2018-08-02,0.009006919647581288
2018-08-13,-0.0035362838050164522
2018-08-15,0.0028471359389657027
2018-08-15,6.74786036989528e-05
2018-08-15,-0.0010369378115117989
2018-08-17,-0.0015698372284471496
2018-08-20,-0.00032646787275545703
2018-08-20,-0.0030087208958049314
2018-08-21,-0.0003684947566062557
2018-08-21,-0.0006060085949617189
2018-08-22,-0.001079402350431783
2018-08-22,-0.0002725040510212861
2018-08-23,-0.001309933658762178
2018-08-24,0.0006505890202584041
2018-08-27,0.0006571637182189083
2018-08-29,0.007885055678226857
2018-08-30,-0.0009960905553042332
2018-09-04,-0.00224958592938849
2018-09-04,-0.0015144958099899497
2018-09-05,0.0012556343975546247
2018-09-05,-0.0007301172687314927
2018-09-05,0.0008260951049610299
2018-09-05,0.0022354868149614595
2018-09-06,0.0018501657295699936
2018-09-06,0.0010395023770481038
2018-09-11,-0.0034271249807556834
2018-09-11,0.001498918794071954
2018-09-12,-0.0027977695166372194
2018-09-12,-0.0040989829308210966
2018-09-17,0.0026778721793365903
2018-09-17,-0.0009005705085842564
2018-09-17,0.000383440532238063
2018-09-17,0.004752364388157756
2018-09-18,0.002000440444631232
2018-09-18,-0.0005698606053885313
2018-09-18,0.000567725842224106
2018-09-18,-0.0016657336144934953
2018-09-19,0.0001023276027110243
2018-09-26,-0.000573745525963768
2018-09-26,-0.008850293151777081
2018-09-27,0.000391941732879505
2018-09-27,-0.0007867044061731032
2018-10-02,-0.001037572834781323
2018-10-04,0.010221923179751144
2018-10-05,-0.0024384248620221514
2018-10-05,0.004906064916314642
2018-10-05,0.0005534888571993213
2018-10-05,0.0015784084264816223
2018-10-08,-0.002287126284995925
2018-10-09,-0.0008076979544301233
2018-10-10,0.001136762041525815
2018-10-10,0.02393871498415447
2018-10-11,-0.00810841945742711
2018-10-11,-0.0106942007084365
2018-10-15,-0.0006325455470172858
2018-10-15,-0.005905722858030796
2018-10-16,0.013165918786372207
2018-10-17,-0.003932211651986409
2018-10-18,-0.0025943658833422565
2018-10-18,0.007547172303563296
2018-10-19,0.0004684164067205921
2018-10-19,-0.0007961639573266044
2018-10-19,-0.004348706671237304
2018-10-23,-0.001087152436691311
2018-10-24,0.038384837404540705
2018-10-25,0.011509335005887486
2018-10-29,0.005659702875579617
2018-10-30,-0.00360700170630022
2018-10-31,-0.0003954489585746656
2018-10-31,-0.002613509550311236
2018-10-31,0.0031125511647574124
2018-11-01,-0.0014169050105561165
2018-11-02,0.0008245241705330442
2018-11-05,-0.0010670162238235281
2018-11-05,0.0013035901345847167
2018-11-05,0.0007259651580047344
2018-11-06,-0.002138434536031778
2018-11-06,-0.003567469349496014
2018-11-07,0.008567780082914275
2018-11-09,-0.00035486346772460093
2018-11-09,-0.0024540135907162672
2018-11-12,0.013206450387340382
2018-11-15,0.0004363932696798323
2018-11-19,0.020921196445405372
2018-11-26,-0.00307586968468441
2018-11-28,0.010366296839561936
2018-12-04,0.013777373467126394
2018-12-07,0.022535823999394373
2018-12-10,-0.002661391075126954
2018-12-12,0.0005128045454525687
2018-12-14,-0.0024414407524411073
2018-12-14,0.0035537808255095196
2018-12-17,-0.006082543690178336
2018-12-17,0.0058373521002005515
2018-12-18,-0.0007862057043206228
2018-12-19,-0.0029365140889706463
2018-12-19,0.0009147018513375926
2018-12-19,-0.010545735078909416
2018-12-19,0.005611885990659446
2018-12-20,-0.0009300776985450099
2018-12-20,-0.002965677126814262
2018-12-21,0.01920791764270881
2018-12-26,-0.012018917510890218
2018-12-26,-0.0041397628479442426
2018-12-26,-0.004544092157861205
2018-12-26,0.01859830187657809
2018-12-27,0.0001263224420522591
2018-12-27,-0.0033498313256603383
2018-12-27,-0.006725607228366773
2018-12-28,-0.0012498721144038416
2019-01-03,0.0027095317292156387
2019-01-03,-0.0044274311189546976
2019-01-03,-0.005735116277737021
2019-01-03,0.0032553779416675446
2019-01-04,0.0195340558845243
2019-01-07,-0.001616196173156651
2019-01-15,-0.0005770733933064631
2019-01-15,0.003320598181277631
2019-01-16,-0.001970420089643524
2019-01-22,4.041840398451794e-05
2019-01-22,-0.0011014031376432676
2019-01-28,-0.0027064644003717917
2019-01-29,-0.004687679264550918
2019-01-29,0.002791210424850329
2019-01-30,0.0018067937378461096
2019-01-31,0.0030667419240451212
2019-01-31,0.002329957106453692
2019-02-04,0.008429764235492262
2019-02-05,0.00030813615529836307
2019-02-05,0.0008636464474831762
2019-02-05,-0.0010290348114575332
2019-02-06,-0.0045026041359423705
2019-02-07,-0.0018463681136968535
2019-02-12,0.004926233439502844
2019-02-21,-0.0004036787032246447
2019-02-22,-0.0008817195859557125
2019-02-22,0.00043162231601303285
2019-02-27,-0.004200816010504463
2019-03-04,-0.0047137928487994505
2019-03-05,-0.0003849841040144219
2019-03-06,0.002433903339292406
2019-03-07,-0.0008577109749208034
2019-03-07,-0.001367559220886142
2019-03-07,-0.00040260111878496536
2019-03-07,0.004780881631807362
2019-04-03,-0.003972168602119222
2019-04-04,-0.004835423101055983
2019-04-11,-0.0008916006329124737
2019-04-11,-0.0009175569308217202
2019-04-15,-0.0017192177769482597
2019-04-15,-0.0011000902072335428
2019-04-18,-0.0007637963970672324
2019-04-22,-0.0003124367068487543
2019-04-23,0.00645009702541712
2019-04-26,-0.003040688337253553
2019-04-26,-0.000573392036416357
2019-04-26,-0.0018863346328738906
2019-04-29,-0.0007226845693421946
2019-04-30,-0.0029707156093394613
2019-05-02,0.0004804877815261144
2019-05-02,-0.00226078667645622
2019-05-02,-0.0007211774361730405
2019-05-03,0.0029182663874836225
2019-05-07,-0.003027400368824632
2019-05-07,0.004173030843383182
2019-05-09,-0.0009781217398576547
2019-05-10,-0.00019445234997526368
2019-05-10,-0.002355223846304247
2019-05-13,-0.0013258371330324514
2019-05-13,-0.000933240383300652
2019-05-13,-0.0010810196383026305
2019-05-13,0.0004009761766181808
2019-05-14,-0.0003050959210267689
2019-05-14,-0.0019763050877590147
2019-05-15,0.006052547591105536
2019-05-16,0.0025297955688574816
2019-05-16,0.00028071616529514403
2019-05-16,-0.0009044115678382514
2019-05-23,-0.0005140765995032914
2019-05-23,-0.004942429686315622
2019-05-28,-0.003151531977564329
2019-05-30,-0.0004015044142060364
2019-06-03,-0.0039796528699500375
2019-06-03,-0.0012374396957781453
2019-06-03,0.011236666664140046
2019-06-04,0.012167651213913519
2019-06-06,-0.0001444508323500215
2019-06-07,0.006644164483341949
2019-06-10,0.0033759689396970684
2019-06-10,9.838655226237174e-05
2019-06-10,-0.0006307325042491463
2019-06-10,-0.0018278094155400415
2019-06-10,0.0014547195764047693
2019-06-10,-0.0020927847407271414
2019-06-17,-0.0007511041884232606
2019-06-17,-0.0006042147369209416
2019-06-17,-0.0007377232741812934
2019-06-18,-0.0020816852284724994
2019-06-18,-0.0009488041836976746
2019-06-25,0.008700363057514779
2019-06-26,-0.002261919225447365
2019-07-05,0.0008088861492967692
2019-07-08,-0.0019675790935893365
2019-07-08,-0.0008984543568779457
2019-07-09,5.5081894852612206e-05
2019-07-09,-0.0012490933235050716
2019-07-10,-0.004389828083640393
2019-07-12,-4.701018347040061e-05
2019-07-12,-0.00035100407505848414
2019-07-16,-0.0016639519274661374
2019-07-16,-0.0014873393179761585
2019-07-18,-0.0020893704893423046
2019-07-19,0.0037541607499671694
2019-07-22,-0.002288467163171418
2019-07-22,0.00013046506768767623
2019-07-22,0.002909357651435426
2019-07-24,0.0018029995579334124
2019-07-25,-0.001898173465850731
2019-07-25,0.0034585087833946173
2019-07-26,-0.0018315724650373821
2019-07-26,0.0011146086766338403
2019-07-26,-0.0007812119503922499
2019-07-29,-0.0017688931890256032
2019-07-29,-0.0005364925488488914
2019-07-29,0.0004683275717011404
2019-07-29,-0.0012276616157331588
2019-07-31,0.0006390591077214591
2019-08-01,0.000698101158558081
2019-08-01,-0.0082149471588052
2019-08-01,-0.00025226690437228134
2019-08-02,0.002647560336722218
2019-08-02,0.000601914666816602
2019-08-02,-7.48190120884817e-05
2019-08-05,0.009566871318078448
2019-08-06,-0.0021856567068656383
2019-08-08,0.012136656192458536
2019-08-09,-0.0015440901918837102
2019-08-09,-0.00537744046911535
2019-08-12,-0.002488960626328066
2019-08-13,-0.007152629493750487
2019-08-13,0.0038618804031414124
2019-08-14,0.006439409007352756
2019-08-16,-0.0027911245644570513
2019-08-16,-0.0015051788087584261
2019-08-22,-0.0052600797076767045
2019-08-23,0.01284044267867925
2019-08-29,-0.001111314400096134
2019-08-30,-0.0020069649038996027
2019-09-05,0.001305215992419858
2019-09-05,-0.000302109729104919
2019-09-05,0.0002458853744120771
2019-09-05,1.6447801627369513e-05
2019-09-05,-0.0003275757125160516
2019-09-05,0.0016347220921575556
2019-09-09,-0.0028567809226806937
2019-09-10,-0.002546323326370484
2019-09-10,-0.002521803483110022
2019-09-11,0.0022900111470620845
2019-09-11,-0.0016344428363086283
2019-09-12,-0.004428035894476582
2019-09-18,-0.0019084676396963019
2019-09-18,-0.005952764548473358
2019-09-19,0.0008244496967555659
2019-09-19,-0.001169969511800576
2019-09-19,-0.003150304403697105
2019-09-20,0.007746427871858327
2019-09-24,0.006967561708678091
2019-09-25,-0.002000932858365204
2019-09-25,-0.00037002855809096564
2019-09-25,0.005080232564760553
2019-09-26,-0.0012467538479185947
2019-09-26,0.00045486069613977724
2019-09-26,-0.00035672483606095424
2019-09-27,-0.003262252300774574
2019-09-27,0.007342492317524171
2019-09-30,0.001052427375473971
2019-10-01,-0.006586826063890142
2019-10-01,-0.0014565542231237216
2019-10-01,0.0013652092026483953
2019-10-02,0.004050707433262543
2019-10-02,4.4869855580406165e-05
2019-10-02,0.0002816115971232736
2019-10-03,-0.0014298883545551344
2019-10-03,-0.0019193585903499544
2019-10-03,0.0046609038880822875
2019-10-04,-0.00194255615250292
2019-10-04,0.0015337743849597374
2019-10-04,0.002074332706877976
2019-10-08,-0.002643219130408417
2019-10-08,-0.0007287725818154545
2019-10-10,-0.0011333268907184146
2019-10-11,0.0011990939044237614
2019-10-15,0.0036829183688873637
2019-10-18,-0.0031514109170169644
2019-10-25,0.0033280337837691323
2019-11-12,0.0015383064929977064
2019-11-12,-0.002848936812985684
2019-11-18,-0.001566687367245282
2019-11-18,-0.00014249330317582016
2019-11-20,-0.001594326716326292
2019-11-21,-0.0012466319322088448
2019-11-21,-0.00134460123481415
2019-11-22,-0.0010533238370151554
2019-11-25,0.0031650879990608085
2019-11-27,0.0015190837801793056
2019-12-02,0.002627973899483901
2019-12-02,-0.0002147872768398595
2019-12-02,-0.0015255688585242655
2019-12-02,0.00021759905048448163
2019-12-02,0.0017679906496288666
2019-12-02,-0.00014279466053633056
2019-12-06,-0.0003921714946862697
2019-12-06,0.00022745634940492758
2019-12-09,-0.000544379390121178
2019-12-11,-0.0006401588837209127
2019-12-12,-0.0030492617716120027
2019-12-12,-0.0006628655719942234
2019-12-12,-0.00238384103804821
2019-12-12,2.342512737137964e-06
2019-12-12,-0.0016713838175857843
2019-12-12,0.0023357320478028156
2019-12-13,-0.0033545283425009207
2019-12-13,-0.0006243996676722297
2019-12-16,0.0012134845923430693
2019-12-16,-6.833158297212867e-05
2019-12-16,-0.00038441539969223166
2019-12-16,-0.0006059081742518602
2019-12-19,0.0023792474464821214
2019-12-26,0.003855866533786242
2019-12-30,-0.0007545907942489805
2019-12-30,-0.0013023573516643772
2019-12-30,-0.0003800653428653688
2019-12-30,-0.0012509681431156305
2019-12-30,-0.00041505842436649116
2019-12-30,0.00076522065846509
2019-12-30,-0.0007569283322532516
2019-12-30,0.001567378504475544
2019-12-30,-0.0006554207379252197
2019-12-30,0.0008807668557228221
2020-01-02,-0.003464288796042084
2020-01-02,-0.0006146119501732972
2020-01-02,0.004995728615439418
2020-01-08,0.003425920542783364
2020-01-13,0.004564560433676387
2020-01-14,-0.003024890515740378
2020-01-15,-0.0005066748064071847
2020-01-24,-0.0024073197458558213
2020-01-24,0.0016342937159876858
2020-01-28,0.005411972105174875
2020-01-30,-0.004358360959919575
2020-01-31,0.008032309131882706
2020-02-03,-0.0009698227475360788
2020-02-03,-0.0006304697224778033
2020-02-03,0.0009659085252296162
2020-02-03,0.0003944329776080136
2020-02-03,0.00047868711978906413
2020-02-04,0.0036701666204122154
2020-02-06,-0.0012208697947433211
2020-02-10,0.0017423198199349088
2020-02-10,0.005561983440553161
2020-02-20,-0.0032246243459099575
2020-02-21,-0.0008151634465314117
2020-02-21,0.00021672987682277105
2020-02-21,0.000134774264663925
2020-02-21,0.006644829317521991
2020-02-25,0.023277935264180556
2020-02-26,0.00042025975809824816
2020-02-26,-0.004177062718749272
2020-02-27,-0.009680564452638077
2020-02-27,0.015069937423817034
2020-03-02,-0.004759418107409966
2020-03-02,0.019843422001499595
2020-03-03,-0.01373644338703526
2020-03-03,-0.013190619789405814
2020-03-03,0.02081538126769524
2020-03-04,-0.000773104202859235
2020-03-04,-0.0027296099695613783
2020-03-04,0.0065426938876423
2020-03-31,-0.003003145244610742
2020-04-01,-0.0001935267369528126
2020-04-02,-0.0026502466062200223
2020-04-02,-0.011849475518692957
2020-04-03,-0.0037250005401065853
2020-04-06,-0.00043753135890077006
2020-04-06,0.01616037239459402
2020-04-14,-0.0030195885448511626
2020-04-14,0.01127147984953549
2020-04-16,-0.011489781819812953
2020-04-21,0.01529174692731163
2020-04-21,-0.00041732039838458297
2020-04-21,-0.004497625544062725
2020-04-21,0.005490470941188283
2020-04-21,0.00667155622903772
2020-04-23,0.0005127311472248508
2020-04-24,-0.005566834546208746
2020-04-28,-0.0062117041953055705
2020-04-28,0.006306909054575113
2020-04-29,-0.0011796362806817207
2020-04-29,0.001130274215306778
2020-05-01,-0.003557773868408701
2020-05-05,-0.0012933656641450442
2020-05-05,-0.004355010513238148
2020-05-11,-0.0021696673659368036
2020-05-13,-0.007023356788262694
2020-05-13,0.000700735693480744
2020-05-14,-0.0035762234200446916
2020-05-18,-0.000514198788276169
2020-05-18,-0.0018191925347268245
2020-05-19,0.0009645802711229134
2020-05-20,0.0001609331978749318
2020-05-21,0.0003070939831929709
2020-05-21,-0.0009978853604202065
2020-05-21,-0.0016055265889858095
2020-05-27,0.0011743344649872889
2020-05-27,-0.0018817922525202568
2020-05-27,-0.0030273056859815104
2020-05-28,-0.0004031448475825072
2020-05-28,-0.005258342661658791
2020-06-02,-0.0007845691125967036
2020-06-04,-0.0034622861735515795
2020-06-05,0.005958847396770902
2020-06-09,-2.548927429655619e-05
2020-06-09,-0.0003083796790073012
2020-06-10,-0.004545295062739688
2020-06-10,-0.006331169539613971
2020-06-11,0.01926607544578775
2020-06-12,-0.006995194890904813
2020-06-15,-0.004394874707807842
2020-06-22,6.915308769752331e-05
2020-06-22,0.0021963715389457152
2020-06-23,-0.0003463765555626696
2020-06-23,0.0008694682865933079
2020-06-23,-0.0015788099020329438
2020-06-24,0.01044145385112207
2020-06-25,-0.005148904094054866
2020-06-26,0.004811268210371164
2020-06-26,0.003107890374397978
2020-06-26,0.009235522281871541
2020-06-29,-0.004837903418099846
2020-06-30,0.01141997259433982
2020-07-01,-2.76702154473429e-05
2020-07-01,0.0018701685246134325
2020-07-01,-0.0024793970998362256
2020-07-02,-0.004750674042082495
2020-07-06,0.004200147581677768
2020-07-07,-0.00013576285329861877
2020-07-08,-0.002348748185929986
2020-07-10,-0.0039034905048116273
2020-07-13,-0.0029424374381356953
2020-07-13,0.010222755482219533
2020-07-15,-0.003908600515849939
2020-07-17,-0.00379035830350947
2020-07-20,0.015734021651363523
2020-07-21,-0.002206204460289721
2020-07-21,0.0005298673528135922
2020-07-22,-0.002732854833975099
2020-07-23,0.013380540699417428
2020-07-24,-0.006359104574297872
2020-07-27,-0.0035385906005813515
2020-07-27,-0.00024254807259847295
2020-07-27,0.0015316726351866283
2020-07-28,-0.002624585765053514
2020-08-03,-0.000876562074303292
2020-08-06,0.0021460433843831974
2020-08-07,0.0007227429078128422
2020-08-10,0.000456966934420896
2020-08-12,0.007443703409495869
2020-08-13,-0.0007884428562252388
2020-08-14,-0.0009740372407858
2020-08-19,-0.0042551822854950214
2020-08-20,-0.00028604539545771574
2020-08-20,0.007084203528626062
2020-08-21,-0.004675374220631004
2020-08-26,0.00884741855254336
2020-08-27,-0.004456236281192608
2020-08-31,-0.0031242239980735307
2020-08-31,0.0006656585270572635
2020-09-01,-0.0039382564173444465
2020-09-02,-0.007848780780238077
2020-09-03,0.03208121109527797
2020-09-04,0.004848734091132309
2020-09-04,-0.003376513134337936
2020-09-04,0.0015949024669563905
2020-09-04,0.0027108194940663934
2020-09-04,-0.004689785524616167
2020-09-04,-0.01335183605646704
2020-09-09,-0.0016929334448499789
2020-09-09,-0.00333452453316572
2020-09-10,-0.0012241789073148357
2020-09-11,-0.0023901479572554316
2020-09-14,-0.0012785921492801478
2020-09-16,0.0037478632043469653
2020-09-18,0.0028497212472698066
2020-09-18,0.0005522215066085156
2020-09-23,-0.004987620429492948
2020-09-23,0.016642291179534214
2020-09-24,-0.0002824085719001867
2020-09-24,-0.006716695332401027
2020-09-25,-0.004344287365219393
2020-09-25,0.0014662281549213862
2020-09-25,0.006451764611026941
2020-09-30,0.002452862866034985
2020-09-30,-0.0004839841636470143
2020-09-30,-0.005367639981533759
2020-10-05,0.00044962871558286937
2020-10-05,-0.0019181219955926954
2020-10-05,0.002056277278309501
2020-10-06,0.004150494757788411
2020-10-07,-0.0006365699095384014
2020-10-09,-0.0004225931896398671
2020-10-12,0.005785529477826642
2020-10-14,-0.0006564300940561185
2020-10-19,0.0018079081650144346
2020-10-20,-0.0012030269023849216
2020-10-21,-0.00255642651895536
2020-10-21,-0.003590363685390655
2020-10-22,-0.0012999171228768958
2020-10-22,-0.0020349333619524654
2020-10-23,0.0004824088481592182
2020-10-23,0.001605591344871612
2020-11-02,-9.493816277504114e-05
2020-11-02,-0.0037338500616286106
2020-11-03,0.0021247652453457912
2020-11-03,0.0018636275863424168
2020-11-03,-0.0013724930381307876
2020-11-04,-0.0021246116701090032
2020-11-04,0.001551096433425122
2020-11-06,-0.008081218926528003
2020-11-09,0.011489591198020973
2020-11-10,-0.007952698365027747
2020-11-10,-0.002869850625163631
2020-11-11,0.008123036358644439
2020-11-16,-0.001657742292520118
2020-11-19,-0.0008298456816574296
2020-11-23,-0.0013434106530256595
2020-11-24,0.0046621628176568754
2020-12-01,0.0014932605068471905
2020-12-03,-0.0030105356168596917
2020-12-04,-0.0023913536615295192
2020-12-04,-0.001023570347656969
2020-12-07,-0.0009339814595336982
2020-12-08,-0.003052647588875893
2020-12-08,-0.0006242339686394016
2020-12-09,0.015103525919762403
2020-12-10,-0.0037676392578580385
2020-12-11,-0.001328408933488382
2020-12-14,-0.0013580193384126005
2020-12-14,0.0011131567229247985
2020-12-14,-0.001642687352192621
2020-12-14,-0.0008437405201491088
2020-12-14,-0.004627234577763021
2020-12-18,-0.0019401986347431322
2020-12-18,-0.002234435496637247
2020-12-21,-0.003346424399452744
2021-01-04,0.005211853141292374
2021-01-05,-0.003263521640239889
2021-01-05,0.0028606370513768655
2021-01-07,0.0067523222242955785
2021-01-11,-0.0017774748730141432
2021-01-12,-0.002426498097472177
2021-01-13,-0.0007440669647202725
2021-01-13,-0.0007556036467534033
2021-01-15,-0.005047401131708521
2021-01-19,0.001204817667474175
2021-01-20,0.004157237983629011
2021-01-25,-0.0017061774725491785
2021-01-27,-0.0050466347201507476
2021-01-27,-0.0013537010075874523
2021-01-27,-0.0011395499192119274
2021-01-27,0.0009237344872943443
2021-01-27,0.013880718668896194
2021-01-28,0.0051334550249344715
2021-01-28,-0.005417101383727621
2021-01-29,-0.0047540051810153
2021-01-29,0.006549922794367965
2021-02-01,0.0058935828273338955
2021-02-02,0.002167371077046695
2021-02-03,-0.002469368359380589
2021-02-10,-0.00035102891177228086
2021-02-19,-0.0014725229659788652
2021-02-19,-0.002455336450191562
2021-02-22,-0.0029652582647996337
2021-02-22,0.002080173879961863
2021-02-23,-0.010891277536290137
2021-02-23,-0.011040613649086354
2021-02-24,-0.0037881487701904946
2021-02-24,0.00020946137340029596
2021-02-24,0.0015105226959948503
2021-02-25,0.023290789238724536
2021-02-26,-0.015591867651104188
2021-02-26,-0.0012320622726539143
2021-02-26,-0.00728822881533551
2021-03-01,0.007295724563242142
2021-03-02,0.00240666918761547
2021-03-02,-0.00012094486651535226
2021-03-02,0.009688856006531929
2021-03-03,-0.0004218112571478893
2021-03-03,-0.004216257289574069
2021-03-03,0.016431781047042588
2021-03-04,-0.010703371185868596
2021-03-04,0.0010560005019425633
2021-03-05,0.005034230193853758
2021-03-05,-0.007444590001512966
2021-03-08,-0.004334945090079126
2021-03-08,-0.0027564841450024944
2021-03-08,0.009806839230643979
2021-03-09,0.006297252914675219
2021-03-11,0.001636473320206574
2021-03-11,-0.0010888131682322644
2021-03-29,0.0014730109342755615
2021-03-31,0.005448143812183856
2021-04-05,0.005024276253496681
2021-04-13,-0.0011826925591530235
2021-04-13,0.0003604977868929738
2021-04-14,-0.0022771212375434034
2021-04-14,0.005803260060281331
2021-04-15,-0.00048817948598443346
2021-04-15,-0.0006646075396077122
2021-04-16,-0.0023977773934708933
2021-04-19,-0.001710482780453696
2021-04-20,0.00031677909326079616
2021-04-21,-0.001480084371461502
2021-04-21,0.0032741739586606058
2021-04-22,-0.001239404215067167
2021-04-23,0.006884222172480544
2021-04-26,-0.0018866529013317013
2021-04-27,-0.0002086602051667252
2021-04-27,-0.0007311001522716054
2021-05-03,-0.002295831926574435
2021-05-03,-0.0002968234089550747
2021-05-04,0.004691584261866352
2021-05-04,0.0003065038934618925
2021-05-04,-0.005319389611496897
2021-05-06,-0.002877002927969644
2021-05-07,-0.0005815436777053351
2021-05-10,0.0011329054951779904
2021-05-10,-7.2967924524806e-05
2021-05-10,0.012132768615136699
2021-05-12,-0.0008333829231130607
2021-05-12,-0.002734750172195691
2021-05-12,-0.00033666584945677753
2021-05-12,0.00020452604764022668
2021-05-13,-0.007789766845304505
2021-05-14,0.004285312097514168
2021-05-17,-0.0016819494896631404
2021-05-20,0.007476291852221114
2021-05-24,0.0041109927814082705
2021-06-01,-0.002495801397686551
2021-06-03,-0.001299632020923961
2021-06-04,0.00476210463010209
2021-06-10,-0.005619874640443759
2021-06-10,0.004001638004951255
2021-06-15,0.002256699587876018
2021-06-16,-0.005203312504795202
2021-06-17,0.0036156689745052897
2021-06-17,0.0056676053574871346
2021-06-21,-0.0005676918465296976
2021-06-21,-0.0004913207735117531
2021-06-22,0.006205991008078079
2021-06-23,-0.00040051909103409384
2021-06-24,-0.0011091683418026166
2021-06-28,0.0004495427650892581
2021-06-28,-3.5212042627666934e-05
2021-06-28,0.00021568824310771122
2021-06-28,0.003338863788332277
2021-07-02,-0.0005884368567230325
2021-07-02,0.000460956196095782
2021-07-02,0.0006867819842995193
2021-07-09,0.002040609521003064
2021-07-13,-0.0007910174650006352
2021-07-15,0.0009228472953437727
2021-07-16,-0.0014264523603402057
2021-07-16,-0.003300677349389528
2021-07-16,0.0033562556463674533
2021-07-19,-0.0018169931309150822
2021-07-19,-0.00024175412837499683
2021-07-20,0.004420734153122182
2021-07-21,-0.00013747176255694322
2021-07-21,0.0010950443300452772
2021-07-21,0.0026981517913855693
2021-07-22,0.0011958520645407777
2021-07-22,0.0008075204352375931
2021-07-23,0.0026674595082989607
2021-07-27,0.00799246546393075
2021-07-27,0.0005066474858637282
2021-07-27,-0.0027101977631902394
2021-07-28,-0.0009937705372915307
2021-07-29,0.0010941289572423873
2021-08-03,-0.001946927562724391
2021-08-10,-0.0024618941866320996
2021-08-10,1.2733419846663357e-05
2021-08-10,-0.00019061238955251687
2021-08-11,-0.0010331142219210754
2021-08-16,0.0027897441215100263
2021-08-16,-0.0010322684236085766
2021-08-16,-0.0012661724106754846
2021-08-17,-0.002586738707691197
2021-08-17,-0.0023050031101276933
2021-08-17,-0.005087079931170394
2021-08-19,-0.0023501474690536903
2021-08-19,-0.0005123547026387543
2021-08-20,0.0005458506584730316
2021-08-20,-0.0022363943903402714
2021-08-20,0.0018843671382940041
2021-08-23,0.006856030523822351
2021-08-27,0.0022801542539246013
2021-08-30,0.004502222014296084
2021-08-31,-0.0015994117639181826
2021-09-01,-0.00011733623871655103
2021-09-08,-0.0031898591495822335
2021-09-08,-0.0015908259831698224
2021-09-10,0.002410655628284705
2021-09-13,-0.00211136891308448
2021-09-13,-0.0024188351665095174
2021-09-13,-0.001335954081426597
2021-09-14,-0.002296576323171909
2021-09-15,-0.002516805556232774
2021-09-15,0.0013548112804149437
2021-09-17,0.0050240166604023275
2021-09-20,-0.0027644129900241485
2021-09-20,-0.0032462695831696285
2021-09-22,0.0010938235978577204
2021-09-22,-0.005225204109894447
2021-09-22,-0.002121669749867808
2021-09-23,0.0012196565441775686
2021-09-23,2.5593795274688785e-05
2021-09-23,0.00026525028254089316
2021-09-27,-0.004654908207924116
2021-09-28,0.007810855319622242
2021-09-28,-0.0010268209993673316
2021-09-28,0.0054954501787215695
2021-09-29,-0.001701588201504548
2021-10-01,-0.004830791288843209
2021-10-04,0.008603862963490158
2021-10-05,0.0052660132592963396
2021-10-07,0.0016225276889008289
2021-10-07,-0.0016469975359672906
2021-10-14,-0.0005432216697833592
2021-10-14,4.030573554488809e-06
2021-10-18,0.002479823585427107
2021-10-22,-0.000945327150319234
2021-10-25,-0.0013199959102383285
2021-10-26,-0.0008476295462243966
2021-10-27,-0.0017671050485903261
2021-10-27,-0.0006429065814442614
2021-10-28,-0.0010838708416100829
2021-10-28,-0.002712130840462937
2021-10-28,-0.0003429082524661708
2021-11-09,0.000710195031912294
2021-11-10,-0.0026288687797470876
2021-11-12,0.00038117736486522285
2021-11-15,-0.0020159851039533803
2021-11-16,0.0004065274533631336
2021-11-18,-0.002944246174943691
2021-11-19,-0.0039116844664047554
2021-11-22,-0.0013326585611633612
2021-11-22,-0.005283998589497555
2021-11-23,-0.00031698744612682956
2021-11-30,-6.796544801621946e-05
2021-12-01,0.006526968008280584
2021-12-02,-0.005260165480522419
2021-12-02,-4.0661836955594405e-05
2021-12-02,-0.0064147992856417955
2021-12-02,-0.0011296544849745771
2021-12-03,0.008159790343943782
2021-12-06,-0.0019961581442793173
2021-12-07,0.002276059462063903
2021-12-09,0.001254861821078831
2021-12-13,0.0012593732510231181
2021-12-13,0.003766465038451258
2021-12-15,-0.0013009318294012562
2021-12-15,0.004649908224608331
2021-12-16,0.018758613606422076
2021-12-21,0.003564885726915509
2021-12-22,0.0012105339305659346
2021-12-23,0.00160858893584794
2021-12-23,-0.000974070054199675
2021-12-23,-0.00027247814135132104
2021-12-23,0.00043010657808386315
2021-12-27,0.007413287160209078
2022-01-04,0.007097368333026119
2022-01-04,0.0008247038306782495
2022-01-05,-0.001474324254402174
2022-01-05,0.012909671930566599
2022-01-07,0.0009575994396827847
2022-01-07,0.001771522270079614
2022-01-10,-0.0038854096757541066
2022-01-10,-0.004044215638710583
2022-01-11,0.004875182778208772
2022-01-13,-0.002968260249008184
2022-01-13,0.008361244781679008
2022-01-14,-0.004227153899666195
2022-01-19,-0.005183592391511874
2022-01-20,-0.0021748085322391506
2022-01-21,-0.007760858454363121
2022-01-21,0.01227018994493114
2022-01-24,-0.005730652910473014
2022-01-25,-0.00786511415664102
2022-01-25,-0.0064274477329031385
2022-01-27,-0.00584956085399633
2022-01-27,0.0016586763439032837
2022-01-28,-0.005287764352875016
2022-01-28,-0.008744191635140045
2022-01-28,0.01569594369848561
2022-01-31,0.018285446739146245
2022-02-04,0.0020593824200159285
2022-02-08,-0.0018380929688451653
2022-02-11,7.448158548763688e-05
2022-02-11,0.01882689575990028
2022-02-14,-0.0013121344275895763
2022-02-14,-0.0016705246781918237
2022-02-16,-0.001697421774170963
2022-02-17,-0.004103709896527955
2022-02-17,-0.00032853401824659896
2022-02-17,0.009745716172481008
2022-02-18,-0.002376856189542956
2022-02-18,0.0006743455130291587
2022-02-22,-0.01167313927593903
2022-02-22,-0.00334577360462294
2022-02-23,-0.0023626746412221764
2022-02-23,0.01201148889147687
2022-02-24,0.021710977127485282
2022-02-25,-0.009095156404022678
2022-02-25,-0.0029563721648159045
2022-03-01,-0.002497046728391331
2022-03-02,-0.00042343882967841635
2022-03-02,0.00015366052298639525
2022-03-03,-0.0035911815069970907
2022-03-03,-0.006132537675694419
2022-03-04,0.00301231561281636
2022-03-07,0.025862718376339484
2022-03-08,-0.011840898397080338
2022-03-10,-0.003840258444318437
2022-03-11,-0.002114064016907483
2022-03-11,0.005090147873301773
2022-03-28,-0.004027865998980399
2022-04-04,0.007662128397793585
2022-04-05,0.008959962850935718
2022-04-06,0.0016357105739316557
2022-04-06,-0.0009278422200535796
2022-04-06,-0.011068339857303692
2022-04-08,-0.00595233821694017
2022-04-11,-0.0016192113522421703
2022-04-13,0.010554820749923774
2022-04-14,0.015265220328780879
2022-04-18,-0.0029364269468038304
2022-04-19,0.013736796869114018
2022-04-20,-0.002967715798618079
2022-04-20,-0.00267610519866455
2022-04-20,0.0017406271978023435
2022-04-21,0.0061584859735583
2022-04-22,-0.001968517838559539
2022-04-22,0.011445967751732919
2022-04-26,0.004217430158272603
2022-04-26,-0.0008628005367499003
2022-04-26,0.001640487439001378
2022-04-26,0.014143660573845659
2022-04-27,-0.016315989983906026
2022-04-27,-0.003361935574291078
2022-04-28,0.003971894837571785
2022-04-29,0.02016791662052921
2022-05-02,-0.0015035462879261308
2022-05-04,6.129244794707782e-05
2022-05-04,0.014553010289199106
2022-05-05,0.023340668890603728
2022-05-06,-0.013127805069815127
2022-05-09,-0.0018117945274118508
2022-05-09,-0.002466850331615181
2022-05-09,-0.002907103948058135
2022-05-11,0.0006735715883572546
2022-05-11,0.006112126735982956
2022-05-13,0.004721188742103718
2022-05-13,-0.00436372259888638
2022-05-13,0.0027707930913196867
2022-05-18,0.01667366168872277
2022-05-20,-0.008649012266309855
2022-05-24,0.0016467474917843028
2022-05-25,-0.000984183440642642
2022-05-25,-0.0016779269749094084
2022-05-26,0.01346884866654687
2022-05-27,0.0011377717133072196
2022-05-27,-0.0006835440785905955
2022-05-27,0.007342114743369229
2022-05-31,-0.0011876455731378666
2022-06-01,-0.0014386074854493092
2022-06-02,0.009887118541556125
2022-06-10,0.006394524781037544
2022-06-13,0.000370588331925289
2022-06-15,-0.008946769506164335
2022-06-16,-0.006515427921932585
2022-06-16,-0.0021791080825026374
2022-06-16,-0.004627095041055388
2022-06-17,-0.01003468130708716
2022-06-17,-0.005160592077173657
2022-06-21,-0.001892044722353029
2022-06-21,-0.0001970217253515016
2022-06-21,0.0021129140338716126
2022-06-21,-0.0013932013900257256
2022-06-21,-0.0010080549827064889
2022-06-21,-0.00038730611899826845
2022-06-21,0.0012837009026201074
2022-06-21,-0.0002608459370938376
2022-06-22,-0.002532445609281767
2022-06-24,0.00412680187909433
2022-06-24,0.00028814907806553274
2022-06-24,0.011729694695426193
2022-06-27,-0.006080285219073759
2022-06-28,0.015862894271424417
2022-06-30,-0.008499641156352692
2022-07-05,0.0047335681438556345
2022-07-07,0.00848890051623454
2022-07-11,-0.002429135101093641
2022-07-11,-0.002238980445834685
2022-07-11,0.0006371159774730872
2022-07-11,-0.0001512961884764052
2022-07-11,-0.003801135564055905
2022-07-19,0.010293072108134257
2022-07-20,0.002023116450023085
2022-07-20,-0.0029056806310837433
2022-07-20,0.0015865093395601903
2022-07-21,-0.0020601514445750344
2022-07-22,0.004911584411395073
2022-07-25,-0.001839583957344163
2022-07-26,-0.0008305467150979495
2022-07-26,0.003046070599315628
2022-07-27,0.004185544208604305
2022-07-27,0.002942203262539486
2022-07-28,-0.0074333595196205225
2022-07-29,-0.004121535017813186
2022-08-01,-0.0008426629505517791
2022-08-03,0.011722864199632995
2022-08-08,-0.002645787786579182
2022-08-08,-0.002402210101754546
2022-08-09,-0.0019021881543887875
2022-08-09,-0.0013725147952920824
2022-08-12,8.267515785866602e-05
2022-08-12,0.002681976311973663
2022-08-16,-0.0052086216694042595
2022-08-17,-0.0025125484044914246
2022-08-17,-0.003057827727941812
2022-08-19,0.0006719734337477157
2022-08-19,0.002538008698670177
2022-08-22,-0.0008462753591740124
2022-08-22,0.005805494331229141
2022-08-24,-0.0032705874442464453
2022-08-25,-0.005373352275744628
2022-08-25,0.00022410110496864038
2022-08-26,0.028210406835873187
2022-08-30,0.004008557436272061
2022-08-30,-0.00010662405702753004
2022-09-01,-0.005392755643268002
2022-09-02,0.002205151446132111
2022-09-06,-0.004942450864964235
2022-09-06,-0.0021033103629199777
2022-09-07,-0.002166740032408557
2022-09-07,-0.0003711436292950043
2022-09-07,0.0042912593088777675
2022-09-09,0.0021119222428336495
2022-09-09,0.004764874092785051
2022-09-12,-0.0028972109272094957
2022-09-13,0.0011001159670478622
2022-09-13,-0.0018751151534879085
2022-09-13,0.013944598426618124
2022-09-15,-0.0030341705355287716
2022-09-15,-0.004287061855629418
2022-09-15,-0.004852518515706209
2022-09-16,-0.004619202787968993
2022-09-22,-0.0020347548572441174
2022-09-23,-0.004637200331024419
2022-09-23,0.00034901539778810724
2022-09-26,-0.0028719843711638524
2022-09-26,-0.007173987739759172
2022-09-28,-0.0007963541555361198
2022-09-28,0.010902907253496094
2022-09-29,-0.0007546318513282724
2022-09-29,0.002330493218509219
2022-09-30,-0.007507067323594055
2022-10-03,-0.0024355913260217608
2022-10-03,0.007704580550679038
2022-10-04,-0.0016751934763995313
2022-10-04,-0.0019362333927411635
2022-10-05,-0.004070623387713671
2022-10-07,0.01090066595333918
2022-10-10,-0.0023335813722098284
2022-10-10,-0.007823837377804769
2022-10-11,-0.002375235556832259
2022-10-13,0.01446232572866892
2022-10-14,0.01545042489111483
2022-10-17,0.0014845679211599372
2022-10-20,-0.0038455164323895983
2022-10-21,0.010846272636090079
2022-10-25,0.00019745037989073682
2022-10-25,-0.0011955202486316574
2022-10-25,-4.8921425126228174e-05
2022-10-27,-0.012452736481539864
2022-10-28,0.02353598569133843
2022-11-10,-0.0025094767962937446
2022-11-10,0.010987337885915124
2022-11-11,-0.008366917703054847
2022-11-11,0.00733159546758457
2022-11-16,-0.004357982737454672
2022-11-23,-0.0037351504307388903
2022-11-29,-0.004184554332646398
2022-11-29,-0.003539686417699065
2022-11-30,0.024780079202651812
2022-12-01,-0.01211253436091462
2022-12-01,-0.009291625249894
2022-12-05,-0.000997802485610525
2022-12-05,-0.0010713662252179546
2022-12-05,-0.0017408461324574887
2022-12-06,0.008262585782782958
2022-12-08,-0.0018025248671677907
2022-12-08,-0.0024012291948804863
2022-12-08,-0.000397843044902183
2022-12-09,-0.0015203225182682612
2022-12-14,-3.199529037310241e-05
2022-12-15,0.005461387699982409
2022-12-15,0.0027490870927562496
2022-12-16,-0.0016609628338699423
2022-12-16,0.001690742964815325
2022-12-19,-0.003113781996344692
2022-12-19,0.004226825038599188
2022-12-21,0.0020385960082323264
2022-12-21,-0.002611978114392602
2022-12-22,0.011681503212182661
2022-12-22,-0.004962519665258272
2022-12-22,-0.0012702976649443343
2022-12-23,-0.009196621916142548
2022-12-27,-0.00528745453324995
2022-12-27,-0.002965125887161227
2022-12-28,4.486333807964486e-05
2022-12-29,0.006672178731327102
2023-01-03,0.0012476678244902806
2023-01-06,0.008355966427296765
2023-01-09,-0.002686749118521495
2023-01-11,0.0028968435890031254
2023-01-12,-0.009809289032736571
2023-01-18,-0.00018640515263721786
2023-01-18,0.0005817447663572139
2023-01-20,0.006433380265441732
2023-01-23,0.007364779620037806
2023-01-23,0.0010325138654430266
2023-01-23,0.0023734612439641114
2023-01-25,-0.0022109211825782436
2023-01-27,-0.004343467457767128
2023-01-27,0.002098945228983259
2023-01-31,0.001331373709489344
2023-01-31,-0.0015931297594370209
2023-02-01,0.006419439360113596
2023-02-02,-0.006702108219254413
2023-02-07,-0.015484645357592622
2023-02-07,0.010978816265548438
2023-02-08,0.005447142508756683
2023-02-13,0.0039260046433624764
2023-02-17,-0.002174979703456462
2023-02-17,-0.0019350880973098927
2023-04-06,0.0034502604835611374
2023-08-02,0.008353265478006652
2023-08-08,0.0013119584556437103
2023-08-09,0.002301428515288381
2023-08-09,-0.0002843512993393282
2023-08-09,0.004522370397433436
2023-08-10,-0.005954591179424188
2023-08-14,-0.0026649353534766527
2023-08-14,0.003784860157201716
2023-08-15,-0.0023055007009566784
2023-08-15,-0.0011940870894444433
2023-08-16,0.0017467865426889129
2023-08-17,0.0027081322585261938
2023-08-21,-0.005475642370807757
2023-08-21,0.005795063867181779
2023-08-23,0.006960345349783089
2023-08-24,0.013626765907517676
2023-08-25,-0.006898996848009523
2023-08-29,0.01694706763735911
2023-08-31,0.0015123911818879698
2023-09-06,0.0008557874676543753
2023-09-06,-0.002031837441040832
2023-09-08,-0.005075270990109829
2023-09-15,0.007441020325464806
2023-09-19,0.00013418528982213855
2023-09-19,-0.0018746250290071298
2023-09-20,0.006445488704318622
2023-09-21,-0.002419605469314837
2023-09-22,-0.0022679120571314857
2023-09-22,-0.004355562209303757
2023-09-26,-3.0412863786225503e-05
2023-09-26,-0.0026591100662815923
2023-09-26,0.0020770118357863656
2023-09-27,-0.003933713363482453
2023-09-28,0.0020073206734081608
2023-10-02,0.0012455427376687667
2023-10-02,6.708764820031137e-05
2023-10-02,-0.001092440682978738
2023-10-03,0.003842700599496004
2023-10-04,-0.00426148321341622
2023-10-04,-0.00412624519270142
2023-10-04,0.0029934688932782474
2023-10-05,0.00089692062653692
2023-10-05,-0.000818627680639209
2023-10-06,0.0043194269977775614
2023-10-10,-0.00019819779142036582
2023-10-13,0.004993635557660322
2023-10-16,0.0027549525581374214
2023-10-16,-0.0017655756315422078
2023-10-17,-0.007129213951094985
2023-10-19,-0.0003253593308580693
2023-10-20,-0.0006279000149531455
2023-10-20,0.002901432028428538
2023-10-23,-0.00011693196425464398
2023-10-24,0.001259603187644417
2023-10-25,0.011574382617500675
2023-10-26,-0.001568431264318696
2023-10-26,-3.395631645517812e-05
2023-10-26,-0.004253058018942138
2023-10-26,0.0047600610911465915
2023-11-07,0.00043993171851976714
2023-11-07,-0.00028915970835894695
2023-11-10,-0.002779310856024989
2023-11-10,0.010609994561705768
2023-11-14,0.0002938626906961084
2023-11-20,-0.0022376092098694653
2023-11-20,0.008007432632622954
2023-11-21,-0.0013360989613446595
2023-11-29,-0.005330642191660776
2023-11-30,0.0032686869610104776
2023-11-30,-0.003438043667482774
2023-12-01,-0.0021919481846561593
2023-12-04,-0.00489276204849263
2023-12-05,-0.004755696738249807
2023-12-06,0.0007375094217898692
2023-12-07,-0.001435722171867807
2023-12-07,0.0005627760986220054
2023-12-08,-0.002828803633316038
2023-12-08,-0.0003886340282129674
2023-12-11,-0.0008080348948561278
2023-12-11,-0.0015663389656033011
2023-12-11,0.0028236502379544084
2023-12-12,0.0017756341301151857
2023-12-13,0.000476611403528634
2023-12-14,-0.0026129374768077782
2023-12-15,-0.00027297835846072145
2023-12-15,-0.0007223271033248524
2023-12-18,0.0005641232880218194
2023-12-20,0.004259846155745059
2023-12-29,-0.00028167180441227897
2023-12-29,0.00038660107404277726
2023-12-29,-0.0015153078544376342
2024-01-02,-0.00032764795023252686
2024-01-02,-0.00113432978403181
2024-01-02,0.0010785350897603207
2024-01-02,0.0022507511550481554
2024-01-03,-0.0010926083347293314
2024-01-05,-0.0011829770450561916
2024-01-05,-0.0002655764535712623
2024-01-05,-0.0036485030497564828
2024-01-08,0.010373305283536435
2024-01-10,-0.0004229656340536214
2024-01-10,0.0010023090208910645
2024-01-11,-0.0018478839738664632
2024-01-17,-0.002683033351366307
2024-01-17,-0.001193666535189467
2024-01-18,-0.00040474807865596203
2024-01-18,0.0008405470344381627
2024-01-19,0.008979536136332308
2024-01-24,-0.0014563962780139528
2024-01-29,0.00012588984823260434
2024-01-30,-0.0006066578655623356
2024-01-30,-0.0007554362811765614
2024-01-31,0.0015878773656106315
2024-01-31,-0.0009891678176259056
2024-01-31,0.0033537952670795925
2024-02-01,-0.0055307745040924314
2024-02-01,0.0032125499843618423
2024-02-02,0.007924967130681379
2024-02-05,-0.0019211856043121844
2024-02-05,-0.0016035816136159375
2024-02-06,0.0009280424865803127
2024-02-06,-0.002521538331667442
2024-02-06,-0.002422241984711729
2024-02-07,-0.0018559208250141601
2024-02-07,-0.0015377248185107584
2024-02-07,-0.000609438181007208
2024-02-09,0.00520582480430389
2024-02-12,-0.0010175794025964835
2024-02-15,-0.0001278033889000418
2024-02-16,-0.0021398463129589183
2024-02-16,-0.0032446789441526822
2024-02-16,-0.002417349054120369
2024-02-16,0.002531759392919072
2024-02-20,-0.0006121188748877493
2024-02-20,5.557146976411191e-05
2024-02-20,0.002349029884308537
2024-02-20,-0.0005693753412665348
2024-02-20,-0.0016985192578708819
2024-02-20,-0.0009792695898744686
2024-02-21,-0.0006050840831803661
2024-02-22,0.0030545884903157208
2024-03-01,0.008375597981203261
2024-03-05,0.0035581919625124105
2024-03-05,0.002384304404172385
2024-03-07,0.003152794133295852
2024-03-08,-0.010349931863719556
2024-03-08,0.008671667412896841
2024-04-01,-0.0023354218806080716
2024-04-02,-0.002921662661199845
2024-04-03,-0.0006180169386189405
2024-04-03,-0.0007919910292339771
2024-04-04,0.007770099696004859
2024-04-05,-0.0002269129014392612
2024-04-05,-0.0014905230471013808
2024-04-05,-0.0006407555730090031
2024-04-05,-2.4011651291714303e-05
2024-04-05,0.0005836352317572146
2024-04-05,0.00034086431142978606
2024-04-09,-0.0005152225568483082
2024-04-11,0.003784854929857603
2024-04-12,-0.003659420545164752
2024-04-12,0.0009828217189885768
2024-04-15,0.004120320061223556
2024-04-17,0.0064979150085329365
2024-04-19,0.011043619310199834
2024-04-23,0.005953410311605031
2024-04-26,0.0037124684165226376
2024-04-26,-0.0015760120468107741
2024-04-30,0.0003068529608635429
2024-05-01,-0.001834092381312361
2024-05-03,-0.003396231225341476
2024-05-10,-0.005334641055233383
2024-05-14,-0.0014411729868157675
2024-05-14,-0.0021412184060697146
2024-05-14,0.0017133904765451924
2024-05-15,0.006533766107252223
2024-05-16,-0.00021974244729237364
2024-05-17,-0.00251832218285262
2024-05-20,-0.0003447027650458156
2024-05-20,6.018660312980488e-05
2024-05-20,2.0840513202965466e-05
2024-05-20,0.0008342240622740882
2024-05-22,-0.0020285766809897497
2024-05-23,0.001105571840760563
2024-05-24,0.001753648394069237
2024-05-24,-0.0004866966932863625
2024-05-24,0.0007437330784843177
2024-05-30,-0.002080479199979982
2024-05-30,-0.0011729462960030446
2024-05-30,0.0035078636068428728
2024-05-31,0.007146872261235579
2024-05-31,-0.009836193900620608
2024-06-03,-0.00160964017162322
2024-06-05,0.006003501910916606
2024-06-12,0.0004193822801590497
2024-06-12,0.0008234572916663485
2024-06-14,-0.0007193067742147041
2024-06-17,0.005057400250959151
2024-06-20,0.0009265888321226179
2024-06-21,-0.0006212745029663214
2024-06-24,0.000266256302551412
2024-06-24,-0.002001971337329359
2024-06-25,-0.0008066739136218615
2024-06-25,-0.002961862821578823
2024-06-25,0.000235580678809485
2024-06-27,-0.0016186906342004848
2024-06-28,-0.00039359919486701473
2024-06-28,-0.0019454334202973855
2024-07-01,-0.0027666797840997046
2024-07-02,-0.0010274814655091091
2024-07-02,0.006347501641287964
2024-07-05,0.005055112925151503
2024-07-10,0.00029095270847736226
2024-07-10,0.0009224066981372758
2024-07-11,0.012361451644461471
2024-07-12,0.0019529052407956293
2024-07-12,-0.0022851492579689468
2024-07-15,-0.001005724864058014
2024-07-16,-0.0009822442914053464
2024-07-16,-0.002924325251212759
2024-07-17,0.006678363701362341
2024-07-18,-0.004652276139026393
2024-07-18,-0.002405409245573845
2024-07-19,-0.0035250777887600813
2024-07-19,0.00038220793631284726
2024-07-19,-0.0036928848623236452
2024-07-24,0.015464274038915612
2024-07-25,-0.002730905250435159
2024-07-25,-0.007261547193499121
2024-07-29,-0.003427135799253892
2024-07-30,0.0084012803231406
2024-07-31,-0.006143802692928338
2024-08-01,-0.01005515200629146
2024-08-01,0.015897962209201828
2024-08-02,-0.0011377247289412285
2024-08-02,-0.0037449543249778814
2024-08-06,-0.006459523202755649
2024-08-06,-0.00951802027517166
2024-08-08,0.0013500593265008043
2024-08-08,0.0012706988518840412
2024-08-13,0.0013616085382060128
2024-08-15,0.0009337433105056825
2024-08-15,0.0006095792577882808
2024-08-15,9.613364585272182e-05
2024-08-22,-0.0053016173670989795
2024-08-22,-0.00010811306406431127
2024-08-22,0.0011469420027802235
2024-08-23,-0.008252576685907157
2024-08-26,-0.0001982059803728819
2024-08-26,-0.0010077284262346253
2024-08-26,-0.0004113969810630535
2024-08-28,-0.0013378759966191456
2024-08-28,-0.00012565940096618595
2024-08-28,0.0019476520667042385
2024-08-29,-0.0013039675926700223
2024-09-03,0.017581107768836274
2024-09-05,-0.0033447337325255098
2024-09-06,0.015036620747907922
2024-09-11,-0.0071928928058226736
2024-09-11,0.006680546436150367
2024-09-12,0.002418383158140377
2024-09-20,-0.003497529634558941
2024-09-25,-0.0002982469089591688
2024-09-27,-0.0014929792518816132
2024-09-27,-0.0024516217038241615
2024-09-27,-0.0012366074907596925
2024-10-01,0.004137142084151854
2024-10-01,-0.002250849790382351
2024-10-01,-0.0031878145675385636
2024-10-01,0.0005932289151337111
2024-10-01,0.0006603377178766767
2024-10-01,0.003040765390851982
2024-10-07,-0.0015547316829635871
2024-10-08,-0.0021700480197468317
2024-10-08,0.0049937482532554
2024-10-09,0.0006681675425601796
2024-10-14,-0.0015522249573213054
2024-10-15,0.008358768345892461
2024-10-16,-0.0055054126202336105
2024-10-23,-0.002392030424817707
2024-10-23,0.0018348245774503413
2024-10-25,-0.000763540329968152
2024-10-25,-0.0007682700603920212
2024-10-25,0.0009727804033439391
2024-10-25,-0.0037459903163213713
2024-11-05,-0.0015015473809927105
2024-11-05,-0.00061908637248829
2024-11-05,0.0026400511893725134
2024-11-05,-0.0007405607131836056
2024-11-05,0.002195482619929542
2024-11-06,-0.003442454742201376
2024-11-06,0.004054686985004238
2024-11-07,0.005241454521673036
2024-11-12,-0.0026583412861058506
2024-11-15,0.009645679145946847
2024-11-18,0.0004193996667647604
2024-11-19,-0.0018407211175881322
2024-11-19,0.000692631682226682
2024-11-20,-0.0010045496005090893
2024-11-20,-0.002989584297522033
2024-11-20,-5.720539119045461e-05
2024-11-20,-0.0009546505118005289
2024-11-20,-0.0023825510703978457
2024-11-21,-0.001931094449137064
2024-11-27,0.003844858189510322
2024-11-27,-0.002050709483165417
2024-11-27,-0.0002017109478611256
2024-11-27,0.00025105784679237635
2024-11-27,-0.0008389321122863425
2024-12-02,0.0001693478303393026
2024-12-02,0.0014787297072365224
2024-12-02,0.0013327019179241362
2024-12-06,0.0004281160101067461
2024-12-06,0.0018173956250682377
2024-12-09,9.71440425896664e-05
2024-12-10,-0.0016398153151018036
2024-12-11,0.004470022957400418
2024-12-13,-0.0035529452068619825
2024-12-16,0.006332106438790916
2024-12-17,-0.002718513923182878
2024-12-18,0.02599964512252208
2024-12-20,0.004647581801891195
2024-12-23,-0.0017989494174742526
2024-12-27,0.001474273782671639
2024-12-27,0.0025974026027940824
2024-12-27,-0.0037856420214508
2024-12-27,0.0010575432758228775
2024-12-27,-0.002364639904507618
2024-12-27,-0.0025079717459530557
2024-12-30,-0.004091340438940641
2024-12-31,-0.0021260891513863265
2025-01-02,-0.0022994328580927346
2025-01-03,-0.002544278746198317
2025-01-03,0.0011311533236258076
2025-01-03,0.0017706711848379986
2025-01-06,0.0016634284711312308
2025-01-07,0.010150260693137755
2025-01-10,0.0010239179538697096
2025-01-10,-0.000745177567928782
2025-01-15,-0.000491853922669353
2025-01-15,-0.002125040592627284
2025-01-22,-0.0002748792881375006
2025-01-22,0.00018770577826689676
2025-01-24,-0.0018967817505181983
2025-01-28,0.0050254517649930466
2025-01-29,-0.006308831573476706
2025-01-31,-0.00251984813487747
2025-02-04,-7.442332232241773e-05
2025-02-04,0.0050219198411680845
2025-02-07,0.0070987743103924274
2025-02-13,-0.0035725931625212124
2025-02-13,0.0023457008246963364
2025-02-20,-0.003076155941858597
2025-02-20,0.0005093234662502299
2025-02-20,-0.001265270975498537
2025-02-21,0.014696067669758414
2025-02-24,-0.0011777870043256733
2025-02-25,0.004219883020663248
2025-02-25,-0.0011000128425557676
2025-02-25,-0.0013866454156399122
2025-02-25,0.002172901919208178
2025-02-25,-0.0011246626983995955
2025-02-25,-0.00031786770068385257
2025-02-25,-0.0011692901842306014
2025-02-26,-0.0007807983756419146
2025-02-26,-0.0060163554965550845
2025-02-27,-0.005681719911737585
2025-02-27,-0.0022585255818880854
2025-02-27,-0.004376443844890091
2025-02-27,0.013570614492586138
2025-02-28,0.00013342627300152126
2025-03-03,0.010164400970935092
2025-03-04,0.0016709987075877086
2025-03-04,-0.00788437505142501
2025-03-05,-0.0032710112643520115
2025-03-05,0.0032238819273764565
2025-03-06,0.0027232165861134274
2025-03-07,-0.0036923451912682457
2025-04-01,-0.0018624506612025893
2025-04-02,-0.0013006834781964327
2025-04-03,-0.0032003726619971116
2025-04-04,0.02069547963368847
2025-04-07,-0.01014606769573854
2025-04-08,0.0022100250637190535
2025-04-09,-0.012668809084010338
2025-04-09,-0.004343612461849647
2025-04-09,0.10391817088108969
2025-04-10,0.0064715214665886
2025-04-11,-0.0052606807775921
2025-04-16,-0.013942775348486184
2025-04-21,0.013149996083407963
2025-04-21,-0.003996330666206952
2025-04-22,-0.004580603406785214
2025-04-24,0.011336814148549054
2025-04-24,-0.00258017864959457
2025-04-28,-0.0015444453937858238
2025-04-30,-0.010049493899591847
2025-05-08,-0.0014990392610976044
2025-05-13,0.00672266424122527
2025-05-21,-0.0025845600377112175
2025-05-22,-0.0025231829515882463
2025-05-22,-0.005068142261446787
2025-05-27,-0.0008096077395321844
2025-05-27,0.0033810488941836882
2025-05-30,-0.006019078244077861
2025-05-30,-0.005191728478435945
2025-06-02,0.001172546772471047
2025-06-03,0.0009764392578952752
2025-06-03,-0.00018682208076424063
2025-06-05,-3.301278634013967e-05
2025-06-05,-0.0006257669612532524
2025-06-16,0.0008537763907479257
2025-06-16,-0.00025583953680783695
2025-06-16,-0.00016321875020417815
2025-06-16,-1.1304819831118268e-05
2025-06-16,0.00025993741565779276
2025-06-16,-0.0003156238429345792
2025-06-16,-1.527368578966622e-05
2025-06-16,0.00046306825232458
2025-06-17,-0.0019011983740435479
2025-06-18,-0.0011653036730497701
2025-06-20,-0.002140112983186818
2025-06-20,-0.0020954334378244597
2025-06-20,-0.0011369750649880917
2025-06-23,0.0008713956268451473
2025-06-23,-0.00036337490288338765
2025-06-23,0.0023436647865118423
2025-06-24,-0.0005125440906029544
2025-06-24,0.0005749716360079671
2025-06-26,-0.0003076923525190211
2025-06-27,-0.00025427873645198824
2025-06-27,-0.0009110567390378888
2025-07-01,-0.0017563114594607388
2025-07-02,0.0023320460718461358
2025-07-09,-0.0017719682187935326
2025-07-09,-0.00446163725855229
2025-07-10,-0.0017222273527965715
2025-07-14,0.0006261664574578518
2025-07-16,-0.0017951657244170505
2025-07-16,-0.00034720202312031096
2025-07-17,0.004432307817907174
2025-07-21,0.0003928713562400177
2025-07-21,-0.00038082674741555573
2025-07-21,0.0005664588774847623
2025-07-21,-0.00098488718225063
2025-07-21,-0.0010455957165786767
2025-07-22,-0.003677420064818396
2025-07-22,0.0006797711420338992
2025-07-22,-0.0015793411873574559
2025-07-22,0.001093981055208656
2025-07-22,5.8965955845776724e-05
2025-07-22,-0.0016096781002667793
2025-07-22,0.0005297700531198457
2025-07-22,0.0006802844054755364
2025-07-25,-0.0011046461868564428
2025-07-31,-0.0011434809014263336
2025-07-31,0.0010864640704621087
2025-08-01,-0.0052513041569319605
2025-08-01,-0.0009812617817226232
2025-08-01,-0.00011711408944268582
2025-08-01,-0.000293309896426378
2025-08-04,-0.0013759187507966597
2025-08-04,-0.00020057516577285712
2025-08-04,0.003738980866021554
2025-08-05,-0.0008627028554091065
2025-08-05,-0.0013437397554933817
2025-08-05,0.0005755886754541717
2025-08-06,0.006031841888711106
2025-08-08,0.0007254326469845662
2025-08-08,0.000508399724429972
2025-08-12,-0.0062132862565057265
2025-08-12,0.0028625647761000485
2025-08-15,-0.002147942427604724
2025-08-15,-0.0008161548954559261
2025-08-19,0.008771010461086767
2025-08-20,-0.0023308219908433157
2025-08-20,0.002254618509145786
2025-08-20,-0.005514855287784818
2025-08-20,0.0027837729195389262
2025-08-20,-0.0006137303464839128
2025-08-20,-0.0008204811298475423
2025-08-20,0.0022819176094872797
2025-08-20,-0.0014706565439714747
2025-08-20,-0.0033237061589186188
2025-08-22,0.003364618138084882
2025-08-28,-0.0009949711635783654
2025-08-28,-3.452085774389487e-05
2025-08-29,0.0017833305582282322
2025-09-04,0.0019306317425143071
2025-09-15,-7.15618790664096e-05
2025-09-15,-3.798663235330731e-05
2025-09-15,-0.0009721095485660614
2025-09-17,-0.00047368297412495925
2025-09-17,-0.005612644307589213
2025-09-18,-0.002172503079047131
2025-09-18,-0.0020480731699698915
2025-09-18,-0.0003134055994159312
2025-09-22,0.001035299283142851
2025-09-23,-0.0004824340732729559
2025-09-23,0.0015583989859334812
2025-09-24,-0.002486320309550852
2025-09-24,-0.0006477935491704201
2025-09-25,-0.006997156205497771
2025-09-26,-0.005473207166598696
2025-09-29,-0.0006642086464493191
2025-09-29,-0.0025412161132891496
2025-10-01,0.0010604109891385793
2025-10-03,-0.0026554275536754077
2025-10-03,0.00028738420075093645
2025-10-07,0.0009541582716039632
2025-10-08,0.006191410750471712
2025-10-09,-0.0006386723424516105
2025-10-09,-0.0004996997038748485
2025-10-09,-0.0009392548180329008
2025-10-10,0.031174796966252267
2025-10-13,-0.002559752535943963
2025-10-14,-0.006301154453460115
2025-10-15,-0.0022608532595209483
2025-10-16,-0.004167694097839661
2025-10-16,-0.003890831046946744
2025-10-17,-0.005871039412860582
2025-10-17,-0.0011491920476532724
2025-10-20,0.0029842113170459785
2025-10-21,0.0005069467888163726
2025-10-22,0.003226866498310407
2025-10-23,0.0016824386391274448
2025-10-23,-0.0010398791459165036
2025-11-05,0.0021480653281012087
2025-11-06,0.0031474817020670422
2025-11-06,0.0009421815772288256
2025-11-06,0.0057621383635888725
2025-11-07,0.0035801967148900906
2025-11-07,-0.00014083063306478456
2025-11-10,0.00020047579100814454
2025-11-13,0.006325760359409479
2025-11-14,-0.0024275749109948595
2025-11-17,-0.005283961823999464
2025-11-18,-0.005207606131355938
2025-11-19,-0.005083542664428656
2025-11-20,0.012837719227429286
2025-11-21,-0.0036423332878869705
2025-11-24,0.010228850303192446
2025-12-05,-0.0036518665799743864
2025-12-11,-0.0074032621258421725
2025-12-11,-0.0013652109689559022
2025-12-12,-0.0007854213989872772
2025-12-12,0.005135863357740874
2025-12-15,-0.003462913192470366
2025-12-17,0.0066187750966921945
2025-12-19,-0.0021599754003978986
2025-12-19,-0.0008860465233962811
2025-12-19,-0.0014675870510874967
2025-12-19,0.00018859598949229843
2025-12-31,0.0009117744406780448
2026-01-02,-0.00452352525802289
2026-01-06,-0.002612744763932565
2026-01-06,0.00031369333352417543
2026-01-07,-0.0015131914866629381
2026-01-07,-0.0021576682154530267
2026-01-08,-0.003748771256644615
2026-01-08,0.0004156317274871724
2026-01-08,-0.0018780096278227887
2026-01-08,-0.0017348884741199366
2026-01-08,-0.0005991926072674658
2026-01-09,-0.0015374785072189512
2026-01-09,0.0026305161977460325
2026-01-13,-0.0021795462437510325
2026-01-14,0.0007562125429616728
2026-01-14,-0.0028122300710075963
2026-01-21,-0.0038039735032306763
2026-01-21,0.0015070588248211802
2026-01-23,-0.0015649537124059287
2026-01-23,-0.004045459441065139
2026-01-26,-0.0009836402808768108
2026-01-29,0.0007034784073650846
2026-01-29,0.0030052768198425475
2026-01-29,-0.0033479788513359563
2026-01-29,0.00030930893107807505
2026-01-29,-0.0016346861705695914
2026-01-29,0.001124259994694362
2026-01-29,-0.0001227147814508533
2026-01-29,-0.005447105903060282
2026-01-30,-0.0023914865254514948
2026-01-30,-0.002926329377020734
2026-02-02,-0.0008478949237238165
2026-02-02,0.0006431042194827896
2026-02-02,-0.00031981926313704774
2026-02-03,0.007170714260733032
2026-02-04,-0.002249820492835156
2026-02-04,0.001643995758536595
2026-02-04,0.0017826335808668514
2026-02-04,0.002460847353904746
2026-02-05,-0.0022487515472746442
2026-02-06,0.005635360847672485
2026-02-09,0.0003008855178503656
2026-02-12,0.00985988734433831
2026-02-17,-0.0018941093897841632
2026-02-18,0.004786889573346517
2026-02-20,-0.005632748904222809
2026-02-20,-0.006772724707402181
2026-02-23,-0.0013806422157178566
2026-02-23,-0.00030144670341012754
2026-02-23,-0.0021123392101109837
2026-02-24,-0.001417938748642248
2026-02-24,-0.0006579179487734377
2026-02-25,-0.0019410443897147445
2026-02-25,-6.501266411749524e-05
2026-02-26,0.005672939176395683
2026-02-26,-0.0005975002586411182
2026-02-26,0.0013541477899674714
2026-02-26,-0.0021843464103301433
2026-03-04,-0.0007088345260914764
2026-03-30,-0.003132646433814593
2026-03-30,-0.0019343621675058465
2026-03-30,0.005960249747209342
2026-03-31,-0.006531616031533164
2026-03-31,0.006013327257367048
2026-04-01,0.00022244944088291812
2026-04-01,-0.0027003322869014555
2026-04-06,-0.002200921086635369
2026-04-07,0.0004123378586648097
2026-04-07,-0.004176530855574548
2026-04-14,7.975125754724148e-05
2026-04-14,0.0063762352199796726
2026-04-15,-0.002052188880241371
2026-04-15,0.004457377970111162
2026-04-20,-0.001845178072691781
2026-04-22,-0.0006659371846290207
2026-04-22,-0.0011610736909064368
2026-04-22,0.0013109412939282994
2026-04-23,-0.0021764063813522836
2026-04-24,0.004092248384344429
2026-04-29,-0.001059075158956183
2026-04-30,-0.004123351942139733
2026-05-01,-0.0021777963947170274
2026-05-01,0.0006279013610986006
2026-05-01,-0.00012738842635327314
2026-05-01,-0.00021334272484983314
2026-05-01,0.0005178537700936314
2026-05-04,-0.0031889176469117406
2026-05-05,0.001692215721330178
2026-05-06,-0.0017997283337325232
2026-05-06,0.006093744058798941
2026-05-07,-0.0007739826234672653
2026-05-08,0.007921160676594338
2026-05-11,-0.002040320507519325
2026-05-12,0.0046510760384737195
2026-05-12,-0.001940986142388449
2026-05-12,-0.00437609907196033
2026-05-13,0.0001833518657161826
2026-05-13,-0.0025465299480284895
2026-05-14,0.0008776079654862123
2026-05-14,0.0008135142843666199
2026-05-14,0.00040871899220397916
2026-05-15,-0.00520498240853671
2026-05-18,-0.0005892847259778378
2026-05-19,-0.0032784131062997077
2026-05-20,0.0009050507253636397
2026-05-20,0.003327426211723569
2026-05-26,-0.00026858708966746354
2026-05-27,-0.001168395279869986
2026-05-28,0.0011692078689671448
2026-05-29,-0.003604046086191007
2026-06-01,-0.00035394038564516057
2026-06-03,-0.005363860597326945
2026-06-05,0.025179425342723123
2026-06-08,-0.0014936041032188407
2026-06-09,0.005878396936962257
2026-06-09,-0.0016202528594926136
2026-06-10,0.0027676245217963715
2026-06-11,-0.008742517495788008
2026-06-11,0.013498401540720259
2026-06-12,-0.0066296991239266165
2026-06-15,0.00046090738901318433
2026-06-15,0.0006670310095857801
2026-06-16,0.01266532081095719
2026-06-24,-0.0030206266447930594
2026-06-24,-0.005083830880497001
2026-06-24,-0.0015309776329494962
2026-06-25,-0.009482554312501426
2026-06-29,0.004576867603133269
2026-06-30,-0.0019618120838412554
2026-06-30,0.007177233243548261
2026-07-02,-0.010646319839778465
2026-07-02,0.009340334226544919
2026-07-06,0.0006709671096381176
2026-07-07,-0.0028617213598986866
2026-07-09,-0.0005723139297590751
2026-07-13,-0.0005871794118956586
2026-07-13,-0.0017153575022283796
2026-07-15,-0.00043396646597802286
2026-07-15,-0.0008207282899585866
2026-07-16,-0.00013215863022406955
2026-07-23,-0.004442544026554954
2026-07-24,-0.0045714039601229915
2026-07-24,0.0015914606677676268
2026-07-27,-0.0025609846394454103
2026-07-27,-0.004993099598283849
2026-07-28,-0.0050845980520821486
2026-07-28,-0.005897782180689573
2026-07-29,0.0028402575541171173
2026-07-29,-0.006113635720822222
2026-07-29,0.0006138553960258941
2026-07-29,0.013269327850725784
2026-07-30,-0.0028938058073353177
2026-07-30,-0.0021433565851757073
2026-07-30,0.00582491250502872
2026-08-03,0.009533384036998679
2026-08-04,0.010274554338463046
2026-08-13,-0.0021501427550807226
2026-08-13,0.0002351549368988704
2026-08-24,0.00032822609433526777
2026-08-24,-0.0025793019759476708
2026-08-24,-0.0012793098765193445
2026-08-27,0.0002671179142199798
2026-08-28,-0.0005373435067320498
2026-08-28,-0.0009819418467371477
2026-08-28,-0.0002946773417331438
2026-09-03,-0.00019541898464557112
2026-09-04,-0.003205679200606085
2026-09-15,0.002543141383177924
2026-09-16,-0.0009665731839000136
2026-09-16,-0.0010737041379309342
2026-09-16,-0.0044182904353371275
2026-09-21,0.01187511427643508
2026-09-22,-0.0001459133848006144
2026-09-22,-7.924580818030215e-07
2026-09-22,-0.0005830051519733848
2026-09-22,0.002854871939305134
2026-09-23,0.000704463353027226
2026-09-23,0.0016909634551119013
2026-09-23,0.0004846721385614228
2026-09-23,-0.00027785382338583515
2026-09-23,0.0002532261921514201
2026-09-23,-0.0006699659557633886
2026-09-28,-0.004398048949287617
2026-09-30,0.0007077197135876478
2026-09-30,-0.0008206841484300431
