date,r
2011-09-07,0.0007824630793323651
2011-09-09,0.006194646290615149
2011-09-14,-0.0015245952521557781
2011-09-19,-0.003859503845614307
2011-09-20,0.0007719273213585365
2011-09-21,0.0003665144297321032
2011-09-21,0.017950653012793062
2011-09-22,-0.008082552957985677
2011-09-22,-0.005626900463138982
2011-09-22,-0.002063832831957677
2011-09-22,-0.008361146666614604
2011-09-23,-0.001825878556175018
2011-09-23,-0.006891236836005918
2011-09-27,-0.0032138974739924974
2011-09-27,-0.0017424831671360086
2011-09-27,-0.0025803228063353756
2011-09-28,0.014151761386065533
2011-10-03,0.016376332843592946
2011-10-04,-0.0030850165761994374
2011-10-05,-0.004264066844027601
2011-10-05,-0.006044688179497568
2011-10-05,0.00903287241576254
2011-10-06,0.0008174526781273639
2011-10-07,0.0010312979538351441
2011-10-10,0.004193179222255019
2011-10-12,-0.0015044836020253948
2011-10-12,-0.0008821643667581624
2011-10-12,-0.0008797708484058675
2011-10-12,-0.0037653472230472418
2011-10-13,-0.001315306154973903
2011-10-13,-0.00384747382402719
2011-10-17,-0.002335691314725128
2011-10-17,0.006590511255563627
2011-10-18,-0.005305004706422609
2011-10-18,0.011135383782972498
2011-10-19,0.0003606726431010032
2011-10-20,-0.0040230899498049566
2011-10-21,-0.0026871850602078395
2011-10-24,0.003975813656118412
2011-10-24,0.002755545461564959
2011-10-25,-0.003294841531749213
2011-10-25,-0.003290907684472397
2011-10-25,-0.0024900606100407762
2011-10-25,0.004011860029285976
2011-10-27,0.00014122921898360952
2011-10-31,0.005323407840736463
2011-11-04,-0.002476781093179079
2011-11-04,-0.001463876100446757
2011-11-07,-0.0012624662313630774
2011-11-08,0.0011254700816246488
2011-11-09,0.0058247685760838075
2011-11-11,-0.0020342050366636477
2011-11-11,0.0009380564752018228
2011-11-14,0.0007459929831383572
2011-11-15,0.00014511683817617583
2011-11-17,0.006690321615878994
2011-11-21,0.0018347652811446591
2011-11-22,-0.0002654235073479483
2011-11-23,-0.00026804811275207065
2011-11-23,0.007432623999181078
2011-11-28,-0.001728698245666369
2011-11-29,-0.0015117329643835808
2011-11-29,-0.0023442422864847967
2011-11-30,0.000958548673701245
2011-11-30,0.0058045788417241196
2011-12-07,-0.0028643942079197493
2011-12-08,0.010372016337430658
2011-12-09,0.007172702903002073
2011-12-12,0.003077060944303247
2011-12-12,-0.0028946163681477155
2011-12-13,-0.0030597058217958417
2011-12-13,0.0004521154321178522
2011-12-14,-0.002941795795739519
2011-12-14,-0.0026391814954906034
2011-12-19,-0.002230755685472283
2011-12-19,-0.001713234812245632
2011-12-19,-0.0006764756444427511
2011-12-19,-0.0013072654888889512
2011-12-20,0.007494671760334006
2011-12-21,-0.002702463170651501
2011-12-21,-0.00015167677911711363
2011-12-22,-0.0002547892644984207
2011-12-28,0.006330007411010954
2012-01-05,-0.0025327241025873337
2012-01-06,-0.0024173655068330446
2012-01-12,-0.0008330477061567953
2012-01-13,-0.0012292056254265193
2012-01-13,-0.002403943960220276
2012-01-18,0.007289669304806881
2012-01-19,-0.0011987131326448774
2012-01-23,-0.0006239678035595752
2012-01-23,-0.002335150325888178
2012-01-23,-0.001584076711536173
2012-01-25,-0.002163501275201838
2012-01-25,0.003554373541943525
2012-01-26,-0.0014737605719396174
2012-01-26,0.000706229568763741
2012-01-30,-0.0025590556533444863
2012-01-31,-0.0013964124539872702
2012-02-01,0.00032424214342517075
2012-02-01,0.0008910796664890275
2012-02-07,-0.0006159099949475588
2012-02-08,0.00013169400449384528
2012-02-09,-0.002289060099372484
2012-02-14,-0.006588734425375573
2012-02-15,-0.0006137085093990335
2012-02-16,0.007003942463078874
2012-02-22,-0.0006078190899648983
2012-02-23,-0.002088783191482555
2012-02-23,-0.0006059849377447945
2012-02-23,0.0016013176106902472
2012-02-27,-0.0011504982449318723
2012-02-29,-0.002415496571811746
2012-02-29,-0.00023678895800584909
2012-03-01,-0.000601152740005959
2012-03-01,0.0006749887914124586
2012-03-01,-0.0015085524714071518
2012-03-02,-0.002061306286934703
2012-03-02,-0.0006025533690285001
2012-03-02,-0.0013348853334215404
2012-03-05,-0.0015245952521557781
2012-03-06,-0.0002397770335810434
2012-03-06,0.0010624797713780576
2012-03-07,0.0008714047913930068
2012-03-08,-0.0011515010721021767
2012-03-09,-0.0016936499390697501
2012-03-13,-0.0009573493836187085
2012-03-13,0.0031804943308471967
2012-03-14,-5.400701686166576e-05
2012-03-19,-0.0005895300443518247
2012-03-19,-5.400701686166576e-05
2012-03-19,-5.400701686166576e-05
2012-03-21,-0.0014874418851648285
2012-03-22,-0.0007761590298604104
2012-03-23,-0.0031275922636525766
2012-03-26,0.0011933201392323256
2012-03-26,0.0038591911332629203
2012-03-28,0.0017282064923167329
2012-03-29,-0.0014951887859123913
2012-03-29,-0.0018554842281749617
2012-04-02,0.004566572332702947
2012-04-03,-0.00023162691028968173
2012-04-03,-0.003975575644312632
2012-04-04,-0.0007720109658834384
2012-04-10,0.012170039689943658
2012-04-12,0.007227988249841479
2012-04-13,0.0012196465493683273
2012-04-13,-0.00041837211068575854
2012-04-13,0.004863130116629513
2012-04-17,0.005023976298336044
2012-04-19,0.00012814234561551397
2012-04-23,0.000682776921248498
2012-04-24,-5.400701686166576e-05
2012-04-25,-0.0016782625664014872
2012-04-26,0.001200923065605244
2012-04-30,-0.0011317867905279643
2012-05-01,-0.0009428959057506047
2012-05-01,-0.0020113023905271787
2012-05-03,-0.0023875198511821493
2012-05-03,0.0033577365636734214
2012-05-04,0.007582356619501998
2012-05-08,0.00013107534478926875
2012-05-08,-0.0006093568872799415
2012-05-08,-0.00023902089290230632
2012-05-09,-0.004531618957160164
2012-05-11,0.0003138429003720433
2012-05-15,-0.0011850154994251993
2012-05-16,-0.0004276990945896375
2012-05-17,-0.0004330102383890622
2012-05-17,0.010202403239548553
2012-05-18,0.0009121765580175434
2012-05-21,0.012470077761558375
2012-05-22,-0.0008098649155766835
2012-05-23,0.0001380421477244842
2012-05-23,-0.006987751238741422
2012-05-24,-0.002346708583541044
2012-05-25,-0.0010000808106175518
2012-05-29,-0.0006171757797676291
2012-05-30,0.00032593219286478845
2012-05-30,-0.002340156759669829
2012-05-30,-0.0038693446742442883
2012-05-30,-0.0008156216398623939
2012-05-31,-0.005040581623689497
2012-06-01,0.0032650089925096793
2012-06-04,-0.0028077442316531065
2012-06-05,-0.0033672013259631517
2012-06-05,0.0013107814409273133
2012-06-06,0.010324620697918264
2012-06-08,-0.0002431859801609515
2012-06-08,0.0027842143644059925
2012-06-11,0.006587359207047208
2012-06-12,0.00183885688622363
2012-06-19,0.0003160892081569355
2012-06-19,-0.0004237611303761413
2012-06-19,-0.00023881573983344006
2012-06-21,-0.00117132545261591
2012-06-21,0.01359595558598057
2012-06-25,0.0031871750613080363
2012-06-25,-0.0033119602556505234
2012-06-27,-0.0004314367205793457
2012-06-27,-0.0006199379732849874
2012-06-28,-0.0027272932494376767
2012-06-28,-0.001966052905962987
2012-07-02,-0.0007941994668986463
2012-07-09,-0.0011700784454330626
2012-07-09,-0.0021047154434089754
2012-07-09,-0.002288227832352294
2012-07-10,0.003675248996563665
2012-07-12,0.0003239219324958431
2012-07-12,-0.0019443661851036497
2012-07-13,0.006277464119078682
2012-07-16,-0.002100137969242597
2012-07-17,-0.0017299846704929211
2012-07-18,0.002332189752595062
2012-07-18,0.001594042790865926
2012-07-20,-0.0006061881322675577
2012-07-23,-5.400701686166576e-05
2012-07-24,0.00535442267355233
2012-07-25,-0.0023151715165789155
2012-07-27,0.007976655512797005
2012-07-30,-0.0029415724382657804
2012-08-02,-0.0011636796634310253
2012-08-03,0.0019326283452477467
2012-08-03,-5.400701686166576e-05
2012-08-07,-0.0002323555098169483
2012-08-16,0.0036740242275906465
2012-08-21,-0.0025131673892488026
2012-08-21,-0.001295582043466934
2012-08-23,-0.0014790159231673683
2012-08-23,0.0035047118443482872
2012-08-24,0.0013677097060812238
2012-08-30,-0.0016640249059493217
2012-08-30,-0.000948141494687158
2012-08-30,-0.0002328019390859448
2012-09-04,-0.0013064672065198546
2012-09-04,0.00012469205390317707
2012-09-04,-0.003092434183975221
2012-09-06,0.008050291785111609
2012-09-11,-0.000402742849468416
2012-09-11,-0.0010994853231868417
2012-09-13,0.008231855230678466
2012-09-14,0.0009683136510544111
2012-09-14,0.0001162057490958568
2012-09-14,-0.002096212598890277
2012-09-14,0.0007986532832747551
2012-09-14,-0.0026098086866520797
2012-09-17,-0.0022830879496463985
2012-09-19,-0.0003953039451892937
2012-09-20,-0.0019485988184461322
2012-09-25,0.004107602138678426
2012-09-26,0.0018663840445908098
2012-09-26,-0.00022892393132724952
2012-09-26,-0.0012782112840880244
2012-09-26,-0.0009287445955880247
2012-09-26,0.00012106301114953811
2012-09-27,0.0036019818410769422
2012-09-28,-0.0011024082050496075
2012-10-01,-0.001952195110045427
2012-10-01,0.0006375559153651645
2012-10-01,-0.002818347030683419
2012-10-03,-0.0023000332780918264
2012-10-04,-0.0026304412319080516
2012-10-04,-0.0005692938598709429
2012-10-09,-5.400701686166576e-05
2012-10-09,0.0028963574399242043
2012-10-10,-0.002320789928805931
2012-10-10,0.002392262422243754
2012-10-12,-0.001625510421785734
2012-10-12,0.0008236478892292643
2012-10-15,-0.001101493050381228
2012-10-15,0.001166994204139551
2012-10-16,0.0030596411408966096
2012-10-17,0.0018389546076434749
2012-10-17,-0.0007404666015535999
2012-10-17,-0.00039729572266324677
2012-10-19,0.011885774952337204
2012-10-22,-0.0009349090605545096
2012-10-22,-0.0023435455867807575
2012-10-23,0.0008329896125511627
2012-10-26,-0.0020158404393692186
2012-11-01,0.0022411907232512207
2012-11-01,0.0002982917324777312
2012-11-01,0.0020590410549819827
2012-11-02,0.003482686175003893
2012-11-06,-0.001287269878031536
2012-11-06,-0.0018077776236662601
2012-11-07,0.00546495328223038
2012-11-07,0.00012501195914980335
2012-11-07,-0.0016654662827523458
2012-11-07,0.005666407713206236
2012-11-08,-0.004176609633818071
2012-11-08,-0.003861113615846532
2012-11-08,0.004834640457337149
2012-11-09,0.0017598874144824994
2012-11-09,-0.004211635361040986
2012-11-13,-0.0025824520231827663
2012-11-14,-0.002253823698804911
2012-11-14,-0.0007872792441760068
2012-11-14,0.008196818065646629
2012-11-16,-0.0006107998899128808
2012-11-16,-0.010866833265929542
2012-11-19,-0.0009611187730299764
2012-11-19,0.002480847229019292
2012-11-20,-0.0036923552067834797
2012-11-28,0.0008347238754241393
2012-12-05,-0.00291268130665969
2012-12-05,-0.0014691847985705197
2012-12-10,-0.0005819901214022738
2012-12-11,-0.0005793090655396215
2012-12-12,-0.0007495382288247509
2012-12-13,0.0004740690260884661
2012-12-17,-0.0014599824122921911
2012-12-17,0.00047397608767894226
2012-12-17,0.00047304849965277505
2012-12-17,-0.000580784892190953
2012-12-17,0.005392233320453779
2012-12-18,0.007433368919060304
2012-12-19,-0.00022719717966048546
2012-12-19,0.00358929624476221
2012-12-20,-0.00179768617989575
2012-12-20,-0.0002274073983425029
2012-12-20,-0.0014407291524137977
2012-12-26,-0.0009359967857803997
2012-12-26,0.0010034480412983516
2012-12-26,0.0015338546627431194
2012-12-27,-0.0012993370293149708
2012-12-27,-0.0023638861924125875
2012-12-31,-0.001124479809011556
2012-12-31,0.010610763690568216
2013-01-02,-0.00125965634514271
2013-01-08,0.000635648155552151
2013-01-08,-0.0014354609971759724
2013-01-09,-0.00039694254498236827
2013-01-11,-0.0007373004914089853
2013-01-14,-0.0005668275296820879
2013-01-17,-0.002420470843771747
2013-01-18,-5.400701686166576e-05
2013-01-22,-0.0012392423707391553
2013-01-22,0.002305676111404067
2013-01-23,-0.0005572782800725906
2013-01-24,-0.0002213710335981145
2013-01-24,-0.0027322795310900294
2013-01-25,-0.0007216751857817205
2013-01-28,-0.0005558470971559681
2013-01-28,-0.0008899876221116964
2013-01-28,-0.000890267261049702
2013-01-29,0.0011120766079924871
2013-01-30,0.0002799385500109408
2013-02-01,-0.00038595722433056647
2013-02-01,-0.0013798273682040984
2013-02-01,0.0011076259071344042
2013-02-04,-0.0003883433592221297
2013-02-05,-5.400701686166576e-05
2013-02-05,0.0019413371800121948
2013-02-07,-0.001722063730789889
2013-02-07,-0.0015527580576609945
2013-02-07,0.00044482903235685487
2013-02-07,-0.000885815368217544
2013-02-08,-0.0010450872943641642
2013-02-08,0.00011133689848228601
2013-02-08,0.0002766261456444785
2013-02-08,-0.00038453089721204094
2013-02-08,0.00011130956439151741
2013-02-12,-0.0005482409542586697
2013-02-15,-0.0015421022549570096
2013-02-19,0.0025706648991489023
2013-02-20,0.008977191669509478
2013-02-21,-0.0027220076838617912
2013-02-21,-0.0005539236974149353
2013-02-21,-0.000554340572565557
2013-02-25,-0.0032059645483811993
2013-02-25,0.015027199479658006
2013-02-27,0.009949327427953271
2013-02-28,-0.0007126600713651876
2013-02-28,-0.0012034323042179529
2013-03-01,-0.0020332252256691974
2013-03-01,-0.00038344203580422455
2013-03-05,0.0017375239277638089
2013-03-12,-0.0024753145229149598
2013-03-14,-0.0010149295024478788
2013-03-15,-0.0010217489523455447
2013-03-19,-0.0036329886339107253
2013-03-22,-0.0005382685180722801
2013-03-22,-0.0024725816701992786
2013-03-25,-0.0024613252643339778
2013-03-25,-0.0018342303539712534
2013-03-25,-0.002482763493545501
2013-03-25,0.00010772676932622406
2013-03-26,-0.0002985561454945862
2013-03-26,0.0007489478570744468
2013-03-28,-0.0016550316726413805
2013-03-28,-0.0003741606906250339
2013-04-01,-0.0024671344299890463
2013-04-01,0.00010658395792560117
2013-04-01,-0.0008579947962473944
2013-04-02,0.00010576291443729292
2013-04-03,0.007796041044657123
2013-04-04,-0.0032699581344046913
2013-04-08,-0.0016721299942078693
2013-04-09,-0.001329313887577419
2013-04-10,0.0064653124297911835
2013-04-11,0.0004184339280203031
2013-04-11,-0.001468434173863129
2013-04-11,-0.0006830367385160163
2013-04-12,-0.0010053309426584422
2013-04-15,0.013026229065448126
2013-04-16,0.00010581398361773298
2013-04-16,0.0017012187690007364
2013-04-17,0.005252312327084321
2013-04-17,-0.001023939121614379
2013-04-17,-5.400701686166576e-05
2013-04-17,0.0013994813552313601
2013-04-18,-0.002811509044436631
2013-04-18,-0.0010278748954527716
2013-04-18,-0.00021671446886286415
2013-04-19,-0.000538659682451279
2013-04-19,-0.0005387379911708989
2013-04-19,-0.0011843154295856561
2013-04-19,0.00043033266670309487
2013-04-22,-0.0018336543231226776
2013-04-23,-0.00037222499617752593
2013-04-23,-0.000689937064556465
2013-04-25,0.00010382126596662156
2013-04-25,-0.0016312940831077127
2013-04-29,0.0005765100070978879
2013-04-29,-0.0005258535094694516
2013-04-30,-0.0008425261778771875
2013-05-01,-0.0019476475407688354
2013-05-01,-0.001792862533775883
2013-05-01,-0.000212460510761312
2013-05-02,0.003253600480381904
2013-05-03,0.0011884219317329437
2013-05-08,-0.0006688241087767976
2013-05-08,0.0002531182902637341
2013-05-10,-0.0012826969262457388
2013-05-13,-0.002209179430654815
2013-05-14,0.0028463135448847177
2013-05-14,0.003142340015101699
2013-05-15,-0.0011117283828332635
2013-05-17,0.0003986182094509538
2013-05-17,0.0014495262864010284
2013-05-21,-0.0036500513680753
2013-05-22,-0.00020352854796214847
2013-05-22,-0.0012460797332973983
2013-05-22,-0.003783680297482237
2013-05-22,0.002359630032467066
2013-05-28,-0.0019983683689406484
2013-05-29,-0.0035601045778371953
2013-05-29,-0.0026434967350642746
2013-05-30,-0.002166895637447228
2013-05-31,-0.0003586992776781961
2013-06-03,-0.002520478421208858
2013-06-04,-0.0030976837783896127
2013-06-04,-0.00020745185344286154
2013-06-05,0.006899021413298991
2013-06-06,-0.0019159154730292926
2013-06-06,-0.0011402888294004465
2013-06-06,-0.0025540070168616124
2013-06-06,0.00303957380293727
2013-06-07,-0.0017300697930310504
2013-06-12,-0.0008265657313239116
2013-06-12,-0.0002083280045158875
2013-06-12,0.0018038657188559149
2013-06-13,0.00025496872854233963
2013-06-13,0.007178987750759183
2013-06-14,-0.003132824750851879
2013-06-17,-0.00020614454919089863
2013-06-18,0.0042019589354106235
2013-06-19,0.0031594589357014447
2013-06-20,0.010076915676405208
2013-06-21,0.00010387110123120325
2013-06-21,-0.007042571184587307
2013-06-24,-0.0008551606781338683
2013-06-24,-0.0003742119480175865
2013-06-24,-0.0022947240463110563
2013-06-28,-0.002560272681022011
2013-07-01,0.0014949396993714026
2013-07-01,0.0005646134594762065
2013-07-01,-0.002990637619643708
2013-07-02,-0.00036370042039215235
2013-07-15,-0.0006498657983305045
2013-07-16,0.0012906814636403996
2013-07-18,-0.0018325752694183994
2013-07-18,-0.0004994413153026822
2013-07-18,0.0009858028464776259
2013-07-18,-0.0003507869545378495
2013-07-18,0.0002428610252936747
2013-07-24,-0.001836538211157499
2013-07-24,0.002023760866783333
2013-07-26,-0.0027457970572385615
2013-07-29,-0.0010973815883327442
2013-07-31,-0.001089356817187046
2013-07-31,-0.007139923757339981
2013-08-01,-0.0016716540756851672
2013-08-01,-0.00020119571276979497
2013-08-01,0.0011226366072006689
2013-08-06,-0.0006444129209207871
2013-08-06,9.350736579059272e-05
2013-08-06,0.0008312098612734764
2013-08-06,9.365984669416295e-05
2013-08-07,-5.400701686166576e-05
2013-08-07,-0.0003510955492444157
2013-08-09,-0.0027266128075075424
2013-08-13,-0.001986805113798915
2013-08-13,-0.001087369874848052
2013-08-14,-0.0004990448450771434
2013-08-14,-0.0015376865420843244
2013-08-14,0.0029089559461012793
2013-08-15,-0.0014088165908493688
2013-08-15,0.0002466544383398017
2013-08-15,-0.0009562626559595144
2013-08-15,0.0031010410600614624
2013-08-16,-0.0021729717512343405
2013-08-19,0.0020723599333206466
2013-08-20,-0.00035689964142628707
2013-08-22,0.00040095203682342316
2013-08-22,-0.0006603432302919798
2013-08-22,0.003586217463647936
2013-08-27,0.002856086412453698
2013-08-28,0.0016318167379275406
2013-08-28,-0.0005130033448910365
2013-08-29,0.0019319385987815818
2013-08-29,-0.0011212428759864923
2013-08-29,0.001166994204139551
2013-08-29,-0.0021881533583250267
2013-08-30,-0.0011277913396105154
2013-08-30,-5.400701686166576e-05
2013-09-04,0.005272427315812103
2013-09-05,-0.0002048820922992056
2013-09-06,-0.0018768841245632361
2013-09-06,-0.004906167744685683
2013-09-09,-0.0023076127860923923
2013-09-09,0.002346593133175736
2013-09-18,0.0029983185645337885
2013-09-20,0.006509586915460421
2013-09-23,0.0011250644643468833
2013-09-23,-0.000644238682790641
2013-09-23,-0.0016764258959177858
2013-09-26,-0.0030047299439788433
2013-10-01,-0.0003510073138619707
2013-10-01,0.0008372585802863619
2013-10-01,-0.0006476549836174272
2013-10-01,0.0029159959531413837
2013-10-03,0.0014356399368102646
2013-10-03,-0.0003523808793112404
2013-10-03,0.0009899900002897444
2013-10-03,0.0005431861751359146
2013-10-03,-0.0008009445728819542
2013-10-03,0.0017373051192780343
2013-10-04,-0.00035215847780380784
2013-10-04,0.0027746367229032143
2013-10-08,0.0074670519482405795
2013-10-09,-0.0027941501132232793
2013-10-10,0.008014123866150503
2013-10-11,-0.0006456354741905179
2013-10-11,0.0021596883786519716
2013-10-16,-0.00063828980973337
2013-10-16,0.00023830517255660989
2013-10-16,0.00038433313509620646
2013-10-16,0.002282782818102549
2013-10-17,-0.0013589221973748988
2013-10-17,0.001395478415809761
2013-10-22,-0.002055436609427772
2013-10-23,-0.0012054174946970675
2013-10-30,-0.0021913680883919517
2013-11-01,-0.001341192371552633
2013-11-05,-0.000909927130984387
2013-11-06,-0.0020333651392991014
2013-11-07,0.009740173252833141
2013-11-08,0.00707052988823951
2013-11-13,0.004890892672315996
2013-11-14,-0.0011736711176314673
2013-11-14,0.0009259733835303785
2013-11-14,0.00064568511859884
2013-11-18,-0.0011732011970519074
2013-11-20,-0.0008977702006613053
2013-11-21,0.00022575239004849702
2013-11-21,-0.0008918788224754537
2013-11-21,0.0013418612131773444
2013-11-22,-0.00019293449671722084
2013-11-22,-5.400701686166576e-05
2013-11-22,-0.00019276100603884182
2013-11-27,-0.00019245364568622802
2013-12-02,-0.001441161962069024
2013-12-03,-0.000333180662869379
2013-12-03,-0.002011501424020421
2013-12-04,-0.0025564399377570246
2013-12-04,-0.0008964670000123553
2013-12-05,-0.0013145112185423335
2013-12-05,-0.0007551709489889346
2013-12-11,0.008710600662604075
2013-12-12,-0.00033545931069780323
2013-12-16,-0.0011703899362030179
2013-12-16,-0.0011716376399407901
2013-12-16,0.00036557340271867964
2013-12-16,-5.400701686166576e-05
2013-12-16,-0.001032617390131627
2013-12-16,-0.00047352876207209295
2013-12-17,0.0014874728037661345
2013-12-17,-0.00019435789405455094
2013-12-17,0.00036698652790399187
2013-12-17,-0.0020194710067535015
2013-12-17,-0.0007553676565025457
2013-12-18,-0.0017439098474488967
2013-12-18,0.010688180483138333
2013-12-20,-0.0004671732474084345
2013-12-26,0.00062709909947132
2013-12-26,-0.0004622258221413023
2013-12-31,-0.0003254142634351509
2014-01-02,0.0032202085356621635
2014-01-06,-0.0022524131723987905
2014-01-07,-0.00019050715336179413
2014-01-07,-0.00019045127938046357
2014-01-09,-0.00032764226108108254
2014-01-10,-0.0011480989205815617
2014-01-13,0.006793432040930727
2014-01-14,0.0043295546269740215
2014-01-15,-0.000596747858109945
2014-01-15,-0.000596747858109945
2014-01-15,-0.0005966006142571678
2014-01-17,-0.00032700728986192253
2014-01-23,0.00022019095407330936
2014-01-23,-0.00032828019294508295
2014-01-24,0.013491259050864658
2014-01-27,-0.0007571430033614024
2014-01-27,-0.003718559518623452
2014-01-28,-0.001034673870321987
2014-01-28,0.0010670692163222495
2014-01-30,-0.0007519411318811708
2014-01-30,-0.001727880639403121
2014-02-03,0.019080425360314825
2014-02-05,-0.0012062466827122064
2014-02-06,0.0017933711272338582
2014-02-06,0.0036339362455496205
2014-02-07,0.0016231418300985756
2014-02-11,-0.00019268403807928047
2014-02-11,0.0032636595576474936
2014-02-12,-0.002659959561094236
2014-02-14,-0.0005982247039364652
2014-02-19,-0.001003288275337375
2014-02-20,-0.00019011699372297518
2014-02-24,-0.0008652563408205948
2014-02-25,-0.0010054818027799483
2014-02-27,-0.0016743148753547632
2014-02-28,0.001963749238182635
2014-02-28,-0.003812900828111496
2014-03-04,0.0006152474336803349
2014-03-04,-0.0016572134296872964
2014-03-04,0.00021319405194262454
2014-03-10,-0.003267718854033672
2014-03-11,-0.00246300059287887
2014-03-11,0.001283427783191884
2014-03-13,0.008004010710777366
2014-03-17,-0.0001885241005312932
2014-03-17,-0.001533894007309653
2014-03-17,-0.00018859651888049943
2014-03-17,-5.400701686166576e-05
2014-03-18,-5.400701686166576e-05
2014-03-18,0.0024905222452248155
2014-03-19,-0.001668863698331211
2014-03-20,-0.0005899845058071817
2014-03-20,-0.0015236128952851513
2014-03-21,0.0037008541873759593
2014-03-24,0.0007563657546132219
2014-03-24,-0.0005946936889352971
2014-03-28,-0.00018877790634954427
2014-03-28,-0.0001887960719904247
2014-03-28,-0.0011324648221999944
2014-03-31,-0.00032206759855315294
2014-04-01,0.0006129264231809839
2014-04-04,0.006493293891743337
2014-04-07,0.0014338869368783836
2014-04-08,-0.00524242864438764
2014-04-08,-0.0011381647618135182
2014-04-08,-0.0030301974930521313
2014-04-09,0.0018254398887632495
2014-04-10,-0.0004566915806200256
2014-04-10,0.015846814974783664
2014-04-15,-0.006457276771630014
2014-04-15,8.363923227803439e-05
2014-04-22,0.0018164004647683663
2014-04-25,0.0006171339227356376
2014-04-25,-0.002211213434550794
2014-04-28,-0.0013914418169152154
2014-04-28,-0.0037070986147510676
2014-05-02,-0.0037709856442345235
2014-05-06,0.0026233691544904425
2014-05-08,7.89717065426765e-05
2014-05-08,-0.0009847343137636888
2014-05-09,-0.0012604413332154762
2014-05-09,-0.0008586201320554187
2014-05-09,-0.0011259619947526977
2014-05-12,-0.00018643980722057084
2014-05-12,0.0023300989434032826
2014-05-14,0.0007412216113690051
2014-05-15,0.003015114947376365
2014-05-15,0.001016800104005713
2014-05-15,-0.0012599563669889657
2014-05-16,-0.002202234728999073
2014-05-19,-0.000984486878618982
2014-05-19,0.0002118090384280813
2014-05-20,-5.400701686166576e-05
2014-05-20,0.0012816414404643673
2014-05-21,-0.000851561184082159
2014-05-21,0.0019390836023250669
2014-05-22,-0.00031827762996951894
2014-05-22,-0.00045030820576521304
2014-05-23,-0.00018572461433265851
2014-06-04,-0.00031354503918192613
2014-06-05,0.0012374820700554534
2014-06-06,-0.00018247567051012713
2014-06-09,7.411598121640717e-05
2014-06-12,0.00033279030134356844
2014-06-12,-0.0008289004690119816
2014-06-12,0.002789104898361907
2014-06-16,-0.0018613914733553094
2014-06-17,-0.001987245836297189
2014-06-17,-0.00095537194088948
2014-06-17,-0.0001827237114169411
2014-06-18,-0.0009566504726966829
2014-06-18,0.004309442675130095
2014-06-23,-0.0010792537168488247
2014-06-24,-0.000947890301244223
2014-06-24,-5.400701686166576e-05
2014-06-25,-0.0006968457928966587
2014-06-25,0.0011007273942237128
2014-06-26,-0.0016011962896826026
2014-06-26,7.472624781388549e-05
2014-06-26,-0.00031150669498716035
2014-06-26,-0.0009550238787487042
2014-06-26,0.0007175979214098871
2014-06-26,-0.0024993094621640543
2014-06-26,-0.00018239320250814427
2014-07-01,0.0028800406933054768
2014-07-08,0.0017298869688672025
2014-07-08,-0.0006922505706018689
2014-07-08,0.00032869485837747845
2014-07-08,0.0005840736365328803
2014-07-15,-0.0006899775078309722
2014-07-15,-0.0037525148602489877
2014-07-17,0.00491604523240561
2014-07-18,0.0038915192654343867
2014-07-21,-0.001839721302575945
2014-07-25,-0.0006883637791047703
2014-07-25,-0.0015770429351253034
2014-07-28,-0.0017066894475760352
2014-07-28,-0.000943573670820228
2014-07-30,-0.0013306570870773781
2014-07-30,-0.0010749360622929393
2014-07-31,0.011499266410609478
2014-08-01,-0.000961095263589693
2014-08-01,-0.005677127194709273
2014-08-04,0.002928744895990134
2014-08-05,-0.001483320946175668
2014-08-05,-0.0007076017881034935
2014-08-06,-0.0005751796552980947
2014-08-06,-0.0017447340294770774
2014-08-06,-0.0008359697433050406
2014-08-07,-0.0018888694021827112
2014-08-07,0.001911401788169822
2014-08-08,0.0024173769581644433
2014-08-11,-0.000569537368711146
2014-08-13,-0.0008257111969260022
2014-08-13,7.469311183836647e-05
2014-08-15,-0.0005681458343424128
2014-08-15,-0.000568211927518456
2014-08-15,-0.0035275693480080394
2014-08-18,-0.00018120111505550484
2014-08-29,-0.0020610316029129527
2014-09-02,-0.002060528210741672
2014-09-04,-0.0010503951100239361
2014-09-04,-0.001056890306318745
2014-09-05,-0.00017952477762474882
2014-09-05,0.0020696656876980435
2014-09-08,-0.002183265533895715
2014-09-09,-0.0015604092262514668
2014-09-09,0.0003220270768961941
2014-09-09,-0.0008063581140404152
2014-09-09,-0.0028140120350525133
2014-09-09,0.002080062779773997
2014-09-10,-0.0008100554039584184
2014-09-10,-0.0011823921723280928
2014-09-10,0.0001966823789768335
2014-09-12,-0.0010595374341567853
2014-09-12,-0.0005562671876301528
2014-09-12,0.002207583635230306
2014-09-15,-0.0022007427158136283
2014-09-15,-0.0006852404469840567
2014-09-15,-0.0008110092878685004
2014-09-15,-0.002705522168376848
2014-09-16,-0.0008087239979937188
2014-09-16,0.004342425592107049
2014-09-19,-0.00030360142594689556
2014-09-22,0.0040818496067753585
2014-09-24,0.0034737742606990385
2014-09-25,0.00855140933342944
2014-09-26,-0.00030717157382367024
2014-10-01,-0.000822252855530079
2014-10-01,0.008134324610569267
2014-10-02,-0.0019990277637497366
2014-10-03,-0.0001815417700819144
2014-10-03,-0.00018141178179988725
2014-10-07,0.003437071338452482
2014-10-08,-0.004220673683528318
2014-10-08,0.005071569610508899
2014-10-09,0.015572994392130314
2014-10-10,-0.008234762762868629
2014-10-10,-0.003065266508875195
2014-10-10,-0.0012300164249369394
2014-10-13,-0.0038971026966919875
2014-10-14,-0.0021706891176686205
2014-10-15,-0.0026404486177328467
2014-10-17,-0.0015121194240727198
2014-10-17,-0.00124605999699414
2014-10-20,-0.0007166975403871878
2014-10-20,-5.400701686166576e-05
2014-10-20,-0.0005831075459621559
2014-10-20,0.0028533538923492885
2014-10-21,0.007760528018303827
2014-10-23,-0.0005671564716403154
2014-10-23,-0.0036336541659284438
2014-10-30,-0.00344724567464729
2014-11-04,-0.0013057281333969306
2014-11-04,-0.0028067597696143287
2014-11-10,-0.00029994897455966953
2014-11-13,-0.002014070718932024
2014-11-18,-0.0007869657268543473
2014-11-18,0.002513230146952463
2014-11-19,-0.0001763611096060802
2014-11-19,-0.0002986852649654792
2014-11-20,-0.000785179329803396
2014-12-01,-0.0028568342164717797
2014-12-01,-0.0033478950246693872
2014-12-01,-0.0022472566817818484
2014-12-02,0.003712242527543632
2014-12-03,-0.0007769856889908921
2014-12-04,-0.0022347678600892684
2014-12-05,-0.0005353547906281819
2014-12-08,0.0006734420617028137
2014-12-10,-0.0004202179543616658
2014-12-10,-0.001766964315283246
2014-12-10,0.010206161543050409
2014-12-11,0.0019007883404994286
2014-12-11,-0.0015172432075700936
2014-12-11,-0.002374192631710812
2014-12-11,-0.0029915835162496384
2014-12-11,-0.004333258759128398
2014-12-12,-0.0034067947978128265
2014-12-15,-0.005836533729621027
2014-12-15,-0.0029391048593102797
2014-12-15,0.002329633680666834
2014-12-16,-0.0016845099643092642
2014-12-16,-0.0023090809331734108
2014-12-17,-0.003576462671661027
2014-12-17,0.011252525646454938
2014-12-19,-0.003188425341153398
2014-12-31,6.714636331759617e-05
2015-01-02,-0.0027484344510319203
2015-01-05,0.006604439345653781
2015-01-06,-0.0062375341007102824
2015-01-06,0.00019571204918898078
2015-01-06,-0.0036758379148259723
2015-01-07,-0.0019143567626138868
2015-01-08,0.005326281562253101
2015-01-09,0.0023888902593078654
2015-01-09,0.0019050966931910352
2015-01-12,-0.003767337874641139
2015-01-12,0.000685911592091395
2015-01-12,0.00019281514776867904
2015-01-12,0.0014272915882488158
2015-01-13,-0.002004988604472977
2015-01-13,-0.0006648805660369938
2015-01-13,-0.0034122159720856504
2015-01-15,-0.004815911778766411
2015-01-15,0.0008241763980172201
2015-01-16,-0.0020560090188636226
2015-01-16,0.0010726830181909475
2015-01-16,0.004064300733044626
2015-01-20,-0.0014284915851484814
2015-01-21,-0.0016547950971472969
2015-01-21,-0.0019028915232094578
2015-01-22,0.0009191106087312684
2015-01-28,0.005673797739706645
2015-02-02,-0.0028321355684465454
2015-02-03,-0.005340458947031299
2015-02-03,-5.400701686166576e-05
2015-02-03,0.0026450483137726378
2015-02-05,0.0007991313134246636
2015-02-05,-0.001271588899243301
2015-02-05,-5.400701686166576e-05
2015-02-05,0.0003106902843782255
2015-02-10,-0.0002962844244933849
2015-02-11,-0.0013912304547415632
2015-02-12,0.0019895078286725565
2015-02-13,-0.0012498931685000136
2015-02-20,-0.0011340502185898304
2015-02-20,0.0023238315279011457
2015-02-24,6.444832547423341e-05
2015-02-26,-0.001598683822945277
2015-02-26,6.477193550800343e-05
2015-03-02,-0.0001726309789019864
2015-03-02,0.0006578211952631219
2015-03-02,6.454662866293371e-05
2015-03-02,0.002790943196509501
2015-03-03,6.484251962511013e-05
2015-03-03,-0.001836961967533266
2015-03-04,6.556729857541078e-05
2015-03-04,-0.001967424859483111
2015-03-04,-5.400701686166576e-05
2015-03-04,-0.001605689996092916
2015-03-04,-0.0016060605030125052
2015-03-06,0.005592316865886995
2015-03-09,0.00018698587384800237
2015-03-09,0.00042745663263286325
2015-03-10,-0.0004185713624686094
2015-03-10,0.0029944017137809387
2015-03-12,0.004322360598017918
2015-03-13,0.0018941239949489064
2015-03-13,-0.0017619489468360316
2015-03-16,0.00465386357705442
2015-03-18,0.003292073289065647
2015-03-19,-0.002690632136708302
2015-03-20,-0.00041042854472197245
2015-03-20,-0.0025468845097391868
2015-03-23,-0.00017280007934685537
2015-03-25,0.007800977877398176
2015-03-27,-0.0012714406667277056
2015-03-30,-0.0013794679157651734
2015-03-30,0.0028417458788912798
2015-04-01,-0.0016449995514350646
2015-04-01,-0.002742179059872416
2015-04-01,0.0009208894003940116
2015-04-01,-0.00017598798783015956
2015-04-01,0.00055582345026848
2015-04-01,-0.00042012856921704646
2015-04-01,-0.0006639862775667171
2015-04-01,-0.0007867866944385659
2015-04-02,-0.0019929309140987094
2015-04-02,-5.400701686166576e-05
2015-04-02,-0.0009039341659631472
2015-04-06,0.0017578060040345034
2015-04-07,6.625756521892124e-05
2015-04-07,-0.0010148525609404912
2015-04-08,-0.0013765992977321706
2015-04-08,-0.0028230896077598077
2015-04-09,-0.0010125500314793956
2015-04-10,-0.00041225874841168466
2015-04-15,-0.0016005214113418353
2015-04-17,0.0005484752099126156
2015-04-20,6.54387547579316e-05
2015-04-20,-0.0007700829209075421
2015-04-23,-0.002775900507985949
2015-04-27,0.00018374857039458404
2015-04-28,-0.002441496571594779
2015-04-29,-0.0018463358494581672
2015-04-30,-0.0034081038065118174
2015-04-30,0.0015071794848796416
2015-05-01,-0.0019635427609838918
2015-05-01,-0.0006496705860778084
2015-05-04,-0.0013550123391561563
2015-05-04,0.00018290366781013257
2015-05-05,-0.0004109798869235326
2015-05-05,0.007805007034102898
2015-05-06,-0.0023404089422528673
2015-05-06,-0.0007757681139385552
2015-05-06,0.0004278045947981668
2015-05-07,6.59689879372949e-05
2015-05-07,-0.0005333359563464346
2015-05-08,0.0008945346004017663
2015-05-12,-0.0037723709367368996
2015-05-14,-5.400701686166576e-05
2015-05-21,0.0010039452577358188
2015-05-26,0.0038568723384357706
2015-05-27,-0.0010006405513546457
2015-05-27,0.0033755104855034213
2015-05-28,-0.0006455829752146846
2015-05-28,-0.0013554741252383073
2015-05-29,-0.00029086158815485376
2015-05-29,0.00018279146762798738
2015-05-29,-0.0017119890159142037
2015-05-29,0.0033787581346534723
2015-06-03,-0.0012338088101603506
2015-06-04,0.0013755855492569658
2015-06-08,-0.0005338534659978999
2015-06-08,0.001986809309668971
2015-06-09,-0.003189559356466052
2015-06-10,0.0048438546484113965
2015-06-11,-0.0005272677835440808
2015-06-12,-0.003282127533360899
2015-06-12,-0.000651021942234784
2015-06-12,-0.0018478362443191875
2015-06-15,-0.0015004872482985631
2015-06-16,0.003296477606807049
2015-06-18,0.004088004817457949
2015-06-19,0.0007787315032430154
2015-06-22,-0.001468600910531379
2015-06-24,0.0012538041827578695
2015-06-29,0.010570162969858111
2015-07-07,0.002259398559663375
2015-07-07,0.00043415505294550847
2015-07-07,-0.005060112022966654
2015-07-07,0.00018713115531108438
2015-07-08,-0.0013931840317144206
2015-07-08,-0.0009080821754755752
2015-07-08,0.005918689228872156
2015-07-14,0.0020926835019218016
2015-07-14,0.00030300833479844023
2015-07-21,-0.0005275479189571696
2015-07-21,-0.0007648232708600466
2015-07-23,0.0014945337812324122
2015-07-24,0.007484583386393109
2015-07-28,0.003070617427315716
2015-07-29,0.002929642583329264
2015-07-30,-0.00268684569565538
2015-07-30,-0.002444921541667442
2015-08-03,-0.0011296613732617788
2015-08-03,-0.0011285055841968794
2015-08-03,0.0005434359273371681
2015-08-04,-0.00339529579967792
2015-08-05,-0.0020751697799100887
2015-08-06,0.004019312738739103
2015-08-07,0.0007920166718016009
2015-08-10,0.0031717994347511902
2015-08-11,-0.0004151917026310659
2015-08-11,-0.0005361670940072982
2015-08-12,0.0010388891580017457
2015-08-12,-0.0012696646876616735
2015-08-17,0.0004232629986496783
2015-08-19,-0.001981253463500996
2015-08-19,-0.0013813872509632818
2015-08-19,0.00018701491613424493
2015-08-19,-0.001379947229012044
2015-08-20,-0.0026159199118233256
2015-08-20,-5.400701686166576e-05
2015-08-20,0.005329573063892015
2015-08-27,-0.0061130830077730436
2015-09-01,0.0006003575951001117
2015-09-03,-0.0006893310321094614
2015-09-08,0.0027496122006736923
2015-09-09,0.0071116999569067274
2015-09-10,-0.005542901579026613
2015-09-14,-0.0006947862043537234
2015-09-15,-0.0005618145578035949
2015-09-15,0.0033715194992510545
2015-09-16,-0.0015604092262515778
2015-09-16,-0.0024397428280118682
2015-09-16,0.0009497570985711268
2015-09-17,-0.009236287696846722
2015-09-21,-0.004377506508214688
2015-09-22,-0.0012246625839792613
2015-09-22,-0.0020078952544545703
2015-09-24,-0.0004475528649529248
2015-09-24,0.00020846017473939105
2015-09-28,0.014949941390613987
2015-09-29,-0.0034963478085999955
2015-09-30,-0.0017600437622684794
2015-10-01,-0.004258447957605236
2015-10-01,-0.00044832878342328854
2015-10-01,-0.002955616090984623
2015-10-02,-0.0017436352986396541
2015-10-02,0.0031755498879309863
2015-10-05,-0.0003084599430702917
2015-10-05,0.005411863073388681
2015-10-06,-0.0005626540158444526
2015-10-07,-0.003576462671661027
2015-10-08,0.0019449934828884375
2015-10-14,-0.0044279135402307745
2015-10-15,0.00580707291829228
2015-10-21,-0.0022891988708290322
2015-10-22,0.003144024963458094
2015-10-22,0.0032564392803427844
2015-10-23,-0.0035551539443034108
2015-10-26,-0.0006604351551272791
2015-10-28,-0.0002958742317607155
2015-10-28,-0.004876189054233613
2015-10-28,0.0038009502172065912
2015-11-02,0.006546256993698798
2015-11-03,0.00030237217059379205
2015-11-04,-0.0013666561815394362
2015-11-04,-0.0005309355968067453
2015-11-05,-0.0025674720078848945
2015-11-06,-0.001253335392971031
2015-11-06,-0.0011343095015573712
2015-11-06,-0.0020950683687647386
2015-11-09,0.002591813788911026
2015-11-12,-0.0017609077727748423
2015-11-12,0.003120208585628872
2015-11-13,-0.0032642798900558634
2015-11-13,0.005612413283704967
2015-11-16,-0.0014128705128467955
2015-11-16,0.011672940273596312
2015-11-17,-0.0013887964841593691
2015-11-18,-0.000661540431199501
2015-11-18,0.009531045154941388
2015-11-20,-0.0005318471793273249
2015-11-23,-0.0005319613722206884
2015-12-01,-0.003514214629318466
2015-12-01,-0.0007709385499003107
2015-12-01,-0.0016064311869118586
2015-12-02,-0.00017336724603324915
2015-12-02,-0.0004122587484117957
2015-12-02,0.005926138898698621
2015-12-03,-0.0005362833612069439
2015-12-03,0.010332466413090026
2015-12-04,0.01119962318642962
2015-12-07,0.0029522459893913467
2015-12-07,0.0007902819711976617
2015-12-08,-0.0063892896679337485
2015-12-09,-0.0021066513056807934
2015-12-09,-0.0006651792451956217
2015-12-10,-0.0027278038083055267
2015-12-10,-0.0011477000536827186
2015-12-11,-0.0009227089280058531
2015-12-11,-0.001419110020088341
2015-12-11,-5.400701686166576e-05
2015-12-14,-0.0023023207815381563
2015-12-14,-0.00781370664139227
2015-12-15,-0.001396452708831395
2015-12-15,-0.0032204910017599375
2015-12-15,-0.00029776082551493445
2015-12-16,6.664935379472548e-05
2015-12-17,0.0023690605867244608
2015-12-17,0.008082985939174316
2015-12-18,0.0010652567563008497
2015-12-18,0.00394099922533562
2015-12-29,-0.0005378584744642123
2015-12-29,-0.0006573616687260064
2015-12-31,0.00019097093512263853
2016-01-04,7.144775669241322e-05
2016-01-04,-0.007340439177665601
2016-01-07,0.002137844452968143
2016-01-08,-0.00018370870298358487
2016-01-08,0.0052741281358349235
2016-01-11,-0.003737732842410988
2016-01-11,-0.005174805336189434
2016-01-13,0.019096592253591706
2016-01-14,-0.012462279198315905
2016-01-14,0.0008685022082305172
2016-01-14,0.0046728837394408385
2016-01-20,0.00021839832228296664
2016-01-21,-0.010620249227644728
2016-01-21,-0.0011263930758428553
2016-01-21,-0.005117298156102199
2016-01-25,0.0020801799912749464
2016-01-26,0.00047537360780745217
2016-01-26,-0.003742585596758905
2016-01-27,-0.0025792595421142627
2016-01-27,-0.0023255195769899184
2016-01-29,-0.0007098307314471674
2016-01-29,0.012405009376580935
2016-02-02,0.0006019887847652306
2016-02-02,-0.00031789407320150566
2016-02-03,-0.008074325156147831
2016-02-03,-0.0008496574610997931
2016-02-03,-0.013261050773531922
2016-02-04,-0.007863456450676563
2016-02-05,0.011291639421133072
2016-02-08,0.00021780597579943662
2016-02-08,-0.00019011699372297518
2016-02-12,-0.00018839755576773642
2016-02-17,0.000206511414817403
2016-02-17,-0.00096333411480922
2016-02-23,-0.0008341396394075029
2016-02-23,0.0008576887372409936
2016-02-24,0.0004747438093115419
2016-02-29,-0.001077941485055709
2016-03-01,0.011597721536275342
2016-03-04,-0.0021937175266161435
2016-03-04,-0.0009284604834451015
2016-03-04,-0.0018016040709123637
2016-03-08,-0.001948185574760417
2016-03-10,-0.0030510100138646723
2016-03-10,-0.0025811740626032953
2016-03-11,-0.0007978701460458404
2016-03-11,-0.0009217397551783057
2016-03-11,0.0006886591546942733
2016-03-16,-0.0016585491052349055
2016-03-16,-0.00042373834542954516
2016-03-17,0.0008067898350812919
2016-03-17,0.0027715458086910805
2016-03-23,-5.400701686166576e-05
2016-03-29,0.005349406958331839
2016-04-01,0.0004319606662873476
2016-04-01,0.001522706142628929
2016-04-04,-0.0007827814611710759
2016-04-06,0.0060524902962796135
2016-04-07,-0.0006666770327911275
2016-04-07,-0.000666977471685779
2016-04-07,-0.0009148038688046234
2016-04-08,-0.00017586906901858378
2016-04-11,-0.0033434807010721745
2016-04-12,-0.0031169817779496322
2016-04-12,0.0044675620898229984
2016-04-13,-0.0013833121528133074
2016-04-14,-0.0015013595678205127
2016-04-18,0.003429894953344983
2016-04-21,-0.0007714529094839028
2016-04-21,0.0011435977735575276
2016-04-22,-0.0004151917026310659
2016-04-25,-0.0016219722804004166
2016-04-26,-0.0036416654717767094
2016-04-28,-0.0019896469878270184
2016-04-29,0.000432315171588129
2016-04-29,-0.002000242268047756
2016-05-02,-0.00017467794723448948
2016-05-02,0.0012727328215172773
2016-05-03,-0.0005404474887088706
2016-05-09,-0.002727478884646326
2016-05-10,0.0053860316678578735
2016-05-11,0.004175600233893608
2016-05-12,-0.0015152831980599557
2016-05-12,-0.0015140386508804204
2016-05-13,0.0036054221121941477
2016-05-16,0.006043553958748096
2016-05-17,-0.0020004790363262947
2016-05-17,-0.0005413364515595353
2016-05-17,0.001899594936740281
2016-05-18,-0.0028582011158619003
2016-05-18,-0.009309883280410512
2016-05-19,-0.0021522543631959023
2016-05-20,-0.0009071453471481061
2016-05-20,6.797395410682806e-05
2016-05-24,0.004306458099417301
2016-05-25,6.581085996546721e-05
2016-05-25,-0.00041272996317278434
2016-05-25,-0.00256356724630715
2016-05-31,-0.0020904229248636308
2016-06-02,-0.001011861422991831
2016-06-03,-0.0006521646912246637
2016-06-03,0.000902473136175177
2016-06-03,-0.00328521812265383
2016-06-06,-0.00017268729219990008
2016-06-06,-0.00029119866771556204
2016-06-06,-0.0010010888210524515
2016-06-07,0.00018223205708110202
2016-06-07,-0.0008805508827254482
2016-06-08,-0.002178151458683739
2016-06-10,-0.0013683814940991445
2016-06-14,-0.004047713902980552
2016-06-14,-0.0017466681219274948
2016-06-14,-0.004412360527757639
2016-06-16,-0.0010280725227668408
2016-06-16,-0.0034599187064371572
2016-06-16,-0.004429842679922211
2016-06-16,0.00030696037575048905
2016-06-17,-0.0013899312335242863
2016-06-17,-0.0010257062759410273
2016-06-20,-0.000771968007647803
2016-06-22,-0.0018523525389813255
2016-06-23,-0.0008879360137642655
2016-06-24,-0.0010414175327836594
2016-06-27,0.003571899459757535
2016-06-27,-0.0020617871649354557
2016-06-27,0.0006974018748102462
2016-06-27,0.001951256800659309
2016-06-28,-0.0020376420280196128
2016-06-28,-0.0016679114240622161
2016-06-28,0.001923498853858876
2016-06-29,0.005555749080699315
2016-06-30,0.007293620060950892
2016-07-01,-0.0014829186624915258
2016-07-05,-0.0012576661405977662
2016-07-05,-5.400701686166576e-05
2016-07-06,-0.00029364277051615375
2016-07-06,-0.0019665100051476014
2016-07-07,-0.0004109374154339851
2016-07-07,-0.0013731100268149698
2016-07-08,0.0033738889642257264
2016-07-11,-0.0008734872322678977
2016-07-20,-0.0009759846589038257
2016-07-21,-0.0009814357207801527
2016-07-22,-0.0004001874922828974
2016-07-22,-5.400701686166576e-05
2016-07-25,0.0008712763511697719
2016-07-26,-0.005247912834036159
2016-07-26,-0.0015623026428043451
2016-07-27,-0.000633515593588505
2016-07-28,-0.00109833284652052
2016-07-29,-0.0007453309021018461
2016-07-29,-0.0008604586297649352
2016-08-01,-0.0016736275629051422
2016-08-02,0.004231872746835765
2016-08-02,-0.0002866733733065874
2016-08-02,-0.0008681498407742327
2016-08-05,0.001325620483713188
2016-08-09,-0.0001685939310360962
2016-08-09,-0.0002831545878974251
2016-08-10,-0.0008600871642591356
2016-08-10,-0.001437132881315326
2016-08-15,0.0004028747649772257
2016-08-15,-0.0003964336804844959
2016-08-15,-0.00039639459960529646
2016-08-16,-0.00016872538327219243
2016-08-17,-0.0001692807920778061
2016-08-17,-0.0021286958135421563
2016-08-18,-0.0002829447457993939
2016-08-19,-0.0025839058209095244
2016-08-24,0.0012094894223756225
2016-08-26,-0.0066894034245953615
2016-08-26,-0.0016711954193106204
2016-08-29,0.0014397307747043642
2016-08-29,-5.400701686166576e-05
2016-08-30,0.00029082056934524257
2016-08-30,-0.0006889276517824316
2016-08-31,-0.0008621344701057665
2016-08-31,-0.000631374222404355
2016-08-31,-0.0014388887248825344
2016-09-01,-0.0026000086370444797
2016-09-01,-0.002249016259005774
2016-09-02,-0.0010849348519132085
2016-09-08,-0.00039839916472063976
2016-09-09,0.014883464034551076
2016-09-12,0.010483400780820197
2016-09-13,0.0008220763750333782
2016-09-13,0.0018825689480268326
2016-09-13,0.0011205290413953484
2016-09-14,-0.00286069629296972
2016-09-14,-0.0011084885634346153
2016-09-15,0.0063915572629929885
2016-09-19,-0.0008696677020165943
2016-09-21,0.0019220478477205228
2016-09-26,-0.0015709265034428354
2016-09-26,-5.400701686166576e-05
2016-09-27,-0.00215313238129313
2016-09-27,0.003208635723758271
2016-09-29,-0.0020342050366636477
2016-09-29,0.002040965050177459
2016-09-30,-0.000631908080199659
2016-09-30,-0.0027092829346635683
2016-10-03,6.220448807734647e-05
2016-10-04,-0.0009881499407290639
2016-10-06,-0.0005199359626974131
2016-10-06,-0.000869097841267894
2016-10-07,0.0011097309093573782
2016-10-07,-0.001335610185916678
2016-10-10,-0.0002852208896940911
2016-10-10,-5.400701686166576e-05
2016-10-11,0.006705111966939772
2016-10-13,-0.0021862031789085168
2016-10-17,-0.002645596132187309
2016-10-19,-0.000754777864794407
2016-10-20,-0.0012284051378247595
2016-10-25,-0.0011073778033784598
2016-10-27,6.3405217493131e-05
2016-10-28,-0.005559453895156128
2016-10-28,-0.005138552363911495
2016-11-01,-0.0002903019128918305
2016-11-01,0.004202821645784651
2016-11-02,-0.0005316189571601604
2016-11-02,-0.0017250502252647215
2016-11-03,0.00018591620770645135
2016-11-04,-0.0022055728786833017
2016-11-07,0.006335769340965893
2016-11-08,0.0017049048030258552
2016-11-09,-0.00414422555139484
2016-11-09,0.005887971312393916
2016-11-10,-0.0004019944893126826
2016-11-15,0.0008653218730486434
2016-11-17,-0.001200533043002514
2016-11-21,-0.002108332513323672
2016-12-01,0.00017425137163416205
2016-12-02,-0.0007376897880557931
2016-12-05,-0.0006207076855684534
2016-12-06,-0.001530776300060619
2016-12-07,0.0099809461909409
2016-12-08,-0.0007217123362474242
2016-12-09,0.00016804250018074508
2016-12-09,0.00016732985786158895
2016-12-12,-0.002595724333692282
2016-12-12,-0.00038678571902463823
2016-12-13,-0.0010449781685904136
2016-12-13,5.621011087995287e-05
2016-12-13,0.0003865216174995045
2016-12-13,-0.0003840037168946409
2016-12-14,0.00193912774119396
2016-12-15,0.000277009202933034
2016-12-15,-0.003363073860011909
2016-12-15,-0.00016449204614023882
2016-12-16,-0.0026070095698641693
2016-12-16,0.0007219601708115886
2016-12-19,-0.0012700140918119529
2016-12-22,0.0003894519631827209
2016-12-27,-0.0006051534013413939
2016-12-27,-0.0006054573311883504
2016-12-28,-0.0006080236373603642
2016-12-28,0.006036801399528093
2016-12-30,-0.0006124166661804131
2016-12-30,-0.00027724621766535897
2016-12-30,0.0009509058906863399
2017-01-03,-0.0038221550829150774
2017-01-04,0.0003880307773696878
2017-01-04,0.0006088299252505558
2017-01-05,-0.0007188269614601039
2017-01-06,-5.400701686166576e-05
2017-01-10,-0.0019264599301780571
2017-01-11,-0.0006052749330689644
2017-01-11,-0.0029348934434544538
2017-01-12,0.0004993351699466931
2017-01-12,-0.0006076555607660494
2017-01-13,-0.00027417434403034015
2017-01-13,0.00016611184732493679
2017-01-19,0.0010518206951808185
2017-01-20,-0.0009347732835136768
2017-01-23,0.0001674278812783059
2017-01-23,-0.0009399427865183418
2017-01-24,0.0020378128664367634
2017-01-25,-0.0005997989609725285
2017-01-25,0.00016407170955865747
2017-01-27,-0.0001632130887191585
2017-01-27,-0.0008190343392661314
2017-01-30,0.0007162394620115831
2017-01-30,0.00027635307563920406
2017-01-30,-0.0011555712380556726
2017-01-30,-5.400701686166576e-05
2017-01-30,0.0004961690394763374
2017-01-30,-0.002255922683491638
2017-02-03,-0.00016309395915472313
2017-02-03,0.000164166867724449
2017-02-09,0.0017942208587634423
2017-02-13,0.00016127823609855208
2017-02-13,5.3519864858666556e-05
2017-02-14,0.0012323044849070564
2017-02-15,-0.0013348267414854597
2017-02-15,0.002937765608418721
2017-02-16,-0.00037441714182153476
2017-02-16,-0.0005881379857751922
2017-02-27,5.166771630969125e-05
2017-02-28,-0.000901823888417439
2017-03-01,0.0038235867789882883
2017-03-02,0.0012017485293920127
2017-03-02,-0.00036840651382243685
2017-03-02,0.0009948706839983746
2017-03-07,-0.001953943685639412
2017-03-09,5.166771630969125e-05
2017-03-13,-0.0004757699860730358
2017-03-14,-0.0002654682137320985
2017-03-14,-0.0011125441185869866
2017-03-14,-0.00026555768324634023
2017-03-15,-0.0010007774776233025
2017-03-15,0.001730957283852288
2017-03-16,-0.0015253680257948576
2017-03-16,-0.0006841929217035391
2017-03-16,-0.0004744400628990042
2017-03-17,0.000576642552194453
2017-03-17,-0.00026435619649980204
2017-03-20,-0.0019521405189179197
2017-03-20,-0.0017435529513917447
2017-03-21,0.009258162295307605
2017-03-22,-0.0025160065886879112
2017-03-22,-0.0022362126641711976
2017-03-23,-0.0020197553415079094
2017-03-24,-5.400701686166576e-05
2017-03-24,-0.0012234733149692123
2017-03-24,-0.002301438523710917
2017-03-28,0.0034059057183440733
2017-03-30,-0.0018502876592961992
2017-04-03,-0.0019709399242099556
2017-04-05,-0.001003975351250539
2017-04-05,-0.0003702958940361634
2017-04-06,5.221188755397899e-05
2017-04-06,-0.0006898696705284401
2017-04-07,-0.0029847844396519085
2017-04-10,-0.0007955324405905162
2017-04-11,-0.0002672721053666094
2017-04-12,-0.00016083321064432664
2017-04-17,0.0004813248889198118
2017-04-17,-0.0011231826824235269
2017-04-17,0.0031542060084831314
2017-04-19,-0.0009056144258461551
2017-04-19,5.3082295624931054e-05
2017-04-20,0.0015425869160813144
2017-04-21,-0.0006422423109794439
2017-04-21,0.0008532909815452761
2017-04-25,0.00015583455275334447
2017-04-25,0.0002606893011914768
2017-04-25,-0.00047347010410993875
2017-04-25,-0.0002636066815021798
2017-04-26,-0.0006817534073199271
2017-04-26,-0.001308056551818335
2017-04-26,0.00015524177995782874
2017-04-28,-0.0006841929217035391
2017-04-28,-0.0003691992841447145
2017-05-02,-0.0009986905478788421
2017-05-03,-0.0013159693683181461
2017-05-04,-0.0020508541004139657
2017-05-08,-5.400701686166576e-05
2017-05-11,-0.00057850088028357
2017-05-11,-5.400701686166576e-05
2017-05-11,-0.0014169761927894852
2017-05-11,-0.00026347496826519603
2017-05-15,0.00015450007237936215
2017-05-15,-5.400701686166576e-05
2017-05-15,-0.0005751660746060793
2017-05-15,-5.400701686166576e-05
2017-05-15,0.00025885146681745795
2017-05-15,0.0006757677954819319
2017-05-16,-0.0005755466017162347
2017-05-17,0.00015654146192554342
2017-05-17,0.00036717862070809957
2017-05-17,0.007425188179598898
2017-05-18,-0.0025912731126434196
2017-05-18,0.0007938997133979187
2017-05-18,-0.0006893983120008973
2017-05-18,-0.00026549057401505707
2017-05-19,0.0008925642915101695
2017-05-19,0.00015614324057242835
2017-05-22,-5.400701686166576e-05
2017-05-22,-0.0007856123680322269
2017-05-22,-0.00015853299156633804
2017-05-22,5.051895784311755e-05
2017-05-25,-0.0016068020479175415
2017-05-25,0.00025684159986192554
2017-05-31,-0.0015085524714070408
2017-05-31,-5.400701686166576e-05
2017-05-31,4.987829375544761e-05
2017-06-01,0.002422262071045991
2017-06-02,-5.400701686166576e-05
2017-06-02,-0.0003616677696050208
2017-06-08,-0.0012893374677572988
2017-06-09,0.0005606211331075995
2017-06-09,-0.0014872584501131247
2017-06-09,-0.0006717358339109114
2017-06-09,-0.0042895442069442935
2017-06-12,-0.0019121674380445852
2017-06-12,-0.0007764757958893731
2017-06-12,-0.0019133190714014847
2017-06-13,-0.00046401111690266063
2017-06-13,-0.00015644504185654328
2017-06-14,-0.000875025079258982
2017-06-14,-0.0021097167506473257
2017-06-16,0.00046135064135308877
2017-06-16,-0.0011883784719507661
2017-06-16,-0.0002600226740515832
2017-06-16,0.0002549528183597238
2017-06-16,0.0002550483040407525
2017-06-16,-0.0004662081710248489
2017-06-16,-5.400701686166576e-05
2017-06-16,-0.000672053988431418
2017-06-19,-0.00036041085712314793
2017-06-19,-0.0002583388517615393
2017-06-19,0.001376608147659033
2017-06-20,-0.00015638211923687306
2017-06-20,-5.400701686166576e-05
2017-06-20,-0.00015642405905737843
2017-06-20,0.0015863456589636305
2017-06-21,-0.001803698247820804
2017-06-22,-0.0007718821065960868
2017-06-22,-0.0001565711194258168
2017-06-23,4.858865360111375e-05
2017-06-26,-0.0007692415115995365
2017-06-27,0.003142198777550156
2017-06-28,0.0011784054305040504
2017-06-29,0.006523588049942
2017-07-06,-0.0009318974296358617
2017-07-06,0.002279062482087848
2017-07-07,0.0005117860432940291
2017-07-11,-0.002435817441320951
2017-07-12,-0.0010784376383222915
2017-07-12,-0.000414348194440326
2017-07-14,-0.00020507366991864061
2017-07-14,0.0012178375246015638
2017-07-19,-0.000512447184334317
2017-07-19,0.0005534944107666662
2017-07-24,-0.0006625262866385628
2017-07-27,-0.003809208478345558
2017-07-28,-0.0003584210199058169
2017-08-02,-0.0008161434311721094
2017-08-03,-0.001066509396242219
2017-08-03,-0.0006128811689322311
2017-08-07,-0.00015489971545880942
2017-08-08,-0.0011619264247895366
2017-08-10,0.008491679852893876
2017-08-11,-0.0016381249047044055
2017-08-11,-0.0022028898024686527
2017-08-14,0.0006572652256374512
2017-08-14,0.0002993455680951684
2017-08-17,0.00952902897049688
2017-08-18,-0.001756570780354092
2017-08-18,-0.001080490285184441
2017-08-21,-0.0009298120758750783
2017-08-22,0.004351279326750703
2017-08-24,-0.001694191537620202
2017-08-25,-0.0015318596398459427
2017-08-30,-9.674411781879214e-07
2017-08-30,0.0008096669380724753
2017-08-31,-1.4127010933484555e-06
2017-09-05,-0.0005088977009441087
2017-09-05,-0.0016315834192536438
2017-09-11,-0.00010640777788197608
2017-09-11,0.002566168333334764
2017-09-18,-0.00030156141893791013
2017-09-18,-0.0006527185895571974
2017-09-20,-0.001655845927931574
2017-09-21,-0.001054607377077763
2017-09-21,-0.000653767112823187
2017-09-25,-0.0008088755171628192
2017-09-27,-0.0009515370143087431
2017-09-28,-0.0008514551827309069
2017-09-29,0.0017381076784789085
2017-10-02,-0.0005972266837926043
2017-10-02,0.0015796948246217047
2017-10-04,-0.0009883653846912898
2017-10-04,-5.400701686166576e-05
2017-10-05,0.0028492187895899712
2017-10-09,-5.400701686166576e-05
2017-10-19,-0.001184527134624156
2017-10-20,-0.0005398684491812111
2017-10-23,0.0024288407082972774
2017-10-25,0.002727514616110296
2017-10-25,-0.0010333890659638611
2017-10-25,0.0006817676795335204
2017-10-25,-0.0014757244358375643
2017-10-25,0.0007790395085912416
2017-10-27,0.003495487413701295
2017-11-01,-0.0012614373574189241
2017-11-02,-0.0014681090815286324
2017-11-02,-0.0016100458089086866
2017-11-03,0.0005732605359817034
2017-11-06,-0.0008269150446709372
2017-11-06,-0.0005869531275136874
2017-11-07,-0.0005844740214268262
2017-11-07,-0.001602515996278162
2017-11-09,-0.0030744132712460437
2017-11-15,-0.0017662822318734927
2017-11-15,-0.0024424115470250895
2017-11-16,0.0019309661162168834
2017-11-21,0.0007166316499334991
2017-11-21,0.00023475994819764035
2017-11-28,0.0008540807113096372
2017-11-28,0.005401060453709674
2017-11-29,-0.002477208985808297
2017-11-29,-0.0011490590604500616
2017-11-30,0.0030729117742146284
2017-12-01,-0.009044920455407855
2017-12-01,-0.0004824836497178331
2017-12-01,4.0748098019440793e-05
2017-12-01,-0.0013807043365540372
2017-12-05,-0.0009990079618626057
2017-12-07,0.0015607346244757925
2017-12-07,0.000374632148619638
2017-12-11,-0.0011343759233174633
2017-12-11,-0.00024209148935996127
2017-12-12,-0.0007098675996406656
2017-12-12,-0.0008971773372663727
2017-12-12,-0.0002900168768291889
2017-12-13,-5.400701686166576e-05
2017-12-14,0.0019213480767325897
2017-12-15,0.0015358894715245897
2017-12-18,-0.000376707313597533
2017-12-18,-0.00023952682481156228
2017-12-19,0.00013179751676893004
2017-12-19,-0.0008916059000631171
2017-12-19,-0.00014700431993976747
2017-12-19,0.0005044961945318361
2017-12-21,-0.0006104900441292948
2018-01-02,-0.0010272611030428735
2018-01-02,0.0011047114108465395
2018-01-03,0.0029053937044923673
2018-01-04,-0.0009712699044052342
2018-01-04,-0.00028144648861507584
2018-01-04,-0.0009270394841321061
2018-01-09,-0.000913481178239659
2018-01-09,-0.00023537145782394963
2018-01-11,-0.0007792359172332985
2018-01-11,-0.00023527283230408757
2018-01-11,0.0032081863369631614
2018-01-12,0.0034137639590115865
2018-01-16,-0.0012579765542951793
2018-01-16,-0.0019876579442578346
2018-01-17,0.0033880012267838234
2018-01-18,-0.000858115475010599
2018-01-22,-0.0013832050673712381
2018-01-22,0.006114582157938788
2018-01-23,-0.0014609714910086757
2018-01-24,-0.0023914703395199388
2018-01-26,-5.400701686166576e-05
2018-01-26,0.006032492720487428
2018-01-29,-0.0008410642971416115
2018-01-30,-0.0010270278041239122
2018-01-30,-0.002315015256429429
2018-02-01,-0.0030527722311851834
2018-02-02,0.0010178043443387153
2018-02-02,0.012910942911607527
2018-02-05,0.027297960618298235
2018-02-06,-0.009495841258545544
2018-02-06,-0.0026900454277070307
2018-02-06,0.00940380738523592
2018-02-07,0.0006415164755543068
2018-02-08,0.031496710761967785
2018-02-09,-0.005690118923295093
2018-02-09,-0.018848557974695
2018-02-12,-0.00141642529053134
2018-02-12,-0.005072987616138522
2018-02-14,-0.0017361682576238135
2018-02-14,0.005772647223585816
2018-02-28,-0.0006876632131139959
2018-03-01,-0.00648345886630066
2018-03-01,0.005058942690305803
2018-03-05,0.0052113289669986984
2018-03-09,0.008543278051011606
2018-03-13,-0.0008684866548706238
2018-03-14,-0.00014487480423110765
2018-03-14,-0.003691031930482278
2018-03-16,3.647434397789029e-05
2018-03-19,0.0004024889203244419
2018-03-19,0.007662470878644336
2018-03-22,-0.0027630214960768984
2018-03-22,0.008523698446926777
2018-03-23,-0.004573535797921433
2018-03-23,-0.004714229261909473
2018-03-23,0.008660798575936692
2018-03-26,-0.004325077631895844
2018-03-26,0.002018336615391505
2018-03-27,0.009661207927057026
2018-03-28,-0.0027720829855578865
2018-03-28,-0.0023574910364413592
2018-03-29,0.0027936436713206026
2018-04-02,0.016669318744987206
2018-04-04,0.0011764709765126136
2018-04-06,-0.0057715599042259735
2018-04-06,0.0022463859669396924
2018-04-09,0.006801490520872069
2018-04-12,-0.0024891479740594335
2018-04-19,-0.0018249083124156828
2018-04-20,0.0022344762749704006
2018-04-20,-0.0005223472191845579
2018-04-24,0.007109046706041269
2018-04-25,-0.003639402175621551
2018-04-25,-0.0024370019649123864
2018-04-26,-0.0019321176375771886
2018-04-26,8.84751728645683e-05
2018-04-30,0.0018318958591402113
2018-05-01,-0.0008141020287381262
2018-05-01,-0.00529210225495693
2018-05-02,-0.0003377486228392157
2018-05-03,-0.008353017047071275
2018-05-04,0.008758218667080798
2018-05-07,-0.0012673138192195376
2018-05-09,0.0015248914692532556
2018-05-10,0.0012795080478063903
2018-05-11,-5.400701686166576e-05
2018-05-11,-0.002067088385610558
2018-05-15,-0.001670352448743937
2018-05-15,-0.0006559272531984272
2018-05-15,-0.001997731563325853
2018-05-15,-0.0032001160202853795
2018-05-16,-0.0010214950060316785
2018-05-16,-0.0006964446086385112
2018-05-24,-0.00023805858074789964
2018-05-24,-0.0015261485779941774
2018-05-29,-0.00084686017152382
2018-05-30,0.002984387237811117
2018-05-31,-0.0025009529478453784
2018-05-31,0.0019271772664808196
2018-06-01,0.0012296288266520983
2018-06-01,0.0012719371689463377
2018-06-04,-0.0021938384505487884
2018-06-06,-0.00019163182989114568
2018-06-06,0.0032033219733663488
2018-06-07,-0.0008679710215645708
2018-06-11,0.0001684440349370786
2018-06-15,-0.000998787824108358
2018-06-19,-0.0031477285819207146
2018-06-21,0.0018009048838626219
2018-06-21,0.000489372805634305
2018-06-21,0.0023454130628773684
2018-06-25,0.004019253056398366
2018-06-26,-0.00023690596519267747
2018-06-27,-0.0035630349212935264
2018-06-27,0.004320014171530697
2018-06-28,-0.003144969088027658
2018-06-28,0.0027127549493838133
2018-06-29,8.122047598400296e-05
2018-06-29,0.0003114232773096881
2018-06-29,-0.0001453312177749555
2018-06-29,0.0004939882338462565
2018-06-29,-0.00032785457505426276
2018-06-29,-0.000327929588081497
2018-07-05,-0.0026772594083261025
2018-07-06,0.006002005634447507
2018-07-09,-0.000593042143984166
2018-07-12,-0.0009937525352046372
2018-07-17,0.00043381870472867455
2018-07-17,-0.0009423810436478752
2018-07-19,-0.0004998782492497056
2018-07-24,-0.0006724077971067754
2018-07-25,-0.0009391570320862663
2018-07-25,-0.0002768281445487886
2018-07-25,-0.0011141226401390125
2018-07-25,0.005686521111726164
2018-07-27,0.004490885717313244
2018-07-30,-0.0009425010195271066
2018-07-30,0.00039075370187167333
2018-07-30,0.0020817943536108685
2018-07-31,-9.654889402190613e-05
2018-07-31,-0.0005395643445241993
2018-08-01,-0.0003196225543081943
2018-08-02,0.0007425941514867885
2018-08-03,-0.001112532913697748
2018-08-06,-0.0010187500444006825
2018-08-07,-0.00044541012711853736
2018-08-10,-0.000896112280019643
2018-08-13,-0.00036374293179699315
2018-08-13,-0.0005847925794943065
2018-08-14,-0.00040624371992616705
2018-08-14,-0.001067509830387745
2018-08-14,-0.0008033790220123493
2018-08-14,-0.0008914071357866349
2018-08-15,0.0008768038899683384
2018-08-15,-0.00094301285940803
2018-08-15,-0.0006757583660620603
2018-08-15,-5.400701686166576e-05
2018-08-15,-0.0009425010195271066
2018-08-16,-0.0008445541809054746
2018-08-16,-0.0011504751243998279
2018-08-17,-0.0005797693722770147
2018-08-21,-0.0005349890567134729
2018-08-21,0.00046852636431258474
2018-08-23,-0.0017551675011347112
2018-08-24,0.001035636151110444
2018-08-27,0.0011556007246279277
2018-08-29,0.002180821932768675
2018-08-30,-0.0006575073186118252
2018-09-04,-0.0013506875147869723
2018-09-04,-0.0010926083670434105
2018-09-05,0.000510567491387095
2018-09-05,-0.0017865087493635
2018-09-06,-0.003037451149018231
2018-09-06,-0.0008365476655009174
2018-09-06,-0.002271209449528875
2018-09-11,-0.0010465714297960482
2018-09-13,-0.0008736706792429527
2018-09-17,-0.0013909654536911264
2018-09-17,0.0015005313716002023
2018-09-18,0.0021015370424589475
2018-09-20,0.0002872316796064056
2018-09-26,-0.001799957570996289
2018-09-27,3.146306860833059e-05
2018-10-01,0.00032715539235703915
2018-10-04,0.004400335967548166
2018-10-05,0.0011973973561397533
2018-10-08,-0.001404864358666955
2018-10-08,-0.003019037103196307
2018-10-09,-0.0017353465645916421
2018-10-10,0.023083498974818296
2018-10-11,-0.005641877441189511
2018-10-11,-0.0010007508684467736
2018-10-11,0.013446036321961265
2018-10-16,0.007655540271349939
2018-10-17,-0.000411292788312998
2018-10-18,-0.0015749876019918374
2018-10-18,0.006578291199946331
2018-10-19,-0.002023921056976261
2018-10-22,-0.0037201689221066014
2018-10-23,-0.004819561720763941
2018-10-24,-0.0016157892860394684
2018-10-24,0.023066785149719805
2018-10-25,0.004819457488938508
2018-10-26,-0.002742442966385503
2018-10-29,-0.004522962042058951
2018-10-30,-0.00791364143158093
2018-10-30,-0.004608370269570636
2018-10-30,0.002606799895256897
2018-10-31,-0.0020248300281470377
2018-10-31,-0.00023688924070954575
2018-11-02,-0.0013398262674128225
2018-11-06,-0.0011924455011744972
2018-11-07,-0.0005008345414371429
2018-11-07,0.0036024631516927497
2018-11-09,-0.001676137198215819
2018-11-12,-0.00077903873699938
2018-11-12,0.012262602293045967
2018-11-14,-0.004306761137410706
2018-11-15,-0.0026696760851993217
2018-11-19,0.008052467845696777
2018-11-20,-0.0017091794306548702
2018-11-26,-0.0015518538620217437
2018-11-26,-0.0003802774087611405
2018-11-28,0.007842044223001922
2018-11-30,-0.00023534712022556858
2018-12-04,0.0004863621633622661
2018-12-04,0.022025442806683705
2018-12-06,-0.003075155053115528
2018-12-06,-0.002372733384417589
2018-12-07,0.01729673925179507
2018-12-10,-0.0023958019337892078
2018-12-14,-0.002738570775250879
2018-12-14,0.000856480881716839
2018-12-17,-0.0017209515722461854
2018-12-17,-0.002802849665459204
2018-12-17,0.01009583340509166
2018-12-19,-5.400701686166576e-05
2018-12-19,0.0007648369268530098
2018-12-19,-0.0034062205887271024
2018-12-19,0.004223816221288403
2018-12-20,-0.005518370654697422
2018-12-20,-0.0009849662691797855
2018-12-21,-0.005386415600993086
2018-12-21,-0.0018955424620187488
2018-12-21,0.01141026743786875
2018-12-26,-0.005690868531041191
2018-12-27,-0.0029083487187938828
2018-12-27,-0.009404163067512482
2019-01-03,-0.0012661429215393904
2019-01-03,-0.001590496623318136
2019-01-03,-0.002489189909285947
2019-01-03,0.003081442870715858
2019-01-04,0.01319569176264488
2019-01-07,0.003204521349921088
2019-01-15,-0.0008239870358801782
2019-01-15,0.0021758869392068747
2019-01-17,0.00043991958564535636
2019-01-18,-0.00042792685592653925
2019-01-22,-5.400701686166576e-05
2019-01-22,-0.00248971757833085
2019-01-28,-0.0019532726139012335
2019-01-29,-0.0013078200175466103
2019-01-30,5.8286764562300864e-05
2019-01-31,0.003545558066614698
2019-02-01,-0.003259052569032048
2019-02-04,-0.00012793750748798293
2019-02-05,-0.0021357049869230793
2019-02-07,-0.0012376951359482002
2019-02-12,0.0038974486189019353
2019-02-13,-0.00023529320611716863
2019-02-21,-5.436770619650977e-05
2019-02-22,-0.0003056791465966469
2019-02-22,5.3960753503370374e-05
2019-02-27,-0.0009542078253507369
2019-03-01,-0.0032622554949933913
2019-03-04,1.7578300846567974e-05
2019-03-05,-0.0016681891442523944
2019-03-06,0.004364103824950318
2019-03-07,-0.00012636881128859966
2019-03-07,-0.00041760781372914615
2019-03-07,-0.0004905328527577057
2019-03-07,-0.0004173170620211031
2019-03-07,-0.002342029039981728
2019-03-07,0.0016170967978750084
2019-04-04,-0.002241226779329717
2019-04-08,-0.0009215154777572265
2019-04-11,-0.0005741373443807407
2019-04-15,-0.0009159663054901989
2019-04-17,0.0011171266060402219
2019-04-18,-0.001366946030844438
2019-04-23,0.0047068066233147765
2019-04-25,-0.001836947170566947
2019-04-26,-0.0021087522798176805
2019-04-26,0.0019568534705308527
2019-04-29,-5.400701686166576e-05
2019-04-30,-0.0010768962082984479
2019-05-02,-0.0018410284301894264
2019-05-02,-0.0015306198730086406
2019-05-03,0.0013747252272887445
2019-05-07,-0.001819526015403825
2019-05-07,0.003090335188753104
2019-05-09,-0.00015934154351828544
2019-05-10,-0.0019871076751702054
2019-05-10,-0.0024422361622563815
2019-05-13,-0.001013963571808183
2019-05-13,-0.003187141183655837
2019-05-13,-0.0006587043656606428
2019-05-14,-0.0004768051080288527
2019-05-15,0.00036661061399798854
2019-05-16,0.001684355515167637
2019-05-16,-0.0007481453655759007
2019-05-16,-0.0009920920175736847
2019-05-23,-0.0007632570709691566
2019-05-23,-0.002934701598161691
2019-05-28,-0.0022041619083670505
2019-05-29,-0.002762919081075086
2019-05-29,-0.0030477652419428547
2019-05-30,-5.400701686166576e-05
2019-06-03,-0.005594841692571648
2019-06-03,-0.0006021186079966578
2019-06-03,-0.0035288229236828594
2019-06-04,0.005578903444580654
2019-06-06,-0.0009318751497565869
2019-06-07,0.002387339629948617
2019-06-07,-0.0007150444281000179
2019-06-10,-0.0030500089039984446
2019-06-14,-0.0005749761096153416
2019-06-18,-0.0012858417320169768
2019-06-18,0.0006311896517120297
2019-06-18,-0.0001224797664191235
2019-06-18,-0.0015947493807713297
2019-06-18,4.873728339825023e-05
2019-06-18,-5.400701686166576e-05
2019-06-18,-0.0007388986498829886
2019-06-25,0.007633407732770083
2019-07-02,-0.00039209956631615974
2019-07-05,-0.0008906890265953015
2019-07-08,-0.0008620792580488401
2019-07-10,-0.002586273503669376
2019-07-16,-0.00038690037226354115
2019-07-16,-0.00048669403991498996
2019-07-17,-0.00038788902963595497
2019-07-17,0.0031196585418006096
2019-07-18,0.0011159258098015568
2019-07-19,0.0022254005583728165
2019-07-22,-0.0013268323139713689
2019-07-24,0.0015714321004916898
2019-07-25,-0.0014848268766413297
2019-07-25,-0.0008843581965981761
2019-07-25,0.0011090888579851988
2019-07-25,-0.0009865414790056959
2019-07-26,-0.0004185025054015612
2019-07-26,0.0016013096948849026
2019-07-29,-0.0014789938409541991
2019-07-31,0.0002482638728747788
2019-08-01,-0.0011907999901437294
2019-08-01,-0.006146118402080589
2019-08-01,0.005166131266285381
2019-08-02,0.00032130361148539286
2019-08-02,0.001889747546272782
2019-08-02,-0.00029317860847002166
2019-08-02,-0.002103900628032249
2019-08-05,0.011311726651673883
2019-08-06,-0.0017901512901382843
2019-08-07,-0.004000769420707948
2019-08-08,0.00998080673130395
2019-08-09,-0.0003629700339885722
2019-08-09,-0.0030740456596288967
2019-08-12,0.00140120225823557
2019-08-13,-0.0037721524877682077
2019-08-13,0.0020006592257012313
2019-08-14,0.007596995474081194
2019-08-16,-0.0011962334067549185
2019-08-16,0.0008121931259573523
2019-08-20,-0.0021179518040163247
2019-08-22,-0.002635168188350876
2019-08-23,0.011159444681455556
2019-08-27,-0.0022201489500010196
2019-08-28,4.999822500249218e-05
2019-08-28,-0.000989752061847391
2019-08-28,-0.0014386793860706936
2019-09-05,0.0008875904031614224
2019-09-05,-0.0013963925029897494
2019-09-10,-0.001472506630059509
2019-09-10,-0.002351793370038233
2019-09-11,-0.0007883609206757103
2019-09-12,-0.0038331792326023106
2019-09-18,-0.004143952977013441
2019-09-19,-0.0018766052466217186
2019-09-20,-0.0007215036042852651
2019-09-20,0.002181658861204341
2019-09-23,-0.000555147185867153
2019-09-23,-0.0023887645522916645
2019-09-24,0.005275000547647826
2019-09-25,-0.0011009258671420752
2019-09-25,0.0010525683687961718
2019-09-26,-0.0002889120970620751
2019-09-26,0.0003152348345351963
2019-09-26,4.682416820731783e-05
2019-09-26,-0.0009948568405574653
2019-09-27,0.002437684258581798
2019-09-30,-0.0005249482602138955
2019-09-30,0.001627134276339517
2019-10-01,0.010047445235257114
2019-10-02,0.004558168907311624
2019-10-02,0.00018768010446499562
2019-10-02,0.0008106051008500504
2019-10-03,-0.0013397694566132023
2019-10-03,-0.0009141458909430944
2019-10-04,-0.0012483546812295443
2019-10-04,-0.00036149223194750004
2019-10-04,0.006186466031455986
2019-10-08,-0.0016720252458221263
2019-10-08,0.000461313542434818
2019-10-10,-0.00042841519665927976
2019-10-10,-0.0018561617804304853
2019-10-10,-0.0002240825644198785
2019-10-11,0.0012884685752539782
2019-10-15,0.0014506725365493823
2019-10-25,0.0008734616231050674
2019-11-07,-0.00031259128737439525
2019-11-08,-0.0021674186470949297
2019-11-12,-0.0003448989671291014
2019-11-12,-0.00215269711136725
2019-11-19,-0.0016593650598661002
2019-11-20,-0.0020524789063992776
2019-11-21,0.0006232171698086009
2019-11-21,-0.000634601797508203
2019-11-25,0.00023377472946193523
2019-11-25,0.001672186694039326
2019-11-26,-0.00011768566891192433
2019-11-27,0.00045354777764359475
2019-12-02,0.0009699623760181875
2019-12-02,4.1738273766946944e-05
2019-12-02,0.002540330339866983
2019-12-04,-0.0006000972228734835
2019-12-04,1.0236202828786124e-05
2019-12-06,4.16466520286396e-05
2019-12-06,-5.400701686166576e-05
2019-12-06,-0.0006262853583032446
2019-12-11,-0.0009128757912560048
2019-12-12,-0.001444269931377271
2019-12-12,-0.0008447124469735034
2019-12-12,-0.0018909465698022853
2019-12-12,0.0012152777200925358
2019-12-12,0.0009912471994827166
2019-12-12,-0.00040185027786534324
2019-12-12,-0.0005925759622354065
2019-12-12,0.003335958798369545
2019-12-16,-0.0001165701861115731
2019-12-16,-0.0005858769777848027
2019-12-19,0.0013516361765947083
2019-12-20,3.9066166582426566e-05
2019-12-20,-0.00027145429132604317
2019-12-20,-0.00082944597236003
2019-12-26,-0.0008271941250490777
2019-12-26,-0.0004250564994022965
2019-12-26,0.002111251716090703
2019-12-30,0.00016865266858654638
2019-12-30,-0.00021468028126472082
2019-12-30,-0.0015097582576927481
2019-12-30,0.0001646266404583341
2019-12-30,0.0006537651579347848
2019-12-30,-0.0004523139797941922
2019-12-30,0.0015863023304848256
2020-01-08,-0.0011339259459368844
2020-01-08,0.0009949980438416018
2020-01-13,0.00024985023301380636
2020-01-15,-0.0013089650726056034
2020-01-15,-0.0013011452610282226
2020-01-23,-0.0014745995558757196
2020-01-24,0.006804358718436856
2020-01-28,0.0017987280603662748
2020-01-30,-0.003828487582679194
2020-01-31,0.013184338607756342
2020-02-03,2.395860827828722e-05
2020-02-03,-0.0013894479180003505
2020-02-03,-0.0014828203641727078
2020-02-03,0.0008078620860379826
2020-02-03,-0.0020481471756370806
2020-02-03,-0.0010350251913684638
2020-02-03,-0.0026031063555700595
2020-02-04,-0.00041788596646454625
2020-02-04,-0.0009343849795410341
2020-02-10,-0.0005922501338194918
2020-02-10,0.002779122803362768
2020-02-18,-0.0015988836725388178
2020-02-19,-0.0004651498730774617
2020-02-20,-0.0023498460094769835
2020-02-21,-0.0005924205812940708
2020-02-21,-0.0004372707677941157
2020-02-21,0.0020546717318674435
2020-02-25,0.023351310671317106
2020-02-26,-0.0004350832102431235
2020-02-26,-0.004268674948562554
2020-02-26,-0.0035846897033421565
2020-02-27,-0.009865105770685244
2020-02-27,0.018328925557942834
2020-02-28,-0.008168103297689154
2020-03-02,-0.0054906939793879705
2020-03-02,0.018969261262779515
2020-03-03,-0.01179562218034138
2020-03-03,0.010729022275715684
2020-03-04,0.012688312837089911
2020-03-05,-0.003085537053370133
2020-03-05,-0.006660228943329869
2020-03-31,-0.011020796883547755
2020-03-31,-0.0047726399876592196
2020-04-02,-0.0037787142011465246
2020-04-02,0.009859430287642558
2020-04-03,0.0020958523644159866
2020-04-03,-0.0035029975198398655
2020-04-06,-0.0023567015916749123
2020-04-06,0.015130300938294684
2020-04-08,-0.0010000675558876826
2020-04-08,0.004446974247515814
2020-04-09,-0.004660964094850304
2020-04-09,-0.00353563479771559
2020-04-13,-5.182373389535977e-05
2020-04-13,0.00042122194634228947
2020-04-13,-0.002312826770776508
2020-04-14,-0.0045494392767466895
2020-04-21,-0.0010561736472602034
2020-04-21,-0.003439348201865886
2020-04-21,-0.002975887483530746
2020-04-23,-0.0005132898290857368
2020-04-29,-0.002681440957605272
2020-04-30,-0.0016333779915250956
2020-04-30,-0.004987836689479905
2020-05-01,-0.0004240697862870824
2020-05-05,-0.0021826053905931375
2020-05-05,-0.00489898769434973
2020-05-12,-0.0022845091855389276
2020-05-12,-0.0006419306128936575
2020-05-12,0.010527551114814605
2020-05-13,-0.005210858623249457
2020-05-13,0.01108124422956678
2020-05-14,-0.010788573258464183
2020-05-18,0.0014744692490157108
2020-05-18,-0.0002742734175870321
2020-05-20,0.0007873802266587871
2020-05-21,0.0016352700603916382
2020-05-22,-0.0010762768238502729
2020-05-27,-0.0028311185726176613
2020-05-29,0.0005230232009507474
2020-06-03,0.00019848837782108442
2020-06-05,0.00022519401069840628
2020-06-08,0.004832311012868387
2020-06-10,-0.0019519637820712065
2020-06-11,0.030960308746670974
2020-06-12,-0.007521579826282563
2020-06-15,-0.006618183649341767
2020-06-17,-0.0038232353157793475
2020-06-24,0.011980875649590807
2020-06-26,0.016865977766091313
2020-06-30,0.001344273062895287
2020-07-02,-0.005635459712034738
2020-07-08,-0.002824918408571928
2020-07-09,-0.006354035858286886
2020-07-09,-0.002056772059127041
2020-07-10,0.002367427747753317
2020-07-13,-0.0016653511768841755
2020-07-13,-0.0011520510871759959
2020-07-14,0.00026330424661900274
2020-07-20,0.003171023067374137
2020-07-22,-0.001246936200247315
2020-07-23,0.007061999503715646
2020-07-27,-0.00021233213501783198
2020-07-29,0.00738469855006483
2020-07-30,-0.0039503420617771545
2020-07-31,-0.0020157191465083523
2020-07-31,-0.0032380312525412047
2020-08-06,0.0020717920649105737
2020-08-10,-0.00355406918625891
2020-08-12,0.0008231078540198245
2020-08-12,0.0019759726240292453
2020-08-18,-0.0029459779197965807
2020-08-20,-0.0006448753244287153
2020-08-21,0.0004438667881748537
2020-08-26,0.006163799619592549
2020-08-27,-0.0008507593570533855
2020-08-27,-0.0037742202229322985
2020-08-31,-0.002012878999472354
2020-09-01,-0.0022735137590081033
2020-09-01,0.004072027586955553
2020-09-02,0.003632358786857506
2020-09-03,0.020229439695156427
2020-09-04,0.009195602344155042
2020-09-04,-0.0013456258879508609
2020-09-04,0.001545452241519676
2020-09-04,-0.003413786048361531
2020-09-04,-0.009049114545223523
2020-09-08,-0.0017003185434941925
2020-09-09,0.004706574188008885
2020-09-10,0.0007530348649312591
2020-09-11,-0.002253481965342494
2020-09-14,0.0018793829615614066
2020-09-18,0.0046871509021291025
2020-09-21,-0.0029256291080585117
2020-09-21,-0.0022435205130610014
2020-09-21,-0.0034438145373209194
2020-09-23,-0.003558224859614565
2020-09-23,0.013264140986467644
2020-09-24,-0.005460077646656811
2020-09-25,0.007730673640763943
2020-09-29,-0.0017029442567017194
2020-09-30,0.0023072817702146442
2020-09-30,-0.005140321811576329
2020-10-05,0.00024565609094882255
2020-10-05,0.0014122100255892023
2020-10-06,0.006097235402782821
2020-10-07,-0.0015332485513226612
2020-10-12,0.0019315055178380303
2020-10-14,-0.004533214443550169
2020-10-14,0.00023676102615486584
2020-10-16,-0.0020998438910301486
2020-10-19,0.007901873038910191
2020-10-20,-0.0015047476467116216
2020-10-20,-0.002577758960202534
2020-10-21,-0.0038095563659583864
2020-11-02,-0.0026406940146631785
2020-11-03,0.002458936307429751
2020-11-03,-5.133595382313727e-05
2020-11-03,-0.0038240540333812833
2020-11-03,0.00036317407919703946
2020-11-03,-0.001506413779732616
2020-11-04,0.00834266088605138
2020-11-04,-0.004678342590038318
2020-11-04,-0.0010733821097433016
2020-11-05,-0.00176516492692804
2020-11-05,-0.0016156964452771682
2020-11-06,-0.0043560038094964315
2020-11-10,-0.005445245976677524
2020-11-12,-0.0002782054016156255
2020-11-13,0.0019125698399074876
2020-11-17,-0.0030611566258290845
2020-11-24,0.0020669831497824665
2020-11-25,5.033247771104588e-06
2020-11-25,-0.001721982494724903
2020-12-01,-0.00178229347775529
2020-12-01,-0.0010386472292734017
2020-12-01,-0.0007493303067575207
2020-12-01,-0.00052054217490207
2020-12-03,-0.00024566898713042964
2020-12-04,0.001383158785758989
2020-12-04,-0.0003527383844414067
2020-12-04,0.003014734473732663
2020-12-08,0.0006343716757105456
2020-12-09,0.003977792649904479
2020-12-14,-0.004060301036568756
2020-12-15,-0.00067483300537998
2020-12-18,0.0010615253769699984
2020-12-18,-0.0021960949846625754
2020-12-21,-0.005265638235466239
2020-12-23,-0.0013210667041726664
2021-01-04,0.011792772500163175
2021-01-05,-0.0014253988046038146
2021-01-05,0.0006589081642292905
2021-01-06,0.0067183235349835635
2021-01-06,-0.0005882663642728025
2021-01-06,-0.000637775848661446
2021-01-06,-0.0018494658159542631
2021-01-07,0.0013580822501785073
2021-01-07,0.00019198319778466422
2021-01-07,0.001212241393745075
2021-01-15,-0.002129098387691506
2021-01-20,-0.0004605177511147951
2021-01-20,0.0023004476008628783
2021-01-25,-0.004898845389511484
2021-01-27,-0.004461218692948818
2021-01-27,-0.0012582574302954152
2021-01-27,0.010271498654987755
2021-01-28,0.004406573539897576
2021-01-28,-0.00444141207011963
2021-01-29,0.006157468960632275
2021-02-01,-0.0003946354537959418
2021-02-02,0.0015132913947141025
2021-02-04,-0.0005215957164895956
2021-02-04,0.0008513689906220834
2021-02-04,0.0026595267815109147
2021-02-18,-0.0012779138776265664
2021-02-23,-0.005577415611698242
2021-02-23,-0.005987604453964976
2021-02-23,-0.0036982646149281906
2021-02-24,0.008699649015585377
2021-02-25,0.016858984456313043
2021-02-26,-0.010183653728188656
2021-03-01,0.00641920145095374
2021-03-02,-0.0018592439561423623
2021-03-03,-0.0020260262180055366
2021-03-03,-0.0021260279851301944
2021-03-03,0.003987925819774676
2021-03-04,0.000793048465139925
2021-03-05,-0.0012756499203431448
2021-03-05,0.0004155848866543654
2021-03-08,-0.003742495929825582
2021-03-08,-0.0004404559538432529
2021-03-08,-0.007760829534038691
2021-03-09,0.004592641808241906
2021-03-11,0.0012904524815179142
2021-03-31,0.0008602817925794448
2021-04-05,0.004146200924467582
2021-04-09,0.0020132836086529183
2021-04-13,-0.0012945884019187814
2021-04-14,-0.0012587981337921694
2021-04-14,-0.001506143239891864
2021-04-15,0.0010181845711242166
2021-04-19,-0.0007728994327148775
2021-04-19,-0.0007252513841907926
2021-04-19,-0.002458607599491811
2021-04-20,0.00019098361400003095
2021-04-21,0.006576240884171061
2021-04-22,0.005553904761099939
2021-04-23,0.00617158191850651
2021-04-27,-0.0010146622626971058
2021-05-04,0.00032341522776911045
2021-05-04,0.0004238558991678043
2021-05-04,-0.0005320983950311197
2021-05-04,-0.0009504219118149559
2021-05-04,0.0003357456202917963
2021-05-04,-0.004515016917980528
2021-05-06,-0.000898575004223765
2021-05-06,-0.0014166187012031517
2021-05-07,0.0010243145262539355
2021-05-07,0.0003327386368060314
2021-05-07,0.0006832228301584054
2021-05-10,0.004104264982712305
2021-05-11,0.00013711545340009624
2021-05-12,0.00952496939287082
2021-05-13,-0.0005393262322900471
2021-05-13,-0.00041926895106483066
2021-05-13,0.00030870881611076093
2021-05-13,-0.0020001278151511514
2021-05-13,-0.0007134942271283173
2021-05-13,0.0034160179054028928
2021-05-14,-0.0011089720165633676
2021-05-14,0.002555320614420744
2021-05-20,0.0049134246534579895
2021-05-21,-0.003467682679001347
2021-05-24,-0.00021794015406275457
2021-05-24,0.0014947164472870278
2021-06-04,-5.329765412489307e-05
2021-06-07,-0.00024283203482613257
2021-06-08,-0.0026047640681695827
2021-06-10,-0.00120522468626296
2021-06-14,-0.00040433755431336984
2021-06-14,2.953874060671824e-05
2021-06-14,-0.0008812902169434067
2021-06-15,0.0007709836590495756
2021-06-15,-0.0006670200856032848
2021-06-15,-0.00040726912156432206
2021-06-16,0.0030877244377894653
2021-06-17,-0.0034382013123423127
2021-06-18,-0.002565956871804962
2021-06-18,-0.001896673797252688
2021-06-21,0.006981740569763286
2021-06-22,0.002861156414119306
2021-07-01,7.13353825957186e-05
2021-07-01,0.0013956099843131864
2021-07-02,1.5356740045471274e-05
2021-07-02,0.0008680814525704262
2021-07-06,0.002847408398694775
2021-07-06,-0.0012112083904495452
2021-07-06,0.00022204425533809636
2021-07-06,-0.0017799768887448919
2021-07-09,0.004211530388204523
2021-07-12,-2.7738930713192555e-05
2021-07-12,-0.00023667426928133172
2021-07-12,0.0003545474894649314
2021-07-15,-0.0028206484491658723
2021-07-16,-0.0010436049616279397
2021-07-16,0.004089327549292012
2021-07-19,-0.0013443235333125058
2021-07-19,-0.00036120930287854904
2021-07-20,0.006630607309115002
2021-07-21,-0.0015525514653269767
2021-07-23,-0.0011862437814611692
2021-07-23,-0.0006900802101620562
2021-07-27,0.0012342475618873716
2021-07-29,0.00034290821674507697
2021-07-29,-0.0005912901528787517
2021-08-03,-0.00318483518489989
2021-08-03,0.0014190891659489968
2021-08-09,-7.726475802018794e-05
2021-08-10,-0.0016982950354214243
2021-08-12,0.0004246616114341539
2021-08-16,-0.0007046726944385439
2021-08-16,-0.0011336211357849879
2021-08-17,-0.00016192261469818225
2021-08-17,-0.00028265526867134796
2021-08-17,-0.002122631756397284
2021-08-18,0.004921305206249984
2021-08-19,-0.0030785592510869297
2021-08-19,-0.0021352825119771634
2021-08-20,0.0031212883088750165
2021-08-23,0.0021525122711102207
2021-08-25,-0.00021954789445934652
2021-08-25,-0.00022983797373556713
2021-08-26,-0.0009036929186118292
2021-08-26,0.002403397341973792
2021-08-27,0.001881267828165092
2021-08-30,7.033494252026929e-05
2021-08-31,-0.0011165801794513963
2021-09-07,0.00014699894167134132
2021-09-07,-0.001672713765621967
2021-09-08,-0.001453029968039885
2021-09-08,-0.0030990461175023553
2021-09-09,6.119391146750753e-05
2021-09-10,-0.001101373151145022
2021-09-10,0.0027413112107685733
2021-09-14,0.00039481073041845114
2021-09-14,-0.0016249672972176365
2021-09-14,0.0012247153662400057
2021-09-15,0.004318394684771667
2021-09-16,0.0009316889662702521
2021-09-16,-0.0007274082942833248
2021-09-17,0.004331892857634447
2021-09-20,-0.0029806885585631692
2021-09-22,0.0003343104797225238
2021-09-22,-0.0026654821189908895
2021-09-23,0.001927859479186369
2021-09-28,0.006568756566536196
2021-09-28,-0.0016567413732585723
2021-09-28,0.004515163290572202
2021-09-30,-0.0009753891684653104
2021-10-01,0.00037091943023002336
2021-10-04,0.002515395238417575
2021-10-05,0.003919324473928045
2021-10-07,0.0009406237414554064
2021-10-11,0.0003288936553468091
2021-10-14,0.0029534417642921107
2021-10-28,0.0007332355492520671
2021-10-28,-0.000952319485189943
2021-10-28,0.0007551574585905408
2021-10-28,0.0002752002089424299
2021-10-28,0.0021063995740143527
2021-11-09,-0.0003763373304576301
2021-11-09,-0.0006726220111325154
2021-11-10,-0.0019929340490484537
2021-11-12,-0.000651000248587128
2021-11-12,0.0012307510994678883
2021-11-16,-0.0009482773825435697
2021-11-16,-0.0012654899118617257
2021-11-17,-0.0009719555246669098
2021-11-18,-0.0014881575472855046
2021-11-22,-0.001181300117502635
2021-11-22,-0.004613300989100975
2021-11-23,-0.003367024259961624
2021-11-23,-0.0017695881174199157
2021-11-29,-0.0011554201192961666
2021-11-30,0.004765424540495313
2021-12-01,-0.0018336811985939705
2021-12-01,0.007255883671466881
2021-12-02,0.0032966723759452
2021-12-03,0.004419889078118835
2021-12-06,-0.0014046252397847047
2021-12-06,0.0005531290972623304
2021-12-07,-0.00011685655058859323
2021-12-13,0.002205924061954392
2021-12-15,-0.0007573452649757484
2021-12-15,0.0023939192064735626
2021-12-16,-0.000762965906878541
2021-12-17,-0.008443906278681322
2021-12-20,-0.0011578941570608214
2021-12-21,0.004376387493872571
2021-12-22,-0.00059093244469268
2021-12-22,0.0029073372531850184
2021-12-23,0.001453681921365837
2021-12-23,-0.0008378435426715991
2021-12-23,-0.0003285791648121239
2021-12-27,0.008343519252112498
2022-01-04,-0.0017721146311803415
2022-01-05,0.010201649719457341
2022-01-06,-0.0015088138004689866
2022-01-07,-0.005225685538727507
2022-01-10,-0.0013570720401535818
2022-01-10,0.0012007764251972053
2022-01-10,0.000487718190260924
2022-01-10,-0.002941662814715993
2022-01-10,-0.002971658679555087
2022-01-11,-0.0027577269410189653
2022-01-11,-0.006816570555652566
2022-01-11,-0.0015469060481611207
2022-01-11,0.0043463859187341325
2022-01-13,0.00666863335192456
2022-01-18,-0.002273864021780001
2022-01-18,-0.0011430843984233862
2022-01-18,-0.0007746270634147101
2022-01-18,0.0008282370631060654
2022-01-19,-0.00679038019987501
2022-01-19,-0.0020299972766268026
2022-01-19,0.005801451322977693
2022-01-20,-5.1387868529892965e-05
2022-01-20,-0.002238589265979549
2022-01-20,-0.0008845614453006001
2022-01-20,-0.002178202042615449
2022-01-21,-0.005607099474997177
2022-01-21,0.012417663344690279
2022-01-24,-0.0050045825781924935
2022-01-24,-0.004380855584608232
2022-01-25,-0.007978069862813263
2022-01-25,-0.005962939610693405
2022-01-27,-0.006525158072119639
2022-01-27,-0.00397217928715645
2022-01-27,-0.0017941713281742966
2022-01-28,-0.005309113070775326
2022-01-28,-0.0010602996112724283
2022-01-28,-0.006962744986702483
2022-01-28,0.013343619438483813
2022-01-31,0.012061128387988652
2022-02-04,-0.0022508575990968427
2022-02-08,0.001900004203044905
2022-02-08,-0.003221395470208519
2022-02-11,0.013992946137851604
2022-02-14,-0.0044992696792528685
2022-02-14,-0.00268483797756893
2022-02-15,-0.001231281432877005
2022-02-17,-0.0015683821457862712
2022-02-17,9.905544189112937e-05
2022-02-17,0.009060802569005745
2022-02-18,-0.0018878015113063173
2022-02-22,-0.0034702916556447394
2022-02-23,-0.0014073115763514532
2022-02-23,0.0085178925638296
2022-02-25,0.01353838937810168
2022-03-01,-0.0008182789647582988
2022-03-02,0.0022328414667954566
2022-03-03,-0.0020532542564148026
2022-03-04,0.001758743311176516
2022-03-07,0.019493860574433454
2022-03-08,-0.007202288766626672
2022-03-08,-0.010149587593455765
2022-04-04,0.0007108291156813018
2022-04-04,0.0002749655896659786
2022-04-05,0.0005437045889444625
2022-04-06,0.0002913494484956058
2022-04-06,-0.007832688353922944
2022-04-08,-0.0030702727324439993
2022-04-11,0.0008009874520129379
2022-04-11,0.0020935260889623853
2022-04-12,-0.003235011383771822
2022-04-12,-0.0029529359254715426
2022-04-13,0.008060064157944781
2022-04-14,0.00018278618081400078
2022-04-14,-0.00122798966137174
2022-04-14,0.007489984348781433
2022-04-19,0.002880731304939579
2022-04-19,0.005069797042277593
2022-04-21,0.008424447162530636
2022-04-22,0.018591502354573387
2022-04-25,-0.005749017529960507
2022-04-25,-0.0022585016258055623
2022-04-26,0.004111334937709745
2022-04-26,-0.0007622412261573319
2022-04-26,0.01446833344685581
2022-04-27,-0.01154528801421819
2022-04-27,-0.0003354371856058225
2022-04-27,-0.004350978424312333
2022-04-28,0.005063770988945706
2022-04-29,0.021257386874887187
2022-05-02,-0.00474498233979028
2022-05-02,-0.010599248581500208
2022-05-03,-0.003228086789028659
2022-05-04,0.012480007136980477
2022-05-05,0.017832365778756333
2022-05-06,-0.007713661294013316
2022-05-09,0.0013860560890884633
2022-05-09,-0.0022449480235341634
2022-05-09,-0.0018361190948991335
2022-05-11,-0.001864211639196942
2022-05-11,-0.006389501966469389
2022-05-13,0.0018011449045312955
2022-05-13,-0.00203944958525639
2022-05-18,0.0007878450277659455
2022-05-18,0.012130975978029347
2022-05-20,-0.0020274900754823277
2022-05-23,-0.001552584614650041
2022-05-24,0.005497694255699439
2022-05-26,0.0067598257311774846
2022-05-27,-6.640311145979848e-05
2022-05-27,0.006848676262345068
2022-05-31,-0.0013407681950071892
2022-06-01,-0.001203316551193232
2022-06-02,0.008100414581578709
2022-06-09,0.007434424131730102
2022-06-10,-0.003328042115276062
2022-06-13,-0.0005061976631947273
2022-06-13,-3.9088591149627475e-06
2022-06-15,-0.008551370098115817
2022-06-16,-0.0002471420432007743
2022-06-16,-0.005876811689648729
2022-06-16,0.0004894382794397934
2022-06-16,-0.003025259472391315
2022-06-17,-0.0104070218670256
2022-06-21,-0.001622726385908455
2022-06-21,0.0013577430341756647
2022-06-21,0.00021072163759648045
2022-06-21,0.0004011738743628723
2022-06-24,0.016268438629923977
2022-06-27,-0.00026345066676638275
2022-06-28,0.012988553829267314
2022-06-30,-0.00689478726257011
2022-07-05,-0.0016251789181022302
2022-07-07,-0.0014038961772208291
2022-07-07,-0.000623980015838208
2022-07-07,-0.001002059692508348
2022-07-07,0.0008737408040858452
2022-07-14,-0.0016133908470569369
2022-07-15,-0.00157193404377167
2022-07-19,0.010348436071053825
2022-07-20,-0.0053428123034507035
2022-07-21,-0.005956374042555577
2022-07-21,-0.0019110894650484966
2022-07-22,0.0046586951091452744
2022-07-26,-0.0009716568374219725
2022-07-26,-0.0023476118858280137
2022-07-26,0.001421880031777103
2022-07-27,2.076001586135634e-05
2022-07-27,-0.0016930829902956001
2022-07-27,0.0028889973064941477
2022-07-28,-0.005879010620021183
2022-07-28,-0.00046888011878633897
2022-07-28,0.00443325186205388
2022-07-29,0.0005424296215562419
2022-07-29,-0.0027815592159794655
2022-07-29,0.003756781560053748
2022-08-03,0.0003835644975963359
2022-08-03,0.004623187266239761
2022-08-08,-0.0011308872775316536
2022-08-12,-5.400701686166576e-05
2022-08-12,0.006546953542063785
2022-08-16,-0.004453376590304778
2022-08-19,-0.0006660193099771372
2022-08-19,0.0014799526538152663
2022-08-22,-0.0015011365916545371
2022-08-22,0.0007179141870758765
2022-08-22,0.0014698515725345218
2022-08-24,-0.0033568573820283087
2022-08-25,-0.001695152614204296
2022-08-25,0.004970587225980074
2022-08-26,0.022960242100377705
2022-08-30,0.009014656931948674
2022-09-01,-0.002229853963429027
2022-09-02,-0.0006381718326148511
2022-09-02,0.0007061697025863923
2022-09-06,-0.007076690705019837
2022-09-06,-0.002233897781139491
2022-09-07,0.012678618781582919
2022-09-08,-0.0010060061650861906
2022-09-09,0.0013054374752493403
2022-09-09,0.0019169673388045117
2022-09-09,-0.001576175684934531
2022-09-12,-0.0012934467327218235
2022-09-13,-0.002451049476928666
2022-09-13,0.010389806619662025
2022-09-16,-0.004842605012666554
2022-09-20,-0.0035306926949120387
2022-09-22,-0.0018473767048211775
2022-09-22,-0.002679673519402035
2022-09-23,-0.0025426621949548233
2022-09-23,0.001833453838929613
2022-09-26,-0.0038258782948860292
2022-09-26,-0.002595709599682825
2022-09-26,-0.00046497335214325865
2022-09-27,-0.001430804039569098
2022-09-27,-0.0008249849831373423
2022-09-28,0.010960757199743966
2022-09-29,0.0013289810224055088
2022-09-29,-0.0007225431289449502
2022-09-29,-0.0034933491904764113
2022-09-29,0.0032303668701074506
2022-09-29,-0.00042343598679486007
2022-09-30,-0.006388267978374016
2022-10-03,0.006282736908670519
2022-10-04,0.00018079479953967637
2022-10-04,-0.002058362283467472
2022-10-04,0.0024009165823691636
2022-10-04,-0.0020052973234670124
2022-10-04,0.00225456273233813
2022-10-07,-0.002521381001040621
2022-10-07,0.009889964781841655
2022-10-10,-0.0018067908622402462
2022-10-10,-0.006957422513613218
2022-10-13,0.015660994703173038
2022-10-14,0.011677928747029533
2022-10-17,-0.0013849219582076277
2022-10-20,-0.004918542056225681
2022-10-21,-0.004754798669409996
2022-10-21,0.011334410850595146
2022-10-25,0.001769708799550609
2022-10-25,-0.0012435169932921908
2022-10-25,9.01000287546272e-05
2022-10-28,0.01692852603934778
2022-11-10,-0.0030077159403742093
2022-11-10,0.002866211635556095
2022-11-22,0.0011083451758527674
2022-11-23,-0.0027027104113527467
2022-11-28,0.00010566772090479183
2022-11-29,-0.002733390007449896
2022-11-29,-0.001683171235347911
2022-11-30,-9.98878205614928e-05
2022-11-30,0.01930855903876081
2022-12-01,-0.005708382919929498
2022-12-05,0.00718732468896808
2022-12-06,0.008285251170447629
2022-12-08,-0.0007560837203819592
2022-12-12,0.001973225651090129
2022-12-14,0.0005852507904643223
2022-12-15,0.0034161122801434707
2022-12-15,-0.001256180875296351
2022-12-16,-0.0008866577500627115
2022-12-19,-0.00037538471534639186
2022-12-21,-0.0016369351944257792
2022-12-21,-0.0016879177134220468
2022-12-22,0.007270592028986924
2022-12-22,-0.004909167832059322
2022-12-23,-0.007455674930202514
2022-12-27,-0.005142604631817169
2022-12-28,-0.0006653464571090483
2022-12-28,0.004352623356088194
2022-12-29,0.0048728665971205865
2023-01-03,0.0009072208376651259
2023-01-05,-0.0004346289562561423
2023-01-05,0.0002057363126066547
2023-01-06,0.0007411844924066569
2023-01-06,0.004826221965794277
2023-01-09,0.0004528116869565246
2023-01-12,-0.00584199352675143
2023-01-18,0.009607972426035595
2023-01-20,-0.0016522355770104613
2023-01-20,0.005975641860410976
2023-01-23,0.004016268174526696
2023-01-23,0.0008200235465124295
2023-01-23,0.0017526067801135548
2023-01-25,-0.0011339642937214988
2023-01-27,-0.004085346702683477
2023-01-27,0.00015442809780084277
2023-01-31,0.0025167150755272894
2023-02-01,0.003854651246027221
2023-02-02,-0.002088045818664417
2023-02-02,-0.005948341167461255
2023-02-07,-0.011157198354158647
2023-02-07,0.003852759085408588
2023-02-08,-0.0016037920400246075
2023-02-09,-0.0005139645727697739
2023-02-09,-0.0009533455812985791
2023-02-13,0.005952291037899384
2023-02-14,-0.002276429018303625
2023-02-17,-0.0030530969532952734
2023-04-06,0.000272532600350186
2023-04-06,-7.497003346881081e-05
2023-08-02,0.0009699209354416616
2023-08-04,0.00047656279792605225
2023-08-08,0.00010259759848416872
2023-08-09,-0.0002083262149727072
2023-08-10,-0.0036201803894190454
2023-08-10,-0.0015322826904148523
2023-08-14,-0.0002664060798962731
2023-08-14,-0.0005530021116752137
2023-08-15,0.0007834619031757773
2023-08-15,-0.0007272366249612338
2023-08-15,0.0036789888279077166
2023-08-16,0.0010974205651019609
2023-08-17,0.0020917152761995373
2023-08-21,-0.0048312901717666645
2023-08-23,0.005944886813783781
2023-08-24,0.009617455276545984
2023-08-25,0.0002609298496253154
2023-08-29,0.011829083086053106
2023-08-30,-0.004270175601612267
2023-08-31,0.0006664528052454455
2023-09-05,-0.0007484920500981018
2023-09-06,0.00022555398276589368
2023-09-06,0.00018888470317466544
2023-09-08,-5.06446001179639e-05
2023-09-15,0.005810722195150866
2023-09-19,0.0010434585257655749
2023-09-20,0.005176331931606806
2023-09-21,-0.0013748254331326292
2023-09-21,5.944957693757802e-05
2023-09-21,0.00433960386496455
2023-09-22,-0.0018547612248238842
2023-09-25,-0.002059186390801957
2023-09-26,-0.00032532883621296584
2023-09-26,-0.0020635858458425615
2023-09-26,0.0039013919675805276
2023-09-27,-0.0040093436561738005
2023-09-28,0.002751020813053098
2023-09-29,-0.004951646263078
2023-10-02,-0.0019666458931412367
2023-10-03,0.0018759243505144041
2023-10-04,-0.0009175881991788848
2023-10-04,-0.0008915377984095784
2023-10-04,0.0004134641729663735
2023-10-05,8.611952564905546e-05
2023-10-06,0.0014617647029429937
2023-10-09,0.0002187008126909107
2023-10-10,0.003762323623294297
2023-10-10,5.2476964512584435e-05
2023-10-12,-0.001160919310892703
2023-10-12,-0.0009313620755281504
2023-10-13,-0.0031903869187709577
2023-10-13,-0.0028294849025100243
2023-10-16,7.271319862676374e-05
2023-10-18,0.002358635572558534
2023-10-19,0.0008415946539003039
2023-10-20,0.00185338163903235
2023-10-20,0.003581576632710284
2023-10-23,-0.0036170269029870616
2023-10-24,0.0008953146440980686
2023-10-25,-0.0001601312643767705
2023-10-25,0.003676524028907371
2023-10-26,-6.313173762708456e-05
2023-10-26,-0.0015377184301620583
2023-10-27,-0.0016715396492316325
2023-11-09,0.002067733374832883
2023-11-10,0.0042705710854239265
2023-11-14,0.0011333331028214677
2023-11-14,-0.0008163600858281028
2023-11-14,-0.001174621677784613
2023-11-14,-0.001582598813330136
2023-11-20,-0.0004951500921304341
2023-11-20,0.003513089906371205
2023-11-28,-0.0005282163227206182
2023-11-29,-0.0038300955830251815
2023-11-30,-0.001249760736102965
2023-12-01,0.003340216402427967
2023-12-04,-0.0005635873020154647
2023-12-06,0.0003985277931704911
2023-12-07,-0.0020082171149673677
2023-12-07,-0.0002447485452861309
2023-12-08,-0.0025588214597555203
2023-12-08,0.0013785745211761591
2023-12-11,6.577657555882022e-05
2023-12-12,0.0013168228365650703
2023-12-13,0.006480849291773929
2023-12-14,-0.001953150014849545
2023-12-18,-0.0010235492886302633
2023-12-18,4.156580931522713e-05
2023-12-18,-8.098113793199912e-05
2023-12-19,0.000681922717518193
2023-12-19,-0.00015253760850954866
2023-12-19,0.0002545126411331666
2023-12-20,0.005660726266654461
2023-12-22,-0.0016822329552306425
2023-12-26,0.0005373189571423543
2023-12-26,4.906677511276048e-06
2023-12-26,-0.0012987335054194448
2023-12-29,0.0008356534978214225
2024-01-03,0.0003380597901348836
2024-01-03,-0.0007070994392061247
2024-01-04,-3.830885267710249e-05
2024-01-04,-0.0003104770515518696
2024-01-05,0.0013342559934784526
2024-01-05,-0.0008658899417722998
2024-01-05,-0.0031099153897701437
2024-01-05,-0.0004949964414118413
2024-01-09,0.001063132398810709
2024-01-10,2.9754184361998615e-05
2024-01-10,-0.0009611167568004597
2024-01-10,0.0023953180510213135
2024-01-11,0.00035324146051993963
2024-01-11,-0.0023960625725688777
2024-01-16,-0.003215828064469981
2024-01-16,-0.002268824784860477
2024-01-16,-0.0005539183025796901
2024-01-17,-0.001151872224846382
2024-01-18,0.0015974467590918829
2024-01-19,0.007372466111918865
2024-01-22,-0.003115374519470546
2024-01-29,0.0006424317647480771
2024-01-31,0.0007674943663429157
2024-01-31,-0.0001714316211621969
2024-01-31,-0.00016589502576027425
2024-01-31,0.009235953804218468
2024-02-01,-0.004278883664819786
2024-02-01,0.007171327139448105
2024-02-02,0.007586691910940282
2024-02-05,-0.0013958959233114831
2024-02-05,-0.0014042283830612212
2024-02-07,-0.001703015319366139
2024-02-07,-0.0006621270523429401
2024-02-07,0.0007501596606594796
2024-02-07,-0.0003041392367531182
2024-02-09,0.00014221791879629687
2024-02-09,-0.0008649789525654516
2024-02-09,0.0020686466731359788
2024-02-12,-0.0017257460796129753
2024-02-13,-0.0023151347487630125
2024-02-13,-0.004259331951031251
2024-02-14,-0.0037863935776244672
2024-02-15,0.0009137592437106013
2024-02-16,-0.002633013429326556
2024-02-20,-0.0007243265499045281
2024-02-20,-0.0005111992485796945
2024-02-20,-0.001523959911964654
2024-02-22,-0.0005624929816214963
2024-02-22,-0.0006799535882739049
2024-02-22,0.0029331061630280897
2024-02-26,-0.0005390358398275263
2024-03-01,0.004586196750734219
2024-03-05,0.002483103016573931
2024-03-05,0.00259481804815618
2024-03-07,0.000469396703752436
2024-03-07,0.0006441589630262557
2024-03-08,-0.0059929640287658325
2024-03-08,-0.0018428485042659903
2024-03-08,0.0003387320896519408
2024-04-02,-0.00019513590161226223
2024-04-03,-0.0004160766690297835
2024-04-03,-0.0006635557460241892
2024-04-04,0.00864089368130936
2024-04-05,-0.0009724901424626098
2024-04-05,-0.0004847073521501355
2024-04-05,-2.398548796147315e-05
2024-04-05,2.1044552226048286e-05
2024-04-05,0.0009183189280387105
2024-04-09,0.0005959001956449073
2024-04-09,-0.0008357978676517752
2024-04-09,0.0002475257069627168
2024-04-11,-0.0014641619607968148
2024-04-11,0.00012012681643778445
2024-04-12,-0.0024583185504162474
2024-04-12,0.0018493317338066162
2024-04-15,0.00410897666729624
2024-04-17,-0.00023125652574931043
2024-04-19,-0.0005434583379188207
2024-04-19,0.0006201426439605773
2024-04-22,-0.0017985203197200738
2024-04-23,0.004461208748978021
2024-04-24,-0.0007366862627197412
2024-04-25,-0.0032052576381737174
2024-04-26,0.0006779757830147415
2024-04-26,0.0007012401673286229
2024-04-30,-0.00017799867438807792
2024-04-30,-0.001845243593687671
2024-04-30,0.006191748709121627
2024-05-01,-0.013709886559032623
2024-05-09,-0.0013914465444048374
2024-05-09,0.0004633051726886461
2024-05-14,-0.000984325405435602
2024-05-14,-0.00038223715307730057
2024-05-15,0.004819389345579996
2024-05-16,-0.000543798029346807
2024-05-20,-0.00050591609313124
2024-05-20,-0.00042660108746519267
2024-05-20,-0.0008788338145176077
2024-05-22,-0.003896609538904048
2024-05-23,0.001476142945036154
2024-05-24,-0.0005074329551244738
2024-05-31,0.00037524851033041926
2024-05-31,-0.0001536984144717901
2024-05-31,0.0001167933313333891
2024-05-31,-0.0012898848217922842
2024-06-03,-0.0007308457510174704
2024-06-03,0.0007741880530622658
2024-06-04,-0.0014166169471475842
2024-06-05,0.0036775083439338574
2024-06-11,-0.001931004173898152
2024-06-12,0.00022090039509490512
2024-06-12,-0.000867833082879097
2024-06-17,0.0030412892686727333
2024-06-20,-0.0019299842408510215
2024-06-21,-0.0009565471535194691
2024-06-24,-0.000517721030189564
2024-06-24,0.0009207921328694213
2024-06-27,-0.0011233641303739694
2024-06-28,0.0007028327980368254
2024-06-28,-0.001722516385589754
2024-06-28,0.0011200834881269573
2024-07-01,-0.0015970267367086044
2024-07-02,0.004226528429135714
2024-07-05,-0.0008735886893925992
2024-07-05,0.003195499817176908
2024-07-10,0.004017724784082113
2024-07-11,0.005756544223303053
2024-07-12,0.0019291631448451274
2024-07-15,-0.001549661608006645
2024-07-17,-0.0011783533541684021
2024-07-18,0.0016470458178393455
2024-07-19,-0.0001241870376588383
2024-07-19,-0.0023420033145765884
2024-07-19,2.047808448699895e-05
2024-07-23,-0.001199804652420442
2024-07-23,-0.000510091671619215
2024-07-24,0.010076071971388469
2024-07-25,-0.0011998788036885677
2024-07-25,0.0007405736710071964
2024-07-25,-0.001795969000521056
2024-07-26,-0.0006140383815519601
2024-07-26,-0.0006486573231431403
2024-07-30,0.00030462310435339866
2024-07-31,0.00037281107239915066
2024-07-31,-0.006170088729977394
2024-08-01,-0.00798847751935907
2024-08-01,0.008095834064698139
2024-08-02,0.003817303778914407
2024-08-02,-0.0010576933853948733
2024-08-02,0.0018414420143209953
2024-08-02,-0.001273952973799639
2024-08-02,-0.0015143596787262825
2024-08-06,0.0014631892762627463
2024-08-06,-0.007076861346958083
2024-08-07,-0.0044475075353015625
2024-08-08,7.237534930335744e-05
2024-08-08,0.0011110022898542593
2024-08-12,-0.005576875416626457
2024-08-13,0.0009526154313715752
2024-08-22,-0.0035700286441168383
2024-08-22,-0.0026421951342649108
2024-08-22,-0.00038965440259022046
2024-08-23,-0.0040216395073199495
2024-08-26,-0.0021514171751494593
2024-08-28,-0.0005217553575262079
2024-08-29,0.0023054509321370565
2024-08-30,-0.0008100406235686175
2024-09-03,0.011658928485324661
2024-09-04,-0.003358811419518679
2024-09-05,-0.0032263410239964574
2024-09-05,-0.00121342836319007
2024-09-05,-0.005430939146765643
2024-09-06,0.013437240322490697
2024-09-09,-0.000309396324112774
2024-09-11,0.000375947206306495
2024-09-11,-0.004323665568908639
2024-09-11,0.004809152135642905
2024-09-12,-0.00032442838479376015
2024-09-13,-0.0007147032241559192
2024-09-13,-0.0019865863631366642
2024-09-13,-0.0003128205679700158
2024-10-01,0.0020269658484486164
2024-10-01,-0.0007557139193400597
2024-10-01,0.000586773382895569
2024-10-01,-0.0016696056682915716
2024-10-01,-0.002071779161910834
2024-10-01,9.898596065580857e-05
2024-10-01,0.00019525598040457615
2024-10-01,0.002745528228488594
2024-10-07,0.0029133307450222934
2024-10-08,-0.0010720301386379005
2024-10-08,0.0022640886105952185
2024-10-09,0.003779357170589839
2024-10-11,0.002537996773164777
2024-10-11,0.001206872633536229
2024-10-14,-0.000929949654663662
2024-10-14,-0.0001145405739981986
2024-10-14,0.001502742507896706
2024-10-15,0.0036070509266218154
2024-10-16,-0.0007036836500275067
2024-10-21,-0.002609847470208002
2024-10-23,-0.001638552625460663
2024-10-23,0.00037533937825804607
2024-10-25,0.00010474207447473073
2024-10-25,-0.0017388039160562063
2024-11-04,-0.0020167802306686666
2024-11-05,0.001643455249257333
2024-11-05,0.0029097839580992458
2024-11-07,-0.0004735305668322121
2024-11-07,-0.0006236398566639356
2024-11-07,-0.000770786703877444
2024-11-08,0.00038394219204982647
2024-11-08,0.00028713228168517844
2024-11-12,-0.0017177269032223807
2024-11-14,0.002370908389458728
2024-11-15,0.0051073779810448606
2024-11-18,-0.0002622968151392491
2024-11-19,-0.0013496974993203658
2024-11-20,-0.00011855792009009879
2024-11-20,-0.001598372621807973
2024-11-20,-0.0006807060969665968
2024-11-20,0.00013959100232483702
2024-11-20,-0.0017914610496606786
2024-11-21,-0.00675931167863588
2024-11-22,-0.0035515085621680353
2024-11-22,-0.0021876156747099506
2024-11-27,0.00031212520240662343
2024-12-06,-0.0005383378328443133
2024-12-09,-0.001049379376687607
2024-12-09,-0.000753076606196632
2024-12-09,0.0011076402788442264
2024-12-10,-0.0003125020158948533
2024-12-11,-0.00027458198667253743
2024-12-11,2.342226521587998e-05
2024-12-12,-0.000285122641697686
2024-12-12,0.000779710707118666
2024-12-13,-0.0011987863330805903
2024-12-16,-0.0006150389210512119
2024-12-17,-0.0012982353592635642
2024-12-18,0.0009292989234726901
2024-12-18,-0.008995735064585196
2024-12-18,0.023351135961478843
2024-12-20,0.006769660782615852
2024-12-23,-0.0023381760257676
2024-12-23,-0.0005795514824387315
2024-12-26,8.089819979382407e-05
2024-12-26,-0.0011576585675185025
2024-12-27,0.003610132041488503
2024-12-27,0.0008255244759780367
2024-12-27,-9.64293701216845e-05
2024-12-27,-0.0021966641531555786
2024-12-27,-0.0023771030914047286
2024-12-30,-0.0033510170695933072
2024-12-31,-0.002278219331751783
2025-01-02,-0.004036100086389569
2025-01-02,-0.0007392753874370305
2025-01-02,-0.003988288262695725
2025-01-03,0.0008741703984903393
2025-01-03,0.000551219452180709
2025-01-06,0.0008623130245285293
2025-01-07,0.0018876046282420922
2025-01-07,0.0038229856894635783
2025-01-08,-0.0019272071595525441
2025-01-10,0.0022800864566163504
2025-01-10,-0.0030298925608324345
2025-01-10,-0.00033522379619812306
2025-01-15,0.0005700194673138115
2025-01-28,-0.0018992271837485952
2025-01-28,0.001083121167476977
2025-01-29,-0.004981992904879238
2025-01-31,-7.855799582370037e-05
2025-01-31,-0.00010171219093493055
2025-02-04,0.0013656132671654242
2025-02-04,0.003219287661591388
2025-02-07,-0.00544283703936401
2025-02-07,0.006258202843587781
2025-02-13,-0.0018259702881193917
2025-02-13,0.002273608230747828
2025-02-20,-0.0006597269545253392
2025-02-20,0.0002763644445502389
2025-02-20,-0.0010397114340566982
2025-02-21,0.013804187100182476
2025-02-24,-0.0022066001767543563
2025-02-25,0.0034354866185044375
2025-02-25,-0.000789775473522567
2025-02-25,-0.001988559666899501
2025-02-25,0.0017280020398110297
2025-02-25,-0.0016386953211594757
2025-02-25,-0.0037874917310262357
2025-02-26,0.0005544813711098962
2025-02-26,-0.005151960868261993
2025-02-27,-0.0050965409242519554
2025-02-27,0.009500297157311245
2025-02-28,-0.0038676799629863345
2025-02-28,0.00734627527102081
2025-03-03,0.006998124597364355
2025-03-04,-0.0005642417924737386
2025-03-04,-0.003248149465945669
2025-03-04,-0.0017329149269104316
2025-03-05,-0.002457583348673873
2025-03-05,0.0026890425367235094
2025-03-06,-0.0007267193200008104
2025-03-07,-0.0046180206051348515
2025-03-07,-0.0025194467117565433
2025-04-02,-0.0005159939809559399
2025-04-03,-0.002925571993950846
2025-04-03,0.0024223293508678157
2025-04-04,0.020565849142351135
2025-04-08,0.0017539885415620371
2025-04-09,-0.0017184863422501561
2025-04-09,0.036451121219989925
2025-04-10,0.008650684983065184
2025-04-11,-0.003508223558450061
2025-04-11,-0.0028592773009624905
2025-04-21,0.01360881476174012
2025-04-22,-0.004180439494569497
2025-04-23,0.0005851492162137562
2025-04-24,0.010243392937234842
2025-04-30,-0.008465339250592584
2025-05-01,-0.00024668210791802594
2025-05-08,-0.0042960163050013355
2025-05-13,-0.00025282153854601976
2025-05-15,-0.001395048932913998
2025-05-16,0.0005867265710180836
2025-05-21,0.002926020433319445
2025-05-22,-0.0022901311321704898
2025-05-22,0.0003140704543250572
2025-05-22,-0.004738725034347377
2025-05-27,0.0052304474890068975
2025-05-30,-0.0044434123836251315
2025-05-30,-0.0013662668538631162
2025-05-30,-0.004182017947657399
2025-06-03,0.0031024617286562273
2025-06-05,-0.0031837886276559124
2025-06-06,-0.0020312593014795354
2025-06-12,-0.0005710795216595987
2025-06-13,-0.003930295773264667
2025-06-16,0.00030986133599895325
2025-06-16,-0.0004031737104319899
2025-06-16,-0.00027262295932985794
2025-06-16,-0.0005393742709055771
2025-06-16,-0.0018073259232381988
2025-06-17,-0.00024476819572573973
2025-06-18,-0.001740747833827625
2025-06-20,-0.0012617972049197212
2025-06-20,-0.0008948266095357904
2025-06-20,0.00011614739575058986
2025-06-23,-0.0004551221938379402
2025-06-23,0.0037201733569672624
2025-06-24,-5.762446037162805e-05
2025-06-24,0.00035018953204533297
2025-06-26,-0.000549186928421228
2025-06-26,0.001736655495633379
2025-06-27,-0.00045853684295129373
2025-07-02,-0.0002911550876766511
2025-07-02,-0.0002682065482279206
2025-07-07,-0.0034997757067584323
2025-07-09,-0.0016480686226261398
2025-07-10,-3.9826911358529226e-05
2025-07-10,0.00010867559715830533
2025-07-17,-0.0006408392344441549
2025-07-17,0.004006834378002735
2025-07-21,0.00015732238893759965
2025-07-21,-0.0006176964121527217
2025-07-22,-0.0017815682010552591
2025-07-25,0.0003459852181227707
2025-07-29,-0.0009930258708349604
2025-07-29,-0.0002932009521338297
2025-07-30,-0.00279671933406602
2025-08-01,-0.003462967157226069
2025-08-01,-0.0011312831445665838
2025-08-01,-0.000459368331683272
2025-08-01,0.003984866985697868
2025-08-04,0.0030465298400491414
2025-08-05,-0.003050516012422919
2025-08-05,-0.00097595582403178
2025-08-06,0.0010631562939239303
2025-08-07,-0.001283394051576312
2025-08-07,-0.001106165722980188
2025-08-08,-0.00012080908578129045
2025-08-08,2.3557805000165023e-05
2025-08-08,-0.0001890483703421908
2025-08-12,0.0022320945772505785
2025-08-15,-0.0005235377850688816
2025-08-19,0.0014311721007539214
2025-08-20,-0.001770820575715113
2025-08-20,-0.001757686830419567
2025-08-20,-0.00046122057693222864
2025-08-20,-0.0015040935811136058
2025-08-22,0.0016618341349144772
2025-08-29,0.0010949214874670177
2025-08-29,5.002636670812466e-05
2025-08-29,3.594787099423735e-05
2025-08-29,-0.0007662784628902552
2025-09-02,-0.0007651751541403384
2025-09-04,0.0032678762654670757
2025-09-05,-0.0010642186331059266
2025-09-11,0.0028273155406502793
2025-09-15,-0.00011960993870099078
2025-09-17,-0.0005879539972465575
2025-09-17,-0.003996672139410149
2025-09-18,-0.0025014082576379137
2025-09-18,-0.0010429788155976926
2025-09-22,-0.00014088422895399465
2025-09-22,0.0011855787128994622
2025-09-23,0.00032173745408013097
2025-09-24,-0.0011707432928697225
2025-09-24,-0.0003107097389808611
2025-09-25,-0.004625949498983448
2025-09-25,-0.002160546269028971
2025-09-26,-0.004707742175601235
2025-09-26,0.0005937442093087797
2025-10-01,0.0007645048337373362
2025-10-03,-0.001688680678714769
2025-10-07,7.999425823499663e-05
2025-10-08,0.000503168174620019
2025-10-08,0.0002412630790152659
2025-10-09,0.0007250190848143512
2025-10-09,-0.0005720949397093533
2025-10-10,-0.0007283341223680772
2025-10-10,0.023750970795124206
2025-10-13,-0.003253986814058105
2025-10-13,-0.0005332988605341238
2025-10-13,-0.002829825664977601
2025-10-15,-0.0010760007575600005
2025-10-16,0.0015594051495494221
2025-10-17,-0.00426580945401269
2025-10-17,-0.0005470609249885938
2025-10-20,0.0032698682076373964
2025-10-20,-2.363100477873469e-06
2025-10-22,-0.0010962857120596836
2025-10-22,-0.001725888706794929
2025-10-22,0.00016488066046380868
2025-10-23,-0.0009173361914964961
2025-10-23,-0.000307265771465024
2025-10-23,0.00010105245051948098
2025-10-23,-0.001505921626439275
2025-11-05,0.0037422757730139833
2025-11-06,-0.000719988623168486
2025-11-06,-0.0037393100728545714
2025-11-07,0.00030522849404766237
2025-11-07,-0.0009868414355957067
2025-11-07,-0.0020940884218913136
2025-11-10,4.7127993107667355e-05
2025-11-13,-0.00021737205456941799
2025-11-13,0.006549074853834138
2025-11-14,-0.0015674879757846738
2025-11-17,0.00036685787322263906
2025-11-18,-0.0046710201779017945
2025-11-19,-0.004157061896251
2025-11-20,0.008867827843744493
2025-11-21,-0.0036462349971535723
2025-11-21,-0.005027300930260401
2025-11-24,0.004714106845751334
2025-11-25,-0.00034031205785858056
2025-11-25,0.0006547580144379084
2025-12-05,-0.0017783268487310466
2025-12-10,-0.000632336733880765
2025-12-11,-0.0053064172723419544
2025-12-12,-0.0003439086124305191
2025-12-12,0.0030390838489060346
2025-12-15,-0.002154710943650293
2025-12-16,-0.0033197093224702967
2025-12-17,0.004489980957443331
2025-12-18,-0.00031793994352970813
2025-12-19,-0.0011026765613158162
2025-12-19,-0.0003165962345173168
2025-12-19,0.0022626939376245514
2025-12-23,0.000373937607828092
2025-12-31,-0.0012712691711433055
2025-12-31,0.0032516878554018436
2026-01-05,-0.0003569563019361266
2026-01-06,-0.0016427810278332377
2026-01-06,0.001162850379706406
2026-01-09,0.0005453355216623402
2026-01-09,0.001573537747449818
2026-01-13,-0.001556726109809634
2026-01-13,-0.0015357392701588401
2026-01-14,-0.0007498307577195251
2026-01-14,0.0014637686126096417
2026-01-14,-0.00012510929770983336
2026-01-14,4.691918740371781e-05
2026-01-14,-0.001749651502961489
2026-01-20,0.001884034684297522
2026-01-21,-0.0036699942275137043
2026-01-21,0.0008195523926762616
2026-01-26,0.0007090943538124806
2026-01-27,-0.0011979734208116466
2026-01-29,0.0007976113462727441
2026-01-29,6.138905491180014e-05
2026-01-29,0.0003923387972758285
2026-01-29,-0.0021603029423466124
2026-01-29,0.0012434944035631746
2026-01-29,-0.0006749749076590183
2026-01-29,-0.004004635972787127
2026-01-30,-0.003409163186261075
2026-02-02,0.0009651847237680334
2026-02-03,0.0003973798405068973
2026-02-03,0.0018663602899995158
2026-02-04,-0.002638610678054396
2026-02-05,-0.004534124644074342
2026-02-06,0.009192817889165907
2026-02-09,-0.00019494434481617028
2026-02-09,-0.0018803313921881481
2026-02-12,0.011060918647376107
2026-02-17,-0.0031481442401079173
2026-02-18,0.001892838320419179
2026-02-18,0.00034395252024741694
2026-02-20,-0.00402385804607299
2026-02-20,-0.004879389345032645
2026-02-20,-0.0010445861677537338
2026-02-23,0.0008778538965572369
2026-02-23,-0.00061695684470777
2026-02-24,-0.00139126588328766
2026-02-24,-0.0007056753952884498
2026-02-24,-0.0008829446009961583
2026-02-24,-0.000852550937358052
2026-02-26,0.0027056890828554914
2026-02-26,0.001957861384230244
2026-02-26,-0.001970934915638176
2026-02-26,-0.000632650187003223
2026-02-26,-0.000998242918802592
2026-03-03,0.0006210209126414701
2026-03-04,-0.0005604110205074319
2026-03-04,-0.0012922556519524763
2026-03-05,-0.004610826281768696
2026-03-06,-0.004826422074002987
2026-03-30,-0.004013498051957185
2026-03-30,-0.0013835736100845852
2026-03-30,0.004854906652479654
2026-03-31,-0.00629949880825966
2026-03-31,0.0055661731302317575
2026-04-01,-0.0010752648709146028
2026-04-06,-0.00016128743850243098
2026-04-07,-0.0006772890301097933
2026-04-07,-0.0019913869517559557
2026-04-09,-9.75365879503287e-05
2026-04-09,-0.0025357763069141703
2026-04-14,0.004783014478655903
2026-04-17,0.002082454108691103
2026-04-17,-0.0008069080218848978
2026-04-21,-0.0017299504529219223
2026-04-21,-0.0018219053976217458
2026-04-23,-0.0008825224017105148
2026-04-24,-0.0011861118368105194
2026-04-24,-0.0009112295989367669
2026-04-24,0.00015168416345532566
2026-04-30,0.0015968455163731599
2026-05-01,-0.0020070037753110647
2026-05-01,7.03918270925863e-06
2026-05-04,-0.0014436893307335974
2026-05-04,-0.000469015778157853
2026-05-05,-0.0002858300000292613
2026-05-05,-0.0006761345856698608
2026-05-05,-0.0003294094865883479
2026-05-06,0.0017082786758785074
2026-05-06,0.0040648053720043565
2026-05-07,-0.0009429612791755004
2026-05-08,-0.0004882866620975678
2026-05-11,-0.0003636622534164613
2026-05-11,-0.000559587201461007
2026-05-11,-0.00227806885526318
2026-05-12,0.00105898017103643
2026-05-12,-0.0010715575226835283
2026-05-13,-0.001880714701009054
2026-05-13,0.000929490790738321
2026-05-14,0.001157070897287762
2026-05-14,0.0017007328702865832
2026-05-15,-0.002684844529147543
2026-05-18,-0.0024939557879716445
2026-05-18,-0.005213146081627504
2026-05-19,-0.0010746058444396555
2026-05-19,-0.0012310707849724411
2026-05-20,0.004480768858065789
2026-05-22,-0.0024709437520845845
2026-05-26,-0.0002921486203192525
2026-05-28,0.002556733782828149
2026-05-29,-0.0015941908434699203
2026-06-01,-0.001460032789052621
2026-06-03,-0.0011480524160495586
2026-06-03,0.0008022871939090482
2026-06-03,-0.0005172278018134224
2026-06-03,0.00024251188036837013
2026-06-04,-0.0007310052383583598
2026-06-05,0.01471825910203426
2026-06-09,0.0034975475544134294
2026-06-09,-0.002261187611487434
2026-06-09,-0.003367296007221874
2026-06-10,0.0025929558238311024
2026-06-11,0.006834367916813557
2026-06-12,-0.007179682670239849
2026-06-15,0.0024580552428358016
2026-06-16,3.64326845228935e-05
2026-06-17,0.006753974945211219
2026-06-22,-0.004659889512794633
2026-06-22,0.0003807365085364078
2026-06-24,-0.00221398518948692
2026-06-25,-0.007805289944285663
2026-06-29,0.0005123739794280291
2026-06-30,-0.0008068098043614502
2026-06-30,0.0006595818377842311
2026-07-01,-0.002546645696062242
2026-07-02,-0.0038497528882249976
2026-07-02,-0.0010563027923850199
2026-07-07,-0.0010353358773390808
2026-07-08,-0.0009518609479991702
2026-07-09,0.0005704715886393008
2026-07-13,-0.0005436287910244508
2026-07-13,-0.0012039352911675993
2026-07-16,-0.0022255343958556195
2026-07-21,-2.8312906444358798e-05
2026-07-23,-0.0027832419601171643
2026-07-24,-0.0021030557766306334
2026-07-27,-0.0022497710891408373
2026-07-28,-0.0018042098015914809
2026-07-28,-0.001335210594177647
2026-07-28,-0.0013768276265921009
2026-07-28,-0.0018930269364231455
2026-07-29,0.002071866662731827
2026-07-29,-0.0009574939370998936
2026-07-29,-0.0013659128704580836
2026-07-29,-0.006393630311394636
2026-07-29,0.007390957804476164
2026-07-30,-0.0030747109866579225
2026-07-30,0.0039931475893822755
2026-07-31,-0.0011783059304662146
2026-08-03,0.005441342334410051
2026-08-04,0.01018192567572105
2026-08-11,-0.000765858225188285
2026-08-13,0.00018653830810908768
2026-08-13,-0.002164425636848064
2026-08-24,-0.00030151456100648623
2026-08-26,-0.0024931326209030246
2026-08-27,-0.0012613875398699492
2026-08-28,-0.005104831972921906
2026-08-28,-2.2634768804283833e-05
2026-08-28,-0.0005995420686887498
2026-08-31,0.0002184285111795714
2026-08-31,-0.0006821754775908828
2026-08-31,-3.850481320379684e-05
2026-08-31,-0.0007960399656780281
2026-09-02,-0.0006287584772754129
2026-09-02,6.171388259388567e-05
2026-09-02,-0.00041143494980257824
2026-09-02,3.4990432095629576e-05
2026-09-02,0.00045422497127254544
2026-09-03,-0.0012891713652936265
2026-09-03,0.00017773093515325523
2026-09-04,-0.0019405231798758282
2026-09-04,-0.0005568769665772666
2026-09-04,-0.00032165742731961935
2026-09-08,-0.00036467894210691967
2026-09-08,-0.0001996706179600216
2026-09-08,0.0009554880416756473
2026-09-09,-0.0018893477390919044
2026-09-10,-0.0025985950185158013
2026-09-11,-0.0009020076567049151
2026-09-15,-0.00034441464080660957
2026-09-15,-1.5262099166932774e-05
2026-09-15,0.0003132932196495486
2026-09-16,-0.0004172025654777456
2026-09-18,-0.0005726561581268696
2026-09-18,-0.0008733672306881135
2026-09-21,0.007590025141327763
2026-09-23,0.000356563785142463
2026-09-23,0.0015925718701999903
2026-09-23,0.0014564214162929657
2026-09-28,-0.0017951218231430288
2026-09-29,-0.0005874560047903965
2026-09-29,-0.0013118546924743213
2026-09-30,7.546468669548335e-05
2026-10-01,-0.0004137067088957536
