date,r
2011-09-02,0.0006134242410370361
2011-09-02,0.0014253004889802467
2011-09-06,0.003954470475316924
2011-09-07,0.0016937318491760777
2011-09-07,-0.00745500927485167
2011-09-08,-0.0029257155577333714
2011-09-12,0.001971407795175667
2011-09-12,0.005721567481453233
2011-09-15,-0.004577961185360152
2011-09-15,-0.0002974159339434068
2011-09-16,0.009694601667894803
2011-09-19,-0.0024373393350669735
2011-09-19,0.0051359947366830085
2011-09-20,-0.003103779786384003
2011-09-22,-0.0022777420839134198
2011-09-22,0.001539171674432499
2011-09-22,-0.002040287050413608
2011-09-23,-0.004079969950535961
2011-09-23,0.016840135960701646
2011-09-26,-0.008893894326659563
2011-09-28,0.006114048002323386
2011-09-29,-0.005263062821419767
2011-10-04,0.014375802508674634
2011-10-05,-0.0008751571627115983
2011-10-05,-0.0036783486920659745
2011-10-05,0.0006575246541157099
2011-10-06,-0.004444943784808769
2011-10-07,-0.0026375883197786885
2011-10-07,-0.002978411806827802
2011-10-13,-0.0005559843095016725
2011-10-17,-0.0045194686289617035
2011-10-18,-0.002983082327540648
2011-10-19,-0.0035351485539208026
2011-10-19,-0.001408412130465181
2011-10-20,-0.0011200709621862648
2011-10-20,-0.0017222829983944033
2011-10-21,-0.003574464619508183
2011-10-25,0.013107517630787196
2011-10-26,-0.002831102582119066
2011-10-26,0.0026047083747845314
2011-10-27,0.006469006904035496
2011-10-31,-0.0009450544731296639
2011-10-31,-0.0011216092671223643
2011-11-01,-0.0037478206908198195
2011-11-02,-1.5605300441551253e-05
2011-11-03,-0.0016090594218898413
2011-11-09,-0.004977127530889097
2011-11-10,-0.005263955252142199
2011-11-11,0.0034376355643287284
2011-11-15,-0.0026067141524470814
2011-11-16,0.0031699166300269534
2011-11-16,-0.002724906921562592
2011-11-17,-0.0038222681567586956
2011-11-17,0.010693624709137133
2011-11-21,0.010462355976463816
2011-11-22,-0.0017627925484151763
2011-11-22,-0.001593181354722878
2011-11-22,0.001050411932971823
2011-11-23,-0.002242139002337845
2011-11-28,-0.0035913639887193037
2011-11-30,0.0016090302084959928
2011-11-30,-0.0002621293055958984
2011-11-30,0.0011595155229121412
2011-12-01,-0.0010101870977400507
2011-12-06,-0.001110291273051972
2011-12-06,-0.0009339280022647888
2011-12-07,-5.010275314955567e-05
2011-12-07,0.0015720456050821563
2011-12-08,0.00033575792676652784
2011-12-12,0.0040127981879546195
2011-12-13,-0.0019741121022170014
2011-12-14,0.018605559412819366
2011-12-15,-0.004376793862803779
2011-12-15,-0.002577932409574618
2011-12-20,0.0009358850482076132
2011-12-20,-0.0028880558945454547
2011-12-22,-0.000505183516954849
2011-12-28,0.010546885079346962
2012-01-03,-0.0002832373590363646
2012-01-03,0.0009252312685260445
2012-01-04,-0.0015840973965984995
2012-01-04,-0.0013265707409937544
2012-01-05,-0.0014278936674762155
2012-01-13,-0.0007955644203957612
2012-01-13,-0.0016315508455581218
2012-01-18,0.00028859297754667
2012-01-19,-0.0024635355659058554
2012-01-19,-0.00041925139052713666
2012-01-20,0.0012617984195838316
2012-01-24,-0.0013370800056081878
2012-01-25,-0.0014852241005109013
2012-01-25,0.012540909927052462
2012-01-26,0.00025740108968195786
2012-01-26,-0.0005026080198824611
2012-01-26,0.0009074472101358978
2012-01-26,-0.001992479111692885
2012-01-26,0.00034489031820448824
2012-01-27,-0.0021911635983190734
2012-01-27,0.00027894030167239793
2012-01-31,-0.0008354488328781328
2012-02-02,-0.00017550753179175756
2012-02-03,0.00631481820558642
2012-02-07,0.008639458643838176
2012-02-08,-0.0037213988319758804
2012-02-08,0.001964402365300916
2012-02-09,0.0001045246912932785
2012-02-13,-0.0018660636619113491
2012-02-15,0.00043540979677768045
2012-02-16,-0.0020924379222137133
2012-02-21,-0.0006514770023717974
2012-02-21,0.006724230906932066
2012-02-23,-0.0022805454500881726
2012-02-28,-0.0009166882950823074
2012-02-29,-0.001008938177410229
2012-02-29,0.035149968024739006
2012-03-01,-0.00430048032756582
2012-03-01,-0.002056128461996004
2012-03-06,0.005449351108755646
2012-03-09,-0.0016132660843083569
2012-03-09,-0.00905893750205879
2012-03-09,-0.0002664278501752937
2012-03-13,-0.0018884909544753137
2012-03-14,-0.0024828272512477266
2012-03-14,5.87891243560679e-05
2012-03-14,-0.0015831539225076463
2012-03-14,-0.0015106481492831614
2012-03-15,0.0014648511316196322
2012-03-21,-0.0011310964495274856
2012-03-23,0.0038137764030115985
2012-03-26,-0.0011475854566149913
2012-03-27,-0.0003987121589109799
2012-03-29,-0.00022610100789334782
2012-04-02,-0.000633836563376694
2012-04-04,-0.0024277654750159026
2012-04-05,-0.0012776093945921108
2012-04-05,-0.0029670951040662473
2012-04-09,0.0005941823175917683
2012-04-10,0.0036751587955731026
2012-04-12,0.007767928812495534
2012-04-13,-0.0014768040645673109
2012-04-13,-0.001918345742116706
2012-04-17,-0.002524078472725527
2012-04-19,-0.000779229000101983
2012-04-19,-0.0036936172708663837
2012-04-25,-0.00263684354505313
2012-04-25,-0.007465339038815871
2012-04-26,-0.0012656037783328633
2012-04-26,-0.0009368870255625105
2012-04-26,-3.228447331350967e-05
2012-04-27,-0.0008860927073489788
2012-04-27,-0.000687083676400707
2012-04-30,-0.003972157046145191
2012-05-02,-0.0014021594389540704
2012-05-02,-0.0009893331699341202
2012-05-03,0.002684134519047682
2012-05-04,-0.005521954649397326
2012-05-04,0.0020821948771304446
2012-05-08,0.006869246498882192
2012-05-09,-0.0036125568700796805
2012-05-10,-0.002450962839853593
2012-05-15,0.0004309025812495426
2012-05-15,-0.0025409747083894483
2012-05-17,0.0015520100415663373
2012-05-22,-0.0031511082983221193
2012-05-23,0.004782389505300283
2012-05-24,-0.0003752119055480285
2012-05-24,-0.0007748248340600116
2012-05-25,-0.0010834932390177022
2012-05-29,-0.001777548686525482
2012-05-29,-0.002307724299003738
2012-05-29,0.005819599346566601
2012-05-30,-0.004130310887785832
2012-05-30,0.0012549962471687214
2012-05-31,-0.00028673011958326166
2012-06-01,0.02136333590714488
2012-06-07,-0.002271906840324872
2012-06-07,0.018130393080735257
2012-06-12,-0.0001566220589863831
2012-06-12,-0.0007902668238677523
2012-06-12,0.0015892847418764566
2012-06-13,-0.0007047001895459536
2012-06-14,-0.0008747534276311197
2012-06-21,0.005496427846402569
2012-06-25,0.000159239781612236
2012-06-25,0.000990024162213482
2012-06-26,-0.0007485353504607272
2012-06-26,-0.0015292644700765246
2012-06-28,0.00922421468066979
2012-06-29,0.0008031367825375003
2012-06-29,0.005374901491414935
2012-07-05,-0.001673560457617146
2012-07-05,0.00021117858870865484
2012-07-05,-0.0025689754071948233
2012-07-06,0.007275543209802266
2012-07-10,-0.0005882771836684008
2012-07-11,-0.004085808027351051
2012-07-13,-0.0005097690275406463
2012-07-17,-0.0026127759255868575
2012-07-18,-0.0016826255895882214
2012-07-25,-0.0012538055734335918
2012-07-25,-0.0012303024614669534
2012-07-25,0.0020989520223252236
2012-07-31,0.0017268352035151146
2012-08-01,0.0025196221472284343
2012-08-01,-0.00032510073198634414
2012-08-01,9.912447962999175e-05
2012-08-01,-0.0010799015928374567
2012-08-01,0.0005227650556831443
2012-08-02,0.008214601528308312
2012-08-10,-0.001436451031819902
2012-08-14,-0.0018013555002148907
2012-08-14,-0.0003064910885736294
2012-08-16,0.0018641429178675006
2012-08-21,0.000896799403541021
2012-08-21,-0.00045951270479562266
2012-08-21,0.001904135568691384
2012-08-23,0.0006208596381614807
2012-08-29,-0.0019171430536672085
2012-08-31,-0.0022291021068713444
2012-08-31,0.0063050022788418815
2012-09-07,0.006029428466728254
2012-09-11,-0.0011849949297084883
2012-09-13,0.01141850472239479
2012-09-21,-0.0016642647205459438
2012-09-25,-0.0004166691280585055
2012-09-25,-0.0006421969165497809
2012-09-26,-0.0016601789333216155
2012-09-26,-0.00011298511921954964
2012-09-26,-0.005793348423409078
2012-09-26,-0.002730691953287584
2012-09-27,0.0037498510868104575
2012-09-28,-0.0013307934627952045
2012-09-28,-0.0004962478232560962
2012-10-01,-0.0029579392297307714
2012-10-01,-0.00041004157388848105
2012-10-01,0.00063105745686452
2012-10-01,-0.0009780016076224197
2012-10-02,-0.001712318321497225
2012-10-05,-0.003223379833950174
2012-10-05,0.001415336902249692
2012-10-09,-0.0012078732743093957
2012-10-12,-0.0012523950635704606
2012-10-12,0.0012962371428866081
2012-10-15,-0.002652636043397066
2012-10-15,0.0006693527980427939
2012-10-19,-0.00014882637299353237
2012-10-24,0.0004953412657633217
2012-10-24,0.0008485675430861373
2012-10-26,-0.00027757567612609056
2012-10-31,-0.0018120735798360544
2012-11-02,0.012040807727659013
2012-11-06,-0.00036344047777349674
2012-11-06,0.010285596430978577
2012-11-07,-0.0015558118536151023
2012-11-07,-0.001714696047770209
2012-11-07,-0.0011271136295999574
2012-11-09,-0.001990377360481371
2012-11-13,-0.004522903663141026
2012-11-14,-0.0013048677309102253
2012-11-14,-0.0014701785995954342
2012-11-15,-0.004481236827949336
2012-11-15,-0.0005056156563599978
2012-11-19,-0.0002582306553764624
2012-11-19,-0.00036813729717490306
2012-11-19,0.001573842281655674
2012-11-20,0.0011955887999281877
2012-11-23,0.0027846309085818146
2012-11-27,-0.000812826435660513
2012-11-28,-0.00030115113944497173
2012-11-28,-0.0014331122313798906
2012-11-28,-0.00024245814803149353
2012-11-28,0.00018870095923405054
2012-11-28,-0.001926555374982003
2012-11-28,0.0016889368142255334
2012-11-30,0.0032402709643769402
2012-12-04,-0.0019151282614514765
2012-12-05,-0.0036953995245773306
2012-12-06,-0.0005919496834484616
2012-12-06,0.0003617366417921597
2012-12-07,-0.006741915372284207
2012-12-11,0.0006874490456531935
2012-12-18,0.004255263648681657
2012-12-19,-0.001792704093845371
2012-12-20,0.006781993152852534
2012-12-21,-0.0028427036197649245
2012-12-21,0.0019000958981655158
2012-12-26,-0.002102196870051215
2012-12-31,-6.820970521239085e-05
2013-01-02,-0.0005821745784783283
2013-01-08,-0.0008350605884205497
2013-01-08,-0.0027781106797958475
2013-01-09,-0.00021933077026105581
2013-01-09,-0.0013689442610475167
2013-01-10,0.004391752970905977
2013-01-11,-0.0009182940830930907
2013-01-17,-0.0064338079115861145
2013-01-23,-0.00147449352834918
2013-01-28,-0.0015869025450580166
2013-01-30,0.002419319786789759
2013-01-31,0.0034951039638230043
2013-02-01,-0.0017896209511394535
2013-02-01,0.0010274167999094585
2013-02-01,-0.0016173503515915122
2013-02-01,0.0013394601906481062
2013-02-01,-0.0012108628898536312
2013-02-04,-0.0005156381331280657
2013-02-05,-0.0063109314004145154
2013-02-05,-0.0023594015183913295
2013-02-07,-0.004684944826243947
2013-02-11,-0.001324552317592559
2013-02-11,-2.0098346586355755e-05
2013-02-11,-0.0009977066938354929
2013-02-14,0.00034072994036669636
2013-02-15,0.004742986067610683
2013-02-19,-0.0009924169422567298
2013-02-20,0.0041877666328657805
2013-02-22,-0.0010358517249286104
2013-02-22,-0.0011047148578845645
2013-02-26,0.0013188883382931726
2013-02-27,0.0006943635835950757
2013-02-28,-0.0003405117367932975
2013-02-28,0.002061139330240086
2013-03-01,-0.0005246381304200464
2013-03-01,-0.0004932549749727843
2013-03-06,-0.004953516971447763
2013-03-08,-0.0016470134661154157
2013-03-08,-0.005794540802903553
2013-03-13,-0.001424351171808519
2013-03-18,-0.0004735961144858469
2013-03-18,-0.0017772560591940046
2013-03-19,-0.0006713310808849237
2013-03-19,-5.053804726464214e-05
2013-03-21,-0.002296825990731127
2013-03-21,0.0007681418756516457
2013-03-21,-0.0001248990047513387
2013-03-21,-0.00042858748472131557
2013-03-22,-0.0013085908012596848
2013-03-26,-0.0017720904118473547
2013-03-27,0.002777136354016202
2013-04-02,0.006298104594079962
2013-04-03,0.008241651066514515
2013-04-05,-0.0011125283626242267
2013-04-05,0.0019406541029253043
2013-04-05,0.007279189224017252
2013-04-09,0.006010006473558299
2013-04-10,0.00034984206366249216
2013-04-10,0.006993565964130683
2013-04-12,0.003843719034846577
2013-04-15,0.032586995244677994
2013-04-23,0.0023467590085780423
2013-04-24,-0.0032639927692800384
2013-04-26,-0.0026591864337023484
2013-04-26,-0.00022017287121813274
2013-05-01,0.004423052629296748
2013-05-02,-0.0025776674211604065
2013-05-07,-0.00282500871974935
2013-05-07,0.0021643990554264083
2013-05-07,-0.0006994595193642483
2013-05-07,0.0009273666398428138
2013-05-15,-0.0025468750933713867
2013-05-15,-0.0017857729518767796
2013-05-17,0.0005844744497235211
2013-05-20,0.000699458283528115
2013-05-21,-0.0037792050955037957
2013-05-21,-0.004431584537791039
2013-05-22,-0.01849606994438881
2013-05-22,-0.0008971562109149233
2013-05-24,-0.0008507245474419666
2013-05-30,0.0033514660399821374
2013-05-31,0.005016045186499768
2013-06-03,-0.0013524598953829237
2013-06-04,-0.0037478274343448912
2013-06-06,0.0003300733229051167
2013-06-07,0.013249248897728032
2013-06-11,-0.001329946738794291
2013-06-12,0.0063869031240705145
2013-06-13,-0.0015822961066501884
2013-06-14,-0.002112238928638671
2013-06-14,0.0006117460205138204
2013-06-18,-0.001173278018954077
2013-06-20,-0.007845070536916316
2013-06-20,-0.001765454064331834
2013-06-20,0.006940520333911332
2013-06-28,-0.0033569557862615116
2013-06-28,0.0032317469649264354
2013-07-01,-0.0008586493554301355
2013-07-01,0.009041168159957907
2013-07-02,-0.0040393630770477916
2013-07-02,0.0018733241305446235
2013-07-03,-0.003063120346574982
2013-07-03,-0.002720689318395436
2013-07-05,0.009925151015067173
2013-07-09,-0.0035139892822334705
2013-07-15,0.0008906577023716056
2013-07-17,-0.012695733392281933
2013-07-17,-0.0022792452909142944
2013-07-18,-0.0017861719522806075
2013-07-18,-0.0008991970737388832
2013-07-19,-0.0015721971056321838
2013-07-22,0.007516572615317113
2013-07-24,-0.0013018195800335198
2013-07-24,0.007045940032387882
2013-07-25,-0.002006349225583642
2013-07-25,-0.0017847382269935597
2013-07-25,-8.94818329393476e-05
2013-07-30,-0.002719653408929895
2013-07-31,-1.3867346358792356e-05
2013-08-02,-0.003276718423312358
2013-08-08,0.0033858009369330646
2013-08-12,-0.004876369683206055
2013-08-12,-0.0005455974376204097
2013-08-14,-5.935531484959064e-05
2013-08-14,7.564189924456625e-05
2013-08-15,-0.0004441557544453578
2013-08-15,-0.0003535070970407561
2013-08-15,-0.003431099014605493
2013-08-15,0.012226104008632093
2013-08-20,-0.001556470221230083
2013-08-23,0.0048510248403058455
2013-08-29,-0.00044906861645612194
2013-09-03,0.0011930302500299083
2013-09-03,0.007798940386443448
2013-09-04,0.0026029878909142714
2013-09-05,0.006635743095878316
2013-09-06,-0.0003687429610436277
2013-09-10,0.0003231238220582189
2013-09-12,0.003146961289675271
2013-09-16,0.0030631218578861365
2013-09-16,0.00015307407584095882
2013-09-16,0.0007223771807828128
2013-09-17,-0.002665739063680078
2013-09-17,-0.0006399521591941181
2013-09-17,-0.00041879422337766646
2013-09-20,-0.0017871486406963067
2013-09-20,0.00021079012111001054
2013-09-25,-0.0003062991268689863
2013-09-26,0.0017205687277643655
2013-09-30,-0.00045931526338129357
2013-10-01,0.007230300042812871
2013-10-02,0.005476738472469972
2013-10-07,-0.0009653765224860888
2013-10-09,-0.0019479976908555352
2013-10-10,-0.001600745045794566
2013-10-11,-0.0014724460982921295
2013-10-11,0.0002235442562732282
2013-10-11,0.00016056830863518394
2013-10-22,0.010274718448698966
2013-10-28,-0.003749837708854414
2013-10-31,-0.0027639101572622003
2013-11-05,-0.002308510839966876
2013-11-05,0.0004751992803013583
2013-11-07,-0.002477314784933643
2013-11-07,-0.0004118431210503759
2013-11-07,-0.0033659856894107274
2013-11-07,0.00039810056769161163
2013-11-07,-0.002020923034063887
2013-11-07,0.00039088068968061164
2013-11-07,0.00020010220793063586
2013-11-08,0.006235680829011475
2013-11-12,-0.0022340147099792094
2013-11-14,-0.0038681621780165707
2013-11-18,-0.0001543296550005235
2013-11-20,-0.0013564118711334617
2013-11-21,-0.0005679349711364023
2013-11-21,-0.0016972160395346714
2013-11-21,-0.002849476336045059
2013-12-02,0.00483974759244275
2013-12-03,-0.0009217743588628868
2013-12-04,0.00206371300426898
2013-12-04,0.0171841092923609
2013-12-05,-0.0013581506183494463
2013-12-06,-0.001962293573628332
2013-12-09,-0.0018545402099807873
2013-12-10,0.0021392080018037664
2013-12-10,-0.0011140928209228019
2013-12-12,0.001153951355236088
2013-12-13,0.0005643651993113397
2013-12-13,-0.0012327341658085079
2013-12-16,0.00265409890825406
2013-12-19,-0.0013176920540051318
2013-12-19,-0.004127711278424723
2013-12-19,0.004697448406761323
2013-12-20,0.00047069035899381385
2013-12-26,-0.00020931655327151573
2013-12-26,0.0005744393387564329
2013-12-26,-0.0008193899863762232
2013-12-26,-0.0007292230969079438
2013-12-26,0.0002776977935404601
2013-12-26,0.0007563631888606149
2013-12-27,-0.0005787532218079094
2013-12-31,-0.020304462650113337
2013-12-31,-0.001548966434165261
2014-01-02,0.0015766210341873032
2014-01-02,0.0018273733991457208
2014-01-03,0.00037705703663136193
2014-01-03,0.0022289052755214258
2014-01-06,-0.005376962338401364
2014-01-07,0.0015954732372713664
2014-01-07,-5.2468009661538164e-05
2014-01-08,-0.00018335858188835426
2014-01-08,0.0002584034034551597
2014-01-08,-0.0041796135814763545
2014-01-10,0.005487519754262632
2014-01-17,0.00023604900634031649
2014-01-17,0.002180944957759318
2014-01-23,0.006388248584647688
2014-01-27,-0.0011232052619124689
2014-01-27,-0.003073531563472137
2014-01-27,-0.000488837693537597
2014-01-28,-0.001219058707105608
2014-01-29,-0.0011644314604221274
2014-01-30,-0.0013090073860423546
2014-01-30,-0.0015648516878824681
2014-01-30,0.0002287796957175348
2014-01-30,0.0016751602024145217
2014-02-03,0.007039696137017032
2014-02-06,-0.004001839075557417
2014-02-11,-0.0010665545524040255
2014-02-11,-0.0012679099478795253
2014-02-24,0.0006065489986722795
2014-02-25,0.0005967509573970687
2014-02-26,-0.0017946857426322127
2014-02-27,-0.000674168324604113
2014-02-27,-0.0015742258875770688
2014-02-28,0.00505428423311281
2014-03-03,0.0005411563066560599
2014-03-05,-0.0020742081211805484
2014-03-06,0.0067507814394626
2014-03-07,-0.002597400855746462
2014-03-07,0.0003589311595585232
2014-03-07,0.0006131057439506649
2014-03-07,0.00034440755119545253
2014-03-07,-0.0002986146554392499
2014-03-12,-0.0009161636113784898
2014-03-12,-0.0008200752196874272
2014-03-12,0.0014322605887583217
2014-03-14,-0.003997077661107701
2014-03-17,-0.0014595274905383649
2014-03-18,-0.0012287411601826948
2014-03-19,-0.0024188887758619547
2014-03-24,-0.0024080975402655134
2014-03-24,0.004339229002131556
2014-03-26,-0.00019789002608229796
2014-03-31,0.0025829669444248195
2014-04-02,0.00028853721426012614
2014-04-04,0.00337488786316818
2014-04-11,-0.0007272828821486443
2014-04-11,-0.0017158788020282978
2014-04-14,-0.0012625101460903732
2014-04-15,-0.001568715252764935
2014-04-15,-0.003544298173615473
2014-04-16,-0.0012483891693099325
2014-04-17,-0.0006448680437089071
2014-04-17,0.002453254253471632
2014-04-22,0.0025329225798807866
2014-04-24,-0.003826707399504764
2014-04-24,0.0006922743190676928
2014-04-28,-0.0016359922034151653
2014-05-02,0.00545144101783977
2014-05-07,0.006470346288898071
2014-05-12,-0.0017342396351227752
2014-05-12,0.0004481034678452789
2014-05-15,-0.0015190694609846956
2014-05-15,-1.349783023997794e-05
2014-05-15,-0.0027890901622324047
2014-05-15,0.0016614234165184094
2014-05-16,-0.001277640662682339
2014-05-19,-0.0023910705499533723
2014-05-20,-0.004825534898265665
2014-05-22,-0.0013428784423885787
2014-05-27,0.008092946534415817
2014-05-28,0.002340312707443043
2014-05-30,0.0010702579721042326
2014-06-03,-0.002161480029677326
2014-06-05,-0.003273478616354536
2014-06-06,-0.0019036091238175013
2014-06-10,-0.0001870568908020231
2014-06-10,-0.00013949711000018069
2014-06-10,-0.0011149921248996442
2014-06-10,0.0007575305142105527
2014-06-10,-0.0003537206546985361
2014-06-10,-0.0003934932742463315
2014-06-12,0.0005291477820839997
2014-06-19,0.01609916789077213
2014-06-20,-0.0005600039868695227
2014-07-11,-0.0004935899212291816
2014-07-11,-0.0011085572630499419
2014-07-14,0.0031021860210874554
2014-07-14,0.0019504202707378681
2014-07-15,0.00034888437081013747
2014-07-16,9.428147921606848e-05
2014-07-16,-0.0010120638747803834
2014-07-17,-0.001361506727113676
2014-07-17,-0.00031271907290255084
2014-07-17,0.006048050386927445
2014-07-18,0.0011622121599703494
2014-07-24,-0.0009850995935118013
2014-07-24,0.0013490893206558995
2014-07-29,-0.001204757304279841
2014-07-29,-9.050698783132357e-05
2014-07-29,-0.0015018266830783167
2014-07-30,-0.004976803498860888
2014-07-30,0.000627706206216977
2014-07-31,0.00034381373576984343
2014-07-31,0.0030279434496469472
2014-08-01,0.005623698276636097
2014-08-05,-0.0005584555971355375
2014-08-06,0.0024596957632499862
2014-08-06,0.0012275379081431003
2014-08-07,-0.0010955170971902628
2014-08-12,-0.0006442851634111012
2014-08-13,-0.00022716887328046438
2014-08-14,-0.003319064417099854
2014-08-15,-0.0008459894422811087
2014-08-15,-0.004550020898315704
2014-08-18,0.0004798206893747825
2014-08-25,-0.0005224456879554695
2014-09-02,0.0005644550993226639
2014-09-05,-0.0006281217823282003
2014-09-05,-0.0015756941080836862
2014-09-08,0.00862305214454349
2014-09-09,0.0011244111941835888
2014-09-11,-0.00035908137720954135
2014-09-11,-0.0014259763501295486
2014-09-11,-0.0003917385625501646
2014-09-12,0.0003520937028145099
2014-09-12,0.002319002302251666
2014-09-12,0.0016674640748918057
2014-09-19,-0.0003809210491093784
2014-09-19,0.0010647296080040613
2014-09-22,-0.0018753854510443924
2014-09-26,-3.61206202959152e-05
2014-09-26,-0.00043107577218938763
2014-09-26,5.068275953462629e-06
2014-10-01,-0.0005470108657299632
2014-10-01,-0.0011870436221383008
2014-10-01,-0.0035389758969138927
2014-10-03,0.006685855772261756
2014-10-06,-0.0001775136550696998
2014-10-06,0.003347494534988155
2014-10-07,-0.0015227714808492443
2014-10-08,-0.0006663408185349106
2014-10-10,-0.00024079402597578233
2014-10-15,-0.0024749203055416556
2014-10-15,0.0017025638555833
2014-10-17,-0.0011232954877192947
2014-10-21,-0.0008342829445715682
2014-10-22,-0.0005908419842796275
2014-10-22,-0.0006071463497855533
2014-10-28,-0.0017631906857402846
2014-10-29,-0.001156802142242469
2014-10-29,-0.0007388550131689652
2014-10-29,-0.0003305464080943954
2014-10-29,-0.001630444463636932
2014-10-30,-0.0008464691396598167
2014-10-31,-0.0030549859004808276
2014-11-07,0.016459033357371183
2014-11-10,0.0032461542776320686
2014-11-14,0.015894714727736053
2014-11-19,-0.016068479279139364
2014-11-25,-0.00281769248111709
2014-11-28,-0.0016447568089387355
2014-11-28,0.009815557819958114
2014-12-01,0.019961857582010727
2014-12-02,-0.0031603322478112204
2014-12-04,-0.0015470849240247942
2014-12-05,-0.0033211019417659525
2014-12-05,0.0012754533655336797
2014-12-05,0.004606125732475636
2014-12-09,0.0060742943865957745
2014-12-11,-0.0005533053223699846
2014-12-12,-0.001281737443722747
2014-12-12,-0.004573976402776253
2014-12-16,-0.004621650493564461
2014-12-22,0.005989913465151414
2014-12-23,-0.0011498165827593832
2014-12-24,-0.0002914144721223477
2014-12-26,-0.00270171101797802
2014-12-29,0.005500374264693281
2014-12-30,0.0010983011043533663
2014-12-31,-0.002708687621968758
2014-12-31,0.003777791127305791
2015-01-02,-0.0006675120960621005
2015-01-02,-0.0028596761382385814
2015-01-02,-0.001823785846822873
2015-01-02,-0.000783422689675034
2015-01-05,0.0003906785883168562
2015-01-05,0.005620154853288911
2015-01-08,-0.0010398774406943534
2015-01-14,-0.0006817420005984675
2015-01-14,-0.0008839877035272836
2015-01-15,-0.0035408125789535725
2015-01-15,-0.0018172040215298669
2015-01-15,0.000850294615236541
2015-01-16,0.003778130810669117
2015-01-20,-0.0010321359417547916
2015-01-22,-0.0066403085777693325
2015-01-22,0.001579752050827926
2015-01-23,-0.0028085051082215205
2015-01-26,-0.0018065962561205795
2015-01-27,0.000926710450508056
2015-01-27,-0.001844064914280591
2015-01-28,0.0012900412744254297
2015-01-29,0.0003098628223740907
2015-01-29,0.006357448415174699
2015-01-30,-0.0017843613230628275
2015-01-30,0.006436131238016435
2015-02-02,-0.001954496168657632
2015-02-03,0.0007253761798082626
2015-02-05,-0.0012742515039999736
2015-02-06,0.012907788303398764
2015-02-11,0.003548614478311213
2015-02-17,0.004041902619436472
2015-02-27,-0.001417816313372916
2015-02-27,-0.0010222635997296948
2015-02-27,-0.003517642439009111
2015-03-06,0.017570382321221194
2015-03-10,-0.0013033916510344524
2015-03-11,0.0005890523480244048
2015-03-17,-0.0020783588658518535
2015-03-19,0.0040661221252003945
2015-03-20,0.006051412301902298
2015-03-25,-7.774865571920638e-05
2015-03-27,-0.005725060049418434
2015-04-01,0.01366291193085743
2015-04-02,-0.0005683499131811264
2015-04-02,-0.0007117209091146603
2015-04-06,-0.0012148560894548355
2015-04-08,-0.0015090383299890709
2015-04-09,0.004109401559992382
2015-04-10,0.0016741472766564735
2015-04-10,-0.0009062485911792872
2015-04-15,0.0036306598545584436
2015-04-16,-0.0004204148950618547
2015-04-16,-0.0014479511113755395
2015-04-20,-0.0021032760323497377
2015-04-20,-0.0028881772474701637
2015-04-22,0.0018719999664368158
2015-04-24,0.0026096450161126996
2015-04-27,0.003592906565420201
2015-04-28,0.002291475406067317
2015-04-30,0.007605129745823486
2015-05-01,0.00047544028778011006
2015-05-04,-0.0004723363681439385
2015-05-05,0.0009080759745044687
2015-05-07,-0.002355819709722556
2015-05-08,-0.0011706049067738034
2015-05-11,-0.0007716525864424228
2015-05-13,0.01137071445942182
2015-05-14,-0.001943339217002199
2015-05-19,-8.547823230777292e-05
2015-05-19,-0.0001768661266482618
2015-05-21,-0.0017897695887502286
2015-05-26,-0.0007011623163121371
2015-05-26,-0.000490348367175114
2015-05-26,3.9778803956541684e-05
2015-05-26,0.0011165562418833208
2015-06-01,-0.005967896264759703
2015-06-01,-0.0007389788546502573
2015-06-03,-0.0022611626821703755
2015-06-04,0.0014845593324533779
2015-06-05,0.0007856239220650319
2015-06-05,-0.0014230447582247619
2015-06-05,-0.00016405939020160406
2015-06-05,0.0010672398386738335
2015-06-05,-0.0006521042436090806
2015-06-05,0.0001695358300329686
2015-06-15,-0.0029112803568553
2015-06-16,-0.0005532124438106966
2015-06-16,-0.0006122922497024007
2015-06-16,-0.0009339109950233959
2015-06-17,-0.0014910591274611862
2015-06-18,-0.0010999958017427092
2015-06-18,-0.004310711299252329
2015-06-22,0.003186273225499009
2015-06-23,-0.0008681789665693384
2015-06-24,-0.002211997693618034
2015-06-24,-0.001025297634343353
2015-06-24,-0.000854350276338639
2015-06-26,-0.0009937282531701397
2015-06-29,-0.0042391947206385115
2015-07-07,0.0031602944044373084
2015-07-07,0.00345579282989526
2015-07-08,0.003723131922025319
2015-07-13,-0.0007476510644492006
2015-07-15,0.002413668649978146
2015-07-17,0.00599016863792155
2015-07-20,-0.002310068292787143
2015-07-27,-0.0019371214729799913
2015-07-29,1.4214090636566513e-06
2015-07-31,-0.0008843736931121337
2015-07-31,0.0012259164236439856
2015-08-05,-0.0026930867237812293
2015-08-06,-0.0007039130268126247
2015-08-07,-0.00978136332317971
2015-08-07,-0.0038473446380039742
2015-08-10,0.0014420590480573702
2015-08-12,-0.0010228103857490456
2015-08-12,-0.00022219995662643984
2015-08-13,-0.0011474065669720035
2015-08-17,-8.003770241317705e-05
2015-08-17,-0.0023271975143628497
2015-08-18,-0.001263335253897896
2015-08-19,0.00038117624896370496
2015-08-20,0.007413201509222406
2015-08-21,-0.003948752533504812
2015-08-24,-0.0016928158250644366
2015-08-25,0.0058796890901754275
2015-08-26,0.0004348071249768826
2015-08-26,-0.0018358764590625965
2015-08-26,4.463512482076329e-05
2015-08-26,-0.0014591163569671773
2015-08-27,-0.0019520192378114254
2015-08-27,-0.0016430649671593967
2015-08-28,0.002711582662357698
2015-08-28,0.002491917492515411
2015-09-01,-0.002130743732454271
2015-09-02,-0.0011879278563754648
2015-09-02,-0.0004942190412443758
2015-09-02,-0.001897005529723067
2015-09-03,-0.0037100129082422604
2015-09-04,-0.0026121788330412286
2015-09-09,0.013477878263075543
2015-09-10,0.0005049900449397405
2015-09-11,-0.0014354229427716747
2015-09-11,-0.002326362443230051
2015-09-15,-0.0016831912362333002
2015-09-15,0.00023646538390973974
2015-09-16,0.005740163608643029
2015-09-18,-0.0003165053734557499
2015-09-18,-0.0009137569276596202
2015-09-22,-0.0016361978590767768
2015-09-24,0.00779722522064828
2015-09-28,-0.0009832041408094517
2015-09-30,0.0014767798740611237
2015-09-30,0.00037684788943335713
2015-09-30,-0.0005374201894185082
2015-10-02,0.0021591994304142994
2015-10-06,0.002596377412474965
2015-10-14,0.004998295585859497
2015-10-21,-0.0013054682195766832
2015-10-28,-0.0049259347875980795
2015-10-29,0.0005888380905134494
2015-10-29,0.0013565402663260173
2015-10-30,-0.0018751647943041794
2015-11-03,0.010886661270118041
2015-11-06,-0.0006046226421628941
2015-11-06,-0.00014531537871821927
2015-11-06,0.0007175155062635164
2015-11-12,-0.01047929717398723
2015-11-17,-0.0010454677116714828
2015-11-17,0.005608111970147417
2015-11-19,-0.001839369929373741
2015-11-30,-0.000194774955650695
2015-12-02,0.003997593500498092
2015-12-03,-0.0032408517546076597
2015-12-03,0.0011337304112673918
2015-12-04,0.011414550126365924
2015-12-07,0.0028817516818617607
2015-12-08,-0.00235425553992476
2015-12-09,-0.0027947082892747664
2015-12-14,0.0005943407572188531
2015-12-16,0.0034308292674086584
2015-12-17,0.008836205276587666
2015-12-18,0.00168534414453268
2015-12-21,0.0068858766907510085
2015-12-22,-0.0008343289975539957
2015-12-30,0.0006334761190974592
2015-12-30,0.0009824926475706485
2016-01-04,-0.00022071674549485883
2016-01-13,-0.0029058557941992356
2016-01-14,-0.000284279956465866
2016-01-14,-0.001060681474731945
2016-01-14,0.0076808819688549525
2016-01-15,-0.003137120309690172
2016-01-15,-0.0028538654077331525
2016-01-20,0.0021485462930475987
2016-01-21,-0.001598167912234455
2016-01-22,-0.0011523901727453934
2016-01-25,-0.0008304150870900472
2016-01-25,-0.0010825615305346703
2016-01-26,0.0024611215153754586
2016-01-27,0.00012573883436693415
2016-01-28,-0.0015090840233133063
2016-01-29,-0.00343303992897383
2016-02-01,0.0026401792270028647
2016-02-03,0.005092000801737312
2016-02-04,-0.0018290609520266344
2016-02-04,-0.001016407140767911
2016-02-04,0.00209543258550014
2016-02-05,-0.00104395434217332
2016-02-05,-0.0033528059645667905
2016-02-08,0.00650325722782395
2016-02-09,-0.0020510033032804685
2016-02-11,0.0017065406420747442
2016-02-12,-0.002505935061983283
2016-02-12,-0.0011466670983552197
2016-02-15,-0.004376256651546523
2016-02-16,-0.0008266354449828649
2016-02-18,0.006978596563843903
2016-02-23,0.0004865441311215746
2016-02-24,0.0012901756160768995
2016-02-24,-0.002131751300826451
2016-02-24,-0.0029647847674629966
2016-02-24,-0.0008108800174005004
2016-02-25,-0.006596316659642459
2016-02-26,0.0001671295519803773
2016-02-26,0.007415496427109686
2016-02-29,-0.0013161994757714568
2016-03-02,-0.0012067520450910363
2016-03-02,0.0016106507628746824
2016-03-03,0.004093473031948941
2016-03-04,-0.0008740746073898797
2016-03-04,-0.0014852476491612643
2016-03-04,-0.0005953920753793029
2016-03-07,-0.001923754027262431
2016-03-07,-0.0019559883604295556
2016-03-09,-0.002460047753885991
2016-03-10,0.006683700112598651
2016-03-14,0.0016241213155613165
2016-03-23,0.00304021919892426
2016-03-23,-0.0014194923280769379
2016-03-23,0.0006095998943918935
2016-03-23,-0.0009277290306842933
2016-03-29,-0.002652026228725307
2016-03-29,0.00821493242968661
2016-03-30,-0.0005738122979660642
2016-03-31,-0.0033399749305452918
2016-04-01,0.0016117402604366282
2016-04-01,-0.003526225236289887
2016-04-05,-0.0015825367867249474
2016-04-07,-0.0028702644897708072
2016-04-07,-0.0011087413427696314
2016-04-08,-0.0004152865972876396
2016-04-08,0.0012938225009114623
2016-04-11,-0.001976056114544783
2016-04-11,0.0011433211180992108
2016-04-14,-0.0018139609623405606
2016-04-14,0.0018136419101995982
2016-04-18,-0.004128040651432924
2016-04-19,0.000483194747446275
2016-04-19,0.00033912022031721835
2016-04-22,0.006789247228330281
2016-04-25,-0.001719405659529344
2016-04-27,-0.0016601946090488873
2016-04-28,0.0009772511708195763
2016-04-29,0.008826700394314862
2016-05-03,-0.0007284589514354899
2016-05-06,-0.000789632127807488
2016-05-06,0.003280916474101986
2016-05-09,-0.0015945649886332125
2016-05-09,-0.001444919193596922
2016-05-13,-0.0018457684686476073
2016-05-16,0.00023530959812410605
2016-05-17,-0.0009266461125084945
2016-05-19,-0.0017946519415500573
2016-05-23,-0.0001808117373015727
2016-05-24,0.0002953535919316519
2016-05-24,0.004678414218187138
2016-05-25,-0.002596299189758916
2016-05-26,-0.004464405868114823
2016-05-27,0.0012552297324484984
2016-06-01,-0.0013161811440026872
2016-06-03,0.0029476898487613536
2016-06-08,0.0011626350460221923
2016-06-09,0.0021341232767618625
2016-06-10,8.113469382907139e-05
2016-06-16,-0.000990352856291915
2016-06-16,-0.002518416066422685
2016-06-21,-0.000951720541062867
2016-06-24,-0.009104913879693938
2016-06-29,-0.0017458401772934174
2016-06-29,-0.0006710356870486433
2016-07-01,-0.003965846958712177
2016-07-07,0.0011039209351630774
2016-07-07,-0.002159265103308122
2016-07-08,-0.010593110946286139
2016-07-12,0.00017898881165688278
2016-07-12,0.004971837188875489
2016-07-13,-0.0025296222775213094
2016-07-15,0.000534789091417226
2016-07-18,-0.0006761057576041451
2016-07-20,0.00038882680972083806
2016-07-21,-0.0010318110732349284
2016-07-21,0.0009485923364301708
2016-07-25,-0.002935983749662879
2016-07-27,0.000347698840551397
2016-07-29,0.00012709134098441436
2016-07-29,0.0064166513465931775
2016-08-02,-0.0005795745087324888
2016-08-02,0.00026329690625935266
2016-08-02,-0.0002858473431775088
2016-08-03,0.00018389133525774097
2016-08-04,-0.0014076733141008713
2016-08-05,0.007965681275431163
2016-08-09,-0.0008346797089712365
2016-08-12,-0.0017358342599029964
2016-08-12,-0.007021562783788976
2016-08-23,-0.0009221693021923715
2016-08-24,0.0040176211943680875
2016-08-26,-0.000923791392357004
2016-08-26,-0.0057282768729519816
2016-08-30,0.0026593922149827755
2016-08-31,-0.0045448351561420295
2016-08-31,-0.000273547403233948
2016-08-31,0.0006966076322701798
2016-09-01,-0.0005319409918365269
2016-09-01,1.3433733124624015e-06
2016-09-02,-0.004556318454804103
2016-09-02,-0.0011130205802485527
2016-09-02,0.0003046847968665001
2016-09-02,0.0005396911681288919
2016-09-02,-0.00027174735638526014
2016-09-02,0.003102224724010766
2016-09-06,-0.0005837070897276752
2016-09-06,0.011266065917756012
2016-09-08,0.0016278166155406614
2016-09-09,-0.002402543966275722
2016-09-12,-0.0021462731566931513
2016-09-12,-0.0003015462335306418
2016-09-15,-0.0007349078536726005
2016-09-15,0.0003889881663860895
2016-09-16,-0.0004793085313733625
2016-09-16,0.0006580176096092461
2016-09-21,-0.002619521660641405
2016-09-22,-0.0010749335798131588
2016-09-22,0.0005826177636495234
2016-09-26,-0.0008492377570017583
2016-09-27,0.004225896144551805
2016-09-28,0.0011733123007571066
2016-09-29,-0.0015935705413784474
2016-09-30,-0.0040366234055178194
2016-09-30,0.003632886399121943
2016-10-03,1.4542356840785731e-06
2016-10-04,0.02107421277193509
2016-10-06,0.003401228816023322
2016-10-06,0.0032777105963805843
2016-10-07,-0.0001237359120898229
2016-10-07,-0.003236434377906233
2016-10-07,-0.004814285324484263
2016-10-24,-0.0009256436566963566
2016-10-25,0.0009230245796561898
2016-10-26,0.0018789674953106738
2016-10-27,-0.0005949326278729294
2016-10-27,-0.0030034522179067822
2016-10-27,-0.0011782307854484475
2016-10-28,-0.0065919794156753695
2016-10-28,-0.002333296311190075
2016-11-01,-0.0010924246265314908
2016-11-01,-0.0007121527358281587
2016-11-01,-0.00028522201884597086
2016-11-01,-0.0030440810123938565
2016-11-02,0.0041981619657548265
2016-11-04,-0.00020530074861226373
2016-11-07,0.0037402383262892082
2016-11-08,-0.0005932961344913445
2016-11-09,2.4719729747030326e-05
2016-11-10,2.6710591971884665e-05
2016-11-11,0.022793850175145885
2016-11-14,-0.00043023747206162865
2016-11-16,-0.0006471341098687355
2016-11-23,0.0033439339224784316
2016-11-23,0.0015842046435231405
2016-11-29,-0.002024836499843324
2016-11-30,-0.002869171453564817
2016-12-01,-0.0020659117404472514
2016-12-05,-0.0014093311385216134
2016-12-06,-0.0013548966620015202
2016-12-07,-0.001817236046175802
2016-12-08,-0.0018901593492070157
2016-12-09,-0.0013305381943237327
2016-12-14,-0.00039666431443953764
2016-12-16,-0.004575926454630358
2016-12-20,0.0007887601892247854
2016-12-20,-0.0025106687124828607
2016-12-29,-0.00017518689394981353
2016-12-29,0.007797228720457167
2016-12-30,-0.0017778874785504717
2016-12-30,0.0014046241949869753
2017-01-03,-0.006091792777487631
2017-01-03,-0.003595565443029208
2017-01-03,0.0017761824317089447
2017-01-05,0.004192086225272546
2017-01-06,-0.0026317249893636095
2017-01-06,-0.000555579892103214
2017-01-09,-3.586553062552841e-05
2017-01-09,-0.0006203785506199321
2017-01-09,0.000961231848762717
2017-01-10,-0.0012213118106308041
2017-01-11,-0.004059823904254983
2017-01-13,-0.001419091611985962
2017-01-13,0.0003491069162699756
2017-01-13,-0.0007059173959386322
2017-01-13,-0.0009732848336593435
2017-01-19,0.0004882730670555502
2017-01-19,-0.0008356737474760789
2017-01-20,-0.0005504852636870782
2017-01-23,-0.0022343401801046157
2017-01-23,-0.0013331129597140723
2017-01-25,-0.0020230468859382565
2017-01-25,0.0007055882029634975
2017-01-25,0.0007144897660686767
2017-01-30,-0.0004548355185856223
2017-01-30,-0.0034327810412593416
2017-01-31,-0.0013238058661482366
2017-01-31,-0.00038321058644976146
2017-02-01,-0.0010575837627183782
2017-02-01,-0.005248456732812284
2017-02-01,-0.00011077702079877457
2017-02-02,-0.002053451324063332
2017-02-07,-0.0003521113515806584
2017-02-09,-0.005929669301701484
2017-02-09,-0.00021454819086698658
2017-02-10,-0.0020919791605479464
2017-02-13,0.0011474804719170228
2017-02-13,-0.0009270070454720113
2017-02-15,-0.0015615261497660294
2017-02-15,-0.003499925933350484
2017-02-15,0.0005730123307693236
2017-02-21,-0.00145287924807182
2017-02-22,-0.00031997523177519914
2017-02-23,0.00022821265517501414
2017-02-23,-1.2301180922008572e-05
2017-02-23,0.0013411262444441407
2017-02-27,-0.0003374595120386903
2017-03-01,-0.0009073305054882074
2017-03-02,-0.0019274694320311648
2017-03-02,0.002028017503289831
2017-03-03,0.0009980254489212303
2017-03-03,0.0005344518153388268
2017-03-07,0.0004966778438458664
2017-03-08,-0.0013612378630257938
2017-03-09,0.0002794866369601856
2017-03-15,-0.0011950751950028538
2017-03-15,-0.0016538638704429898
2017-03-21,0.007050383366125385
2017-03-22,-0.001717822860153112
2017-03-22,-0.0009644398560773203
2017-03-23,-0.0023183241569876443
2017-03-30,-0.0008856357701384653
2017-04-03,0.000490926672919484
2017-04-05,-0.0022547522822668085
2017-04-06,-0.0002517974069693618
2017-04-07,-0.002821763897074464
2017-04-07,-0.0008497886077211302
2017-04-11,0.009552653122196868
2017-04-17,-0.001840322157965385
2017-04-18,-0.0045676682889540686
2017-04-19,-0.002470210706045156
2017-04-19,-0.002852073330919985
2017-04-25,-0.0012450540751157869
2017-04-25,-0.0023174600917729325
2017-04-27,-0.0007085837146012685
2017-05-01,0.00024251121382255495
2017-05-02,-0.000826709469392689
2017-05-03,0.0041214985571817854
2017-05-04,-0.0012823133644267626
2017-05-04,-0.002192214961265776
2017-05-09,0.0032095748562706973
2017-05-11,-0.0014145908724774337
2017-05-12,-0.001181919279265159
2017-05-16,-0.001134620359021693
2017-05-17,0.0033523860755025727
2017-05-18,0.0005129614137023675
2017-05-18,0.0013903262489056544
2017-05-19,-0.0029752298508324447
2017-05-23,0.00040940898637507607
2017-05-26,-0.00023373821715457207
2017-06-02,0.0024515230505789245
2017-06-08,-0.001228139869880035
2017-06-09,0.0003258672803120144
2017-06-09,0.000688465969083324
2017-06-09,-0.0006830524341435883
2017-06-12,-0.0025667937883412538
2017-06-13,-0.0010750929831259304
2017-06-14,0.0011096361595262893
2017-06-14,7.327981234004914e-05
2017-06-14,-0.001361487994675853
2017-06-15,-0.0009785431283936441
2017-06-19,0.00025177927296658465
2017-06-19,0.0018950299361259859
2017-06-29,1.200122363330117e-05
2017-06-29,-0.003376516484678532
2017-06-30,-0.0015357430797281635
2017-07-03,0.005468045670002236
2017-07-05,-0.0003397723257333618
2017-07-07,0.005812695741835833
2017-07-11,-0.002691612179083774
2017-07-12,-0.0025531831438265927
2017-07-12,-0.0011175794720761523
2017-07-12,0.001128476882118129
2017-07-12,-0.00018359887937681725
2017-07-12,-0.0010111140770767857
2017-07-14,-0.0022543533796599733
2017-07-14,0.00016738268342884614
2017-07-14,-0.0009236008279826124
2017-07-14,0.00050161257699331
2017-07-14,0.00033843363907069547
2017-07-14,-0.00028856488099528453
2017-07-20,-0.000349231976761194
2017-07-28,0.0036490562136069883
2017-08-01,0.0003170654361582648
2017-08-02,-0.0030276398036651773
2017-08-04,0.00242800780226658
2017-08-08,-0.0019037848756576937
2017-08-09,-0.001692869610338449
2017-08-10,-0.0005423951551844108
2017-08-15,-0.0014631231116714217
2017-08-18,-0.0014912697684391796
2017-08-25,-0.0073603336768502
2017-08-25,-0.004333705409477101
2017-08-25,0.00120276813043661
2017-08-28,0.0024203953280700187
2017-08-29,-0.0018580941540316143
2017-08-31,0.005344482540257417
2017-09-01,-0.0017764951949142016
2017-09-01,-0.0008460127610635692
2017-09-01,0.0006201250568634687
2017-09-05,-0.00012663578926532245
2017-09-07,-0.001280642484838962
2017-09-07,0.00034973281938808777
2017-09-12,-0.0015147032650996318
2017-09-13,0.001765604296964357
2017-09-15,-0.00015779267020400996
2017-09-18,-0.00101352131589873
2017-09-18,0.00023101254495159766
2017-09-21,-0.0009675044331586446
2017-09-21,-0.001640951361630133
2017-09-21,-0.002487238817021525
2017-09-25,0.003107600371451286
2017-09-26,-0.0015375634055209309
2017-09-26,-0.0018264004496658826
2017-09-27,-0.0014853151119703812
2017-09-27,-0.0007132331256057999
2017-09-29,-0.002038347015109315
2017-10-06,-0.0035618174979140825
2017-10-06,-0.001691576501443487
2017-10-11,-0.0005732315700329892
2017-10-13,-0.0010975591266986385
2017-10-13,0.0001172762476421119
2017-10-13,-0.00035981606369785423
2017-10-13,0.002310958761966836
2017-10-17,0.00016561164145699196
2017-10-17,2.328202930651533e-06
2017-10-19,-0.0007503268586098898
2017-10-20,-0.001061209061913887
2017-10-23,-0.0010581480328848592
2017-10-26,0.0011210267022636444
2017-10-30,-0.0006255814535503112
2017-10-30,-0.0002642568478913476
2017-10-30,0.00145403146457444
2017-10-31,0.0001599982420684543
2017-10-31,0.0013239965025841737
2017-11-01,-0.0005451898198272242
2017-11-02,-0.005135557761965853
2017-11-03,0.00028657770133809214
2017-11-06,0.004592048227236451
2017-11-07,-0.002472245974017756
2017-11-07,-0.0003661578406425503
2017-11-08,0.0014779470897007096
2017-11-10,0.0008103506464569422
2017-11-14,-0.0005551503340214425
2017-11-14,-0.0033668568928219176
2017-11-15,0.0003311707173494327
2017-11-16,-0.0007007662969751471
2017-11-17,0.007645518651062983
2017-11-20,0.012443856317280271
2017-11-21,0.0006343432797141058
2017-11-22,0.0038943226529081056
2017-11-27,-0.0027722189970130926
2017-11-28,-0.003078627384301663
2017-11-29,0.004232185784972514
2017-11-30,-0.0009607260741656575
2017-11-30,-0.0008268584021317193
2017-11-30,0.0012572054446234715
2017-12-01,-0.003044999288460598
2017-12-05,0.005125576820078287
2017-12-07,0.00017089867902673754
2017-12-12,0.000954640049815142
2017-12-13,-0.0012488948521879484
2017-12-13,0.00010842455809566002
2017-12-13,0.0004942657228769021
2017-12-13,0.0011367370889104722
2017-12-18,-0.0005832110328757467
2017-12-18,1.9017488509615075e-05
2017-12-22,0.004255112771425301
2017-12-26,-0.0001770021289414669
2017-12-27,-0.0010466132929939532
2017-12-28,0.0023941966691746032
2017-12-29,0.0053639379327437954
2018-01-05,-0.0046829347826214006
2018-01-05,-0.0009946253121265903
2018-01-09,1.664763680873652e-05
2018-01-09,-4.433680453565511e-05
2018-01-09,-0.0007387229595440414
2018-01-22,-0.0007709829952615876
2018-01-25,-0.0014463749252141723
2018-01-25,0.0014907122582764442
2018-01-29,0.0003804118858224792
2018-01-30,7.70161468586775e-06
2018-01-30,-0.0017763826256962545
2018-01-30,0.0018152460215821009
2018-02-01,-0.0011090457964869794
2018-02-01,0.0014822329559790292
2018-02-02,0.00298784464837219
2018-02-02,0.0006897950845056012
2018-02-06,0.0032329469586279526
2018-02-07,-0.002496448723767436
2018-02-07,0.004982693911152675
2018-02-08,0.00022948784120356284
2018-02-08,0.00030502409286624067
2018-02-09,0.00022948784120378489
2018-02-09,-0.0025582777497773655
2018-02-12,0.0018239031168015673
2018-02-14,-0.004078056891555398
2018-02-14,0.009330407232933529
2018-02-20,0.0025747215351764443
2018-02-21,-0.0009080308615695586
2018-02-23,-0.001385627457699007
2018-02-27,0.005601372305585867
2018-03-02,-0.001063666312237327
2018-03-05,-0.0001427165655484452
2018-03-05,-1.4056484472740851e-05
2018-03-06,0.0027588045173746302
2018-03-07,-0.000368732899712082
2018-03-07,-0.0011537372754647668
2018-03-08,-0.0006030508561939595
2018-03-08,0.0017762349003051902
2018-03-09,-0.0015188594848224602
2018-03-12,-0.0021639627171522622
2018-03-13,-0.004744201768287065
2018-03-13,-0.000481452444231939
2018-03-14,-0.0011176306829813354
2018-03-15,0.0015318625846871658
2018-03-16,0.00029043452382158664
2018-03-19,-9.745765446924067e-05
2018-03-21,-0.0003777863399798853
2018-03-21,0.001843313866376356
2018-03-22,-0.00246177237086877
2018-03-23,0.0005276648297546205
2018-03-23,0.00042339698811720284
2018-03-23,-7.397719252834608e-05
2018-03-26,1.4718604201530181e-05
2018-03-28,0.004715708843851735
2018-03-29,-0.0004980744685431248
2018-04-02,7.524466033724257e-05
2018-04-02,-0.00027589090603098997
2018-04-03,0.0006899711102546891
2018-04-03,0.00020311184986852586
2018-04-04,-0.003020571459485438
2018-04-05,-0.00229940883108361
2018-04-05,-0.0008904499721717084
2018-04-06,0.0013461492642970862
2018-04-11,-0.0003031608559454113
2018-04-11,0.0022242925590657383
2018-04-12,0.004016863852992142
2018-04-13,0.0014824830902998409
2018-04-16,-0.0006081141124989641
2018-04-16,-0.0003628340899016924
2018-04-17,-0.000612043270413437
2018-04-20,0.0024230688414251635
2018-04-20,0.001091831467965304
2018-04-23,-0.0004518163173711398
2018-04-24,-7.43914288153957e-05
2018-04-26,-0.00018095608455216957
2018-04-26,-0.00047727669425014495
2018-04-27,-0.0007628580122564121
2018-05-01,-0.002048483314556554
2018-05-04,-0.004077853041341023
2018-05-04,-0.0010759027215977602
2018-05-08,-0.001314401531930759
2018-05-09,-0.001951008636687751
2018-05-10,-0.001165463991869914
2018-05-15,0.008101175863273396
2018-05-18,-0.0008215851898020376
2018-05-23,-0.0013326265610799249
2018-05-24,0.0003870164121267783
2018-05-24,0.00279168139516926
2018-05-25,-0.0008706945562305834
2018-05-28,0.00041780243801801676
2018-05-29,-0.0004150389762326456
2018-06-05,0.001019894982062658
2018-06-11,-0.001150395548544586
2018-06-13,-0.00041410231157647525
2018-06-14,-0.0034164894001755984
2018-06-15,0.013409930285863219
2018-06-25,-0.00014690495318049886
2018-06-25,-0.00024972752087517035
2018-06-27,0.00040958965937719084
2018-06-27,-0.001105569110681065
2018-07-02,0.005693348408103299
2018-07-03,0.002171875951889041
2018-07-03,-0.00022794754975576366
2018-07-11,0.002257685285251371
2018-07-12,0.0013932987267471885
2018-07-17,0.00505472607039546
2018-07-19,-0.0011320367311983437
2018-07-20,0.00037117904617188225
2018-07-20,0.00024884667946132867
2018-07-20,0.0014768912413779367
2018-07-23,0.0025360667803532135
2018-07-31,-0.0018739152630952328
2018-08-01,0.0002586389082762486
2018-08-01,-0.00046270222622348255
2018-08-01,-0.00011819386650193105
2018-08-03,0.0011166347887126948
2018-08-03,-0.0010312519545057242
2018-08-08,-0.0030086982247793546
2018-08-10,-0.0004228472835160646
2018-08-13,0.0034583048058436207
2018-08-15,0.005131454340048675
2018-08-16,-0.00071632265030232
2018-08-17,-0.0001461240183652401
2018-08-20,-0.0012972167466846097
2018-08-23,-0.0010636704467580527
2018-08-24,0.008632851719506323
2018-08-27,-0.0005400161330554486
2018-08-30,4.7403254177941254e-05
2018-09-04,-0.0024960992186821183
2018-09-05,-0.0013389054626108566
2018-09-05,-0.00119667027982297
2018-09-07,-0.0014579121464285583
2018-09-10,-0.0009874495774542414
2018-09-11,-0.0019616565932941863
2018-09-12,0.0029261332286639576
2018-09-13,-0.0024085007088780084
2018-09-14,0.001983722184439413
2018-09-17,-0.0008502523911090464
2018-09-19,-0.0020846622613281017
2018-09-21,0.00032294505925288265
2018-09-21,-0.0018146177948911324
2018-09-21,0.0012560207938040302
2018-09-21,0.00036464066831741194
2018-09-21,0.0006988037575791196
2018-09-24,-0.0010833453410298455
2018-09-27,0.003751544117585809
2018-09-28,0.00398143487188683
2018-10-02,0.005003087254295308
2018-10-08,-0.0013354324637539106
2018-10-08,-0.0008281085162763657
2018-10-08,-1.9038281969380146e-05
2018-10-08,-0.0010989755274947333
2018-10-11,0.011800987887965336
2018-10-12,0.00016879367230280832
2018-10-18,-0.0004187101361328327
2018-10-26,-0.006615168760547257
2018-10-29,0.0003226356725286428
2018-10-31,-0.001595363947510714
2018-11-01,-0.0007272192186874748
2018-11-01,0.0040233111855914995
2018-11-02,-0.001262037298921953
2018-11-02,-0.0003529988358567271
2018-11-06,0.0023016851405445017
2018-11-08,-0.0012315087971014494
2018-11-08,-0.0018270720765255655
2018-11-09,-0.000448840833065528
2018-11-09,0.0032646535820633872
2018-11-14,0.003740083996499927
2018-11-15,0.000880304896805223
2018-11-16,-0.0013362313924784209
2018-11-16,-0.000322699052065295
2018-11-16,-0.00031458715463263397
2018-11-16,-9.348651455233777e-05
2018-11-16,0.00041441636987236686
2018-11-16,0.0008973136220729983
2018-11-20,-0.0014531105161629421
2018-11-21,-0.0006968653526595758
2018-11-21,-0.00031337974541957857
2018-11-27,0.0035350080768369154
2018-11-28,0.00039727261646525515
2018-11-30,-0.0012603320720136091
2018-12-03,0.00034521350832204535
2018-12-03,-3.622433323359761e-05
2018-12-03,0.0008723650158880381
2018-12-06,-0.0009781939565933929
2018-12-07,0.002617547584437091
2018-12-14,-0.000408845042421907
2018-12-14,-0.00014150358321386998
2018-12-14,-0.00041677326768465027
2018-12-17,-0.0005864413300209647
2018-12-17,-0.0008814209186108923
2018-12-17,0.003704150930026501
2018-12-19,-0.001997816435150418
2018-12-19,-0.0006802808063549769
2018-12-20,-0.0024022188389829667
2018-12-20,0.004046607671418384
2018-12-21,-0.000905216841737072
2018-12-21,0.002182289189096115
2018-12-24,0.002591007930461059
2018-12-26,-0.0016663040392305318
2018-12-26,-0.004451630209721741
2018-12-31,-0.0007111415745740978
2019-01-03,-0.0006105671377273524
2019-01-03,0.0032230334203307955
2019-01-04,0.0032915972686500096
2019-01-04,-0.0011480930029407366
2019-01-04,0.00020231453395634373
2019-01-04,0.0005393671159311498
2019-01-09,-0.0009597431712645876
2019-01-09,0.0011656708898722778
2019-01-15,-0.0018832467481706583
2019-01-16,-0.0006237433068672248
2019-01-23,-0.0005659203540876622
2019-01-25,0.007596945832129981
2019-01-31,-0.0006405011285532002
2019-02-01,-0.0013956626086577717
2019-02-01,-0.0008417577174687662
2019-02-07,-0.002525316343913303
2019-02-11,-0.0010042877727224509
2019-02-13,-0.0004198820306930029
2019-02-15,-0.001939748013997561
2019-02-18,-0.0011617705798191603
2019-02-19,0.00588143915869353
2019-02-21,0.005296009939068408
2019-02-22,0.001054295548682177
2019-02-27,-0.0008684928951624592
2019-02-27,0.0009868720266096142
2019-02-28,0.0010878751577016843
2019-03-01,0.003426317736339707
2019-03-04,-0.0006963440833362033
2019-03-05,-0.0013328087609786488
2019-03-07,-0.000869510519171962
2019-03-08,-0.0009177914912790352
2019-03-08,5.828546449647146e-05
2019-03-08,0.0020132985889534773
2019-03-11,-0.0012314895352579958
2019-03-11,0.000646167333076525
2019-03-15,-0.0014837387483407516
2019-03-20,-0.009611867233243605
2019-03-21,0.001913165492689034
2019-03-22,-0.0010510957105090036
2019-03-22,-0.0011564677922374534
2019-03-22,0.00015157153170717867
2019-03-22,-0.0011280335278571918
2019-03-25,-0.000876146413902673
2019-03-25,0.0008382109831205187
2019-03-26,-0.000903823637653639
2019-03-27,-0.001333581528358957
2019-03-27,-0.0003132820136157066
2019-03-27,0.0015247231609754996
2019-03-28,-0.0013721665818741291
2019-04-01,2.285254896370884e-05
2019-04-04,0.00024378367654763204
2019-04-04,-0.003263647998126634
2019-04-05,-0.004561968560367185
2019-04-08,-0.000673931598861549
2019-04-10,-0.000651186786322605
2019-04-10,0.00134510648522555
2019-04-11,-0.002799423489440972
2019-04-11,0.004759168435196176
2019-04-15,-0.00044706695663844774
2019-04-15,-0.0007786146543397209
2019-04-16,0.004407692578858297
2019-04-23,-0.0007830348039804701
2019-04-23,-0.00020189341659583855
2019-04-24,-0.00039663555387516313
2019-04-25,-0.0036415881395657377
2019-04-26,0.002233074130620777
2019-05-02,0.00105785356263553
2019-05-02,-0.0001862033585499245
2019-05-02,-0.0017307332590052072
2019-05-03,0.001006092400994124
2019-05-08,-0.00014821181088144338
2019-05-09,0.0004828445738916776
2019-05-09,-0.000916152633441708
2019-05-10,-0.0015027808464427473
2019-05-13,0.008611667847979603
2019-05-16,-0.0010225762059738075
2019-05-16,0.0012318015061772824
2019-05-17,-0.00025469335889529153
2019-05-17,0.0038642520208190647
2019-05-23,-0.0015260285533842566
2019-05-23,0.002763874092102864
2019-05-30,0.00011876391093288978
2019-05-31,-0.0014111304755131282
2019-05-31,0.0022202637276070693
2019-06-05,-0.0037414519671028655
2019-06-07,-0.0012232360715776103
2019-06-07,0.0007981954148657933
2019-06-07,8.975888764038435e-05
2019-06-07,-0.0006625840363896517
2019-06-13,-0.0002607938064718318
2019-06-18,-0.0010940208644179162
2019-06-20,-0.002123431614136656
2019-06-24,0.0008614615788971992
2019-06-25,-0.0027072359775213327
2019-06-27,-0.001493231504864262
2019-07-01,-0.0011988242171660113
2019-07-02,0.007285370989418155
2019-07-05,0.0030268548463940727
2019-07-05,-0.0019693866681270876
2019-07-05,0.0008401854854974523
2019-07-05,-0.00019463116677944088
2019-07-05,-0.0006382681145905732
2019-07-10,-0.0007425110398468104
2019-07-10,0.002246393307939837
2019-07-17,0.003974371021986262
2019-07-18,-0.000610985006327297
2019-07-25,-0.0028899183213088207
2019-07-25,-0.0007163712579735414
2019-07-26,-0.002255843943140173
2019-08-01,-0.0028855721676793898
2019-08-02,0.0024593250610184083
2019-08-05,-0.003955204512098315
2019-08-06,0.0006722944162215028
2019-08-07,-0.004041078229995792
2019-08-07,0.0013208395612224033
2019-08-08,-0.0010529383620788868
2019-08-09,-0.0002487901582033547
2019-08-09,-0.0018584606266356552
2019-08-09,-0.0015229773332543662
2019-08-13,-0.0030670528118056537
2019-08-13,-0.0020245678314888714
2019-08-14,-0.003213718331569154
2019-08-23,0.0004541517780819293
2019-08-23,0.007186209136302507
2019-08-26,-0.002640830041939729
2019-08-27,0.0006891112842154324
2019-08-29,-0.0018021765427407466
2019-08-29,-0.0004305648296337894
2019-08-30,-0.0023862464642103896
2019-09-03,0.006190516042397049
2019-09-05,-0.0008059737380682496
2019-09-05,0.012978198947268576
2019-09-06,-0.0014032777496888638
2019-09-09,-0.0021183842619120373
2019-09-12,-0.001743200545534912
2019-09-13,-0.0010867691018133952
2019-09-13,-0.000554012255279973
2019-09-24,0.00015143223498235718
2019-09-25,0.009786531741223108
2019-09-26,-0.00032458469472619876
2019-09-27,-0.0026381292944221034
2019-09-30,0.004467854593802706
2019-10-01,-0.0023475315475109003
2019-10-01,-0.008803632453311078
2019-10-01,0.004066992855016644
2019-10-02,-0.003308029542869367
2019-10-02,0.006844399344061986
2019-10-03,-0.004684151608339365
2019-10-03,-0.0006156526448797439
2019-10-04,0.0008312902461570071
2019-10-04,-0.003052159806130067
2019-10-09,-0.00012597823537143223
2019-10-10,0.00482238861490934
2019-10-11,-0.0025312606496869115
2019-10-15,0.005276638942917839
2019-10-16,-0.0008986535932731409
2019-10-16,-0.0018688864908612713
2019-10-16,-0.0007822995027747692
2019-10-16,0.0005800807414631904
2019-10-24,0.0019173528641654835
2019-10-25,-6.614218425317616e-05
2019-10-25,-0.0010949825552021453
2019-10-28,-0.0008489741980469866
2019-10-28,-0.00018503513726044192
2019-10-28,0.0005451732657032305
2019-10-29,-0.0015054735958927202
2019-10-31,0.0004237672350631938
2019-10-31,-0.0015446131015599718
2019-10-31,-0.0005404423758012144
2019-10-31,5.6851998559631665e-05
2019-11-05,0.0004841460816498
2019-11-05,0.007777999053247481
2019-11-06,-0.0013290502590380838
2019-11-06,-0.0006164982332086565
2019-11-07,0.004249301884409845
2019-11-11,-0.0021703787543018325
2019-11-12,-0.0027750352291858902
2019-11-18,-0.0012118569374700739
2019-11-20,-0.001166675077291085
2019-11-20,-0.005282313499631502
2019-11-27,-0.00034893290529293685
2019-11-27,-0.0005395548552337314
2019-11-29,0.002432656671870298
2019-12-02,-0.0007441772820738934
2019-12-03,0.003103777922535006
2019-12-04,0.001362582637980153
2019-12-06,0.004378587436701148
2019-12-11,0.00017811701758839175
2019-12-12,-0.007393309446090973
2019-12-24,0.00396083911511434
2019-12-26,0.0011232171367881849
2019-12-30,-0.0011094016841867338
2020-01-02,0.0003942525089411897
2020-01-03,-0.00046283209727228657
2020-01-03,0.0028028814632167056
2020-01-07,-0.00018447597547234791
2020-01-07,0.0005047309572972892
2020-01-08,-0.0018178750800696031
2020-01-08,-0.001978740593653455
2020-01-09,-0.0010590567062952639
2020-01-10,-0.00038421373061172103
2020-01-13,-0.0010663095411695023
2020-01-15,-0.0013391662477976352
2020-01-21,-0.004094907962817101
2020-01-23,0.0014697214857489593
2020-01-24,0.0018033795136665864
2020-01-28,-0.0017092227024419094
2020-01-30,-0.0006858699236041043
2020-02-04,0.008149057989910485
2020-02-05,-0.0009591857740929465
2020-02-05,-0.00037207818445540996
2020-02-05,0.00018860412280017895
2020-02-07,-0.000702739759891785
2020-02-10,-0.0011617297236929003
2020-02-11,-0.0010995230449070304
2020-02-13,-0.0006600659548040732
2020-02-13,6.982604877468494e-05
2020-02-14,0.002298179615238244
2020-02-18,-0.0014290806112170651
2020-02-18,0.004537392139124835
2020-02-20,-0.0007820121719096684
2020-02-21,-0.003493161906000258
2020-02-21,-0.0004816426361911208
2020-02-24,-0.004133526306967966
2020-02-25,-0.0015756326636563623
2020-02-26,-0.002114101898739745
2020-02-27,-0.0017891602936030038
2020-02-28,0.02980234543628622
2020-03-03,0.010564161437430202
2020-03-04,-0.001392614669351605
2020-03-05,-0.0012263071732622366
2020-03-05,0.0012048839339698747
2020-03-06,-0.008293568923886236
2020-03-09,-0.004934831722621341
2020-03-10,-0.0019590794166190082
2020-03-10,0.0014929700147765345
2020-03-10,0.0007568973496551002
2020-03-12,-0.006950602623141527
2020-03-12,0.0071612509153352434
2020-03-13,0.03285690545201424
2020-03-17,0.02263091707708696
2020-03-23,-0.00042125927158411235
2020-03-23,0.005034603515004271
2020-04-06,-0.001844971937655221
2020-04-08,-0.0015650280080056367
2020-04-08,-0.003845152318147321
2020-04-09,0.002923299601586532
2020-04-09,0.0003320167240473515
2020-04-09,0.007426157430464248
2020-04-13,0.00544540570542616
2020-04-14,0.0005318378809956282
2020-04-14,0.0011154350530920675
2020-04-14,0.0015623479269978146
2020-04-15,-0.0036553759671010986
2020-04-15,-0.0015519555382760453
2020-04-17,-0.003519878716249941
2020-04-20,0.000616703933280155
2020-04-21,-0.006927363752156207
2020-04-22,0.007608238622115998
2020-04-23,-0.00037871593743289965
2020-04-23,-0.0049619127044981
2020-04-24,-0.0009371064209596935
2020-04-27,-0.0018951086120272576
2020-04-28,-0.002650419744729365
2020-04-29,-0.0014782324521921575
2020-04-30,-1.0153677832025164e-06
2020-05-01,-0.0017185906709419497
2020-05-06,-0.00037462324545147195
2020-05-06,0.005497926490705446
2020-05-07,0.005809894591724968
2020-05-08,-0.006297308136886798
2020-05-13,-0.003436799242631977
2020-05-14,0.0028453545833731888
2020-05-15,-0.000509488340569314
2020-05-15,-0.0009176199700492604
2020-05-15,0.00033518336696146124
2020-05-15,0.00196475371350911
2020-05-18,-0.0024558642510562776
2020-05-18,0.0012806019812159175
2020-05-19,-0.00014779845906000562
2020-05-21,0.0015879638586407784
2020-05-26,2.701105514456018e-05
2020-05-26,0.006073094420082731
2020-05-27,-0.0019450884359207999
2020-06-02,0.00017577466454619665
2020-06-03,0.006097754967329544
2020-06-04,-0.002687018268662816
2020-06-04,0.002116914694067923
2020-06-05,0.006584306643848664
2020-06-09,-0.0006914369505705175
2020-06-09,0.0008382726393271035
2020-06-11,0.0016232752466328437
2020-06-12,-0.0013971892361053396
2020-06-15,-0.0014541833555953454
2020-06-19,-0.0018567154654976104
2020-06-19,-0.00067749597604429
2020-06-22,-0.00043724889814202305
2020-06-26,-0.00502916768959562
2020-06-30,0.001552419135559463
2020-07-01,0.0011799793556477145
2020-07-02,-0.001546120810592816
2020-07-02,-0.0001287393303094519
2020-07-07,0.0025672193313655946
2020-07-08,0.000674142142373363
2020-07-09,-0.0014558451879051082
2020-07-09,-0.0001944712582796659
2020-07-17,-0.0016416970147902388
2020-07-21,-0.0007135686786895634
2020-07-21,-0.00015322786882600577
2020-07-21,-0.0021755151830784745
2020-07-22,0.0005029005054605185
2020-07-23,-0.0018698843489424355
2020-07-23,0.006629940880543789
2020-07-24,0.0016971869100822323
2020-07-27,-0.002126041794551908
2020-07-27,-0.002076691897617516
2020-07-28,0.005491941815264451
2020-07-29,-0.0032104870015592533
2020-07-30,-0.002747236455986307
2020-07-30,-0.0036170376634253763
2020-08-03,-0.0022449135460226475
2020-08-04,0.010017516327819425
2020-08-05,-0.000930253417939858
2020-08-05,-0.003016460651966274
2020-08-07,-0.005031154239962826
2020-08-07,0.014601054582355149
2020-08-10,-0.0019962980118750804
2020-08-11,0.011905447568697585
2020-08-13,0.004843922406425488
2020-08-14,-0.0034496731060406237
2020-08-17,0.008471597985416506
2020-08-19,0.005168838495449896
2020-08-26,0.007525594497573268
2020-08-27,-0.017244716671582245
2020-08-27,-0.007087769480367173
2020-08-27,-0.0037734937598560446
2020-09-02,0.006932353775139216
2020-09-08,-0.00575215919429452
2020-09-09,-0.0008724715775546731
2020-09-10,-0.0009337673032097259
2020-09-14,0.002264460481015013
2020-09-14,-0.00020255536561432637
2020-09-17,-0.0003557900723415608
2020-09-21,0.007113527239264489
2020-09-22,-0.00041582376743611315
2020-09-23,-0.0033433895180424887
2020-09-23,0.002012186274758504
2020-09-24,-0.0030027921021681557
2020-09-28,0.0008601344410389234
2020-09-28,0.001951172765373249
2020-09-29,0.0013597068411640267
2020-10-01,-0.001033897722219973
2020-10-02,-0.0029073804247456035
2020-10-05,-0.0005344264799622855
2020-10-05,-0.001804657618176403
2020-10-05,-0.0007139966716057821
2020-10-06,0.0003230449444638739
2020-10-07,-0.0024403925363559896
2020-10-09,0.0016022529309574873
2020-10-13,0.012673552912155422
2020-10-14,0.00011130578975913634
2020-10-14,-0.00025542241310651525
2020-10-21,0.00020365147502863782
2020-10-21,-0.00263262518861897
2020-10-22,-0.0029343044506095093
2020-11-03,-0.0017271609265888832
2020-11-03,-0.0005952619652877133
2020-11-03,0.0008888227584101627
2020-11-04,-0.0033375646998034135
2020-11-04,0.002249947218354459
2020-11-05,-0.0013742129089882205
2020-11-05,-0.00019338280732751896
2020-11-06,-0.0024373709830846245
2020-11-09,0.011898071410819427
2020-11-11,-0.0011407815435596936
2020-11-11,0.0004236748909318522
2020-11-11,-0.00033423778187770535
2020-11-12,0.0008043521045414227
2020-11-13,-0.0002292707144400274
2020-11-19,-0.0007337672434281239
2020-11-20,-0.0011206781816558598
2020-11-23,0.008142996275470087
2020-11-27,0.0005013488020389868
2020-11-27,-0.0022495940705217375
2020-11-27,-5.5534793376738025e-05
2020-11-27,0.0006443317974951069
2020-11-27,-0.0015570901557046158
2020-11-27,5.636108780158747e-05
2020-12-07,0.007527899231905094
2020-12-09,0.010038058470649074
2020-12-10,-0.001795149062172835
2020-12-10,-0.003625041673320578
2020-12-11,-0.0003020690435763418
2020-12-11,-0.0021624093260387443
2020-12-15,-0.001851466930851381
2020-12-17,0.00041536675824636605
2020-12-22,0.0015520045074717103
2020-12-23,0.0014871501500092032
2020-12-23,-0.0006585107219406915
2020-12-28,-0.0005282997667918232
2020-12-29,-0.0019099886302510638
2020-12-30,-0.0003890848335049879
2020-12-30,0.0011681955225936013
2021-01-04,-0.004497693683170117
2021-01-06,0.0008345184439279952
2021-01-06,0.014824635765833354
2021-01-08,0.016224323510101373
2021-01-11,-0.005361156345007906
2021-01-11,0.00016644871201330628
2021-01-12,3.8581890161465435e-05
2021-01-12,-0.0016901743022542826
2021-01-13,3.642798417034524e-05
2021-01-13,-0.00022342221052719654
2021-01-15,0.0044472764391141175
2021-01-20,0.011072161606812663
2021-01-28,0.0007056058707096525
2021-01-29,-0.0005178112905596276
2021-02-02,-0.0028431742525111435
2021-02-04,0.01039500266154823
2021-02-05,-0.004898243460262147
2021-02-05,0.0034223955786766127
2021-02-08,0.0010542489712380531
2021-02-08,-0.0009269661683069141
2021-02-09,-0.002403959048348464
2021-02-10,-0.003434835310394807
2021-02-11,-0.0002414410151744428
2021-02-16,-0.0031371918266097807
2021-02-16,-0.00012713868686144432
2021-02-17,-0.0019478275700711867
2021-02-17,-0.0032656209742650986
2021-02-19,-0.0006388154439647297
2021-02-19,-0.00013404578300270638
2021-02-22,-0.0005582213573316507
2021-02-23,-0.0036785855641324914
2021-02-24,-0.0024295078553738967
2021-02-25,-0.0028220127084933764
2021-02-25,-0.0016878377993604532
2021-02-25,-0.0007541419742832677
2021-02-26,0.011423415498871253
2021-03-04,-0.0018504656409416176
2021-03-08,-0.0015130969257039107
2021-03-09,0.0008837870418806182
2021-03-09,0.0029335261717516716
2021-03-23,-0.001944169294914827
2021-03-23,-0.0007507772249718713
2021-03-23,9.460772649181885e-05
2021-03-25,-0.0010223934181050776
2021-03-25,-0.002928490629905539
2021-03-25,-0.0023636641068448703
2021-03-26,-0.0006054289562808123
2021-03-29,-0.0035367596509480346
2021-03-29,0.0009391158897573527
2021-03-30,-0.0032647199213339416
2021-03-30,-0.0003335123750784097
2021-03-31,0.013126102259354382
2021-04-01,0.005197234025630865
2021-04-06,-0.00020735760288971835
2021-04-08,0.001788309999893528
2021-04-08,-4.501336400636293e-06
2021-04-09,-0.0024062267312480344
2021-04-12,0.0012409702877347161
2021-04-12,-0.0007529144633765694
2021-04-13,0.0010424272147203483
2021-04-13,-0.0009217068505488368
2021-04-13,0.002670437421524158
2021-04-14,-0.0028167861511366908
2021-04-14,-0.0016391697073158296
2021-04-15,0.0009251234952146582
2021-04-19,-0.0038105711585673272
2021-04-21,-0.0013991015457196665
2021-04-21,-0.00022849290640871152
2021-04-23,-0.001523162201092626
2021-04-29,-0.0003329521188037032
2021-05-03,0.0030726705101012776
2021-05-04,-0.001160095029871483
2021-05-06,0.0026030234314727676
2021-05-07,-0.0045273199053807054
2021-05-07,0.0014361427178649466
2021-05-07,-0.0007152954243900999
2021-05-07,-0.0005738220357187795
2021-05-07,-0.0005741025388510567
2021-05-11,-0.005555194401560287
2021-05-12,0.0005147793096292708
2021-05-17,0.004343864920403823
2021-05-19,-0.0023744847713184246
2021-05-21,-0.004277687893880072
2021-05-25,-0.0009333510604576822
2021-05-26,-0.0027006395245477042
2021-06-01,-0.0025791803413183377
2021-06-03,0.006806512095773082
2021-06-04,0.004122157143950794
2021-06-08,-0.0014220267878258975
2021-06-11,0.00039754790295263854
2021-06-15,-3.5171074660572645e-05
2021-06-17,0.001598458693304533
2021-06-22,-0.0023772726747207816
2021-06-29,-0.0012222949875892064
2021-06-29,-0.00217580823599785
2021-06-29,-7.836781132021793e-05
2021-06-29,-0.00024284425537114958
2021-06-29,0.000772217472507647
2021-06-30,-0.0007384998527126984
2021-07-02,-0.005931320104680354
2021-07-08,-0.0008518852101010609
2021-07-09,0.001743356119631928
2021-07-16,-0.0017825958305147827
2021-07-20,-0.0011251462375331423
2021-07-20,-6.63059181588321e-05
2021-07-20,-0.006283702146838504
2021-07-30,-0.0007144296085505208
2021-07-30,0.0032251310909381216
2021-08-04,-0.008558193406709175
2021-08-05,-0.0043966870736810324
2021-08-06,0.00792702932774168
2021-08-09,-0.0016027682059506388
2021-08-09,0.005613990596881707
2021-08-11,-0.004201536203516837
2021-08-11,0.002038307558764313
2021-08-13,0.0072934354840893225
2021-08-16,0.0018866007442289556
2021-08-16,0.0005377360239689877
2021-08-19,-0.0036819033116559817
2021-08-23,-0.002061835128844963
2021-08-23,-0.0012639875963385172
2021-08-23,-0.0002937721107174773
2021-08-26,-0.0022208863900376073
2021-08-27,0.006587469938964624
2021-08-31,-0.004561221799313969
2021-09-01,-0.0017446861100477607
2021-09-02,-0.0035167032471875746
2021-09-03,0.00392887104407112
2021-09-07,0.0004698626692446306
2021-09-08,-0.005022169499124723
2021-09-10,-0.000683354345734427
2021-09-10,-0.0005238573731801865
2021-09-14,-0.0026253494514975216
2021-09-14,-0.0003095955508751913
2021-09-15,0.001529572195412704
2021-09-15,0.00017251799807347927
2021-09-16,0.0038971410398219554
2021-09-21,-0.00014028074618356863
2021-09-21,0.0002773884556384998
2021-09-21,-0.00010846215722505877
2021-09-23,0.009577464536596008
2021-09-24,0.0011020091603838155
2021-09-28,-0.003290205738048074
2021-09-29,-0.001954127549342338
2021-09-29,0.0026099520573504677
2021-09-30,0.014357942603150913
2021-10-07,-1.5868107291722135e-05
2021-10-08,0.0006672871778702184
2021-10-08,-0.0043223319937663205
2021-10-13,0.004737312774941366
2021-10-22,-0.0023648256689582535
2021-10-22,-0.00826542809473076
2021-10-25,0.0001294892055928421
2021-10-25,-0.0015322805879176727
2021-10-26,0.003542737279048619
2021-10-26,0.0003182277877410267
2021-10-29,-0.001097803022861571
2021-11-01,-0.00014476115320007362
2021-11-02,-0.0017919110317023035
2021-11-03,0.0008691543390148938
2021-11-03,8.369154751273759e-05
2021-11-04,4.476176298227611e-05
2021-11-05,0.0057351071192380644
2021-11-08,-0.00215594473234994
2021-11-10,0.0021288845198737917
2021-11-10,-2.5977916349967347e-05
2021-11-10,-0.0013564332538839208
2021-11-10,-0.0017420305362610023
2021-11-11,-0.0030328928217380367
2021-11-16,0.0017717305958150186
2021-11-19,-0.0018725141290717618
2021-11-22,0.007422697442913001
2021-11-23,-0.001559022524078818
2021-11-30,-0.005460577090264501
2021-11-30,-0.0021747896316347713
2021-12-01,-0.00025856322900154604
2021-12-02,-0.0017514290686470202
2021-12-02,0.002688014918712828
2021-12-03,-0.0004149321941042838
2021-12-07,-0.003969647614706323
2021-12-10,-0.0015756376024948116
2021-12-10,0.00021520470949397134
2021-12-14,0.0004293942448124588
2021-12-14,-0.0003433802041964584
2021-12-14,-7.818065352895305e-05
2021-12-14,-0.0004543975634695607
2021-12-14,-0.00019092840878344726
2021-12-14,0.0010662137071913824
2021-12-15,-0.0007296259682449013
2021-12-16,-0.000348676284933086
2021-12-21,-0.0018913666550478714
2021-12-22,-0.000578142259137565
2021-12-22,0.001128440532292757
2021-12-28,-0.003681492082918808
2021-12-30,-0.00029249519355757924
2021-12-31,-0.0008107134523823888
2021-12-31,0.00013644766859819972
2022-01-03,0.0037513637622741238
2022-01-04,0.003196261589100674
2022-01-05,-0.0013223249642546786
2022-01-05,-0.00021977790183193565
2022-01-05,-7.504438393392539e-05
2022-01-05,-0.0010086897182513155
2022-01-10,-0.0019832333697355096
2022-01-11,0.0013761896932388106
2022-01-12,-0.0016020990680738645
2022-01-13,-0.0006023092624868497
2022-01-19,0.00976217507016917
2022-01-20,-0.0011059320789200855
2022-01-21,-0.000284472415664444
2022-01-25,-0.004892863556778998
2022-01-25,0.0020608602722170634
2022-01-26,0.004567471818458829
2022-01-27,-0.002546599990924564
2022-01-27,0.004913823862054173
2022-01-28,-0.0016035845781393776
2022-01-28,-0.0006203846563314241
2022-01-31,5.0278578367241065e-05
2022-02-03,-0.004108723841374301
2022-02-04,-0.0008169504843557218
2022-02-10,-9.1387955702199e-05
2022-02-11,-0.001073759353760101
2022-02-14,0.0003100031621135868
2022-02-14,-0.0001752888149173681
2022-02-14,-0.0007775494029102103
2022-02-14,0.002632439982559115
2022-02-16,0.0032563864563855795
2022-02-17,-0.004068114535905515
2022-02-17,0.0006167277569785024
2022-02-18,-0.0012862393357972069
2022-02-25,-0.0012569471044158343
2022-02-25,0.00010162628113462028
2022-03-01,0.003851425319763774
2022-03-04,0.0030287144518136135
2022-03-07,-0.003132036652090847
2022-03-08,-0.0021402140208143404
2022-03-08,-0.004540298773698231
2022-03-08,-0.004516278326512707
2022-03-09,-0.0006002915413904241
2022-03-09,-0.0004966766351138962
2022-03-09,0.001193992196324195
2022-03-11,-0.0029773548341799514
2022-03-11,-0.0029199519542567774
2022-03-14,-0.0004099935086340378
2022-03-16,-0.0028255768579580507
2022-03-21,-0.0007732080672612384
2022-03-22,-0.0010997193075476142
2022-03-24,0.0022276617577233595
2022-03-28,-0.0011148522240950365
2022-03-29,-0.003328004444493343
2022-03-29,-0.0013065983978418794
2022-03-30,-0.000506349071864881
2022-03-31,-0.0017180433383770122
2022-03-31,-0.0003116520325415928
2022-03-31,0.003108770898416419
2022-04-01,0.001658170898337069
2022-04-05,-0.004151719949330629
2022-04-08,-0.002151577901699081
2022-04-12,-0.0017317205110162382
2022-04-12,0.00244095554138411
2022-04-14,-0.002666495414193187
2022-04-14,-0.0013063541438213145
2022-04-14,-0.0017013612156565772
2022-04-14,-0.00032140387201930464
2022-04-19,0.0055027985986304375
2022-04-25,-0.006059497567276878
2022-04-25,-0.0017154800935884785
2022-04-27,0.004979337193286121
2022-05-02,0.0003444567182177949
2022-05-02,-0.006078462270265333
2022-05-03,-0.0022837865671914313
2022-05-03,-0.0002822496300685262
2022-05-05,-0.0030306813511561557
2022-05-10,0.0025116872350870846
2022-05-11,-0.004943399952921384
2022-05-12,0.005123888014061479
2022-05-13,-0.006439902545621784
2022-05-13,-0.0023047984256602426
2022-05-19,0.0013446593019260488
2022-05-20,-0.0022448146101176234
2022-05-24,0.00014323943180625802
2022-05-30,-0.0007596874769653261
2022-05-31,-0.0005403785002283833
2022-06-02,0.0009366344964253204
2022-06-03,-0.0009751559576730739
2022-06-03,-0.0013441215713593413
2022-06-03,0.004165433744103703
2022-06-10,0.00649884226073359
2022-06-13,0.006976565299998777
2022-06-15,-0.0030100489240312443
2022-06-16,-0.0010091535194250046
2022-06-16,-0.002065721966913031
2022-06-16,0.004141905882312541
2022-06-17,-0.00018842134573228693
2022-06-22,-0.0011342207834038776
2022-06-22,-0.0020582080893909614
2022-06-29,-0.005170530754370478
2022-06-30,-0.002599372784846693
2022-07-05,0.019272130079099208
2022-07-06,0.008467525034026462
2022-07-08,-0.0047728672580017615
2022-07-12,-0.0008665157176152182
2022-07-13,-0.00782837241270586
2022-07-13,-0.0030077452522008384
2022-07-14,-0.00044881585310720394
2022-07-14,0.000525220698505452
2022-07-14,-0.0011910948678980516
2022-07-21,-0.001177809160014881
2022-07-22,-0.002002774155852721
2022-07-25,-0.0010730996137983285
2022-07-25,-0.0009063535509582665
2022-07-28,0.002065712864546804
2022-07-29,-0.0020222055066597853
2022-08-02,-0.0012131345005586159
2022-08-02,-0.0031410332510064696
2022-08-03,-0.0020082710030625726
2022-08-03,-0.001312582769181686
2022-08-05,-0.0033412175567145872
2022-08-05,0.000614110711288124
2022-08-05,-0.0005100589244217024
2022-08-05,0.0011883798327484262
2022-08-05,-0.0005030901451505031
2022-08-09,-0.000948448620453196
2022-08-09,-0.0009310323634879213
2022-08-10,-0.0025895828505320293
2022-08-11,-0.002306987843766167
2022-08-11,-0.0013837238393138607
2022-08-12,0.0009437911936483857
2022-08-17,-0.0008167007151504035
2022-08-23,0.00020746241534462255
2022-08-24,-0.0016636610445650735
2022-08-26,-0.0008911041693150545
2022-08-29,-0.003581381761122343
2022-08-30,-0.0002796974860844903
2022-08-30,-1.535613580096459e-05
2022-08-30,-0.0004967929452936059
2022-09-01,-2.076757463666531e-05
2022-09-01,-0.0033081609115507447
2022-09-02,0.0005872480523988311
2022-09-06,-0.0008227956199672481
2022-09-06,0.0005140685166972026
2022-09-07,-0.001680098557601667
2022-09-07,0.002440572076297537
2022-09-08,-0.0020064550747182107
2022-09-08,-0.0009924133627427112
2022-09-13,-0.00013392758546850177
2022-09-13,-0.00010522965770544675
2022-09-13,0.0006804782154112677
2022-09-15,0.004614711532643351
2022-09-16,-0.0012062945374941181
2022-09-22,-0.004367643400562743
2022-09-26,0.0014163818322088073
2022-09-28,0.013398139100604261
2022-09-29,-0.0031502760776486336
2022-09-30,-0.00025042260791187653
2022-10-03,0.014941430851931652
2022-10-04,-1.529520069544762e-05
2022-10-07,-0.005468160806933037
2022-10-07,0.0001868420668889981
2022-10-07,-0.0018055609317767674
2022-10-07,-0.0009949820785461084
2022-10-10,-0.0011986851199855709
2022-10-11,-0.0016148324267791947
2022-10-13,-0.005150985638267785
2022-10-13,-0.0052125449619039475
2022-10-14,0.0014866771641441733
2022-10-17,-0.0012439327806108736
2022-10-17,-0.0014555549680545122
2022-10-21,0.006539584259134351
2022-10-25,-0.0018039379294752134
2022-10-28,-0.0026808237131298483
2022-10-28,-0.0006357252138106283
2022-11-04,-0.0013881844014673906
2022-11-04,0.0014496829332578509
2022-11-08,0.004114248936165949
2022-11-10,0.009577020867604574
2022-11-11,-0.0014152886019837164
2022-11-18,-0.00194613852043925
2022-11-28,-0.001944595607154559
2022-12-01,0.006652937881566384
2022-12-02,-0.0021258368763695966
2022-12-02,-0.0015625965238340756
2022-12-02,-0.003946908397348586
2022-12-05,0.012420236933167388
2022-12-07,-0.003058278244437845
2022-12-07,-0.00041459123664956964
2022-12-12,-0.0009066679149959566
2022-12-12,0.0006868485012771875
2022-12-13,-6.64348480300558e-05
2022-12-13,-0.0009117041788157142
2022-12-13,-0.00014939595560249926
2022-12-13,-0.0005309776829224455
2022-12-13,0.0032492809465868135
2022-12-20,-0.0006329799240008149
2022-12-20,0.002123410515726715
2022-12-22,0.01200948258713606
2022-12-27,-0.004712427851510065
2022-12-29,-0.0010353325074681397
2022-12-29,0.00032961112321548415
2023-01-03,-0.005456137917733822
2023-01-04,-0.0023650895449847274
2023-01-05,0.0035526779991906622
2023-01-05,-0.0008895785027626279
2023-01-06,-0.003233917975127637
2023-01-06,0.0016159939182992355
2023-01-12,-0.004505056372383648
2023-01-12,-0.0011210177812745082
2023-01-13,0.009125930970650047
2023-01-18,-0.0013585489663288264
2023-01-19,0.0029024908809286267
2023-01-23,-0.0010061166022651447
2023-01-26,-0.00036586103683168835
2023-01-26,-0.001826486753272144
2023-01-27,-0.005608181966834008
2023-02-02,0.0001382968245770944
2023-02-03,0.011189501618163327
2023-02-09,-0.001621374280631821
2023-02-14,-0.004923109774107498
2023-07-31,-0.0006651213846538161
2023-07-31,-0.0022720564366321026
2023-08-01,-0.0006659126791725033
2023-08-04,-0.0006985055852320065
2023-08-04,-8.041695401052592e-05
2023-08-04,-0.0013101693595878483
2023-08-04,-0.00019375009974277875
2023-08-14,-0.003302632978402625
2023-08-17,0.0030585199909586138
2023-08-21,-2.1470508445753066e-06
2023-08-23,0.0014747417255601524
2023-08-25,-0.0004356762027600991
2023-08-25,-0.0034389604971202413
2023-08-28,-0.0003521503112878965
2023-08-28,-0.0007249826629851685
2023-08-29,0.001745427913822134
2023-08-30,0.00017835457247371015
2023-09-01,-0.0013767033180655142
2023-09-06,-0.002807997014854807
2023-09-06,-0.0017138599209093497
2023-09-11,-0.0024336249158836308
2023-09-14,-0.0015267567236333546
2023-09-14,-0.002080959265646903
2023-09-15,0.0007617478343514395
2023-09-20,0.00199166011545891
2023-09-22,-0.0007204093367929764
2023-09-25,0.0004821312464118155
2023-09-26,-0.0005826565759149582
2023-09-26,0.0021872040552764873
2023-09-27,0.006230709674834395
2023-09-28,0.0032131195199524955
2023-09-29,-0.0010320754969297575
2023-09-29,0.002075238525333406
2023-10-02,-0.0011869783841146509
2023-10-03,-0.001024758495407191
2023-10-04,-0.003271233843431437
2023-10-05,-0.0025716819405946665
2023-10-06,-0.0034091021948897847
2023-10-06,0.0011256790781565106
2023-10-13,-0.003028202504450811
2023-10-13,0.010387469643864927
2023-10-18,-0.00575924997003065
2023-10-20,0.0012064354716932845
2023-10-20,-0.0014094007383880392
2023-10-23,-0.002351516189000552
2023-10-25,-0.0018609268127859513
2023-10-25,-0.0023186055464514852
2023-10-26,-0.001096396033447039
2023-10-26,-0.0019992076488523245
2023-10-26,-0.0002414643030636154
2023-10-31,-0.0024270160226379676
2023-10-31,-0.0006372554465509272
2023-10-31,0.003457752624538274
2023-11-01,-0.00020170089073303084
2023-11-08,0.0030659401326843362
2023-11-09,0.003224641915434573
2023-11-10,0.003173989768748148
2023-11-13,0.00021783827186770414
2023-11-14,0.003817328621794719
2023-11-14,-0.000304187568675246
2023-11-16,0.0059542383437173165
2023-11-21,0.002409657070495991
2023-11-22,-0.0006876094541404975
2023-11-28,0.00964867250067401
2023-12-01,0.01061199538350675
2023-12-04,0.017359716373706462
2023-12-05,-0.0010941103803486952
2023-12-07,-0.0038458068697983126
2023-12-08,0.012743405929196299
2023-12-11,0.000812982559535086
2023-12-11,-0.0001353297652192553
2023-12-14,-0.0007590123736450793
2023-12-19,0.0005244314444671051
2023-12-19,-0.002190044533726748
2023-12-21,-0.0010547999718552193
2023-12-21,-0.0032509612213187543
2023-12-22,-0.0006152884309009898
2023-12-27,0.0021606658554294946
2024-01-03,0.0023432165415932906
2024-01-05,-0.004351153226485621
2024-01-05,-0.005309731648431753
2024-01-08,-0.0018767955927851022
2024-01-09,-0.00044670686231497724
2024-01-11,0.00045664904633422877
2024-01-12,-1.5111921496074845e-05
2024-01-12,-4.433680453565511e-05
2024-01-12,-0.0010964018474827364
2024-01-16,-0.00012329202952101044
2024-01-17,0.007549151519175773
2024-01-24,0.00022851516830811329
2024-01-25,0.0003167820703565527
2024-01-29,-0.006934977958312899
2024-01-30,-0.0058724324302859175
2024-01-31,0.002823551895933957
2024-02-01,-0.0018918983878958462
2024-02-02,-3.450326182987126e-05
2024-02-02,-0.00023609277294002747
2024-02-02,-0.0014306141337398104
2024-02-02,0.0010798406191344478
2024-02-02,-0.0006601357582180111
2024-02-02,-0.00021476835490287778
2024-02-06,-0.0001965725833812548
2024-02-06,-0.001545370604775459
2024-02-06,-0.0012664196951297669
2024-02-07,-0.004137630837288814
2024-02-12,0.001724590669932896
2024-02-12,-0.0015680272124826311
2024-02-13,0.006342367690817624
2024-02-23,0.0006476656591892616
2024-02-26,-0.0012291914006607064
2024-02-29,-0.0004206211190995901
2024-02-29,0.0001233438493698336
2024-02-29,-0.0005785765369171913
2024-02-29,-0.0005480523177508078
2024-02-29,0.0009195657776955691
2024-03-01,0.013510505650785692
2024-03-04,0.010536815190348086
2024-03-05,-0.0018816889551047822
2024-03-06,-0.0032591641473408593
2024-03-06,0.0016884223582437185
2024-03-08,-0.0031463659911835805
2024-03-08,-0.0010531744991342407
2024-03-08,0.001712627367373637
2024-03-11,-0.0013911103885338061
2024-03-13,0.0021713188061170787
2024-03-14,-0.00047081853883303436
2024-03-19,-0.00010941025619417007
2024-03-20,-0.002486209369311226
2024-03-22,0.0008559963187198927
2024-03-27,-0.0005186800785532852
2024-03-28,-0.0011504931476016445
2024-03-28,0.00010110202222800017
2024-04-01,-0.0036693237502275653
2024-04-02,-0.0025116424661391244
2024-04-03,0.0004174482806856672
2024-04-03,0.006776103893437174
2024-04-05,-0.006033634595153175
2024-04-05,0.0013896204221995722
2024-04-10,-0.009761059641995824
2024-04-10,-0.0031591981196564976
2024-04-11,-0.002499330368182967
2024-04-11,0.002066750381960786
2024-04-12,-0.004106526599532273
2024-04-15,-0.005852973081525231
2024-04-16,-0.0018670477833313715
2024-04-16,-3.889634720257159e-05
2024-04-17,-0.001753254035418056
2024-04-17,-0.003038101908143925
2024-04-19,-0.0010391100651976515
2024-04-22,-0.0010783016967278625
2024-04-22,-0.0010979218847427974
2024-04-22,0.00044119411688457456
2024-04-25,-0.0027195491684250004
2024-04-25,-0.0041145598980334595
2024-04-29,-0.0011214305395835956
2024-04-30,-0.004059886750379954
2024-04-30,0.004990571167329577
2024-05-01,-0.0024556003543405756
2024-05-01,-0.0014867164057245253
2024-05-02,-0.004240516969279312
2024-05-03,-0.0025088062772308404
2024-05-06,-0.0024127915478463656
2024-05-06,-0.00010456234920032666
2024-05-08,-0.0013531323875671964
2024-05-09,-0.005640144439033839
2024-05-09,-0.0006696674052599937
2024-05-13,-0.0004061513965564367
2024-05-13,0.00038213708623667243
2024-05-15,-0.002440595440436971
2024-05-15,-0.004156045253167723
2024-05-15,0.0030387745221090836
2024-05-16,-0.0016375914789038715
2024-05-17,0.003997921083444084
2024-05-22,-1.085482516473554e-05
2024-05-23,-0.001119216568231346
2024-05-23,0.008410653740900425
2024-05-27,0.00033357369012386174
2024-05-28,-0.0026234955922040002
2024-05-30,-0.0006409357643227975
2024-05-31,-0.004225126515872829
2024-05-31,-0.002212843461760888
2024-06-03,-0.000751357953037951
2024-06-03,0.007010723366941735
2024-06-04,-0.0031261650138497852
2024-06-05,3.687036135567315e-05
2024-06-05,0.0037838609423551496
2024-06-06,-0.0025092195858993525
2024-06-07,-0.003956222876736154
2024-06-07,0.007696483335358201
2024-06-12,-0.00240515586771019
2024-06-12,0.0001662204502791254
2024-06-12,-0.0014676619808510372
2024-06-12,0.0010067165074868322
2024-06-12,0.004488540848596717
2024-06-13,-0.0008195896872350727
2024-06-18,0.004436075393386402
2024-06-20,0.0006906527335467206
2024-06-21,0.012486954139998323
2024-06-26,-0.0003479152517688211
2024-06-26,0.0005239945070026731
2024-06-27,-0.00048378149765039845
2024-07-03,0.0025332952193520665
2024-07-03,0.0012496508198517164
2024-07-05,0.005905385453352935
2024-07-08,-0.0007622012216107642
2024-07-10,-0.0009168554090941582
2024-07-11,-0.0038576564730929018
2024-07-11,0.0070212396652190425
2024-07-12,-0.0028976121268328324
2024-07-15,-0.003611765522747795
2024-07-16,0.001710181191172705
2024-07-19,-0.0008270032408431881
2024-07-19,-0.0020294966209363384
2024-07-22,-0.0009999129897330262
2024-07-24,-0.0003451611869699389
2024-07-26,0.0003378451182592779
2024-07-29,-0.003884120763943638
2024-07-30,-0.00094851105475659
2024-07-30,-0.002036148246385777
2024-07-30,0.004082122267999738
2024-07-31,-0.001499199983514682
2024-08-01,0.0003761872173887293
2024-08-01,-4.0255763217217324e-05
2024-08-01,-0.0018265202751612975
2024-08-02,-0.004818699000734189
2024-08-02,0.0008597430435367371
2024-08-02,-0.01316984253257127
2024-08-02,-0.0058299269657263895
2024-08-05,-0.004987359416548281
2024-08-06,0.0014593817661797514
2024-08-08,-0.0014206912013266127
2024-08-12,-0.0025926936380687047
2024-08-12,0.0035588477801716647
2024-08-14,0.006915063979261321
2024-08-16,-0.0011226058608290346
2024-08-16,0.006561148567737801
2024-08-21,-0.0003360864833111987
2024-08-22,0.00030159418223250635
2024-08-23,-0.0015701072947743755
2024-08-27,-0.00214701702358146
2024-08-30,0.0035539419322727474
2024-09-03,-0.0036895299331648644
2024-09-03,-0.002832761881763751
2024-09-04,-0.0009992991481339198
2024-09-05,-0.0010840255328417204
2024-09-06,-0.005674960746566276
2024-09-06,-0.0006298485959811583
2024-09-09,-0.00046943213136353966
2024-09-10,-0.0005116436510391897
2024-09-10,-0.0013119628667686179
2024-09-11,-0.0017568786409675353
2024-09-11,7.512728120590038e-06
2024-09-11,-0.002493581786874216
2024-09-12,0.006790663225056376
2024-09-13,-0.0018776381616825322
2024-09-13,-9.093304616038518e-05
2024-09-13,0.0012286989184054741
2024-09-17,0.0005439385940597508
2024-09-23,5.8028831053974526e-05
2024-09-24,-0.0005226467759700425
2024-09-24,0.004955293624602547
2024-09-27,0.00299759230529027
2024-09-30,-0.0021220423848330614
2024-10-01,-0.0031600279274404284
2024-10-01,-0.001163316253349328
2024-10-04,-0.0022243174605657444
2024-10-04,-0.0012714719725305413
2024-10-04,-0.0012751734147510463
2024-10-04,-0.0009402366452015031
2024-10-07,-0.004238663993105923
2024-10-08,0.006090527649148064
2024-10-10,-0.002174683867068555
2024-10-10,-0.00017434086477975948
2024-10-10,-0.002959302757276755
2024-10-11,0.0005615060037150566
2024-10-15,-0.0007352258924307075
2024-10-17,-0.00023773989935706448
2024-10-17,0.0005912505097361687
2024-10-23,0.00684439645772959
2024-10-29,0.0006755941342159012
2024-10-29,-0.0003912031080114564
2024-10-29,-0.0008053561442512735
2024-10-29,0.0012621100429074216
2024-10-31,0.006454312179619987
2024-11-05,-0.0007400143161228222
2024-11-06,-0.00010818069495712175
2024-11-06,-0.0035592818929070123
2024-11-06,-0.0003294332027553748
2024-11-06,-0.0004381077236156494
2024-11-06,-0.00019053700509243373
2024-11-07,0.005426487639018524
2024-11-11,0.010167383931056966
2024-11-12,-0.002489225579449655
2024-11-13,0.0005482397220751668
2024-11-18,0.0016953245951430828
2024-11-20,-0.0005798292029948359
2024-11-25,0.013042048039236458
2024-11-27,-0.0011241983290619817
2024-12-03,-0.0001828318128661743
2024-12-05,-0.0019821265486602733
2024-12-05,0.004321423647591788
2024-12-09,0.0010817787536892942
2024-12-10,0.004909050218486183
2024-12-11,0.0028264794160185293
2024-12-12,0.0013908791324234004
2024-12-13,0.00030883753772391055
2024-12-17,0.0006530130010510116
2024-12-18,-0.0013541342794739675
2024-12-19,-0.0008705549454292193
2024-12-19,-0.0006270098072888197
2024-12-20,0.004603514669376457
2024-12-27,0.0006505575745750892
2024-12-30,-0.00021166666414708653
2024-12-30,0.0013089806442502072
2024-12-31,0.0049694894912609535
2025-01-02,0.0046381045135715894
2025-01-03,-0.0012859765563894177
2025-01-06,-0.001701544056017429
2025-01-06,-0.0004539596320513206
2025-01-06,-0.0008617262906257694
2025-01-08,0.00018943386381207742
2025-01-08,-0.006365903656725974
2025-01-10,0.00020274362758719304
2025-01-13,-9.322010318059678e-05
2025-01-16,-0.0007721332130667002
2025-01-16,-0.0006411710456846353
2025-01-21,0.0022032974809281626
2025-01-27,0.006753680773039933
2025-01-28,0.002782816219664014
2025-01-30,-0.00012587723619696397
2025-01-30,0.000349036733940139
2025-01-30,2.9741829039237087e-05
2025-02-03,0.0011496103100031407
2025-02-03,-0.000650804731780824
2025-02-04,-0.0004995519289699046
2025-02-04,0.003814397509427009
2025-02-05,-0.003229975001589741
2025-02-06,-0.001364545299164538
2025-02-07,0.00048095932374945806
2025-02-07,-0.0030822779722964487
2025-02-14,0.005578799368734161
2025-02-18,0.0005396586464470999
2025-02-25,-0.00023020625190097173
2025-02-26,-0.0025385520905517765
2025-02-27,-0.0020639584736833637
2025-02-28,0.002959803744248185
2025-02-28,-0.0013975143994294948
2025-02-28,0.0018714898570923843
2025-03-03,0.002623287292886506
2025-03-05,-0.00635626264976587
2025-03-05,-0.0024733288599853185
2025-03-10,-0.0026341214661823762
2025-03-10,0.0029122838644905892
2025-03-11,-0.0019075515006416078
2025-03-12,0.0026873007296740305
2025-03-13,0.009289955802007293
2025-03-17,-0.0020703917984095264
2025-03-21,-0.0007352461974156232
2025-03-21,-0.0007580048758561053
2025-03-21,0.0005062883706445754
2025-03-21,-0.0003529895353656831
2025-03-21,8.748355673754458e-06
2025-03-21,-0.0008174304898866002
2025-03-21,0.00035020002083539504
2025-03-21,-0.0012881158364112133
2025-03-25,-0.00013679288377057005
2025-03-27,0.0004134117872153065
2025-04-01,-0.0025939552481725357
2025-04-02,-0.0005269522606951182
2025-04-03,-0.005810033950006138
2025-04-03,-0.008606517194580294
2025-04-04,-0.0020225825975149934
2025-04-04,0.021462677938176005
2025-04-07,-0.007030643231531813
2025-04-07,0.01433952715169316
2025-04-09,0.0006616538679283635
2025-04-09,-0.007379375482995959
2025-04-10,0.004841338084971986
2025-04-11,0.0011025392755038387
2025-04-11,-0.00011245131741623445
2025-04-11,0.001454309006749238
2025-04-14,0.001023877891046615
2025-04-14,-0.0021051093292313748
2025-04-14,-0.001466627380063107
2025-04-17,0.001330723826571939
2025-04-21,-0.0018818432965222065
2025-04-22,-0.00632033605436923
2025-04-23,0.002812784411028596
2025-04-23,-0.0035993845925820387
2025-04-25,-0.0015061176442205005
2025-04-28,0.0023018998289002614
2025-05-06,-0.0020840055576072545
2025-05-06,0.005894935899704118
2025-05-08,0.008704509167437351
2025-05-14,0.0032706996561697567
2025-05-15,0.006272179026563946
2025-05-20,-0.0030455030688386784
2025-05-20,-4.738360181856801e-05
2025-05-22,-0.0021796804922466105
2025-05-22,-0.0009297108089455663
2025-05-23,-0.0010325317920603261
2025-05-29,-0.002613090101132437
2025-05-30,-0.0011541806047480508
2025-06-02,-0.0009325419728239025
2025-06-04,-0.002069673308703018
2025-06-04,-0.0022832146989201383
2025-06-05,-0.0010506289672814917
2025-06-06,-9.638918788791858e-05
2025-06-10,-0.0020207012820793345
2025-06-11,-0.0018136459918385473
2025-06-11,-0.0034274433414402004
2025-06-12,-0.000699682521541528
2025-06-12,0.00046078754910459653
2025-06-13,-0.0008780916310576924
2025-06-13,-0.003147586363021054
2025-06-16,-0.0019495221773057237
2025-06-16,0.0008751594867508595
2025-06-23,-0.0009021866482739226
2025-06-23,-0.0014835237673339774
2025-06-24,-0.003115220328686069
2025-06-27,-0.002711516236984973
2025-06-30,-0.0018023913863513153
2025-06-30,0.0009518560985012193
2025-07-02,-0.0021695481690437056
2025-07-03,-0.003417516259792824
2025-07-03,-0.002243502503559552
2025-07-03,0.000825005537982243
2025-07-03,0.00013568362778336178
2025-07-08,0.002366559699724752
2025-07-11,-0.0008268824021207154
2025-07-11,-0.0017810580735683368
2025-07-15,-0.001396834058819424
2025-07-15,7.399825126351293e-05
2025-07-16,-0.005269285959009789
2025-07-17,-0.0011787924242395887
2025-07-17,-0.0036025566693535125
2025-07-21,0.0016595199061349819
2025-07-22,0.00501715028247261
2025-07-23,0.00035987697768967154
2025-07-23,0.005768004665391163
2025-07-24,-0.00040805935578104856
2025-07-28,-0.0009822214837985788
2025-07-28,0.0021548400112696266
2025-07-30,0.003778652162849655
2025-08-01,0.00026885981114608827
2025-08-01,-0.0005407490300323336
2025-08-01,0.0014426475940957195
2025-08-04,-0.0015593458330786126
2025-08-12,-0.003719487987568065
2025-08-14,-0.001103336275035799
2025-08-19,0.0008717466374068395
2025-08-22,0.00239508979650514
2025-08-27,-0.00029160034773391684
2025-08-29,0.006691891812610301
2025-09-01,-0.0003023775646197213
2025-09-02,0.008128621277619801
2025-09-03,0.006982160590838765
2025-09-05,0.004534419053352595
2025-09-08,0.0029125171249494266
2025-09-09,-0.004770831493706512
2025-09-15,-0.0009705270888269612
2025-09-15,0.004841045144128181
2025-09-18,0.0037495003966620923
2025-09-19,-0.0012069486242409944
2025-09-22,0.0002579026022405506
2025-09-24,-0.0002289126064615343
2025-09-24,0.0027334647082887078
2025-09-26,-0.0009985669813340648
2025-09-26,0.0002831346919428379
2025-09-30,-0.0034528948312092687
2025-09-30,-0.0005641609480279308
2025-10-02,-0.003888085294911375
2025-10-03,0.0008625309749171584
2025-10-03,-0.0016042527033796217
2025-10-07,-0.0013143199007091988
2025-10-09,-0.00033910756625611936
2025-10-09,0.013746619108498597
2025-10-13,0.0025196747971275415
2025-10-13,-0.0004988485629006278
2025-10-15,-0.001763876280642801
2025-10-16,0.0011250035750943576
2025-10-16,0.0042725033911304834
2025-10-17,-0.0023764430994856088
2025-10-17,0.008275915966462138
2025-10-20,0.006005617606474317
2025-10-21,0.028321179825226733
2025-10-23,0.0033053777070542857
2025-10-23,-0.00020216356151249722
2025-10-23,-0.0018452478963349062
2025-10-27,0.002907024218337423
2025-10-30,-0.002040870323213889
2025-11-04,0.004298552813896112
2025-11-12,0.00944709750597959
2025-11-14,-0.0028883749734823936
2025-11-17,-0.002075689978401923
2025-11-17,-0.0018832169339219218
2025-11-19,-0.005587817039691706
2025-11-20,-0.0010876464886940996
2025-11-21,-0.001398560842748381
2025-11-28,-0.001180156301999319
2025-11-28,0.005294409126189154
2025-12-02,-0.0006177456844890405
2025-12-04,-0.0012069626173423387
2025-12-08,-0.001288921606506971
2025-12-11,0.01402177320196572
2025-12-16,-0.002423303713944852
2025-12-16,-0.005193798741562244
2025-12-18,-0.009385246857106861
2025-12-19,4.064320793571444e-05
2025-12-24,-0.0023670972763142504
2025-12-26,-0.001338320988439684
2025-12-29,0.02002724065071702
2026-01-05,0.0022271209993657117
2026-01-05,-0.0021497726263802917
2026-01-09,0.00026861733307269043
2026-01-09,-0.00041174949901103263
2026-01-09,-0.0014006835623666836
2026-01-13,-0.0058284699345611144
2026-01-15,-0.002675253233159219
2026-01-20,-0.0017655841029023012
2026-01-20,0.0015017410483722903
2026-01-22,-0.001907205185719757
2026-01-22,0.009582979935624496
2026-01-23,-0.0008680093139609323
2026-01-23,0.0035986137233091466
2026-01-27,-0.0032532029293351914
2026-01-29,-0.03342707570595084
2026-01-30,-0.012053360092669236
2026-01-30,-0.006897315257020547
2026-01-30,-0.002562163903707132
2026-01-30,0.05368688435050982
2026-02-02,-0.0073884865579029345
2026-02-02,0.016183033288888687
2026-02-03,-0.005797384453723037
2026-02-03,-0.007013184867822891
2026-02-05,-0.007219673583276703
2026-02-06,0.0005704012362682643
2026-02-09,-0.0011485472900645444
2026-02-10,-0.008189815728527856
2026-02-10,-0.002195338302483435
2026-02-12,0.0012223107441973024
2026-02-13,0.002690133482192364
2026-02-17,0.005028397249921529
2026-02-18,0.002865162711383912
2026-02-20,-0.0043385805958563615
2026-02-23,0.0008989677066736202
2026-02-24,-0.0012967252673458274
2026-03-03,0.008550763369063002
2026-03-03,-0.0006807574962367668
2026-03-03,0.0007638926543518221
2026-03-03,-0.0012337672665293676
2026-03-05,0.0031126712717830353
2026-03-06,-0.0038491705262668928
2026-03-06,-0.0014155420822046405
2026-03-06,3.333875436415948e-05
2026-03-09,-0.0035236689223329285
2026-03-11,-0.005531073959591642
2026-03-12,0.00915814516931877
2026-03-13,0.004054489350913554
2026-03-16,-0.0011365607104364573
2026-03-16,-0.002373290489022478
2026-03-16,-0.004103796659706743
2026-03-20,-0.005959110295596387
2026-03-20,0.0020350456473607727
2026-03-23,-0.006343884532248006
2026-03-24,-0.010043406711905418
2026-03-26,0.0025483600904990635
2026-03-27,0.009678652062843667
2026-03-31,0.0015372001520400469
2026-04-01,5.5987892164971496e-05
2026-04-07,-0.007248051093097801
2026-04-09,-0.002361080018260869
2026-04-14,0.0026669781309870246
2026-04-14,0.003468813332565196
2026-04-17,0.004515004417181651
2026-04-20,-0.0020355790837901675
2026-04-21,-0.004316438428961916
2026-04-21,0.005878298768294249
2026-04-24,-0.0021798297847951563
2026-04-24,-0.0021008996813563106
2026-04-27,0.0005233648012944293
2026-04-27,-0.0012043467413854925
2026-04-27,-0.00048687569504570204
2026-04-29,0.0030090245819669294
2026-04-29,-0.002765769740259344
2026-05-01,-0.005112664696775199
2026-05-01,7.917626942020587e-05
2026-05-04,0.0033260673025110434
2026-05-05,-0.001159858824088883
2026-05-06,0.0025000375325331227
2026-05-07,-0.0025106953166815936
2026-05-08,0.0006478446147327566
2026-05-08,-0.0020348327680170973
2026-05-11,-0.001456475498085602
2026-05-12,-0.0014849191839722165
2026-05-12,-0.00021319993882786266
2026-05-18,-0.0013588758027080095
2026-05-19,0.0021828568760790925
2026-05-20,-0.002753384389516683
2026-05-20,7.07577256951478e-06
2026-05-21,-0.0002421657980417213
2026-05-22,-0.0019454248952922748
2026-05-22,-0.003968350993237463
2026-05-25,-0.0009641760954710753
2026-05-25,-0.0003920461326584357
2026-05-27,-0.0090401690658032
2026-05-28,0.0066064164727096366
2026-05-29,-0.005924298839769765
2026-06-01,-0.0001558957628874535
2026-06-04,0.0010944725070619443
2026-06-05,0.02193435346103077
2026-06-09,0.011161295005448806
2026-06-15,0.0012735485589977335
2026-06-18,-0.003387648237883084
2026-06-18,0.0001331005039060085
2026-06-23,-0.005849741433422334
2026-06-24,-0.003872859926142963
2026-06-24,0.00034874837926278103
2026-06-24,0.001709562304577178
2026-06-24,-3.112267429207779e-05
2026-06-24,-0.0005604426735569434
2026-06-24,0.0030055718131364153
2026-06-25,0.00447451395257113
2026-06-26,0.004731040496308886
2026-06-29,-0.0023127560426624725
2026-06-30,-0.0013161976851820024
2026-07-01,-0.00540426765360304
2026-07-02,-0.0006504833732005221
2026-07-02,-0.0011287842033782692
2026-07-02,-0.0008628055393942346
2026-07-06,-0.001142247992226414
2026-07-08,-0.005624817018239264
2026-07-13,0.005545957767681281
2026-07-14,-0.0028549795431984824
2026-07-14,-0.0005181895836330496
2026-07-14,-0.002107678952106412
2026-07-14,-0.0008123056131871419
2026-07-14,0.0007291488939847713
2026-07-16,5.317770074707021e-05
2026-07-16,-0.0030203895832060677
2026-07-16,-0.00018981451697399062
2026-07-17,-0.005736216549081868
2026-07-17,-0.001869791955912875
2026-07-22,0.0003946018803125784
2026-07-22,-0.0019361451061080837
2026-07-23,-0.0025982209189564674
2026-07-23,0.0012857342765357604
2026-07-30,-0.0010432219119891506
2026-07-30,-0.0006437512789332522
2026-07-31,-0.0006159018163442053
2026-08-03,-0.0015432281460806719
2026-08-04,-0.0030987382706483433
2026-08-04,-0.003958876681161699
2026-08-04,6.587586918703207e-05
2026-08-04,0.0004492399778080858
2026-08-05,0.0019101828451143332
2026-08-07,-0.004956828749628345
2026-08-07,-0.0003272908912092143
2026-08-07,-0.0006817389650298932
2026-08-07,0.0013487110806219393
2026-08-07,-0.0016883758981756259
2026-08-07,-0.0009149244166267889
2026-08-07,0.00024150162989942662
2026-08-12,0.0005437049147626161
2026-08-12,-0.000514493708100322
2026-08-13,-0.0003236558613070206
2026-08-13,-0.0027286630283113343
2026-08-14,-0.0001240270598974635
2026-08-17,-0.0005309443465000451
2026-08-18,-0.0024324760192743376
2026-08-19,0.016808940215257456
2026-08-20,-0.006091224970147707
2026-08-21,-0.0005114825118234411
2026-08-24,-0.0015960965536000627
2026-08-25,-0.0027034638511137686
2026-08-26,-0.003110760441587329
2026-08-26,-0.0038040833374982817
2026-08-26,-0.000695081624422128
2026-08-27,-0.0005621585012646368
2026-08-28,0.016645919489722365
2026-08-31,-0.0011755241118029003
2026-08-31,-0.0015990529840918144
2026-09-01,-0.006304612436649387
2026-09-02,0.00022349550496856833
2026-09-03,-0.0048748395094161566
2026-09-03,0.0035880179599140196
2026-09-04,-0.007472356541325403
2026-09-04,-0.0004890797510141042
2026-09-04,0.0008357273724519499
2026-09-04,-0.004543393290054393
2026-09-09,-0.0001462144087818362
2026-09-09,-0.00823578272708005
2026-09-10,-0.0007179689347188877
2026-09-10,-0.004460204980991328
2026-09-11,-0.002439200141386005
2026-09-21,-0.003564907109240417
2026-09-21,-0.001939463178875961
2026-09-21,4.310203142330885e-05
2026-09-23,0.0005414828586997989
2026-09-24,-0.005747644793754908
2026-09-28,-0.0027718759058946883
2026-09-28,0.0008037812070988804
2026-09-29,-0.00150947854081242
2026-09-30,-0.003519111437018346
2026-10-02,-0.0049029882794070665
2026-10-02,0.0021691446735486565
