sym,date,allottee,consideration,size,amt_cr,mcap_cr,premium,before 3m,before 3m excess,1m,1m excess,3m,3m excess,6m,6m excess,12m,12m excess,bench doubled,dilution
ITI,2023-03-23,Promoter,Cash,Small,107.0,8461.075406504066,0.0794067313177409,-0.16163996229971722,-0.08095253772999678,-0.031059063136456233,-0.10997963868121863,0.09877800407331971,-0.09617577771185293,1.0692464358452138,0.7084719612137278,1.7759674134419554,1.229470346957966,0.28,0.012646146601854964
IFCI,2023-03-28,Promoter,Cash,Micro,400.0,2450.783430232558,0.4967032967032967,-0.28244274809160297,-0.1435760282192965,0.29100529100529093,0.13398420531664135,0.2592592592592593,0.0038795609164035127,1.5132275132275135,1.074249877444766,3.9788359788359786,3.1891123061335827,0.39391143911439114,0.16321311588190535
RHIM,2023-04-03,Promoter,Cash,Small,200.0,12976.303636363637,0.14299609343857145,-0.23535120708479929,-0.1559534257852747,0.08592351505288853,0.021826559978616378,0.009031733116354745,-0.17825819140256882,0.1655817737998373,-0.14395317338221014,0.004149715215622463,-0.5086538015215097,0.268,0.015412709628613947
UGROCAP,2023-04-11,Non Promoter,Cash,Micro,240.0,2422.77825567503,0.008129040517186326,0.03464889123548054,0.14484676033745925,0.3021716782318171,0.2540555886187825,0.4094705731174506,0.2701004943772931,0.7516062708815217,0.407579247672901,0.6153302492932409,0.05711392564125661,0.2938475665748393,0.099059829118836
ASIANTILES,2023-04-25,Promoter & Non Promoter,Cash,Micro,97.74,1425.579476861167,,0.055150884495317465,0.1330820045837871,-0.010559662090813049,-0.03669745872041297,-0.03484688489968313,-0.18116759948921957,0.6473072861668425,0.37084822624167757,0.31995776135163667,-0.2871377219258896,0.312900274473925,0.068561593082978
REPL,2023-04-26,Promoter & Non Promoter,Cash,Micro,17.55,358.7198275862069,,0.29089128305582745,0.37076002817506815,-0.0648834745762712,-0.08759286187250503,0.0021186440677964935,-0.14516237569597368,0.16684322033898313,-0.0990152984255468,0.08130296610169485,-0.500495391269288,0.291970802919708,0.0489239753433546
STEELXIND,2023-04-27,Non Promoter,Cash,Micro,20.48,2080.394736842105,-0.033742331288343586,0.03934426229508192,0.10843517138599101,-0.12721893491124248,-0.14478882000813842,-0.18934911242603547,-0.3308742326552384,-0.4704142011834319,-0.7293718559065591,-0.1449704142011834,-0.6997649347491286,0.2821917808219178,0.009844285623932707
SJS,2023-05-03,Promoter,Cash,Micro,30.0,1471.4788751107176,0.0914647456887141,-0.027492511767222894,0.021613637781857487,0.1426147810412468,0.12880500355487223,0.3764181953133283,0.2479832370067907,0.46283533029371204,0.20312567720170616,0.2939242922277594,-0.1882442521778115,0.25411334552102377,0.020387652522529574
YUKEN,2023-05-12,Promoter,Cash,Micro,62.9,848.7280282935455,0.013045578998228446,0.15792374827744604,0.13635512082646573,-0.024989987985582718,-0.07441527534190462,0.0030436523828594186,-0.14391498508672695,0.09098918702442926,-0.18556732298475276,1.0881057268722465,0.5763438449711424,0.2776280323450135,0.07411090231869316
INDIANHUME,2023-05-16,Promoter,Cash,Micro,60.0,741.5004249291785,0.007394241023817916,0.022548317823908315,0.0027274890008495145,0.4501667284179327,0.391343199006168,1.034457206372731,0.8967627745117315,0.8002964060763247,0.5196998076073496,1.5917006298629124,1.085474826277368,0.2710951526032316,0.08091701364261614
VARDMNPOLY,2023-05-18,Non Promoter,Cash,Micro,52.65,172.5,10.739130434782608,0.9017341040462428,0.8907520767929908,0.27900552486187835,0.213488283482568,0.7071823204419889,0.5689522215253615,0.5331491712707181,0.24504440590149312,1.4254143646408837,0.9287841563075505,0.2661290322580645,0.30521739130434783
INOXGREEN,2023-05-26,Promoter & Non Promoter,Other,Micro,208.0,1834.3878260869567,0.051709027169149824,0.07726320688852684,0.04517763370280714,0.20716801325875278,0.1546595651173437,0.4379531800290033,0.27402865494279294,0.4418893722809196,0.14023228739759186,1.8203853325046606,1.3707195703761281,0.2601260126012601,0.11338932642378975
TEMBO,2023-05-29,Non Promoter,Cash,Micro,41.4,405.00519930675904,,0.38021157436216546,0.341899525500422,0.08428949691085608,0.03229297733935421,-0.030008826125330956,-0.2113369441890388,0.04413062665489842,-0.2678832622339904,-0.021624007060900174,-0.3895117411669352,0.2,0.10222090993119032
ABCAPITAL,2023-06-01,Promoter,Cash,Mid,1250.0,46906.48005249344,-0.039278440500436385,0.21991404011461335,0.12095041746030977,0.1228629382787596,0.08313542541569252,0.06693711967545624,-0.07422181307990339,-0.0002897710808461573,-0.22118966680064422,0.343958272964358,-0.0941438078591843,0.24,0.02664877003350314
SHIVALIK,2023-06-05,Non Promoter,Cash,Micro,78.76,1195.0,-0.03360777432851936,0.18865455665024622,0.08455828395180087,0.05948005988838978,0.01729824170657146,-0.015108207431604792,-0.1960877444997028,-0.11814345991561193,-0.4087333983882866,-0.2104940792160066,-0.674473496025612,0.24598930481283424,0.06590794979079498
GANGAFORGE,2023-06-06,Promoter & Non Promoter,Cash,Micro,25.68,203.8928571428571,-0.14049586776859502,0.44736842105263164,0.3341157826198011,,,0.05263157894736836,-0.12037566742944317,0.05263157894736836,-0.22481358906779692,0.24511278195488706,-0.21867100182889665,0.258266309204647,0.12594850236468735
CAPACITE,2023-06-08,Non Promoter,Cash,Micro,96.31,1620.7475409836065,-0.11273486430062629,0.5586481113320079,0.44142535182201426,0.08490566037735836,0.05514227307972441,0.22274633123689735,0.027941136431702596,0.4012054507337526,0.10760111297175878,0.7224842767295596,0.221730381604748,0.26857654431512984,0.05942319674386238
PTCIL,2023-06-08,Non Promoter,Cash,,45.0,,,,,0.35711610181912934,,0.9694803185512109,,0.7777470156181292,,3.7976808950702736,,,
ZOTA,2023-06-15,Non Promoter,Cash,Micro,20.82,1226.7808494208496,-0.14479254868755298,0.19801289872755778,0.07076610842798559,0.10232362821948482,0.08898520647035102,0.14627659574468077,-0.0014003198475468492,0.39459686450167974,0.09596578202152317,0.5827267637178053,0.09093823728360939,0.2622658340767172,0.016971246339416615
DEVIT,2023-06-16,Non Promoter,Cash,Micro,77.0,311.3013698630137,1.4935826916024935,0.32657200811359033,0.17419105573263804,-0.09325881942018854,-0.10922320163087018,-0.05204331121201533,-0.19490045406915835,0.10967516590988469,-0.14039999945391557,-0.19769472581208525,-0.6816789895283131,0.2622658340767172,0.24734873487348735
BCONCEPTS,2023-06-16,Non Promoter,Cash,Micro,15.46,434.5,-0.11044303797468369,0.5616710875331565,0.40929013515220425,0.0012112036336109355,-0.014753178577070702,0.2988644965934897,0.15600735373634667,1.4740348221044663,1.223959656740666,1.0644965934897805,0.5805123297735527,0.2622658340767172,0.03558112773302647
AURIONPRO,2023-06-20,Non Promoter,Cash,Micro,70.4,2924.9963826366557,0.6614745586708204,2.199200913242009,2.017830562441218,-0.09159442839149434,-0.10854737821741678,0.13275172260502321,0.010938691443550086,1.032303474846262,0.7493530516298172,1.6578128472994003,1.1976017982615355,0.2484361036639857,0.02406840583390394
PRAXIS,2023-06-22,Non Promoter,Cash,,62.4,,,,,,,,,,,,,,
CSLFINANCE,2023-06-27,Non Promoter,Cash,Micro,48.62,744.7521327014218,-0.12457912457912457,0.5069302431265621,0.3366508631275822,0.040451552210724495,0.007244161453953124,0.023675133270617765,-0.10848730892522829,0.4170586390718094,0.0996429087347308,0.4760112888052681,-0.058154660089362986,0.26504941599281223,0.06528346528346528
SIGACHI,2023-06-30,Promoter & Non Promoter,Cash,Micro,287.1,1182.5,-0.15697674418604646,0.2450857381848599,0.039540385262470834,0.018706924844108963,-0.019161846371665403,0.32359698063669184,0.19582872611175506,0.9757138168690518,0.6381729358549919,0.988841483426321,0.4570711045429845,0.27533632286995513,0.24279069767441863
ASIANENE,2023-06-30,Promoter & Non Promoter,Cash,Micro,85.43,704.4295550847457,-0.11917098445595853,0.33494675701839305,0.12940140409600398,-0.1545860529027826,-0.19245482411855697,0.2792854689110269,0.15151721438609012,0.8148402610786669,0.47729938006460704,1.2837512882171072,0.7519809093337706,0.27533632286995513,0.1212754339782385
GENUSPOWER,2023-07-04,Non Promoter,Cash,Micro,519.01,4180.049480968858,-0.18285797017518457,0.6082212636386706,0.33731142615911014,0.03427054422589593,0.007374070782594999,0.45305900808495236,0.32615917068582734,0.5858573669602991,0.24173906587068372,1.1339447327138892,0.6372475580222856,0.26547085201793724,0.12416360197719552
SDBL,2023-07-10,Promoter & Non Promoter,Cash,Micro,148.5,2495.5565217391304,1.291284785869022,0.8703439530828974,0.6943969848409126,0.004364694471387098,-0.03862595973422023,0.1328806983511155,-0.002158732403116148,-0.10944067248625922,-0.4734101394874033,-0.10184287099903,-0.6239420938437797,0.25975177304964536,0.05950576502932168
VERANDA,2023-07-14,Non Promoter,Other,Micro,141.72,1780.4938914027148,0.012726780395342585,-0.0795425667090216,-0.2120883127406401,0.009969325153374342,-0.011312759201069111,-0.04422290388548056,-0.1923188478484711,0.46958077709611445,0.13714253864283843,0.45572597137014315,-0.0010360050780735541,0.24025385312783318,0.0795958922882626
FEDERALBNK,2023-07-21,Non Promoter,Cash,Mid,958.75,33160.01798107255,-0.016697726425643045,0.034391534391534195,-0.1446864797928631,0.0578574094811497,0.029027700633852516,0.05897723030981705,0.023588439309791487,0.06159014557670783,-0.15878041819323518,0.5068309070548713,0.036027963305339195,0.23333333333333334,0.028912831125340346
SAKAR,2023-08-03,Non Promoter,Cash,Micro,60.0,601.9923147301007,-0.03991868416189248,0.1301065719360568,0.01137122757723008,0.06391498536885876,-0.0017827420674877414,0.13953488372093026,0.05064599483204124,0.2900046203603883,-0.07630487378364337,-0.016787309410133955,-0.48505872428520314,0.25308641975308643,0.0996690464842572
RPOWER,2023-08-07,Non Promoter,Other,Small,151.95,7705.195431472081,0.07238605898123329,0.5679012345679013,0.38736721003031593,0.1910112359550562,0.11492784642154208,0.1910112359550562,0.1283401111139294,0.544943820224719,0.31135711272426636,0.6713483146067416,0.2700269471916813,0.184,0.019720460220821405
AARON,2023-08-07,Promoter & Non Promoter,Cash,Micro,10.34,252.08424000000002,0.9464921726165825,0.0731662870159453,-0.07071860507038563,0.0230524642289347,-0.0480372751953293,0.04531001589825112,-0.0371564720374058,0.06343402225755179,-0.2687955583163997,0.09244833068362479,-0.3243669040088706,0.23009623797025372,0.041018034288855185
ANNAPURNA,2023-08-07,Promoter & Non Promoter,Cash,Micro,69.33,692.5129770992365,-0.06998738965952078,,,0.028753993610223683,-0.042335745814040315,0.09520766773162936,0.012741179795972446,0.19728434504792336,-0.1349452355260281,0.28594249201277955,-0.13087274267971583,0.23009623797025372,0.10011364738666127
EASEMYTRIP,2023-08-07,Non Promoter,Other,Small,149.45,7963.587030716723,1.2137862137862139,-0.15355648535564848,-0.33409050989323386,-0.039312039312039304,-0.11539542884555343,0.024570024570024662,-0.03810110027110214,0.2555282555282554,0.021941548027802793,-0.03980343980343992,-0.4411248072185002,0.184,0.018766668766668767
RGL,2023-08-10,Non Promoter,Other,Micro,17.38,1068.290909090909,0.009509319899244195,0.12641083521444707,-0.02075023083422023,0.09095607235142111,0.05692041594947628,0.048578811369509145,-0.05213542231606283,0.16382428940568472,-0.1364219202612842,0.039173126614987064,-0.4512414407523113,0.24539877300613497,0.01626897678534958
DYNPRO,2023-08-14,Promoter & Non Promoter,Cash,Micro,23.14,376.5,0.024236387782204494,-0.05983040201005008,-0.2000684206655664,0.1924342105263157,0.1356478211123271,-0.14506578947368431,-0.25525429689977797,-0.1105263157894738,-0.42844374533415297,0.26973684210526305,-0.23789793508389234,0.25741710296684117,0.061460823373173976
JISLJALEQS,2023-08-17,Promoter & Non Promoter,Cash,Micro,199.55,4026.2096774193556,,0.45882352941176463,0.33210614307305697,0.10701107011070099,0.05423657229494794,0.2942804428044281,0.17871630628699908,0.09501845018450172,-0.23935654981549814,0.37103321033210324,-0.15770646540971378,0.2661431064572426,0.04956274411617426
REPRO,2023-08-17,Non Promoter,Cash,Micro,85.0,1195.3630094043888,-0.08317353787152437,0.5753897862011019,0.44867239986239427,-0.05462438200892317,-0.10739887982467622,-0.05993006149764857,-0.1754941980150776,0.07572651633908123,-0.25864848366091864,-0.23344989750391887,-0.7621895732457359,0.2661431064572426,0.07110810635034857
PIONEEREMB,2023-08-18,Promoter & Non Promoter,Cash,Micro,16.51,141.85223880597013,-0.08607863974495211,0.2644163150492267,0.13252810131100923,-0.03875968992248058,-0.08227976686405303,-0.02034883720930236,-0.13538243464185662,-0.013565891472868241,-0.33842950405787686,-0.06589147286821706,-0.5929624504844405,0.2646288209606987,0.11638871644869059
MANAKCOAT,2023-08-21,Promoter & Non Promoter,Cash,Micro,40.32,208.73858267716537,-0.07928388746803072,0.07643312101910826,-0.05342074119383544,0.0827067669172934,0.0556020043289146,0.42606516290726826,0.3169984906300416,1.030075187969925,0.712271163472987,2.2125313283208023,1.6908983493278504,0.25324114088159033,0.19316026526039426
WEBELSOLAR,2023-08-21,Promoter & Non Promoter,Cash,Micro,38.18,506.14079320113325,8.597257926306769,0.25253664036076673,0.12268277814782302,0.12653061224489792,0.09942584965651913,0.616326530612245,0.5072598583350183,2.413061224489796,2.095257199992858,7.006530612244898,6.484897633251946,0.25324114088159033,0.07543355626114848
MAGNUM,2023-08-21,Promoter & Non Promoter,Cash,Micro,49.3,228.19032258064516,0.19988031119090355,-0.04778254649499292,-0.17763640870793662,0.114696391903784,0.0875916293154052,0.36491639777060714,0.2558497254933805,0.7497799941331766,0.43197596963623863,0.4719859196245231,-0.04964705936842895,0.25324114088159033,0.2160477247345877
LAL,2023-08-22,Non Promoter,Cash,Micro,26.0,141.81538461538463,1.4128878281622907,0.07930107526881702,-0.0604117874269986,0.09204545454545432,0.0713542312621438,0.26136363636363624,0.15046328229181016,1.3227272727272728,1.0154365303907522,1.5715909090909088,1.076032708044475,0.24804177545691905,0.18333694944673462
PVP,2023-08-24,Promoter,Other,Micro,15.57,263.9764595103578,0.18975369458128077,-0.1585365853658537,-0.3136651088974568,0.045226130653266416,0.0212850625133032,0.37688442211055273,0.2657352820403893,1.9045226130653266,1.6096508181935316,2.55175879396985,2.0713528698051027,0.24934839270199827,0.058982532112447965
ABCOTS,2023-08-25,Promoter & Non Promoter,Cash,Micro,84.2,197.04030612244898,,,,-0.08898305084745772,-0.11048475795824841,,,2.500529661016949,2.2494339091625997,1.636122881355932,1.1615991773240313,0.24739583333333334,0.4273237372442705
LEXUS,2023-08-28,Promoter,Convention of loan,Micro,5.4,76.37735849056602,0.46739130434782616,-0.46721929163526743,-0.6239413233143379,-0.009296148738379806,-0.01774788622593393,0.07038512616201853,-0.030979574668999255,0.0345285524568395,-0.20313126886814026,0.08472775564409041,-0.3791085764636569,0.2441760138050043,0.070701581027668
VIKASECO,2023-08-31,Promoter,Cash,Micro,34.0,524.2718446601941,0.1333333333333333,0.034482758620689724,-0.14951858304769705,0.15000000000000013,0.1555862614088434,0.1333333333333333,0.04148148148148145,0.4666666666666668,0.2330075959581801,0.22999999999999998,-0.21262502018025853,0.22904062229904926,0.06485185185185185
SHREEPUSHK,2023-08-31,Promoter,Cash,Micro,15.14,703.5586206896552,-0.022748161764705843,0.1891817682591983,0.0051804265908115266,-0.05538956561709951,-0.04980330420825624,-0.11859342679843721,-0.21044527865028906,-0.14709262238565846,-0.38075169309414514,0.10894047345437818,-0.3336845467258803,0.22904062229904926,0.021519173462986197
GUFICBIO,2023-09-01,Non Promoter,Cash,Micro,99.99,3230.754861111111,-0.0720692854933499,0.5493239859789685,0.3753267716005907,-0.105090054815975,-0.1022444500559977,0.03790133124510575,-0.04586378101741584,-0.03335943617854342,-0.23731610127510483,0.25340642129992164,-0.18633845953257255,0.23037100949094047,0.030949423369624442
NAZARA,2023-09-04,Non Promoter,Cash,Small,510.0,8011.849618320611,2.42117872544322,0.20795165394402026,-0.006002999813321419,-0.030290845731135274,-0.013203216302978882,-0.1172318277263995,-0.16642131906234137,-0.21458249564401555,-0.3580171036894729,0.07796095250860025,-0.282038923702724,0.176,0.06365571301211002
TREJHARA,2023-09-06,Non Promoter,Cash,Micro,24.3,241.47625899280573,-0.10979228486646875,0.3535836177474403,0.18215093028795737,0.2376333656644034,0.2600816294315026,1.0538312318137733,0.9708784792016143,0.5324927255092144,0.4060311202658352,1.6404461687681864,1.2103097487599186,0.2182916307161346,0.10063101068964286
VIKASLIFE,2023-09-06,Promoter & Non Promoter,Cash,Micro,97.0,883.2644628099174,-0.1578947368421053,0.6140350877192982,0.44260240025981523,-0.02970297029702962,-0.0072547065299304325,0.00990099009900991,-0.07305176251314904,0.15841584158415833,0.031954236340779096,-0.07326732673267333,-0.5034037467409411,0.2182916307161346,0.10981988304093566
THOMASCOTT,2023-09-15,Promoter & Non Promoter,Cash,Micro,4860000.0,141.62640449438203,-0.14960629921259838,,,0.339166237776634,0.313640086495117,1.159032424086464,1.0847138833452348,2.0195573854863613,1.940724778978478,1.7428718476582605,1.3213416155444007,0.22613929492691315,34315.63497887701
TEXRAIL,2023-09-15,Promoter,Cash,Micro,48.99,5730.795454545454,0.028368794326241176,1.1690674753601216,1.024595793162443,-0.005843681519357324,-0.03136983280087435,0.19174579985390805,0.11742725911267882,0.1501095690284877,0.07127696252060445,0.5965668371073776,0.1750366049935177,0.22613929492691315,0.008548551486189052
HNDFDS,2023-09-22,Non Promoter,Cash,Small,400.0,7519.227130434782,-0.1172430510665804,0.08863198458574173,-0.046134779262654746,-0.08844733602954113,-0.04907303334490587,-0.030771935994373112,-0.14267325762234018,-0.1762792333391947,-0.2858359459985659,0.17654299279057484,-0.20341025236545973,0.176,0.05319695668999839
KTKBANK,2023-09-22,Non Promoter,Cash,Small,800.0,9158.577507598784,-0.009224405377456057,0.49470404984423677,0.3599372859958403,-0.12156552678394938,-0.08219122409931412,-0.0727416485471436,-0.18464297017511067,-0.09725242142715951,-0.20680913408653068,-0.0638861435066218,-0.4438393886626564,0.176,0.08734980943669993
RITCO,2023-09-27,Promoter,Cash,Micro,7.41,693.39,0.0673234811165846,0.4590694935217903,0.32738873627342524,0.001264755480607116,0.008157678808810076,0.12584317032040482,-0.016641463689653024,0.025505902192242802,-0.1392668250804845,0.4085160202360878,0.023316954126478495,0.21605465414175917,0.010686626573789642
MUFIN,2023-09-28,Promoter & Non Promoter,Cash,,140.25,,,,,,,,,,,,,,
GOODLUCK,2023-10-03,Promoter & Non Promoter,Cash,Micro,96.0,2069.390728346457,1.8919843832843304,0.43859276562610594,0.31226332334335627,0.3956448911222781,0.3942489208012029,0.6078009093084471,0.441365636474083,0.5516630772912181,0.34251359981877183,0.7099784637473081,0.3200972276721823,0.21240441801189464,0.04639046589172101
NEOGEN,2023-10-05,Non Promoter,Cash,Micro,253.0,5446.971288743883,-0.03234401721189395,0.09216745442268737,-0.017185295930584155,-0.09332917528988183,-0.09332917528988183,-0.16655799053100107,-0.3168304687999596,-0.23595951577693985,-0.41222542924044636,0.22385393927366515,-0.15286670849961426,0.2051063829787234,0.04644783065459189
BAJFINANCE,2023-10-05,Promoter,Cash,Large,1200.0,489147.9094681961,,-0.0008141975701291271,-0.04502821345171093,-0.08238865901133618,-0.07892469073800207,-0.05295889136449328,-0.17726312546243983,-0.11935949856768602,-0.38993181882917827,-0.10608917072692992,-0.47728338246137514,0.09,0.002453245688619309
WALCHANNAG,2023-10-06,Promoter & Non Promoter,Cash,Micro,247.59,855.3885,-0.09307875894988071,0.2966859547606524,0.17668828394478808,0.3023872679045094,0.27961638207392214,0.4854111405835546,0.3028549073879351,0.6703296703296706,0.4752633560892148,1.5236832133383862,1.1181169406362705,0.216538789428815,0.28944742652023026
AURIONPRO,2023-10-11,Non Promoter,Cash,Micro,26.88,3821.741237942122,0.27162117249252216,0.490434058499011,0.36836410486284954,0.24344858118046941,0.24112299978512053,0.6719078017222913,0.5010119924181775,0.6512860060265913,0.5200281297569803,1.4516230381446098,1.0908119531592977,0.20272572402044292,0.007033443220366737
KPIGREEN,2023-10-11,Promoter,Other,Micro,0.0,3888.6133704735375,3.219099410449278,0.09163926472966422,-0.03043068890649725,0.2581988547631442,0.2558732733677953,0.7446121811556481,0.5737163718515343,1.9326913066111402,1.8014334303415294,1.8639770952628836,1.5031660102775715,0.20272572402044292,0.0
AUTOIND,2023-10-13,Promoter & Non Promoter,Cash,Micro,67.78,486.54776299879074,,0.5351123595505618,0.4045325683499653,-0.014265335235377985,-0.015431515993395428,0.21968616262482166,0.07682901976767886,0.19923918212077973,0.07976273817625079,0.04802662862577267,-0.270654690055546,0.19047619047619047,0.13930800869835355
GSLSU,2023-10-19,Promoter & Non Promoter,Cash,Micro,199.5,969.9870967741936,,0.15364850976361777,0.02562313837319885,-0.004746835443037889,-0.016519535562512178,0.3826853526220617,0.22060072436483003,-0.05741410488245924,-0.21971395321161602,-0.18801989150090404,-0.4281979660696299,0.14991482112436116,0.2056728390134887
SKYGOLD,2023-10-19,Promoter & Non Promoter,Cash,Micro,108.13,1137.7369173859433,4.755687973997833,1.6009615384615383,1.4729361670711194,0.13278449077147791,0.12101179065200363,0.5996547603239941,0.43757013206676243,0.4523967600584251,0.2900969117292683,3.630327977692205,3.390149903123479,0.14991482112436116,0.09503954591579813
WANBURY,2023-10-20,Promoter,Cash,Micro,24.0,309.64225,,0.8386075949367091,0.705048615847072,0.04525386313465796,-0.016183754907781678,0.612030905077263,0.4309055547712264,0.741169977924945,0.5243130859144096,1.4608167770419427,1.14230557874373,0.17702127659574468,0.07750880249707526
RUSHIL,2023-10-26,Promoter & Non Promoter,Cash,Micro,122.66,998.1447204968943,7.815672306322352,0.1713688610240336,0.11369557533565533,0.05939765755716686,0.0012202041086895044,0.026770775237032973,-0.1933064448401871,-0.14277746793084223,-0.3604904402049407,0.026770775237032973,-0.330345117552699,0.18686006825938567,0.12288799157194125
INDHOTEL,2023-10-27,Promoter & Non Promoter,Other,Mid,121.29,53281.66419753087,0.06810839674275804,-0.04424327425729946,-0.07189474285752062,0.09931954985605862,0.025050916215600183,0.2907615807380266,0.0923734304606213,0.49332635435749794,0.21880630102590604,0.7995289191311175,0.44997717298296225,0.12,0.0022763928609726256
ANURAS,2023-11-07,Promoter & Non Promoter,Cash,Small,550.0,10518.678746824724,0.02434292526960391,-0.022056840856387816,-0.09884370694981026,0.13043478260869557,0.06543849062861296,-0.008182859636681084,-0.19908651589295911,-0.14036331896786858,-0.29182692337780225,-0.20424417653155846,-0.4861635970542768,0.128,0.05228793589366237
ARIHANTSUP,2023-11-07,Non Promoter,Cash,Micro,37.63,776.4304932735427,,0.04043363609727524,-0.04703617876722732,0.3122568093385214,0.2647065371465429,0.8594357976653697,0.6598587261738666,0.659046692607004,0.5163056308518577,0.6772859922178991,0.40071957617779863,0.16229923922231615,0.04846538141662431
DBL,2023-11-07,Non Promoter,Cash,Micro,532.95,5598.177339901478,,0.05644509137958931,-0.031024723484913252,0.11521769564608708,0.06766742345410859,0.10219795604087922,-0.09737911545062383,0.22511549769004624,0.0823744359348999,0.386252274954501,0.10968585891440052,0.16229923922231615,0.09520062828330826
TRU,2023-11-09,Non Promoter,Cash,Micro,168.25,842.3414634146343,,0.3461169702780442,0.26530888946996356,-0.0034818941504177747,-0.0638688225616223,-0.018802228412256206,-0.1608492826505291,-0.1392757660167131,-0.2911528991225153,-0.7061281337047354,-0.9545004846270376,0.14479254868755292,0.19974085012740325
LOKESHMACH,2023-11-10,Promoter & Non Promoter,Cash,Micro,51.08,557.0174863387978,-0.043076317859952695,0.2678256487780297,0.19187628168942217,0.13625118934348235,0.07630140905471916,0.36156041864890587,0.2429281785930788,0.6376784015223598,0.49825808303713615,0.26412940057088474,0.04310588743118915,0.14032121724429417,0.09170268663510382
SERVOTECH,2023-11-12,Promoter & Non Promoter,Cash,Micro,75.06,1753.1602564102561,0.07543520309477758,-0.09728096676737152,-0.16767017769840176,0.01308900523560208,-0.04572272482457351,0.23494764397905743,0.09645438128337236,0.10667539267015691,-0.04523665870009885,1.3272251308900525,1.0939501746728897,0.13813559322033897,0.04281411224418907
STEELXIND,2023-11-20,Non Promoter,Cash,Micro,91.0,1269.9342105263156,0.6683417085427139,-0.22175732217573207,-0.320327115056388,-0.07906976744186045,-0.10541115784820632,0.4744186046511627,0.33827281172464585,0.21395348837209305,0.11451284200789158,0.0018604651162790198,-0.25591606492302477,0.1447811447811448,0.0716572553489095
DCI,2023-11-20,Promoter & Non Promoter,Cash,Micro,27.0,362.7097014925373,-0.7577932271809823,0.36515589842494367,0.26658610554428774,-0.2048707541123692,-0.23121214451871508,-0.05468916898098697,-0.19083496190750382,-0.10895107882930999,-0.20839172519351146,0.443922238837855,0.1861457087985512,0.1447811447811448,0.07443969623336784
SAKAR,2023-11-21,Promoter & Non Promoter,Cash,Micro,34.56,906.8267154620311,-0.05778432094221575,0.18593433950521243,0.07970502959943193,-0.08625170152208894,-0.12333257666773068,-0.043063977230540895,-0.18419101628145518,-0.17299839128820693,-0.26407908973086847,-0.27966835787650046,-0.5421164261655178,0.1446700507614213,0.03811091955136277
REMSONSIND,2023-11-22,Promoter & Non Promoter,Cash,Micro,63.0,404.75368421052633,3.1194644696189497,0.4409244352116335,0.3342417075316839,0.07698779974758097,0.0382672289134558,0.6458561211611276,0.5059794252201343,0.5167858645351284,0.439263342012606,0.3452250736222129,0.09239488494296766,0.14792899408284024,0.15565022001685236
GANECOS,2023-11-24,Promoter,Cash,Micro,149.97,2665.0654345654348,,-0.06904444020598877,-0.17232434526747153,-0.021086004730511698,-0.059722954940745754,0.09013134718937144,-0.03946078471690573,0.1652156408837,0.10577172909079491,1.355040008051935,1.0761825778173861,0.16314454775993237,0.05627253952376374
MANINFRA,2023-11-29,Non Promoter,Cash,Micro,550.33,7664.259448818898,-0.18356597313668688,0.3931283905967451,0.2909579300356018,0.10922021844043694,0.05548062976163848,0.09017018034036073,-0.014635987129689054,-0.11760223520447044,-0.13170874055948822,0.18653797307594622,-0.11797870062603777,0.16821639898562976,0.07180471951335217
MEGASTAR,2023-11-30,Promoter & Non Promoter,Cash,Micro,42.05,435.185393258427,-0.15269655620532818,0.3505263157894736,0.2561990947451809,-0.02491056048761109,-0.07769340909283162,-0.10162978667020017,-0.22027385446681047,-0.3731283953888963,-0.41088589094020045,-0.3783225122565258,-0.6825976495863563,0.1717171717171717,0.09662548571576106
PENINLAND,2023-11-30,Promoter & Non Promoter,Cash,Micro,100.0,1623.24,-0.09465020576131689,0.3677991137370753,0.2734718926927826,-0.0009803921568627416,-0.053763240762083275,0.12549019607843137,0.006846128281821073,0.08333333333333326,0.045575837782029116,-0.006078431372549042,-0.3103535687023795,0.1717171717171717,0.06160518469234371
DCBBANK,2023-12-08,Promoter,Cash,Micro,83.0,3894.0223039215684,,0.02719932001699954,-0.04645925151391228,0.20499804763764162,0.14426114493182696,-0.00976181179226876,-0.031967801565826126,0.07114408434205366,-0.036072503338110185,-0.007028504490433463,-0.3108189169764981,0.1632996632996633,0.02131472126300172
MASTEK,2023-12-13,Non Promoter,Other,Micro,38.09,7491.151151631479,-0.014338029917447703,-0.01137604847185869,-0.07947448247633304,0.12538819875776408,0.057162825051363164,0.05242624223602488,0.0924885613991675,0.05931677018633552,-0.052271377271596475,0.2556482919254659,-0.017685041407867308,0.16134453781512606,0.0050846657915458665
KRISHNADEF,2023-12-13,Promoter & Non Promoter,Cash,Micro,69.1,522.8375605033882,-0.13093196112064043,0.15065538410486146,0.0825569501003871,0.005016268980477134,-0.06320910472592378,-0.07266811279826468,-0.03260579363512206,1.515319956616052,1.4037318091581201,1.0767353579175705,0.8034020245842373,0.16134453781512606,0.13216341980761767
KOTYARK,2023-12-14,Promoter & Non Promoter,Cash,Micro,49.58,1045.7395973154362,7.560140474100088,0.6252045826513912,0.550607808457843,0.27825893848545413,0.22482933205915223,0.04374861203642011,0.08920315749096552,-0.05673995114368202,-0.18037750333840274,-0.04385964912280704,-0.2834044570886677,0.1476510067114094,0.047411420708634334
ANANTRAJ,2023-12-14,Promoter & Non Promoter,Cash,Small,75.0,10663.967278797996,-0.06545209176788114,0.24186247035999142,0.1828796359727497,0.07314209025331331,0.030618152747922678,0.0025163563160544022,0.03213710910607459,0.4755913437342727,0.28555228742573024,1.8428116087904711,1.6676460458765638,0.064,0.007033029832069564
DEVIT,2023-12-15,Non Promoter,Other,Micro,4.0,364.38356164383566,1.1303258145363406,0.08710407239818996,-0.03855845020378146,-0.058050032071840896,-0.09571812103843425,-0.305323925593329,-0.2544291524597404,-0.24759461193072474,-0.36480200412785,0.01812059012187306,-0.20778628589328685,0.14082145850796313,0.010977443609022555
SPCENET,2023-12-15,Promoter & Non Promoter,Cash,Micro,99.55,1804.3081761006288,-0.3690851735015773,0.3973509933774835,0.27168847077551206,0.04334365325077427,0.005675564284180923,-0.14860681114551078,-0.09771203801192219,0.02786377708978338,-0.0893436151073419,-0.35944272445820424,-0.5853496004733642,0.14082145850796313,0.05517350157728707
JTLIND,2023-12-18,Promoter & Non Promoter,Cash,Micro,810.0,4594.3442808607015,1.492108323641801,0.1329951258330846,0.02038710045529335,-0.020523138832997945,-0.055256915871267576,-0.2243058350100604,-0.16528089244002853,-0.13529175050301812,-0.2534210535703335,-0.21883299798792755,-0.4332958079052829,0.14369256474519632,0.17630372268232697
PARACABLES,2023-12-18,Non Promoter,Cash,Micro,147.13,2691.4893617021276,-0.7385454545454546,0.2027543993879113,0.09014637401012005,0.1697459584295613,0.13501218139129167,-0.23729792147806006,-0.17827297890802818,-0.15646651270207845,-0.27459581576939385,-0.03198614318706694,-0.24644895310442227,0.14369256474519632,0.054664901185770755
XPROINDIA,2023-12-19,Promoter & Non Promoter,Cash,Micro,139.99,2650.2919104991392,-0.1363273983523785,0.1787030580735134,0.06853423156068095,0.07260535547759672,-0.009692701854431496,-0.031973000577290245,-0.00033355064175100146,-0.0719392512989031,-0.23071487612339048,0.40836626848439095,0.16293437479668338,0.1489539748953975,0.05282059664651626
ADANIGREEN,2023-12-26,Promoter,Cash,Large,9350.0,264421.1549295775,,0.49797254384679257,0.39969100119897694,0.039785147710948765,0.02454300397221454,0.13827993254637438,0.04735865837661268,0.10976828430454066,-0.07916850071162262,-0.3464493160951845,-0.47781145495447586,0.02,0.03536025702062363
PTCIL,2024-01-03,Non Promoter,Cash,Small,141.249,10655.194918882378,-0.669812978360029,0.22826308633582593,0.0925390736258851,0.13982165895661236,0.11088073474573512,0.11041178105821392,0.09009869546835303,1.0990427177407285,0.9244229712500737,1.4794038191499221,1.3733255412870329,0.052,0.013256350641665745
POCL,2024-01-12,Promoter & Non Promoter,Cash,Micro,133.5003,1299.4712582781458,1.9765748840486115,0.7012074643249178,0.5330821764391509,-0.05937283109344438,-0.03453410529171491,-0.1649315414221718,-0.11327337815686556,0.15717079941952172,0.10050628981062837,1.059057353776263,1.0012436726937783,0.09136212624584718,0.10273432301757372
KAMDHENU,2024-01-15,Non Promoter,Cash,Micro,97.075,1324.3842519685038,6.499468876141917,0.5991875423155044,0.43932963823024695,0.2015792937047598,0.2070959497624726,0.14038166264531693,0.18043445520864998,0.13094976968633465,0.05305975846298994,-0.02939241061636333,-0.08995579089805361,0.09256198347107437,0.07329821375912028
SAFARI,2024-01-15,Non Promoter,Cash,Small,228.96,9229.944755244755,0.012631355482432882,-0.1375632379649716,-0.27151759837282596,0.11343556140398015,0.1218200711220731,0.12323763998173876,0.15081000423274238,0.11630904745280235,-0.018735961616675123,0.2655960469425571,0.21106880352905233,0.036,0.0248062156460793
JASH,2024-01-16,Promoter & Non Promoter,Cash,Micro,41.5808,2112.9771114864866,3.07114033776715,0.037519013013351143,-0.12312069151619842,0.06347452058067993,0.055382800888389094,0.01672740307067344,0.03337892042109614,0.30512575422665633,0.2228043416923986,0.7705657446681404,0.7166390430974598,0.0872093023255814,0.019678774452387592
NAZARA,2024-01-17,Non Promoter,Other,Small,282.4119,8990.39320610687,2.724112899782228,0.14317430325932934,0.0021774285097502233,-0.07248915947615087,-0.08166616351939815,-0.2925846436862162,-0.2967876224741859,0.0005694012526826775,-0.18751800645775707,0.0994262187376811,0.043861042967023534,0.028,0.031412630518559206
RPSGVENT,2024-01-17,Promoter,Cash,Micro,284.2125,2695.344,-0.02977788625823774,0.40517760385310053,0.27315339735686717,-0.11174408413672221,-0.1245426765129426,-0.12676849881056718,-0.11792114335016596,-0.0974708901965694,-0.20113944898308678,0.21365969700763743,0.16021819174720575,0.09053156146179402,0.1054457241821452
CANTABIL,2024-01-18,Non Promoter,Cash,Micro,50.4,2230.9238095238097,-0.04743904743904748,0.19047619047619047,0.07681113682586438,-0.09529127117066805,-0.10269502240462669,-0.18406849060115393,-0.16833999295547425,0.01738321235808682,-0.08151347162501743,0.032384142936906946,0.005496950400859513,0.08381742738589211,0.022591537991948667
CUPID,2024-01-23,Non Promoter,Cash,Micro,385.22,2439.356634615385,,2.5738963531669867,2.4228699602051096,0.2868942731277533,0.2709999647706547,0.2257709251101323,0.22249491708352442,0.06552863436123357,-0.08480395987379974,-0.2208149779735683,-0.2385057108493227,0.07976973684210527,0.1579186882859127
KTKBANK,2024-01-29,Non Promoter,Cash,Small,100.0,9366.94224924012,0.07203235591506574,0.10958595859585962,-0.12189649294945215,-0.07092341887249942,-0.05574081731320513,-0.07496463932107489,-0.08834039125726656,-0.06748838149121028,-0.22571855887198455,-0.26247726813497674,-0.26854799815088126,0.024,0.010675842482973817
LGBBROSLTD,2024-01-29,Promoter,Cash,Micro,6460000.0,4177.732023121387,-0.013589861047488161,0.3073845218800648,0.09913553402581377,-0.0972194988038747,-0.06740601887217962,0.045178242284011016,0.06835270664780635,0.06784579787442646,-0.03775616757864764,0.06898309737636765,0.055734395491966904,0.07654320987654321,1546.2935306160252
VLEGOV,2024-02-05,Non Promoter,Cash,Micro,630.0,743.3233233233234,0.08069164265129669,1.310517529215359,1.10563683119056,-0.05010295126973219,-0.003899790000803205,-0.20864790665751543,-0.12815051442745762,0.39931365820178466,0.33411219300031947,0.500617707618394,0.5171228654802257,0.07559572719802794,0.8475450456516469
CELEBRITY,2024-02-05,Non Promoter,Cash,Micro,5.1033,138.55431309904154,-0.02248803827751189,0.1482479784366577,-0.05663271958814131,-0.18536585365853664,-0.13916269238960766,-0.03658536585365857,0.04391202637639924,-0.1604878048780487,-0.2256892700795139,-0.3321951219512196,-0.3156899640893879,0.07559572719802794,0.036832487461808956
MANINDS,2024-02-05,Non Promoter,Cash,Micro,250.0,3386.9966923925026,-0.18715393133997782,0.938375350140056,0.733494652115257,-0.09729916897506918,-0.0510960077061402,,,-0.008887349953831891,-0.07408881515529708,-0.34268236380424744,-0.3261772059424157,0.07559572719802794,0.07381170479484742
VAKRANGEE,2024-02-06,Promoter & Non Promoter,Cash,Micro,162.0,3045.1167315175103,-0.03743315508021394,0.4518716577540107,0.2597291414505274,-0.15636363636363637,-0.08076226179318957,-0.050909090909090904,0.036531722039475745,-0.19999999999999996,-0.25862176488930455,-0.3927272727272727,-0.3449660786974219,0.06848184818481848,0.05319993099879247
CROWN,2024-02-08,Non Promoter,Cash,Micro,10.0407,168.5486956521739,-0.1465606636709298,0.9756267409470751,0.774769685215776,0.2342372881355932,0.3110354319871014,0.4806779661016949,0.5344946183347766,0.935593220338983,0.8847521694979321,0.2790508474576272,0.35059094214181424,0.06440957886044592,0.05957150816948785
SMSPHARMA,2024-02-08,Promoter,Cash,Micro,114.3,1225.541404612159,,0.07930607187112781,-0.12155098386017127,0.0997949419002051,0.17659308575171329,0.4008885850991113,0.45470523733219304,0.9053315105946684,0.8544904597536176,0.4460013670539986,0.5175414617381857,0.06440957886044592,0.09326490281752002
BALAJITELE,2024-02-09,Promoter & Non Promoter,Cash,Micro,214.0,1578.0722891566265,-0.43628659476117104,0.7421981004070557,0.5523716607209271,-0.31932093775262727,-0.24870807136511297,-0.4341147938561035,-0.4249089169730832,-0.4337914308811641,-0.5271855083299113,-0.4598221503637834,-0.41550188829614665,0.06771263418662263,0.13560848984577797
AURIONPRO,2024-02-12,Non Promoter,Cash,Micro,200.0001,5652.452652733119,1.1640792160464275,0.19903394576263622,0.021268398156692347,-0.05824462743522796,0.06354493345955248,0.22059650532235398,0.22153310348205152,0.8410323358104037,0.7221779205359407,0.3642799758987749,0.4439590862487101,0.05906480721903199,0.035382888152684366
ALANKIT,2024-02-14,Promoter & Non Promoter,Other,Micro,95.0,503.60153256704984,0.07526881720430101,0.4521072796934864,0.34130395559376336,-0.08493150684931505,0.027227106922091737,0.0602739726027397,0.08329746701127572,0.46684931506849314,0.3458289541625357,-0.1693150684931507,-0.04441941441834979,0.04351395730706076,0.18864120511259888
ESTER,2024-02-14,Promoter & Non Promoter,Cash,Micro,99.9,934.5118811881188,0.05639307649357894,0.03406466512702089,-0.07673865897270216,-0.0881304126337239,0.024028201137682892,0.3087111563932754,0.3317346508018114,0.5566989302088639,0.4356785693029064,0.45226693835965337,0.5771625924344543,0.04351395730706076,0.10690072754665167
FCL,2024-02-16,Non Promoter,Cash,Micro,134.1442,5103.064285714286,6.894136436230893,0.23679417122040092,0.1052152238519799,-0.1957817514901421,-0.060947970775708904,-0.13640531866116457,-0.09856343031346892,-0.14649243466299866,-0.26142043513331636,-0.3913342503438789,-0.2824573492292904,0.047697368421052634,0.026286990029800023
SARVESHWAR,2024-02-22,Non Promoter,Cash,Micro,98.94,1502.292263610315,,,,-0.24414976599063964,-0.11911400061152666,-0.33697347893915763,-0.27058467819530907,-0.3525741029641185,-0.462243772633788,-0.516380655226209,-0.35823094433388214,0.038746908491343775,0.06585935533091741
TARMAT,2024-02-26,Promoter & Non Promoter,Cash,Micro,99.875,361.71380471380473,-0.3411927877947295,0.6082977425259306,0.47899474661599106,-0.40006740815638686,-0.27784518593416463,-0.4280417930569599,-0.3582308718157321,-0.435861139197843,-0.5624486886461045,-0.6357263228850691,-0.44670654377558566,0.03042763157894737,0.27611608597306125
TFCILTD,2024-02-26,Non Promoter,Cash,Micro,200.0475,2359.288732394366,3.4117647058823533,1.2103209019947965,1.081017906084857,-0.33874709976798134,-0.2165248775457591,-0.3803170920340294,-0.31050617079280163,-0.30723124516628,-0.43381879461454154,-0.45166279969064194,-0.26264302058115846,0.03042763157894737,0.08479144466433249
ASALCBR,2024-02-26,Promoter,Cash,Micro,43.65,1157.8878048780489,,0.14433448237518065,0.015031486465241106,-0.14998199495858833,-0.027759772736366095,-0.014404033129276184,0.0554068881119516,0.617482895210659,0.49089534576239746,0.9131256751890529,1.1021454542985363,0.03042763157894737,0.03769795295892015
INDOSTAR,2024-02-27,Promoter,Cash,Micro,256.6675,3543.0009345794397,,0.24540604623592177,0.11531776181692877,-0.10220125786163525,-0.04022881491696012,0.019541778975741275,0.06260800744866835,0.14600179694519322,-0.010510602976697037,0.02448337825696334,0.19001875341699476,0.03697617091207888,0.07244353155398388
TEXRAIL,2024-02-27,Promoter & Non Promoter,Cash,Micro,150.0,7925.568181818181,,0.27876823338735823,0.14867994896836523,-0.0726978998384491,-0.010725456893773966,0.11820140010770075,0.16126762858062782,0.2745826602046313,0.11807026028274104,-0.2843295638126009,-0.11879418865256947,0.03697617091207888,0.018926087891605135
VENUSPIPES,2024-02-28,Promoter & Non Promoter,Cash,Micro,71.4,3594.3849557522126,-0.020596284027077583,0.25357209475844056,0.13217674898846699,0.005527885720540748,0.046407904394677124,0.06168244759454877,0.1608730360001423,0.2617535985988726,0.10996220587108596,-0.24610037764763826,-0.1079539362753903,0.041050903119868636,0.0198643163931944
REFEX,2024-03-02,Promoter,Cash,Micro,219.6875,1822.1090943396227,-0.057954631095033515,0.22264785574138113,0.12383362649236918,0.07262694802773817,0.08837680244174162,0.13190664379986572,0.16894621404167598,1.943106405189769,1.8113732734566372,2.0791887256729544,2.21851731450117,0.040697674418604654,0.12056769854365947
VIKASECO,2024-03-18,Non Promoter,Other,Micro,0.0,655.3398058252427,0.1200000000000001,0.15625,0.20756541994094851,0.09589041095890405,-0.007878223875504409,0.08219178082191791,-0.08957292506043513,-0.002739726027397249,-0.2986135124351642,-0.3452054794520547,-0.33645846651188605,0.06623058053965658,0.0
IFCI,2024-03-19,Promoter,Cash,Small,500.0,10126.313953488372,0.07260638297872335,0.28881469115192004,0.3002492025864316,0.24603174603174627,0.1450341471253298,0.63994708994709,0.44991239431180674,0.8346560846560847,0.5571853555567626,0.1359788359788361,0.14188920665497362,0.016,0.049376308328634926
HSCL,2024-03-20,Promoter & Non Promoter,Cash,Small,342.7652,16098.507300884956,-0.009249098604796946,0.08535550653317503,0.1032378616876587,0.16587377101173484,0.07396959981384821,0.2477006026006976,0.07082872760423331,1.0935616872819538,0.8207709310520924,0.3626704725658103,0.3786176966696825,0.02,0.021291738022267304
SHAH,2024-03-22,Promoter & Non Promoter,Other,Micro,75.375,321.9713375796178,0.003095975232198178,-0.19371727748691092,-0.15552632271304156,0.17295597484276715,0.06207731375490111,0.24213836477987427,0.09014258350452131,0.6383647798742138,0.37006877510299596,-0.02515723270440251,0.01484202408081059,0.05619834710743802,0.23410468946280383
PCBL,2024-03-27,Promoter,Cash,Small,448.0,10424.367975830817,,0.0228739002932552,0.015517270967055685,0.0056032872618603236,-0.076845902578914,-0.04576017930519238,-0.23777708747395576,1.1337317893163994,0.8751250605187795,0.6062756817332835,0.6167831405117725,0.016,0.04297622657207615
SPMLINFRA,2024-03-27,Promoter & Non Promoter,Cash,Micro,203.9026,1136.086956521739,-0.11522388059701494,0.33933933933933935,0.39624712130711437,-0.08336549594751075,-0.20211549594751066,0.35376302585874164,0.16407534051719563,1.114627556927827,0.8372671702694547,0.35700501736781165,0.36441170315980637,0.0636734693877551,0.17947798698813627
PRAXIS,2024-04-01,Non Promoter,Cash,Micro,19.5,380.76446469248293,-0.21414538310412568,-0.28518791451731773,-0.22030476568582957,-0.2261235955056179,-0.2501906479901518,-0.3553370786516854,-0.484512320063748,0.17883895131086147,0.008838951310861543,-0.5603932584269662,-0.44490388127061964,0.04048582995951417,0.051212762240690705
WSI,2024-04-04,Promoter & Non Promoter,Cash,Micro,95.3595,1150.7111111111112,-0.7373604727511491,0.2688796680497927,0.27615901290875544,-0.06075063613231546,-0.015500840882520184,0.03753180661577615,-0.052933839234934554,-0.07958015267175567,-0.20747148054175368,-0.5705470737913485,-0.45170174673637864,0.03905614320585842,0.08287006102506661
ARTEMISMED,2024-04-05,Non Promoter,Cash,Micro,330.0,2956.1182080924855,,0.040731504571903665,0.044533183646828345,-0.04284949116229242,-0.003160200346935871,0.007284413497589792,-0.07463649045721255,0.46652383502945916,0.32589665732911066,0.509641135511516,0.5990207153333488,0.04326530612244898,0.11163288365688913
IDEA,2024-04-08,Promoter,Cash,Large,2075.0,142342.68076923076,0.13079847908745235,-0.20833333333333337,-0.32628589133025687,-0.023255813953488413,-0.007174691096843155,0.28372093023255807,0.18415541848147687,-0.28837209302325584,-0.38704355108164157,-0.4364341085271318,-0.3966398975198296,0.0,0.014577496986754365
WEBELSOLAR,2024-04-12,Promoter,Cash,Micro,64.13,2587.0864022662895,,1.1364653243847873,1.1583603791224242,0.1334039174166226,0.12031114388039799,-0.004411505205576094,-0.1334571263330384,1.2062819834127403,1.0177232909907492,1.5738485971413447,1.598641172356935,0.05057096247960848,0.024788503369590622
VASWANI,2024-04-22,Promoter,Cash,Micro,6.9999,120.6801801801802,0.4168937329700271,0.16504854368932054,0.21429907902122636,-0.044117647058823484,-0.03182643999925827,0.32834224598930484,0.24012370389386617,0.3139037433155081,0.2473677107206519,0.0834224598930482,0.17482577481017525,0.03882657463330457,0.05800372513157403
TRU,2024-04-22,Non Promoter,Cash,Micro,39.9999,736.9756097560977,,-0.22305295950155757,-0.17380242416965175,0.03682487725040917,0.049116084309974384,-0.19443535188216043,-0.2826538939775991,-0.5937806873977087,-0.6603167199925649,-0.8869067103109656,-0.7955033953938385,0.03882657463330457,0.054275744638602054
CHOICEIN,2024-04-23,Promoter & Non Promoter,Cash,Micro,693.63,7363.051239669421,,0.22061347861780733,0.24640642145444525,0.06000923218956755,0.08318897048931873,0.20772426527158028,0.12489113201827906,0.4520695491614095,0.394914826082977,0.8778273580550855,0.9872890147160347,0.03317152103559871,0.09420415224913495
SADBHAV,2024-04-30,Promoter & Non Promoter,Cash,Micro,45.2708,541.7482517482517,,0.599033816425121,0.6012194065702698,-0.15993537964458804,-0.09929627365804511,-0.10468497576736668,-0.20762702195421878,-0.09014539579967684,-0.16967477252169638,-0.5747980613893376,-0.4433415562948091,0.02827140549273021,0.0835642752033045
UGROCAP,2024-05-02,Non Promoter,Other,Micro,15.9911,4296.891756272401,-0.04720658293633606,-0.04189799392997262,-0.025632541750402082,0.02158221452288145,0.06707832792022939,-0.09051537462104797,-0.19313795158798064,-0.12018189692507575,-0.2261661092220847,-0.40013714450700155,-0.266675235153096,0.02912621359223301,0.0037215505781957254
BIL,2024-05-07,Promoter,Cash,Micro,51.643,581.1829145728643,-0.0035917043216313616,0.13271523178807954,0.18698365174216014,-0.0608289550496206,-0.031599044286466094,0.06281377699941615,-0.03698151470989797,0.7336835960303563,0.5970302374816416,0.63922942206655,0.6811524989896269,0.0467741935483871,0.08885842770852032
PENINLAND,2024-05-08,Non Promoter,Cash,Micro,149.9999,2047.4199999999998,-0.7716150081566069,-0.1442080378250592,-0.07447295521552938,0.056313993174061494,0.043041582382068455,-0.028156996587030747,-0.15604161197164612,-0.08617747440273049,-0.2436140557092371,-0.4701365187713311,-0.4539040538414716,0.053268765133171914,0.07326288695040588
INDOTHAI,2024-05-10,Promoter & Non Promoter,Cash,Micro,47.0,432.1149253731343,10.558561328004918,-0.02608422375864239,0.056039269542428494,-0.08300153139356803,-0.1190503157637034,-0.1601837672281775,-0.2887889681738042,2.262174578866769,2.1274039873797594,4.5914241960183775,4.590078718606415,0.05791190864600326,0.10876736081128224
SALSTEEL,2024-05-13,Promoter,Cash,Micro,12.0,282.10393541876897,,-0.325497287522604,-0.24003992087641712,-0.0039024390243901363,-0.03234280599686723,-0.08585365853658544,-0.18590108698829833,0.2570731707317073,0.1595955130647222,-0.13121951219512207,-0.1035477564699313,0.0516545601291364,0.04253751363725788
TFL,2024-05-13,Non Promoter,Cash,Micro,7.344,84.30550847457626,0.01661129568106312,,,0.3246835443037974,0.29624317733132033,0.9481012658227848,0.8480538373710719,0.5373417721518987,0.4398641144849136,-0.034810126582278555,-0.007138370857087795,0.0516545601291364,0.08711174551796586
DYCL,2024-05-15,Promoter & Non Promoter,Cash,Micro,96.5879,1466.2565217391304,0.4432307183051969,0.33436914499840054,0.4097116107518253,0.05371329879101894,0.018486026063746275,-0.08283246977547498,-0.17033947257659543,0.306321243523316,0.24711755050542794,0.43982728842832475,0.4626492581252944,0.04931285367825384,0.06587380759639307
SOLEX,2024-05-17,Promoter & Non Promoter,Cash,Micro,72.867,1083.2067157584681,0.13368727795297608,0.7411515726483251,0.7560855186563664,0.09740333802227896,0.07298253612242123,0.31319621335969305,0.20882839726773894,0.4479336957761475,0.4126480279592424,0.03904497585826716,0.07085476675569424,0.04943273905996758,0.06726970848678507
JWL,2024-05-21,Promoter,Cash,Small,135.0,22614.782832618028,,0.4715609408410548,0.4069627719702511,0.25069637883008355,0.1809163907174326,-0.0015275406595381957,-0.12387608858330468,-0.23694851289424035,-0.2605356355677825,-0.2677688920837452,-0.22830844259956412,0.016,0.005969546601406455
DPABHUSHAN,2024-05-21,Promoter & Non Promoter,Cash,Micro,99.3672,3123.7561766349913,-0.13788702089639326,0.9883646683220999,1.0027706018551195,-0.060257148340049915,-0.10546412001760996,0.04858952216465173,-0.08667089114893889,0.1792746113989636,0.14805850576981439,0.1115716753022451,0.1364597914682517,0.0498793242156074,0.031810165192547604
ARIHANTCAP,2024-05-27,Promoter,Cash,Micro,34.25,754.7290969899665,,0.006373937677053965,0.059938605105656906,0.013619541080680975,-0.05538054040955598,0.13974833456698743,-0.029903774773607728,0.5684678016284235,0.4624061125618527,0.05640266469282018,0.059832350513887245,0.051159072741806554,0.04538052148326716
IRIS,2024-05-30,Non Promoter,Cash,Micro,20.0,506.82511210762334,-0.25111925111925104,0.8754171301446052,0.94543102637087,-0.0840775063184499,-0.1925627811830155,0.039385004212299846,-0.14236265932856718,0.8239258635214828,0.6718464667827327,0.08951137320977232,0.0658109012780499,0.0571658615136876,0.039461343809169894
IDFCFIRSTB,2024-05-30,Non Promoter,Cash,Mid,3200.0,66793.98648648648,0.039716312056737646,-0.06879903439951707,-0.12431659025907016,0.0325916230366492,-0.03684457910408023,-0.018193717277486865,-0.14057757969801576,-0.1465968586387435,-0.21262186078495382,-0.06348167539267024,-0.1196138290515053,0.02,0.04790850446765013
FCL,2024-06-03,Non Promoter,Cash,Micro,109.055,4109.928571428572,9.974504249291785,-0.1638724911452185,-0.0894669448208043,0.19798041615667072,0.017368645205837918,0.10067319461444302,-0.14147009256195675,0.08292533659730728,-0.13920859277146846,-0.18635250917992652,-0.2887426930514586,0.07791164658634538,0.026534524409530927
JHS,2024-06-04,Promoter & Non Promoter,Cash,Micro,29.9998,176.80645161290323,0.36699507389162567,-0.09999999999999998,-0.053871058457915955,0.1306532663316584,-0.02780676296623852,0.5140703517587941,0.29108785374088375,0.21407035175879408,0.008683146371588846,-0.32512562814070345,-0.40051751147341386,0.06746987951807229,0.16967593504834885
RACE,2024-06-05,Promoter & Non Promoter,Cash,Micro,97.856,602.4046610169491,0.015140591204037435,-0.051677489177489266,0.05240870053699326,0.12947731493764936,0.006675117135451547,0.11302732820376771,-0.0654850876610128,-0.009684266383656048,-0.19306655761319869,-0.33006102414433536,-0.3636171674280422,0.061847389558232935,0.16244230221393777
360ONE,2024-06-12,Non Promoter,Other,Mid,279.9949,32125.26936893204,-0.013308874691631445,0.12136445242369831,0.028495543051455963,0.26241769481557253,0.22605854679501103,0.397174455027808,0.3248872954809996,0.5884421146838843,0.5666637079130944,0.42479064118135934,0.46425023499185913,0.013333333333333334,0.008715721470985692
DCI,2024-06-14,Non Promoter,Cash,Micro,23.5,378.7180597014925,-0.7680312728209975,0.17586292525453184,0.11265082354870626,0.5528189182554621,0.5264011376654123,0.3129040176744946,0.2124968684094335,0.3456345634563456,0.26561104803957525,0.12715817036249089,0.1962606378420651,0.03932584269662921,0.062051437469136855
LORDSCHLO,2024-06-18,Promoter & Non Promoter,Cash,Micro,42.7,395.60115107913674,,0.16338259441707703,0.06272549574017638,-0.09611992945326286,-0.10011011687449711,0.061360964138741814,-0.03042955249253909,0.2616843033509699,0.18411349375124952,0.12441211052322143,0.18642895802902804,0.03697749196141479,0.10793699634978621
KRITI,2024-06-18,Promoter & Non Promoter,Cash,Micro,149.9645,1017.3157894736843,,0.42845092024539877,0.3277938215684981,-0.05085092247150813,-0.05484110989274238,0.31752440333214094,0.22573388670086003,-0.15183727704809102,-0.22940808664781143,-0.22103541677313843,-0.15901856926733182,0.03697749196141479,0.14741194578095088
ZOTA,2024-06-18,Promoter & Non Promoter,Cash,Micro,44.4507,2155.9556756756756,-0.18252629888380312,0.28967097042898793,0.18901387175208728,-0.06695144993017332,-0.07094163735140757,0.054300501109011856,-0.03749001552226905,0.32300994003121675,0.24543913043149634,0.5735644459048714,0.635581293410678,0.03697749196141479,0.020617631661684867
VIVIANA,2024-06-20,Promoter & Non Promoter,Cash,Micro,22.5,568.6478835227273,0.11314941136659118,1.8686765731452177,1.7300489709863895,-0.047698170456392686,-0.04258567150103287,-0.04278567429428026,-0.10922025508917454,0.28822987592335036,0.26297753295346316,0.37768426375769804,0.43526002133345554,0.0393574297188755,0.03956754373306436
GRMOVER,2024-06-21,Promoter & Non Promoter,Cash,Micro,136.05,1302.8193916349808,1.3858756163512012,0.49681528662420393,0.34400430831521756,0.03936644625557428,0.02804405013490796,0.38290019990773505,0.31101105187645506,-0.024911579271105766,-0.05267183163703637,0.8872827925572813,0.9515469088132065,0.03951612903225806,0.10442736796330862
RITCO,2024-06-25,Non Promoter,Cash,Micro,99.9996,835.9676071428572,-0.11471279240014987,0.26369847917125866,0.09634210056825598,0.08434566537824395,0.055967850490660886,0.100565985643291,0.032576511553223164,0.3259249033683047,0.3009444663611416,-0.03178492545554934,0.025735146727593472,0.03932584269662921,0.11962138143339712
ONEPOINT,2024-06-26,Promoter & Non Promoter,Cash,Micro,304.5291,1618.1498637602178,-0.5398115047123822,0.3436956521739132,0.17660253054965336,0.16086515714768512,0.11204112547804312,0.2184859749915511,0.1490983222910075,-0.08127745860087876,-0.10325576491047472,-0.14143291652585332,-0.08698156462086715,0.044141252006420544,0.18819585677456513
INOXGREEN,2024-06-26,Promoter & Non Promoter,Cash,Micro,1050.0,7186.829254658385,-0.22823108327274766,0.4952991828486073,0.3282060612243475,-0.04638619201725991,-0.09521022368690191,0.17146425935388643,0.10207660665334284,-0.015159257366717749,-0.03713756367631371,-0.12110373019928455,-0.06665237829429838,0.044141252006420544,0.1461005907882683
RATNAVEER,2024-06-28,Promoter,Other,Micro,0.0,1406.1991540785498,-0.14713425180413897,0.34596957216104895,0.2195023356938124,0.19808964914471217,0.15861406503584075,0.16300412036458978,0.12232952736917291,0.18385566237982265,0.16260299965478597,-0.036458983643401166,0.036860949940449084,0.040096230954290296,0.0
DHRUV,2024-07-03,Non Promoter,Cash,Micro,33.4886,256.5989847715736,-0.19881305637982205,0.08254637436762224,-0.09834660002502371,-0.1414441147378832,-0.11222034238215828,-0.11261834110498803,-0.11979586520096175,-0.17733502896707642,-0.1553312836487244,-0.48155998304366254,-0.3922601848180864,0.03745019920318725,0.13050947972304647
LLOYDSME,2024-07-04,Promoter & Non Promoter,Cash,Mid,2723.2,43680.01173036094,,0.2293608521970707,0.09069564657392626,-0.061701709569660035,-0.0289122600461989,0.19021418746315577,0.20399333689532378,0.8614004061046703,0.9197229892269576,0.9944979367262723,1.0499764749904337,0.006666666666666667,0.062344305601620714
DIAMINESQ,2024-07-09,Promoter & Non Promoter,Cash,Micro,50.5847,670.2,,0.16434743065029567,0.06985856959356551,-0.10328306628966388,-0.10250809777275993,-0.15009425070688043,-0.1653448680182481,-0.2502356267672008,-0.2081402932490677,-0.37205466540999055,-0.2874090104206429,0.040160642570281124,0.07547702178454192
SRGHFL,2024-07-09,Non Promoter,Cash,Micro,2594945.79,580.5547794117648,-0.08478768723375019,0.40938511326860816,0.314896252211878,0.026404874746106977,0.027179843263010928,-0.05186188219363563,-0.06711249950500331,0.004333107650643209,0.04642844116877631,-0.1549085985104942,-0.07026294352114654,0.040160642570281124,4469.769058880672
BAJAJHCARE,2024-07-10,Promoter & Non Promoter,Cash,Micro,207.0,1320.3955657492354,-0.13654361987482433,0.20801232665639446,0.12160632292077278,0.01420778891285046,0.023575276270887402,-0.03729544589623235,-0.050895681176648555,0.33540530254979073,0.43459035522321554,0.3302042369656222,0.4214047804744703,0.035942492012779555,0.15677120203182557
VIPCLOTHNG,2024-07-12,Non Promoter,Cash,Micro,96.3405,447.7931707317074,-0.10803768290238525,0.2592977893368009,0.16780310515918995,-0.16108704214257585,-0.1327760085959402,-0.1339109885781805,-0.1507500111827379,-0.18117369042930298,-0.11813636368760322,-0.19574635683339892,-0.10451109919545681,0.03938906752411576,0.21514508549243117
PCJEWELLER,2024-07-15,Promoter & Non Promoter,Cash,Micro,2705.14,6928.6,6.9490806223479495,0.2380106571936056,0.15202145723446292,0.2918395573997232,0.31667747583837574,1.453665283540802,1.4365829104596473,1.065006915629322,1.115807934228426,1.147994467496542,1.240550508350519,0.038704581358609796,0.39043096729498017
BALUFORGE,2024-07-16,Promoter & Non Promoter,Cash,Micro,496.8,4983.546774193548,-0.12280701754385959,,,0.44351991931417034,0.4417058603572541,1.0189107413010592,1.0039077704157355,0.780005042864347,0.82881029973412,0.649394856278366,0.7334993660331361,0.03987240829346093,0.09968803795975079
APOLLO,2024-07-23,Promoter & Non Promoter,Cash,Micro,264.9751,4156.656327543425,0.020134228187919545,0.0895038167938933,0.005835694523151025,-0.10287224068865586,-0.12879932077591072,-0.2025057530043468,-0.16168429976061138,0.19560214778828944,0.26779237481792295,0.5463223387028042,0.6663821549813773,0.0350597609561753,0.06374717540254278
MARINE,2024-07-24,Promoter & Non Promoter,Cash,Micro,213.7638,3636.0958372093023,-0.21187190034985204,1.702261048304214,1.6433031548019854,0.012983392409096295,-0.01159893009492663,-0.2010434505555776,-0.15229946338294265,-0.15727428412123146,-0.06090083701368976,-0.2726512405910232,-0.15722483479865562,0.03112529928172386,0.0587893745298153
ASALCBR,2024-07-29,Promoter & Non Promoter,Cash,Micro,74.69,1660.1211382113822,,0.46054073803434425,0.36985052936660745,0.0291013179080446,0.03450803191708274,0.07859741189098934,0.15471881836282714,0.34999105492277427,0.49115484802622256,0.195897191245751,0.3489483026714907,0.026877470355731226,0.04499069271563589
MONARCH,2024-07-29,Promoter & Non Promoter,Cash,Micro,30021325.6,2608.7396449704142,0.7052375152253352,0.027788937993839635,-0.06290127067389717,0.16441387559808618,0.16982058960712432,0.24177631578947367,0.31789772226131147,0.22936602870813405,0.37052982181158234,0.035586124401914,0.18863723582765368,0.026877470355731226,11507.980743835582
HUBTOWN,2024-07-30,Promoter & Non Promoter,Cash,Micro,1211.9979,3474.3357692307695,-0.2266875077125582,0.5918872464764524,0.49892349381120726,0.09592752861244791,0.09891380779825498,0.11335786791766078,0.1709280379647823,0.0747361184130706,0.21884914824038604,0.377037246734339,0.5325935141702918,0.0294351630867144,0.3488430538964116
LLOYDSENGG,2024-07-30,Non Promoter,Other,Small,150.0,12609.788032454362,0.049131880310306686,0.4404402627374402,0.2770256285910988,-0.0641816511353196,-0.058162689214208585,-0.14358839742748386,-0.07106366200816461,-0.11851949074681722,0.06684904008101955,-0.06943168394802457,0.07000854481008717,0.012,0.01189552113119891
PIGL,2024-08-01,Promoter & Non Promoter,Cash,Micro,71.4806,239.78068535825545,-0.2709784122562674,0.5148621385339611,0.4065929210944379,0.5147221985149781,0.5155754408357971,0.9047537765639668,0.9280067631145736,1.5206964239993175,1.6444443924949779,0.13638303319962453,0.2947246915412828,0.02782193958664547,0.2981082479316509
BBOX,2024-08-02,Promoter & Non Promoter,Cash,Micro,409.9995,9885.24,-0.25389157273215246,1.3098285962247775,1.214086795803499,-0.06298098186643086,-0.10692767505643319,-0.11065900044228216,-0.10905214452369627,-0.11508182220256524,-0.015741002614188815,-0.10296329057938958,0.025037731044993183,0.031001589825119236,0.04147592774682254
PAKKA,2024-08-05,Non Promoter,Cash,Micro,24480000.0,1404.1728395061725,-0.07530171681115072,-0.002981932994211567,-0.09966438599172256,0.05762170790103749,0.0014981123954194153,-0.03304070231444545,-0.044926702594161316,-0.20287310454908225,-0.11455358517305558,-0.43664804469273744,-0.3021643025364339,0.029156816390858944,17433.75125287943
MOTISONS,2024-08-14,Non Promoter,Cash,Micro,170.0,1924.722222222222,,-0.0005899705014748013,-0.09058650774771981,0.46330532212885145,0.4134588202707161,0.5042016806722689,0.56140815410548,0.21904761904761894,0.38288174549221454,0.14845938375350132,0.28617133508921805,0.03246239113222486,0.0883244335401934
FIVESTAR,2024-08-19,Promoter & Non Promoter,Cash,Small,31.57,20946.135589941972,0.08519484180114167,-0.041857643569695235,-0.1678741724953151,0.07255476489465607,0.05331630330121162,-0.11211106460164644,-0.03323329823141419,-0.0438816799218642,0.19592976727965417,-0.17852658015906242,-0.07606285058564016,0.008,0.0015071992570868038
SURAJEST,2024-08-19,Non Promoter,Cash,Micro,499.9999,3908.3793269230773,-0.1269792749281653,1.0096843164381841,0.9332025403941933,-0.01727712508638557,-0.029759788054485425,-0.25545014764088714,-0.1770750360903675,-0.5777470628887353,-0.35179407501230614,-0.5996733052710939,-0.44010909714776913,0.03220738413197172,0.12793023864283704
INDTERRAIN,2024-08-19,Promoter & Non Promoter,Cash,Micro,10.0,309.63424657534244,0.14699623506302162,-0.15929078014184395,-0.23577255618583481,-0.05618340329350979,-0.06866606626160965,-0.23926380368098166,-0.16088869213046203,-0.35227639651275433,-0.12632340863632513,-0.403132063287052,-0.24356785516372725,0.03220738413197172,0.03229616914344366
MSPL,2024-08-21,Promoter,Convention of loan,Micro,12795804.4,2199.759393939394,-0.10417199897619656,0.40680529300567114,0.3105815056274561,0.35909312530472937,0.3717643805145927,0.024622135543637125,0.12591983068212242,-0.34251584592881534,-0.0990421855856819,-0.23061921014139453,-0.04201293318170396,0.028391167192429023,5816.910901825901
KANPRPLA,2024-08-26,Promoter & Non Promoter,Cash,Micro,20.504,297.79759036144577,-0.041625534715366896,0.1977326405290507,0.07100848144646954,-0.0342359925185004,-0.014374476483514864,-0.051638611043343885,0.03115518326454586,-0.005123200780678183,0.24441228788524538,0.7514027811661381,0.946623980818103,0.026604068857589983,0.06885213535513732
SPMLINFRA,2024-08-27,Promoter & Non Promoter,Cash,Micro,353.0691,2092.1804347826087,-0.12874336426632094,0.8696487985212569,0.7374135044036099,0.13892998027613412,0.159812181200033,-0.1463675213675214,-0.0718812199976584,-0.298939842209073,-0.048764976272957505,0.14172419460880992,0.332873510165226,0.028346456692913385,0.1687565250731762
ASIANENE,2024-08-27,Non Promoter,Cash,Micro,160.8,2109.395444915254,-0.7058484254239243,0.45061728395061706,0.31838198983297006,-0.1463762941806498,-0.12549409325675093,-0.20290372486016894,-0.12841742349030594,-0.35415922884684037,-0.10398436291072488,-0.15149351422111146,0.03965580133530461,0.028346456692913385,0.07623037225552567
JETFREIGHT,2024-08-27,Promoter & Non Promoter,Cash,Micro,39.225,107.96908212560386,,0.7187969924812028,0.5865616983635558,-0.22304488662656174,-0.20216268570266288,-0.30819065247570576,-0.23370435110584276,-0.3836186950485886,-0.1334438291124731,-0.37667746413697356,-0.1855281485805575,0.028346456692913385,0.36329844829437663
GUJAPOLLO,2024-08-28,Non Promoter,Cash,Micro,34.164,493.7563636363636,,0.5142352248183781,0.35862727601406674,-0.05611657931739744,-0.044359003559821586,-0.1877796241850952,-0.12992842598340126,-0.31279560270995777,-0.05223144508114541,0.24249009331458526,0.41748813374466354,0.02675059008654603,0.06919201961954001
AVROIND,2024-08-28,Promoter & Non Promoter,Cash,Micro,1499998.83,233.54056886227545,6.120872971460548,0.2695035460992907,0.11389559729497933,0.018573996405032878,0.030331572162608733,-0.005392450569203122,0.05245874763249081,-0.019173157579388866,0.2413910000494235,-0.12342720191731582,0.05157083851276245,0.02675059008654603,6422.861934898283
STEELXIND,2024-08-29,Non Promoter,Cash,Micro,99.9,1812.3684210526314,-0.22535211267605626,0.0707692307692307,-0.0905629894425729,-0.08094555873925502,-0.06204376074728973,-0.2256446991404012,-0.1715266541547763,-0.43767908309455594,-0.14966057725103565,-0.32808022922636104,-0.14182865463575456,0.02830188679245283,0.05512124292144621
KIRIINDUS,2024-08-29,Promoter,Cash,Micro,49201681.41,2535.139741219963,-0.04945904173106641,0.3033996151379088,0.1420673949261052,-0.13245375759927558,-0.1135519596073103,0.49566679601603925,0.5497848410016641,0.3608847497089638,0.6489032555524841,0.36075540033630826,0.5470069749269147,0.02830188679245283,19407.87744754579
MAXESTATES,2024-09-02,Promoter & Non Promoter,Cash,Micro,150.0,10605.094804088585,0.01412363973141928,0.9273479874393376,0.7554652018658025,-0.08887876025524155,-0.062147939619047965,-0.15618353084168957,-0.1221520343779125,-0.39152233363719235,-0.09704073064429086,-0.3217866909753875,-0.14214926193308752,0.0265210608424337,0.01414414512750706
BLUECOAST,2024-09-03,Promoter,Cash,,6.9311,,,,,,,,,,,,,,
BESTAGRO,2024-09-04,Promoter & Non Promoter,Cash,Micro,200.0,1596.9405714285715,,0.23569856985698578,0.077015592836293,-0.22602589422865915,-0.14596360566075928,-0.1266183892912004,-0.09657148887888761,-0.5905200789993417,-0.3243063180387602,-0.43800746104893573,-0.2542736823003813,0.027365129007036748,0.12523947576902406
CROWN,2024-09-05,Promoter & Non Promoter,Cash,Micro,26.84,318.6869565217391,-0.020109689213894,0.1600692191217823,-0.06654503484006846,-0.16407386681589264,-0.12021795265426449,-0.13564633463905995,-0.12111408653691785,-0.37836224584965494,-0.1270851066414812,-0.3412796120126843,-0.16420174728157966,0.028928850664581705,0.08422057900624848
DJML,2024-09-06,Promoter & Non Promoter,Cash,Micro,94.0883,453.4791086350975,-0.08967499800367329,0.11965811965811968,-0.09058153175800232,-0.07120743034055732,-0.04209848613984657,0.4362943557989998,0.4406756970982725,-0.08478209097404144,0.17952579232825527,-0.20234976581725805,-0.029477425391726153,0.028928850664581705,0.20748100234030922
TEMBO,2024-09-09,Promoter & Non Promoter,Cash,Micro,80.085,750.8544194107452,4.680414917263522,0.6817398794142979,0.5150875373429613,0.22244389027431422,0.2586583832355922,0.8321695760598502,0.846069349208953,0.27630922693266835,0.5589912341737722,0.49102244389027416,0.6715867566267181,0.027110766847405113,0.10665849188561614
RELTD,2024-09-11,Non Promoter,Cash,Micro,17999991.62,1920.058266666667,-0.23664122137404575,,,0.22821495235288336,0.25515559162228973,0.28539149228804406,0.3053169552102496,0.0426368012574907,0.33871397538755205,0.742803811769329,0.9121514075869055,0.0311284046692607,9374.711138974462
NAZARA,2024-09-12,Non Promoter,Other,Micro,268.64,9676.026335877863,2.78603451696092,0.14010300997023117,0.028673168751694567,-0.1259860523608095,-0.09168727187300463,-0.01608170420334598,0.004439649096709575,-0.11291490415761607,0.2011377469361918,0.055028390686330475,0.2328496038207099,0.028793774319066146,0.027763463086484818
NIRAJ,2024-09-13,Promoter & Non Promoter,Cash,Micro,131.175,435.6469314079423,-0.2665375034597288,0.6058344640434195,0.5037132420485947,-0.12683335661405226,-0.09697125114477645,-0.07808353121944411,-0.04668842623255609,-0.15588769381198497,0.142217232436745,-0.34557899147925686,-0.16884350653967733,0.029548989113530325,0.3011039227937703
ESTER,2024-09-16,Promoter & Non Promoter,Cash,Micro,174.9999,1743.0655445544555,-0.05406214452493563,0.4266701013223426,0.33028951214033997,-0.1079023682938618,-0.06980200255722263,-0.056005316578057074,-0.019199295649143133,-0.22323586273562113,0.051750769292459364,-0.30171580473658777,-0.12368136890820525,0.030046224961479198,0.10039777365040606
AYMSYNTEX,2024-09-17,Promoter & Non Promoter,Cash,Micro,14176286.1,1086.970821917808,-0.017337928063751895,0.9075955997904663,0.8099920618381397,0.2716570764926356,0.30659405946731444,0.5505991659188092,0.589158703883817,0.05447922715514952,0.32155595101400347,0.030090270812437314,0.20425016033215504,0.03402938901778809,13042.011629151117
INDOTHAI,2024-09-18,Non Promoter,Cash,Micro,120.2,911.2537313432834,4.481049562682216,1.3602915654286707,1.271698629701977,0.4497058823529412,0.48255490319943517,0.6204411764705882,0.661553246989687,1.9061764705882354,2.1451082333827114,2.533529411764706,2.7025278643961386,0.032507739938080496,0.13190618141317526
CCCL,2024-09-19,Promoter,Convention of loan,Micro,36.8941,999.1985714285714,-0.16629613161405066,,,-0.14104193138500631,-0.06354590061101001,-0.29648454044896233,-0.24040089025884825,-0.4383735705209657,-0.197273797016996,0.02329521389241851,0.20206597204463683,0.031758326878388844,0.0369236917014922
SERVOTECH,2024-09-23,Promoter,Cash,Micro,97.929,4133.660256410256,-0.5438884331419196,1.0630569655950364,1.005394620400224,-0.1236001875097662,-0.04006044341336307,-0.1570915151830824,-0.09107967060703148,-0.3682483462680348,-0.08566862141153897,-0.3567894161154227,-0.1473683668397358,0.02773497688751926,0.023690626206674104
RPOWER,2024-09-23,Promoter & Non Promoter,Cash,Small,1524.6,15761.565989847715,-0.13499344692005244,0.21660528958821557,0.138849879422136,0.0576779026217229,0.134201901438668,0.10187265917603017,0.1974106752936443,-0.014481897627965035,0.21210841285717424,0.12084893882646708,0.27538318081652774,0.0,0.09672896722203998
LEXUS,2024-09-24,Promoter & Non Promoter,Cash,Micro,45.2,84.65849056603773,0.1081147340034323,0.019427148194271604,-0.045993412553391844,-0.012749579023334179,0.09205869851774917,0.020928554245850384,0.08419769114526088,-0.26822227567957657,0.014597610093215252,-0.37310560500360845,-0.16823085889663492,0.0285935085007728,0.533909826383472
PRUDMOULI,2024-09-24,Non Promoter,Cash,Micro,43.75,165.3665185185185,,0.9879951980792319,0.9225746373315684,0.34135338345864663,0.44616166099973,0.32218045112781946,0.38544958802722995,-0.10206766917293231,0.18075221659985952,-0.4733082706766918,-0.26843352456971825,0.0285935085007728,0.26456383306576464
PAVNAIND,2024-09-26,Promoter & Non Promoter,Cash,Micro,319.5135,703.0038961038961,8.982209922909666,-0.04870485224370669,-0.10646382750664818,0.19597689703246357,0.2799747057852787,-0.0181238797052381,0.04553801677730829,-0.27325234017128064,-0.006408948495951583,-0.2376020713005378,-0.05300014654113272,0.030139103554868624,0.4544974811245989
ZEEMEDIA,2024-09-27,Non Promoter,Cash,Micro,200.0,1358.3911234396671,,0.2871759890859482,0.22588959726329205,-0.12269938650306755,-0.06042642334790416,-0.16871165644171782,-0.12010359247604074,-0.42988606485539005,-0.17301395270878495,-0.5048203330411919,-0.31523689573887054,0.03088803088803089,0.14723299979579335
RETAIL,2024-09-27,Promoter & Non Promoter,Cash,Micro,43.8568,39.77499999999999,0.04755918709407081,0.2491901320707699,0.18790374024811374,-0.14188784673717825,-0.07961488358201485,-0.16403911394931148,-0.1154310499836344,-0.2953502294951107,-0.03847811734850559,-0.3043304729594891,-0.11474703565716776,0.03088803088803089,1.102622250157134
REFEX,2024-10-03,Promoter & Non Promoter,Cash,Micro,92781000.0,7408.454716981132,-0.1325301204819277,1.5732475031949638,1.5323303209032182,-0.11735491584659241,-0.08413662036652925,-0.1434746620068058,-0.08985304038518427,-0.2955945921088936,-0.017956401154119783,-0.34084429320334764,-0.16038724040586938,0.033820138355111454,12523.664319272142
FMNL,2024-10-07,Promoter & Non Promoter,Cash,Micro,36.4325,62.21435643564356,0.09046692607003903,0.46938775510204067,0.4687632104991468,0.44083969465648853,0.4396567293568039,1.5801526717557248,1.6184359919215652,0.489503816793893,0.7427641453155456,-0.12213740458015276,0.045605761931279465,0.036753445635528334,0.5855963492556078
SUMEETINDS,2024-10-08,Non Promoter,Other,Micro,2800000.0,55.706422018348626,,0.7727272727272727,0.8147529025584113,,,,,,,34.6219512195122,34.81530827763794,0.033846153846153845,50263.504611330696
AJMERA,2024-10-18,Non Promoter,Cash,Micro,225.0,681.4712605042017,19.454545454545457,0.10051282051282051,0.09552528934075077,-0.010611561016475868,0.06347230597483511,0.08768500418877401,0.1631443217740759,-0.08824350740016762,0.11660963355640697,0.1343200223401284,0.30879827890023764,0.03302611367127496,0.33016799539503505
BETA,2024-10-21,Non Promoter,Cash,Micro,117.0195,1907.993083292742,-0.039307399552598654,0.45484490804282207,0.42685695621145636,0.22088318843074783,0.2518451571108372,0.09794144049976028,0.1467603381375555,0.12937935783765164,0.30344079128475054,0.150745828158241,0.2947444077036956,0.03666921313980138,0.0613311971750192
NITCO,2024-10-21,Promoter & Non Promoter,Cash,Micro,1664.0148,2896.350056753689,-0.23501119495812262,0.6920072534523645,0.6640193016209988,0.03282122905027918,0.06378319773036856,0.23062150837988815,0.2794404060176834,0.16401885474860323,0.3380802881957021,-0.031337290502793325,0.11266128904266126,0.03666921313980138,0.5745213000479212
RGL,2024-10-23,Non Promoter,Cash,Micro,16873558.5,1892.1396363636363,-0.1467091415893964,0.7555712413028133,0.7898013886258459,0.03637550439117021,0.04792111237956026,0.028127225255162536,0.09386040300701015,-0.32690481841917873,-0.1387516918921623,-0.18152148112983624,-0.04287522256870108,0.03680981595092025,8917.713141102022
TTL,2024-10-24,Non Promoter,Cash,Micro,21.96,327.76208178438657,8.870550161812298,0.06818181818181834,0.11856306018013624,0.2405582922824301,0.21017222794300583,0.08866995073891637,0.16590411921396075,0.06075533661740562,0.22734521439226635,-0.1995073891625616,-0.08299799927187679,0.03908045977011494,0.06699981852826424
ANANTRAJ,2024-10-28,Promoter,Cash,Small,99.9999,24506.617111853087,0.07171694927695804,0.2295951605397859,0.2824985502051153,-0.014487451525572514,-0.03788080956724227,-0.13960635106460817,-0.029206365446842186,-0.351723128704178,-0.2027246695362273,-0.05546206190092917,0.001966842447483297,0.004,0.004080526477546065
SUDARSCHEM,2024-10-31,Promoter,Cash,Micro,99.9355,8343.244850498339,-0.003124402828205586,0.06633932860116354,0.13238160457008058,0.0598266306664772,0.0551842752819558,-0.06517929041731796,0.0432377834279849,-0.027615934820709453,0.21721212381746002,0.007721093268912016,0.19994598262607438,0.02909647779479326,0.011978013565553083
SAMPANN,2024-11-11,Promoter & Non Promoter,Cash,Micro,35.595,162.24083333333334,0.05344934742075824,-0.11468531468531473,-0.09699342573594083,0.24265165728580373,0.19048469048171146,0.011882426516572897,0.1485490931832395,0.0006253908692932519,0.13148233011746724,0.15884928080050043,0.33265322860913205,0.028875379939209727,0.2193960624380422
SOFTTECH,2024-11-14,Non Promoter,Cash,Micro,40.01,535.9712550607287,0.05085625324338361,0.127335940895263,0.18250530109008267,0.30090990644623883,0.21988941772458948,-0.13853646033576816,0.005963899117862215,-0.05215942586184796,0.042704338497825456,-0.2076124567474048,-0.04083667933332957,0.024334600760456272,0.07464952573896268
WINDMACHIN,2024-11-14,Promoter & Non Promoter,Cash,Micro,725.0,2809.6900333333333,-0.2914650810651106,0.6059608488625006,0.6611302090573202,0.40696251807362915,0.3259420293519798,-0.014014014014014142,0.13048634543961624,0.40362584807029256,0.498489612429966,0.03510918325733137,0.2018849606714066,0.024334600760456272,0.258035580935553
ASTERDM,2024-11-29,Non Promoter,Other,Mid,84913744.94,43508.56119081779,-0.08724872487248725,0.19224201024640153,0.2575994861533261,0.050852588033498014,0.06522548620732815,-0.18686308142467967,-0.020523805191964895,0.18434063162143066,0.1994210306853556,0.281606296034709,0.2867895270124822,0.006666666666666667,1951.6560101261293
MANAKCOAT,2024-12-02,Promoter & Non Promoter,Cash,Micro,134.55,832.4985826771654,-0.16634603052456076,0.17835607743573467,0.24332127465151188,0.41070119716589315,0.4299020172143683,-0.06462252626435383,0.22012766589989152,0.5472758367945272,0.6921293064104339,0.6194722697288053,0.8745095200128613,0.01808590806330068,0.16162189678126715
NORBTEAEXP,2024-12-04,Non Promoter,Cash,Micro,6.45,23.13478260869565,0.08626198083067083,0.04067796610169494,0.08527048275981886,0.6578947368421053,0.7168167088105872,2.0726817042606513,2.3339419277372095,1.1923558897243107,1.3245443355724487,3.6992481203007515,3.9548582825787566,0.018168054504163512,0.27880097725991354
AAREYDRUGS,2024-12-04,Promoter & Non Promoter,Cash,Micro,31.9,196.5116504854369,,-0.11451024417625599,-0.06991772751813208,-0.06349206349206349,-0.004570091523581565,-0.3820747154080487,-0.12081449193149063,-0.12489979156645825,0.007288654281679685,0.04665704665704662,0.3022672089350516,0.018168054504163512,0.16233134229547397
SOUTHWEST,2024-12-09,Promoter & Non Promoter,Cash,Micro,7446855.084,534.2083516483517,-0.19232649071358754,0.03501064962726308,0.06962841183620605,-0.08703465982028247,-0.010362399672254108,-0.325224646983312,-0.05450687899662732,-0.05975609756097566,0.10167888001749958,0.2292682926829268,0.4904303207666736,0.018782870022539443,13939.98251996998
EASEMYTRIP,2024-12-09,Non Promoter,Other,Micro,234.0305,6778.197952218429,0.06924882629107976,-0.2219127205199628,-0.18729495831101983,-0.10308056872037907,-0.026408308572350714,-0.2885071090047393,-0.017789341018054627,-0.35545023696682454,-0.1940152593883493,-0.54739336492891,-0.2862313368451632,0.018782870022539443,0.03452694973645678
IDEA,2024-12-09,Promoter,Cash,Mid,1980.0,87570.51615384615,0.3943139678615575,-0.461895294897283,-0.40994746177737995,-0.01980198019801982,0.031225580576892176,-0.10148514851485146,0.06349215859558721,-0.17450495049504955,-0.11319248948886729,0.40470297029702973,0.44576674848796005,0.006666666666666667,0.02261034977253628
AFIL,2024-12-10,Promoter & Non Promoter,Cash,Micro,44.955,403.4047919293821,,-0.1657801418439716,-0.14651266525462936,-0.271780303030303,-0.1701589282872109,-0.3579545454545454,-0.07404986036128625,-0.25662878787878796,-0.08937764139915483,-0.3484848484848485,-0.07680350277351,0.01812688821752266,0.11143893404188808
CINELINE,2024-12-10,Promoter & Non Promoter,Cash,Micro,4499999.01,543.1062068965516,,-0.04593355321373993,-0.026666076624397683,-0.12613076413914837,-0.02450938939605629,-0.37765683606677936,-0.09375215097352019,-0.33632418915937345,-0.16907304267974033,-0.3288960800176509,-0.05721473430631241,0.01812688821752266,8285.670376912372
PCJEWELLER,2024-12-11,Non Promoter,Convention of loan,Small,0.0,17571.4,-0.6865588399330731,0.35730858468677495,0.36636790192664287,-0.18455423055082343,-0.05654472056732546,-0.2504258943781942,-0.012785935249034708,-0.3026689381033504,-0.22194308746924263,-0.43270868824531517,-0.2837478256673671,0.0,0.0
VERANDA,2024-12-11,Promoter & Non Promoter,Other,Micro,224.509,2615.1516289592755,0.07665646546956251,-0.24165673420738976,-0.23379735406587243,-0.13384901224737422,-0.005496852305108824,-0.2128692223106966,0.07085060731542736,-0.2727031433663216,-0.10952904199404073,-0.30519849846433855,-0.0382474631848575,0.017371601208459216,0.08584932418979678
NACLIND,2024-12-12,Promoter & Non Promoter,Cash,Micro,4999998.46,1247.5714285714284,0.08920187793427226,0.053395240858967075,0.07118768913205298,0.13329573228050395,0.2439456627582856,0.5922165820642977,0.8832811251392634,2.146456100770822,2.314897487403919,1.9727392366986276,2.2414820279327685,0.016628873771730914,4007.7853223405477
MBLINFRA,2024-12-13,Non Promoter,Cash,Micro,16.953,914.1447368421052,0.02602854743912686,-0.14060606060606062,-0.11855347366797764,-0.02927063339731295,0.0819214287731006,-0.4452975047984645,-0.14035072959495798,-0.29190658989123475,-0.10315841648646129,-0.49072296865003207,-0.2177021756757327,0.016628873771730914,0.01854520331054336
COMSYN,2024-12-16,Promoter,Cash,Micro,14.4,355.86600000000004,,0.11325478645066278,0.13889111963654843,-0.01558473432322982,0.07926132409562658,-0.021106884280279736,0.2697157188526653,0.6421646827831635,0.8202938000427156,0.7853724383359924,1.0464572191611516,0.018031555221637866,0.04046466928562998
BROOKS,2024-12-17,Non Promoter,Cash,Micro,49.9993,435.0462365591398,-0.06154662422071888,-0.07779164067373678,-0.05098511386720994,0.06996553742115896,0.1538456580099159,-0.22946875609597495,0.0306283685638023,-0.10059171597633132,0.06922050449196643,-0.3972950126796281,-0.15208733887895992,0.018140589569160998,0.1149287036602215
VARDMNPOLY,2024-12-18,Promoter,Cash,Micro,90.9248,648.5,-0.03238242097147259,0.19461883408071756,0.2305234624117134,0.04628949301983831,0.11916648159254739,-0.2718589272593681,-0.018147280938022092,-0.09772226304188103,0.06566786365099797,-0.5415135929463629,-0.29349694153622385,0.018867924528301886,0.14020786430223595
BORORENEW,2024-12-18,Promoter & Non Promoter,Cash,Micro,700.0,9252.516484716156,-0.15490711950888936,0.22285940280798888,0.2587640311389847,-0.07446285058225366,-0.0015858620095445808,-0.14539937674266046,0.10831226957868556,-0.12473347547974423,0.038656651213134774,-0.10718386091520427,0.1408327904949348,0.018867924528301886,0.07565509352577762
YASHO,2024-12-18,Non Promoter,Cash,Micro,125.0001,2481.784756554307,-0.07499817433850209,0.04391012810248207,0.0798147564334779,-0.06842692450725174,0.004450064065457338,-0.17034678319077712,0.0833648631305689,-0.04588136853849012,0.11750875815438888,-0.3249349200446262,-0.07691826863448714,0.018867924528301886,0.05036701900512488
BALAJITELE,2024-12-19,Promoter & Non Promoter,Cash,Micro,130.68,1079.4841182913472,-0.17592071179186852,0.3154261704681871,0.3579549324578843,-0.08070175438596494,-0.015803887498198166,-0.2799498746867167,-0.056786032878807124,0.16253132832080208,0.2896547834481558,0.40150375939849625,0.6350995599234306,0.01885369532428356,0.1210578254794946
THOMASCOTT,2024-12-23,Non Promoter,Cash,Micro,51.4437,708.2658426966292,-0.30721753369441995,0.8441463414634147,0.8890820443965168,-0.16045186444066784,-0.08616754887678962,-0.3332000399880035,-0.10563843168709564,-0.19364190742777165,-0.0759081484184358,-0.34059782065380384,-0.10598099726051885,0.01943198804185351,0.0726333205680721
PAISALO,2024-12-23,Non Promoter,Cash,Micro,196.6389,5050.410994764397,,-0.048086359175662396,-0.003150656242560279,-0.17568583239383695,-0.10140151682995874,-0.35306275836151824,-0.12550115006061036,-0.4032318677189026,-0.28549810870956677,-0.3267568583239384,-0.09214003493065342,0.01943198804185351,0.038935227292164816
AVROIND,2024-12-27,Promoter & Non Promoter,Cash,Micro,53.77,258.24071856287424,8.387651821862347,0.1536628945801073,0.22770070700826772,0.04615384615384621,0.16920996946419326,-0.28138957816377164,-0.03543073317373596,-0.1225806451612903,-0.02421052354207126,-0.41538461538461535,-0.20651201258630536,0.020209580838323353,0.20821658295885104
APOLLO,2025-01-09,Promoter & Non Promoter,Cash,Micro,788.5638,4814.654094292804,-0.11928306551297896,0.31459789349345413,0.3564945672372617,0.07565982404692084,0.12466088109237372,-0.012484289903644696,0.15675482239403582,0.5201508169250106,0.575313517123939,1.0599078341013826,1.2750537580998536,0.01788375558867362,0.16378410256611123
ZOTA,2025-01-09,Non Promoter,Cash,Micro,94.3,3511.8895752895755,-0.4981513433571605,0.6509363295880148,0.6928330033318224,-0.012016692644175264,0.036984364401277614,-0.15415556337674097,0.015083548920939549,0.20001005580974396,0.2551727560086723,0.3249534918799335,0.5400994158784045,0.01788375558867362,0.026851641538935465
SPARC,2025-01-14,Promoter,Cash,Micro,599.9858,5846.618375634517,,-0.17989492447696775,-0.047167499646349975,-0.17082979325969994,-0.07200177686574366,-0.13429623336165397,-0.015063786785116662,-0.08790710846785621,-0.05543490179745714,-0.2704616256018125,-0.027715846868679506,0.01639344262295082,0.10262099583930605
ABFRL,2025-01-15,Promoter & Non Promoter,Cash,Small,2378.75,11803.733469532144,1.8206437100442585,-0.22037812094097264,-0.11026244845288025,-0.06348345089527951,0.03103596361496963,-0.016277807921866505,0.03635591581166592,-0.2544636628389827,-0.29272752300771043,-0.36773356439700144,-0.24844134960857495,0.004,0.20152522133272843
ATL,2025-01-17,Non Promoter,Other,Micro,0.0,953.1991803278688,0.2998160637645617,-0.1685655100983946,-0.06574685438618799,-0.22259852216748766,-0.04842558528358076,-0.22660098522167482,-0.09266624830132797,-0.05080049261083741,0.008990630104567243,-0.29556650246305416,-0.028043137977072807,0.01488095238095238,0.0
SRGHFL,2025-01-22,Non Promoter,Cash,Micro,49.932,582.3897058823529,0.0,0.07227663995250833,0.15304308969943536,-0.13961131751929112,-0.00881778428856822,-0.12846527579308376,0.007601604384454619,-0.08802515004286926,-0.022847897457935695,-0.18791083166619038,0.036311297537102494,0.017830609212481426,0.08573640552995393
APOLLOPIPE,2025-01-27,Non Promoter,Cash,Micro,11000000.0,1857.1527559055119,,-0.1296444266879745,-0.05952967313347107,-0.11159211159211169,-0.025170772487908166,-0.04184704184704191,0.03918005140540942,-0.027898027898027977,-0.03204117669111073,-0.3552188552188552,-0.20579325618454336,0.025073746312684365,5923.045352635309
360ONE,2025-01-27,Non Promoter,Other,Mid,,43752.87334951456,-0.27552830802099304,0.08838152242120012,0.16019620404503937,0.025122155865949347,0.07060508872729382,-0.07477419673263908,-0.11530072492177001,0.039139233009229724,-0.04616563948040575,0.1525591036967573,0.0842354432718817,0.02666666666666667,
IFCI,2025-01-29,Promoter,Cash,Small,500.0,14580.814825581396,0.14407092722571102,-0.016071090943467592,0.10090000867895949,-0.2424410029498525,-0.11926341816422997,-0.24944690265486724,-0.21245263188138247,0.061578171091445366,0.006736058313371096,0.10619469026548667,0.14447837377560513,0.008,0.034291636371567666
JAIPURKURT,2025-02-03,Promoter & Non Promoter,Cash,Micro,4180000.0,96.63258426966293,-0.1302628978058905,0.17562630480166996,0.2892292295865466,-0.22487506940588564,-0.09528583359506032,-0.18378678511937807,-0.08669111802264945,-0.24356838793263014,-0.1747380780308917,-0.26873958911715723,-0.10290844800433652,0.024300441826215022,43256.63058265409
CELEBRITY,2025-02-04,Non Promoter,Cash,Micro,5.0209,92.74520766773163,0.14796283059328075,-0.056810403832991074,0.05556304810331719,-0.1410788381742739,-0.010872021978526658,-0.1362378976486861,-0.042007723390958485,-0.12793914246196414,-0.05323544319224072,-0.3810511756569849,-0.2006731378532045,0.023703703703703703,0.054136489919650005
SHAH,2025-02-05,Promoter & Non Promoter,Other,Micro,141.221,383.77388535031844,0.04415584415584406,-0.22857142857142865,-0.11829874807065688,-0.2004830917874395,-0.04624587906395983,-0.21497584541062797,-0.1334022759283392,-0.16183574879227047,-0.08495764297525787,0.14251207729468618,0.3349348090992724,0.022912047302291204,0.3679797020870504
HECPROJECT,2025-02-10,Promoter,Cash,Micro,9.03,123.71169642857143,0.12653916688498823,-0.24887836490528403,-0.13407760589200124,-0.09784106568672479,0.02406180844607997,0.06256316031235643,0.06401484011326897,0.5377124483233808,0.5511449372845708,0.06449242076251727,0.2026346653817092,0.03008070432868672,0.07299228982130831
GIPCL,2025-02-11,Promoter,Cash,Micro,8999996.12,2641.0768888888892,0.33317671932812587,-0.1017783191230206,0.021306400366635447,-0.05759285378467316,0.06825027733175931,0.1375176304654444,0.12667970770950243,0.11694875411377526,0.10722155292751245,-0.1909967089797837,-0.04587193663076006,0.027205882352941177,3407.6993963573436
BAIDFIN,2025-02-11,Promoter,Cash,Micro,18.1303,181.75436893203883,,-0.19848380427291512,-0.07539908478325907,-0.23558897243107768,-0.10974584131464521,-0.10944026733500423,-0.1202781900909462,-0.009189640768588192,-0.018916841954850994,-0.06766917293233088,0.07745559941669278,0.027205882352941177,0.0997516599272463
BAJAJHIND,2025-02-12,Non Promoter,Cash,Micro,2855.5368,5736.884102564102,-0.7863105175292153,-0.22107567229518454,-0.07763780934512654,-0.17841971112999144,-0.07242827421436449,-0.01869158878504662,-0.02981870093514194,-0.08028887000849616,-0.0976650600902026,-0.33942225998300757,-0.19830157235859797,0.027245949926362298,0.4977504772536222
INDTERRAIN,2025-02-12,Non Promoter,Cash,Micro,25.0,212.1164383561644,0.20716845878136203,-0.2620404953803813,-0.11860263243032332,-0.2556672119654124,-0.14967577504978546,-0.13063799953260102,-0.14176511168269634,-0.14816545921944368,-0.16554164930115012,-0.24772143024071047,-0.10660074261630087,0.027245949926362298,0.11785979527915011
VAISHALI,2025-02-13,Non Promoter,Other,Micro,12.246,205.99041916167667,,-0.09958506224066399,0.01999348182063876,-0.17896799477465708,-0.13595263979715438,-0.14565643370346182,-0.19925242568921897,-0.1815806662312215,-0.23928174341527852,-0.496407576747224,-0.3776169036927143,0.03237674760853569,0.05944936686782711
SIMPLEXINF,2025-02-14,Non Promoter,Convention of loan,Micro,283.7242,2094.479674796748,0.057744360902255654,0.09653416878793819,0.22225436379458618,0.06293835363602818,0.08177711844796481,0.04540420819490598,-0.031037027605072876,0.12070874861572545,0.047821693072064186,-0.26057585825027674,-0.15427255057397138,0.036818851251840944,0.1354628566770566
AFFORDABLE,2025-02-18,Non Promoter,Cash,Micro,1500000.72,535.3333333333334,,-0.3145299145299145,-0.14216310942220362,0.02630925788036742,0.025076107273522386,0.04058078927773656,-0.03835225372716278,-0.3072722759990071,-0.3603521167461704,-0.5503350707371557,-0.4510445892842917,0.03392330383480826,2801.9938729763385
CCCL,2025-02-24,Non Promoter,Cash,Micro,50.0,615.78,0.26262626262626276,-0.270718232044199,-0.0954142724406507,-0.01443298969072171,0.031312321766718,0.3731958762886598,0.28010299765273794,0.24742268041237092,0.18199833364307771,0.053608247422680444,0.1818733732523924,0.030014641288433383,0.08119783039397188
EMAMIREAL,2025-02-27,Promoter,Convention of loan,Micro,0.0,510.812220566319,0.31216174818748077,-0.07972372964972863,0.12419533996951626,0.3188073394495412,0.2790412372615724,0.11196830692243531,-0.046277641599967057,0.19568390325271046,0.06346914120534664,-0.3669724770642202,-0.2651915771956542,0.0344574780058651,0.0
SDBL,2025-02-28,Promoter,Cash,Micro,22.4,2303.4306905370845,0.011012818198230745,0.08214423447743924,0.31012984598823057,0.15595757953836564,0.07594020626184694,0.3480081989127528,0.15914139970798136,0.2136173246591213,0.05527680632468912,-0.3177969877907495,-0.24595265724377202,0.036683785766691124,0.009724625139372894
RETAIL,2025-03-05,Promoter & Non Promoter,Cash,Micro,1548000.0,30.85,0.3506212857914639,-0.09052631578947368,0.1970547173742267,-0.02796096016882077,0.005156664498099595,0.013189132155104089,-0.13171162075386245,-0.03350039567396457,-0.12530957659205644,-0.4695331047217093,-0.3170036048139322,0.019019751280175568,50178.28200972447
BOHRAIND,2025-03-07,Non Promoter,Cash,Micro,23.797,67.15428571428572,0.011378002528444897,,,0.09327548806941421,0.09650986356596847,-0.015184381778741929,-0.15731204135320997,-0.2200185931205454,-0.3303585864881402,-0.4595599628137589,-0.3130441160524742,0.024158125915080528,0.3543630871341048
KOLTEPATIL,2025-03-13,Non Promoter,Cash,Micro,417.03,3093.7492941176465,-0.05091590941872204,-0.11818300143173233,0.16966537660466974,0.0108060747663552,-0.0972053228638835,0.301693925233645,0.14302871657151095,0.3323598130841121,0.147174627898927,-0.05636682242990643,0.08460928444431431,0.021245421245421246,0.1347976065135359
MANAPPURAM,2025-03-20,Non Promoter,Cash,Small,4384.9448,20449.818037974685,,0.19662135705095918,0.3698092037756736,-0.030876323881106837,-0.03612461141605916,0.1654424325247692,0.06766808488595477,0.22544414075845576,0.14607944212678925,0.07234369661769735,0.18693059387685834,0.012,0.21442463653501914
MITTAL,2025-03-24,Non Promoter,Cash,Micro,0.0119,78.63857142857144,0.016949152542372836,-0.1863636363636364,0.0387259693711306,-0.02840909090909094,-0.05027979242215841,-0.13636363636363635,-0.2726858109508844,-0.09659090909090906,-0.1668273289107668,-0.5056818181818181,-0.33335041625997003,0.02040816326530612,0.0001513252311660944
IDEA,2025-03-28,Non Promoter,Other,Mid,36950.0,73606.86153846153,0.47058823529411775,-0.07362784471218209,0.01015016363154947,-0.15061728395061724,-0.1836188315408832,-0.07530864197530862,-0.21632891855011716,0.08888888888888902,0.004764483433966071,0.12592592592592577,0.09009309376906727,0.02,0.5019912441273243
MINDACORP,2025-03-28,Promoter,Cash,Small,420.75,12901.954834054832,,0.08387876346792877,0.21529086721432655,-0.1224846090232472,-0.11179225361039286,-0.046402646329137154,-0.17508931400729977,0.08113571625470906,-0.013522908853947802,-0.05467242488284485,-0.010609382649954147,0.016,0.032611337228481564
PARAGMILK,2025-04-03,Promoter & Non Promoter,Cash,Micro,161.19,2279.347058823529,,-0.103331031185252,0.13233627176519774,0.09500489715964755,0.11240996045078666,0.3634844731232356,0.21106661076062194,0.6713717808377027,0.580883715287293,0.2721668491098692,0.3384803668654116,0.03275109170305677,0.07071762037115893
RSWM,2025-04-09,Promoter,Cash,Micro,36.062,655.7018181818182,,-0.24662731871838106,0.000793850802379148,0.11245734976672916,0.02933550504785687,0.16865120813313839,0.01001666998052797,-0.009957523849314143,-0.08746187524388294,0.0900355128472945,0.12148712575052023,0.04008746355685131,0.054997559866458136
SILGO,2025-04-11,Non Promoter,Cash,Micro,33.4824,144.9937321937322,-0.7799295774647887,0.2859922178988328,0.5331522338766698,0.08592155973702109,0.023679064151382656,0.23645431874858303,0.10437093795743535,0.42688732713670374,0.3795535068299105,0.8088868737247792,0.8629842092223187,0.03641660597232338,0.23092308538732392
RACLGEAR,2025-04-11,Non Promoter,Cash,Micro,79.9999,971.8965517241379,-0.034545454545454546,-0.13510175273497238,0.11205826324286461,0.021111721276465767,-0.04113077430917267,0.12435169931051315,-0.007731681480634522,0.34224174751357617,0.29490792720678294,0.5844773933736043,0.6385747288711437,0.03641660597232338,0.0823131843178996
IDFCFIRSTB,2025-04-17,Non Promoter,Cash,Mid,7499.2823,54262.03931203931,,0.0672509691555705,0.06675428965336616,0.0004501800720289051,-0.031717547344147445,0.09678871548619461,0.006351378694953835,0.15441176470588247,0.07935484860793063,0.05447178871548619,0.012901481920676083,0.013333333333333334,0.13820494760387872
ADANIPORTS,2025-04-17,Promoter,Other,Large,17244.0363,292117.03291139245,-0.04795934572018423,0.1558618103407865,0.0898550844530226,0.11382833239481949,0.09998374827013401,0.1608881023248332,0.13034365789910707,0.18011423055265063,0.13196562728696337,0.31003137317995333,0.281155623647226,0.0,0.059031259246120765
DEVYANI,2025-04-24,Non Promoter,Other,Small,419.3078,22073.890153846154,-0.01328421522661305,-0.05158258615102074,0.0024081103287337258,-0.01843607305936068,-0.08744437180068354,-0.0035388127853880347,-0.12814654137293702,-0.06986301369863002,-0.14232220316525668,-0.3049657534246575,-0.29229355242071914,0.036,0.018995645854790112
VASWANI,2025-05-08,Promoter,Cash,Micro,8.0,127.68423423423424,0.28766417718259074,-0.2404692082111436,-0.11063433215779428,0.20561237870443216,0.06012788790015011,0.3902439024390243,0.2859331049010331,0.6839758720167843,0.6101319413809461,0.4563335955940204,0.4924376602509728,0.04426705370101597,0.06265456379935017
MCLOUD,2025-05-12,Non Promoter,Other,Micro,35.04,4307.398406374502,0.025290498974709363,,,0.047600262984878405,-0.04316394688073566,0.14477317554240643,0.11983662239856796,-0.20683760683760677,-0.21728147106737183,-0.6738987508218277,-0.5758895624604188,0.03400868306801737,0.00813484073080968
KANPRPLA,2025-05-15,Promoter & Non Promoter,Cash,Micro,13.156,436.38273092369474,0.13742772132712067,0.1739159573755109,0.27024001239165724,0.014752424706482747,-0.013830039565436714,0.12159264931087277,0.13647314157069568,0.03899948953547727,0.07353773446392964,0.05400714650331784,0.1783107808687251,0.03340595497458242,0.030147847446099878
CENTRUM,2025-05-16,Promoter,Cash,Micro,199.9999,1393.0102040816325,0.20631578947368423,-0.08532536520584333,-0.0004311107054543184,0.09604715672676845,0.08551823344908949,0.33529819694868235,0.36682183968073134,0.14181692094313458,0.19470744984842359,-0.20596393897364773,-0.08238987585350177,0.03555878084179971,0.14357389444383403
PRECWIRE,2025-05-19,Non Promoter,Cash,Micro,6266500.0,3334.8351422764226,-0.17346324374623678,0.05961661341853053,0.12520277903377436,-0.009626686069289736,-0.02245879776302495,-0.039010466222645146,-0.029558923059451236,0.4309061398108245,0.47752336428428066,1.5580679464935359,1.6736646815475837,0.03475742215785663,1879.103383720002
VERANDA,2025-05-19,Non Promoter,Other,Micro,73.7001,2051.931221719457,0.03853383458646609,-0.1713199477248426,-0.10573378210959877,0.0140035733256072,0.001171461631871984,0.06369211453957213,0.07314365770276604,0.06026365348399243,0.1068808779574486,0.14558887440243384,0.26118560945648184,0.03475742215785663,0.03591743193918631
ASTRAMICRO,2025-05-20,Promoter & Non Promoter,Cash,Micro,173.9997,10269.941142333539,,0.5446651007189123,0.578024572853281,0.005229887671108324,0.014101786113116521,-0.0815407703851927,-0.07561515220668219,-0.09654827413706857,-0.04583144755420787,0.2709991359316022,0.3818997730936481,0.03701015965166909,0.01694261900710988
KRIDHANINF,2025-05-20,Promoter & Non Promoter,Cash,Micro,41.5935,41.0,0.0771276595744681,-0.11904761904761907,-0.08568814691325033,0.20157068062827221,0.2104425790702804,0.020942408376963373,0.02686802655547388,-0.023560209424083767,0.02715661715877693,-0.19633507853403143,-0.08543444137198553,0.03701015965166909,1.0144756097560976
YUKEN,2025-05-23,Promoter,Cash,Micro,59.9184,1509.024491600354,-0.0706100819783505,0.341436259046205,0.3339019180134528,0.09037234549090578,0.090469062326331,-0.03513951052280717,-0.02141880309739924,-0.16398438243976754,-0.0775621555137147,-0.353680601847443,-0.2220640067115346,0.03636363636363636,0.03970671141092959
SIMPLEXINF,2025-05-27,Non Promoter,Convention of loan,Micro,34.4862,2238.1798780487807,0.016710642040457246,0.04540420819490598,-0.027522864732166807,-0.016654727793696145,-0.028490512471554874,0.055336676217764946,0.08683412474847052,-0.004835243553008461,0.07574632372151102,-0.10243553008595985,0.030471385629101955,0.03335750543872371,0.01540814495663533
ITI,2025-05-27,Promoter,Cash,Small,59.0,29852.681910569107,-0.029102667744543287,0.09375607858393287,-0.0549898573194576,-0.05762163751286187,-0.07609283052254534,-0.1531677201234748,-0.11965213696835336,-0.07658386006173734,-0.024053656641465915,-0.11274437748052324,-0.041127403459793654,0.02,0.0019763718441361045
VIRINCHI,2025-05-28,Non Promoter,Cash,Micro,24.0,265.39924812030074,0.0552975939214857,-0.05490036600244008,-0.1552597954082584,-0.08875,-0.10403198136751346,0.18208333333333337,0.22135951727904413,0.006666666666666599,0.08972742311451981,-0.3654166666666666,-0.22529647883599213,0.03403330919623461,0.09042979650462774
ZODIACLOTH,2025-05-28,Promoter,Cash,Micro,15.0,303.77901049475264,-0.07994251324889956,0.17775434897206122,0.07739491956624289,-0.025741866285305615,-0.04102384765281908,-0.135770468358956,-0.09649428441324526,-0.19869503038970315,-0.11563427394184994,-0.3336610654272435,-0.19354087759656902,0.03403330919623461,0.04937800006514639
RKEC,2025-05-28,Promoter,Convention of loan,Micro,15.006,209.1418181818182,0.011596348383913213,0.20789394395902394,0.10753451455320562,0.055198973042361876,0.03991699167484841,-0.13812580231065474,-0.09884961836494399,-0.2681643132220797,-0.18510355677422646,-0.6065468549422337,-0.4664266671115592,0.03403330919623461,0.07175035643495496
VSSL,2025-05-29,Non Promoter,Cash,Micro,384.9088,2648.6226433915213,-0.051915450940444474,0.34007516566116114,0.2658253698641949,-0.08888579774655725,-0.11338017976902914,-0.11896647656141335,-0.07642452612390788,-0.016900820698289132,0.06404145908288761,-0.05324106273473361,0.09838231388864305,0.030434782608695653,0.14532413704170788
MANINDS,2025-06-02,Promoter & Non Promoter,Cash,Micro,299.9997,3025.0418963616316,-0.18660880347179165,0.5520016508460586,0.49372545293567816,0.07014181678804143,0.05245794991581865,-0.006004854989140163,0.01882912305424783,0.1512712405774881,0.24390394642538654,0.3510923725565349,0.49643578319353787,0.03176895306859206,0.09917208100847283
RKFORGE,2025-06-02,Promoter,Cash,Small,204.75,11216.092948717947,2.469640644361834,-0.14359372792767333,-0.29506809474524354,0.10185570441874003,0.08783960934117307,-0.03769659648830814,-0.003214492011008374,-0.11067654156611462,-0.040318138249173185,-0.07447782308396433,0.023991921883286638,0.02,0.01825501990186377
ATALREAL,2025-06-11,Promoter & Non Promoter,Cash,Micro,38.27,235.0015873015873,-0.15164369034994696,0.5533731853116994,0.3920929916235405,0.06581740976645434,0.07188432868848821,0.027600849256900206,0.0674505961130164,0.2823779193205944,0.41275922313363256,0.6305732484076432,0.761553314852826,0.03095752339812815,0.1628499638638037
KELLTONTEC,2025-06-16,Promoter & Non Promoter,Cash,Micro,69.3,1386.378125,,0.16718819848010713,0.029147366863699453,0.09199384141647426,0.07189333890391159,0.03618167821401075,0.053377223812363706,-0.3133179368745189,-0.18870641669841237,-0.40107775211701313,-0.28585051969361064,0.033837293016558675,0.04998636284743745
TIRUMALCHM,2025-06-19,Non Promoter,Cash,Micro,450.625,3538.814304635762,-0.0529266958424508,0.22429119096768768,0.06247983369256538,0.0890862318074499,0.05502234674666673,0.14441272861824728,0.13985606878484047,-0.1789829791732741,-0.08408535129803762,-0.4120590619163407,-0.30865056952838965,0.03741007194244604,0.12733784855839766
MOKSH,2025-06-20,Promoter,Cash,Micro,13.5,129.81294885745376,0.01971447994561526,0.18780487804878043,0.033033078932397264,-0.04477611940298509,-0.07833759271598761,0.014925373134328401,0.012426300000949353,0.02578018995929443,0.12056432158294184,-0.2021709633649933,-0.09647808283024828,0.03741007194244604,0.10399578870074208
UGROCAP,2025-06-20,Non Promoter,Cash,Micro,911.1973,2611.1976105137396,0.5678821712792494,0.08613309119211321,-0.06863870792426996,0.00242158671586723,-0.03113988659713529,-0.027559963099631046,-0.030059036233010095,-0.008879151291512843,0.08590498033213456,-0.4361162361623616,-0.3304233556276166,0.03741007194244604,0.3489576186540423
UNITEDPOLY,2025-06-23,Promoter,Cash,Micro,43.3555,430.5269473684211,,0.2371967654986522,0.09958925963469589,0.20369393139841696,0.18043862437698577,1.3324538258575198,1.3413683886873586,0.39788918205804746,0.5032266573475136,0.7097625329815302,0.8226798433865816,0.03799283154121864,0.10070333637652365
WSI,2025-06-27,Promoter & Non Promoter,Cash,Micro,440.0,694.6577777777777,0.626060474222319,0.12170233947237441,0.025265229527331345,-0.05993388077210182,-0.028944187139460342,-0.19270555614802165,-0.12567652752613767,-0.05140236749493432,0.07778255800900957,-0.3323024421456756,-0.18325142351429824,0.03235082674335011,0.6334054178556348
PFOCUS,2025-07-03,Promoter & Non Promoter,Other,Small,5552.0333,12447.31408227848,-0.24873223564765534,0.8021808569225686,0.6619860313465191,-0.0713510907556949,-0.027615827636859824,0.05737013378329525,0.10882814855598755,0.47239966252862486,0.5701337188497433,0.6517415933469928,0.729556149270556,0.008,0.4460426774242448
VINCOFE,2025-07-04,Promoter & Non Promoter,Cash,Micro,215.76,2078.907166666667,-0.12485002470181383,0.47063767202437234,0.323498432056714,0.08416349252856703,0.12818762642606885,0.0661441547026076,0.12276111164113734,0.27695575739818334,0.402720712992638,0.16312628186346312,0.2964596151967964,0.032904148783977114,0.10378529809291627
TITAGARH,2025-07-09,Promoter,Cash,Small,19999996.04,12675.632640586797,,0.1939524291497976,0.02733087264742251,-0.15461149715729616,-0.08376315535827705,-0.052274162981680306,0.00010409260127808295,-0.15977047799536748,-0.019318033956063074,-0.0869656769846282,-0.00996218048825337,0.012,1577.8302043845074
PCJEWELLER,2025-07-10,Promoter & Non Promoter,Cash,Small,499.9998,18355.4,-0.6999466097170315,0.4696969696969697,0.2551278454972583,-0.2270893371757926,-0.16598556954816096,-0.2835734870317004,-0.23398484683778992,-0.40691642651296844,-0.2797214743046107,-0.41902017291066285,-0.349806855925485,0.012,0.027239929394074765
LEMERITE,2025-07-10,Non Promoter,Cash,Micro,35.6288,832.3356783919598,3.8105832832230915,0.11009648518263271,-0.09114801322380228,-0.042490410150486824,0.023083360341316417,0.37046326349955727,0.4299023075215992,0.36102095013278257,0.5251081686685574,-0.7044850988492181,-0.564382081925009,0.030736240171551108,0.04280580650926013
RELIGARE,2025-07-11,Promoter & Non Promoter,Cash,Micro,1499.9999,9323.282620087335,-0.13232905036183717,0.14637376689806358,-0.029574897852080895,-0.055118110236220486,0.003567678461905033,-0.03062954451267752,0.04066046518664346,-0.08258297856308638,0.07823120033472586,-0.014052669253663885,0.1346439858789774,0.02926481084939329,0.16088752868739584
SIRCA,2025-07-14,Non Promoter,Cash,Micro,76.32,2376.148048780488,-0.09275639493186716,0.6667320902845928,0.4851243472501876,0.12274978857073804,0.1872253350403087,0.21191252869397115,0.2848327038371171,0.1873867343240303,0.35924059088695315,-0.04953485562401838,0.11378631225919333,0.026297085998578537,0.03211921077020843
ATL,2025-07-15,Promoter,Cash,Micro,38.28,861.1520491803279,,0.273717657739446,0.12056361835343765,-0.13083802583636972,-0.05397257782917775,0.14474991719112285,0.2218862416062175,-0.17456111295130838,0.014540952182101718,-0.24445180523352106,-0.07694071109061024,0.02565930149679259,0.04445208025276852
ISHANCH,2025-07-16,Promoter & Non Promoter,Cash,Micro,63.0,170.86882845188285,0.025891548607718695,0.43514744665547833,0.30666926046516574,-0.030483870967741966,0.04137992831541215,0.1262903225806451,0.2098583365881312,-0.022580645161290325,0.19126705246386289,-0.1509677419354839,0.012236678300009851,0.02849002849002849,0.36870387987555603
AURUM,2025-07-23,Non Promoter,Other,Micro,86.45,1491.6113793103448,-0.019181523892351504,0.1784788245462403,0.10230521958609873,-0.12860931792023222,-0.07791933622727404,-0.13826752739828863,-0.07516274821653951,-0.10043537006455494,0.10379117978259139,0.09402992543662103,0.2480169626683419,0.029160739687055477,0.05795745540636105
BORORENEW,2025-07-23,Non Promoter,Cash,Micro,376.0224,9221.5346069869,-0.15206783457323403,0.19365994236311224,0.11748633740297065,-0.13450877733292277,-0.08381879563996458,0.03195257160455811,0.09505735078630723,-0.18855866954111478,0.015667880306031556,-0.14698182938096693,0.007005207850753925,0.029160739687055477,0.04077655358090814
ARIHANTCAP,2025-07-25,Non Promoter,Cash,Micro,91.35,1112.7866220735787,-0.14235015772870663,0.4823907642846703,0.37593758096666297,0.10392725092435295,0.14340554224087965,0.0650544618766864,0.09473620960543921,-0.19666233636454478,-0.01878148974839622,-0.2230438692914959,-0.09644339894919107,0.03553660270078181,0.082091209750327
POONAWALLA,2025-07-25,Promoter,Cash,Mid,1499.9848,36313.61779279279,0.09487055407694167,0.13682965299684557,0.03313052106350034,0.021276595744680993,0.04254582055664835,0.15963389991679544,0.12600312471030517,-0.05146796624271954,0.0018431178927976188,0.14287412338048266,0.14179342543749746,0.02,0.04130639939427087
INNOVANA,2025-07-28,Promoter & Non Promoter,Cash,Micro,37.066,1105.7610921501707,-0.18984962406015038,0.6298475931794172,0.5377333769202128,-0.054512873714986254,-0.00537901296048976,-0.0780911062906724,-0.040549735132279885,-0.36150146185041965,-0.1744856872399267,-0.37413939451098743,-0.236068481049449,0.03611898016997167,0.03352080323962616
TI,2025-07-29,Promoter & Non Promoter,Cash,Small,2295.629,12631.515526802219,-0.25105381825311246,0.7096124811273277,0.6147722366898143,-0.03521974714027698,0.005283394947185993,0.059803331326510056,0.08350975592874826,-0.15954244431065623,-0.01597609759715357,-0.015151515151515138,0.02426901007238491,0.016,0.18173820830358897
HIRECT,2025-07-29,Promoter,Cash,Micro,27.3646,3036.2814298169137,0.07522485690923952,0.5717181063159518,0.5034087232006222,-0.19899554143391585,-0.15807142751980108,-0.05017168041818265,-0.007904436815580729,-0.3661661456464921,-0.1687385294576741,0.3428996053912776,0.47975304761520426,0.03127221037668799,0.009012537418723425
JIOFIN,2025-07-30,Promoter,Cash,Large,15825.0,211051.13133640552,-0.011863877614736174,0.23300821749481604,0.19674488240375232,-0.05315110098709186,-0.04749593472678054,-0.0681852695520121,-0.1016854915355534,-0.19848139711465462,-0.225645626093826,-0.2285497342444951,-0.245320442097695,0.01,0.0749818297575278
MEDIASSIST,2025-08-07,Non Promoter,Cash,Micro,198.0035,4066.029139072847,-0.017086165717435153,0.2441203075531433,0.1469576311236429,-0.032070240295748675,-0.04701233966070961,-0.13724584103512016,-0.11556642633925601,-0.2259704251386322,-0.11798305820591631,-0.35896487985212566,-0.2580175346009962,0.040931545518701484,0.04869701943285866
LLOYDSME,2025-08-12,Non Promoter,Other,Mid,285.8867,77813.6501061571,-0.4640787949015064,0.044409377817854034,0.04534766261878981,-0.06392015289870456,-0.09195725176428116,-0.10865718128406598,-0.15682730354861307,-0.15905712465491617,-0.14823551848791505,0.3208041339279395,0.3050981338295674,0.02,0.0036739916404124433
TEAMGTY,2025-08-13,Non Promoter,Other,Micro,64.08,262.0889361702127,,0.6453003736705951,0.6515491218244804,-0.17895840615169523,-0.20986527886417983,-0.12548060118839577,-0.0970956370978579,-0.0706046836770362,0.05358186561699091,-0.1960153792380287,-0.10290029614581114,0.04025423728813559,0.24449715785935913
KANPRPLA,2025-08-13,Promoter,Acquisition of assets,Micro,0.0,538.2698795180722,-0.07787183688330601,0.22236568798068834,0.22861443613457366,0.07768518518518519,0.04677831247270059,-0.06694444444444447,-0.038559480353906606,-0.07282407407407399,0.05136247521995313,0.2775925925925924,0.37070767568480995,0.04025423728813559,0.0
TEMBO,2025-08-19,Promoter & Non Promoter,Cash,Micro,118.08,1085.5771230502598,7.404509736932013,0.19399632428017144,0.20833563848132047,0.019503250541756945,0.009827731559149844,0.29138189698283035,0.3602655074341369,-0.09901650275045848,0.06147088583289062,-0.038173028838139667,0.07846070471560979,0.03380281690140845,0.10877163629629394
FOSECOIND,2025-08-22,Non Promoter,Other,Micro,0.0,4870.270040235221,-0.12287525119802134,0.22308195292066269,0.2307828994953458,-0.11216247403646429,-0.11202717434765352,-0.20570813139472266,-0.13564371733663716,-0.25340410800830837,-0.08405062354147386,-0.02938687591353184,0.09335725126354338,0.03727144866385373,0.0
KINGFA,2025-08-22,Non Promoter,Cash,Micro,499.9992,6120.884125269979,-0.2304450999090728,0.33971306287298786,0.347414009447671,-0.015178468291555891,-0.015043168602745127,-0.031627584613607373,0.03843682944447813,0.037403257479496244,0.20675674194633076,0.393092295252397,0.5158364224294723,0.03727144866385373,0.08168741472098134
MAXIND,2025-08-25,Promoter & Non Promoter,Cash,Micro,80.355,1223.7689440993788,0.018582243633860962,0.19873300202064326,0.2167409701481332,0.035197930620352036,0.03040996892404557,-0.051180193080511804,0.005653374067717654,-0.2808905723128089,-0.12228378954470631,-0.3168275670931683,-0.20344232758214742,0.03927068723702665,0.0656619048779151
DRCSYSTEMS,2025-08-26,Non Promoter,Cash,Micro,25.0,261.6333333333334,0.3609145345672291,-0.07894736842105265,-0.061195327410989986,0.05497925311203322,0.05945767048343681,-0.07987551867219933,-0.029190235630835504,-0.20850622406639008,-0.052751643049301356,-0.303941908713693,-0.19473043908571752,0.04207573632538569,0.0955535737036565
ORCHASP,2025-09-01,Promoter,Other,Micro,8.6,99.4921875,0.1307420494699647,-0.14240506329113933,-0.09539157581522417,0.02076124567474058,0.035267679178640376,-0.02422145328719738,0.056207096584539595,-0.20069204152249132,-0.0015890029200262834,-0.5294117647058824,-0.4121615275086649,0.04120111731843575,0.08643894778170397
HUBTOWN,2025-09-01,Non Promoter,Cash,Micro,50059649.09,4989.775549450549,-0.42718029500214805,0.9909208819714657,1.0379343694473808,-0.1691263282172374,-0.1546198947133376,-0.11452184179456915,-0.03409329192283217,-0.36224911452184183,-0.1631460759193768,-0.45230224321133417,-0.3350520060141167,0.04120111731843575,10032.445065692853
SALSTEEL,2025-09-04,Non Promoter,Cash,Micro,9900000.0,266.6639757820384,-0.025974025974025983,-0.004966887417218513,0.021475622065307343,0.24131709517365807,0.2594049504708158,0.5692377086152456,0.6864123862236863,0.9454217410915651,1.1587422044120284,2.374379792512404,2.504532377345016,0.04122990915443746,37125.37462537462
AURIONPRO,2025-09-05,Non Promoter,Other,Micro,0.0,7124.03536977492,,-0.053176643408005986,-0.019011897297548763,-0.12590216519647157,-0.09958637572278739,-0.13616680032076978,-0.026378755548204902,-0.28829190056134724,-0.07273969718777074,-0.43973536487570175,-0.28838750559338533,0.03424178895877009,0.0
SUNTECK,2025-09-05,Promoter & Non Promoter,Cash,Micro,499.9999,6561.956678700361,-0.05070359615814157,-0.09283236994219646,-0.058667623831739235,-0.05788838943098351,-0.03157259995729933,-0.11336476263567585,-0.0035767178631109786,-0.24931476811753095,-0.03376256474395445,-0.3943646529985747,-0.24301679371625828,0.03424178895877009,0.07619676942137757
BOHRAIND,2025-09-12,Non Promoter,Cash,Micro,1240000.0,53.422040816326536,,-0.18132220795892162,-0.13897777212106976,-0.14656843737882896,-0.10294580569707878,-0.24893369523070952,-0.1384379605562588,-0.3253198914307872,-0.09345814092354587,-0.4858472276075998,-0.3441761583837188,0.03910614525139665,23211.39329482595
MAGNUM,2025-09-15,Non Promoter,Cash,Micro,6.0,197.5327956989247,0.03698582786035254,0.03792851932895691,0.07395521223599288,-0.1162876008804109,-0.07195716910546424,-0.12986060161408663,-0.008416420649749512,-0.32611885546588404,-0.07492007409695528,-0.3030080704328687,-0.16163626419445493,0.0383008356545961,0.03037470298929537
SEJALLTD,2025-09-15,Promoter & Non Promoter,Cash,Micro,94.35,773.600296735905,-0.1835834068843777,0.3305589806822853,0.36658567358932126,0.056462346760070004,0.10079277853501667,0.18122591943957977,0.3026701004039169,-0.30942206654991244,-0.058223285180983686,-0.01982486865148858,0.1215469375869252,0.0383008356545961,0.12196220761302216
KMEW,2025-09-17,Promoter & Non Promoter,Cash,Micro,284.8097,3078.0851249178177,0.5610237029125416,0.3926330467115966,0.4123163399200893,-0.10640928488812673,-0.05474152818439881,0.3024368842978502,0.42594792382012575,0.15111873329876735,0.4404254828914545,1.285406612690942,1.4395528077927686,0.03484320557491289,0.09252820777905037
GPIL,2025-09-18,Promoter & Non Promoter,Cash,Small,500.0,17546.526351351353,-0.0593926363880678,0.46657798470236145,0.4440723218672048,-0.02185625310458128,0.004981048173259395,-0.0779870849413472,-0.002225738679749345,0.006457529326353573,0.21862207673166761,-0.13851209353864957,-0.01470716366119501,0.024,0.028495668600611215
EMKAY,2025-09-22,Promoter & Non Promoter,Cash,Micro,227.525,883.1419424460431,-0.24105586716101024,0.1605472197705209,0.15920573817862937,-0.13924685750501753,-0.10014071225362087,-0.30667053976972636,-0.19666990473304413,-0.47625963874511457,-0.18434131835397272,-0.26534276962078807,-0.102837072552879,0.02914642609299098,0.2576312923943152
BCONCEPTS,2025-09-23,Promoter,Cash,Micro,19.9958,474.125,,-0.07586610144715678,-0.07444545428797811,-0.13324106693507798,-0.10190695009488265,-0.1693507800704579,-0.0618097964639005,-0.4973578258681429,-0.17956163684337306,,,,0.04217411020300554
GAYAPROJ,2025-09-25,Promoter & Non Promoter,Cash,,314.0,,,,,,,,,,,,,,
SUPREMEINF,2025-09-29,Promoter & Non Promoter,Cash,Micro,1108.3425,1046.8741542625169,-0.19087947882736156,-0.07618375804602773,-0.014802015849345151,-0.13332692492550235,-0.1380576381714994,-0.155532058060175,-0.07914847027391547,-0.36287609343458616,-0.14993187367642274,,,,1.0587160791841166
CAMLINFINE,2025-09-29,Non Promoter,Other,Micro,10170599.7189,3838.4446351931333,0.23795481807277086,-0.3569444020395077,-0.29556265984282515,0.0034832496670422763,-0.0012474635789547772,-0.24787419321790793,-0.1714906054316484,-0.46798483761909637,-0.25504061786093296,,,,2649.666905613258
SAMMAANCAP,2025-10-03,Non Promoter,Cash,Small,8849.9999,19108.546642335765,-0.15772889777616195,0.2469117647058825,0.2816728729889164,0.15855945979742403,0.17733264427556822,-0.06777541578091784,-0.022656147098679802,-0.025634612979867466,0.089913055362832,,,,0.4631435381062663
ZAGGLE,2025-10-03,Promoter & Non Promoter,Cash,Micro,59.9999,4673.493641618497,,-0.18390115163147802,-0.12423409922496254,-0.0068907326676979075,0.02470990850473176,-0.04921951905498523,0.04762177632983888,-0.2927295738995922,-0.11527471989365878,,,,0.012838339923197408
IXIGO,2025-10-10,Non Promoter,Cash,Small,1295.5626,14028.633128834357,-0.12032673578385178,0.7588165813600316,0.8053509911163259,-0.13421667965705386,-0.11964401509223,-0.29649259547934526,-0.2251635071489131,-0.4470459859703819,-0.35955136221765005,,,,0.09235130665275645
ASIANHOTNR,2025-10-14,Non Promoter,Cash,Micro,764.94,1420.2921126760561,-0.006472979075718754,-0.07277960526315796,-0.0074742619128435606,0.00987284966342572,0.031345690675871285,-0.05579655946148088,0.06281014247855443,-0.11428571428571421,0.0034742619539777087,,,,0.5385793479897114
VIRINCHI,2025-10-15,Promoter & Non Promoter,Cash,Micro,56.0,314.5804511278195,-0.10968660968660959,-0.03815744242007557,0.03641727899953978,-0.07018787663948955,-0.03781117583255583,-0.24920241049273306,-0.11611453226849561,-0.35696561503013113,-0.23720308506095655,,,,0.17801487600145321
WELENT,2025-10-15,Promoter & Non Promoter,Cash,Micro,1000.0,7788.238021534321,,0.0137367915465898,0.08831151296620515,-0.0023919043238269655,0.029984796483106757,-0.08160073597056117,0.05148714225367629,-0.06384544618215271,0.05591708378702187,,,,0.128398746575929
INDIAGLYCO,2025-10-16,Promoter & Non Promoter,Cash,Micro,466.9945,1354.553648208469,3.534866432076126,-0.050104384133611624,0.02662802237571038,0.14869775893397952,0.18313433823376912,-0.10902483343428226,0.04353453794876022,-0.015798505955986197,0.11297096178318877,,,,0.34475895481706936
RBLBANK,2025-10-20,Non Promoter,Cash,Mid,26853.28,50728.826054590565,-0.14281340884739013,0.11603815769861381,0.13645344298913908,-0.037578931156630135,-0.018442684371169638,-0.08763283536115818,-0.014777090658269154,-0.012012937009086677,0.04323256034505252,,,,0.529349525476945
FEDERALBNK,2025-10-24,Non Promoter,Cash,Mid,6196.5108,56210.123659305995,,0.07278719397363465,0.0853842681719928,0.09541104084771845,0.11283646127731045,0.2153905315330713,0.28831301385434355,0.23547256879165945,0.297847977406713,,,,0.110238341362804
TIRUMALCHM,2025-10-29,Promoter,Cash,Micro,56.14,3408.988410596027,0.0505767524401064,-0.05781620888436745,-0.004794332725672645,-0.17532124625946144,-0.11091645724686572,-0.3486005984861821,-0.17947087763232328,-0.21830663615560641,-0.1169011351944993,,,,0.016468228470798613
MAANALU,2025-11-04,Promoter & Non Promoter,Cash,Micro,83.19,879.06,-0.03760835437854071,0.20711488794468047,0.24243072313951786,0.07677902621722854,0.14070150082331628,0.08261307980409094,0.20655424585052007,0.021895707288965616,0.14062307407634267,,,,0.09463517848611017
EASEMYTRIP,2025-11-04,Non Promoter,Other,Micro,514.067,3154.407849829351,0.15889029003783106,-0.19450101832993894,-0.15918518313510155,-0.03990024937655856,0.02402222522952918,-0.17331670822942635,-0.04937554218299722,-0.016209476309226867,0.10251789047815019,,,,0.16296782929569817
TREJHARA,2025-11-06,Promoter & Non Promoter,Cash,Micro,185.9352,578.6831654676258,,0.05034366607492369,0.081397072580077,0.023255813953488413,0.10696776306752753,-0.2512810405991328,-0.12435432217459197,-0.3943634213638155,-0.27214971014206135,,,,0.3213074288237647
MUFIN,2025-11-06,Promoter & Non Promoter,Cash,Micro,45388191.38,2398.7045454545455,-0.1934156378600823,0.3958997722095672,0.4269531787147205,-0.11816984858459512,-0.034457899470556,-0.06204739960500327,0.06487931881953757,-0.0642692560895326,0.05794445513222157,,,,18921.959966269675
SHREEPUSHK,2025-11-10,Promoter,Cash,Micro,29.9999,1219.1028397565924,,0.030938647089669757,0.07463948229794143,-0.02827036751477774,0.03820784359778656,-0.09213569776407093,-0.0031544724808345026,-0.008866615265998523,0.12709482388015392,,,,0.02460817826163855
WINDMACHIN,2025-11-10,Non Promoter,Other,Micro,24.9999,3104.179833333333,0.13287648336954705,-0.12403686357455812,-0.08033602836628645,-0.05717151454363101,0.009306696568933293,-0.11685055165496505,-0.02786932637172862,-0.07355399531929119,0.06240744382686125,,,,0.008053624900060827
RKFORGE,2025-11-12,Promoter,Cash,Micro,1.9992,9978.199501424502,2.9000835732194257,-0.060044990482782334,-0.026541434906015238,-0.0718395971947492,-0.008709978617170488,0.04010070131271348,0.14413706200150467,0.003236827908649431,0.12893555228875542,,,,0.0002003567877866735
ZODIACLOTH,2025-11-12,Promoter,Cash,Micro,15.0,269.4254872563718,0.037370872999797466,-0.00965989132622247,0.023843664250544627,-0.0730265934993668,-0.009896974921788093,-0.10341916420430575,0.0006171964844854383,-0.1877374419586324,-0.062038717578526414,,,,0.05567402012611654
GCSL,2025-11-13,Non Promoter,Cash,Micro,3.0,884.6518343195265,0.06977531895675737,,,-0.0315333494766864,0.027550987872711152,-0.097182984905965,0.015947477554398737,0.06357790513089556,0.18267620073194862,,,,0.003391164618233791
SPMLINFRA,2025-11-13,Non Promoter,Other,Micro,31.5864,1770.9391304347826,-0.43240137878207585,-0.2099727024567789,-0.18464891980718767,-0.14421737111007904,-0.08513303376068149,-0.13432419879238278,-0.021193736332019042,-0.07189967487227134,0.047198620728781726,,,,0.01783596028636243
MSPL,2025-11-14,Promoter,Cash,Micro,9800000.0,1954.841212121212,,0.11905532190229717,0.14602767524012583,0.03243398392652108,0.09609522755688177,-0.11768082663605062,0.002688047735338983,0.21182548794489087,0.3307295159398279,,,,5013.194902600785
WSI,2025-11-14,Non Promoter,Cash,Micro,195.0,642.7511111111111,0.1755025273304338,0.1934900542495479,0.22046240758737656,0.022123893805309658,0.08578513743567034,-0.09464110127826941,0.025727773093120188,-0.18153883972468043,-0.06263481172974339,,,,0.30338337286248696
DBREALTY,2025-11-14,Non Promoter,Other,Micro,0.0,7925.97305699482,0.37833219412166774,-0.13935534768398516,-0.1123829943461565,-0.1643059490084985,-0.1006447053781378,-0.1371813031161473,-0.01681242874475769,-0.18420679886685543,-0.06530277087191838,,,,0.0
ERIS,2025-11-24,Non Promoter,Acquisition of assets,Small,423.3,23378.21476510067,0.08987529691211393,-0.05103668261562988,-0.0238864081387673,-0.06482658434719446,-0.06183121755740589,-0.1619151383088191,-0.09947789754684627,-0.17553416863385995,-0.13451782904493276,,,,0.01810660070724939
BTML,2025-11-27,Non Promoter,Other,Micro,1.2,153.56276445698165,0.18483412322274884,0.04211793020457266,0.11578155490694364,-0.0603248259860788,-0.01852526473893279,-0.16241299303944312,-0.04566202606532821,-0.25522041763341063,-0.17446616786507635,,,,0.00781439435688306
SHIVAMAUTO,2025-12-01,Non Promoter,Cash,Micro,120.0,363.8835294117647,,0.04905523255813948,0.10293046885303558,-0.12536982248520712,-0.10224946298295184,-0.3295118343195267,-0.1772312721344299,-0.3694526627218935,-0.2944405957205524,,,,0.3297758494152945
AUTOIND,2025-12-03,Promoter,Cash,Micro,24.4875,329.33796856106403,,0.012637133731426164,0.08337850328434071,0.08428433933727475,0.09405430769647527,-0.031761308950914335,0.10568005024776717,-0.02172418534304965,0.06697829435027569,,,,0.07435371058791135
RATNAVEER,2025-12-12,Promoter,Cash,Micro,115.1808,1332.1445317220544,-0.09972299168975074,0.057920350949345556,0.1678495785684942,-0.04165600204760678,0.006500470120921864,-0.02578704888661376,0.14602307343411347,0.1919631430765294,0.21874758262325178,,,,0.08646269023910383
JSWENERGY,2025-12-12,Promoter,Cash,Mid,2999.9998,88915.73171717171,0.08875985068436343,-0.11791907514450861,-0.0953015402016878,0.01685681981704179,0.018709294288312306,0.03977798334875127,0.12485723416574174,0.19652585054990235,0.17668593222426943,,,,0.03373980894115085
KPIGREEN,2025-12-17,Promoter,Cash,Micro,475.003,8240.279247910863,,-0.11549266465508268,-0.0024192446839619297,0.048165680473372774,0.12534514824304432,-0.10532544378698228,0.04454419824624123,-0.05633136094674562,-0.03313532766362548,,,,0.057644041628859395
AEROFLEX,2025-12-18,Non Promoter,Cash,Micro,55.0,2343.0014152700187,0.030398736675878224,-0.029792677077226437,0.09588904033335588,-0.1645929061903041,-0.06728558211083868,0.1528215189219888,0.3496520099064638,1.4213950126490786,1.4601072142487188,,,,0.023474164224378643
SHRIRAMFIN,2025-12-19,Non Promoter,Cash,Large,39617.9829,211782.08636826044,-0.06739492070533448,0.3950260730044124,0.3896126349405127,0.07557362143659407,0.1003589052217963,-0.03342782264534416,0.07225834448038648,0.11477777183505378,0.11079255712289482,,,,0.18706956560579766
GRANULES,2025-12-23,Non Promoter,Cash,Small,300.0,16743.31948051948,,0.10553919764446085,0.1692630694488677,-0.054376224689745234,0.030361042066568922,0.019513389941214987,0.1643844195677462,0.3483017635532333,0.3592232476465966,,,,0.01791759396032812
NIBE,2025-12-23,Promoter & Non Promoter,Cash,Micro,251.8516,1746.3521035598706,0.11842105263157898,-0.14307285768214417,-0.02478098846090704,-0.1081413750659399,0.004283651668712918,-0.23562510989977148,-0.024122926964397107,0.4558642518023561,0.49026520079405234,,,,0.1442158196429061
COFORGE,2025-12-26,Non Promoter,Other,Mid,17032.6,74181.05323041737,,0.04184903171652965,0.06098458164774645,-0.0030891700825759205,0.03680566274709712,-0.3145012772530148,-0.20046862770268264,-0.11964593358284314,-0.13361379568728582,,,,0.22960849513816167
LCCINFOTEC,2026-01-05,Promoter & Non Promoter,Cash,Micro,121.7605,82.37076923076924,-0.06378600823045277,-0.06653225806451613,0.01629871850602599,-0.013725490196078272,0.04826534350099726,0.027450980392156987,0.12240346527283513,-0.15294117647058814,-0.11489239598278322,,,,1.4782003511327766
SENORES,2026-01-07,Promoter,Cash,Micro,95.004,3984.732251082251,,0.17672864006684774,0.27591421307441033,0.014548332115899676,0.0429489950093096,0.03950572193815449,0.09713863734954686,0.7688093498904311,0.7924071709083955,,,,0.023842003430518316
BAGFILMS,2026-01-13,Promoter,Cash,Micro,16.5,133.15896805896804,0.35024549918166925,-0.123404255319149,0.00947836503287336,-0.07556270096463014,-0.053860055752361524,-0.15112540192926038,-0.1380134268386523,-0.27813504823151114,-0.2666924943935895,,,,0.12391204468251173
CELEBRITY,2026-01-19,Promoter & Non Promoter,Cash,Micro,502090.0923,52.30591054313099,0.3067173637515843,-0.26430517711171664,-0.14302755943640444,0.05606258148631027,0.0323714942536224,-0.028683181225554022,-0.05255032801875603,-0.08865710560625806,-0.12884427874140802,,,,9599.108152146227
STYLEBAAZA,2026-01-20,Non Promoter,Cash,Micro,331.5325,2577.5200000000004,-0.031139315230224396,0.03020292590844731,0.16714546594493296,0.05379797655371776,0.030189296712035407,0.25550024088646195,0.20699810108617656,-0.12766982495583745,-0.17331297848280824,,,,0.12862460815047022
RBA,2026-01-20,Non Promoter,Cash,Micro,1499.9998,4533.376419213974,0.09924623115577891,-0.047863247863247804,0.08907929217323785,-0.006369426751592466,-0.029978106593274823,-0.003573093055771359,-0.05207523285605675,0.03573093055771315,-0.009912222969257645,,,,0.33087916406908024
JETFREIGHT,2026-01-20,Promoter & Non Promoter,Cash,Micro,72.824,80.83864734299517,,0.29075235109717856,0.4276948911336642,0.10743285446595863,0.08382417462427627,0.28732042473454067,0.23881828493425528,0.49156777014366004,0.44592461661668925,,,,0.9008562413347994
ZIMLAB,2026-01-21,Non Promoter,Cash,Micro,3499999.4962,378.49817518248176,0.041247342310418045,0.11367621274108708,0.26898652134168755,-0.001692524682651686,-0.004825627534855603,0.21382228490832156,0.18260419618612056,0.5984485190409026,0.565526708341314,,,,9247.070991855055
SHEMAROO,2026-02-11,Promoter,Cash,Micro,15.51,333.9294871794872,-0.045553145336225564,0.01612469766191893,0.10752183151878925,-0.13367052023121384,0.0029794406865294443,-0.1386380057803468,-0.11212677952818784,0.20411849710982644,0.21116942044502507,,,,0.046446931449522964
KAMOPAINTS,2026-02-12,Promoter,Cash,Micro,20.1586,163.92270531400968,0.3627254509018034,-0.3488080301129234,-0.24942688704776128,-0.1333333333333333,-0.014526494482842267,0.06262626262626259,0.06897457843755339,-0.08080808080808088,-0.08784474033307366,,,,0.12297625250501001
AKASH,2026-02-16,Promoter & Non Promoter,Cash,Micro,16.0,40.53388,,-0.08743979251574652,0.029105843252443697,0.0025062656641603454,0.12171147401524346,0.1549707602339181,0.15205075842701998,0.035923141186299024,0.02310912114985908,,,,0.39473151842360016
STEELXIND,2026-03-04,Promoter & Non Promoter,Cash,Micro,341.58,1019.7763157894736,0.7647058823529411,-0.10886644219977548,0.03452516585125559,0.05287896592244423,0.043475046136753126,0.3772032902467686,0.3182445543834753,0.3548766157461809,0.27106602767522125,,,,0.33495580816226467
LOKESHMACH,2026-03-06,Promoter & Non Promoter,Cash,Micro,74.0998,450.54431693989073,-0.11623948251544192,0.30744659612697145,0.44390746357164695,0.11872517586256404,0.05612155414818509,0.2709958367229748,0.16981250624792787,0.6617217782456812,0.5489896748814193,,,,0.16446728371425892
NEOGEN,2026-03-09,Promoter,Cash,Micro,161.0,4206.851549755302,0.1499999999999999,0.24109307964931914,0.38243583583306473,-0.06768734891216754,-0.10340163462645335,0.3862476497448295,0.2896281340411615,0.5934730056406123,0.5149376965354887,,,,0.038270901194353966
VARDMNPOLY,2026-03-19,Non Promoter,Cash,Micro,25.0,380.5,0.6491458607095926,0.28925619834710736,0.43871881336295837,-0.09232769830949283,-0.21053032917704695,-0.09362808842652803,-0.24024163424326106,-0.24447334200260085,-0.3573750739651831,,,,0.0657030223390276
DEVX,2026-03-24,Promoter & Non Promoter,Cash,Micro,34.9998,339.6315789473684,0.2552301255230125,-0.12850635339247185,0.0711447917307243,0.18954431087503476,0.037173346757872316,-0.011182555213866574,-0.17460074856688212,0.009784735812133016,-0.10407301447777806,,,,0.10305225476522549
HALDER,2026-03-27,Non Promoter,Cash,Micro,24.9999,312.10300429184554,,,,-0.017135862913096656,-0.2759670379486039,-0.030354957160342755,-0.3108988250767788,,,,,,0.08010143976897689
PAKKA,2026-04-07,Promoter & Non Promoter,Cash,Micro,129.91,437.0288065843621,0.20152921900600762,-0.16710775047258974,-0.002431515126912087,0.037623105012725366,-0.05748459852871313,-0.1755007192652429,-0.26001117637808935,,,,,,0.2972572929810354
BOSCHLTD,2026-04-08,Promoter,Other,Large,8.6592,106308.85276008492,-0.020453596771949356,-0.07457111234089653,0.023008518349341645,-0.007070981778623864,-0.015880460410611863,0.1339407125373946,0.1097988512887682,,,,,,8.145323531561252e-05
PENIND,2026-04-10,Promoter,Cash,Micro,50.4,2213.180923913044,0.026832100727339325,-0.19685078981788906,-0.07402776453246462,-0.049984686064318495,-0.0895023766117573,0.038101071975497725,-0.025283824361380658,,,,,,0.02277265245486104
NGIL,2026-04-16,Promoter & Non Promoter,Cash,Micro,24.36,53.83237851662405,,0.03584229390680993,0.09639476953288528,0.043041985740691846,0.06777227619712334,0.05571692632690772,0.051742429349181496,,,,,,0.45251576599903265
HDFCLIFE,2026-04-16,Promoter,Cash,Large,1000.0,137422.1573896353,0.09029295328582743,-0.15524632328694843,-0.12722690116398172,-0.009814259063995578,0.02253856778542518,-0.0840295238867711,-0.07928117127871331,,,,,,0.007276846900057634
VASCONEQ,2026-04-17,Promoter & Non Promoter,Cash,Micro,80.0,897.5706231454005,,-0.14943795459554765,-0.11661348579960551,-0.0667019587083113,-0.05116281998128497,-0.12731604023292753,-0.1360100923972406,,,,,,0.08912947676434875
STLNETWORK,2026-04-20,Promoter,Cash,Micro,108.0,1474.5085714285713,,0.19025082820634176,0.20409659877996972,-0.18128272251308897,-0.1657716526469879,-0.19535340314136118,-0.19473783977323517,,,,,,0.07324474207387256
SPMLINFRA,2026-04-23,Promoter & Non Promoter,Cash,Micro,190.33,1851.3130434782609,-0.14819564022714793,0.13869420877904837,0.14784170037687333,-0.007690143486823509,-0.012532758498929875,-0.06888305354965774,-0.07913143444781434,,,,,,0.10280811269087511
BALRAMCHIN,2026-04-23,Promoter & Non Promoter,Cash,Micro,450.0,11428.608144796379,-0.10605219322598547,0.28618928868305415,0.2953367802808791,0.026254601821352308,0.021411986809245942,0.18513853904282107,0.17489015814466446,,,,,,0.03937487350153762
RETAIL,2026-04-30,Non Promoter,Cash,Micro,826250.0,16.325,,-0.2254752851711026,-0.27093525959260367,0.04482758620689653,0.07038669163820643,-0.183743842364532,-0.18343286550832932,,,,,,50612.557427258806
GCSL,2026-05-07,Non Promoter,Cash,Micro,69.8458,960.4869822485206,,0.3548730694123914,0.3057331632136141,0.09710279137452038,0.15077929170940146,0.386294483397275,0.41341045022628653,,,,,,0.07271915319090477
IIFLCAPS,2026-05-07,Non Promoter,Cash,Micro,1999.9999,11054.367919075145,,0.00589925881107245,-0.043240647387704834,-0.03213584058377772,0.021540659751103364,-0.06216671344372726,-0.035050746614715744,,,,,,0.18092394921548155
AFFLE,2026-05-11,Promoter,Cash,Small,1100.38,23058.2974851092,,-0.05555207223023395,-0.15998617279859417,-0.09405159906642269,-0.07638935526056267,0.05803317983977796,-0.01278347033022098,,,,,,0.04772164990544569
ROML,2026-05-12,Non Promoter,Cash,Micro,920000.0,74.6565819861432,0.010322864045684055,0.030681818181818254,-0.0035538514460882187,0.008664741168629142,0.02176866219214002,-0.004221284159075744,-0.011916707407354399,,,,,,12323.092961458626
BHARTIARTL,2026-05-13,Promoter,Other,Large,28222.2047,1113731.6844621515,0.07478202548625079,-0.13278704709250666,-0.10678950025148753,-0.02245818954074863,-0.0420416279146425,0.029519511547650534,-0.009760618673260835,,,,,,0.02534021891783495
PARACABLES,2026-05-13,Promoter & Non Promoter,Cash,Micro,122.63,1945.7021276595744,-0.295774647887324,0.37335359675785207,0.38684552576416037,0.10924515235457055,0.10737675656850121,0.18923130193905813,0.18053794809684076,,,,,,0.06302609133059225
DECCANCE,2026-05-14,Non Promoter,Cash,Micro,103.0,902.8593639575972,,-0.04093740729753781,-0.038556454916585436,-0.07703372223110128,-0.0900337222311014,-0.1284161738852485,-0.14126035609397292,,,,,,0.11408199783021511
RANEHOLDIN,2026-05-15,Promoter,Cash,Micro,40.0,2055.6370588235295,,-0.0965986394557824,-0.09730498910083085,0.0672586309721026,0.03212784189028883,0.06083095884964562,0.035430167677461544,,,,,,0.01945868791784313
IDEA,2026-05-18,Promoter,Cash,Large,4730.0,139203.5646153846,,0.11830742659758187,0.1345323745968951,0.11020710059171601,0.07349691495779376,0.044378698224851965,0.0237407485140958,,,,,,0.03397901492730342
HIRECT,2026-05-18,Non Promoter,Cash,Micro,100.0,3227.9775065387967,0.011371751909025951,0.3248635027299456,0.35446876588784026,0.15514376353290693,0.12624991432655785,0.26995316984742423,0.2546946965716754,,,,,,0.030979150194644676
VIPCLOTHNG,2026-05-18,Promoter & Non Promoter,Cash,Micro,47.7,238.75121951219515,,0.07579944729569688,0.10540471045359157,-0.05177514792899407,-0.08066899713534315,-0.25406804733727806,-0.26932652061302687,,,,,,0.19978955541026477
ZEEMEDIA,2026-05-18,Non Promoter,Cash,Micro,119.0,502.1137309292649,0.10821382007822677,-0.1487068965517241,-0.1191016333938294,0.05465838509316767,0.025764535886818596,0.16521739130434776,0.14995891802859895,,,,,,0.23699809957350895
JSFB,2026-05-18,Non Promoter,Cash,Micro,728.5081,4895.047034764826,,0.22177971375233363,0.2513849769102283,0.04326657076463425,0.014372721558285173,0.2725461989598317,0.25728772568408287,,,,,,0.14882555669559566
ABCAPITAL,2026-05-20,Promoter & Non Promoter,Cash,Mid,4000.0,96378.69133858269,0.00826961200792975,0.020188816267247667,0.03192363128793341,0.12178019461934753,0.0928005661434036,0.17057813394390386,0.12979901775704727,,,,,,0.041502949920204035
HARIOMPIPE,2026-05-21,Promoter,Cash,Micro,51.4545,1028.808797653959,,-0.1823783925527731,-0.15171490681612682,0.21809205749963678,0.19566560956971613,0.012051691592856129,-0.0011162170686157546,,,,,,0.0500136664046168
SINDHUTRAD,2026-05-22,Promoter,Acquisition of assets,Micro,225.4501,4165.813100436681,-0.14201183431952658,0.15291051259774102,0.16438872495861595,-0.05781424841477045,-0.07081187777796838,-0.10406564714658706,-0.10320692666406689,,,,,,0.05411911061885306
RAYMOND,2026-05-25,Promoter,Cash,Micro,330.88,3723.849793899423,,0.4123131945331462,0.4155498681423335,0.07329890368759617,0.07003358609248711,0.13654072664673378,0.14015402357944617,,,,,,0.08885428207712953
BALPHARMA,2026-05-27,Promoter,Cash,Micro,8.4,153.41136363636363,,0.16934768841038617,0.16993960452741652,-0.11728806036395922,-0.12550063123011335,-0.056591211717709866,-0.05603874540961645,,,,,,0.05475474437415742
HITECH,2026-05-29,Promoter,Cash,Micro,90.0,1761.4669421487606,,0.10883243999067815,0.09336858162179995,0.029394192854582446,0.008561208644649487,-0.019596128569721594,-0.03743087159889513,,,,,,0.05109377749105624
MANCREDIT,2026-05-29,Promoter & Non Promoter,Cash,Micro,61.75,419.82158371040725,,0.10601686106940744,0.09055300270052924,0.13588030488378666,0.1150473206738537,0.16519243436529596,0.14735769133612242,,,,,,0.14708629188201797
SANSTAR,2026-05-29,Non Promoter,Cash,Micro,198.2657,2365.2000000000003,-0.06984610180957218,0.3080590238365495,0.2925951654676713,0.059806273882520244,0.038973289672587286,-0.03838976272993877,-0.05622450575911231,,,,,,0.08382618806020632
AMBICAAGAR,2026-06-01,Promoter,Cash,Micro,2.1212,41.269288702928876,,-0.031175059952038398,-0.038013669678234274,0.06373997467285775,0.04178524683577689,0.024905023216547084,0.020832561483644207,,,,,,0.05139899587970022
DEEDEV,2026-06-03,Promoter & Non Promoter,Cash,Micro,300.0,4937.121713441655,-0.23673407328569263,1.328113879003559,1.307744812782004,0.05718085106382964,0.03272612535332087,0.007274718397997537,0.003883842935605397,,,,,,0.06076414911611948
IBULLSLTD,2026-06-03,Promoter & Non Promoter,Cash,Micro,1000.07,5672.342229729729,,1.5444566410537872,1.5240875748322322,0.27905004240882114,0.25459531669831237,0.10093299406276524,0.0975421186003731,,,,,,0.17630635802587152
SKIPPER,2026-06-03,Non Promoter,Cash,Micro,433.4999,6439.881355932203,-0.1761612620508326,0.5430651031136271,0.522696036892072,-0.022796484816845042,-0.047251210527353815,-0.06525711302531978,-0.06864798848771192,,,,,,0.06731488920998124
SATIN,2026-06-04,Promoter,Cash,Micro,100.1,2682.086034482759,,0.5281928023905418,0.5095532011440619,0.09072455362691101,0.0749454609247413,-0.091221674468702,-0.0969462903168492,,,,,,0.03732169613988699
VOEPL,2026-06-22,Promoter & Non Promoter,Cash,,85.0,,,,,,,,,,,,,,
LIKHITHA,2026-06-22,Promoter & Non Promoter,Cash,Micro,60.0,1010.5667521367521,,0.7116616229150539,0.5552909665443975,-0.11691684809594749,-0.08949658618522105,-0.12929223482678276,-0.08871136988296308,,,,,,0.05937262419640802
KMEW,2026-06-29,Non Promoter,Cash,Micro,149.9995,5629.394477317554,-0.14645103324348607,0.44965053067564065,0.3093304186902849,0.16924822199921463,0.18537172114158162,0.2552467385138968,0.2999539548417497,,,,,,0.026645761032450477
BHAGYANGR,2026-06-30,Non Promoter,Cash,Micro,52.2499,1440.5507299270073,-0.19416464050017368,2.025571313101624,1.844129045356905,-0.10321715817694377,-0.07756435362434844,-0.00536193029490617,0.042285898857909454,,,,,,0.03627078096905862
ZEEL,2026-07-01,Promoter,Cash,Micro,3143.5181,10418.113557046981,,0.447489861557824,0.2792740303538773,0.06896229936543485,0.09865314723810104,-0.3050578574094811,-0.2505325086514002,,,,,,0.30173582604824584
IRISDOREME,2026-07-08,Non Promoter,Other,Micro,32.12,847.6443181818182,,0.4369613788700928,0.27833576097404145,0.21560758082497222,0.2169268420386926,,,,,,,,0.037893252288762835
INDSWFTLAB,2026-07-10,Promoter,Cash,Micro,137.2,2138.7697686375323,,0.7025366770253667,0.5887375213875885,0.1976440891880522,0.21448570337046413,,,,,,,,0.06414902717060611
SETL,2026-07-13,Non Promoter,Cash,Micro,71.4847,5528.691016548463,,1.1681085918854412,1.0910373009413181,0.09567281358407875,0.11025906884354564,,,,,,,,0.01292976941305495
DGCONTENT,2026-07-13,Promoter & Non Promoter,Cash,Micro,37.2,151.49606299212599,,-0.09865005192108,-0.17572134286520313,-0.0460299194476409,-0.031443664188174014,,,,,,,,0.24555093555093557
HTMEDIA,2026-07-13,Promoter & Non Promoter,Cash,Micro,95.3,611.5847826086956,,0.06540880503144653,-0.011662485912676601,-0.015463917525773252,-0.0008776622663063671,,,,,,,,0.1558246750246153
ATHERENERG,2026-07-15,Promoter & Non Promoter,Cash,Mid,1200.0,50945.33585964913,-0.05121875964208589,0.392503331209084,0.31108758863117536,0.19288138268487098,0.18887422404159782,,,,,,,,0.023554658728836667
SAMBHV,2026-07-15,Promoter & Non Promoter,Cash,Micro,9999710.0,3548.259272727273,,0.08911861687906608,0.03485378616462631,0.0037310339109526414,0.023078892468859635,,,,,,,,2818.201611381683
AURUM,2026-07-16,Promoter,Cash,Micro,11802471.0,1738.231379310345,,0.47932763196697126,0.42211206441837756,-0.04246071547977259,-0.0292523948300647,,,,,,,,6789.930926619626
KECL,2026-07-16,Promoter,Cash,Micro,39.9999,842.5362809917356,,0.0032940360610262953,-0.0539215314875674,0.15439509696918807,0.16760341761889597,,,,,,,,0.04747558164844459
AFFORDABLE,2026-07-17,Promoter,Convention of loan,Micro,2.1,258.07421052631577,,0.11394302848575721,0.08750375383728759,-0.14249895528625156,-0.1274183214009837,,,,,,,,0.008137194319871274
SANGAMIND,2026-07-20,Promoter,Cash,Micro,100.0008,3109.462360446571,,0.3858790252393385,0.37683430713223487,-0.06817998222796684,-0.046862909706795075,,,,,,,,0.032160157740464886
GABRIEL,2026-07-21,Promoter,Other,Small,1881.0306,26440.285394932936,,0.3782225070242027,0.30176158767941996,0.00856380738452911,-5.9357160887563154e-05,,,,,,,,0.07114259819451435
SHIVALIK,2026-07-23,Promoter & Non Promoter,Cash,Micro,33.0,389.80645161290323,0.0344256868586561,-0.11506299068833314,-0.107736903645963,0.06998738965952067,0.0730605446015688,,,,,,,,0.0846573982125124
MBAPL,2026-07-29,Non Promoter,Cash,Micro,317.4775,7169.964912280701,-0.11585365853658536,0.5501490527935378,0.569430944236462,-0.017545975278866477,-0.020340292004519478,,,,,,,,0.044278808039384575
ALANKIT,2026-08-07,Promoter & Non Promoter,Cash,Micro,86.0,218.76883780332057,,-0.1411889596602972,-0.11336306577559463,-0.05219454329774609,-0.03390712251319933,,,,,,,,0.3931090042966561
KABRAEXTRU,2026-08-10,Promoter & Non Promoter,Cash,Micro,141.0,1796.49658808933,,0.8539488366326404,0.8841886697921816,0.3032239040691962,0.32395321933310495,,,,,,,,0.07848609395354378
PRECWIRE,2026-08-10,Non Promoter,Cash,Micro,15000000.0,7909.4863821138215,,-0.017452214175471825,0.012787618984069327,0.14521970062771627,0.16594901589162503,,,,,,,,1896.4568968625279
EMBDL,2026-08-10,Promoter,Cash,Micro,362.6183,9077.825641025642,,-0.09917119176907696,-0.06893135860953581,-0.11402966625463529,-0.09330035099072653,,,,,,,,0.039945501746718966
PROSTARM,2026-08-12,Non Promoter,Cash,Micro,42.6111,837.0555555555555,,-0.02174489525324852,-0.03533591769713873,-0.016124282138124002,0.0058689639119212655,,,,,,,,0.05090594013406783
KRSNAA,2026-08-13,Promoter,Cash,Micro,91.7486,1801.4839285714286,,-0.007095266937786615,-0.010078832045245623,-0.058491221971145424,-0.019918398701072926,,,,,,,,0.05092945795678364
TDPOWERSYS,2026-08-14,Promoter,Cash,Small,75.0,23210.56882951654,-0.19170146840899904,0.2513513513513512,0.15471065028027042,-0.10123966942148754,-0.05964227426666052,,,,,,,,0.00323128659839752
EFCIL,2026-08-18,Non Promoter,Other,Micro,53.9999,2735.248372093023,,-0.02910997100156143,-0.04985887682098111,-0.03364162474985122,-0.011102412696004094,,,,,,,,0.019742229097344844
WHEELS,2026-08-19,Promoter & Non Promoter,Cash,Micro,17999972.91,3930.283385862224,-0.0034786167382852007,-0.07773941951157148,-0.08721047782317481,0.46576357999730433,0.48835327437202747,,,,,,,,4579.815535629926
TEGA,2026-08-24,Non Promoter,Cash,Micro,95.3999,12794.78756525866,,0.08746101060511546,0.08104664242038173,0.2313388271826109,0.25536865407036624,,,,,,,,0.007456153493242574
PIRAMALFIN,2026-08-24,Promoter,Cash,Mid,1750.034,51936.48752446184,,0.11293697371778522,0.07550437814434463,-0.035255822483036714,-0.0007763813481442838,,,,,,,,0.03369565566357837
ONEPOINT,2026-08-28,Non Promoter,Cash,Micro,9.0,1446.9741144414168,,-0.1123541633370625,-0.10848254720136147,0.3397225264695145,0.3765103435486238,,,,,,,,0.00621987629922068
