announced,effective,index,action,symbol,file
2018-08-01,2018-08-08,Nifty 500,excluded,TECHNO,01082018.pdf
2018-08-01,2018-08-08,Nifty 500,included,BDL,01082018.pdf
2018-08-01,2018-08-08,Nifty Smallcap 250,excluded,TECHNO,01082018.pdf
2018-08-01,2018-08-08,Nifty Smallcap 250,included,BDL,01082018.pdf
2022-09-01,2022-09-30,Nifty 50,excluded,SHREECEM,01092022.pdf
2022-09-01,2022-09-30,Nifty 50,included,ADANIENT,01092022.pdf
2022-09-01,2022-09-30,Nifty Next 50,excluded,ADANIENT,01092022.pdf
2022-09-01,2022-09-30,Nifty Next 50,excluded,JUBLFOOD,01092022.pdf
2022-09-01,2022-09-30,Nifty Next 50,excluded,LUPIN,01092022.pdf
2022-09-01,2022-09-30,Nifty Next 50,excluded,MINDTREE,01092022.pdf
2022-09-01,2022-09-30,Nifty Next 50,excluded,PNB,01092022.pdf
2022-09-01,2022-09-30,Nifty Next 50,excluded,SAIL,01092022.pdf
2022-09-01,2022-09-30,Nifty Next 50,excluded,ZYDUSLIFE,01092022.pdf
2022-09-01,2022-09-30,Nifty Next 50,included,ATGL,01092022.pdf
2022-09-01,2022-09-30,Nifty Next 50,included,BEL,01092022.pdf
2022-09-01,2022-09-30,Nifty Next 50,included,HAL,01092022.pdf
2022-09-01,2022-09-30,Nifty Next 50,included,IRCTC,01092022.pdf
2022-09-01,2022-09-30,Nifty Next 50,included,MPHASIS,01092022.pdf
2022-09-01,2022-09-30,Nifty Next 50,included,MOTHERSON,01092022.pdf
2022-09-01,2022-09-30,Nifty Next 50,included,SHREECEM,01092022.pdf
2022-09-01,2022-09-30,Nifty 500,excluded,ADVENZYMES,01092022.pdf
2022-09-01,2022-09-30,Nifty 500,excluded,ERIS,01092022.pdf
2022-09-01,2022-09-30,Nifty 500,excluded,GLS,01092022.pdf
2022-09-01,2022-09-30,Nifty 500,excluded,HATHWAY,01092022.pdf
2022-09-01,2022-09-30,Nifty 500,excluded,HEMIPROP,01092022.pdf
2022-09-01,2022-09-30,Nifty 500,excluded,ICIL,01092022.pdf
2022-09-01,2022-09-30,Nifty 500,excluded,IRCON,01092022.pdf
2022-09-01,2022-09-30,Nifty 500,excluded,MINDTREE,01092022.pdf
2022-09-01,2022-09-30,Nifty 500,excluded,NESCO,01092022.pdf
2022-09-01,2022-09-30,Nifty 500,excluded,RAILTEL,01092022.pdf
2022-09-01,2022-09-30,Nifty 500,excluded,SEQUENT,01092022.pdf
2022-09-01,2022-09-30,Nifty 500,excluded,SOLARA,01092022.pdf
2022-09-01,2022-09-30,Nifty 500,excluded,SPICEJET,01092022.pdf
2022-09-01,2022-09-30,Nifty 500,excluded,STAR,01092022.pdf
2022-09-01,2022-09-30,Nifty 500,excluded,TATASTLLP,01092022.pdf
2022-09-01,2022-09-30,Nifty 500,excluded,UCOBANK,01092022.pdf
2022-09-01,2022-09-30,Nifty 500,excluded,VAKRANGEE,01092022.pdf
2022-09-01,2022-09-30,Nifty 500,excluded,VENKEYS,01092022.pdf
2022-09-01,2022-09-30,Nifty 500,included,AWL,01092022.pdf
2022-09-01,2022-09-30,Nifty 500,included,AETHER,01092022.pdf
2022-09-01,2022-09-30,Nifty 500,included,BHARATRAS,01092022.pdf
2022-09-01,2022-09-30,Nifty 500,included,DEEPAKFERT,01092022.pdf
2022-09-01,2022-09-30,Nifty 500,included,GREENPANEL,01092022.pdf
2022-09-01,2022-09-30,Nifty 500,included,JBMA,01092022.pdf
2022-09-01,2022-09-30,Nifty 500,included,MAHLIFE,01092022.pdf
2022-09-01,2022-09-30,Nifty 500,included,MSUMI,01092022.pdf
2022-09-01,2022-09-30,Nifty 500,included,NIITLTD,01092022.pdf
2022-09-01,2022-09-30,Nifty 500,included,OLECTRA,01092022.pdf
2022-09-01,2022-09-30,Nifty 500,included,PATANJALI,01092022.pdf
2022-09-01,2022-09-30,Nifty 500,included,RAYMOND,01092022.pdf
2022-09-01,2022-09-30,Nifty 500,included,MOTHERSON,01092022.pdf
2022-09-01,2022-09-30,Nifty 500,included,SHARDACROP,01092022.pdf
2022-09-01,2022-09-30,Nifty 500,included,SWANENERGY,01092022.pdf
2022-09-01,2022-09-30,Nifty 500,included,TEJASNET,01092022.pdf
2022-09-01,2022-09-30,Nifty 500,included,TCI,01092022.pdf
2022-09-01,2022-09-30,Nifty 500,included,MANYAVAR,01092022.pdf
2022-09-01,2022-09-30,Nifty 100,excluded,JUBLFOOD,01092022.pdf
2022-09-01,2022-09-30,Nifty 100,excluded,LUPIN,01092022.pdf
2022-09-01,2022-09-30,Nifty 100,excluded,MINDTREE,01092022.pdf
2022-09-01,2022-09-30,Nifty 100,excluded,PNB,01092022.pdf
2022-09-01,2022-09-30,Nifty 100,excluded,SAIL,01092022.pdf
2022-09-01,2022-09-30,Nifty 100,excluded,ZYDUSLIFE,01092022.pdf
2022-09-01,2022-09-30,Nifty 100,included,ATGL,01092022.pdf
2022-09-01,2022-09-30,Nifty 100,included,BEL,01092022.pdf
2022-09-01,2022-09-30,Nifty 100,included,HAL,01092022.pdf
2022-09-01,2022-09-30,Nifty 100,included,IRCTC,01092022.pdf
2022-09-01,2022-09-30,Nifty 100,included,MPHASIS,01092022.pdf
2022-09-01,2022-09-30,Nifty 100,included,MOTHERSON,01092022.pdf
2022-09-01,2022-09-30,Nifty Midcap 150,excluded,ATGL,01092022.pdf
2022-09-01,2022-09-30,Nifty Midcap 150,excluded,APOLLOTYRE,01092022.pdf
2022-09-01,2022-09-30,Nifty Midcap 150,excluded,BEL,01092022.pdf
2022-09-01,2022-09-30,Nifty Midcap 150,excluded,EXIDEIND,01092022.pdf
2022-09-01,2022-09-30,Nifty Midcap 150,excluded,GLENMARK,01092022.pdf
2022-09-01,2022-09-30,Nifty Midcap 150,excluded,HAL,01092022.pdf
2022-09-01,2022-09-30,Nifty Midcap 150,excluded,IDBI,01092022.pdf
2022-09-01,2022-09-30,Nifty Midcap 150,excluded,IRCTC,01092022.pdf
2022-09-01,2022-09-30,Nifty Midcap 150,excluded,MANAPPURAM,01092022.pdf
2022-09-01,2022-09-30,Nifty Midcap 150,excluded,METROPOLIS,01092022.pdf
2022-09-01,2022-09-30,Nifty Midcap 150,excluded,MPHASIS,01092022.pdf
2022-09-01,2022-09-30,Nifty Midcap 150,excluded,NUVOCO,01092022.pdf
2022-09-01,2022-09-30,Nifty Midcap 150,included,AWL,01092022.pdf
2022-09-01,2022-09-30,Nifty Midcap 150,included,DEVYANI,01092022.pdf
2022-09-01,2022-09-30,Nifty Midcap 150,included,JUBLFOOD,01092022.pdf
2022-09-01,2022-09-30,Nifty Midcap 150,included,KPRMILL,01092022.pdf
2022-09-01,2022-09-30,Nifty Midcap 150,included,LUPIN,01092022.pdf
2022-09-01,2022-09-30,Nifty Midcap 150,included,MSUMI,01092022.pdf
2022-09-01,2022-09-30,Nifty Midcap 150,included,PATANJALI,01092022.pdf
2022-09-01,2022-09-30,Nifty Midcap 150,included,POONAWALLA,01092022.pdf
2022-09-01,2022-09-30,Nifty Midcap 150,included,PNB,01092022.pdf
2022-09-01,2022-09-30,Nifty Midcap 150,included,SAIL,01092022.pdf
2022-09-01,2022-09-30,Nifty Midcap 150,included,MANYAVAR,01092022.pdf
2022-09-01,2022-09-30,Nifty Midcap 150,included,ZYDUSLIFE,01092022.pdf
2022-09-01,2022-09-30,Nifty Smallcap 250,excluded,ADVENZYMES,01092022.pdf
2022-09-01,2022-09-30,Nifty Smallcap 250,excluded,DEVYANI,01092022.pdf
2022-09-01,2022-09-30,Nifty Smallcap 250,excluded,ERIS,01092022.pdf
2022-09-01,2022-09-30,Nifty Smallcap 250,excluded,GLS,01092022.pdf
2022-09-01,2022-09-30,Nifty Smallcap 250,excluded,HATHWAY,01092022.pdf
2022-09-01,2022-09-30,Nifty Smallcap 250,excluded,HEMIPROP,01092022.pdf
2022-09-01,2022-09-30,Nifty Smallcap 250,excluded,ICIL,01092022.pdf
2022-09-01,2022-09-30,Nifty Smallcap 250,excluded,IRCON,01092022.pdf
2022-09-01,2022-09-30,Nifty Smallcap 250,excluded,KPRMILL,01092022.pdf
2022-09-01,2022-09-30,Nifty Smallcap 250,excluded,NESCO,01092022.pdf
2022-09-01,2022-09-30,Nifty Smallcap 250,excluded,POONAWALLA,01092022.pdf
2022-09-01,2022-09-30,Nifty Smallcap 250,excluded,RAILTEL,01092022.pdf
2022-09-01,2022-09-30,Nifty Smallcap 250,excluded,SEQUENT,01092022.pdf
2022-09-01,2022-09-30,Nifty Smallcap 250,excluded,SOLARA,01092022.pdf
2022-09-01,2022-09-30,Nifty Smallcap 250,excluded,SPICEJET,01092022.pdf
2022-09-01,2022-09-30,Nifty Smallcap 250,excluded,STAR,01092022.pdf
2022-09-01,2022-09-30,Nifty Smallcap 250,excluded,TATASTLLP,01092022.pdf
2022-09-01,2022-09-30,Nifty Smallcap 250,excluded,UCOBANK,01092022.pdf
2022-09-01,2022-09-30,Nifty Smallcap 250,excluded,VAKRANGEE,01092022.pdf
2022-09-01,2022-09-30,Nifty Smallcap 250,excluded,VENKEYS,01092022.pdf
2022-09-01,2022-09-30,Nifty Smallcap 250,included,AETHER,01092022.pdf
2022-09-01,2022-09-30,Nifty Smallcap 250,included,APOLLOTYRE,01092022.pdf
2022-09-01,2022-09-30,Nifty Smallcap 250,included,BHARATRAS,01092022.pdf
2022-09-01,2022-09-30,Nifty Smallcap 250,included,DEEPAKFERT,01092022.pdf
2022-09-01,2022-09-30,Nifty Smallcap 250,included,EXIDEIND,01092022.pdf
2022-09-01,2022-09-30,Nifty Smallcap 250,included,GLENMARK,01092022.pdf
2022-09-01,2022-09-30,Nifty Smallcap 250,included,GREENPANEL,01092022.pdf
2022-09-01,2022-09-30,Nifty Smallcap 250,included,IDBI,01092022.pdf
2022-09-01,2022-09-30,Nifty Smallcap 250,included,JBMA,01092022.pdf
2022-09-01,2022-09-30,Nifty Smallcap 250,included,MAHLIFE,01092022.pdf
2022-09-01,2022-09-30,Nifty Smallcap 250,included,MANAPPURAM,01092022.pdf
2022-09-01,2022-09-30,Nifty Smallcap 250,included,METROPOLIS,01092022.pdf
2022-09-01,2022-09-30,Nifty Smallcap 250,included,NIITLTD,01092022.pdf
2022-09-01,2022-09-30,Nifty Smallcap 250,included,NUVOCO,01092022.pdf
2022-09-01,2022-09-30,Nifty Smallcap 250,included,OLECTRA,01092022.pdf
2022-09-01,2022-09-30,Nifty Smallcap 250,included,RAYMOND,01092022.pdf
2022-09-01,2022-09-30,Nifty Smallcap 250,included,SHARDACROP,01092022.pdf
2022-09-01,2022-09-30,Nifty Smallcap 250,included,SWANENERGY,01092022.pdf
2022-09-01,2022-09-30,Nifty Smallcap 250,included,TEJASNET,01092022.pdf
2022-09-01,2022-09-30,Nifty Smallcap 250,included,TCI,01092022.pdf
2022-09-01,2022-09-30,Nifty Midcap 50,excluded,BEL,01092022.pdf
2022-09-01,2022-09-30,Nifty Midcap 50,excluded,BHEL,01092022.pdf
2022-09-01,2022-09-30,Nifty Midcap 50,excluded,HAL,01092022.pdf
2022-09-01,2022-09-30,Nifty Midcap 50,excluded,IRCTC,01092022.pdf
2022-09-01,2022-09-30,Nifty Midcap 50,excluded,L&TFH,01092022.pdf
2022-09-01,2022-09-30,Nifty Midcap 50,excluded,MPHASIS,01092022.pdf
2022-09-01,2022-09-30,Nifty Midcap 50,excluded,SUNTV,01092022.pdf
2022-09-01,2022-09-30,Nifty Midcap 50,excluded,RAMCOCEM,01092022.pdf
2022-09-01,2022-09-30,Nifty Midcap 50,included,INDHOTEL,01092022.pdf
2022-09-01,2022-09-30,Nifty Midcap 50,included,JUBLFOOD,01092022.pdf
2022-09-01,2022-09-30,Nifty Midcap 50,included,LUPIN,01092022.pdf
2022-09-01,2022-09-30,Nifty Midcap 50,included,OBEROIRLTY,01092022.pdf
2022-09-01,2022-09-30,Nifty Midcap 50,included,PERSISTENT,01092022.pdf
2022-09-01,2022-09-30,Nifty Midcap 50,included,PNB,01092022.pdf
2022-09-01,2022-09-30,Nifty Midcap 50,included,SAIL,01092022.pdf
2022-09-01,2022-09-30,Nifty Midcap 50,included,ZYDUSLIFE,01092022.pdf
2022-09-01,2022-09-30,Nifty Midcap 100,excluded,ATGL,01092022.pdf
2022-09-01,2022-09-30,Nifty Midcap 100,excluded,APLLTD,01092022.pdf
2022-09-01,2022-09-30,Nifty Midcap 100,excluded,APOLLOTYRE,01092022.pdf
2022-09-01,2022-09-30,Nifty Midcap 100,excluded,BEL,01092022.pdf
2022-09-01,2022-09-30,Nifty Midcap 100,excluded,EXIDEIND,01092022.pdf
2022-09-01,2022-09-30,Nifty Midcap 100,excluded,GLENMARK,01092022.pdf
2022-09-01,2022-09-30,Nifty Midcap 100,excluded,HAL,01092022.pdf
2022-09-01,2022-09-30,Nifty Midcap 100,excluded,IDBI,01092022.pdf
2022-09-01,2022-09-30,Nifty Midcap 100,excluded,IRCTC,01092022.pdf
2022-09-01,2022-09-30,Nifty Midcap 100,excluded,MANAPPURAM,01092022.pdf
2022-09-01,2022-09-30,Nifty Midcap 100,excluded,METROPOLIS,01092022.pdf
2022-09-01,2022-09-30,Nifty Midcap 100,excluded,MPHASIS,01092022.pdf
2022-09-01,2022-09-30,Nifty Midcap 100,included,AWL,01092022.pdf
2022-09-01,2022-09-30,Nifty Midcap 100,included,JUBLFOOD,01092022.pdf
2022-09-01,2022-09-30,Nifty Midcap 100,included,LINDEINDIA,01092022.pdf
2022-09-01,2022-09-30,Nifty Midcap 100,included,LUPIN,01092022.pdf
2022-09-01,2022-09-30,Nifty Midcap 100,included,MSUMI,01092022.pdf
2022-09-01,2022-09-30,Nifty Midcap 100,included,PATANJALI,01092022.pdf
2022-09-01,2022-09-30,Nifty Midcap 100,included,POONAWALLA,01092022.pdf
2022-09-01,2022-09-30,Nifty Midcap 100,included,PNB,01092022.pdf
2022-09-01,2022-09-30,Nifty Midcap 100,included,SAIL,01092022.pdf
2022-09-01,2022-09-30,Nifty Midcap 100,included,TTML,01092022.pdf
2022-09-01,2022-09-30,Nifty Midcap 100,included,TIINDIA,01092022.pdf
2022-09-01,2022-09-30,Nifty Midcap 100,included,ZYDUSLIFE,01092022.pdf
2022-09-01,2022-09-30,Nifty Smallcap 50,excluded,CENTRALBK,01092022.pdf
2022-09-01,2022-09-30,Nifty Smallcap 50,excluded,DEVYANI,01092022.pdf
2022-09-01,2022-09-30,Nifty Smallcap 50,excluded,DBL,01092022.pdf
2022-09-01,2022-09-30,Nifty Smallcap 50,excluded,GRANULES,01092022.pdf
2022-09-01,2022-09-30,Nifty Smallcap 50,excluded,HEG,01092022.pdf
2022-09-01,2022-09-30,Nifty Smallcap 50,excluded,IBULHSGFIN,01092022.pdf
2022-09-01,2022-09-30,Nifty Smallcap 50,excluded,IOB,01092022.pdf
2022-09-01,2022-09-30,Nifty Smallcap 50,excluded,MCX,01092022.pdf
2022-09-01,2022-09-30,Nifty Smallcap 50,excluded,NBCC,01092022.pdf
2022-09-01,2022-09-30,Nifty Smallcap 50,excluded,PNBHOUSING,01092022.pdf
2022-09-01,2022-09-30,Nifty Smallcap 50,excluded,POONAWALLA,01092022.pdf
2022-09-01,2022-09-30,Nifty Smallcap 50,excluded,RBLBANK,01092022.pdf
2022-09-01,2022-09-30,Nifty Smallcap 50,included,APOLLOTYRE,01092022.pdf
2022-09-01,2022-09-30,Nifty Smallcap 50,included,BALRAMCHIN,01092022.pdf
2022-09-01,2022-09-30,Nifty Smallcap 50,included,BDL,01092022.pdf
2022-09-01,2022-09-30,Nifty Smallcap 50,included,BSE,01092022.pdf
2022-09-01,2022-09-30,Nifty Smallcap 50,included,CAMPUS,01092022.pdf
2022-09-01,2022-09-30,Nifty Smallcap 50,included,MANAPPURAM,01092022.pdf
2022-09-01,2022-09-30,Nifty Smallcap 50,included,MRPL,01092022.pdf
2022-09-01,2022-09-30,Nifty Smallcap 50,included,METROPOLIS,01092022.pdf
2022-09-01,2022-09-30,Nifty Smallcap 50,included,REDINGTON,01092022.pdf
2022-09-01,2022-09-30,Nifty Smallcap 50,included,RENUKA,01092022.pdf
2022-09-01,2022-09-30,Nifty Smallcap 50,included,TV18BRDCST,01092022.pdf
2022-09-01,2022-09-30,Nifty Smallcap 100,excluded,APTUS,01092022.pdf
2022-09-01,2022-09-30,Nifty Smallcap 100,excluded,AVANTIFEED,01092022.pdf
2022-09-01,2022-09-30,Nifty Smallcap 100,excluded,BASF,01092022.pdf
2022-09-01,2022-09-30,Nifty Smallcap 100,excluded,CENTRALBK,01092022.pdf
2022-09-01,2022-09-30,Nifty Smallcap 100,excluded,DEVYANI,01092022.pdf
2022-09-01,2022-09-30,Nifty Smallcap 100,excluded,DBL,01092022.pdf
2022-09-01,2022-09-30,Nifty Smallcap 100,excluded,EDELWEISS,01092022.pdf
2022-09-01,2022-09-30,Nifty Smallcap 100,excluded,GMMPFAUDLR,01092022.pdf
2022-09-01,2022-09-30,Nifty Smallcap 100,excluded,HEG,01092022.pdf
2022-09-01,2022-09-30,Nifty Smallcap 100,excluded,IOB,01092022.pdf
2022-09-01,2022-09-30,Nifty Smallcap 100,excluded,JKLAKSHMI,01092022.pdf
2022-09-01,2022-09-30,Nifty Smallcap 100,excluded,JMFINANCIL,01092022.pdf
2022-09-01,2022-09-30,Nifty Smallcap 100,excluded,KALYANKJIL,01092022.pdf
2022-09-01,2022-09-30,Nifty Smallcap 100,excluded,MOTILALOFS,01092022.pdf
2022-09-01,2022-09-30,Nifty Smallcap 100,excluded,PNBHOUSING,01092022.pdf
2022-09-01,2022-09-30,Nifty Smallcap 100,excluded,POONAWALLA,01092022.pdf
2022-09-01,2022-09-30,Nifty Smallcap 100,excluded,PRINCEPIPE,01092022.pdf
2022-09-01,2022-09-30,Nifty Smallcap 100,excluded,RVNL,01092022.pdf
2022-09-01,2022-09-30,Nifty Smallcap 100,excluded,ROSSARI,01092022.pdf
2022-09-01,2022-09-30,Nifty Smallcap 100,excluded,SONATSOFTW,01092022.pdf
2022-09-01,2022-09-30,Nifty Smallcap 100,excluded,SPARC,01092022.pdf
2022-09-01,2022-09-30,Nifty Smallcap 100,included,AETHER,01092022.pdf
2022-09-01,2022-09-30,Nifty Smallcap 100,included,APOLLOTYRE,01092022.pdf
2022-09-01,2022-09-30,Nifty Smallcap 100,included,BORORENEW,01092022.pdf
2022-09-01,2022-09-30,Nifty Smallcap 100,included,CAMPUS,01092022.pdf
2022-09-01,2022-09-30,Nifty Smallcap 100,included,CREDITACC,01092022.pdf
2022-09-01,2022-09-30,Nifty Smallcap 100,included,DEEPAKFERT,01092022.pdf
2022-09-01,2022-09-30,Nifty Smallcap 100,included,EASEMYTRIP,01092022.pdf
2022-09-01,2022-09-30,Nifty Smallcap 100,included,ELGIEQUIP,01092022.pdf
2022-09-01,2022-09-30,Nifty Smallcap 100,included,EXIDEIND,01092022.pdf
2022-09-01,2022-09-30,Nifty Smallcap 100,included,GLENMARK,01092022.pdf
2022-09-01,2022-09-30,Nifty Smallcap 100,included,IDBI,01092022.pdf
2022-09-01,2022-09-30,Nifty Smallcap 100,included,IIFL,01092022.pdf
2022-09-01,2022-09-30,Nifty Smallcap 100,included,MANAPPURAM,01092022.pdf
2022-09-01,2022-09-30,Nifty Smallcap 100,included,MRPL,01092022.pdf
2022-09-01,2022-09-30,Nifty Smallcap 100,included,METROPOLIS,01092022.pdf
2022-09-01,2022-09-30,Nifty Smallcap 100,included,NETWORK18,01092022.pdf
2022-09-01,2022-09-30,Nifty Smallcap 100,included,NLCINDIA,01092022.pdf
2022-09-01,2022-09-30,Nifty Smallcap 100,included,POLYPLEX,01092022.pdf
2022-09-01,2022-09-30,Nifty Smallcap 100,included,PRAJIND,01092022.pdf
2022-09-01,2022-09-30,Nifty Smallcap 100,included,RENUKA,01092022.pdf
2022-09-01,2022-09-30,Nifty Smallcap 100,included,TRIVENI,01092022.pdf
2022-09-01,2022-09-30,Nifty 200,excluded,APLLTD,01092022.pdf
2022-09-01,2022-09-30,Nifty 200,excluded,APOLLOTYRE,01092022.pdf
2022-09-01,2022-09-30,Nifty 200,excluded,EXIDEIND,01092022.pdf
2022-09-01,2022-09-30,Nifty 200,excluded,GLENMARK,01092022.pdf
2022-09-01,2022-09-30,Nifty 200,excluded,IDBI,01092022.pdf
2022-09-01,2022-09-30,Nifty 200,excluded,MANAPPURAM,01092022.pdf
2022-09-01,2022-09-30,Nifty 200,excluded,METROPOLIS,01092022.pdf
2022-09-01,2022-09-30,Nifty 200,excluded,MINDTREE,01092022.pdf
2022-09-01,2022-09-30,Nifty 200,included,AWL,01092022.pdf
2022-09-01,2022-09-30,Nifty 200,included,LINDEINDIA,01092022.pdf
2022-09-01,2022-09-30,Nifty 200,included,MSUMI,01092022.pdf
2022-09-01,2022-09-30,Nifty 200,included,PATANJALI,01092022.pdf
2022-09-01,2022-09-30,Nifty 200,included,POONAWALLA,01092022.pdf
2022-09-01,2022-09-30,Nifty 200,included,MOTHERSON,01092022.pdf
2022-09-01,2022-09-30,Nifty 200,included,TTML,01092022.pdf
2022-09-01,2022-09-30,Nifty 200,included,TIINDIA,01092022.pdf
2018-03-06,2018-04-02,Nifty 500,excluded,VIDEOIND,06032018.pdf
2018-03-06,2018-04-02,Nifty 500,included,ERIS,06032018.pdf
2018-03-06,2018-04-02,Nifty Smallcap 250,excluded,VIDEOIND,06032018.pdf
2018-03-06,2018-04-02,Nifty Smallcap 250,included,ERIS,06032018.pdf
2017-03-07,2017-03-31,Nifty 500,excluded,SBBJ,07032017.pdf
2017-03-07,2017-03-31,Nifty 500,excluded,MYSOREBANK,07032017.pdf
2017-03-07,2017-03-31,Nifty 500,excluded,SBT,07032017.pdf
2017-03-07,2017-03-31,Nifty 500,included,FRETAIL,07032017.pdf
2017-03-07,2017-03-31,Nifty 500,included,MAXINDIA,07032017.pdf
2017-03-07,2017-03-31,Nifty 500,included,MGL,07032017.pdf
2017-03-07,2017-03-31,Nifty Smallcap 250,excluded,SBBJ,07032017.pdf
2017-03-07,2017-03-31,Nifty Smallcap 250,excluded,MYSOREBANK,07032017.pdf
2017-03-07,2017-03-31,Nifty Smallcap 250,excluded,SBT,07032017.pdf
2017-03-07,2017-03-31,Nifty Smallcap 250,included,FRETAIL,07032017.pdf
2017-03-07,2017-03-31,Nifty Smallcap 250,included,MAXINDIA,07032017.pdf
2017-03-07,2017-03-31,Nifty Smallcap 250,included,MGL,07032017.pdf
2017-03-07,2017-03-31,Nifty Smallcap 50,excluded,SBBJ,07032017.pdf
2017-03-07,2017-03-31,Nifty Smallcap 50,excluded,SBT,07032017.pdf
2017-03-07,2017-03-31,Nifty Smallcap 50,included,ADVENZYMES,07032017.pdf
2017-03-07,2017-03-31,Nifty Smallcap 50,included,ESCORTS,07032017.pdf
2020-09-07,2020-09-14,Nifty 500,excluded,ASAHIINDIA,07092020.pdf
2020-09-07,2020-09-14,Nifty 500,included,JTEKTINDIA,07092020.pdf
2020-09-07,2020-09-14,Nifty Smallcap 250,excluded,ASAHIINDIA,07092020.pdf
2020-09-07,2020-09-14,Nifty Smallcap 250,included,JTEKTINDIA,07092020.pdf
2020-09-07,2020-09-14,Nifty 500,excluded,ARVINDFASN,07092020.pdf
2020-09-07,2020-09-14,Nifty 500,excluded,KPITTECH,07092020.pdf
2020-09-07,2020-09-14,Nifty 500,excluded,REPCOHOME,07092020.pdf
2020-09-07,2020-09-14,Nifty 500,excluded,SPANDANA,07092020.pdf
2020-09-07,2020-09-14,Nifty 500,included,NOCIL,07092020.pdf
2020-09-07,2020-09-14,Nifty 500,included,PSPPROJECT,07092020.pdf
2020-09-07,2020-09-14,Nifty 500,included,SWARAJENG,07092020.pdf
2020-09-07,2020-09-14,Nifty 500,included,TATACOFFEE,07092020.pdf
2020-09-07,2020-09-14,Nifty Smallcap 250,excluded,ARVINDFASN,07092020.pdf
2020-09-07,2020-09-14,Nifty Smallcap 250,excluded,KPITTECH,07092020.pdf
2020-09-07,2020-09-14,Nifty Smallcap 250,excluded,REPCOHOME,07092020.pdf
2020-09-07,2020-09-14,Nifty Smallcap 250,excluded,SPANDANA,07092020.pdf
2020-09-07,2020-09-14,Nifty Smallcap 250,included,NOCIL,07092020.pdf
2020-09-07,2020-09-14,Nifty Smallcap 250,included,PSPPROJECT,07092020.pdf
2020-09-07,2020-09-14,Nifty Smallcap 250,included,SWARAJENG,07092020.pdf
2020-09-07,2020-09-14,Nifty Smallcap 250,included,TATACOFFEE,07092020.pdf
2020-09-07,2020-09-14,Nifty Smallcap 100,excluded,SPANDANA,07092020.pdf
2020-09-07,2020-09-14,Nifty Smallcap 100,included,HEIDELBERG,07092020.pdf
2023-02-09,2023-02-17,Nifty 500,excluded,INOXLEISUR,09022023_1.pdf
2023-02-09,2023-02-17,Nifty 500,included,PPLPHARMA,09022023_1.pdf
2023-02-09,2023-02-17,Nifty Smallcap 250,excluded,INOXLEISUR,09022023_1.pdf
2023-02-09,2023-02-17,Nifty Smallcap 250,included,PPLPHARMA,09022023_1.pdf
2026-08-10,2026-09-30,Nifty 50,excluded,WIPRO,10082026.pdf
2026-08-10,2026-09-30,Nifty 50,included,BSE,10082026.pdf
2026-08-10,2026-09-30,Nifty 500,excluded,3MINDIA,10082026.pdf
2026-08-10,2026-09-30,Nifty 500,excluded,ABFRL,10082026.pdf
2026-08-10,2026-09-30,Nifty 500,excluded,ABLBL,10082026.pdf
2026-08-10,2026-09-30,Nifty 500,excluded,BAYERCROP,10082026.pdf
2026-08-10,2026-09-30,Nifty 500,excluded,BIKAJI,10082026.pdf
2026-08-10,2026-09-30,Nifty 500,excluded,BLUEDART,10082026.pdf
2026-08-10,2026-09-30,Nifty 500,excluded,BLUEJET,10082026.pdf
2026-08-10,2026-09-30,Nifty 500,excluded,BBTC,10082026.pdf
2026-08-10,2026-09-30,Nifty 500,excluded,MAPMYINDIA,10082026.pdf
2026-08-10,2026-09-30,Nifty 500,excluded,CHALET,10082026.pdf
2026-08-10,2026-09-30,Nifty 500,excluded,DCMSHRIRAM,10082026.pdf
2026-08-10,2026-09-30,Nifty 500,excluded,ERIS,10082026.pdf
2026-08-10,2026-09-30,Nifty 500,excluded,GODIGIT,10082026.pdf
2026-08-10,2026-09-30,Nifty 500,excluded,INDGN,10082026.pdf
2026-08-10,2026-09-30,Nifty 500,excluded,JSWDULUX,10082026.pdf
2026-08-10,2026-09-30,Nifty 500,excluded,JUBLPHARMA,10082026.pdf
2026-08-10,2026-09-30,Nifty 500,excluded,LATENTVIEW,10082026.pdf
2026-08-10,2026-09-30,Nifty 500,excluded,THELEELA,10082026.pdf
2026-08-10,2026-09-30,Nifty 500,excluded,NEWGEN,10082026.pdf
2026-08-10,2026-09-30,Nifty 500,excluded,NIVABUPA,10082026.pdf
2026-08-10,2026-09-30,Nifty 500,excluded,PFIZER,10082026.pdf
2026-08-10,2026-09-30,Nifty 500,excluded,SAPPHIRE,10082026.pdf
2026-08-10,2026-09-30,Nifty 500,excluded,SAREGAMA,10082026.pdf
2026-08-10,2026-09-30,Nifty 500,excluded,SBFC,10082026.pdf
2026-08-10,2026-09-30,Nifty 500,excluded,SONATSOFTW,10082026.pdf
2026-08-10,2026-09-30,Nifty 500,excluded,SPLPETRO,10082026.pdf
2026-08-10,2026-09-30,Nifty 500,excluded,TRAVELFOOD,10082026.pdf
2026-08-10,2026-09-30,Nifty 500,included,AETHER,10082026.pdf
2026-08-10,2026-09-30,Nifty 500,included,AVANTIFEED,10082026.pdf
2026-08-10,2026-09-30,Nifty 500,included,AZAD,10082026.pdf
2026-08-10,2026-09-30,Nifty 500,included,BAGMANE,10082026.pdf
2026-08-10,2026-09-30,Nifty 500,included,BHARATCOAL,10082026.pdf
2026-08-10,2026-09-30,Nifty 500,included,BBOX,10082026.pdf
2026-08-10,2026-09-30,Nifty 500,included,BIRET,10082026.pdf
2026-08-10,2026-09-30,Nifty 500,included,CMPDI,10082026.pdf
2026-08-10,2026-09-30,Nifty 500,included,CLEANMAX,10082026.pdf
2026-08-10,2026-09-30,Nifty 500,included,CUPID,10082026.pdf
2026-08-10,2026-09-30,Nifty 500,included,EMBASSY,10082026.pdf
2026-08-10,2026-09-30,Nifty 500,included,FRACTAL,10082026.pdf
2026-08-10,2026-09-30,Nifty 500,included,INOXINDIA,10082026.pdf
2026-08-10,2026-09-30,Nifty 500,included,KIRLOSBROS,10082026.pdf
2026-08-10,2026-09-30,Nifty 500,included,KSB,10082026.pdf
2026-08-10,2026-09-30,Nifty 500,included,MTARTECH,10082026.pdf
2026-08-10,2026-09-30,Nifty 500,included,PRIVISCL,10082026.pdf
2026-08-10,2026-09-30,Nifty 500,included,RUBICON,10082026.pdf
2026-08-10,2026-09-30,Nifty 500,included,SANSERA,10082026.pdf
2026-08-10,2026-09-30,Nifty 500,included,SHRIPISTON,10082026.pdf
2026-08-10,2026-09-30,Nifty 500,included,STLTECH,10082026.pdf
2026-08-10,2026-09-30,Nifty 500,included,TDPOWERSYS,10082026.pdf
2026-08-10,2026-09-30,Nifty 500,included,THANGAMAYL,10082026.pdf
2026-08-10,2026-09-30,Nifty 500,included,VAML,10082026.pdf
2026-08-10,2026-09-30,Nifty 500,included,VISL,10082026.pdf
2026-08-10,2026-09-30,Nifty 500,included,VOGL,10082026.pdf
2026-08-10,2026-09-30,Nifty 500,included,VEDPOWER,10082026.pdf
2026-08-10,2026-09-30,Nifty 100,excluded,INDHOTEL,10082026.pdf
2026-08-10,2026-09-30,Nifty 100,excluded,LODHA,10082026.pdf
2026-08-10,2026-09-30,Nifty 100,excluded,RECLTD,10082026.pdf
2026-08-10,2026-09-30,Nifty 100,excluded,SHREECEM,10082026.pdf
2026-08-10,2026-09-30,Nifty 100,excluded,UNITDSPR,10082026.pdf
2026-08-10,2026-09-30,Nifty 100,included,BSE,10082026.pdf
2026-08-10,2026-09-30,Nifty 100,included,POWERINDIA,10082026.pdf
2026-08-10,2026-09-30,Nifty 100,included,POLYCAB,10082026.pdf
2026-08-10,2026-09-30,Nifty 100,included,VAML,10082026.pdf
2026-08-10,2026-09-30,Nifty 100,included,IDEA,10082026.pdf
2026-08-10,2026-09-30,Nifty Midcap 150,excluded,3MINDIA,10082026.pdf
2026-08-10,2026-09-30,Nifty Midcap 150,excluded,ACC,10082026.pdf
2026-08-10,2026-09-30,Nifty Midcap 150,excluded,APOLLOTYRE,10082026.pdf
2026-08-10,2026-09-30,Nifty Midcap 150,excluded,AWL,10082026.pdf
2026-08-10,2026-09-30,Nifty Midcap 150,excluded,BSE,10082026.pdf
2026-08-10,2026-09-30,Nifty Midcap 150,excluded,POWERINDIA,10082026.pdf
2026-08-10,2026-09-30,Nifty Midcap 150,excluded,HONAUT,10082026.pdf
2026-08-10,2026-09-30,Nifty Midcap 150,excluded,KPITTECH,10082026.pdf
2026-08-10,2026-09-30,Nifty Midcap 150,excluded,POLYCAB,10082026.pdf
2026-08-10,2026-09-30,Nifty Midcap 150,excluded,SJVN,10082026.pdf
2026-08-10,2026-09-30,Nifty Midcap 150,excluded,TATAELXSI,10082026.pdf
2026-08-10,2026-09-30,Nifty Midcap 150,excluded,NIACL,10082026.pdf
2026-08-10,2026-09-30,Nifty Midcap 150,excluded,IDEA,10082026.pdf
2026-08-10,2026-09-30,Nifty Midcap 150,included,ASTERDM,10082026.pdf
2026-08-10,2026-09-30,Nifty Midcap 150,included,EMBASSY,10082026.pdf
2026-08-10,2026-09-30,Nifty Midcap 150,included,FACT,10082026.pdf
2026-08-10,2026-09-30,Nifty Midcap 150,included,HINDCOPPER,10082026.pdf
2026-08-10,2026-09-30,Nifty Midcap 150,included,INDHOTEL,10082026.pdf
2026-08-10,2026-09-30,Nifty Midcap 150,included,IOB,10082026.pdf
2026-08-10,2026-09-30,Nifty Midcap 150,included,LODHA,10082026.pdf
2026-08-10,2026-09-30,Nifty Midcap 150,included,MEESHO,10082026.pdf
2026-08-10,2026-09-30,Nifty Midcap 150,included,NH,10082026.pdf
2026-08-10,2026-09-30,Nifty Midcap 150,included,PIRAMALFIN,10082026.pdf
2026-08-10,2026-09-30,Nifty Midcap 150,included,RECLTD,10082026.pdf
2026-08-10,2026-09-30,Nifty Midcap 150,included,SHREECEM,10082026.pdf
2026-08-10,2026-09-30,Nifty Midcap 150,included,UNITDSPR,10082026.pdf
2026-08-10,2026-09-30,Nifty Smallcap 250,excluded,ABFRL,10082026.pdf
2026-08-10,2026-09-30,Nifty Smallcap 250,excluded,ABLBL,10082026.pdf
2026-08-10,2026-09-30,Nifty Smallcap 250,excluded,ASTERDM,10082026.pdf
2026-08-10,2026-09-30,Nifty Smallcap 250,excluded,BAYERCROP,10082026.pdf
2026-08-10,2026-09-30,Nifty Smallcap 250,excluded,BIKAJI,10082026.pdf
2026-08-10,2026-09-30,Nifty Smallcap 250,excluded,BLUEDART,10082026.pdf
2026-08-10,2026-09-30,Nifty Smallcap 250,excluded,BLUEJET,10082026.pdf
2026-08-10,2026-09-30,Nifty Smallcap 250,excluded,BBTC,10082026.pdf
2026-08-10,2026-09-30,Nifty Smallcap 250,excluded,MAPMYINDIA,10082026.pdf
2026-08-10,2026-09-30,Nifty Smallcap 250,excluded,CHALET,10082026.pdf
2026-08-10,2026-09-30,Nifty Smallcap 250,excluded,DCMSHRIRAM,10082026.pdf
2026-08-10,2026-09-30,Nifty Smallcap 250,excluded,ERIS,10082026.pdf
2026-08-10,2026-09-30,Nifty Smallcap 250,excluded,FACT,10082026.pdf
2026-08-10,2026-09-30,Nifty Smallcap 250,excluded,GODIGIT,10082026.pdf
2026-08-10,2026-09-30,Nifty Smallcap 250,excluded,HINDCOPPER,10082026.pdf
2026-08-10,2026-09-30,Nifty Smallcap 250,excluded,INDGN,10082026.pdf
2026-08-10,2026-09-30,Nifty Smallcap 250,excluded,IOB,10082026.pdf
2026-08-10,2026-09-30,Nifty Smallcap 250,excluded,JSWDULUX,10082026.pdf
2026-08-10,2026-09-30,Nifty Smallcap 250,excluded,JUBLPHARMA,10082026.pdf
2026-08-10,2026-09-30,Nifty Smallcap 250,excluded,LATENTVIEW,10082026.pdf
2026-08-10,2026-09-30,Nifty Smallcap 250,excluded,THELEELA,10082026.pdf
2026-08-10,2026-09-30,Nifty Smallcap 250,excluded,MEESHO,10082026.pdf
2026-08-10,2026-09-30,Nifty Smallcap 250,excluded,NH,10082026.pdf
2026-08-10,2026-09-30,Nifty Smallcap 250,excluded,NEWGEN,10082026.pdf
2026-08-10,2026-09-30,Nifty Smallcap 250,excluded,NIVABUPA,10082026.pdf
2026-08-10,2026-09-30,Nifty Smallcap 250,excluded,PFIZER,10082026.pdf
2026-08-10,2026-09-30,Nifty Smallcap 250,excluded,PIRAMALFIN,10082026.pdf
2026-08-10,2026-09-30,Nifty Smallcap 250,excluded,SAPPHIRE,10082026.pdf
2026-08-10,2026-09-30,Nifty Smallcap 250,excluded,SAREGAMA,10082026.pdf
2026-08-10,2026-09-30,Nifty Smallcap 250,excluded,SBFC,10082026.pdf
2026-08-10,2026-09-30,Nifty Smallcap 250,excluded,SONATSOFTW,10082026.pdf
2026-08-10,2026-09-30,Nifty Smallcap 250,excluded,SPLPETRO,10082026.pdf
2026-08-10,2026-09-30,Nifty Smallcap 250,excluded,TRAVELFOOD,10082026.pdf
2026-08-10,2026-09-30,Nifty Smallcap 250,included,ACC,10082026.pdf
2026-08-10,2026-09-30,Nifty Smallcap 250,included,AETHER,10082026.pdf
2026-08-10,2026-09-30,Nifty Smallcap 250,included,APOLLOTYRE,10082026.pdf
2026-08-10,2026-09-30,Nifty Smallcap 250,included,AVANTIFEED,10082026.pdf
2026-08-10,2026-09-30,Nifty Smallcap 250,included,AWL,10082026.pdf
2026-08-10,2026-09-30,Nifty Smallcap 250,included,AZAD,10082026.pdf
2026-08-10,2026-09-30,Nifty Smallcap 250,included,BAGMANE,10082026.pdf
2026-08-10,2026-09-30,Nifty Smallcap 250,included,BHARATCOAL,10082026.pdf
2026-08-10,2026-09-30,Nifty Smallcap 250,included,BBOX,10082026.pdf
2026-08-10,2026-09-30,Nifty Smallcap 250,included,BIRET,10082026.pdf
2026-08-10,2026-09-30,Nifty Smallcap 250,included,CMPDI,10082026.pdf
2026-08-10,2026-09-30,Nifty Smallcap 250,included,CLEANMAX,10082026.pdf
2026-08-10,2026-09-30,Nifty Smallcap 250,included,CUPID,10082026.pdf
2026-08-10,2026-09-30,Nifty Smallcap 250,included,FRACTAL,10082026.pdf
2026-08-10,2026-09-30,Nifty Smallcap 250,included,HONAUT,10082026.pdf
2026-08-10,2026-09-30,Nifty Smallcap 250,included,INOXINDIA,10082026.pdf
2026-08-10,2026-09-30,Nifty Smallcap 250,included,KIRLOSBROS,10082026.pdf
2026-08-10,2026-09-30,Nifty Smallcap 250,included,KPITTECH,10082026.pdf
2026-08-10,2026-09-30,Nifty Smallcap 250,included,KSB,10082026.pdf
2026-08-10,2026-09-30,Nifty Smallcap 250,included,MTARTECH,10082026.pdf
2026-08-10,2026-09-30,Nifty Smallcap 250,included,PRIVISCL,10082026.pdf
2026-08-10,2026-09-30,Nifty Smallcap 250,included,RUBICON,10082026.pdf
2026-08-10,2026-09-30,Nifty Smallcap 250,included,SANSERA,10082026.pdf
2026-08-10,2026-09-30,Nifty Smallcap 250,included,SJVN,10082026.pdf
2026-08-10,2026-09-30,Nifty Smallcap 250,included,SHRIPISTON,10082026.pdf
2026-08-10,2026-09-30,Nifty Smallcap 250,included,STLTECH,10082026.pdf
2026-08-10,2026-09-30,Nifty Smallcap 250,included,TATAELXSI,10082026.pdf
2026-08-10,2026-09-30,Nifty Smallcap 250,included,TDPOWERSYS,10082026.pdf
2026-08-10,2026-09-30,Nifty Smallcap 250,included,THANGAMAYL,10082026.pdf
2026-08-10,2026-09-30,Nifty Smallcap 250,included,NIACL,10082026.pdf
2026-08-10,2026-09-30,Nifty Smallcap 250,included,VISL,10082026.pdf
2026-08-10,2026-09-30,Nifty Smallcap 250,included,VOGL,10082026.pdf
2026-08-10,2026-09-30,Nifty Smallcap 250,included,VEDPOWER,10082026.pdf
2026-08-10,2026-09-30,Nifty Next 50,excluded,INDHOTEL,10082026.pdf
2026-08-10,2026-09-30,Nifty Next 50,excluded,LODHA,10082026.pdf
2026-08-10,2026-09-30,Nifty Next 50,excluded,RECLTD,10082026.pdf
2026-08-10,2026-09-30,Nifty Next 50,excluded,SHREECEM,10082026.pdf
2026-08-10,2026-09-30,Nifty Next 50,excluded,UNITDSPR,10082026.pdf
2026-08-10,2026-09-30,Nifty Next 50,included,POWERINDIA,10082026.pdf
2026-08-10,2026-09-30,Nifty Next 50,included,POLYCAB,10082026.pdf
2026-08-10,2026-09-30,Nifty Next 50,included,VAML,10082026.pdf
2026-08-10,2026-09-30,Nifty Next 50,included,IDEA,10082026.pdf
2026-08-10,2026-09-30,Nifty Next 50,included,WIPRO,10082026.pdf
2026-08-10,2026-09-30,Nifty Midcap 50,excluded,ALKEM,10082026.pdf
2026-08-10,2026-09-30,Nifty Midcap 50,excluded,BSE,10082026.pdf
2026-08-10,2026-09-30,Nifty Midcap 50,excluded,COFORGE,10082026.pdf
2026-08-10,2026-09-30,Nifty Midcap 50,excluded,COLPAL,10082026.pdf
2026-08-10,2026-09-30,Nifty Midcap 50,excluded,MPHASIS,10082026.pdf
2026-08-10,2026-09-30,Nifty Midcap 50,excluded,POLYCAB,10082026.pdf
2026-08-10,2026-09-30,Nifty Midcap 50,excluded,SBICARD,10082026.pdf
2026-08-10,2026-09-30,Nifty Midcap 50,excluded,SUPREMEIND,10082026.pdf
2026-08-10,2026-09-30,Nifty Midcap 50,included,GVT&D,10082026.pdf
2026-08-10,2026-09-30,Nifty Midcap 50,included,GLENMARK,10082026.pdf
2026-08-10,2026-09-30,Nifty Midcap 50,included,INDHOTEL,10082026.pdf
2026-08-10,2026-09-30,Nifty Midcap 50,included,JSWENERGY,10082026.pdf
2026-08-10,2026-09-30,Nifty Midcap 50,included,NATIONALUM,10082026.pdf
2026-08-10,2026-09-30,Nifty Midcap 50,included,RECLTD,10082026.pdf
2026-08-10,2026-09-30,Nifty Midcap 50,included,UNITDSPR,10082026.pdf
2026-08-10,2026-09-30,Nifty Midcap 50,included,VMM,10082026.pdf
2026-08-10,2026-09-30,Nifty Midcap 100,excluded,ALKEM,10082026.pdf
2026-08-10,2026-09-30,Nifty Midcap 100,excluded,BSE,10082026.pdf
2026-08-10,2026-09-30,Nifty Midcap 100,excluded,COROMANDEL,10082026.pdf
2026-08-10,2026-09-30,Nifty Midcap 100,excluded,POWERINDIA,10082026.pdf
2026-08-10,2026-09-30,Nifty Midcap 100,excluded,HUDCO,10082026.pdf
2026-08-10,2026-09-30,Nifty Midcap 100,excluded,KPITTECH,10082026.pdf
2026-08-10,2026-09-30,Nifty Midcap 100,excluded,POLYCAB,10082026.pdf
2026-08-10,2026-09-30,Nifty Midcap 100,excluded,TATAELXSI,10082026.pdf
2026-08-10,2026-09-30,Nifty Midcap 100,excluded,TATAINVEST,10082026.pdf
2026-08-10,2026-09-30,Nifty Midcap 100,excluded,IDEA,10082026.pdf
2026-08-10,2026-09-30,Nifty Midcap 100,included,APARINDS,10082026.pdf
2026-08-10,2026-09-30,Nifty Midcap 100,included,MAHABANK,10082026.pdf
2026-08-10,2026-09-30,Nifty Midcap 100,included,HINDCOPPER,10082026.pdf
2026-08-10,2026-09-30,Nifty Midcap 100,included,INDHOTEL,10082026.pdf
2026-08-10,2026-09-30,Nifty Midcap 100,included,LICI,10082026.pdf
2026-08-10,2026-09-30,Nifty Midcap 100,included,LODHA,10082026.pdf
2026-08-10,2026-09-30,Nifty Midcap 100,included,MEESHO,10082026.pdf
2026-08-10,2026-09-30,Nifty Midcap 100,included,NLCINDIA,10082026.pdf
2026-08-10,2026-09-30,Nifty Midcap 100,included,RECLTD,10082026.pdf
2026-08-10,2026-09-30,Nifty Midcap 100,included,UNITDSPR,10082026.pdf
2026-08-10,2026-09-30,Nifty Smallcap 50,excluded,ASTERDM,10082026.pdf
2026-08-10,2026-09-30,Nifty Smallcap 50,excluded,CASTROLIND,10082026.pdf
2026-08-10,2026-09-30,Nifty Smallcap 50,excluded,CESC,10082026.pdf
2026-08-10,2026-09-30,Nifty Smallcap 50,excluded,CHOLAHLDNG,10082026.pdf
2026-08-10,2026-09-30,Nifty Smallcap 50,excluded,COHANCE,10082026.pdf
2026-08-10,2026-09-30,Nifty Smallcap 50,excluded,FIVESTAR,10082026.pdf
2026-08-10,2026-09-30,Nifty Smallcap 50,excluded,HINDCOPPER,10082026.pdf
2026-08-10,2026-09-30,Nifty Smallcap 50,excluded,KEC,10082026.pdf
2026-08-10,2026-09-30,Nifty Smallcap 50,excluded,NH,10082026.pdf
2026-08-10,2026-09-30,Nifty Smallcap 50,excluded,PIRAMALFIN,10082026.pdf
2026-08-10,2026-09-30,Nifty Smallcap 50,excluded,RPOWER,10082026.pdf
2026-08-10,2026-09-30,Nifty Smallcap 50,included,ACUTAAS,10082026.pdf
2026-08-10,2026-09-30,Nifty Smallcap 50,included,APOLLOTYRE,10082026.pdf
2026-08-10,2026-09-30,Nifty Smallcap 50,included,ATHERENERG,10082026.pdf
2026-08-10,2026-09-30,Nifty Smallcap 50,included,GESHIP,10082026.pdf
2026-08-10,2026-09-30,Nifty Smallcap 50,included,HFCL,10082026.pdf
2026-08-10,2026-09-30,Nifty Smallcap 50,included,KIRLOSENG,10082026.pdf
2026-08-10,2026-09-30,Nifty Smallcap 50,included,KPITTECH,10082026.pdf
2026-08-10,2026-09-30,Nifty Smallcap 50,included,MTARTECH,10082026.pdf
2026-08-10,2026-09-30,Nifty Smallcap 50,included,ONESOURCE,10082026.pdf
2026-08-10,2026-09-30,Nifty Smallcap 50,included,TATAELXSI,10082026.pdf
2026-08-10,2026-09-30,Nifty Smallcap 50,included,TDPOWERSYS,10082026.pdf
2026-08-10,2026-09-30,Nifty Smallcap 100,excluded,ABREL,10082026.pdf
2026-08-10,2026-09-30,Nifty Smallcap 100,excluded,AFCONS,10082026.pdf
2026-08-10,2026-09-30,Nifty Smallcap 100,excluded,APTUS,10082026.pdf
2026-08-10,2026-09-30,Nifty Smallcap 100,excluded,ASTERDM,10082026.pdf
2026-08-10,2026-09-30,Nifty Smallcap 100,excluded,BLS,10082026.pdf
2026-08-10,2026-09-30,Nifty Smallcap 100,excluded,FIRSTCRY,10082026.pdf
2026-08-10,2026-09-30,Nifty Smallcap 100,excluded,CASTROLIND,10082026.pdf
2026-08-10,2026-09-30,Nifty Smallcap 100,excluded,CHAMBLFERT,10082026.pdf
2026-08-10,2026-09-30,Nifty Smallcap 100,excluded,FIVESTAR,10082026.pdf
2026-08-10,2026-09-30,Nifty Smallcap 100,excluded,HINDCOPPER,10082026.pdf
2026-08-10,2026-09-30,Nifty Smallcap 100,excluded,IRCON,10082026.pdf
2026-08-10,2026-09-30,Nifty Smallcap 100,excluded,JMFINANCIL,10082026.pdf
2026-08-10,2026-09-30,Nifty Smallcap 100,excluded,MEESHO,10082026.pdf
2026-08-10,2026-09-30,Nifty Smallcap 100,excluded,NH,10082026.pdf
2026-08-10,2026-09-30,Nifty Smallcap 100,excluded,PIRAMALFIN,10082026.pdf
2026-08-10,2026-09-30,Nifty Smallcap 100,excluded,RPOWER,10082026.pdf
2026-08-10,2026-09-30,Nifty Smallcap 100,excluded,SARDAEN,10082026.pdf
2026-08-10,2026-09-30,Nifty Smallcap 100,excluded,SIGNATURE,10082026.pdf
2026-08-10,2026-09-30,Nifty Smallcap 100,excluded,STARHEALTH,10082026.pdf
2026-08-10,2026-09-30,Nifty Smallcap 100,excluded,SWANCORP,10082026.pdf
2026-08-10,2026-09-30,Nifty Smallcap 100,excluded,RAMCOCEM,10082026.pdf
2026-08-10,2026-09-30,Nifty Smallcap 100,excluded,WHIRLPOOL,10082026.pdf
2026-08-10,2026-09-30,Nifty Smallcap 100,excluded,ZENSARTECH,10082026.pdf
2026-08-10,2026-09-30,Nifty Smallcap 100,included,ACUTAAS,10082026.pdf
2026-08-10,2026-09-30,Nifty Smallcap 100,included,APOLLOTYRE,10082026.pdf
2026-08-10,2026-09-30,Nifty Smallcap 100,included,AVANTIFEED,10082026.pdf
2026-08-10,2026-09-30,Nifty Smallcap 100,included,BELRISE,10082026.pdf
2026-08-10,2026-09-30,Nifty Smallcap 100,included,BHARATCOAL,10082026.pdf
2026-08-10,2026-09-30,Nifty Smallcap 100,included,CEMPRO,10082026.pdf
2026-08-10,2026-09-30,Nifty Smallcap 100,included,CMPDI,10082026.pdf
2026-08-10,2026-09-30,Nifty Smallcap 100,included,CHENNPETRO,10082026.pdf
2026-08-10,2026-09-30,Nifty Smallcap 100,included,CUPID,10082026.pdf
2026-08-10,2026-09-30,Nifty Smallcap 100,included,EMMVEE,10082026.pdf
2026-08-10,2026-09-30,Nifty Smallcap 100,included,GALLANTT,10082026.pdf
2026-08-10,2026-09-30,Nifty Smallcap 100,included,HFCL,10082026.pdf
2026-08-10,2026-09-30,Nifty Smallcap 100,included,KIRLOSENG,10082026.pdf
2026-08-10,2026-09-30,Nifty Smallcap 100,included,KPITTECH,10082026.pdf
2026-08-10,2026-09-30,Nifty Smallcap 100,included,MTARTECH,10082026.pdf
2026-08-10,2026-09-30,Nifty Smallcap 100,included,ONESOURCE,10082026.pdf
2026-08-10,2026-09-30,Nifty Smallcap 100,included,RRKABEL,10082026.pdf
2026-08-10,2026-09-30,Nifty Smallcap 100,included,SAMMAANCAP,10082026.pdf
2026-08-10,2026-09-30,Nifty Smallcap 100,included,STLTECH,10082026.pdf
2026-08-10,2026-09-30,Nifty Smallcap 100,included,SYRMA,10082026.pdf
2026-08-10,2026-09-30,Nifty Smallcap 100,included,TATAELXSI,10082026.pdf
2026-08-10,2026-09-30,Nifty Smallcap 100,included,TDPOWERSYS,10082026.pdf
2026-08-10,2026-09-30,Nifty Smallcap 100,included,VEDPOWER,10082026.pdf
2026-08-10,2026-09-30,Nifty 200,excluded,ALKEM,10082026.pdf
2026-08-10,2026-09-30,Nifty 200,excluded,COROMANDEL,10082026.pdf
2026-08-10,2026-09-30,Nifty 200,excluded,HUDCO,10082026.pdf
2026-08-10,2026-09-30,Nifty 200,excluded,KPITTECH,10082026.pdf
2026-08-10,2026-09-30,Nifty 200,excluded,SHREECEM,10082026.pdf
2026-08-10,2026-09-30,Nifty 200,excluded,TATAELXSI,10082026.pdf
2026-08-10,2026-09-30,Nifty 200,excluded,TATAINVEST,10082026.pdf
2026-08-10,2026-09-30,Nifty 200,included,APARINDS,10082026.pdf
2026-08-10,2026-09-30,Nifty 200,included,MAHABANK,10082026.pdf
2026-08-10,2026-09-30,Nifty 200,included,HINDCOPPER,10082026.pdf
2026-08-10,2026-09-30,Nifty 200,included,LICI,10082026.pdf
2026-08-10,2026-09-30,Nifty 200,included,MEESHO,10082026.pdf
2026-08-10,2026-09-30,Nifty 200,included,NLCINDIA,10082026.pdf
2026-08-10,2026-09-30,Nifty 200,included,VAML,10082026.pdf
2016-08-12,2016-09-30,Nifty Next 50,excluded,RCOM,12082016.pdf
2016-08-12,2016-09-30,Nifty Next 50,excluded,RECLTD,12082016.pdf
2016-08-12,2016-09-30,Nifty Next 50,included,INDIGO,12082016.pdf
2016-08-12,2016-09-30,Nifty Next 50,included,PEL,12082016.pdf
2016-08-12,2016-09-30,Nifty 100,excluded,RCOM,12082016.pdf
2016-08-12,2016-09-30,Nifty 100,excluded,RECLTD,12082016.pdf
2016-08-12,2016-09-30,Nifty 100,included,INDIGO,12082016.pdf
2016-08-12,2016-09-30,Nifty 100,included,PEL,12082016.pdf
2016-08-12,2016-09-30,Nifty 200,excluded,ALBK,12082016.pdf
2016-08-12,2016-09-30,Nifty 200,excluded,BEML,12082016.pdf
2016-08-12,2016-09-30,Nifty 200,excluded,GESHIP,12082016.pdf
2016-08-12,2016-09-30,Nifty 200,excluded,HINDCOPPER,12082016.pdf
2016-08-12,2016-09-30,Nifty 200,excluded,MMTC,12082016.pdf
2016-08-12,2016-09-30,Nifty 200,excluded,REDINGTON,12082016.pdf
2016-08-12,2016-09-30,Nifty 200,excluded,TTKPRESTIG,12082016.pdf
2016-08-12,2016-09-30,Nifty 200,excluded,UCOBANK,12082016.pdf
2016-08-12,2016-09-30,Nifty 200,excluded,VIDEOIND,12082016.pdf
2016-08-12,2016-09-30,Nifty 200,included,ABFRL,12082016.pdf
2016-08-12,2016-09-30,Nifty 200,included,ABIRLANUVO,12082016.pdf
2016-08-12,2016-09-30,Nifty 200,included,ALKEM,12082016.pdf
2016-08-12,2016-09-30,Nifty 200,included,CHOLAFIN,12082016.pdf
2016-08-12,2016-09-30,Nifty 200,included,COROMANDEL,12082016.pdf
2016-08-12,2016-09-30,Nifty 200,included,IDFCBANK,12082016.pdf
2016-08-12,2016-09-30,Nifty 200,included,INDIGO,12082016.pdf
2016-08-12,2016-09-30,Nifty 200,included,MFSL,12082016.pdf
2016-08-12,2016-09-30,Nifty 200,included,PIIND,12082016.pdf
2016-08-12,2016-09-30,Nifty 500,excluded,AARTIDRUGS,12082016.pdf
2016-08-12,2016-09-30,Nifty 500,excluded,ABGSHIP,12082016.pdf
2016-08-12,2016-09-30,Nifty 500,excluded,ASHIANA,12082016.pdf
2016-08-12,2016-09-30,Nifty 500,excluded,CASTEXTECH,12082016.pdf
2016-08-12,2016-09-30,Nifty 500,excluded,CLNINDIA,12082016.pdf
2016-08-12,2016-09-30,Nifty 500,excluded,ELECTCAST,12082016.pdf
2016-08-12,2016-09-30,Nifty 500,excluded,ELGIEQUIP,12082016.pdf
2016-08-12,2016-09-30,Nifty 500,excluded,ESSDEE,12082016.pdf
2016-08-12,2016-09-30,Nifty 500,excluded,FINANTECH,12082016.pdf
2016-08-12,2016-09-30,Nifty 500,excluded,GLOBOFFS,12082016.pdf
2016-08-12,2016-09-30,Nifty 500,excluded,HMT,12082016.pdf
2016-08-12,2016-09-30,Nifty 500,excluded,HOTELEELA,12082016.pdf
2016-08-12,2016-09-30,Nifty 500,excluded,IFBIND,12082016.pdf
2016-08-12,2016-09-30,Nifty 500,excluded,INEOSSTYRO,12082016.pdf
2016-08-12,2016-09-30,Nifty 500,excluded,KIRLOSENG,12082016.pdf
2016-08-12,2016-09-30,Nifty 500,excluded,KSK,12082016.pdf
2016-08-12,2016-09-30,Nifty 500,excluded,MINDACORP,12082016.pdf
2016-08-12,2016-09-30,Nifty 500,excluded,PARSVNATH,12082016.pdf
2016-08-12,2016-09-30,Nifty 500,excluded,PURVA,12082016.pdf
2016-08-12,2016-09-30,Nifty 500,excluded,RATNAMANI,12082016.pdf
2016-08-12,2016-09-30,Nifty 500,excluded,SADBHIN,12082016.pdf
2016-08-12,2016-09-30,Nifty 500,excluded,TTML,12082016.pdf
2016-08-12,2016-09-30,Nifty 500,excluded,TREEHOUSE,12082016.pdf
2016-08-12,2016-09-30,Nifty 500,excluded,TBZ,12082016.pdf
2016-08-12,2016-09-30,Nifty 500,excluded,VAIBHAVGBL,12082016.pdf
2016-08-12,2016-09-30,Nifty 500,included,ABIRLANUVO,12082016.pdf
2016-08-12,2016-09-30,Nifty 500,included,ALKEM,12082016.pdf
2016-08-12,2016-09-30,Nifty 500,included,APLAPOLLO,12082016.pdf
2016-08-12,2016-09-30,Nifty 500,included,CARBORUNIV,12082016.pdf
2016-08-12,2016-09-30,Nifty 500,included,COFFEEDAY,12082016.pdf
2016-08-12,2016-09-30,Nifty 500,included,CROMPGREAV,12082016.pdf
2016-08-12,2016-09-30,Nifty 500,included,LALPATHLAB,12082016.pdf
2016-08-12,2016-09-30,Nifty 500,included,EQUITAS,12082016.pdf
2016-08-12,2016-09-30,Nifty 500,included,IDFCBANK,12082016.pdf
2016-08-12,2016-09-30,Nifty 500,included,INFIBEAM,12082016.pdf
2016-08-12,2016-09-30,Nifty 500,included,INDIGO,12082016.pdf
2016-08-12,2016-09-30,Nifty 500,included,ITDCEM,12082016.pdf
2016-08-12,2016-09-30,Nifty 500,included,KSBPUMPS,12082016.pdf
2016-08-12,2016-09-30,Nifty 500,included,LINDEINDIA,12082016.pdf
2016-08-12,2016-09-30,Nifty 500,included,MFSL,12082016.pdf
2016-08-12,2016-09-30,Nifty 500,included,NH,12082016.pdf
2016-08-12,2016-09-30,Nifty 500,included,NAVINFLUOR,12082016.pdf
2016-08-12,2016-09-30,Nifty 500,included,NILKAMAL,12082016.pdf
2016-08-12,2016-09-30,Nifty 500,included,OCL,12082016.pdf
2016-08-12,2016-09-30,Nifty 500,included,RELIGARE,12082016.pdf
2016-08-12,2016-09-30,Nifty 500,included,SEQUENT,12082016.pdf
2016-08-12,2016-09-30,Nifty 500,included,SFCL,12082016.pdf
2016-08-12,2016-09-30,Nifty 500,included,MYSOREBANK,12082016.pdf
2016-08-12,2016-09-30,Nifty 500,included,SBT,12082016.pdf
2016-08-12,2016-09-30,Nifty 500,included,SUPRAJIT,12082016.pdf
2016-08-12,2016-09-30,Nifty Midcap 150,excluded,ALBK,12082016.pdf
2016-08-12,2016-09-30,Nifty Midcap 150,excluded,BASF,12082016.pdf
2016-08-12,2016-09-30,Nifty Midcap 150,excluded,BEML,12082016.pdf
2016-08-12,2016-09-30,Nifty Midcap 150,excluded,MMTC,12082016.pdf
2016-08-12,2016-09-30,Nifty Midcap 150,excluded,PEL,12082016.pdf
2016-08-12,2016-09-30,Nifty Midcap 150,excluded,PRISMCEM,12082016.pdf
2016-08-12,2016-09-30,Nifty Midcap 150,excluded,REDINGTON,12082016.pdf
2016-08-12,2016-09-30,Nifty Midcap 150,excluded,UCOBANK,12082016.pdf
2016-08-12,2016-09-30,Nifty Midcap 150,excluded,VIDEOIND,12082016.pdf
2016-08-12,2016-09-30,Nifty Midcap 150,included,ABFRL,12082016.pdf
2016-08-12,2016-09-30,Nifty Midcap 150,included,ABIRLANUVO,12082016.pdf
2016-08-12,2016-09-30,Nifty Midcap 150,included,ALKEM,12082016.pdf
2016-08-12,2016-09-30,Nifty Midcap 150,included,LALPATHLAB,12082016.pdf
2016-08-12,2016-09-30,Nifty Midcap 150,included,IDFCBANK,12082016.pdf
2016-08-12,2016-09-30,Nifty Midcap 150,included,MFSL,12082016.pdf
2016-08-12,2016-09-30,Nifty Midcap 150,included,NH,12082016.pdf
2016-08-12,2016-09-30,Nifty Midcap 150,included,RCOM,12082016.pdf
2016-08-12,2016-09-30,Nifty Midcap 150,included,RECLTD,12082016.pdf
2016-08-12,2016-09-30,Nifty Midcap 50,excluded,ALBK,12082016.pdf
2016-08-12,2016-09-30,Nifty Midcap 50,excluded,JUSTDIAL,12082016.pdf
2016-08-12,2016-09-30,Nifty Midcap 50,excluded,SYNDIBANK,12082016.pdf
2016-08-12,2016-09-30,Nifty Midcap 50,included,ABIRLANUVO,12082016.pdf
2016-08-12,2016-09-30,Nifty Midcap 50,included,RCOM,12082016.pdf
2016-08-12,2016-09-30,Nifty Midcap 50,included,RECLTD,12082016.pdf
2016-08-12,2016-09-30,Nifty Smallcap 250,excluded,AARTIDRUGS,12082016.pdf
2016-08-12,2016-09-30,Nifty Smallcap 250,excluded,ABGSHIP,12082016.pdf
2016-08-12,2016-09-30,Nifty Smallcap 250,excluded,ABFRL,12082016.pdf
2016-08-12,2016-09-30,Nifty Smallcap 250,excluded,ASHIANA,12082016.pdf
2016-08-12,2016-09-30,Nifty Smallcap 250,excluded,CASTEXTECH,12082016.pdf
2016-08-12,2016-09-30,Nifty Smallcap 250,excluded,CLNINDIA,12082016.pdf
2016-08-12,2016-09-30,Nifty Smallcap 250,excluded,ELECTCAST,12082016.pdf
2016-08-12,2016-09-30,Nifty Smallcap 250,excluded,ELGIEQUIP,12082016.pdf
2016-08-12,2016-09-30,Nifty Smallcap 250,excluded,ESSDEE,12082016.pdf
2016-08-12,2016-09-30,Nifty Smallcap 250,excluded,FINANTECH,12082016.pdf
2016-08-12,2016-09-30,Nifty Smallcap 250,excluded,GLOBOFFS,12082016.pdf
2016-08-12,2016-09-30,Nifty Smallcap 250,excluded,HMT,12082016.pdf
2016-08-12,2016-09-30,Nifty Smallcap 250,excluded,HOTELEELA,12082016.pdf
2016-08-12,2016-09-30,Nifty Smallcap 250,excluded,IFBIND,12082016.pdf
2016-08-12,2016-09-30,Nifty Smallcap 250,excluded,INEOSSTYRO,12082016.pdf
2016-08-12,2016-09-30,Nifty Smallcap 250,excluded,KIRLOSENG,12082016.pdf
2016-08-12,2016-09-30,Nifty Smallcap 250,excluded,KSK,12082016.pdf
2016-08-12,2016-09-30,Nifty Smallcap 250,excluded,MINDACORP,12082016.pdf
2016-08-12,2016-09-30,Nifty Smallcap 250,excluded,PARSVNATH,12082016.pdf
2016-08-12,2016-09-30,Nifty Smallcap 250,excluded,PURVA,12082016.pdf
2016-08-12,2016-09-30,Nifty Smallcap 250,excluded,RATNAMANI,12082016.pdf
2016-08-12,2016-09-30,Nifty Smallcap 250,excluded,SADBHIN,12082016.pdf
2016-08-12,2016-09-30,Nifty Smallcap 250,excluded,TTML,12082016.pdf
2016-08-12,2016-09-30,Nifty Smallcap 250,excluded,TREEHOUSE,12082016.pdf
2016-08-12,2016-09-30,Nifty Smallcap 250,excluded,TBZ,12082016.pdf
2016-08-12,2016-09-30,Nifty Smallcap 250,excluded,VAIBHAVGBL,12082016.pdf
2016-08-12,2016-09-30,Nifty Smallcap 250,included,ALBK,12082016.pdf
2016-08-12,2016-09-30,Nifty Smallcap 250,included,APLAPOLLO,12082016.pdf
2016-08-12,2016-09-30,Nifty Smallcap 250,included,BASF,12082016.pdf
2016-08-12,2016-09-30,Nifty Smallcap 250,included,BEML,12082016.pdf
2016-08-12,2016-09-30,Nifty Smallcap 250,included,CARBORUNIV,12082016.pdf
2016-08-12,2016-09-30,Nifty Smallcap 250,included,COFFEEDAY,12082016.pdf
2016-08-12,2016-09-30,Nifty Smallcap 250,included,CROMPGREAV,12082016.pdf
2016-08-12,2016-09-30,Nifty Smallcap 250,included,EQUITAS,12082016.pdf
2016-08-12,2016-09-30,Nifty Smallcap 250,included,INFIBEAM,12082016.pdf
2016-08-12,2016-09-30,Nifty Smallcap 250,included,ITDCEM,12082016.pdf
2016-08-12,2016-09-30,Nifty Smallcap 250,included,KSBPUMPS,12082016.pdf
2016-08-12,2016-09-30,Nifty Smallcap 250,included,LINDEINDIA,12082016.pdf
2016-08-12,2016-09-30,Nifty Smallcap 250,included,MMTC,12082016.pdf
2016-08-12,2016-09-30,Nifty Smallcap 250,included,NAVINFLUOR,12082016.pdf
2016-08-12,2016-09-30,Nifty Smallcap 250,included,NILKAMAL,12082016.pdf
2016-08-12,2016-09-30,Nifty Smallcap 250,included,OCL,12082016.pdf
2016-08-12,2016-09-30,Nifty Smallcap 250,included,PRISMCEM,12082016.pdf
2016-08-12,2016-09-30,Nifty Smallcap 250,included,REDINGTON,12082016.pdf
2016-08-12,2016-09-30,Nifty Smallcap 250,included,RELIGARE,12082016.pdf
2016-08-12,2016-09-30,Nifty Smallcap 250,included,SEQUENT,12082016.pdf
2016-08-12,2016-09-30,Nifty Smallcap 250,included,SFCL,12082016.pdf
2016-08-12,2016-09-30,Nifty Smallcap 250,included,MYSOREBANK,12082016.pdf
2016-08-12,2016-09-30,Nifty Smallcap 250,included,SBT,12082016.pdf
2016-08-12,2016-09-30,Nifty Smallcap 250,included,SUPRAJIT,12082016.pdf
2016-08-12,2016-09-30,Nifty Smallcap 250,included,UCOBANK,12082016.pdf
2016-08-12,2016-09-30,Nifty Smallcap 250,included,VIDEOIND,12082016.pdf
2016-08-12,2016-09-30,Nifty Smallcap 50,excluded,BFUTILITIE,12082016.pdf
2016-08-12,2016-09-30,Nifty Smallcap 50,excluded,DENABANK,12082016.pdf
2016-08-12,2016-09-30,Nifty Smallcap 50,excluded,EROSMEDIA,12082016.pdf
2016-08-12,2016-09-30,Nifty Smallcap 50,excluded,JPASSOCIAT,12082016.pdf
2016-08-12,2016-09-30,Nifty Smallcap 50,excluded,JPPOWER,12082016.pdf
2016-08-12,2016-09-30,Nifty Smallcap 50,excluded,KTKBANK,12082016.pdf
2016-08-12,2016-09-30,Nifty Smallcap 50,excluded,KITEX,12082016.pdf
2016-08-12,2016-09-30,Nifty Smallcap 50,excluded,MARKSANS,12082016.pdf
2016-08-12,2016-09-30,Nifty Smallcap 50,excluded,MCLEODRUSS,12082016.pdf
2016-08-12,2016-09-30,Nifty Smallcap 50,excluded,PFS,12082016.pdf
2016-08-12,2016-09-30,Nifty Smallcap 50,included,ALBK,12082016.pdf
2016-08-12,2016-09-30,Nifty Smallcap 50,included,BEML,12082016.pdf
2016-08-12,2016-09-30,Nifty Smallcap 50,included,CAPF,12082016.pdf
2016-08-12,2016-09-30,Nifty Smallcap 50,included,CROMPGREAV,12082016.pdf
2016-08-12,2016-09-30,Nifty Smallcap 50,included,EQUITAS,12082016.pdf
2016-08-12,2016-09-30,Nifty Smallcap 50,included,INFIBEAM,12082016.pdf
2016-08-12,2016-09-30,Nifty Smallcap 50,included,MONSANTO,12082016.pdf
2016-08-12,2016-09-30,Nifty Smallcap 50,included,SBBJ,12082016.pdf
2016-08-12,2016-09-30,Nifty Smallcap 50,included,SBT,12082016.pdf
2016-08-12,2016-09-30,Nifty Smallcap 50,included,UCOBANK,12082016.pdf
2017-01-16,2017-01-23,Nifty 500,excluded,DISHMAN,16012017.pdf
2017-01-16,2017-01-23,Nifty 500,excluded,MFSL,16012017.pdf
2017-01-16,2017-01-23,Nifty 500,excluded,OCL,16012017.pdf
2017-01-16,2017-01-23,Nifty 500,excluded,SFCL,16012017.pdf
2017-01-16,2017-01-23,Nifty 500,included,ADVENZYMES,16012017.pdf
2017-01-16,2017-01-23,Nifty 500,included,ASAHIINDIA,16012017.pdf
2017-01-16,2017-01-23,Nifty 500,included,RBLBANK,16012017.pdf
2017-01-16,2017-01-23,Nifty 500,included,UJJIVAN,16012017.pdf
2017-01-16,2017-01-23,Nifty Midcap 150,excluded,MFSL,16012017.pdf
2017-01-16,2017-01-23,Nifty Midcap 150,included,RBLBANK,16012017.pdf
2017-01-16,2017-01-23,Nifty 200,excluded,MFSL,16012017.pdf
2017-01-16,2017-01-23,Nifty 200,included,RBLBANK,16012017.pdf
2017-01-16,2017-01-23,Nifty Smallcap 250,excluded,DISHMAN,16012017.pdf
2017-01-16,2017-01-23,Nifty Smallcap 250,excluded,OCL,16012017.pdf
2017-01-16,2017-01-23,Nifty Smallcap 250,excluded,SFCL,16012017.pdf
2017-01-16,2017-01-23,Nifty Smallcap 250,included,ADVENZYMES,16012017.pdf
2017-01-16,2017-01-23,Nifty Smallcap 250,included,ASAHIINDIA,16012017.pdf
2017-01-16,2017-01-23,Nifty Smallcap 250,included,UJJIVAN,16012017.pdf
2017-02-16,2017-03-31,Nifty 50,excluded,BHEL,16022017.pdf
2017-02-16,2017-03-31,Nifty 50,excluded,IDEA,16022017.pdf
2017-02-16,2017-03-31,Nifty 50,included,IBULHSGFIN,16022017.pdf
2017-02-16,2017-03-31,Nifty 50,included,IOC,16022017.pdf
2017-02-16,2017-03-31,Nifty 500,excluded,ALOKTEXT,16022017.pdf
2017-02-16,2017-03-31,Nifty 500,excluded,BRFL,16022017.pdf
2017-02-16,2017-03-31,Nifty 500,excluded,BRIGADE,16022017.pdf
2017-02-16,2017-03-31,Nifty 500,excluded,DYNAMATECH,16022017.pdf
2017-02-16,2017-03-31,Nifty 500,excluded,FLFL,16022017.pdf
2017-02-16,2017-03-31,Nifty 500,excluded,INGERRAND,16022017.pdf
2017-02-16,2017-03-31,Nifty 500,excluded,IPAPPM,16022017.pdf
2017-02-16,2017-03-31,Nifty 500,excluded,JPPOWER,16022017.pdf
2017-02-16,2017-03-31,Nifty 500,excluded,JPINFRATEC,16022017.pdf
2017-02-16,2017-03-31,Nifty 500,excluded,JSWHL,16022017.pdf
2017-02-16,2017-03-31,Nifty 500,excluded,KSBPUMPS,16022017.pdf
2017-02-16,2017-03-31,Nifty 500,excluded,LAOPALA,16022017.pdf
2017-02-16,2017-03-31,Nifty 500,excluded,LITL,16022017.pdf
2017-02-16,2017-03-31,Nifty 500,excluded,LINDEINDIA,16022017.pdf
2017-02-16,2017-03-31,Nifty 500,excluded,MAHLIFE,16022017.pdf
2017-02-16,2017-03-31,Nifty 500,excluded,MAYURUNIQ,16022017.pdf
2017-02-16,2017-03-31,Nifty 500,excluded,SEQUENT,16022017.pdf
2017-02-16,2017-03-31,Nifty 500,excluded,SHOPERSTOP,16022017.pdf
2017-02-16,2017-03-31,Nifty 500,excluded,SIMPLEXINF,16022017.pdf
2017-02-16,2017-03-31,Nifty 500,excluded,SINTEX,16022017.pdf
2017-02-16,2017-03-31,Nifty 500,excluded,SITINET,16022017.pdf
2017-02-16,2017-03-31,Nifty 500,excluded,SBBJ,16022017.pdf
2017-02-16,2017-03-31,Nifty 500,excluded,MYSOREBANK,16022017.pdf
2017-02-16,2017-03-31,Nifty 500,excluded,SBT,16022017.pdf
2017-02-16,2017-03-31,Nifty 500,excluded,SUPRAJIT,16022017.pdf
2017-02-16,2017-03-31,Nifty 500,included,DBL,16022017.pdf
2017-02-16,2017-03-31,Nifty 500,included,ENDURANCE,16022017.pdf
2017-02-16,2017-03-31,Nifty 500,included,FMGOETZE,16022017.pdf
2017-02-16,2017-03-31,Nifty 500,included,FRETAIL,16022017.pdf
2017-02-16,2017-03-31,Nifty 500,included,GHCL,16022017.pdf
2017-02-16,2017-03-31,Nifty 500,included,GNFC,16022017.pdf
2017-02-16,2017-03-31,Nifty 500,included,GUJALKALI,16022017.pdf
2017-02-16,2017-03-31,Nifty 500,included,ICICIPRULI,16022017.pdf
2017-02-16,2017-03-31,Nifty 500,included,KNRCON,16022017.pdf
2017-02-16,2017-03-31,Nifty 500,included,LTI,16022017.pdf
2017-02-16,2017-03-31,Nifty 500,included,LTTS,16022017.pdf
2017-02-16,2017-03-31,Nifty 500,included,MAXINDIA,16022017.pdf
2017-02-16,2017-03-31,Nifty 500,included,MGL,16022017.pdf
2017-02-16,2017-03-31,Nifty 500,included,MINDACORP,16022017.pdf
2017-02-16,2017-03-31,Nifty 500,included,MINDAIND,16022017.pdf
2017-02-16,2017-03-31,Nifty 500,included,NAVNETEDUL,16022017.pdf
2017-02-16,2017-03-31,Nifty 500,included,NBVENTURES,16022017.pdf
2017-02-16,2017-03-31,Nifty 500,included,PARAGMILK,16022017.pdf
2017-02-16,2017-03-31,Nifty 500,included,QUESS,16022017.pdf
2017-02-16,2017-03-31,Nifty 500,included,RATNAMANI,16022017.pdf
2017-02-16,2017-03-31,Nifty 500,included,SHILPI,16022017.pdf
2017-02-16,2017-03-31,Nifty 500,included,STRTECH,16022017.pdf
2017-02-16,2017-03-31,Nifty 500,included,SUDARSCHEM,16022017.pdf
2017-02-16,2017-03-31,Nifty 500,included,TATAINVEST,16022017.pdf
2017-02-16,2017-03-31,Nifty 500,included,THYROCARE,16022017.pdf
2017-02-16,2017-03-31,Nifty 100,excluded,APOLLOHOSP,16022017.pdf
2017-02-16,2017-03-31,Nifty 100,excluded,BHARATFORG,16022017.pdf
2017-02-16,2017-03-31,Nifty 100,excluded,CASTROLIND,16022017.pdf
2017-02-16,2017-03-31,Nifty 100,included,ICICIPRULI,16022017.pdf
2017-02-16,2017-03-31,Nifty 100,included,PETRONET,16022017.pdf
2017-02-16,2017-03-31,Nifty 100,included,RECLTD,16022017.pdf
2017-02-16,2017-03-31,Nifty Midcap 150,excluded,INOXWIND,16022017.pdf
2017-02-16,2017-03-31,Nifty Midcap 150,excluded,JETAIRWAYS,16022017.pdf
2017-02-16,2017-03-31,Nifty Midcap 150,excluded,JUSTDIAL,16022017.pdf
2017-02-16,2017-03-31,Nifty Midcap 150,excluded,NETWORK18,16022017.pdf
2017-02-16,2017-03-31,Nifty Midcap 150,excluded,PERSISTENT,16022017.pdf
2017-02-16,2017-03-31,Nifty Midcap 150,excluded,PETRONET,16022017.pdf
2017-02-16,2017-03-31,Nifty Midcap 150,excluded,RECLTD,16022017.pdf
2017-02-16,2017-03-31,Nifty Midcap 150,excluded,SADBHAV,16022017.pdf
2017-02-16,2017-03-31,Nifty Midcap 150,excluded,TATAELXSI,16022017.pdf
2017-02-16,2017-03-31,Nifty Midcap 150,included,APOLLOHOSP,16022017.pdf
2017-02-16,2017-03-31,Nifty Midcap 150,included,BHARATFORG,16022017.pdf
2017-02-16,2017-03-31,Nifty Midcap 150,included,CASTROLIND,16022017.pdf
2017-02-16,2017-03-31,Nifty Midcap 150,included,ENDURANCE,16022017.pdf
2017-02-16,2017-03-31,Nifty Midcap 150,included,LTI,16022017.pdf
2017-02-16,2017-03-31,Nifty Midcap 150,included,LTTS,16022017.pdf
2017-02-16,2017-03-31,Nifty Midcap 150,included,MANAPPURAM,16022017.pdf
2017-02-16,2017-03-31,Nifty Midcap 150,included,MOTILALOFS,16022017.pdf
2017-02-16,2017-03-31,Nifty Midcap 150,included,QUESS,16022017.pdf
2017-02-16,2017-03-31,Nifty Smallcap 250,excluded,ALOKTEXT,16022017.pdf
2017-02-16,2017-03-31,Nifty Smallcap 250,excluded,BRFL,16022017.pdf
2017-02-16,2017-03-31,Nifty Smallcap 250,excluded,BRIGADE,16022017.pdf
2017-02-16,2017-03-31,Nifty Smallcap 250,excluded,DYNAMATECH,16022017.pdf
2017-02-16,2017-03-31,Nifty Smallcap 250,excluded,FLFL,16022017.pdf
2017-02-16,2017-03-31,Nifty Smallcap 250,excluded,INGERRAND,16022017.pdf
2017-02-16,2017-03-31,Nifty Smallcap 250,excluded,IPAPPM,16022017.pdf
2017-02-16,2017-03-31,Nifty Smallcap 250,excluded,JPPOWER,16022017.pdf
2017-02-16,2017-03-31,Nifty Smallcap 250,excluded,JPINFRATEC,16022017.pdf
2017-02-16,2017-03-31,Nifty Smallcap 250,excluded,JSWHL,16022017.pdf
2017-02-16,2017-03-31,Nifty Smallcap 250,excluded,KSBPUMPS,16022017.pdf
2017-02-16,2017-03-31,Nifty Smallcap 250,excluded,LAOPALA,16022017.pdf
2017-02-16,2017-03-31,Nifty Smallcap 250,excluded,LITL,16022017.pdf
2017-02-16,2017-03-31,Nifty Smallcap 250,excluded,LINDEINDIA,16022017.pdf
2017-02-16,2017-03-31,Nifty Smallcap 250,excluded,MAHLIFE,16022017.pdf
2017-02-16,2017-03-31,Nifty Smallcap 250,excluded,MANAPPURAM,16022017.pdf
2017-02-16,2017-03-31,Nifty Smallcap 250,excluded,MAYURUNIQ,16022017.pdf
2017-02-16,2017-03-31,Nifty Smallcap 250,excluded,MOTILALOFS,16022017.pdf
2017-02-16,2017-03-31,Nifty Smallcap 250,excluded,SEQUENT,16022017.pdf
2017-02-16,2017-03-31,Nifty Smallcap 250,excluded,SHOPERSTOP,16022017.pdf
2017-02-16,2017-03-31,Nifty Smallcap 250,excluded,SIMPLEXINF,16022017.pdf
2017-02-16,2017-03-31,Nifty Smallcap 250,excluded,SINTEX,16022017.pdf
2017-02-16,2017-03-31,Nifty Smallcap 250,excluded,SITINET,16022017.pdf
2017-02-16,2017-03-31,Nifty Smallcap 250,excluded,SBBJ,16022017.pdf
2017-02-16,2017-03-31,Nifty Smallcap 250,excluded,MYSOREBANK,16022017.pdf
2017-02-16,2017-03-31,Nifty Smallcap 250,excluded,SBT,16022017.pdf
2017-02-16,2017-03-31,Nifty Smallcap 250,excluded,SUPRAJIT,16022017.pdf
2017-02-16,2017-03-31,Nifty Smallcap 250,included,DBL,16022017.pdf
2017-02-16,2017-03-31,Nifty Smallcap 250,included,FMGOETZE,16022017.pdf
2017-02-16,2017-03-31,Nifty Smallcap 250,included,FRETAIL,16022017.pdf
2017-02-16,2017-03-31,Nifty Smallcap 250,included,GHCL,16022017.pdf
2017-02-16,2017-03-31,Nifty Smallcap 250,included,GNFC,16022017.pdf
2017-02-16,2017-03-31,Nifty Smallcap 250,included,GUJALKALI,16022017.pdf
2017-02-16,2017-03-31,Nifty Smallcap 250,included,INOXWIND,16022017.pdf
2017-02-16,2017-03-31,Nifty Smallcap 250,included,JETAIRWAYS,16022017.pdf
2017-02-16,2017-03-31,Nifty Smallcap 250,included,JUSTDIAL,16022017.pdf
2017-02-16,2017-03-31,Nifty Smallcap 250,included,KNRCON,16022017.pdf
2017-02-16,2017-03-31,Nifty Smallcap 250,included,MAXINDIA,16022017.pdf
2017-02-16,2017-03-31,Nifty Smallcap 250,included,MGL,16022017.pdf
2017-02-16,2017-03-31,Nifty Smallcap 250,included,MINDACORP,16022017.pdf
2017-02-16,2017-03-31,Nifty Smallcap 250,included,MINDAIND,16022017.pdf
2017-02-16,2017-03-31,Nifty Smallcap 250,included,NAVNETEDUL,16022017.pdf
2017-02-16,2017-03-31,Nifty Smallcap 250,included,NBVENTURES,16022017.pdf
2017-02-16,2017-03-31,Nifty Smallcap 250,included,NETWORK18,16022017.pdf
2017-02-16,2017-03-31,Nifty Smallcap 250,included,PARAGMILK,16022017.pdf
2017-02-16,2017-03-31,Nifty Smallcap 250,included,PERSISTENT,16022017.pdf
2017-02-16,2017-03-31,Nifty Smallcap 250,included,RATNAMANI,16022017.pdf
2017-02-16,2017-03-31,Nifty Smallcap 250,included,SADBHAV,16022017.pdf
2017-02-16,2017-03-31,Nifty Smallcap 250,included,SHILPI,16022017.pdf
2017-02-16,2017-03-31,Nifty Smallcap 250,included,STRTECH,16022017.pdf
2017-02-16,2017-03-31,Nifty Smallcap 250,included,SUDARSCHEM,16022017.pdf
2017-02-16,2017-03-31,Nifty Smallcap 250,included,TATAELXSI,16022017.pdf
2017-02-16,2017-03-31,Nifty Smallcap 250,included,TATAINVEST,16022017.pdf
2017-02-16,2017-03-31,Nifty Smallcap 250,included,THYROCARE,16022017.pdf
2017-02-16,2017-03-31,Nifty Next 50,excluded,APOLLOHOSP,16022017.pdf
2017-02-16,2017-03-31,Nifty Next 50,excluded,BHARATFORG,16022017.pdf
2017-02-16,2017-03-31,Nifty Next 50,excluded,CASTROLIND,16022017.pdf
2017-02-16,2017-03-31,Nifty Next 50,excluded,IBULHSGFIN,16022017.pdf
2017-02-16,2017-03-31,Nifty Next 50,excluded,IOC,16022017.pdf
2017-02-16,2017-03-31,Nifty Next 50,included,BHEL,16022017.pdf
2017-02-16,2017-03-31,Nifty Next 50,included,ICICIPRULI,16022017.pdf
2017-02-16,2017-03-31,Nifty Next 50,included,IDEA,16022017.pdf
2017-02-16,2017-03-31,Nifty Next 50,included,PETRONET,16022017.pdf
2017-02-16,2017-03-31,Nifty Next 50,included,RECLTD,16022017.pdf
2017-02-16,2017-03-31,Nifty Midcap 50,excluded,HEXAWARE,16022017.pdf
2017-02-16,2017-03-31,Nifty Midcap 50,excluded,PETRONET,16022017.pdf
2017-02-16,2017-03-31,Nifty Midcap 50,excluded,RECLTD,16022017.pdf
2017-02-16,2017-03-31,Nifty Midcap 50,included,APOLLOHOSP,16022017.pdf
2017-02-16,2017-03-31,Nifty Midcap 50,included,BHARATFORG,16022017.pdf
2017-02-16,2017-03-31,Nifty Midcap 50,included,CASTROLIND,16022017.pdf
2017-02-16,2017-03-31,Nifty 200,excluded,GUJFLUORO,16022017.pdf
2017-02-16,2017-03-31,Nifty 200,excluded,IOB,16022017.pdf
2017-02-16,2017-03-31,Nifty 200,excluded,INOXWIND,16022017.pdf
2017-02-16,2017-03-31,Nifty 200,excluded,JETAIRWAYS,16022017.pdf
2017-02-16,2017-03-31,Nifty 200,excluded,JUSTDIAL,16022017.pdf
2017-02-16,2017-03-31,Nifty 200,excluded,PERSISTENT,16022017.pdf
2017-02-16,2017-03-31,Nifty 200,excluded,PFIZER,16022017.pdf
2017-02-16,2017-03-31,Nifty 200,excluded,TATAELXSI,16022017.pdf
2017-02-16,2017-03-31,Nifty 200,included,DALMIABHA,16022017.pdf
2017-02-16,2017-03-31,Nifty 200,included,EDELWEISS,16022017.pdf
2017-02-16,2017-03-31,Nifty 200,included,ENDURANCE,16022017.pdf
2017-02-16,2017-03-31,Nifty 200,included,LALPATHLAB,16022017.pdf
2017-02-16,2017-03-31,Nifty 200,included,ICICIPRULI,16022017.pdf
2017-02-16,2017-03-31,Nifty 200,included,LTTS,16022017.pdf
2017-02-16,2017-03-31,Nifty 200,included,MANAPPURAM,16022017.pdf
2017-02-16,2017-03-31,Nifty 200,included,QUESS,16022017.pdf
2017-02-16,2017-03-31,Nifty Smallcap 50,excluded,ASTRAZEN,16022017.pdf
2017-02-16,2017-03-31,Nifty Smallcap 50,excluded,GRANULES,16022017.pdf
2017-02-16,2017-03-31,Nifty Smallcap 50,excluded,KPIT,16022017.pdf
2017-02-16,2017-03-31,Nifty Smallcap 50,excluded,MANAPPURAM,16022017.pdf
2017-02-16,2017-03-31,Nifty Smallcap 50,excluded,NIITTECH,16022017.pdf
2017-02-16,2017-03-31,Nifty Smallcap 50,excluded,SINTEX,16022017.pdf
2017-02-16,2017-03-31,Nifty Smallcap 50,excluded,SBBJ,16022017.pdf
2017-02-16,2017-03-31,Nifty Smallcap 50,excluded,SBT,16022017.pdf
2017-02-16,2017-03-31,Nifty Smallcap 50,excluded,SUVEN,16022017.pdf
2017-02-16,2017-03-31,Nifty Smallcap 50,excluded,TEXRAIL,16022017.pdf
2017-02-16,2017-03-31,Nifty Smallcap 50,included,ADVENZYMES,16022017.pdf
2017-02-16,2017-03-31,Nifty Smallcap 50,included,CANFINHOME,16022017.pdf
2017-02-16,2017-03-31,Nifty Smallcap 50,included,ESCORTS,16022017.pdf
2017-02-16,2017-03-31,Nifty Smallcap 50,included,JETAIRWAYS,16022017.pdf
2017-02-16,2017-03-31,Nifty Smallcap 50,included,MGL,16022017.pdf
2017-02-16,2017-03-31,Nifty Smallcap 50,included,MMTC,16022017.pdf
2017-02-16,2017-03-31,Nifty Smallcap 50,included,MOIL,16022017.pdf
2017-02-16,2017-03-31,Nifty Smallcap 50,included,TATAELXSI,16022017.pdf
2017-02-16,2017-03-31,Nifty Smallcap 50,included,UJJIVAN,16022017.pdf
2017-02-16,2017-03-31,Nifty Smallcap 50,included,VGUARD,16022017.pdf
2023-02-17,2023-03-31,Nifty Next 50,excluded,BANDHANBNK,17022023_1.pdf
2023-02-17,2023-03-31,Nifty Next 50,excluded,BIOCON,17022023_1.pdf
2023-02-17,2023-03-31,Nifty Next 50,excluded,GLAND,17022023_1.pdf
2023-02-17,2023-03-31,Nifty Next 50,excluded,MPHASIS,17022023_1.pdf
2023-02-17,2023-03-31,Nifty Next 50,excluded,PAYTM,17022023_1.pdf
2023-02-17,2023-03-31,Nifty Next 50,included,ABB,17022023_1.pdf
2023-02-17,2023-03-31,Nifty Next 50,included,AWL,17022023_1.pdf
2023-02-17,2023-03-31,Nifty Next 50,included,CANBK,17022023_1.pdf
2023-02-17,2023-03-31,Nifty Next 50,included,PAGEIND,17022023_1.pdf
2023-02-17,2023-03-31,Nifty Next 50,included,VBL,17022023_1.pdf
2023-02-17,2023-03-31,Nifty 500,excluded,ABSLAMC,17022023_1.pdf
2023-02-17,2023-03-31,Nifty 500,excluded,ALOKINDS,17022023_1.pdf
2023-02-17,2023-03-31,Nifty 500,excluded,ASTRAZEN,17022023_1.pdf
2023-02-17,2023-03-31,Nifty 500,excluded,BHARATRAS,17022023_1.pdf
2023-02-17,2023-03-31,Nifty 500,excluded,CAPLIPOINT,17022023_1.pdf
2023-02-17,2023-03-31,Nifty 500,excluded,DHANI,17022023_1.pdf
2023-02-17,2023-03-31,Nifty 500,excluded,DBL,17022023_1.pdf
2023-02-17,2023-03-31,Nifty 500,excluded,HATSUN,17022023_1.pdf
2023-02-17,2023-03-31,Nifty 500,excluded,INDOCO,17022023_1.pdf
2023-02-17,2023-03-31,Nifty 500,excluded,MOIL,17022023_1.pdf
2023-02-17,2023-03-31,Nifty 500,excluded,PRIVISCL,17022023_1.pdf
2023-02-17,2023-03-31,Nifty 500,excluded,PGHL,17022023_1.pdf
2023-02-17,2023-03-31,Nifty 500,excluded,SFL,17022023_1.pdf
2023-02-17,2023-03-31,Nifty 500,excluded,SHILPAMED,17022023_1.pdf
2023-02-17,2023-03-31,Nifty 500,excluded,SIS,17022023_1.pdf
2023-02-17,2023-03-31,Nifty 500,excluded,SUDARSCHEM,17022023_1.pdf
2023-02-17,2023-03-31,Nifty 500,excluded,SYMPHONY,17022023_1.pdf
2023-02-17,2023-03-31,Nifty 500,excluded,TATACOFFEE,17022023_1.pdf
2023-02-17,2023-03-31,Nifty 500,excluded,THYROCARE,17022023_1.pdf
2023-02-17,2023-03-31,Nifty 500,excluded,WOCKPHARMA,17022023_1.pdf
2023-02-17,2023-03-31,Nifty 500,included,AARTIIND,17022023_1.pdf
2023-02-17,2023-03-31,Nifty 500,included,ADANIPOWER,17022023_1.pdf
2023-02-17,2023-03-31,Nifty 500,included,APARINDS,17022023_1.pdf
2023-02-17,2023-03-31,Nifty 500,included,ACI,17022023_1.pdf
2023-02-17,2023-03-31,Nifty 500,included,BIKAJI,17022023_1.pdf
2023-02-17,2023-03-31,Nifty 500,included,BLS,17022023_1.pdf
2023-02-17,2023-03-31,Nifty 500,included,CRAFTSMAN,17022023_1.pdf
2023-02-17,2023-03-31,Nifty 500,included,DATAPATTNS,17022023_1.pdf
2023-02-17,2023-03-31,Nifty 500,included,FIVESTAR,17022023_1.pdf
2023-02-17,2023-03-31,Nifty 500,included,MEDANTA,17022023_1.pdf
2023-02-17,2023-03-31,Nifty 500,included,INGERRAND,17022023_1.pdf
2023-02-17,2023-03-31,Nifty 500,included,JINDWORLD,17022023_1.pdf
2023-02-17,2023-03-31,Nifty 500,included,KENNAMET,17022023_1.pdf
2023-02-17,2023-03-31,Nifty 500,included,RUSTOMJEE,17022023_1.pdf
2023-02-17,2023-03-31,Nifty 500,included,KFINTECH,17022023_1.pdf
2023-02-17,2023-03-31,Nifty 500,included,KSB,17022023_1.pdf
2023-02-17,2023-03-31,Nifty 500,included,MFL,17022023_1.pdf
2023-02-17,2023-03-31,Nifty 500,included,NMDC,17022023_1.pdf
2023-02-17,2023-03-31,Nifty 500,included,PEL,17022023_1.pdf
2023-02-17,2023-03-31,Nifty 500,included,TMB,17022023_1.pdf
2023-02-17,2023-03-31,Nifty 100,excluded,BANDHANBNK,17022023_1.pdf
2023-02-17,2023-03-31,Nifty 100,excluded,BIOCON,17022023_1.pdf
2023-02-17,2023-03-31,Nifty 100,excluded,GLAND,17022023_1.pdf
2023-02-17,2023-03-31,Nifty 100,excluded,MPHASIS,17022023_1.pdf
2023-02-17,2023-03-31,Nifty 100,excluded,PAYTM,17022023_1.pdf
2023-02-17,2023-03-31,Nifty 100,included,ABB,17022023_1.pdf
2023-02-17,2023-03-31,Nifty 100,included,AWL,17022023_1.pdf
2023-02-17,2023-03-31,Nifty 100,included,CANBK,17022023_1.pdf
2023-02-17,2023-03-31,Nifty 100,included,PAGEIND,17022023_1.pdf
2023-02-17,2023-03-31,Nifty 100,included,VBL,17022023_1.pdf
2023-02-17,2023-03-31,Nifty Midcap 150,excluded,ABB,17022023_1.pdf
2023-02-17,2023-03-31,Nifty Midcap 150,excluded,AWL,17022023_1.pdf
2023-02-17,2023-03-31,Nifty Midcap 150,excluded,APLLTD,17022023_1.pdf
2023-02-17,2023-03-31,Nifty Midcap 150,excluded,CANBK,17022023_1.pdf
2023-02-17,2023-03-31,Nifty Midcap 150,excluded,GSPL,17022023_1.pdf
2023-02-17,2023-03-31,Nifty Midcap 150,excluded,HATSUN,17022023_1.pdf
2023-02-17,2023-03-31,Nifty Midcap 150,excluded,INDIAMART,17022023_1.pdf
2023-02-17,2023-03-31,Nifty Midcap 150,excluded,IEX,17022023_1.pdf
2023-02-17,2023-03-31,Nifty Midcap 150,excluded,NATCOPHARM,17022023_1.pdf
2023-02-17,2023-03-31,Nifty Midcap 150,excluded,NATIONALUM,17022023_1.pdf
2023-02-17,2023-03-31,Nifty Midcap 150,excluded,PAGEIND,17022023_1.pdf
2023-02-17,2023-03-31,Nifty Midcap 150,excluded,SANOFI,17022023_1.pdf
2023-02-17,2023-03-31,Nifty Midcap 150,excluded,VBL,17022023_1.pdf
2023-02-17,2023-03-31,Nifty Midcap 150,included,AARTIIND,17022023_1.pdf
2023-02-17,2023-03-31,Nifty Midcap 150,included,ADANIPOWER,17022023_1.pdf
2023-02-17,2023-03-31,Nifty Midcap 150,included,APOLLOTYRE,17022023_1.pdf
2023-02-17,2023-03-31,Nifty Midcap 150,included,BANDHANBNK,17022023_1.pdf
2023-02-17,2023-03-31,Nifty Midcap 150,included,BIOCON,17022023_1.pdf
2023-02-17,2023-03-31,Nifty Midcap 150,included,FINEORG,17022023_1.pdf
2023-02-17,2023-03-31,Nifty Midcap 150,included,GLAND,17022023_1.pdf
2023-02-17,2023-03-31,Nifty Midcap 150,included,METROBRAND,17022023_1.pdf
2023-02-17,2023-03-31,Nifty Midcap 150,included,MPHASIS,17022023_1.pdf
2023-02-17,2023-03-31,Nifty Midcap 150,included,NMDC,17022023_1.pdf
2023-02-17,2023-03-31,Nifty Midcap 150,included,PAYTM,17022023_1.pdf
2023-02-17,2023-03-31,Nifty Midcap 150,included,PEL,17022023_1.pdf
2023-02-17,2023-03-31,Nifty Midcap 150,included,TIMKEN,17022023_1.pdf
2023-02-17,2023-03-31,Nifty Smallcap 250,excluded,ABSLAMC,17022023_1.pdf
2023-02-17,2023-03-31,Nifty Smallcap 250,excluded,ALOKINDS,17022023_1.pdf
2023-02-17,2023-03-31,Nifty Smallcap 250,excluded,APOLLOTYRE,17022023_1.pdf
2023-02-17,2023-03-31,Nifty Smallcap 250,excluded,ASTRAZEN,17022023_1.pdf
2023-02-17,2023-03-31,Nifty Smallcap 250,excluded,BHARATRAS,17022023_1.pdf
2023-02-17,2023-03-31,Nifty Smallcap 250,excluded,CAPLIPOINT,17022023_1.pdf
2023-02-17,2023-03-31,Nifty Smallcap 250,excluded,DHANI,17022023_1.pdf
2023-02-17,2023-03-31,Nifty Smallcap 250,excluded,DBL,17022023_1.pdf
2023-02-17,2023-03-31,Nifty Smallcap 250,excluded,FINEORG,17022023_1.pdf
2023-02-17,2023-03-31,Nifty Smallcap 250,excluded,INDOCO,17022023_1.pdf
2023-02-17,2023-03-31,Nifty Smallcap 250,excluded,METROBRAND,17022023_1.pdf
2023-02-17,2023-03-31,Nifty Smallcap 250,excluded,MOIL,17022023_1.pdf
2023-02-17,2023-03-31,Nifty Smallcap 250,excluded,PRIVISCL,17022023_1.pdf
2023-02-17,2023-03-31,Nifty Smallcap 250,excluded,PGHL,17022023_1.pdf
2023-02-17,2023-03-31,Nifty Smallcap 250,excluded,SFL,17022023_1.pdf
2023-02-17,2023-03-31,Nifty Smallcap 250,excluded,SHILPAMED,17022023_1.pdf
2023-02-17,2023-03-31,Nifty Smallcap 250,excluded,SIS,17022023_1.pdf
2023-02-17,2023-03-31,Nifty Smallcap 250,excluded,SUDARSCHEM,17022023_1.pdf
2023-02-17,2023-03-31,Nifty Smallcap 250,excluded,SYMPHONY,17022023_1.pdf
2023-02-17,2023-03-31,Nifty Smallcap 250,excluded,TATACOFFEE,17022023_1.pdf
2023-02-17,2023-03-31,Nifty Smallcap 250,excluded,THYROCARE,17022023_1.pdf
2023-02-17,2023-03-31,Nifty Smallcap 250,excluded,TIMKEN,17022023_1.pdf
2023-02-17,2023-03-31,Nifty Smallcap 250,excluded,WOCKPHARMA,17022023_1.pdf
2023-02-17,2023-03-31,Nifty Smallcap 250,included,APLLTD,17022023_1.pdf
2023-02-17,2023-03-31,Nifty Smallcap 250,included,APARINDS,17022023_1.pdf
2023-02-17,2023-03-31,Nifty Smallcap 250,included,ACI,17022023_1.pdf
2023-02-17,2023-03-31,Nifty Smallcap 250,included,BIKAJI,17022023_1.pdf
2023-02-17,2023-03-31,Nifty Smallcap 250,included,BLS,17022023_1.pdf
2023-02-17,2023-03-31,Nifty Smallcap 250,included,CRAFTSMAN,17022023_1.pdf
2023-02-17,2023-03-31,Nifty Smallcap 250,included,DATAPATTNS,17022023_1.pdf
2023-02-17,2023-03-31,Nifty Smallcap 250,included,FIVESTAR,17022023_1.pdf
2023-02-17,2023-03-31,Nifty Smallcap 250,included,MEDANTA,17022023_1.pdf
2023-02-17,2023-03-31,Nifty Smallcap 250,included,GSPL,17022023_1.pdf
2023-02-17,2023-03-31,Nifty Smallcap 250,included,INDIAMART,17022023_1.pdf
2023-02-17,2023-03-31,Nifty Smallcap 250,included,IEX,17022023_1.pdf
2023-02-17,2023-03-31,Nifty Smallcap 250,included,INGERRAND,17022023_1.pdf
2023-02-17,2023-03-31,Nifty Smallcap 250,included,JINDWORLD,17022023_1.pdf
2023-02-17,2023-03-31,Nifty Smallcap 250,included,KENNAMET,17022023_1.pdf
2023-02-17,2023-03-31,Nifty Smallcap 250,included,RUSTOMJEE,17022023_1.pdf
2023-02-17,2023-03-31,Nifty Smallcap 250,included,KFINTECH,17022023_1.pdf
2023-02-17,2023-03-31,Nifty Smallcap 250,included,KSB,17022023_1.pdf
2023-02-17,2023-03-31,Nifty Smallcap 250,included,MFL,17022023_1.pdf
2023-02-17,2023-03-31,Nifty Smallcap 250,included,NATCOPHARM,17022023_1.pdf
2023-02-17,2023-03-31,Nifty Smallcap 250,included,NATIONALUM,17022023_1.pdf
2023-02-17,2023-03-31,Nifty Smallcap 250,included,SANOFI,17022023_1.pdf
2023-02-17,2023-03-31,Nifty Smallcap 250,included,TMB,17022023_1.pdf
2023-02-17,2023-03-31,Nifty Midcap 50,excluded,ABB,17022023_1.pdf
2023-02-17,2023-03-31,Nifty Midcap 50,excluded,CANBK,17022023_1.pdf
2023-02-17,2023-03-31,Nifty Midcap 50,excluded,PAGEIND,17022023_1.pdf
2023-02-17,2023-03-31,Nifty Midcap 50,excluded,TORNTPOWER,17022023_1.pdf
2023-02-17,2023-03-31,Nifty Midcap 50,included,BANDHANBNK,17022023_1.pdf
2023-02-17,2023-03-31,Nifty Midcap 50,included,BIOCON,17022023_1.pdf
2023-02-17,2023-03-31,Nifty Midcap 50,included,MPHASIS,17022023_1.pdf
2023-02-17,2023-03-31,Nifty Midcap 50,included,NMDC,17022023_1.pdf
2023-02-17,2023-03-31,Nifty Midcap 100,excluded,ABB,17022023_1.pdf
2023-02-17,2023-03-31,Nifty Midcap 100,excluded,AWL,17022023_1.pdf
2023-02-17,2023-03-31,Nifty Midcap 100,excluded,CANBK,17022023_1.pdf
2023-02-17,2023-03-31,Nifty Midcap 100,excluded,CLEAN,17022023_1.pdf
2023-02-17,2023-03-31,Nifty Midcap 100,excluded,EMAMILTD,17022023_1.pdf
2023-02-17,2023-03-31,Nifty Midcap 100,excluded,GSPL,17022023_1.pdf
2023-02-17,2023-03-31,Nifty Midcap 100,excluded,ISEC,17022023_1.pdf
2023-02-17,2023-03-31,Nifty Midcap 100,excluded,INDIAMART,17022023_1.pdf
2023-02-17,2023-03-31,Nifty Midcap 100,excluded,IEX,17022023_1.pdf
2023-02-17,2023-03-31,Nifty Midcap 100,excluded,LINDEINDIA,17022023_1.pdf
2023-02-17,2023-03-31,Nifty Midcap 100,excluded,NATIONALUM,17022023_1.pdf
2023-02-17,2023-03-31,Nifty Midcap 100,excluded,NAM-INDIA,17022023_1.pdf
2023-02-17,2023-03-31,Nifty Midcap 100,excluded,PAGEIND,17022023_1.pdf
2023-02-17,2023-03-31,Nifty Midcap 100,excluded,VBL,17022023_1.pdf
2023-02-17,2023-03-31,Nifty Midcap 100,included,ADANIPOWER,17022023_1.pdf
2023-02-17,2023-03-31,Nifty Midcap 100,included,APOLLOTYRE,17022023_1.pdf
2023-02-17,2023-03-31,Nifty Midcap 100,included,BANDHANBNK,17022023_1.pdf
2023-02-17,2023-03-31,Nifty Midcap 100,included,BIOCON,17022023_1.pdf
2023-02-17,2023-03-31,Nifty Midcap 100,included,CGPOWER,17022023_1.pdf
2023-02-17,2023-03-31,Nifty Midcap 100,included,DEVYANI,17022023_1.pdf
2023-02-17,2023-03-31,Nifty Midcap 100,included,GLAND,17022023_1.pdf
2023-02-17,2023-03-31,Nifty Midcap 100,included,FLUOROCHEM,17022023_1.pdf
2023-02-17,2023-03-31,Nifty Midcap 100,included,IRFC,17022023_1.pdf
2023-02-17,2023-03-31,Nifty Midcap 100,included,MPHASIS,17022023_1.pdf
2023-02-17,2023-03-31,Nifty Midcap 100,included,NHPC,17022023_1.pdf
2023-02-17,2023-03-31,Nifty Midcap 100,included,NMDC,17022023_1.pdf
2023-02-17,2023-03-31,Nifty Midcap 100,included,PAYTM,17022023_1.pdf
2023-02-17,2023-03-31,Nifty Midcap 100,included,PEL,17022023_1.pdf
2023-02-17,2023-03-31,Nifty Smallcap 50,excluded,ALOKINDS,17022023_1.pdf
2023-02-17,2023-03-31,Nifty Smallcap 50,excluded,AMBER,17022023_1.pdf
2023-02-17,2023-03-31,Nifty Smallcap 50,excluded,APOLLOTYRE,17022023_1.pdf
2023-02-17,2023-03-31,Nifty Smallcap 50,excluded,BALRAMCHIN,17022023_1.pdf
2023-02-17,2023-03-31,Nifty Smallcap 50,excluded,CANFINHOME,17022023_1.pdf
2023-02-17,2023-03-31,Nifty Smallcap 50,excluded,CHEMPLASTS,17022023_1.pdf
2023-02-17,2023-03-31,Nifty Smallcap 50,excluded,FSL,17022023_1.pdf
2023-02-17,2023-03-31,Nifty Smallcap 50,excluded,INDIGOPNTS,17022023_1.pdf
2023-02-17,2023-03-31,Nifty Smallcap 50,excluded,INTELLECT,17022023_1.pdf
2023-02-17,2023-03-31,Nifty Smallcap 50,excluded,METROBRAND,17022023_1.pdf
2023-02-17,2023-03-31,Nifty Smallcap 50,excluded,STLTECH,17022023_1.pdf
2023-02-17,2023-03-31,Nifty Smallcap 50,excluded,TV18BRDCST,17022023_1.pdf
2023-02-17,2023-03-31,Nifty Smallcap 50,excluded,ZENSARTECH,17022023_1.pdf
2023-02-17,2023-03-31,Nifty Smallcap 50,included,BIKAJI,17022023_1.pdf
2023-02-17,2023-03-31,Nifty Smallcap 50,included,CUB,17022023_1.pdf
2023-02-17,2023-03-31,Nifty Smallcap 50,included,EASEMYTRIP,17022023_1.pdf
2023-02-17,2023-03-31,Nifty Smallcap 50,included,MEDANTA,17022023_1.pdf
2023-02-17,2023-03-31,Nifty Smallcap 50,included,IDBI,17022023_1.pdf
2023-02-17,2023-03-31,Nifty Smallcap 50,included,IEX,17022023_1.pdf
2023-02-17,2023-03-31,Nifty Smallcap 50,included,IOB,17022023_1.pdf
2023-02-17,2023-03-31,Nifty Smallcap 50,included,IRB,17022023_1.pdf
2023-02-17,2023-03-31,Nifty Smallcap 50,included,MAZDOCK,17022023_1.pdf
2023-02-17,2023-03-31,Nifty Smallcap 50,included,NATIONALUM,17022023_1.pdf
2023-02-17,2023-03-31,Nifty Smallcap 50,included,RVNL,17022023_1.pdf
2023-02-17,2023-03-31,Nifty Smallcap 50,included,SUZLON,17022023_1.pdf
2023-02-17,2023-03-31,Nifty Smallcap 50,included,UCOBANK,17022023_1.pdf
2023-02-17,2023-03-31,Nifty Smallcap 100,excluded,AETHER,17022023_1.pdf
2023-02-17,2023-03-31,Nifty Smallcap 100,excluded,ALOKINDS,17022023_1.pdf
2023-02-17,2023-03-31,Nifty Smallcap 100,excluded,APOLLOTYRE,17022023_1.pdf
2023-02-17,2023-03-31,Nifty Smallcap 100,excluded,BRIGADE,17022023_1.pdf
2023-02-17,2023-03-31,Nifty Smallcap 100,excluded,MAPMYINDIA,17022023_1.pdf
2023-02-17,2023-03-31,Nifty Smallcap 100,excluded,CHEMPLASTS,17022023_1.pdf
2023-02-17,2023-03-31,Nifty Smallcap 100,excluded,DCMSHRIRAM,17022023_1.pdf
2023-02-17,2023-03-31,Nifty Smallcap 100,excluded,DELTACORP,17022023_1.pdf
2023-02-17,2023-03-31,Nifty Smallcap 100,excluded,FINEORG,17022023_1.pdf
2023-02-17,2023-03-31,Nifty Smallcap 100,excluded,IBULHSGFIN,17022023_1.pdf
2023-02-17,2023-03-31,Nifty Smallcap 100,excluded,INDIGOPNTS,17022023_1.pdf
2023-02-17,2023-03-31,Nifty Smallcap 100,excluded,JUSTDIAL,17022023_1.pdf
2023-02-17,2023-03-31,Nifty Smallcap 100,excluded,LUXIND,17022023_1.pdf
2023-02-17,2023-03-31,Nifty Smallcap 100,excluded,MASTEK,17022023_1.pdf
2023-02-17,2023-03-31,Nifty Smallcap 100,excluded,METROBRAND,17022023_1.pdf
2023-02-17,2023-03-31,Nifty Smallcap 100,excluded,MMTC,17022023_1.pdf
2023-02-17,2023-03-31,Nifty Smallcap 100,excluded,NETWORK18,17022023_1.pdf
2023-02-17,2023-03-31,Nifty Smallcap 100,excluded,POLYPLEX,17022023_1.pdf
2023-02-17,2023-03-31,Nifty Smallcap 100,excluded,RAIN,17022023_1.pdf
2023-02-17,2023-03-31,Nifty Smallcap 100,excluded,SOBHA,17022023_1.pdf
2023-02-17,2023-03-31,Nifty Smallcap 100,excluded,SUNTECK,17022023_1.pdf
2023-02-17,2023-03-31,Nifty Smallcap 100,excluded,ZENSARTECH,17022023_1.pdf
2023-02-17,2023-03-31,Nifty Smallcap 100,included,BIKAJI,17022023_1.pdf
2023-02-17,2023-03-31,Nifty Smallcap 100,included,CENTRALBK,17022023_1.pdf
2023-02-17,2023-03-31,Nifty Smallcap 100,included,FACT,17022023_1.pdf
2023-02-17,2023-03-31,Nifty Smallcap 100,included,MEDANTA,17022023_1.pdf
2023-02-17,2023-03-31,Nifty Smallcap 100,included,GMMPFAUDLR,17022023_1.pdf
2023-02-17,2023-03-31,Nifty Smallcap 100,included,HUDCO,17022023_1.pdf
2023-02-17,2023-03-31,Nifty Smallcap 100,included,INDIACEM,17022023_1.pdf
2023-02-17,2023-03-31,Nifty Smallcap 100,included,INDIAMART,17022023_1.pdf
2023-02-17,2023-03-31,Nifty Smallcap 100,included,IEX,17022023_1.pdf
2023-02-17,2023-03-31,Nifty Smallcap 100,included,IOB,17022023_1.pdf
2023-02-17,2023-03-31,Nifty Smallcap 100,included,JKLAKSHMI,17022023_1.pdf
2023-02-17,2023-03-31,Nifty Smallcap 100,included,KALYANKJIL,17022023_1.pdf
2023-02-17,2023-03-31,Nifty Smallcap 100,included,KARURVYSYA,17022023_1.pdf
2023-02-17,2023-03-31,Nifty Smallcap 100,included,KRBL,17022023_1.pdf
2023-02-17,2023-03-31,Nifty Smallcap 100,included,NATIONALUM,17022023_1.pdf
2023-02-17,2023-03-31,Nifty Smallcap 100,included,PPLPHARMA,17022023_1.pdf
2023-02-17,2023-03-31,Nifty Smallcap 100,included,PNBHOUSING,17022023_1.pdf
2023-02-17,2023-03-31,Nifty Smallcap 100,included,RVNL,17022023_1.pdf
2023-02-17,2023-03-31,Nifty Smallcap 100,included,RAYMOND,17022023_1.pdf
2023-02-17,2023-03-31,Nifty Smallcap 100,included,RITES,17022023_1.pdf
2023-02-17,2023-03-31,Nifty Smallcap 100,included,TEJASNET,17022023_1.pdf
2023-02-17,2023-03-31,Nifty Smallcap 100,included,UCOBANK,17022023_1.pdf
2023-02-17,2023-03-31,Nifty 200,excluded,CLEAN,17022023_1.pdf
2023-02-17,2023-03-31,Nifty 200,excluded,EMAMILTD,17022023_1.pdf
2023-02-17,2023-03-31,Nifty 200,excluded,GSPL,17022023_1.pdf
2023-02-17,2023-03-31,Nifty 200,excluded,ISEC,17022023_1.pdf
2023-02-17,2023-03-31,Nifty 200,excluded,INDIAMART,17022023_1.pdf
2023-02-17,2023-03-31,Nifty 200,excluded,IEX,17022023_1.pdf
2023-02-17,2023-03-31,Nifty 200,excluded,LINDEINDIA,17022023_1.pdf
2023-02-17,2023-03-31,Nifty 200,excluded,NATIONALUM,17022023_1.pdf
2023-02-17,2023-03-31,Nifty 200,excluded,NAM-INDIA,17022023_1.pdf
2023-02-17,2023-03-31,Nifty 200,included,ADANIPOWER,17022023_1.pdf
2023-02-17,2023-03-31,Nifty 200,included,APOLLOTYRE,17022023_1.pdf
2023-02-17,2023-03-31,Nifty 200,included,CGPOWER,17022023_1.pdf
2023-02-17,2023-03-31,Nifty 200,included,DEVYANI,17022023_1.pdf
2023-02-17,2023-03-31,Nifty 200,included,FLUOROCHEM,17022023_1.pdf
2023-02-17,2023-03-31,Nifty 200,included,IRFC,17022023_1.pdf
2023-02-17,2023-03-31,Nifty 200,included,NHPC,17022023_1.pdf
2023-02-17,2023-03-31,Nifty 200,included,NMDC,17022023_1.pdf
2023-02-17,2023-03-31,Nifty 200,included,PEL,17022023_1.pdf
2023-08-17,2023-09-29,Nifty Next 50,excluded,ACC,17082023.pdf
2023-08-17,2023-09-29,Nifty Next 50,excluded,NYKAA,17082023.pdf
2023-08-17,2023-09-29,Nifty Next 50,excluded,HDFCAMC,17082023.pdf
2023-08-17,2023-09-29,Nifty Next 50,excluded,INDUSTOWER,17082023.pdf
2023-08-17,2023-09-29,Nifty Next 50,excluded,PAGEIND,17082023.pdf
2023-08-17,2023-09-29,Nifty Next 50,included,PNB,17082023.pdf
2023-08-17,2023-09-29,Nifty Next 50,included,SHRIRAMFIN,17082023.pdf
2023-08-17,2023-09-29,Nifty Next 50,included,TRENT,17082023.pdf
2023-08-17,2023-09-29,Nifty Next 50,included,TVSMOTOR,17082023.pdf
2023-08-17,2023-09-29,Nifty Next 50,included,ZYDUSLIFE,17082023.pdf
2023-08-17,2023-09-29,Nifty 500,excluded,BASF,17082023.pdf
2023-08-17,2023-09-29,Nifty 500,excluded,GARFIBRES,17082023.pdf
2023-08-17,2023-09-29,Nifty 500,excluded,GODREJAGRO,17082023.pdf
2023-08-17,2023-09-29,Nifty 500,excluded,GREENPANEL,17082023.pdf
2023-08-17,2023-09-29,Nifty 500,excluded,HIKAL,17082023.pdf
2023-08-17,2023-09-29,Nifty 500,excluded,HGS,17082023.pdf
2023-08-17,2023-09-29,Nifty 500,excluded,IFBIND,17082023.pdf
2023-08-17,2023-09-29,Nifty 500,excluded,IBREALEST,17082023.pdf
2023-08-17,2023-09-29,Nifty 500,excluded,JINDWORLD,17082023.pdf
2023-08-17,2023-09-29,Nifty 500,excluded,KENNAMET,17082023.pdf
2023-08-17,2023-09-29,Nifty 500,excluded,RUSTOMJEE,17082023.pdf
2023-08-17,2023-09-29,Nifty 500,excluded,MAHLOG,17082023.pdf
2023-08-17,2023-09-29,Nifty 500,excluded,NOCIL,17082023.pdf
2023-08-17,2023-09-29,Nifty 500,excluded,TMB,17082023.pdf
2023-08-17,2023-09-29,Nifty 500,excluded,TCIEXP,17082023.pdf
2023-08-17,2023-09-29,Nifty 500,excluded,TCNSBRANDS,17082023.pdf
2023-08-17,2023-09-29,Nifty 500,excluded,TCI,17082023.pdf
2023-08-17,2023-09-29,Nifty 500,excluded,UFLEX,17082023.pdf
2023-08-17,2023-09-29,Nifty 500,included,ALLCARGO,17082023.pdf
2023-08-17,2023-09-29,Nifty 500,included,ALOKINDS,17082023.pdf
2023-08-17,2023-09-29,Nifty 500,included,GILLETTE,17082023.pdf
2023-08-17,2023-09-29,Nifty 500,included,GLS,17082023.pdf
2023-08-17,2023-09-29,Nifty 500,included,GPIL,17082023.pdf
2023-08-17,2023-09-29,Nifty 500,included,IRCON,17082023.pdf
2023-08-17,2023-09-29,Nifty 500,included,JINDALSAW,17082023.pdf
2023-08-17,2023-09-29,Nifty 500,included,KAYNES,17082023.pdf
2023-08-17,2023-09-29,Nifty 500,included,KIRLFER,17082023.pdf
2023-08-17,2023-09-29,Nifty 500,included,MINDACORP,17082023.pdf
2023-08-17,2023-09-29,Nifty 500,included,PGHL,17082023.pdf
2023-08-17,2023-09-29,Nifty 500,included,SAFARI,17082023.pdf
2023-08-17,2023-09-29,Nifty 500,included,SAREGAMA,17082023.pdf
2023-08-17,2023-09-29,Nifty 500,included,SFL,17082023.pdf
2023-08-17,2023-09-29,Nifty 500,included,SYMPHONY,17082023.pdf
2023-08-17,2023-09-29,Nifty 500,included,SYRMA,17082023.pdf
2023-08-17,2023-09-29,Nifty 500,included,UJJIVANSFB,17082023.pdf
2023-08-17,2023-09-29,Nifty 500,included,USHAMART,17082023.pdf
2023-08-17,2023-09-29,Nifty 100,excluded,ACC,17082023.pdf
2023-08-17,2023-09-29,Nifty 100,excluded,NYKAA,17082023.pdf
2023-08-17,2023-09-29,Nifty 100,excluded,HDFCAMC,17082023.pdf
2023-08-17,2023-09-29,Nifty 100,excluded,INDUSTOWER,17082023.pdf
2023-08-17,2023-09-29,Nifty 100,excluded,PAGEIND,17082023.pdf
2023-08-17,2023-09-29,Nifty 100,included,PNB,17082023.pdf
2023-08-17,2023-09-29,Nifty 100,included,SHRIRAMFIN,17082023.pdf
2023-08-17,2023-09-29,Nifty 100,included,TRENT,17082023.pdf
2023-08-17,2023-09-29,Nifty 100,included,TVSMOTOR,17082023.pdf
2023-08-17,2023-09-29,Nifty 100,included,ZYDUSLIFE,17082023.pdf
2023-08-17,2023-09-29,Nifty 100,included,TATAMTRDVR,17082023.pdf
2023-08-17,2023-09-29,Nifty Midcap 150,excluded,AAVAS,17082023.pdf
2023-08-17,2023-09-29,Nifty Midcap 150,excluded,AFFLE,17082023.pdf
2023-08-17,2023-09-29,Nifty Midcap 150,excluded,ALKYLAMINE,17082023.pdf
2023-08-17,2023-09-29,Nifty Midcap 150,excluded,CLEAN,17082023.pdf
2023-08-17,2023-09-29,Nifty Midcap 150,excluded,FINEORG,17082023.pdf
2023-08-17,2023-09-29,Nifty Midcap 150,excluded,HAPPSTMNDS,17082023.pdf
2023-08-17,2023-09-29,Nifty Midcap 150,excluded,NAM-INDIA,17082023.pdf
2023-08-17,2023-09-29,Nifty Midcap 150,excluded,PNB,17082023.pdf
2023-08-17,2023-09-29,Nifty Midcap 150,excluded,SHRIRAMFIN,17082023.pdf
2023-08-17,2023-09-29,Nifty Midcap 150,excluded,TTML,17082023.pdf
2023-08-17,2023-09-29,Nifty Midcap 150,excluded,TRENT,17082023.pdf
2023-08-17,2023-09-29,Nifty Midcap 150,excluded,TVSMOTOR,17082023.pdf
2023-08-17,2023-09-29,Nifty Midcap 150,excluded,ZYDUSLIFE,17082023.pdf
2023-08-17,2023-09-29,Nifty Midcap 150,included,ACC,17082023.pdf
2023-08-17,2023-09-29,Nifty Midcap 150,included,MAHABANK,17082023.pdf
2023-08-17,2023-09-29,Nifty Midcap 150,included,BDL,17082023.pdf
2023-08-17,2023-09-29,Nifty Midcap 150,included,CARBORUNIV,17082023.pdf
2023-08-17,2023-09-29,Nifty Midcap 150,included,FACT,17082023.pdf
2023-08-17,2023-09-29,Nifty Midcap 150,included,NYKAA,17082023.pdf
2023-08-17,2023-09-29,Nifty Midcap 150,included,HDFCAMC,17082023.pdf
2023-08-17,2023-09-29,Nifty Midcap 150,included,INDUSTOWER,17082023.pdf
2023-08-17,2023-09-29,Nifty Midcap 150,included,JSL,17082023.pdf
2023-08-17,2023-09-29,Nifty Midcap 150,included,KPITTECH,17082023.pdf
2023-08-17,2023-09-29,Nifty Midcap 150,included,MAZDOCK,17082023.pdf
2023-08-17,2023-09-29,Nifty Midcap 150,included,PAGEIND,17082023.pdf
2023-08-17,2023-09-29,Nifty Midcap 150,included,RVNL,17082023.pdf
2023-08-17,2023-09-29,Nifty Smallcap 250,excluded,MAHABANK,17082023.pdf
2023-08-17,2023-09-29,Nifty Smallcap 250,excluded,BASF,17082023.pdf
2023-08-17,2023-09-29,Nifty Smallcap 250,excluded,BDL,17082023.pdf
2023-08-17,2023-09-29,Nifty Smallcap 250,excluded,CARBORUNIV,17082023.pdf
2023-08-17,2023-09-29,Nifty Smallcap 250,excluded,FACT,17082023.pdf
2023-08-17,2023-09-29,Nifty Smallcap 250,excluded,GARFIBRES,17082023.pdf
2023-08-17,2023-09-29,Nifty Smallcap 250,excluded,GODREJAGRO,17082023.pdf
2023-08-17,2023-09-29,Nifty Smallcap 250,excluded,GREENPANEL,17082023.pdf
2023-08-17,2023-09-29,Nifty Smallcap 250,excluded,HIKAL,17082023.pdf
2023-08-17,2023-09-29,Nifty Smallcap 250,excluded,HGS,17082023.pdf
2023-08-17,2023-09-29,Nifty Smallcap 250,excluded,IFBIND,17082023.pdf
2023-08-17,2023-09-29,Nifty Smallcap 250,excluded,IBREALEST,17082023.pdf
2023-08-17,2023-09-29,Nifty Smallcap 250,excluded,JSL,17082023.pdf
2023-08-17,2023-09-29,Nifty Smallcap 250,excluded,JINDWORLD,17082023.pdf
2023-08-17,2023-09-29,Nifty Smallcap 250,excluded,KENNAMET,17082023.pdf
2023-08-17,2023-09-29,Nifty Smallcap 250,excluded,RUSTOMJEE,17082023.pdf
2023-08-17,2023-09-29,Nifty Smallcap 250,excluded,KPITTECH,17082023.pdf
2023-08-17,2023-09-29,Nifty Smallcap 250,excluded,MAHLOG,17082023.pdf
2023-08-17,2023-09-29,Nifty Smallcap 250,excluded,MAZDOCK,17082023.pdf
2023-08-17,2023-09-29,Nifty Smallcap 250,excluded,NOCIL,17082023.pdf
2023-08-17,2023-09-29,Nifty Smallcap 250,excluded,RVNL,17082023.pdf
2023-08-17,2023-09-29,Nifty Smallcap 250,excluded,TMB,17082023.pdf
2023-08-17,2023-09-29,Nifty Smallcap 250,excluded,TCIEXP,17082023.pdf
2023-08-17,2023-09-29,Nifty Smallcap 250,excluded,TCNSBRANDS,17082023.pdf
2023-08-17,2023-09-29,Nifty Smallcap 250,excluded,TCI,17082023.pdf
2023-08-17,2023-09-29,Nifty Smallcap 250,excluded,UFLEX,17082023.pdf
2023-08-17,2023-09-29,Nifty Smallcap 250,included,AAVAS,17082023.pdf
2023-08-17,2023-09-29,Nifty Smallcap 250,included,AFFLE,17082023.pdf
2023-08-17,2023-09-29,Nifty Smallcap 250,included,ALKYLAMINE,17082023.pdf
2023-08-17,2023-09-29,Nifty Smallcap 250,included,ALLCARGO,17082023.pdf
2023-08-17,2023-09-29,Nifty Smallcap 250,included,ALOKINDS,17082023.pdf
2023-08-17,2023-09-29,Nifty Smallcap 250,included,CLEAN,17082023.pdf
2023-08-17,2023-09-29,Nifty Smallcap 250,included,FINEORG,17082023.pdf
2023-08-17,2023-09-29,Nifty Smallcap 250,included,GILLETTE,17082023.pdf
2023-08-17,2023-09-29,Nifty Smallcap 250,included,GLS,17082023.pdf
2023-08-17,2023-09-29,Nifty Smallcap 250,included,GPIL,17082023.pdf
2023-08-17,2023-09-29,Nifty Smallcap 250,included,HAPPSTMNDS,17082023.pdf
2023-08-17,2023-09-29,Nifty Smallcap 250,included,IRCON,17082023.pdf
2023-08-17,2023-09-29,Nifty Smallcap 250,included,JINDALSAW,17082023.pdf
2023-08-17,2023-09-29,Nifty Smallcap 250,included,KAYNES,17082023.pdf
2023-08-17,2023-09-29,Nifty Smallcap 250,included,KIRLFER,17082023.pdf
2023-08-17,2023-09-29,Nifty Smallcap 250,included,MINDACORP,17082023.pdf
2023-08-17,2023-09-29,Nifty Smallcap 250,included,NAM-INDIA,17082023.pdf
2023-08-17,2023-09-29,Nifty Smallcap 250,included,PGHL,17082023.pdf
2023-08-17,2023-09-29,Nifty Smallcap 250,included,SAFARI,17082023.pdf
2023-08-17,2023-09-29,Nifty Smallcap 250,included,SAREGAMA,17082023.pdf
2023-08-17,2023-09-29,Nifty Smallcap 250,included,SFL,17082023.pdf
2023-08-17,2023-09-29,Nifty Smallcap 250,included,SYMPHONY,17082023.pdf
2023-08-17,2023-09-29,Nifty Smallcap 250,included,SYRMA,17082023.pdf
2023-08-17,2023-09-29,Nifty Smallcap 250,included,TTML,17082023.pdf
2023-08-17,2023-09-29,Nifty Smallcap 250,included,UJJIVANSFB,17082023.pdf
2023-08-17,2023-09-29,Nifty Smallcap 250,included,USHAMART,17082023.pdf
2023-08-17,2023-09-29,Nifty Midcap 50,excluded,HONAUT,17082023.pdf
2023-08-17,2023-09-29,Nifty Midcap 50,excluded,PNB,17082023.pdf
2023-08-17,2023-09-29,Nifty Midcap 50,excluded,SHRIRAMFIN,17082023.pdf
2023-08-17,2023-09-29,Nifty Midcap 50,excluded,TRENT,17082023.pdf
2023-08-17,2023-09-29,Nifty Midcap 50,excluded,TVSMOTOR,17082023.pdf
2023-08-17,2023-09-29,Nifty Midcap 50,excluded,ZYDUSLIFE,17082023.pdf
2023-08-17,2023-09-29,Nifty Midcap 50,included,ACC,17082023.pdf
2023-08-17,2023-09-29,Nifty Midcap 50,included,DALBHARAT,17082023.pdf
2023-08-17,2023-09-29,Nifty Midcap 50,included,HDFCAMC,17082023.pdf
2023-08-17,2023-09-29,Nifty Midcap 50,included,IGL,17082023.pdf
2023-08-17,2023-09-29,Nifty Midcap 50,included,INDUSTOWER,17082023.pdf
2023-08-17,2023-09-29,Nifty Midcap 50,included,PAGEIND,17082023.pdf
2023-08-17,2023-09-29,Nifty Midcap 100,excluded,ABBOTINDIA,17082023.pdf
2023-08-17,2023-09-29,Nifty Midcap 100,excluded,HINDZINC,17082023.pdf
2023-08-17,2023-09-29,Nifty Midcap 100,excluded,HONAUT,17082023.pdf
2023-08-17,2023-09-29,Nifty Midcap 100,excluded,OFSS,17082023.pdf
2023-08-17,2023-09-29,Nifty Midcap 100,excluded,PNB,17082023.pdf
2023-08-17,2023-09-29,Nifty Midcap 100,excluded,SHRIRAMFIN,17082023.pdf
2023-08-17,2023-09-29,Nifty Midcap 100,excluded,TTML,17082023.pdf
2023-08-17,2023-09-29,Nifty Midcap 100,excluded,TRENT,17082023.pdf
2023-08-17,2023-09-29,Nifty Midcap 100,excluded,TRIDENT,17082023.pdf
2023-08-17,2023-09-29,Nifty Midcap 100,excluded,TVSMOTOR,17082023.pdf
2023-08-17,2023-09-29,Nifty Midcap 100,excluded,WHIRLPOOL,17082023.pdf
2023-08-17,2023-09-29,Nifty Midcap 100,excluded,ZYDUSLIFE,17082023.pdf
2023-08-17,2023-09-29,Nifty Midcap 100,included,ACC,17082023.pdf
2023-08-17,2023-09-29,Nifty Midcap 100,included,APLAPOLLO,17082023.pdf
2023-08-17,2023-09-29,Nifty Midcap 100,included,BDL,17082023.pdf
2023-08-17,2023-09-29,Nifty Midcap 100,included,FACT,17082023.pdf
2023-08-17,2023-09-29,Nifty Midcap 100,included,NYKAA,17082023.pdf
2023-08-17,2023-09-29,Nifty Midcap 100,included,HDFCAMC,17082023.pdf
2023-08-17,2023-09-29,Nifty Midcap 100,included,INDUSTOWER,17082023.pdf
2023-08-17,2023-09-29,Nifty Midcap 100,included,KPITTECH,17082023.pdf
2023-08-17,2023-09-29,Nifty Midcap 100,included,LODHA,17082023.pdf
2023-08-17,2023-09-29,Nifty Midcap 100,included,MAZDOCK,17082023.pdf
2023-08-17,2023-09-29,Nifty Midcap 100,included,PAGEIND,17082023.pdf
2023-08-17,2023-09-29,Nifty Midcap 100,included,RVNL,17082023.pdf
2023-08-17,2023-09-29,Nifty Smallcap 50,excluded,BALAMINES,17082023.pdf
2023-08-17,2023-09-29,Nifty Smallcap 50,excluded,MAHABANK,17082023.pdf
2023-08-17,2023-09-29,Nifty Smallcap 50,excluded,BDL,17082023.pdf
2023-08-17,2023-09-29,Nifty Smallcap 50,excluded,BIRLACORPN,17082023.pdf
2023-08-17,2023-09-29,Nifty Smallcap 50,excluded,BSE,17082023.pdf
2023-08-17,2023-09-29,Nifty Smallcap 50,excluded,EASEMYTRIP,17082023.pdf
2023-08-17,2023-09-29,Nifty Smallcap 50,excluded,GRAPHITE,17082023.pdf
2023-08-17,2023-09-29,Nifty Smallcap 50,excluded,JUBLINGREA,17082023.pdf
2023-08-17,2023-09-29,Nifty Smallcap 50,excluded,KPITTECH,17082023.pdf
2023-08-17,2023-09-29,Nifty Smallcap 50,excluded,LATENTVIEW,17082023.pdf
2023-08-17,2023-09-29,Nifty Smallcap 50,excluded,LXCHEM,17082023.pdf
2023-08-17,2023-09-29,Nifty Smallcap 50,excluded,MAZDOCK,17082023.pdf
2023-08-17,2023-09-29,Nifty Smallcap 50,excluded,MEDPLUS,17082023.pdf
2023-08-17,2023-09-29,Nifty Smallcap 50,excluded,METROPOLIS,17082023.pdf
2023-08-17,2023-09-29,Nifty Smallcap 50,excluded,RVNL,17082023.pdf
2023-08-17,2023-09-29,Nifty Smallcap 50,included,CIEINDIA,17082023.pdf
2023-08-17,2023-09-29,Nifty Smallcap 50,included,EXIDEIND,17082023.pdf
2023-08-17,2023-09-29,Nifty Smallcap 50,included,FINCABLES,17082023.pdf
2023-08-17,2023-09-29,Nifty Smallcap 50,included,GLENMARK,17082023.pdf
2023-08-17,2023-09-29,Nifty Smallcap 50,included,INDIAMART,17082023.pdf
2023-08-17,2023-09-29,Nifty Smallcap 50,included,JBMA,17082023.pdf
2023-08-17,2023-09-29,Nifty Smallcap 50,included,KALYANKJIL,17082023.pdf
2023-08-17,2023-09-29,Nifty Smallcap 50,included,KEI,17082023.pdf
2023-08-17,2023-09-29,Nifty Smallcap 50,included,MGL,17082023.pdf
2023-08-17,2023-09-29,Nifty Smallcap 50,included,PPLPHARMA,17082023.pdf
2023-08-17,2023-09-29,Nifty Smallcap 50,included,PNBHOUSING,17082023.pdf
2023-08-17,2023-09-29,Nifty Smallcap 50,included,RAYMOND,17082023.pdf
2023-08-17,2023-09-29,Nifty Smallcap 50,included,SONATSOFTW,17082023.pdf
2023-08-17,2023-09-29,Nifty Smallcap 50,included,TANLA,17082023.pdf
2023-08-17,2023-09-29,Nifty Smallcap 50,included,TEJASNET,17082023.pdf
2023-08-17,2023-09-29,Nifty Smallcap 100,excluded,MAHABANK,17082023.pdf
2023-08-17,2023-09-29,Nifty Smallcap 100,excluded,BDL,17082023.pdf
2023-08-17,2023-09-29,Nifty Smallcap 100,excluded,BORORENEW,17082023.pdf
2023-08-17,2023-09-29,Nifty Smallcap 100,excluded,BCG,17082023.pdf
2023-08-17,2023-09-29,Nifty Smallcap 100,excluded,CARBORUNIV,17082023.pdf
2023-08-17,2023-09-29,Nifty Smallcap 100,excluded,EIDPARRY,17082023.pdf
2023-08-17,2023-09-29,Nifty Smallcap 100,excluded,FACT,17082023.pdf
2023-08-17,2023-09-29,Nifty Smallcap 100,excluded,GMMPFAUDLR,17082023.pdf
2023-08-17,2023-09-29,Nifty Smallcap 100,excluded,INDIACEM,17082023.pdf
2023-08-17,2023-09-29,Nifty Smallcap 100,excluded,JSL,17082023.pdf
2023-08-17,2023-09-29,Nifty Smallcap 100,excluded,KPITTECH,17082023.pdf
2023-08-17,2023-09-29,Nifty Smallcap 100,excluded,MAZDOCK,17082023.pdf
2023-08-17,2023-09-29,Nifty Smallcap 100,excluded,QUESS,17082023.pdf
2023-08-17,2023-09-29,Nifty Smallcap 100,excluded,RVNL,17082023.pdf
2023-08-17,2023-09-29,Nifty Smallcap 100,excluded,SAPPHIRE,17082023.pdf
2023-08-17,2023-09-29,Nifty Smallcap 100,excluded,STLTECH,17082023.pdf
2023-08-17,2023-09-29,Nifty Smallcap 100,excluded,TRIVENI,17082023.pdf
2023-08-17,2023-09-29,Nifty Smallcap 100,excluded,TV18BRDCST,17082023.pdf
2023-08-17,2023-09-29,Nifty Smallcap 100,excluded,VTL,17082023.pdf
2023-08-17,2023-09-29,Nifty Smallcap 100,included,AAVAS,17082023.pdf
2023-08-17,2023-09-29,Nifty Smallcap 100,included,AFFLE,17082023.pdf
2023-08-17,2023-09-29,Nifty Smallcap 100,included,APARINDS,17082023.pdf
2023-08-17,2023-09-29,Nifty Smallcap 100,included,BLS,17082023.pdf
2023-08-17,2023-09-29,Nifty Smallcap 100,included,CEATLTD,17082023.pdf
2023-08-17,2023-09-29,Nifty Smallcap 100,included,CIEINDIA,17082023.pdf
2023-08-17,2023-09-29,Nifty Smallcap 100,included,DATAPATTNS,17082023.pdf
2023-08-17,2023-09-29,Nifty Smallcap 100,included,EQUITASBNK,17082023.pdf
2023-08-17,2023-09-29,Nifty Smallcap 100,included,FINCABLES,17082023.pdf
2023-08-17,2023-09-29,Nifty Smallcap 100,included,HAPPSTMNDS,17082023.pdf
2023-08-17,2023-09-29,Nifty Smallcap 100,included,JBMA,17082023.pdf
2023-08-17,2023-09-29,Nifty Smallcap 100,included,JYOTHYLAB,17082023.pdf
2023-08-17,2023-09-29,Nifty Smallcap 100,included,NATCOPHARM,17082023.pdf
2023-08-17,2023-09-29,Nifty Smallcap 100,included,NSLNISP,17082023.pdf
2023-08-17,2023-09-29,Nifty Smallcap 100,included,SJVN,17082023.pdf
2023-08-17,2023-09-29,Nifty Smallcap 100,included,SONATSOFTW,17082023.pdf
2023-08-17,2023-09-29,Nifty Smallcap 100,included,TTML,17082023.pdf
2023-08-17,2023-09-29,Nifty Smallcap 100,included,TRITURBINE,17082023.pdf
2023-08-17,2023-09-29,Nifty Smallcap 100,included,ZENSARTECH,17082023.pdf
2023-08-17,2023-09-29,Nifty 200,excluded,ABBOTINDIA,17082023.pdf
2023-08-17,2023-09-29,Nifty 200,excluded,HINDZINC,17082023.pdf
2023-08-17,2023-09-29,Nifty 200,excluded,HONAUT,17082023.pdf
2023-08-17,2023-09-29,Nifty 200,excluded,OFSS,17082023.pdf
2023-08-17,2023-09-29,Nifty 200,excluded,TTML,17082023.pdf
2023-08-17,2023-09-29,Nifty 200,excluded,TRIDENT,17082023.pdf
2023-08-17,2023-09-29,Nifty 200,excluded,WHIRLPOOL,17082023.pdf
2023-08-17,2023-09-29,Nifty 200,included,APLAPOLLO,17082023.pdf
2023-08-17,2023-09-29,Nifty 200,included,BDL,17082023.pdf
2023-08-17,2023-09-29,Nifty 200,included,FACT,17082023.pdf
2023-08-17,2023-09-29,Nifty 200,included,KPITTECH,17082023.pdf
2023-08-17,2023-09-29,Nifty 200,included,LODHA,17082023.pdf
2023-08-17,2023-09-29,Nifty 200,included,MAZDOCK,17082023.pdf
2023-08-17,2023-09-29,Nifty 200,included,RVNL,17082023.pdf
2023-08-17,2023-09-29,Nifty 200,included,TATAMTRDVR,17082023.pdf
2020-02-18,2020-03-27,Nifty 50,excluded,YESBANK,18022020.pdf
2020-02-18,2020-03-27,Nifty 50,included,SHREECEM,18022020.pdf
2020-02-18,2020-03-27,Nifty Next 50,excluded,ASHOKLEY,18022020.pdf
2020-02-18,2020-03-27,Nifty Next 50,excluded,IBULHSGFIN,18022020.pdf
2020-02-18,2020-03-27,Nifty Next 50,excluded,L&TFH,18022020.pdf
2020-02-18,2020-03-27,Nifty Next 50,excluded,SHREECEM,18022020.pdf
2020-02-18,2020-03-27,Nifty Next 50,excluded,IDEA,18022020.pdf
2020-02-18,2020-03-27,Nifty Next 50,included,ADANITRANS,18022020.pdf
2020-02-18,2020-03-27,Nifty Next 50,included,IDBI,18022020.pdf
2020-02-18,2020-03-27,Nifty Next 50,included,NAUKRI,18022020.pdf
2020-02-18,2020-03-27,Nifty Next 50,included,LTI,18022020.pdf
2020-02-18,2020-03-27,Nifty Next 50,included,TORNTPHARM,18022020.pdf
2020-02-18,2020-03-27,Nifty 500,excluded,BLISSGVS,18022020.pdf
2020-02-18,2020-03-27,Nifty 500,excluded,DHFL,18022020.pdf
2020-02-18,2020-03-27,Nifty 500,excluded,IFCI,18022020.pdf
2020-02-18,2020-03-27,Nifty 500,excluded,IBULISL,18022020.pdf
2020-02-18,2020-03-27,Nifty 500,excluded,ITDCEM,18022020.pdf
2020-02-18,2020-03-27,Nifty 500,excluded,JISLJALEQS,18022020.pdf
2020-02-18,2020-03-27,Nifty 500,excluded,KENNAMET,18022020.pdf
2020-02-18,2020-03-27,Nifty 500,excluded,KIRLOSENG,18022020.pdf
2020-02-18,2020-03-27,Nifty 500,excluded,LAKSHVILAS,18022020.pdf
2020-02-18,2020-03-27,Nifty 500,excluded,MAGMA,18022020.pdf
2020-02-18,2020-03-27,Nifty 500,excluded,NFL,18022020.pdf
2020-02-18,2020-03-27,Nifty 500,excluded,PARAGMILK,18022020.pdf
2020-02-18,2020-03-27,Nifty 500,excluded,PCJEWELLER,18022020.pdf
2020-02-18,2020-03-27,Nifty 500,excluded,RELCAPITAL,18022020.pdf
2020-02-18,2020-03-27,Nifty 500,excluded,RELINFRA,18022020.pdf
2020-02-18,2020-03-27,Nifty 500,excluded,RPOWER,18022020.pdf
2020-02-18,2020-03-27,Nifty 500,excluded,SHILPAMED,18022020.pdf
2020-02-18,2020-03-27,Nifty 500,excluded,SUNCLAYLTD,18022020.pdf
2020-02-18,2020-03-27,Nifty 500,excluded,TASTYBITE,18022020.pdf
2020-02-18,2020-03-27,Nifty 500,excluded,WABAG,18022020.pdf
2020-02-18,2020-03-27,Nifty 500,included,BHARATRAS,18022020.pdf
2020-02-18,2020-03-27,Nifty 500,included,CENTURYTEX,18022020.pdf
2020-02-18,2020-03-27,Nifty 500,included,FSC,18022020.pdf
2020-02-18,2020-03-27,Nifty 500,included,GRSE,18022020.pdf
2020-02-18,2020-03-27,Nifty 500,included,GMMPFAUDLR,18022020.pdf
2020-02-18,2020-03-27,Nifty 500,included,FLUOROCHEM,18022020.pdf
2020-02-18,2020-03-27,Nifty 500,included,HATHWAY,18022020.pdf
2020-02-18,2020-03-27,Nifty 500,included,IIFLWAM,18022020.pdf
2020-02-18,2020-03-27,Nifty 500,included,IRCTC,18022020.pdf
2020-02-18,2020-03-27,Nifty 500,included,INGERRAND,18022020.pdf
2020-02-18,2020-03-27,Nifty 500,included,JTEKTINDIA,18022020.pdf
2020-02-18,2020-03-27,Nifty 500,included,MAHLIFE,18022020.pdf
2020-02-18,2020-03-27,Nifty 500,included,NAVNETEDUL,18022020.pdf
2020-02-18,2020-03-27,Nifty 500,included,SHARDACROP,18022020.pdf
2020-02-18,2020-03-27,Nifty 500,included,SCI,18022020.pdf
2020-02-18,2020-03-27,Nifty 500,included,SWSOLAR,18022020.pdf
2020-02-18,2020-03-27,Nifty 500,included,TATACOMM,18022020.pdf
2020-02-18,2020-03-27,Nifty 500,included,TATASTLLP,18022020.pdf
2020-02-18,2020-03-27,Nifty 500,included,TCI,18022020.pdf
2020-02-18,2020-03-27,Nifty 500,included,VESUVIUS,18022020.pdf
2020-02-18,2020-03-27,Nifty 100,excluded,ASHOKLEY,18022020.pdf
2020-02-18,2020-03-27,Nifty 100,excluded,IBULHSGFIN,18022020.pdf
2020-02-18,2020-03-27,Nifty 100,excluded,L&TFH,18022020.pdf
2020-02-18,2020-03-27,Nifty 100,excluded,IDEA,18022020.pdf
2020-02-18,2020-03-27,Nifty 100,excluded,YESBANK,18022020.pdf
2020-02-18,2020-03-27,Nifty 100,included,ADANITRANS,18022020.pdf
2020-02-18,2020-03-27,Nifty 100,included,IDBI,18022020.pdf
2020-02-18,2020-03-27,Nifty 100,included,NAUKRI,18022020.pdf
2020-02-18,2020-03-27,Nifty 100,included,LTI,18022020.pdf
2020-02-18,2020-03-27,Nifty 100,included,TORNTPHARM,18022020.pdf
2020-02-18,2020-03-27,Nifty Midcap 150,excluded,ADANITRANS,18022020.pdf
2020-02-18,2020-03-27,Nifty Midcap 150,excluded,BLUEDART,18022020.pdf
2020-02-18,2020-03-27,Nifty Midcap 150,excluded,ERIS,18022020.pdf
2020-02-18,2020-03-27,Nifty Midcap 150,excluded,FCONSUMER,18022020.pdf
2020-02-18,2020-03-27,Nifty Midcap 150,excluded,GRAPHITE,18022020.pdf
2020-02-18,2020-03-27,Nifty Midcap 150,excluded,HEG,18022020.pdf
2020-02-18,2020-03-27,Nifty Midcap 150,excluded,IDBI,18022020.pdf
2020-02-18,2020-03-27,Nifty Midcap 150,excluded,NAUKRI,18022020.pdf
2020-02-18,2020-03-27,Nifty Midcap 150,excluded,KRBL,18022020.pdf
2020-02-18,2020-03-27,Nifty Midcap 150,excluded,LTI,18022020.pdf
2020-02-18,2020-03-27,Nifty Midcap 150,excluded,MAHINDCIE,18022020.pdf
2020-02-18,2020-03-27,Nifty Midcap 150,excluded,NBCC,18022020.pdf
2020-02-18,2020-03-27,Nifty Midcap 150,excluded,STRTECH,18022020.pdf
2020-02-18,2020-03-27,Nifty Midcap 150,excluded,TORNTPHARM,18022020.pdf
2020-02-18,2020-03-27,Nifty Midcap 150,excluded,VARROC,18022020.pdf
2020-02-18,2020-03-27,Nifty Midcap 150,included,ADANIGREEN,18022020.pdf
2020-02-18,2020-03-27,Nifty Midcap 150,included,AKZOINDIA,18022020.pdf
2020-02-18,2020-03-27,Nifty Midcap 150,included,ASHOKLEY,18022020.pdf
2020-02-18,2020-03-27,Nifty Midcap 150,included,CREDITACC,18022020.pdf
2020-02-18,2020-03-27,Nifty Midcap 150,included,IIFLWAM,18022020.pdf
2020-02-18,2020-03-27,Nifty Midcap 150,included,IBULHSGFIN,18022020.pdf
2020-02-18,2020-03-27,Nifty Midcap 150,included,IRCTC,18022020.pdf
2020-02-18,2020-03-27,Nifty Midcap 150,included,JKCEMENT,18022020.pdf
2020-02-18,2020-03-27,Nifty Midcap 150,included,L&TFH,18022020.pdf
2020-02-18,2020-03-27,Nifty Midcap 150,included,MINDAIND,18022020.pdf
2020-02-18,2020-03-27,Nifty Midcap 150,included,NIITTECH,18022020.pdf
2020-02-18,2020-03-27,Nifty Midcap 150,included,TATACOMM,18022020.pdf
2020-02-18,2020-03-27,Nifty Midcap 150,included,IDEA,18022020.pdf
2020-02-18,2020-03-27,Nifty Midcap 150,included,YESBANK,18022020.pdf
2020-02-18,2020-03-27,Nifty Midcap 150,included,ZYDUSWELL,18022020.pdf
2020-02-18,2020-03-27,Nifty Smallcap 250,excluded,ADANIGREEN,18022020.pdf
2020-02-18,2020-03-27,Nifty Smallcap 250,excluded,AKZOINDIA,18022020.pdf
2020-02-18,2020-03-27,Nifty Smallcap 250,excluded,BLISSGVS,18022020.pdf
2020-02-18,2020-03-27,Nifty Smallcap 250,excluded,CREDITACC,18022020.pdf
2020-02-18,2020-03-27,Nifty Smallcap 250,excluded,DHFL,18022020.pdf
2020-02-18,2020-03-27,Nifty Smallcap 250,excluded,IFCI,18022020.pdf
2020-02-18,2020-03-27,Nifty Smallcap 250,excluded,IBULISL,18022020.pdf
2020-02-18,2020-03-27,Nifty Smallcap 250,excluded,ITDCEM,18022020.pdf
2020-02-18,2020-03-27,Nifty Smallcap 250,excluded,JKCEMENT,18022020.pdf
2020-02-18,2020-03-27,Nifty Smallcap 250,excluded,JISLJALEQS,18022020.pdf
2020-02-18,2020-03-27,Nifty Smallcap 250,excluded,KENNAMET,18022020.pdf
2020-02-18,2020-03-27,Nifty Smallcap 250,excluded,KIRLOSENG,18022020.pdf
2020-02-18,2020-03-27,Nifty Smallcap 250,excluded,LAKSHVILAS,18022020.pdf
2020-02-18,2020-03-27,Nifty Smallcap 250,excluded,MAGMA,18022020.pdf
2020-02-18,2020-03-27,Nifty Smallcap 250,excluded,MINDAIND,18022020.pdf
2020-02-18,2020-03-27,Nifty Smallcap 250,excluded,NFL,18022020.pdf
2020-02-18,2020-03-27,Nifty Smallcap 250,excluded,NIITTECH,18022020.pdf
2020-02-18,2020-03-27,Nifty Smallcap 250,excluded,PARAGMILK,18022020.pdf
2020-02-18,2020-03-27,Nifty Smallcap 250,excluded,PCJEWELLER,18022020.pdf
2020-02-18,2020-03-27,Nifty Smallcap 250,excluded,RELCAPITAL,18022020.pdf
2020-02-18,2020-03-27,Nifty Smallcap 250,excluded,RELINFRA,18022020.pdf
2020-02-18,2020-03-27,Nifty Smallcap 250,excluded,RPOWER,18022020.pdf
2020-02-18,2020-03-27,Nifty Smallcap 250,excluded,SHILPAMED,18022020.pdf
2020-02-18,2020-03-27,Nifty Smallcap 250,excluded,SUNCLAYLTD,18022020.pdf
2020-02-18,2020-03-27,Nifty Smallcap 250,excluded,TASTYBITE,18022020.pdf
2020-02-18,2020-03-27,Nifty Smallcap 250,excluded,WABAG,18022020.pdf
2020-02-18,2020-03-27,Nifty Smallcap 250,excluded,ZYDUSWELL,18022020.pdf
2020-02-18,2020-03-27,Nifty Smallcap 250,included,BHARATRAS,18022020.pdf
2020-02-18,2020-03-27,Nifty Smallcap 250,included,BLUEDART,18022020.pdf
2020-02-18,2020-03-27,Nifty Smallcap 250,included,CENTURYTEX,18022020.pdf
2020-02-18,2020-03-27,Nifty Smallcap 250,included,ERIS,18022020.pdf
2020-02-18,2020-03-27,Nifty Smallcap 250,included,FCONSUMER,18022020.pdf
2020-02-18,2020-03-27,Nifty Smallcap 250,included,FSC,18022020.pdf
2020-02-18,2020-03-27,Nifty Smallcap 250,included,GRSE,18022020.pdf
2020-02-18,2020-03-27,Nifty Smallcap 250,included,GMMPFAUDLR,18022020.pdf
2020-02-18,2020-03-27,Nifty Smallcap 250,included,GRAPHITE,18022020.pdf
2020-02-18,2020-03-27,Nifty Smallcap 250,included,FLUOROCHEM,18022020.pdf
2020-02-18,2020-03-27,Nifty Smallcap 250,included,HEG,18022020.pdf
2020-02-18,2020-03-27,Nifty Smallcap 250,included,HATHWAY,18022020.pdf
2020-02-18,2020-03-27,Nifty Smallcap 250,included,INGERRAND,18022020.pdf
2020-02-18,2020-03-27,Nifty Smallcap 250,included,JTEKTINDIA,18022020.pdf
2020-02-18,2020-03-27,Nifty Smallcap 250,included,KRBL,18022020.pdf
2020-02-18,2020-03-27,Nifty Smallcap 250,included,MAHINDCIE,18022020.pdf
2020-02-18,2020-03-27,Nifty Smallcap 250,included,MAHLIFE,18022020.pdf
2020-02-18,2020-03-27,Nifty Smallcap 250,included,NAVNETEDUL,18022020.pdf
2020-02-18,2020-03-27,Nifty Smallcap 250,included,NBCC,18022020.pdf
2020-02-18,2020-03-27,Nifty Smallcap 250,included,SHARDACROP,18022020.pdf
2020-02-18,2020-03-27,Nifty Smallcap 250,included,SCI,18022020.pdf
2020-02-18,2020-03-27,Nifty Smallcap 250,included,SWSOLAR,18022020.pdf
2020-02-18,2020-03-27,Nifty Smallcap 250,included,STRTECH,18022020.pdf
2020-02-18,2020-03-27,Nifty Smallcap 250,included,TATASTLLP,18022020.pdf
2020-02-18,2020-03-27,Nifty Smallcap 250,included,TCI,18022020.pdf
2020-02-18,2020-03-27,Nifty Smallcap 250,included,VARROC,18022020.pdf
2020-02-18,2020-03-27,Nifty Smallcap 250,included,VESUVIUS,18022020.pdf
2020-02-18,2020-03-27,Nifty Midcap 50,excluded,CASTROLIND,18022020.pdf
2020-02-18,2020-03-27,Nifty Midcap 50,excluded,HEXAWARE,18022020.pdf
2020-02-18,2020-03-27,Nifty Midcap 50,excluded,NAUKRI,18022020.pdf
2020-02-18,2020-03-27,Nifty Midcap 50,excluded,NBCC,18022020.pdf
2020-02-18,2020-03-27,Nifty Midcap 50,excluded,TORNTPHARM,18022020.pdf
2020-02-18,2020-03-27,Nifty Midcap 50,included,ASHOKLEY,18022020.pdf
2020-02-18,2020-03-27,Nifty Midcap 50,included,IBULHSGFIN,18022020.pdf
2020-02-18,2020-03-27,Nifty Midcap 50,included,L&TFH,18022020.pdf
2020-02-18,2020-03-27,Nifty Midcap 50,included,IDEA,18022020.pdf
2020-02-18,2020-03-27,Nifty Midcap 50,included,YESBANK,18022020.pdf
2020-02-18,2020-03-27,Nifty Midcap 100,excluded,FCONSUMER,18022020.pdf
2020-02-18,2020-03-27,Nifty Midcap 100,excluded,GRAPHITE,18022020.pdf
2020-02-18,2020-03-27,Nifty Midcap 100,excluded,HEG,18022020.pdf
2020-02-18,2020-03-27,Nifty Midcap 100,excluded,IDBI,18022020.pdf
2020-02-18,2020-03-27,Nifty Midcap 100,excluded,NAUKRI,18022020.pdf
2020-02-18,2020-03-27,Nifty Midcap 100,excluded,LTI,18022020.pdf
2020-02-18,2020-03-27,Nifty Midcap 100,excluded,NBCC,18022020.pdf
2020-02-18,2020-03-27,Nifty Midcap 100,excluded,STRTECH,18022020.pdf
2020-02-18,2020-03-27,Nifty Midcap 100,excluded,TORNTPHARM,18022020.pdf
2020-02-18,2020-03-27,Nifty Midcap 100,excluded,VARROC,18022020.pdf
2020-02-18,2020-03-27,Nifty Midcap 100,included,ADANIGAS,18022020.pdf
2020-02-18,2020-03-27,Nifty Midcap 100,included,ADANIGREEN,18022020.pdf
2020-02-18,2020-03-27,Nifty Midcap 100,included,ASHOKLEY,18022020.pdf
2020-02-18,2020-03-27,Nifty Midcap 100,included,IBULHSGFIN,18022020.pdf
2020-02-18,2020-03-27,Nifty Midcap 100,included,IRCTC,18022020.pdf
2020-02-18,2020-03-27,Nifty Midcap 100,included,L&TFH,18022020.pdf
2020-02-18,2020-03-27,Nifty Midcap 100,included,NIITTECH,18022020.pdf
2020-02-18,2020-03-27,Nifty Midcap 100,included,POLYCAB,18022020.pdf
2020-02-18,2020-03-27,Nifty Midcap 100,included,IDEA,18022020.pdf
2020-02-18,2020-03-27,Nifty Midcap 100,included,YESBANK,18022020.pdf
2020-02-18,2020-03-27,Nifty Smallcap 50,excluded,ARVINDFASN,18022020.pdf
2020-02-18,2020-03-27,Nifty Smallcap 50,excluded,DISHTV,18022020.pdf
2020-02-18,2020-03-27,Nifty Smallcap 50,excluded,GNFC,18022020.pdf
2020-02-18,2020-03-27,Nifty Smallcap 50,excluded,GSFC,18022020.pdf
2020-02-18,2020-03-27,Nifty Smallcap 50,excluded,IBREALEST,18022020.pdf
2020-02-18,2020-03-27,Nifty Smallcap 50,excluded,IRB,18022020.pdf
2020-02-18,2020-03-27,Nifty Smallcap 50,excluded,MMTC,18022020.pdf
2020-02-18,2020-03-27,Nifty Smallcap 50,excluded,NIITTECH,18022020.pdf
2020-02-18,2020-03-27,Nifty Smallcap 50,excluded,STAR,18022020.pdf
2020-02-18,2020-03-27,Nifty Smallcap 50,excluded,WOCKPHARMA,18022020.pdf
2020-02-18,2020-03-27,Nifty Smallcap 50,included,CENTURYTEX,18022020.pdf
2020-02-18,2020-03-27,Nifty Smallcap 50,included,DEEPAKNTR,18022020.pdf
2020-02-18,2020-03-27,Nifty Smallcap 50,included,GRAPHITE,18022020.pdf
2020-02-18,2020-03-27,Nifty Smallcap 50,included,HEG,18022020.pdf
2020-02-18,2020-03-27,Nifty Smallcap 50,included,NBCC,18022020.pdf
2020-02-18,2020-03-27,Nifty Smallcap 50,included,SPANDANA,18022020.pdf
2020-02-18,2020-03-27,Nifty Smallcap 50,included,SPICEJET,18022020.pdf
2020-02-18,2020-03-27,Nifty Smallcap 50,included,SWSOLAR,18022020.pdf
2020-02-18,2020-03-27,Nifty Smallcap 50,included,STRTECH,18022020.pdf
2020-02-18,2020-03-27,Nifty Smallcap 50,included,SPARC,18022020.pdf
2020-02-18,2020-03-27,Nifty Smallcap 100,excluded,ARVINDFASN,18022020.pdf
2020-02-18,2020-03-27,Nifty Smallcap 100,excluded,BSE,18022020.pdf
2020-02-18,2020-03-27,Nifty Smallcap 100,excluded,CARERATING,18022020.pdf
2020-02-18,2020-03-27,Nifty Smallcap 100,excluded,CHENNPETRO,18022020.pdf
2020-02-18,2020-03-27,Nifty Smallcap 100,excluded,CREDITACC,18022020.pdf
2020-02-18,2020-03-27,Nifty Smallcap 100,excluded,DHFL,18022020.pdf
2020-02-18,2020-03-27,Nifty Smallcap 100,excluded,FLFL,18022020.pdf
2020-02-18,2020-03-27,Nifty Smallcap 100,excluded,GUJALKALI,18022020.pdf
2020-02-18,2020-03-27,Nifty Smallcap 100,excluded,INDIACEM,18022020.pdf
2020-02-18,2020-03-27,Nifty Smallcap 100,excluded,JKCEMENT,18022020.pdf
2020-02-18,2020-03-27,Nifty Smallcap 100,excluded,KTKBANK,18022020.pdf
2020-02-18,2020-03-27,Nifty Smallcap 100,excluded,MINDAIND,18022020.pdf
2020-02-18,2020-03-27,Nifty Smallcap 100,excluded,NIITTECH,18022020.pdf
2020-02-18,2020-03-27,Nifty Smallcap 100,excluded,SUZLON,18022020.pdf
2020-02-18,2020-03-27,Nifty Smallcap 100,excluded,VENKEYS,18022020.pdf
2020-02-18,2020-03-27,Nifty Smallcap 100,included,AFFLE,18022020.pdf
2020-02-18,2020-03-27,Nifty Smallcap 100,included,BAJAJCON,18022020.pdf
2020-02-18,2020-03-27,Nifty Smallcap 100,included,BIRLACORPN,18022020.pdf
2020-02-18,2020-03-27,Nifty Smallcap 100,included,CGCL,18022020.pdf
2020-02-18,2020-03-27,Nifty Smallcap 100,included,CENTURYTEX,18022020.pdf
2020-02-18,2020-03-27,Nifty Smallcap 100,included,DIXON,18022020.pdf
2020-02-18,2020-03-27,Nifty Smallcap 100,included,GRAPHITE,18022020.pdf
2020-02-18,2020-03-27,Nifty Smallcap 100,included,HEG,18022020.pdf
2020-02-18,2020-03-27,Nifty Smallcap 100,included,HEIDELBERG,18022020.pdf
2020-02-18,2020-03-27,Nifty Smallcap 100,included,IEX,18022020.pdf
2020-02-18,2020-03-27,Nifty Smallcap 100,included,INOXLEISUR,18022020.pdf
2020-02-18,2020-03-27,Nifty Smallcap 100,included,NAVINFLUOR,18022020.pdf
2020-02-18,2020-03-27,Nifty Smallcap 100,included,NBCC,18022020.pdf
2020-02-18,2020-03-27,Nifty Smallcap 100,included,SWSOLAR,18022020.pdf
2020-02-18,2020-03-27,Nifty Smallcap 100,included,STRTECH,18022020.pdf
2020-02-18,2020-03-27,Nifty 200,excluded,FCONSUMER,18022020.pdf
2020-02-18,2020-03-27,Nifty 200,excluded,GRAPHITE,18022020.pdf
2020-02-18,2020-03-27,Nifty 200,excluded,HEG,18022020.pdf
2020-02-18,2020-03-27,Nifty 200,excluded,NBCC,18022020.pdf
2020-02-18,2020-03-27,Nifty 200,excluded,STRTECH,18022020.pdf
2020-02-18,2020-03-27,Nifty 200,excluded,VARROC,18022020.pdf
2020-02-18,2020-03-27,Nifty 200,included,ADANIGAS,18022020.pdf
2020-02-18,2020-03-27,Nifty 200,included,ADANIGREEN,18022020.pdf
2020-02-18,2020-03-27,Nifty 200,included,ADANITRANS,18022020.pdf
2020-02-18,2020-03-27,Nifty 200,included,IRCTC,18022020.pdf
2020-02-18,2020-03-27,Nifty 200,included,NIITTECH,18022020.pdf
2020-02-18,2020-03-27,Nifty 200,included,POLYCAB,18022020.pdf
2020-08-20,2020-09-25,Nifty 50,excluded,INFRATEL,20082020.pdf
2020-08-20,2020-09-25,Nifty 50,excluded,ZEEL,20082020.pdf
2020-08-20,2020-09-25,Nifty 50,included,DIVISLAB,20082020.pdf
2020-08-20,2020-09-25,Nifty 50,included,SBILIFE,20082020.pdf
2020-08-20,2020-09-25,Nifty Next 50,excluded,DIVISLAB,20082020.pdf
2020-08-20,2020-09-25,Nifty Next 50,excluded,NHPC,20082020.pdf
2020-08-20,2020-09-25,Nifty Next 50,excluded,PAGEIND,20082020.pdf
2020-08-20,2020-09-25,Nifty Next 50,excluded,SBILIFE,20082020.pdf
2020-08-20,2020-09-25,Nifty Next 50,excluded,SRTRANSFIN,20082020.pdf
2020-08-20,2020-09-25,Nifty Next 50,included,ADANIGREEN,20082020.pdf
2020-08-20,2020-09-25,Nifty Next 50,included,ALKEM,20082020.pdf
2020-08-20,2020-09-25,Nifty Next 50,included,INFRATEL,20082020.pdf
2020-08-20,2020-09-25,Nifty Next 50,included,LTI,20082020.pdf
2020-08-20,2020-09-25,Nifty Next 50,included,TATACONSUM,20082020.pdf
2020-08-20,2020-09-25,Nifty 500,excluded,ADANIPOWER,20082020.pdf
2020-08-20,2020-09-25,Nifty 500,excluded,GET&D,20082020.pdf
2020-08-20,2020-09-25,Nifty 500,excluded,HEXAWARE,20082020.pdf
2020-08-20,2020-09-25,Nifty 500,excluded,HIMATSEIDE,20082020.pdf
2020-08-20,2020-09-25,Nifty 500,excluded,IFCI,20082020.pdf
2020-08-20,2020-09-25,Nifty 500,excluded,ITDC,20082020.pdf
2020-08-20,2020-09-25,Nifty 500,excluded,INDOSTAR,20082020.pdf
2020-08-20,2020-09-25,Nifty 500,excluded,INTELLECT,20082020.pdf
2020-08-20,2020-09-25,Nifty 500,excluded,JUBILANT,20082020.pdf
2020-08-20,2020-09-25,Nifty 500,excluded,KPRMILL,20082020.pdf
2020-08-20,2020-09-25,Nifty 500,excluded,MAHINDCIE,20082020.pdf
2020-08-20,2020-09-25,Nifty 500,excluded,NBVENTURES,20082020.pdf
2020-08-20,2020-09-25,Nifty 500,excluded,SADBHAV,20082020.pdf
2020-08-20,2020-09-25,Nifty 500,excluded,RENUKA,20082020.pdf
2020-08-20,2020-09-25,Nifty 500,excluded,TAKE,20082020.pdf
2020-08-20,2020-09-25,Nifty 500,excluded,TIMETECHNO,20082020.pdf
2020-08-20,2020-09-25,Nifty 500,excluded,VESUVIUS,20082020.pdf
2020-08-20,2020-09-25,Nifty 500,included,AARTIDRUGS,20082020.pdf
2020-08-20,2020-09-25,Nifty 500,included,POWERINDIA,20082020.pdf
2020-08-20,2020-09-25,Nifty 500,included,ADANIENT,20082020.pdf
2020-08-20,2020-09-25,Nifty 500,included,ALEMBICLTD,20082020.pdf
2020-08-20,2020-09-25,Nifty 500,included,ALOKINDS,20082020.pdf
2020-08-20,2020-09-25,Nifty 500,included,CHALET,20082020.pdf
2020-08-20,2020-09-25,Nifty 500,included,GAEL,20082020.pdf
2020-08-20,2020-09-25,Nifty 500,included,PAPERPROD,20082020.pdf
2020-08-20,2020-09-25,Nifty 500,included,IOLCP,20082020.pdf
2020-08-20,2020-09-25,Nifty 500,included,NAVNETEDUL,20082020.pdf
2020-08-20,2020-09-25,Nifty 500,included,POLYPLEX,20082020.pdf
2020-08-20,2020-09-25,Nifty 500,included,SHILPAMED,20082020.pdf
2020-08-20,2020-09-25,Nifty 500,included,SOLARA,20082020.pdf
2020-08-20,2020-09-25,Nifty 500,included,SUPPETRO,20082020.pdf
2020-08-20,2020-09-25,Nifty 500,included,SUVENPHAR,20082020.pdf
2020-08-20,2020-09-25,Nifty 500,included,TATACHEM,20082020.pdf
2020-08-20,2020-09-25,Nifty 500,included,YESBANK,20082020.pdf
2020-08-20,2020-09-25,Nifty 100,excluded,NHPC,20082020.pdf
2020-08-20,2020-09-25,Nifty 100,excluded,PAGEIND,20082020.pdf
2020-08-20,2020-09-25,Nifty 100,excluded,SRTRANSFIN,20082020.pdf
2020-08-20,2020-09-25,Nifty 100,excluded,ZEEL,20082020.pdf
2020-08-20,2020-09-25,Nifty 100,included,ADANIGREEN,20082020.pdf
2020-08-20,2020-09-25,Nifty 100,included,ALKEM,20082020.pdf
2020-08-20,2020-09-25,Nifty 100,included,LTI,20082020.pdf
2020-08-20,2020-09-25,Nifty 100,included,TATACONSUM,20082020.pdf
2020-08-20,2020-09-25,Nifty Midcap 150,excluded,ADANIGREEN,20082020.pdf
2020-08-20,2020-09-25,Nifty Midcap 150,excluded,ADANIPOWER,20082020.pdf
2020-08-20,2020-09-25,Nifty Midcap 150,excluded,ALKEM,20082020.pdf
2020-08-20,2020-09-25,Nifty Midcap 150,excluded,BLUEDART,20082020.pdf
2020-08-20,2020-09-25,Nifty Midcap 150,excluded,CENTRALBK,20082020.pdf
2020-08-20,2020-09-25,Nifty Midcap 150,excluded,EIHOTEL,20082020.pdf
2020-08-20,2020-09-25,Nifty Midcap 150,excluded,HEXAWARE,20082020.pdf
2020-08-20,2020-09-25,Nifty Midcap 150,excluded,IDBI,20082020.pdf
2020-08-20,2020-09-25,Nifty Midcap 150,excluded,IOB,20082020.pdf
2020-08-20,2020-09-25,Nifty Midcap 150,excluded,JUBILANT,20082020.pdf
2020-08-20,2020-09-25,Nifty Midcap 150,excluded,LTI,20082020.pdf
2020-08-20,2020-09-25,Nifty Midcap 150,excluded,PNBHOUSING,20082020.pdf
2020-08-20,2020-09-25,Nifty Midcap 150,excluded,QUESS,20082020.pdf
2020-08-20,2020-09-25,Nifty Midcap 150,excluded,TATACONSUM,20082020.pdf
2020-08-20,2020-09-25,Nifty Midcap 150,excluded,UCOBANK,20082020.pdf
2020-08-20,2020-09-25,Nifty Midcap 150,included,ADANIENT,20082020.pdf
2020-08-20,2020-09-25,Nifty Midcap 150,included,ASTRAZEN,20082020.pdf
2020-08-20,2020-09-25,Nifty Midcap 150,included,ITI,20082020.pdf
2020-08-20,2020-09-25,Nifty Midcap 150,included,JMFINANCIL,20082020.pdf
2020-08-20,2020-09-25,Nifty Midcap 150,included,METROPOLIS,20082020.pdf
2020-08-20,2020-09-25,Nifty Midcap 150,included,NAVINFLUOR,20082020.pdf
2020-08-20,2020-09-25,Nifty Midcap 150,included,NHPC,20082020.pdf
2020-08-20,2020-09-25,Nifty Midcap 150,included,PAGEIND,20082020.pdf
2020-08-20,2020-09-25,Nifty Midcap 150,included,SFL,20082020.pdf
2020-08-20,2020-09-25,Nifty Midcap 150,included,SRTRANSFIN,20082020.pdf
2020-08-20,2020-09-25,Nifty Midcap 150,included,TATACHEM,20082020.pdf
2020-08-20,2020-09-25,Nifty Midcap 150,included,TIINDIA,20082020.pdf
2020-08-20,2020-09-25,Nifty Midcap 150,included,YESBANK,20082020.pdf
2020-08-20,2020-09-25,Nifty Midcap 150,included,ZEEL,20082020.pdf
2020-08-20,2020-09-25,Nifty Midcap 150,included,ZYDUSWELL,20082020.pdf
2020-08-20,2020-09-25,Nifty Smallcap 250,excluded,ASTRAZEN,20082020.pdf
2020-08-20,2020-09-25,Nifty Smallcap 250,excluded,GET&D,20082020.pdf
2020-08-20,2020-09-25,Nifty Smallcap 250,excluded,HIMATSEIDE,20082020.pdf
2020-08-20,2020-09-25,Nifty Smallcap 250,excluded,IFCI,20082020.pdf
2020-08-20,2020-09-25,Nifty Smallcap 250,excluded,ITDC,20082020.pdf
2020-08-20,2020-09-25,Nifty Smallcap 250,excluded,INDOSTAR,20082020.pdf
2020-08-20,2020-09-25,Nifty Smallcap 250,excluded,INTELLECT,20082020.pdf
2020-08-20,2020-09-25,Nifty Smallcap 250,excluded,ITI,20082020.pdf
2020-08-20,2020-09-25,Nifty Smallcap 250,excluded,JMFINANCIL,20082020.pdf
2020-08-20,2020-09-25,Nifty Smallcap 250,excluded,KPRMILL,20082020.pdf
2020-08-20,2020-09-25,Nifty Smallcap 250,excluded,MAHINDCIE,20082020.pdf
2020-08-20,2020-09-25,Nifty Smallcap 250,excluded,METROPOLIS,20082020.pdf
2020-08-20,2020-09-25,Nifty Smallcap 250,excluded,NBVENTURES,20082020.pdf
2020-08-20,2020-09-25,Nifty Smallcap 250,excluded,NAVINFLUOR,20082020.pdf
2020-08-20,2020-09-25,Nifty Smallcap 250,excluded,SADBHAV,20082020.pdf
2020-08-20,2020-09-25,Nifty Smallcap 250,excluded,SFL,20082020.pdf
2020-08-20,2020-09-25,Nifty Smallcap 250,excluded,RENUKA,20082020.pdf
2020-08-20,2020-09-25,Nifty Smallcap 250,excluded,TAKE,20082020.pdf
2020-08-20,2020-09-25,Nifty Smallcap 250,excluded,TIMETECHNO,20082020.pdf
2020-08-20,2020-09-25,Nifty Smallcap 250,excluded,TIINDIA,20082020.pdf
2020-08-20,2020-09-25,Nifty Smallcap 250,excluded,VESUVIUS,20082020.pdf
2020-08-20,2020-09-25,Nifty Smallcap 250,excluded,ZYDUSWELL,20082020.pdf
2020-08-20,2020-09-25,Nifty Smallcap 250,included,AARTIDRUGS,20082020.pdf
2020-08-20,2020-09-25,Nifty Smallcap 250,included,POWERINDIA,20082020.pdf
2020-08-20,2020-09-25,Nifty Smallcap 250,included,ALEMBICLTD,20082020.pdf
2020-08-20,2020-09-25,Nifty Smallcap 250,included,ALOKINDS,20082020.pdf
2020-08-20,2020-09-25,Nifty Smallcap 250,included,BLUEDART,20082020.pdf
2020-08-20,2020-09-25,Nifty Smallcap 250,included,CENTRALBK,20082020.pdf
2020-08-20,2020-09-25,Nifty Smallcap 250,included,CHALET,20082020.pdf
2020-08-20,2020-09-25,Nifty Smallcap 250,included,EIHOTEL,20082020.pdf
2020-08-20,2020-09-25,Nifty Smallcap 250,included,GAEL,20082020.pdf
2020-08-20,2020-09-25,Nifty Smallcap 250,included,PAPERPROD,20082020.pdf
2020-08-20,2020-09-25,Nifty Smallcap 250,included,IDBI,20082020.pdf
2020-08-20,2020-09-25,Nifty Smallcap 250,included,IOB,20082020.pdf
2020-08-20,2020-09-25,Nifty Smallcap 250,included,IOLCP,20082020.pdf
2020-08-20,2020-09-25,Nifty Smallcap 250,included,NAVNETEDUL,20082020.pdf
2020-08-20,2020-09-25,Nifty Smallcap 250,included,PNBHOUSING,20082020.pdf
2020-08-20,2020-09-25,Nifty Smallcap 250,included,POLYPLEX,20082020.pdf
2020-08-20,2020-09-25,Nifty Smallcap 250,included,QUESS,20082020.pdf
2020-08-20,2020-09-25,Nifty Smallcap 250,included,SHILPAMED,20082020.pdf
2020-08-20,2020-09-25,Nifty Smallcap 250,included,SOLARA,20082020.pdf
2020-08-20,2020-09-25,Nifty Smallcap 250,included,SUPPETRO,20082020.pdf
2020-08-20,2020-09-25,Nifty Smallcap 250,included,SUVENPHAR,20082020.pdf
2020-08-20,2020-09-25,Nifty Smallcap 250,included,UCOBANK,20082020.pdf
2020-08-20,2020-09-25,Nifty Midcap 50,excluded,ADANIPOWER,20082020.pdf
2020-08-20,2020-09-25,Nifty Midcap 50,excluded,CESC,20082020.pdf
2020-08-20,2020-09-25,Nifty Midcap 50,excluded,HEXAWARE,20082020.pdf
2020-08-20,2020-09-25,Nifty Midcap 50,excluded,OIL,20082020.pdf
2020-08-20,2020-09-25,Nifty Midcap 50,excluded,TATACONSUM,20082020.pdf
2020-08-20,2020-09-25,Nifty Midcap 50,included,ADANIENT,20082020.pdf
2020-08-20,2020-09-25,Nifty Midcap 50,included,COFORGE,20082020.pdf
2020-08-20,2020-09-25,Nifty Midcap 50,included,PAGEIND,20082020.pdf
2020-08-20,2020-09-25,Nifty Midcap 50,included,SRTRANSFIN,20082020.pdf
2020-08-20,2020-09-25,Nifty Midcap 50,included,ZEEL,20082020.pdf
2020-08-20,2020-09-25,Nifty Midcap 100,excluded,ADANIPOWER,20082020.pdf
2020-08-20,2020-09-25,Nifty Midcap 100,excluded,ALKEM,20082020.pdf
2020-08-20,2020-09-25,Nifty Midcap 100,excluded,HEXAWARE,20082020.pdf
2020-08-20,2020-09-25,Nifty Midcap 100,excluded,IDBI,20082020.pdf
2020-08-20,2020-09-25,Nifty Midcap 100,excluded,JUBILANT,20082020.pdf
2020-08-20,2020-09-25,Nifty Midcap 100,excluded,LTI,20082020.pdf
2020-08-20,2020-09-25,Nifty Midcap 100,excluded,MRPL,20082020.pdf
2020-08-20,2020-09-25,Nifty Midcap 100,excluded,PNBHOUSING,20082020.pdf
2020-08-20,2020-09-25,Nifty Midcap 100,excluded,QUESS,20082020.pdf
2020-08-20,2020-09-25,Nifty Midcap 100,excluded,TATACONSUM,20082020.pdf
2020-08-20,2020-09-25,Nifty Midcap 100,included,ADANIENT,20082020.pdf
2020-08-20,2020-09-25,Nifty Midcap 100,included,APLLTD,20082020.pdf
2020-08-20,2020-09-25,Nifty Midcap 100,included,ISEC,20082020.pdf
2020-08-20,2020-09-25,Nifty Midcap 100,included,NAVINFLUOR,20082020.pdf
2020-08-20,2020-09-25,Nifty Midcap 100,included,PAGEIND,20082020.pdf
2020-08-20,2020-09-25,Nifty Midcap 100,included,SANOFI,20082020.pdf
2020-08-20,2020-09-25,Nifty Midcap 100,included,SRTRANSFIN,20082020.pdf
2020-08-20,2020-09-25,Nifty Midcap 100,included,TATACHEM,20082020.pdf
2020-08-20,2020-09-25,Nifty Midcap 100,included,YESBANK,20082020.pdf
2020-08-20,2020-09-25,Nifty Midcap 100,included,ZEEL,20082020.pdf
2020-08-20,2020-09-25,Nifty Smallcap 50,excluded,CENTURYPLY,20082020.pdf
2020-08-20,2020-09-25,Nifty Smallcap 50,excluded,DELTACORP,20082020.pdf
2020-08-20,2020-09-25,Nifty Smallcap 50,excluded,HINDCOPPER,20082020.pdf
2020-08-20,2020-09-25,Nifty Smallcap 50,excluded,IBREALEST,20082020.pdf
2020-08-20,2020-09-25,Nifty Smallcap 50,excluded,ITI,20082020.pdf
2020-08-20,2020-09-25,Nifty Smallcap 50,excluded,JUSTDIAL,20082020.pdf
2020-08-20,2020-09-25,Nifty Smallcap 50,excluded,KARURVYSYA,20082020.pdf
2020-08-20,2020-09-25,Nifty Smallcap 50,excluded,METROPOLIS,20082020.pdf
2020-08-20,2020-09-25,Nifty Smallcap 50,excluded,NAVINFLUOR,20082020.pdf
2020-08-20,2020-09-25,Nifty Smallcap 50,excluded,RAYMOND,20082020.pdf
2020-08-20,2020-09-25,Nifty Smallcap 50,included,BDL,20082020.pdf
2020-08-20,2020-09-25,Nifty Smallcap 50,included,BIRLACORPN,20082020.pdf
2020-08-20,2020-09-25,Nifty Smallcap 50,included,GMMPFAUDLR,20082020.pdf
2020-08-20,2020-09-25,Nifty Smallcap 50,included,INDIANB,20082020.pdf
2020-08-20,2020-09-25,Nifty Smallcap 50,included,IRCON,20082020.pdf
2020-08-20,2020-09-25,Nifty Smallcap 50,included,MIDHANI,20082020.pdf
2020-08-20,2020-09-25,Nifty Smallcap 50,included,PNBHOUSING,20082020.pdf
2020-08-20,2020-09-25,Nifty Smallcap 50,included,RALLIS,20082020.pdf
2020-08-20,2020-09-25,Nifty Smallcap 50,included,STRTECH,20082020.pdf
2020-08-20,2020-09-25,Nifty Smallcap 50,included,SPARC,20082020.pdf
2020-08-20,2020-09-25,Nifty Smallcap 100,excluded,ASHOKA,20082020.pdf
2020-08-20,2020-09-25,Nifty Smallcap 100,excluded,GALAXYSURF,20082020.pdf
2020-08-20,2020-09-25,Nifty Smallcap 100,excluded,GUJALKALI,20082020.pdf
2020-08-20,2020-09-25,Nifty Smallcap 100,excluded,GSFC,20082020.pdf
2020-08-20,2020-09-25,Nifty Smallcap 100,excluded,HSCL,20082020.pdf
2020-08-20,2020-09-25,Nifty Smallcap 100,excluded,HINDCOPPER,20082020.pdf
2020-08-20,2020-09-25,Nifty Smallcap 100,excluded,ITI,20082020.pdf
2020-08-20,2020-09-25,Nifty Smallcap 100,excluded,JMFINANCIL,20082020.pdf
2020-08-20,2020-09-25,Nifty Smallcap 100,excluded,LAXMIMACH,20082020.pdf
2020-08-20,2020-09-25,Nifty Smallcap 100,excluded,METROPOLIS,20082020.pdf
2020-08-20,2020-09-25,Nifty Smallcap 100,excluded,MMTC,20082020.pdf
2020-08-20,2020-09-25,Nifty Smallcap 100,excluded,NAVINFLUOR,20082020.pdf
2020-08-20,2020-09-25,Nifty Smallcap 100,excluded,NCC,20082020.pdf
2020-08-20,2020-09-25,Nifty Smallcap 100,excluded,PNCINFRA,20082020.pdf
2020-08-20,2020-09-25,Nifty Smallcap 100,excluded,RAYMOND,20082020.pdf
2020-08-20,2020-09-25,Nifty Smallcap 100,included,ALOKINDS,20082020.pdf
2020-08-20,2020-09-25,Nifty Smallcap 100,included,AMBER,20082020.pdf
2020-08-20,2020-09-25,Nifty Smallcap 100,included,BASF,20082020.pdf
2020-08-20,2020-09-25,Nifty Smallcap 100,included,BDL,20082020.pdf
2020-08-20,2020-09-25,Nifty Smallcap 100,included,CDSL,20082020.pdf
2020-08-20,2020-09-25,Nifty Smallcap 100,included,ENGINERSIN,20082020.pdf
2020-08-20,2020-09-25,Nifty Smallcap 100,included,FDC,20082020.pdf
2020-08-20,2020-09-25,Nifty Smallcap 100,included,IDBI,20082020.pdf
2020-08-20,2020-09-25,Nifty Smallcap 100,included,INDIANB,20082020.pdf
2020-08-20,2020-09-25,Nifty Smallcap 100,included,IEX,20082020.pdf
2020-08-20,2020-09-25,Nifty Smallcap 100,included,JBCHEPHARM,20082020.pdf
2020-08-20,2020-09-25,Nifty Smallcap 100,included,PNBHOUSING,20082020.pdf
2020-08-20,2020-09-25,Nifty Smallcap 100,included,SUVENPHAR,20082020.pdf
2020-08-20,2020-09-25,Nifty Smallcap 100,included,THYROCARE,20082020.pdf
2020-08-20,2020-09-25,Nifty Smallcap 100,included,WESTLIFE,20082020.pdf
2020-08-20,2020-09-25,Nifty 200,excluded,ADANIPOWER,20082020.pdf
2020-08-20,2020-09-25,Nifty 200,excluded,HEXAWARE,20082020.pdf
2020-08-20,2020-09-25,Nifty 200,excluded,IDBI,20082020.pdf
2020-08-20,2020-09-25,Nifty 200,excluded,JUBILANT,20082020.pdf
2020-08-20,2020-09-25,Nifty 200,excluded,MRPL,20082020.pdf
2020-08-20,2020-09-25,Nifty 200,excluded,NHPC,20082020.pdf
2020-08-20,2020-09-25,Nifty 200,excluded,PNBHOUSING,20082020.pdf
2020-08-20,2020-09-25,Nifty 200,excluded,QUESS,20082020.pdf
2020-08-20,2020-09-25,Nifty 200,included,ADANIENT,20082020.pdf
2020-08-20,2020-09-25,Nifty 200,included,ADANIGREEN,20082020.pdf
2020-08-20,2020-09-25,Nifty 200,included,APLLTD,20082020.pdf
2020-08-20,2020-09-25,Nifty 200,included,ISEC,20082020.pdf
2020-08-20,2020-09-25,Nifty 200,included,NAVINFLUOR,20082020.pdf
2020-08-20,2020-09-25,Nifty 200,included,SANOFI,20082020.pdf
2020-08-20,2020-09-25,Nifty 200,included,TATACHEM,20082020.pdf
2020-08-20,2020-09-25,Nifty 200,included,YESBANK,20082020.pdf
2019-01-21,,Nifty 500,excluded,DENABANK,21012019.pdf
2019-01-21,,Nifty 500,excluded,VIJAYABANK,21012019.pdf
2019-01-21,,Nifty 500,included,CORPBANK,21012019.pdf
2019-01-21,,Nifty 500,included,CREDITACC,21012019.pdf
2019-01-21,,Nifty Smallcap 250,excluded,DENABANK,21012019.pdf
2019-01-21,,Nifty Smallcap 250,excluded,VIJAYABANK,21012019.pdf
2019-01-21,,Nifty Smallcap 250,included,CORPBANK,21012019.pdf
2019-01-21,,Nifty Smallcap 250,included,CREDITACC,21012019.pdf
2019-01-21,,Nifty Smallcap 100,excluded,VIJAYABANK,21012019.pdf
2019-01-21,,Nifty Smallcap 100,included,WELCORP,21012019.pdf
2018-02-21,2018-04-02,Nifty 50,excluded,AMBUJACEM,21022018.pdf
2018-02-21,2018-04-02,Nifty 50,excluded,AUROPHARMA,21022018.pdf
2018-02-21,2018-04-02,Nifty 50,excluded,BOSCHLTD,21022018.pdf
2018-02-21,2018-04-02,Nifty 50,included,BAJAJFINSV,21022018.pdf
2018-02-21,2018-04-02,Nifty 50,included,GRASIM,21022018.pdf
2018-02-21,2018-04-02,Nifty 50,included,TITAN,21022018.pdf
2018-02-21,2018-04-02,Nifty Next 50,excluded,BAJAJFINSV,21022018.pdf
2018-02-21,2018-04-02,Nifty Next 50,excluded,GSKCONS,21022018.pdf
2018-02-21,2018-04-02,Nifty Next 50,excluded,GLAXO,21022018.pdf
2018-02-21,2018-04-02,Nifty Next 50,excluded,GLENMARK,21022018.pdf
2018-02-21,2018-04-02,Nifty Next 50,excluded,TATAPOWER,21022018.pdf
2018-02-21,2018-04-02,Nifty Next 50,excluded,TITAN,21022018.pdf
2018-02-21,2018-04-02,Nifty Next 50,excluded,TORNTPHARM,21022018.pdf
2018-02-21,2018-04-02,Nifty Next 50,included,ABCAPITAL,21022018.pdf
2018-02-21,2018-04-02,Nifty Next 50,included,AMBUJACEM,21022018.pdf
2018-02-21,2018-04-02,Nifty Next 50,included,AUROPHARMA,21022018.pdf
2018-02-21,2018-04-02,Nifty Next 50,included,BOSCHLTD,21022018.pdf
2018-02-21,2018-04-02,Nifty Next 50,included,GICRE,21022018.pdf
2018-02-21,2018-04-02,Nifty Next 50,included,L&TFH,21022018.pdf
2018-02-21,2018-04-02,Nifty Next 50,included,SBILIFE,21022018.pdf
2018-02-21,2018-04-02,Nifty 500,excluded,ADANIENT,21022018.pdf
2018-02-21,2018-04-02,Nifty 500,excluded,AHLUCONT,21022018.pdf
2018-02-21,2018-04-02,Nifty 500,excluded,APARINDS,21022018.pdf
2018-02-21,2018-04-02,Nifty 500,excluded,ASTRAZEN,21022018.pdf
2018-02-21,2018-04-02,Nifty 500,excluded,CORPBANK,21022018.pdf
2018-02-21,2018-04-02,Nifty 500,excluded,DALMIABHA,21022018.pdf
2018-02-21,2018-04-02,Nifty 500,excluded,DHANUKA,21022018.pdf
2018-02-21,2018-04-02,Nifty 500,excluded,ESSELPACK,21022018.pdf
2018-02-21,2018-04-02,Nifty 500,excluded,ICRA,21022018.pdf
2018-02-21,2018-04-02,Nifty 500,excluded,IGARASHI,21022018.pdf
2018-02-21,2018-04-02,Nifty 500,excluded,INGERRAND,21022018.pdf
2018-02-21,2018-04-02,Nifty 500,excluded,LINDEINDIA,21022018.pdf
2018-02-21,2018-04-02,Nifty 500,excluded,MONSANTO,21022018.pdf
2018-02-21,2018-04-02,Nifty 500,excluded,NAVNETEDUL,21022018.pdf
2018-02-21,2018-04-02,Nifty 500,excluded,SCHNEIDER,21022018.pdf
2018-02-21,2018-04-02,Nifty 500,excluded,SHARDACROP,21022018.pdf
2018-02-21,2018-04-02,Nifty 500,excluded,SHILPAMED,21022018.pdf
2018-02-21,2018-04-02,Nifty 500,excluded,SNOWMAN,21022018.pdf
2018-02-21,2018-04-02,Nifty 500,excluded,SOMANYCERA,21022018.pdf
2018-02-21,2018-04-02,Nifty 500,excluded,SUPRAJIT,21022018.pdf
2018-02-21,2018-04-02,Nifty 500,excluded,SUPPETRO,21022018.pdf
2018-02-21,2018-04-02,Nifty 500,excluded,UNITEDBNK,21022018.pdf
2018-02-21,2018-04-02,Nifty 500,excluded,VESUVIUS,21022018.pdf
2018-02-21,2018-04-02,Nifty 500,excluded,VIDEOIND,21022018.pdf
2018-02-21,2018-04-02,Nifty 500,excluded,ZENSARTECH,21022018.pdf
2018-02-21,2018-04-02,Nifty 500,included,ABCAPITAL,21022018.pdf
2018-02-21,2018-04-02,Nifty 500,included,ASAHIINDIA,21022018.pdf
2018-02-21,2018-04-02,Nifty 500,included,CDSL,21022018.pdf
2018-02-21,2018-04-02,Nifty 500,included,DCAL,21022018.pdf
2018-02-21,2018-04-02,Nifty 500,included,DIXON,21022018.pdf
2018-02-21,2018-04-02,Nifty 500,included,ERIS,21022018.pdf
2018-02-21,2018-04-02,Nifty 500,included,GICRE,21022018.pdf
2018-02-21,2018-04-02,Nifty 500,included,GODREJAGRO,21022018.pdf
2018-02-21,2018-04-02,Nifty 500,included,GRAPHITE,21022018.pdf
2018-02-21,2018-04-02,Nifty 500,included,GRASIM,21022018.pdf
2018-02-21,2018-04-02,Nifty 500,included,HEG,21022018.pdf
2018-02-21,2018-04-02,Nifty 500,included,HSCL,21022018.pdf
2018-02-21,2018-04-02,Nifty 500,included,HONAUT,21022018.pdf
2018-02-21,2018-04-02,Nifty 500,included,ICICIGI,21022018.pdf
2018-02-21,2018-04-02,Nifty 500,included,IIFL,21022018.pdf
2018-02-21,2018-04-02,Nifty 500,included,IEX,21022018.pdf
2018-02-21,2018-04-02,Nifty 500,included,KNRCON,21022018.pdf
2018-02-21,2018-04-02,Nifty 500,included,MASFIN,21022018.pdf
2018-02-21,2018-04-02,Nifty 500,included,NESCO,21022018.pdf
2018-02-21,2018-04-02,Nifty 500,included,RHFL,21022018.pdf
2018-02-21,2018-04-02,Nifty 500,included,SADBHIN,21022018.pdf
2018-02-21,2018-04-02,Nifty 500,included,SBILIFE,21022018.pdf
2018-02-21,2018-04-02,Nifty 500,included,SIS,21022018.pdf
2018-02-21,2018-04-02,Nifty 500,included,SHANKARA,21022018.pdf
2018-02-21,2018-04-02,Nifty 500,included,SPTL,21022018.pdf
2018-02-21,2018-04-02,Nifty 100,excluded,GSKCONS,21022018.pdf
2018-02-21,2018-04-02,Nifty 100,excluded,GLAXO,21022018.pdf
2018-02-21,2018-04-02,Nifty 100,excluded,GLENMARK,21022018.pdf
2018-02-21,2018-04-02,Nifty 100,excluded,TATAPOWER,21022018.pdf
2018-02-21,2018-04-02,Nifty 100,excluded,TORNTPHARM,21022018.pdf
2018-02-21,2018-04-02,Nifty 100,included,ABCAPITAL,21022018.pdf
2018-02-21,2018-04-02,Nifty 100,included,GICRE,21022018.pdf
2018-02-21,2018-04-02,Nifty 100,included,GRASIM,21022018.pdf
2018-02-21,2018-04-02,Nifty 100,included,L&TFH,21022018.pdf
2018-02-21,2018-04-02,Nifty 100,included,SBILIFE,21022018.pdf
2018-02-21,2018-04-02,Nifty Midcap 150,excluded,ADANIENT,21022018.pdf
2018-02-21,2018-04-02,Nifty Midcap 150,excluded,DBCORP,21022018.pdf
2018-02-21,2018-04-02,Nifty Midcap 150,excluded,DALMIABHA,21022018.pdf
2018-02-21,2018-04-02,Nifty Midcap 150,excluded,LALPATHLAB,21022018.pdf
2018-02-21,2018-04-02,Nifty Midcap 150,excluded,GPPL,21022018.pdf
2018-02-21,2018-04-02,Nifty Midcap 150,excluded,IOB,21022018.pdf
2018-02-21,2018-04-02,Nifty Midcap 150,excluded,IPCALAB,21022018.pdf
2018-02-21,2018-04-02,Nifty Midcap 150,excluded,JYOTHYLAB,21022018.pdf
2018-02-21,2018-04-02,Nifty Midcap 150,excluded,L&TFH,21022018.pdf
2018-02-21,2018-04-02,Nifty Midcap 150,excluded,NH,21022018.pdf
2018-02-21,2018-04-02,Nifty Midcap 150,excluded,RCOM,21022018.pdf
2018-02-21,2018-04-02,Nifty Midcap 150,excluded,SYNDIBANK,21022018.pdf
2018-02-21,2018-04-02,Nifty Midcap 150,excluded,VTL,21022018.pdf
2018-02-21,2018-04-02,Nifty Midcap 150,excluded,VIJAYABANK,21022018.pdf
2018-02-21,2018-04-02,Nifty Midcap 150,excluded,WELSPUNIND,21022018.pdf
2018-02-21,2018-04-02,Nifty Midcap 150,included,AVANTIFEED,21022018.pdf
2018-02-21,2018-04-02,Nifty Midcap 150,included,DBL,21022018.pdf
2018-02-21,2018-04-02,Nifty Midcap 150,included,FCONSUMER,21022018.pdf
2018-02-21,2018-04-02,Nifty Midcap 150,included,GSKCONS,21022018.pdf
2018-02-21,2018-04-02,Nifty Midcap 150,included,GLAXO,21022018.pdf
2018-02-21,2018-04-02,Nifty Midcap 150,included,GLENMARK,21022018.pdf
2018-02-21,2018-04-02,Nifty Midcap 150,included,GODREJAGRO,21022018.pdf
2018-02-21,2018-04-02,Nifty Midcap 150,included,HONAUT,21022018.pdf
2018-02-21,2018-04-02,Nifty Midcap 150,included,ICICIGI,21022018.pdf
2018-02-21,2018-04-02,Nifty Midcap 150,included,IIFL,21022018.pdf
2018-02-21,2018-04-02,Nifty Midcap 150,included,IBREALEST,21022018.pdf
2018-02-21,2018-04-02,Nifty Midcap 150,included,IBVENTURES,21022018.pdf
2018-02-21,2018-04-02,Nifty Midcap 150,included,STRTECH,21022018.pdf
2018-02-21,2018-04-02,Nifty Midcap 150,included,TATAPOWER,21022018.pdf
2018-02-21,2018-04-02,Nifty Midcap 150,included,TORNTPHARM,21022018.pdf
2018-02-21,2018-04-02,Nifty Smallcap 250,excluded,AHLUCONT,21022018.pdf
2018-02-21,2018-04-02,Nifty Smallcap 250,excluded,APARINDS,21022018.pdf
2018-02-21,2018-04-02,Nifty Smallcap 250,excluded,ASTRAZEN,21022018.pdf
2018-02-21,2018-04-02,Nifty Smallcap 250,excluded,AVANTIFEED,21022018.pdf
2018-02-21,2018-04-02,Nifty Smallcap 250,excluded,CORPBANK,21022018.pdf
2018-02-21,2018-04-02,Nifty Smallcap 250,excluded,DHANUKA,21022018.pdf
2018-02-21,2018-04-02,Nifty Smallcap 250,excluded,DBL,21022018.pdf
2018-02-21,2018-04-02,Nifty Smallcap 250,excluded,ESSELPACK,21022018.pdf
2018-02-21,2018-04-02,Nifty Smallcap 250,excluded,FCONSUMER,21022018.pdf
2018-02-21,2018-04-02,Nifty Smallcap 250,excluded,ICRA,21022018.pdf
2018-02-21,2018-04-02,Nifty Smallcap 250,excluded,IGARASHI,21022018.pdf
2018-02-21,2018-04-02,Nifty Smallcap 250,excluded,IBREALEST,21022018.pdf
2018-02-21,2018-04-02,Nifty Smallcap 250,excluded,IBVENTURES,21022018.pdf
2018-02-21,2018-04-02,Nifty Smallcap 250,excluded,INGERRAND,21022018.pdf
2018-02-21,2018-04-02,Nifty Smallcap 250,excluded,LINDEINDIA,21022018.pdf
2018-02-21,2018-04-02,Nifty Smallcap 250,excluded,MONSANTO,21022018.pdf
2018-02-21,2018-04-02,Nifty Smallcap 250,excluded,NAVNETEDUL,21022018.pdf
2018-02-21,2018-04-02,Nifty Smallcap 250,excluded,SCHNEIDER,21022018.pdf
2018-02-21,2018-04-02,Nifty Smallcap 250,excluded,SHARDACROP,21022018.pdf
2018-02-21,2018-04-02,Nifty Smallcap 250,excluded,SHILPAMED,21022018.pdf
2018-02-21,2018-04-02,Nifty Smallcap 250,excluded,SNOWMAN,21022018.pdf
2018-02-21,2018-04-02,Nifty Smallcap 250,excluded,SOMANYCERA,21022018.pdf
2018-02-21,2018-04-02,Nifty Smallcap 250,excluded,STRTECH,21022018.pdf
2018-02-21,2018-04-02,Nifty Smallcap 250,excluded,SUPRAJIT,21022018.pdf
2018-02-21,2018-04-02,Nifty Smallcap 250,excluded,SUPPETRO,21022018.pdf
2018-02-21,2018-04-02,Nifty Smallcap 250,excluded,UNITEDBNK,21022018.pdf
2018-02-21,2018-04-02,Nifty Smallcap 250,excluded,VESUVIUS,21022018.pdf
2018-02-21,2018-04-02,Nifty Smallcap 250,excluded,VIDEOIND,21022018.pdf
2018-02-21,2018-04-02,Nifty Smallcap 250,excluded,ZENSARTECH,21022018.pdf
2018-02-21,2018-04-02,Nifty Smallcap 250,included,ASAHIINDIA,21022018.pdf
2018-02-21,2018-04-02,Nifty Smallcap 250,included,CDSL,21022018.pdf
2018-02-21,2018-04-02,Nifty Smallcap 250,included,DBCORP,21022018.pdf
2018-02-21,2018-04-02,Nifty Smallcap 250,included,DCAL,21022018.pdf
2018-02-21,2018-04-02,Nifty Smallcap 250,included,DIXON,21022018.pdf
2018-02-21,2018-04-02,Nifty Smallcap 250,included,LALPATHLAB,21022018.pdf
2018-02-21,2018-04-02,Nifty Smallcap 250,included,ERIS,21022018.pdf
2018-02-21,2018-04-02,Nifty Smallcap 250,included,GRAPHITE,21022018.pdf
2018-02-21,2018-04-02,Nifty Smallcap 250,included,GPPL,21022018.pdf
2018-02-21,2018-04-02,Nifty Smallcap 250,included,HEG,21022018.pdf
2018-02-21,2018-04-02,Nifty Smallcap 250,included,HSCL,21022018.pdf
2018-02-21,2018-04-02,Nifty Smallcap 250,included,IEX,21022018.pdf
2018-02-21,2018-04-02,Nifty Smallcap 250,included,IOB,21022018.pdf
2018-02-21,2018-04-02,Nifty Smallcap 250,included,IPCALAB,21022018.pdf
2018-02-21,2018-04-02,Nifty Smallcap 250,included,JYOTHYLAB,21022018.pdf
2018-02-21,2018-04-02,Nifty Smallcap 250,included,KNRCON,21022018.pdf
2018-02-21,2018-04-02,Nifty Smallcap 250,included,MASFIN,21022018.pdf
2018-02-21,2018-04-02,Nifty Smallcap 250,included,NH,21022018.pdf
2018-02-21,2018-04-02,Nifty Smallcap 250,included,NESCO,21022018.pdf
2018-02-21,2018-04-02,Nifty Smallcap 250,included,RCOM,21022018.pdf
2018-02-21,2018-04-02,Nifty Smallcap 250,included,RHFL,21022018.pdf
2018-02-21,2018-04-02,Nifty Smallcap 250,included,SADBHIN,21022018.pdf
2018-02-21,2018-04-02,Nifty Smallcap 250,included,SIS,21022018.pdf
2018-02-21,2018-04-02,Nifty Smallcap 250,included,SHANKARA,21022018.pdf
2018-02-21,2018-04-02,Nifty Smallcap 250,included,SPTL,21022018.pdf
2018-02-21,2018-04-02,Nifty Smallcap 250,included,SYNDIBANK,21022018.pdf
2018-02-21,2018-04-02,Nifty Smallcap 250,included,VTL,21022018.pdf
2018-02-21,2018-04-02,Nifty Smallcap 250,included,VIJAYABANK,21022018.pdf
2018-02-21,2018-04-02,Nifty Smallcap 250,included,WELSPUNIND,21022018.pdf
2018-02-21,2018-04-02,Nifty Midcap 50,excluded,ADANIENT,21022018.pdf
2018-02-21,2018-04-02,Nifty Midcap 50,excluded,DALMIABHA,21022018.pdf
2018-02-21,2018-04-02,Nifty Midcap 50,excluded,IRB,21022018.pdf
2018-02-21,2018-04-02,Nifty Midcap 50,excluded,L&TFH,21022018.pdf
2018-02-21,2018-04-02,Nifty Midcap 50,excluded,RCOM,21022018.pdf
2018-02-21,2018-04-02,Nifty Midcap 50,included,DHFL,21022018.pdf
2018-02-21,2018-04-02,Nifty Midcap 50,included,GLENMARK,21022018.pdf
2018-02-21,2018-04-02,Nifty Midcap 50,included,TATAPOWER,21022018.pdf
2018-02-21,2018-04-02,Nifty Midcap 50,included,RAMCOCEM,21022018.pdf
2018-02-21,2018-04-02,Nifty Midcap 50,included,TORNTPHARM,21022018.pdf
2018-02-21,2018-04-02,Nifty 200,excluded,ADANIENT,21022018.pdf
2018-02-21,2018-04-02,Nifty 200,excluded,CRISIL,21022018.pdf
2018-02-21,2018-04-02,Nifty 200,excluded,DALMIABHA,21022018.pdf
2018-02-21,2018-04-02,Nifty 200,excluded,LALPATHLAB,21022018.pdf
2018-02-21,2018-04-02,Nifty 200,excluded,GSKCONS,21022018.pdf
2018-02-21,2018-04-02,Nifty 200,excluded,GLAXO,21022018.pdf
2018-02-21,2018-04-02,Nifty 200,excluded,GPPL,21022018.pdf
2018-02-21,2018-04-02,Nifty 200,excluded,IPCALAB,21022018.pdf
2018-02-21,2018-04-02,Nifty 200,excluded,RCOM,21022018.pdf
2018-02-21,2018-04-02,Nifty 200,excluded,SYNDIBANK,21022018.pdf
2018-02-21,2018-04-02,Nifty 200,excluded,WELSPUNIND,21022018.pdf
2018-02-21,2018-04-02,Nifty 200,included,ABCAPITAL,21022018.pdf
2018-02-21,2018-04-02,Nifty 200,included,DBL,21022018.pdf
2018-02-21,2018-04-02,Nifty 200,included,FCONSUMER,21022018.pdf
2018-02-21,2018-04-02,Nifty 200,included,GICRE,21022018.pdf
2018-02-21,2018-04-02,Nifty 200,included,GODREJAGRO,21022018.pdf
2018-02-21,2018-04-02,Nifty 200,included,GRASIM,21022018.pdf
2018-02-21,2018-04-02,Nifty 200,included,ICICIGI,21022018.pdf
2018-02-21,2018-04-02,Nifty 200,included,IBREALEST,21022018.pdf
2018-02-21,2018-04-02,Nifty 200,included,IBVENTURES,21022018.pdf
2018-02-21,2018-04-02,Nifty 200,included,SBILIFE,21022018.pdf
2018-02-21,2018-04-02,Nifty 200,included,STRTECH,21022018.pdf
2018-02-21,2018-04-02,Nifty Smallcap 50,excluded,ADVENZYMES,21022018.pdf
2018-02-21,2018-04-02,Nifty Smallcap 50,excluded,DBL,21022018.pdf
2018-02-21,2018-04-02,Nifty Smallcap 50,excluded,FCONSUMER,21022018.pdf
2018-02-21,2018-04-02,Nifty Smallcap 50,excluded,HCC,21022018.pdf
2018-02-21,2018-04-02,Nifty Smallcap 50,excluded,HDIL,21022018.pdf
2018-02-21,2018-04-02,Nifty Smallcap 50,excluded,IBREALEST,21022018.pdf
2018-02-21,2018-04-02,Nifty Smallcap 50,excluded,IBVENTURES,21022018.pdf
2018-02-21,2018-04-02,Nifty Smallcap 50,excluded,KSCL,21022018.pdf
2018-02-21,2018-04-02,Nifty Smallcap 50,excluded,RNAVAL,21022018.pdf
2018-02-21,2018-04-02,Nifty Smallcap 50,excluded,STRTECH,21022018.pdf
2018-02-21,2018-04-02,Nifty Smallcap 50,included,COCHINSHIP,21022018.pdf
2018-02-21,2018-04-02,Nifty Smallcap 50,included,DELTACORP,21022018.pdf
2018-02-21,2018-04-02,Nifty Smallcap 50,included,GRAPHITE,21022018.pdf
2018-02-21,2018-04-02,Nifty Smallcap 50,included,HEG,21022018.pdf
2018-02-21,2018-04-02,Nifty Smallcap 50,included,HINDCOPPER,21022018.pdf
2018-02-21,2018-04-02,Nifty Smallcap 50,included,JPASSOCIAT,21022018.pdf
2018-02-21,2018-04-02,Nifty Smallcap 50,included,RAIN,21022018.pdf
2018-02-21,2018-04-02,Nifty Smallcap 50,included,RCOM,21022018.pdf
2018-02-21,2018-04-02,Nifty Smallcap 50,included,SPTL,21022018.pdf
2018-02-21,2018-04-02,Nifty Smallcap 50,included,SYNDIBANK,21022018.pdf
2025-02-21,2025-03-28,Nifty 50,excluded,BPCL,21022025.pdf
2025-02-21,2025-03-28,Nifty 50,excluded,BRITANNIA,21022025.pdf
2025-02-21,2025-03-28,Nifty 50,included,JIOFIN,21022025.pdf
2025-02-21,2025-03-28,Nifty 50,included,ZOMATO,21022025.pdf
2025-02-21,2025-03-28,Nifty 500,excluded,ACI,21022025.pdf
2025-02-21,2025-03-28,Nifty 500,excluded,AVANTIFEED,21022025.pdf
2025-02-21,2025-03-28,Nifty 500,excluded,BALAMINES,21022025.pdf
2025-02-21,2025-03-28,Nifty 500,excluded,BIRLACORPN,21022025.pdf
2025-02-21,2025-03-28,Nifty 500,excluded,CELLO,21022025.pdf
2025-02-21,2025-03-28,Nifty 500,excluded,CHEMPLASTS,21022025.pdf
2025-02-21,2025-03-28,Nifty 500,excluded,CIEINDIA,21022025.pdf
2025-02-21,2025-03-28,Nifty 500,excluded,EASEMYTRIP,21022025.pdf
2025-02-21,2025-03-28,Nifty 500,excluded,EQUITASBNK,21022025.pdf
2025-02-21,2025-03-28,Nifty 500,excluded,FINEORG,21022025.pdf
2025-02-21,2025-03-28,Nifty 500,excluded,GRINFRA,21022025.pdf
2025-02-21,2025-03-28,Nifty 500,excluded,GRINDWELL,21022025.pdf
2025-02-21,2025-03-28,Nifty 500,excluded,GAEL,21022025.pdf
2025-02-21,2025-03-28,Nifty 500,excluded,GSFC,21022025.pdf
2025-02-21,2025-03-28,Nifty 500,excluded,JKLAKSHMI,21022025.pdf
2025-02-21,2025-03-28,Nifty 500,excluded,KSB,21022025.pdf
2025-02-21,2025-03-28,Nifty 500,excluded,MAHLIFE,21022025.pdf
2025-02-21,2025-03-28,Nifty 500,excluded,METROBRAND,21022025.pdf
2025-02-21,2025-03-28,Nifty 500,excluded,NUVOCO,21022025.pdf
2025-02-21,2025-03-28,Nifty 500,excluded,PGHH,21022025.pdf
2025-02-21,2025-03-28,Nifty 500,excluded,RAJESHEXPO,21022025.pdf
2025-02-21,2025-03-28,Nifty 500,excluded,RATNAMANI,21022025.pdf
2025-02-21,2025-03-28,Nifty 500,excluded,SANOFI,21022025.pdf
2025-02-21,2025-03-28,Nifty 500,excluded,SPARC,21022025.pdf
2025-02-21,2025-03-28,Nifty 500,excluded,SUNDRMFAST,21022025.pdf
2025-02-21,2025-03-28,Nifty 500,excluded,TVSSCS,21022025.pdf
2025-02-21,2025-03-28,Nifty 500,excluded,UJJIVANSFB,21022025.pdf
2025-02-21,2025-03-28,Nifty 500,excluded,VIPIND,21022025.pdf
2025-02-21,2025-03-28,Nifty 500,excluded,VARROC,21022025.pdf
2025-02-21,2025-03-28,Nifty 500,excluded,VINATIORGA,21022025.pdf
2025-02-21,2025-03-28,Nifty 500,included,ACMESOLAR,21022025.pdf
2025-02-21,2025-03-28,Nifty 500,included,AFCONS,21022025.pdf
2025-02-21,2025-03-28,Nifty 500,included,ALIVUS,21022025.pdf
2025-02-21,2025-03-28,Nifty 500,included,AIIL,21022025.pdf
2025-02-21,2025-03-28,Nifty 500,included,BAJAJHFL,21022025.pdf
2025-02-21,2025-03-28,Nifty 500,included,FIRSTCRY,21022025.pdf
2025-02-21,2025-03-28,Nifty 500,included,DCMSHRIRAM,21022025.pdf
2025-02-21,2025-03-28,Nifty 500,included,GRAVITA,21022025.pdf
2025-02-21,2025-03-28,Nifty 500,included,HYUNDAI,21022025.pdf
2025-02-21,2025-03-28,Nifty 500,included,IGIL,21022025.pdf
2025-02-21,2025-03-28,Nifty 500,included,IKS,21022025.pdf
2025-02-21,2025-03-28,Nifty 500,included,JSWHL,21022025.pdf
2025-02-21,2025-03-28,Nifty 500,included,LTFOODS,21022025.pdf
2025-02-21,2025-03-28,Nifty 500,included,NAVA,21022025.pdf
2025-02-21,2025-03-28,Nifty 500,included,NEULANDLAB,21022025.pdf
2025-02-21,2025-03-28,Nifty 500,included,NIVABUPA,21022025.pdf
2025-02-21,2025-03-28,Nifty 500,included,NTPCGREEN,21022025.pdf
2025-02-21,2025-03-28,Nifty 500,included,OLAELEC,21022025.pdf
2025-02-21,2025-03-28,Nifty 500,included,PGEL,21022025.pdf
2025-02-21,2025-03-28,Nifty 500,included,PREMIERENE,21022025.pdf
2025-02-21,2025-03-28,Nifty 500,included,RPOWER,21022025.pdf
2025-02-21,2025-03-28,Nifty 500,included,SAGILITY,21022025.pdf
2025-02-21,2025-03-28,Nifty 500,included,SAILIFE,21022025.pdf
2025-02-21,2025-03-28,Nifty 500,included,SARDAEN,21022025.pdf
2025-02-21,2025-03-28,Nifty 500,included,SWIGGY,21022025.pdf
2025-02-21,2025-03-28,Nifty 500,included,TARIL,21022025.pdf
2025-02-21,2025-03-28,Nifty 500,included,VMM,21022025.pdf
2025-02-21,2025-03-28,Nifty 500,included,WAAREEENER,21022025.pdf
2025-02-21,2025-03-28,Nifty 500,included,WOCKPHARMA,21022025.pdf
2025-02-21,2025-03-28,Nifty 500,included,ZENTEC,21022025.pdf
2025-02-21,2025-03-28,Nifty 100,excluded,ATGL,21022025.pdf
2025-02-21,2025-03-28,Nifty 100,excluded,BHEL,21022025.pdf
2025-02-21,2025-03-28,Nifty 100,excluded,IRCTC,21022025.pdf
2025-02-21,2025-03-28,Nifty 100,excluded,NHPC,21022025.pdf
2025-02-21,2025-03-28,Nifty 100,excluded,UNIONBANK,21022025.pdf
2025-02-21,2025-03-28,Nifty 100,included,BAJAJHFL,21022025.pdf
2025-02-21,2025-03-28,Nifty 100,included,CGPOWER,21022025.pdf
2025-02-21,2025-03-28,Nifty 100,included,HYUNDAI,21022025.pdf
2025-02-21,2025-03-28,Nifty 100,included,INDHOTEL,21022025.pdf
2025-02-21,2025-03-28,Nifty 100,included,SWIGGY,21022025.pdf
2025-02-21,2025-03-28,Nifty Next 50,excluded,ATGL,21022025.pdf
2025-02-21,2025-03-28,Nifty Next 50,excluded,BHEL,21022025.pdf
2025-02-21,2025-03-28,Nifty Next 50,excluded,IRCTC,21022025.pdf
2025-02-21,2025-03-28,Nifty Next 50,excluded,JIOFIN,21022025.pdf
2025-02-21,2025-03-28,Nifty Next 50,excluded,NHPC,21022025.pdf
2025-02-21,2025-03-28,Nifty Next 50,excluded,UNIONBANK,21022025.pdf
2025-02-21,2025-03-28,Nifty Next 50,excluded,ZOMATO,21022025.pdf
2025-02-21,2025-03-28,Nifty Next 50,included,BAJAJHFL,21022025.pdf
2025-02-21,2025-03-28,Nifty Next 50,included,BPCL,21022025.pdf
2025-02-21,2025-03-28,Nifty Next 50,included,BRITANNIA,21022025.pdf
2025-02-21,2025-03-28,Nifty Next 50,included,CGPOWER,21022025.pdf
2025-02-21,2025-03-28,Nifty Next 50,included,HYUNDAI,21022025.pdf
2025-02-21,2025-03-28,Nifty Next 50,included,INDHOTEL,21022025.pdf
2025-02-21,2025-03-28,Nifty Next 50,included,SWIGGY,21022025.pdf
2025-02-21,2025-03-28,Nifty Midcap 150,excluded,BAYERCROP,21022025.pdf
2025-02-21,2025-03-28,Nifty Midcap 150,excluded,CARBORUNIV,21022025.pdf
2025-02-21,2025-03-28,Nifty Midcap 150,excluded,CGPOWER,21022025.pdf
2025-02-21,2025-03-28,Nifty Midcap 150,excluded,DELHIVERY,21022025.pdf
2025-02-21,2025-03-28,Nifty Midcap 150,excluded,FACT,21022025.pdf
2025-02-21,2025-03-28,Nifty Midcap 150,excluded,GRINDWELL,21022025.pdf
2025-02-21,2025-03-28,Nifty Midcap 150,excluded,IDBI,21022025.pdf
2025-02-21,2025-03-28,Nifty Midcap 150,excluded,INDHOTEL,21022025.pdf
2025-02-21,2025-03-28,Nifty Midcap 150,excluded,IOB,21022025.pdf
2025-02-21,2025-03-28,Nifty Midcap 150,excluded,METROBRAND,21022025.pdf
2025-02-21,2025-03-28,Nifty Midcap 150,excluded,POONAWALLA,21022025.pdf
2025-02-21,2025-03-28,Nifty Midcap 150,excluded,PGHH,21022025.pdf
2025-02-21,2025-03-28,Nifty Midcap 150,excluded,SKFINDIA,21022025.pdf
2025-02-21,2025-03-28,Nifty Midcap 150,excluded,SUNDRMFAST,21022025.pdf
2025-02-21,2025-03-28,Nifty Midcap 150,excluded,TATACHEM,21022025.pdf
2025-02-21,2025-03-28,Nifty Midcap 150,excluded,TIMKEN,21022025.pdf
2025-02-21,2025-03-28,Nifty Midcap 150,excluded,ZFCVINDIA,21022025.pdf
2025-02-21,2025-03-28,Nifty Midcap 150,included,360ONE,21022025.pdf
2025-02-21,2025-03-28,Nifty Midcap 150,included,ATGL,21022025.pdf
2025-02-21,2025-03-28,Nifty Midcap 150,included,APARINDS,21022025.pdf
2025-02-21,2025-03-28,Nifty Midcap 150,included,BHEL,21022025.pdf
2025-02-21,2025-03-28,Nifty Midcap 150,included,BLUESTARCO,21022025.pdf
2025-02-21,2025-03-28,Nifty Midcap 150,included,GVT&D,21022025.pdf
2025-02-21,2025-03-28,Nifty Midcap 150,included,GLENMARK,21022025.pdf
2025-02-21,2025-03-28,Nifty Midcap 150,included,IRCTC,21022025.pdf
2025-02-21,2025-03-28,Nifty Midcap 150,included,MOTILALOFS,21022025.pdf
2025-02-21,2025-03-28,Nifty Midcap 150,included,NATIONALUM,21022025.pdf
2025-02-21,2025-03-28,Nifty Midcap 150,included,NHPC,21022025.pdf
2025-02-21,2025-03-28,Nifty Midcap 150,included,NTPCGREEN,21022025.pdf
2025-02-21,2025-03-28,Nifty Midcap 150,included,OLAELEC,21022025.pdf
2025-02-21,2025-03-28,Nifty Midcap 150,included,PREMIERENE,21022025.pdf
2025-02-21,2025-03-28,Nifty Midcap 150,included,UNIONBANK,21022025.pdf
2025-02-21,2025-03-28,Nifty Midcap 150,included,VMM,21022025.pdf
2025-02-21,2025-03-28,Nifty Midcap 150,included,WAAREEENER,21022025.pdf
2025-02-21,2025-03-28,Nifty Smallcap 250,excluded,360ONE,21022025.pdf
2025-02-21,2025-03-28,Nifty Smallcap 250,excluded,APARINDS,21022025.pdf
2025-02-21,2025-03-28,Nifty Smallcap 250,excluded,ACI,21022025.pdf
2025-02-21,2025-03-28,Nifty Smallcap 250,excluded,AVANTIFEED,21022025.pdf
2025-02-21,2025-03-28,Nifty Smallcap 250,excluded,BALAMINES,21022025.pdf
2025-02-21,2025-03-28,Nifty Smallcap 250,excluded,BIRLACORPN,21022025.pdf
2025-02-21,2025-03-28,Nifty Smallcap 250,excluded,BLUESTARCO,21022025.pdf
2025-02-21,2025-03-28,Nifty Smallcap 250,excluded,CELLO,21022025.pdf
2025-02-21,2025-03-28,Nifty Smallcap 250,excluded,CHEMPLASTS,21022025.pdf
2025-02-21,2025-03-28,Nifty Smallcap 250,excluded,CIEINDIA,21022025.pdf
2025-02-21,2025-03-28,Nifty Smallcap 250,excluded,EASEMYTRIP,21022025.pdf
2025-02-21,2025-03-28,Nifty Smallcap 250,excluded,EQUITASBNK,21022025.pdf
2025-02-21,2025-03-28,Nifty Smallcap 250,excluded,FINEORG,21022025.pdf
2025-02-21,2025-03-28,Nifty Smallcap 250,excluded,GRINFRA,21022025.pdf
2025-02-21,2025-03-28,Nifty Smallcap 250,excluded,GVT&D,21022025.pdf
2025-02-21,2025-03-28,Nifty Smallcap 250,excluded,GLENMARK,21022025.pdf
2025-02-21,2025-03-28,Nifty Smallcap 250,excluded,GAEL,21022025.pdf
2025-02-21,2025-03-28,Nifty Smallcap 250,excluded,GSFC,21022025.pdf
2025-02-21,2025-03-28,Nifty Smallcap 250,excluded,JKLAKSHMI,21022025.pdf
2025-02-21,2025-03-28,Nifty Smallcap 250,excluded,KSB,21022025.pdf
2025-02-21,2025-03-28,Nifty Smallcap 250,excluded,MAHLIFE,21022025.pdf
2025-02-21,2025-03-28,Nifty Smallcap 250,excluded,MOTILALOFS,21022025.pdf
2025-02-21,2025-03-28,Nifty Smallcap 250,excluded,NATIONALUM,21022025.pdf
2025-02-21,2025-03-28,Nifty Smallcap 250,excluded,NUVOCO,21022025.pdf
2025-02-21,2025-03-28,Nifty Smallcap 250,excluded,RAJESHEXPO,21022025.pdf
2025-02-21,2025-03-28,Nifty Smallcap 250,excluded,RATNAMANI,21022025.pdf
2025-02-21,2025-03-28,Nifty Smallcap 250,excluded,SANOFI,21022025.pdf
2025-02-21,2025-03-28,Nifty Smallcap 250,excluded,SPARC,21022025.pdf
2025-02-21,2025-03-28,Nifty Smallcap 250,excluded,TVSSCS,21022025.pdf
2025-02-21,2025-03-28,Nifty Smallcap 250,excluded,UJJIVANSFB,21022025.pdf
2025-02-21,2025-03-28,Nifty Smallcap 250,excluded,VIPIND,21022025.pdf
2025-02-21,2025-03-28,Nifty Smallcap 250,excluded,VARROC,21022025.pdf
2025-02-21,2025-03-28,Nifty Smallcap 250,excluded,VINATIORGA,21022025.pdf
2025-02-21,2025-03-28,Nifty Smallcap 250,included,ACMESOLAR,21022025.pdf
2025-02-21,2025-03-28,Nifty Smallcap 250,included,AFCONS,21022025.pdf
2025-02-21,2025-03-28,Nifty Smallcap 250,included,ALIVUS,21022025.pdf
2025-02-21,2025-03-28,Nifty Smallcap 250,included,AIIL,21022025.pdf
2025-02-21,2025-03-28,Nifty Smallcap 250,included,BAYERCROP,21022025.pdf
2025-02-21,2025-03-28,Nifty Smallcap 250,included,FIRSTCRY,21022025.pdf
2025-02-21,2025-03-28,Nifty Smallcap 250,included,CARBORUNIV,21022025.pdf
2025-02-21,2025-03-28,Nifty Smallcap 250,included,DCMSHRIRAM,21022025.pdf
2025-02-21,2025-03-28,Nifty Smallcap 250,included,DELHIVERY,21022025.pdf
2025-02-21,2025-03-28,Nifty Smallcap 250,included,FACT,21022025.pdf
2025-02-21,2025-03-28,Nifty Smallcap 250,included,GRAVITA,21022025.pdf
2025-02-21,2025-03-28,Nifty Smallcap 250,included,IDBI,21022025.pdf
2025-02-21,2025-03-28,Nifty Smallcap 250,included,IOB,21022025.pdf
2025-02-21,2025-03-28,Nifty Smallcap 250,included,IGIL,21022025.pdf
2025-02-21,2025-03-28,Nifty Smallcap 250,included,IKS,21022025.pdf
2025-02-21,2025-03-28,Nifty Smallcap 250,included,JSWHL,21022025.pdf
2025-02-21,2025-03-28,Nifty Smallcap 250,included,LTFOODS,21022025.pdf
2025-02-21,2025-03-28,Nifty Smallcap 250,included,NAVA,21022025.pdf
2025-02-21,2025-03-28,Nifty Smallcap 250,included,NEULANDLAB,21022025.pdf
2025-02-21,2025-03-28,Nifty Smallcap 250,included,NIVABUPA,21022025.pdf
2025-02-21,2025-03-28,Nifty Smallcap 250,included,PGEL,21022025.pdf
2025-02-21,2025-03-28,Nifty Smallcap 250,included,POONAWALLA,21022025.pdf
2025-02-21,2025-03-28,Nifty Smallcap 250,included,RPOWER,21022025.pdf
2025-02-21,2025-03-28,Nifty Smallcap 250,included,SAGILITY,21022025.pdf
2025-02-21,2025-03-28,Nifty Smallcap 250,included,SAILIFE,21022025.pdf
2025-02-21,2025-03-28,Nifty Smallcap 250,included,SARDAEN,21022025.pdf
2025-02-21,2025-03-28,Nifty Smallcap 250,included,SKFINDIA,21022025.pdf
2025-02-21,2025-03-28,Nifty Smallcap 250,included,TATACHEM,21022025.pdf
2025-02-21,2025-03-28,Nifty Smallcap 250,included,TIMKEN,21022025.pdf
2025-02-21,2025-03-28,Nifty Smallcap 250,included,TARIL,21022025.pdf
2025-02-21,2025-03-28,Nifty Smallcap 250,included,WOCKPHARMA,21022025.pdf
2025-02-21,2025-03-28,Nifty Smallcap 250,included,ZENTEC,21022025.pdf
2025-02-21,2025-03-28,Nifty Smallcap 250,included,ZFCVINDIA,21022025.pdf
2025-02-21,2025-03-28,Nifty Midcap 50,excluded,ACC,21022025.pdf
2025-02-21,2025-03-28,Nifty Midcap 50,excluded,ABCAPITAL,21022025.pdf
2025-02-21,2025-03-28,Nifty Midcap 50,excluded,APLAPOLLO,21022025.pdf
2025-02-21,2025-03-28,Nifty Midcap 50,excluded,CGPOWER,21022025.pdf
2025-02-21,2025-03-28,Nifty Midcap 50,excluded,INDHOTEL,21022025.pdf
2025-02-21,2025-03-28,Nifty Midcap 50,excluded,KPITTECH,21022025.pdf
2025-02-21,2025-03-28,Nifty Midcap 50,excluded,LTF,21022025.pdf
2025-02-21,2025-03-28,Nifty Midcap 50,excluded,SUNDARMFIN,21022025.pdf
2025-02-21,2025-03-28,Nifty Midcap 50,excluded,SUZLON,21022025.pdf
2025-02-21,2025-03-28,Nifty Midcap 50,excluded,TATACOMM,21022025.pdf
2025-02-21,2025-03-28,Nifty Midcap 50,excluded,UPL,21022025.pdf
2025-02-21,2025-03-28,Nifty Midcap 50,included,BHEL,21022025.pdf
2025-02-21,2025-03-28,Nifty Midcap 50,included,BSE,21022025.pdf
2025-02-21,2025-03-28,Nifty Midcap 50,included,COFORGE,21022025.pdf
2025-02-21,2025-03-28,Nifty Midcap 50,included,IRCTC,21022025.pdf
2025-02-21,2025-03-28,Nifty Midcap 50,included,NHPC,21022025.pdf
2025-02-21,2025-03-28,Nifty Midcap 50,included,OIL,21022025.pdf
2025-02-21,2025-03-28,Nifty Midcap 50,included,PAYTM,21022025.pdf
2025-02-21,2025-03-28,Nifty Midcap 50,included,PAGEIND,21022025.pdf
2025-02-21,2025-03-28,Nifty Midcap 50,included,PRESTIGE,21022025.pdf
2025-02-21,2025-03-28,Nifty Midcap 50,included,TORNTPOWER,21022025.pdf
2025-02-21,2025-03-28,Nifty Midcap 50,included,TIINDIA,21022025.pdf
2025-02-21,2025-03-28,Nifty Midcap 100,excluded,BALKRISIND,21022025.pdf
2025-02-21,2025-03-28,Nifty Midcap 100,excluded,CGPOWER,21022025.pdf
2025-02-21,2025-03-28,Nifty Midcap 100,excluded,DELHIVERY,21022025.pdf
2025-02-21,2025-03-28,Nifty Midcap 100,excluded,FACT,21022025.pdf
2025-02-21,2025-03-28,Nifty Midcap 100,excluded,IDBI,21022025.pdf
2025-02-21,2025-03-28,Nifty Midcap 100,excluded,INDHOTEL,21022025.pdf
2025-02-21,2025-03-28,Nifty Midcap 100,excluded,IOB,21022025.pdf
2025-02-21,2025-03-28,Nifty Midcap 100,excluded,JSWINFRA,21022025.pdf
2025-02-21,2025-03-28,Nifty Midcap 100,excluded,MRPL,21022025.pdf
2025-02-21,2025-03-28,Nifty Midcap 100,excluded,NLCINDIA,21022025.pdf
2025-02-21,2025-03-28,Nifty Midcap 100,excluded,POONAWALLA,21022025.pdf
2025-02-21,2025-03-28,Nifty Midcap 100,excluded,SUNDARMFIN,21022025.pdf
2025-02-21,2025-03-28,Nifty Midcap 100,excluded,TATACHEM,21022025.pdf
2025-02-21,2025-03-28,Nifty Midcap 100,included,ATGL,21022025.pdf
2025-02-21,2025-03-28,Nifty Midcap 100,included,BHEL,21022025.pdf
2025-02-21,2025-03-28,Nifty Midcap 100,included,GLENMARK,21022025.pdf
2025-02-21,2025-03-28,Nifty Midcap 100,included,IRCTC,21022025.pdf
2025-02-21,2025-03-28,Nifty Midcap 100,included,MOTILALOFS,21022025.pdf
2025-02-21,2025-03-28,Nifty Midcap 100,included,NATIONALUM,21022025.pdf
2025-02-21,2025-03-28,Nifty Midcap 100,included,NHPC,21022025.pdf
2025-02-21,2025-03-28,Nifty Midcap 100,included,NTPCGREEN,21022025.pdf
2025-02-21,2025-03-28,Nifty Midcap 100,included,OLAELEC,21022025.pdf
2025-02-21,2025-03-28,Nifty Midcap 100,included,PREMIERENE,21022025.pdf
2025-02-21,2025-03-28,Nifty Midcap 100,included,UNIONBANK,21022025.pdf
2025-02-21,2025-03-28,Nifty Midcap 100,included,VMM,21022025.pdf
2025-02-21,2025-03-28,Nifty Midcap 100,included,WAAREEENER,21022025.pdf
2025-02-21,2025-03-28,Nifty Smallcap 50,excluded,360ONE,21022025.pdf
2025-02-21,2025-03-28,Nifty Smallcap 50,excluded,APARINDS,21022025.pdf
2025-02-21,2025-03-28,Nifty Smallcap 50,excluded,ATUL,21022025.pdf
2025-02-21,2025-03-28,Nifty Smallcap 50,excluded,BLUESTARCO,21022025.pdf
2025-02-21,2025-03-28,Nifty Smallcap 50,excluded,FINCABLES,21022025.pdf
2025-02-21,2025-03-28,Nifty Smallcap 50,excluded,GLENMARK,21022025.pdf
2025-02-21,2025-03-28,Nifty Smallcap 50,excluded,INDIAMART,21022025.pdf
2025-02-21,2025-03-28,Nifty Smallcap 50,excluded,KPIL,21022025.pdf
2025-02-21,2025-03-28,Nifty Smallcap 50,excluded,KARURVYSYA,21022025.pdf
2025-02-21,2025-03-28,Nifty Smallcap 50,excluded,MGL,21022025.pdf
2025-02-21,2025-03-28,Nifty Smallcap 50,excluded,MANAPPURAM,21022025.pdf
2025-02-21,2025-03-28,Nifty Smallcap 50,excluded,NH,21022025.pdf
2025-02-21,2025-03-28,Nifty Smallcap 50,excluded,NATIONALUM,21022025.pdf
2025-02-21,2025-03-28,Nifty Smallcap 50,excluded,PVRINOX,21022025.pdf
2025-02-21,2025-03-28,Nifty Smallcap 50,excluded,RBLBANK,21022025.pdf
2025-02-21,2025-03-28,Nifty Smallcap 50,excluded,REDINGTON,21022025.pdf
2025-02-21,2025-03-28,Nifty Smallcap 50,excluded,ZEEL,21022025.pdf
2025-02-21,2025-03-28,Nifty Smallcap 50,included,AEGISLOG,21022025.pdf
2025-02-21,2025-03-28,Nifty Smallcap 50,included,AFFLE,21022025.pdf
2025-02-21,2025-03-28,Nifty Smallcap 50,included,AMBER,21022025.pdf
2025-02-21,2025-03-28,Nifty Smallcap 50,included,ASTERDM,21022025.pdf
2025-02-21,2025-03-28,Nifty Smallcap 50,included,DELHIVERY,21022025.pdf
2025-02-21,2025-03-28,Nifty Smallcap 50,included,LALPATHLAB,21022025.pdf
2025-02-21,2025-03-28,Nifty Smallcap 50,included,FSL,21022025.pdf
2025-02-21,2025-03-28,Nifty Smallcap 50,included,FIVESTAR,21022025.pdf
2025-02-21,2025-03-28,Nifty Smallcap 50,included,HSCL,21022025.pdf
2025-02-21,2025-03-28,Nifty Smallcap 50,included,INOXWIND,21022025.pdf
2025-02-21,2025-03-28,Nifty Smallcap 50,included,KAYNES,21022025.pdf
2025-02-21,2025-03-28,Nifty Smallcap 50,included,KEC,21022025.pdf
2025-02-21,2025-03-28,Nifty Smallcap 50,included,KFINTECH,21022025.pdf
2025-02-21,2025-03-28,Nifty Smallcap 50,included,NEULANDLAB,21022025.pdf
2025-02-21,2025-03-28,Nifty Smallcap 50,included,POONAWALLA,21022025.pdf
2025-02-21,2025-03-28,Nifty Smallcap 50,included,RPOWER,21022025.pdf
2025-02-21,2025-03-28,Nifty Smallcap 50,included,TATACHEM,21022025.pdf
2025-02-21,2025-03-28,Nifty Smallcap 100,excluded,360ONE,21022025.pdf
2025-02-21,2025-03-28,Nifty Smallcap 100,excluded,AAVAS,21022025.pdf
2025-02-21,2025-03-28,Nifty Smallcap 100,excluded,APARINDS,21022025.pdf
2025-02-21,2025-03-28,Nifty Smallcap 100,excluded,BLUESTARCO,21022025.pdf
2025-02-21,2025-03-28,Nifty Smallcap 100,excluded,CENTRALBK,21022025.pdf
2025-02-21,2025-03-28,Nifty Smallcap 100,excluded,CHENNPETRO,21022025.pdf
2025-02-21,2025-03-28,Nifty Smallcap 100,excluded,FINCABLES,21022025.pdf
2025-02-21,2025-03-28,Nifty Smallcap 100,excluded,GLENMARK,21022025.pdf
2025-02-21,2025-03-28,Nifty Smallcap 100,excluded,GMDCLTD,21022025.pdf
2025-02-21,2025-03-28,Nifty Smallcap 100,excluded,HAPPSTMNDS,21022025.pdf
2025-02-21,2025-03-28,Nifty Smallcap 100,excluded,INTELLECT,21022025.pdf
2025-02-21,2025-03-28,Nifty Smallcap 100,excluded,J&KBANK,21022025.pdf
2025-02-21,2025-03-28,Nifty Smallcap 100,excluded,JYOTHYLAB,21022025.pdf
2025-02-21,2025-03-28,Nifty Smallcap 100,excluded,NATIONALUM,21022025.pdf
2025-02-21,2025-03-28,Nifty Smallcap 100,excluded,NSLNISP,21022025.pdf
2025-02-21,2025-03-28,Nifty Smallcap 100,excluded,OLECTRA,21022025.pdf
2025-02-21,2025-03-28,Nifty Smallcap 100,excluded,RAYMOND,21022025.pdf
2025-02-21,2025-03-28,Nifty Smallcap 100,excluded,RBLBANK,21022025.pdf
2025-02-21,2025-03-28,Nifty Smallcap 100,excluded,SWSOLAR,21022025.pdf
2025-02-21,2025-03-28,Nifty Smallcap 100,excluded,TANLA,21022025.pdf
2025-02-21,2025-03-28,Nifty Smallcap 100,excluded,UCOBANK,21022025.pdf
2025-02-21,2025-03-28,Nifty Smallcap 100,excluded,ZEEL,21022025.pdf
2025-02-21,2025-03-28,Nifty Smallcap 100,included,AFCONS,21022025.pdf
2025-02-21,2025-03-28,Nifty Smallcap 100,included,ANANTRAJ,21022025.pdf
2025-02-21,2025-03-28,Nifty Smallcap 100,included,FIRSTCRY,21022025.pdf
2025-02-21,2025-03-28,Nifty Smallcap 100,included,DELHIVERY,21022025.pdf
2025-02-21,2025-03-28,Nifty Smallcap 100,included,DEVYANI,21022025.pdf
2025-02-21,2025-03-28,Nifty Smallcap 100,included,GODFRYPHLP,21022025.pdf
2025-02-21,2025-03-28,Nifty Smallcap 100,included,HSCL,21022025.pdf
2025-02-21,2025-03-28,Nifty Smallcap 100,included,IDBI,21022025.pdf
2025-02-21,2025-03-28,Nifty Smallcap 100,included,IGIL,21022025.pdf
2025-02-21,2025-03-28,Nifty Smallcap 100,included,IKS,21022025.pdf
2025-02-21,2025-03-28,Nifty Smallcap 100,included,KFINTECH,21022025.pdf
2025-02-21,2025-03-28,Nifty Smallcap 100,included,NEULANDLAB,21022025.pdf
2025-02-21,2025-03-28,Nifty Smallcap 100,included,NEWGEN,21022025.pdf
2025-02-21,2025-03-28,Nifty Smallcap 100,included,NUVAMA,21022025.pdf
2025-02-21,2025-03-28,Nifty Smallcap 100,included,PCBL,21022025.pdf
2025-02-21,2025-03-28,Nifty Smallcap 100,included,PGEL,21022025.pdf
2025-02-21,2025-03-28,Nifty Smallcap 100,included,POONAWALLA,21022025.pdf
2025-02-21,2025-03-28,Nifty Smallcap 100,included,RPOWER,21022025.pdf
2025-02-21,2025-03-28,Nifty Smallcap 100,included,SAGILITY,21022025.pdf
2025-02-21,2025-03-28,Nifty Smallcap 100,included,TATACHEM,21022025.pdf
2025-02-21,2025-03-28,Nifty Smallcap 100,included,WELCORP,21022025.pdf
2025-02-21,2025-03-28,Nifty Smallcap 100,included,ZENTEC,21022025.pdf
2025-02-21,2025-03-28,Nifty 200,excluded,BALKRISIND,21022025.pdf
2025-02-21,2025-03-28,Nifty 200,excluded,DELHIVERY,21022025.pdf
2025-02-21,2025-03-28,Nifty 200,excluded,FACT,21022025.pdf
2025-02-21,2025-03-28,Nifty 200,excluded,IDBI,21022025.pdf
2025-02-21,2025-03-28,Nifty 200,excluded,IOB,21022025.pdf
2025-02-21,2025-03-28,Nifty 200,excluded,JSWINFRA,21022025.pdf
2025-02-21,2025-03-28,Nifty 200,excluded,MRPL,21022025.pdf
2025-02-21,2025-03-28,Nifty 200,excluded,NLCINDIA,21022025.pdf
2025-02-21,2025-03-28,Nifty 200,excluded,POONAWALLA,21022025.pdf
2025-02-21,2025-03-28,Nifty 200,excluded,SUNDARMFIN,21022025.pdf
2025-02-21,2025-03-28,Nifty 200,excluded,TATACHEM,21022025.pdf
2025-02-21,2025-03-28,Nifty 200,included,BAJAJHFL,21022025.pdf
2025-02-21,2025-03-28,Nifty 200,included,GLENMARK,21022025.pdf
2025-02-21,2025-03-28,Nifty 200,included,HYUNDAI,21022025.pdf
2025-02-21,2025-03-28,Nifty 200,included,MOTILALOFS,21022025.pdf
2025-02-21,2025-03-28,Nifty 200,included,NATIONALUM,21022025.pdf
2025-02-21,2025-03-28,Nifty 200,included,NTPCGREEN,21022025.pdf
2025-02-21,2025-03-28,Nifty 200,included,OLAELEC,21022025.pdf
2025-02-21,2025-03-28,Nifty 200,included,PREMIERENE,21022025.pdf
2025-02-21,2025-03-28,Nifty 200,included,SWIGGY,21022025.pdf
2025-02-21,2025-03-28,Nifty 200,included,VMM,21022025.pdf
2025-02-21,2025-03-28,Nifty 200,included,WAAREEENER,21022025.pdf
2016-02-22,2016-04-01,Nifty 50,excluded,CAIRN,22022016_2.pdf
2016-02-22,2016-04-01,Nifty 50,excluded,PNB,22022016_2.pdf
2016-02-22,2016-04-01,Nifty 50,excluded,VEDL,22022016_2.pdf
2016-02-22,2016-04-01,Nifty 50,included,AUROPHARMA,22022016_2.pdf
2016-02-22,2016-04-01,Nifty 50,included,INFRATEL,22022016_2.pdf
2016-02-22,2016-04-01,Nifty 50,included,EICHERMOT,22022016_2.pdf
2016-02-22,2016-04-01,Nifty 50,included,TATAMTRDVR,22022016_2.pdf
2016-02-22,2016-04-01,Nifty Next 50,excluded,AUROPHARMA,22022016_2.pdf
2016-02-22,2016-04-01,Nifty Next 50,excluded,BAJAJHLDNG,22022016_2.pdf
2016-02-22,2016-04-01,Nifty Next 50,excluded,BANKINDIA,22022016_2.pdf
2016-02-22,2016-04-01,Nifty Next 50,excluded,INFRATEL,22022016_2.pdf
2016-02-22,2016-04-01,Nifty Next 50,excluded,CANBK,22022016_2.pdf
2016-02-22,2016-04-01,Nifty Next 50,excluded,EICHERMOT,22022016_2.pdf
2016-02-22,2016-04-01,Nifty Next 50,excluded,EXIDEIND,22022016_2.pdf
2016-02-22,2016-04-01,Nifty Next 50,excluded,FEDERALBNK,22022016_2.pdf
2016-02-22,2016-04-01,Nifty Next 50,excluded,M&MFIN,22022016_2.pdf
2016-02-22,2016-04-01,Nifty Next 50,excluded,MRF,22022016_2.pdf
2016-02-22,2016-04-01,Nifty Next 50,excluded,PETRONET,22022016_2.pdf
2016-02-22,2016-04-01,Nifty Next 50,excluded,RELCAPITAL,22022016_2.pdf
2016-02-22,2016-04-01,Nifty Next 50,excluded,RELINFRA,22022016_2.pdf
2016-02-22,2016-04-01,Nifty Next 50,excluded,SUNDARMFIN,22022016_2.pdf
2016-02-22,2016-04-01,Nifty Next 50,excluded,TATACHEM,22022016_2.pdf
2016-02-22,2016-04-01,Nifty Next 50,excluded,TATAGLOBAL,22022016_2.pdf
2016-02-22,2016-04-01,Nifty Next 50,included,ABB,22022016_2.pdf
2016-02-22,2016-04-01,Nifty Next 50,included,BAJFINANCE,22022016_2.pdf
2016-02-22,2016-04-01,Nifty Next 50,included,BEL,22022016_2.pdf
2016-02-22,2016-04-01,Nifty Next 50,included,CADILAHC,22022016_2.pdf
2016-02-22,2016-04-01,Nifty Next 50,included,CAIRN,22022016_2.pdf
2016-02-22,2016-04-01,Nifty Next 50,included,CASTROLIND,22022016_2.pdf
2016-02-22,2016-04-01,Nifty Next 50,included,DLF,22022016_2.pdf
2016-02-22,2016-04-01,Nifty Next 50,included,EMAMILTD,22022016_2.pdf
2016-02-22,2016-04-01,Nifty Next 50,included,HINDZINC,22022016_2.pdf
2016-02-22,2016-04-01,Nifty Next 50,included,NHPC,22022016_2.pdf
2016-02-22,2016-04-01,Nifty Next 50,included,PIDILITIND,22022016_2.pdf
2016-02-22,2016-04-01,Nifty Next 50,included,PGHH,22022016_2.pdf
2016-02-22,2016-04-01,Nifty Next 50,included,PNB,22022016_2.pdf
2016-02-22,2016-04-01,Nifty Next 50,included,SHREECEM,22022016_2.pdf
2016-02-22,2016-04-01,Nifty Next 50,included,TORNTPHARM,22022016_2.pdf
2016-02-22,2016-04-01,Nifty Next 50,included,VEDL,22022016_2.pdf
2016-02-22,2016-04-01,Nifty 100,excluded,BAJAJHLDNG,22022016_2.pdf
2016-02-22,2016-04-01,Nifty 100,excluded,BANKINDIA,22022016_2.pdf
2016-02-22,2016-04-01,Nifty 100,excluded,CANBK,22022016_2.pdf
2016-02-22,2016-04-01,Nifty 100,excluded,EXIDEIND,22022016_2.pdf
2016-02-22,2016-04-01,Nifty 100,excluded,FEDERALBNK,22022016_2.pdf
2016-02-22,2016-04-01,Nifty 100,excluded,M&MFIN,22022016_2.pdf
2016-02-22,2016-04-01,Nifty 100,excluded,MRF,22022016_2.pdf
2016-02-22,2016-04-01,Nifty 100,excluded,PETRONET,22022016_2.pdf
2016-02-22,2016-04-01,Nifty 100,excluded,RELCAPITAL,22022016_2.pdf
2016-02-22,2016-04-01,Nifty 100,excluded,RELINFRA,22022016_2.pdf
2016-02-22,2016-04-01,Nifty 100,excluded,SUNDARMFIN,22022016_2.pdf
2016-02-22,2016-04-01,Nifty 100,excluded,TATACHEM,22022016_2.pdf
2016-02-22,2016-04-01,Nifty 100,excluded,TATAGLOBAL,22022016_2.pdf
2016-02-22,2016-04-01,Nifty 100,included,ABB,22022016_2.pdf
2016-02-22,2016-04-01,Nifty 100,included,BAJFINANCE,22022016_2.pdf
2016-02-22,2016-04-01,Nifty 100,included,BEL,22022016_2.pdf
2016-02-22,2016-04-01,Nifty 100,included,CADILAHC,22022016_2.pdf
2016-02-22,2016-04-01,Nifty 100,included,CASTROLIND,22022016_2.pdf
2016-02-22,2016-04-01,Nifty 100,included,DLF,22022016_2.pdf
2016-02-22,2016-04-01,Nifty 100,included,EMAMILTD,22022016_2.pdf
2016-02-22,2016-04-01,Nifty 100,included,HINDZINC,22022016_2.pdf
2016-02-22,2016-04-01,Nifty 100,included,NHPC,22022016_2.pdf
2016-02-22,2016-04-01,Nifty 100,included,PIDILITIND,22022016_2.pdf
2016-02-22,2016-04-01,Nifty 100,included,PGHH,22022016_2.pdf
2016-02-22,2016-04-01,Nifty 100,included,SHREECEM,22022016_2.pdf
2016-02-22,2016-04-01,Nifty 100,included,TATAMTRDVR,22022016_2.pdf
2016-02-22,2016-04-01,Nifty 100,included,TORNTPHARM,22022016_2.pdf
2016-02-22,2016-04-01,Nifty 200,excluded,ALSTOMT&D,22022016_2.pdf
2016-02-22,2016-04-01,Nifty 200,excluded,AMTEKAUTO,22022016_2.pdf
2016-02-22,2016-04-01,Nifty 200,excluded,ANDHRABANK,22022016_2.pdf
2016-02-22,2016-04-01,Nifty 200,excluded,BALKRISIND,22022016_2.pdf
2016-02-22,2016-04-01,Nifty 200,excluded,CARERATING,22022016_2.pdf
2016-02-22,2016-04-01,Nifty 200,excluded,CUB,22022016_2.pdf
2016-02-22,2016-04-01,Nifty 200,excluded,COX&KINGS,22022016_2.pdf
2016-02-22,2016-04-01,Nifty 200,excluded,DCBBANK,22022016_2.pdf
2016-02-22,2016-04-01,Nifty 200,excluded,GDL,22022016_2.pdf
2016-02-22,2016-04-01,Nifty 200,excluded,HDIL,22022016_2.pdf
2016-02-22,2016-04-01,Nifty 200,excluded,IFCI,22022016_2.pdf
2016-02-22,2016-04-01,Nifty 200,excluded,INDIACEM,22022016_2.pdf
2016-02-22,2016-04-01,Nifty 200,excluded,IBREALEST,22022016_2.pdf
2016-02-22,2016-04-01,Nifty 200,excluded,JISLJALEQS,22022016_2.pdf
2016-02-22,2016-04-01,Nifty 200,excluded,JPASSOCIAT,22022016_2.pdf
2016-02-22,2016-04-01,Nifty 200,excluded,J&KBANK,22022016_2.pdf
2016-02-22,2016-04-01,Nifty 200,excluded,JKLAKSHMI,22022016_2.pdf
2016-02-22,2016-04-01,Nifty 200,excluded,KAJARIACER,22022016_2.pdf
2016-02-22,2016-04-01,Nifty 200,excluded,KTKBANK,22022016_2.pdf
2016-02-22,2016-04-01,Nifty 200,excluded,KSCL,22022016_2.pdf
2016-02-22,2016-04-01,Nifty 200,excluded,KPIT,22022016_2.pdf
2016-02-22,2016-04-01,Nifty 200,excluded,NCC,22022016_2.pdf
2016-02-22,2016-04-01,Nifty 200,excluded,ORIENTBANK,22022016_2.pdf
2016-02-22,2016-04-01,Nifty 200,excluded,PIIND,22022016_2.pdf
2016-02-22,2016-04-01,Nifty 200,excluded,PIPAVAVDOC,22022016_2.pdf
2016-02-22,2016-04-01,Nifty 200,excluded,PTC,22022016_2.pdf
2016-02-22,2016-04-01,Nifty 200,excluded,RALLIS,22022016_2.pdf
2016-02-22,2016-04-01,Nifty 200,excluded,RAYMOND,22022016_2.pdf
2016-02-22,2016-04-01,Nifty 200,excluded,REPCOHOME,22022016_2.pdf
2016-02-22,2016-04-01,Nifty 200,excluded,SADBHAV,22022016_2.pdf
2016-02-22,2016-04-01,Nifty 200,excluded,SINTEX,22022016_2.pdf
2016-02-22,2016-04-01,Nifty 200,excluded,SOBHA,22022016_2.pdf
2016-02-22,2016-04-01,Nifty 200,excluded,SOUTHBANK,22022016_2.pdf
2016-02-22,2016-04-01,Nifty 200,excluded,UNITECH,22022016_2.pdf
2016-02-22,2016-04-01,Nifty 200,excluded,WABAG,22022016_2.pdf
2016-02-22,2016-04-01,Nifty 200,included,ADANIENT,22022016_2.pdf
2016-02-22,2016-04-01,Nifty 200,included,ARVIND,22022016_2.pdf
2016-02-22,2016-04-01,Nifty 200,included,BEML,22022016_2.pdf
2016-02-22,2016-04-01,Nifty 200,included,CENTRALBK,22022016_2.pdf
2016-02-22,2016-04-01,Nifty 200,included,DISHTV,22022016_2.pdf
2016-02-22,2016-04-01,Nifty 200,included,FORTIS,22022016_2.pdf
2016-02-22,2016-04-01,Nifty 200,included,GLAXO,22022016_2.pdf
2016-02-22,2016-04-01,Nifty 200,included,GESHIP,22022016_2.pdf
2016-02-22,2016-04-01,Nifty 200,included,GUJFLUORO,22022016_2.pdf
2016-02-22,2016-04-01,Nifty 200,included,HINDCOPPER,22022016_2.pdf
2016-02-22,2016-04-01,Nifty 200,included,HINDZINC,22022016_2.pdf
2016-02-22,2016-04-01,Nifty 200,included,IDFC,22022016_2.pdf
2016-02-22,2016-04-01,Nifty 200,included,INDIANB,22022016_2.pdf
2016-02-22,2016-04-01,Nifty 200,included,INDHOTEL,22022016_2.pdf
2016-02-22,2016-04-01,Nifty 200,included,IOB,22022016_2.pdf
2016-02-22,2016-04-01,Nifty 200,included,INOXWIND,22022016_2.pdf
2016-02-22,2016-04-01,Nifty 200,included,JETAIRWAYS,22022016_2.pdf
2016-02-22,2016-04-01,Nifty 200,included,JUBILANT,22022016_2.pdf
2016-02-22,2016-04-01,Nifty 200,included,MMTC,22022016_2.pdf
2016-02-22,2016-04-01,Nifty 200,included,MPHASIS,22022016_2.pdf
2016-02-22,2016-04-01,Nifty 200,included,MUTHOOTFIN,22022016_2.pdf
2016-02-22,2016-04-01,Nifty 200,included,NATIONALUM,22022016_2.pdf
2016-02-22,2016-04-01,Nifty 200,included,NBCC,22022016_2.pdf
2016-02-22,2016-04-01,Nifty 200,included,PCJEWELLER,22022016_2.pdf
2016-02-22,2016-04-01,Nifty 200,included,PFIZER,22022016_2.pdf
2016-02-22,2016-04-01,Nifty 200,included,PGHH,22022016_2.pdf
2016-02-22,2016-04-01,Nifty 200,included,SYNGENE,22022016_2.pdf
2016-02-22,2016-04-01,Nifty 200,included,TATAELXSI,22022016_2.pdf
2016-02-22,2016-04-01,Nifty 200,included,TATAMTRDVR,22022016_2.pdf
2016-02-22,2016-04-01,Nifty 200,included,RAMCOCEM,22022016_2.pdf
2016-02-22,2016-04-01,Nifty 200,included,THERMAX,22022016_2.pdf
2016-02-22,2016-04-01,Nifty 200,included,TORNTPOWER,22022016_2.pdf
2016-02-22,2016-04-01,Nifty 200,included,TTKPRESTIG,22022016_2.pdf
2016-02-22,2016-04-01,Nifty 200,included,UCOBANK,22022016_2.pdf
2016-02-22,2016-04-01,Nifty 200,included,VIDEOIND,22022016_2.pdf
2016-02-22,2016-04-01,Nifty 200,included,WELSPUNIND,22022016_2.pdf
2016-02-22,2016-04-01,Nifty 500,excluded,ADLABS,22022016_2.pdf
2016-02-22,2016-04-01,Nifty 500,excluded,ATFL,22022016_2.pdf
2016-02-22,2016-04-01,Nifty 500,excluded,ASAHIINDIA,22022016_2.pdf
2016-02-22,2016-04-01,Nifty 500,excluded,AUTOAXLES,22022016_2.pdf
2016-02-22,2016-04-01,Nifty 500,excluded,CAMLINFINE,22022016_2.pdf
2016-02-22,2016-04-01,Nifty 500,excluded,CARBORUNIV,22022016_2.pdf
2016-02-22,2016-04-01,Nifty 500,excluded,CENTENKA,22022016_2.pdf
2016-02-22,2016-04-01,Nifty 500,excluded,DHANBANK,22022016_2.pdf
2016-02-22,2016-04-01,Nifty 500,excluded,ENIL,22022016_2.pdf
2016-02-22,2016-04-01,Nifty 500,excluded,ESABINDIA,22022016_2.pdf
2016-02-22,2016-04-01,Nifty 500,excluded,FMGOETZE,22022016_2.pdf
2016-02-22,2016-04-01,Nifty 500,excluded,FLEXITUFF,22022016_2.pdf
2016-02-22,2016-04-01,Nifty 500,excluded,GABRIEL,22022016_2.pdf
2016-02-22,2016-04-01,Nifty 500,excluded,GAMMNINFRA,22022016_2.pdf
2016-02-22,2016-04-01,Nifty 500,excluded,GEOJITBNPP,22022016_2.pdf
2016-02-22,2016-04-01,Nifty 500,excluded,GEOMETRIC,22022016_2.pdf
2016-02-22,2016-04-01,Nifty 500,excluded,GHCL,22022016_2.pdf
2016-02-22,2016-04-01,Nifty 500,excluded,GITANJALI,22022016_2.pdf
2016-02-22,2016-04-01,Nifty 500,excluded,GRAPHITE,22022016_2.pdf
2016-02-22,2016-04-01,Nifty 500,excluded,GTLINFRA,22022016_2.pdf
2016-02-22,2016-04-01,Nifty 500,excluded,GUJALKALI,22022016_2.pdf
2016-02-22,2016-04-01,Nifty 500,excluded,GIPCL,22022016_2.pdf
2016-02-22,2016-04-01,Nifty 500,excluded,GULFOILLUB,22022016_2.pdf
2016-02-22,2016-04-01,Nifty 500,excluded,HEG,22022016_2.pdf
2016-02-22,2016-04-01,Nifty 500,excluded,HERITGFOOD,22022016_2.pdf
2016-02-22,2016-04-01,Nifty 500,excluded,IL&FSENGG,22022016_2.pdf
2016-02-22,2016-04-01,Nifty 500,excluded,IBVENTURES,22022016_2.pdf
2016-02-22,2016-04-01,Nifty 500,excluded,ITDCEM,22022016_2.pdf
2016-02-22,2016-04-01,Nifty 500,excluded,IVRCLINFRA,22022016_2.pdf
2016-02-22,2016-04-01,Nifty 500,excluded,JYOTISTRUC,22022016_2.pdf
2016-02-22,2016-04-01,Nifty 500,excluded,KCP,22022016_2.pdf
2016-02-22,2016-04-01,Nifty 500,excluded,KKCL,22022016_2.pdf
2016-02-22,2016-04-01,Nifty 500,excluded,KNRCON,22022016_2.pdf
2016-02-22,2016-04-01,Nifty 500,excluded,KSBPUMPS,22022016_2.pdf
2016-02-22,2016-04-01,Nifty 500,excluded,LGBBROSLTD,22022016_2.pdf
2016-02-22,2016-04-01,Nifty 500,excluded,LINDEINDIA,22022016_2.pdf
2016-02-22,2016-04-01,Nifty 500,excluded,MAHSCOOTER,22022016_2.pdf
2016-02-22,2016-04-01,Nifty 500,excluded,MAHSEAMLES,22022016_2.pdf
2016-02-22,2016-04-01,Nifty 500,excluded,MBLINFRA,22022016_2.pdf
2016-02-22,2016-04-01,Nifty 500,excluded,MERCATOR,22022016_2.pdf
2016-02-22,2016-04-01,Nifty 500,excluded,METALFORGE,22022016_2.pdf
2016-02-22,2016-04-01,Nifty 500,excluded,MTEDUCARE,22022016_2.pdf
2016-02-22,2016-04-01,Nifty 500,excluded,MUNJALSHOW,22022016_2.pdf
2016-02-22,2016-04-01,Nifty 500,excluded,NBVENTURES,22022016_2.pdf
2016-02-22,2016-04-01,Nifty 500,excluded,NAVNETEDUL,22022016_2.pdf
2016-02-22,2016-04-01,Nifty 500,excluded,NDTV,22022016_2.pdf
2016-02-22,2016-04-01,Nifty 500,excluded,NIITLTD,22022016_2.pdf
2016-02-22,2016-04-01,Nifty 500,excluded,NOCIL,22022016_2.pdf
2016-02-22,2016-04-01,Nifty 500,excluded,NOIDATOLL,22022016_2.pdf
2016-02-22,2016-04-01,Nifty 500,excluded,OPTOCIRCUI,22022016_2.pdf
2016-02-22,2016-04-01,Nifty 500,excluded,BINDALAGRO,22022016_2.pdf
2016-02-22,2016-04-01,Nifty 500,excluded,PATELENG,22022016_2.pdf
2016-02-22,2016-04-01,Nifty 500,excluded,PENINLAND,22022016_2.pdf
2016-02-22,2016-04-01,Nifty 500,excluded,PENIND,22022016_2.pdf
2016-02-22,2016-04-01,Nifty 500,excluded,PRAKASH,22022016_2.pdf
2016-02-22,2016-04-01,Nifty 500,excluded,RELIGARE,22022016_2.pdf
2016-02-22,2016-04-01,Nifty 500,excluded,RICOAUTO,22022016_2.pdf
2016-02-22,2016-04-01,Nifty 500,excluded,SEINV,22022016_2.pdf
2016-02-22,2016-04-01,Nifty 500,excluded,SHANTIGEAR,22022016_2.pdf
2016-02-22,2016-04-01,Nifty 500,excluded,SHRENUJ,22022016_2.pdf
2016-02-22,2016-04-01,Nifty 500,excluded,SONASTEER,22022016_2.pdf
2016-02-22,2016-04-01,Nifty 500,excluded,SRIPIPES,22022016_2.pdf
2016-02-22,2016-04-01,Nifty 500,excluded,SBT,22022016_2.pdf
2016-02-22,2016-04-01,Nifty 500,excluded,SUPREMEINF,22022016_2.pdf
2016-02-22,2016-04-01,Nifty 500,excluded,SUPPETRO,22022016_2.pdf
2016-02-22,2016-04-01,Nifty 500,excluded,SWARAJENG,22022016_2.pdf
2016-02-22,2016-04-01,Nifty 500,excluded,TATAINVEST,22022016_2.pdf
2016-02-22,2016-04-01,Nifty 500,excluded,TDPOWERSYS,22022016_2.pdf
2016-02-22,2016-04-01,Nifty 500,excluded,TVTODAY,22022016_2.pdf
2016-02-22,2016-04-01,Nifty 500,excluded,USHAMART,22022016_2.pdf
2016-02-22,2016-04-01,Nifty 500,excluded,UTTAMSTL,22022016_2.pdf
2016-02-22,2016-04-01,Nifty 500,excluded,VESUVIUS,22022016_2.pdf
2016-02-22,2016-04-01,Nifty 500,excluded,VIVIDHA,22022016_2.pdf
2016-02-22,2016-04-01,Nifty 500,excluded,WHEELS,22022016_2.pdf
2016-02-22,2016-04-01,Nifty 500,included,8KMILES,22022016_2.pdf
2016-02-22,2016-04-01,Nifty 500,included,AARTIDRUGS,22022016_2.pdf
2016-02-22,2016-04-01,Nifty 500,included,ADANIENT,22022016_2.pdf
2016-02-22,2016-04-01,Nifty 500,included,ADANITRANS,22022016_2.pdf
2016-02-22,2016-04-01,Nifty 500,included,ABFRL,22022016_2.pdf
2016-02-22,2016-04-01,Nifty 500,included,AEGISCHEM,22022016_2.pdf
2016-02-22,2016-04-01,Nifty 500,included,AHLUCONT,22022016_2.pdf
2016-02-22,2016-04-01,Nifty 500,included,ASHIANA,22022016_2.pdf
2016-02-22,2016-04-01,Nifty 500,included,AVANTIFEED,22022016_2.pdf
2016-02-22,2016-04-01,Nifty 500,included,BGRENERGY,22022016_2.pdf
2016-02-22,2016-04-01,Nifty 500,included,BLISSGVS,22022016_2.pdf
2016-02-22,2016-04-01,Nifty 500,included,BRFL,22022016_2.pdf
2016-02-22,2016-04-01,Nifty 500,included,CAPLIPOINT,22022016_2.pdf
2016-02-22,2016-04-01,Nifty 500,included,CCL,22022016_2.pdf
2016-02-22,2016-04-01,Nifty 500,included,CERA,22022016_2.pdf
2016-02-22,2016-04-01,Nifty 500,included,DALMIABHA,22022016_2.pdf
2016-02-22,2016-04-01,Nifty 500,included,DHANUKA,22022016_2.pdf
2016-02-22,2016-04-01,Nifty 500,included,DISHTV,22022016_2.pdf
2016-02-22,2016-04-01,Nifty 500,included,GLOBOFFS,22022016_2.pdf
2016-02-22,2016-04-01,Nifty 500,included,GRANULES,22022016_2.pdf
2016-02-22,2016-04-01,Nifty 500,included,GREENPLY,22022016_2.pdf
2016-02-22,2016-04-01,Nifty 500,included,GRINDWELL,22022016_2.pdf
2016-02-22,2016-04-01,Nifty 500,included,GUJGASLTD,22022016_2.pdf
2016-02-22,2016-04-01,Nifty 500,included,HEIDELBERG,22022016_2.pdf
2016-02-22,2016-04-01,Nifty 500,included,HMVL,22022016_2.pdf
2016-02-22,2016-04-01,Nifty 500,included,HITACHIHOM,22022016_2.pdf
2016-02-22,2016-04-01,Nifty 500,included,HMT,22022016_2.pdf
2016-02-22,2016-04-01,Nifty 500,included,HOTELEELA,22022016_2.pdf
2016-02-22,2016-04-01,Nifty 500,included,IDFC,22022016_2.pdf
2016-02-22,2016-04-01,Nifty 500,included,IFBIND,22022016_2.pdf
2016-02-22,2016-04-01,Nifty 500,included,IGARASHI,22022016_2.pdf
2016-02-22,2016-04-01,Nifty 500,included,ICIL,22022016_2.pdf
2016-02-22,2016-04-01,Nifty 500,included,INDOCO,22022016_2.pdf
2016-02-22,2016-04-01,Nifty 500,included,INTELLECT,22022016_2.pdf
2016-02-22,2016-04-01,Nifty 500,included,IPAPPM,22022016_2.pdf
2016-02-22,2016-04-01,Nifty 500,included,JETAIRWAYS,22022016_2.pdf
2016-02-22,2016-04-01,Nifty 500,included,JINDALPOLY,22022016_2.pdf
2016-02-22,2016-04-01,Nifty 500,included,JMTAUTOLTD,22022016_2.pdf
2016-02-22,2016-04-01,Nifty 500,included,KESORAMIND,22022016_2.pdf
2016-02-22,2016-04-01,Nifty 500,included,KIRLOSENG,22022016_2.pdf
2016-02-22,2016-04-01,Nifty 500,included,KWALITY,22022016_2.pdf
2016-02-22,2016-04-01,Nifty 500,included,MTNL,22022016_2.pdf
2016-02-22,2016-04-01,Nifty 500,included,MAHINDCIE,22022016_2.pdf
2016-02-22,2016-04-01,Nifty 500,included,MANAPPURAM,22022016_2.pdf
2016-02-22,2016-04-01,Nifty 500,included,MANPASAND,22022016_2.pdf
2016-02-22,2016-04-01,Nifty 500,included,MINDACORP,22022016_2.pdf
2016-02-22,2016-04-01,Nifty 500,included,NAVKARCORP,22022016_2.pdf
2016-02-22,2016-04-01,Nifty 500,included,PCJEWELLER,22022016_2.pdf
2016-02-22,2016-04-01,Nifty 500,included,POLARIS,22022016_2.pdf
2016-02-22,2016-04-01,Nifty 500,included,RAMCOSYS,22022016_2.pdf
2016-02-22,2016-04-01,Nifty 500,included,RKFORGE,22022016_2.pdf
2016-02-22,2016-04-01,Nifty 500,included,RTNPOWER,22022016_2.pdf
2016-02-22,2016-04-01,Nifty 500,included,RELAXO,22022016_2.pdf
2016-02-22,2016-04-01,Nifty 500,included,SADBHIN,22022016_2.pdf
2016-02-22,2016-04-01,Nifty 500,included,SHARDACROP,22022016_2.pdf
2016-02-22,2016-04-01,Nifty 500,included,SHILPAMED,22022016_2.pdf
2016-02-22,2016-04-01,Nifty 500,included,SJVN,22022016_2.pdf
2016-02-22,2016-04-01,Nifty 500,included,SMLISUZU,22022016_2.pdf
2016-02-22,2016-04-01,Nifty 500,included,SNOWMAN,22022016_2.pdf
2016-02-22,2016-04-01,Nifty 500,included,SOLARINDS,22022016_2.pdf
2016-02-22,2016-04-01,Nifty 500,included,SOMANYCERA,22022016_2.pdf
2016-02-22,2016-04-01,Nifty 500,included,STCINDIA,22022016_2.pdf
2016-02-22,2016-04-01,Nifty 500,included,STYABS,22022016_2.pdf
2016-02-22,2016-04-01,Nifty 500,included,SYNGENE,22022016_2.pdf
2016-02-22,2016-04-01,Nifty 500,included,TAKE,22022016_2.pdf
2016-02-22,2016-04-01,Nifty 500,included,TATAMTRDVR,22022016_2.pdf
2016-02-22,2016-04-01,Nifty 500,included,TTML,22022016_2.pdf
2016-02-22,2016-04-01,Nifty 500,included,TEXRAIL,22022016_2.pdf
2016-02-22,2016-04-01,Nifty 500,included,TIDEWATER,22022016_2.pdf
2016-02-22,2016-04-01,Nifty 500,included,TIMKEN,22022016_2.pdf
2016-02-22,2016-04-01,Nifty 500,included,TCI,22022016_2.pdf
2016-02-22,2016-04-01,Nifty 500,included,TRITURBINE,22022016_2.pdf
2016-02-22,2016-04-01,Nifty 500,included,TVSSRICHAK,22022016_2.pdf
2016-02-22,2016-04-01,Nifty 500,included,VGUARD,22022016_2.pdf
2016-02-22,2016-04-01,Nifty 500,included,WONDERLA,22022016_2.pdf
2016-02-22,2016-04-01,Nifty 500,included,ZEELEARN,22022016_2.pdf
2016-02-22,2016-04-01,Nifty Midcap 50,excluded,ANDHRABANK,22022016_2.pdf
2016-02-22,2016-04-01,Nifty Midcap 50,excluded,ASHOKLEY,22022016_2.pdf
2016-02-22,2016-04-01,Nifty Midcap 50,excluded,DHFL,22022016_2.pdf
2016-02-22,2016-04-01,Nifty Midcap 50,excluded,HINDZINC,22022016_2.pdf
2016-02-22,2016-04-01,Nifty Midcap 50,excluded,IFCI,22022016_2.pdf
2016-02-22,2016-04-01,Nifty Midcap 50,excluded,INDIACEM,22022016_2.pdf
2016-02-22,2016-04-01,Nifty Midcap 50,excluded,JISLJALEQS,22022016_2.pdf
2016-02-22,2016-04-01,Nifty Midcap 50,excluded,JPASSOCIAT,22022016_2.pdf
2016-02-22,2016-04-01,Nifty Midcap 50,excluded,KTKBANK,22022016_2.pdf
2016-02-22,2016-04-01,Nifty Midcap 50,excluded,NHPC,22022016_2.pdf
2016-02-22,2016-04-01,Nifty Midcap 50,excluded,OFSS,22022016_2.pdf
2016-02-22,2016-04-01,Nifty Midcap 50,excluded,ORIENTBANK,22022016_2.pdf
2016-02-22,2016-04-01,Nifty Midcap 50,excluded,SKSMICRO,22022016_2.pdf
2016-02-22,2016-04-01,Nifty Midcap 50,excluded,SOUTHBANK,22022016_2.pdf
2016-02-22,2016-04-01,Nifty Midcap 50,excluded,SAIL,22022016_2.pdf
2016-02-22,2016-04-01,Nifty Midcap 50,excluded,UNITECH,22022016_2.pdf
2016-02-22,2016-04-01,Nifty Midcap 50,included,ADANIENT,22022016_2.pdf
2016-02-22,2016-04-01,Nifty Midcap 50,included,AMARAJABAT,22022016_2.pdf
2016-02-22,2016-04-01,Nifty Midcap 50,included,ARVIND,22022016_2.pdf
2016-02-22,2016-04-01,Nifty Midcap 50,included,CENTURYTEX,22022016_2.pdf
2016-02-22,2016-04-01,Nifty Midcap 50,included,DISHTV,22022016_2.pdf
2016-02-22,2016-04-01,Nifty Midcap 50,included,ENGINERSIN,22022016_2.pdf
2016-02-22,2016-04-01,Nifty Midcap 50,included,EXIDEIND,22022016_2.pdf
2016-02-22,2016-04-01,Nifty Midcap 50,included,FEDERALBNK,22022016_2.pdf
2016-02-22,2016-04-01,Nifty Midcap 50,included,HEXAWARE,22022016_2.pdf
2016-02-22,2016-04-01,Nifty Midcap 50,included,IDFC,22022016_2.pdf
2016-02-22,2016-04-01,Nifty Midcap 50,included,IOB,22022016_2.pdf
2016-02-22,2016-04-01,Nifty Midcap 50,included,M&MFIN,22022016_2.pdf
2016-02-22,2016-04-01,Nifty Midcap 50,included,MINDTREE,22022016_2.pdf
2016-02-22,2016-04-01,Nifty Midcap 50,included,PAGEIND,22022016_2.pdf
2016-02-22,2016-04-01,Nifty Midcap 50,included,TATACOMM,22022016_2.pdf
2016-02-22,2016-04-01,Nifty Midcap 50,included,UCOBANK,22022016_2.pdf
2025-08-22,2025-09-30,Nifty 50,excluded,HEROMOTOCO,22082025.pdf
2025-08-22,2025-09-30,Nifty 50,excluded,INDUSINDBK,22082025.pdf
2025-08-22,2025-09-30,Nifty 50,included,INDIGO,22082025.pdf
2025-08-22,2025-09-30,Nifty 50,included,MAXHEALTH,22082025.pdf
2025-08-22,2025-09-30,Nifty 500,excluded,ALIVUS,22082025.pdf
2025-08-22,2025-09-30,Nifty 500,excluded,GNFC,22082025.pdf
2025-08-22,2025-09-30,Nifty 500,excluded,GPPL,22082025.pdf
2025-08-22,2025-09-30,Nifty 500,excluded,JSWHL,22082025.pdf
2025-08-22,2025-09-30,Nifty 500,excluded,JUSTDIAL,22082025.pdf
2025-08-22,2025-09-30,Nifty 500,excluded,KANSAINER,22082025.pdf
2025-08-22,2025-09-30,Nifty 500,excluded,KNRCON,22082025.pdf
2025-08-22,2025-09-30,Nifty 500,excluded,MASTEK,22082025.pdf
2025-08-22,2025-09-30,Nifty 500,excluded,NETWORK18,22082025.pdf
2025-08-22,2025-09-30,Nifty 500,excluded,PNCINFRA,22082025.pdf
2025-08-22,2025-09-30,Nifty 500,excluded,RTNINDIA,22082025.pdf
2025-08-22,2025-09-30,Nifty 500,excluded,RAYMONDLSL,22082025.pdf
2025-08-22,2025-09-30,Nifty 500,excluded,RAYMOND,22082025.pdf
2025-08-22,2025-09-30,Nifty 500,excluded,ROUTE,22082025.pdf
2025-08-22,2025-09-30,Nifty 500,excluded,RENUKA,22082025.pdf
2025-08-22,2025-09-30,Nifty 500,excluded,SWSOLAR,22082025.pdf
2025-08-22,2025-09-30,Nifty 500,excluded,TANLA,22082025.pdf
2025-08-22,2025-09-30,Nifty 500,excluded,WESTLIFE,22082025.pdf
2025-08-22,2025-09-30,Nifty 500,included,ABLBL,22082025.pdf
2025-08-22,2025-09-30,Nifty 500,included,AEGISVOPAK,22082025.pdf
2025-08-22,2025-09-30,Nifty 500,included,AKZOINDIA,22082025.pdf
2025-08-22,2025-09-30,Nifty 500,included,ATHERENERG,22082025.pdf
2025-08-22,2025-09-30,Nifty 500,included,BLUEJET,22082025.pdf
2025-08-22,2025-09-30,Nifty 500,included,CHOICEIN,22082025.pdf
2025-08-22,2025-09-30,Nifty 500,included,AGARWALEYE,22082025.pdf
2025-08-22,2025-09-30,Nifty 500,included,FORCEMOT,22082025.pdf
2025-08-22,2025-09-30,Nifty 500,included,HEXT,22082025.pdf
2025-08-22,2025-09-30,Nifty 500,included,ITCHOTELS,22082025.pdf
2025-08-22,2025-09-30,Nifty 500,included,KSB,22082025.pdf
2025-08-22,2025-09-30,Nifty 500,included,MAHSCOOTER,22082025.pdf
2025-08-22,2025-09-30,Nifty 500,included,NUVOCO,22082025.pdf
2025-08-22,2025-09-30,Nifty 500,included,ONESOURCE,22082025.pdf
2025-08-22,2025-09-30,Nifty 500,included,PGHH,22082025.pdf
2025-08-22,2025-09-30,Nifty 500,included,THELEELA,22082025.pdf
2025-08-22,2025-09-30,Nifty 500,included,ENRIN,22082025.pdf
2025-08-22,2025-09-30,Nifty 500,included,VENTIVE,22082025.pdf
2025-08-22,2025-09-30,Nifty 100,excluded,DABUR,22082025.pdf
2025-08-22,2025-09-30,Nifty 100,excluded,HEROMOTOCO,22082025.pdf
2025-08-22,2025-09-30,Nifty 100,excluded,ICICIPRULI,22082025.pdf
2025-08-22,2025-09-30,Nifty 100,excluded,INDUSINDBK,22082025.pdf
2025-08-22,2025-09-30,Nifty 100,excluded,SWIGGY,22082025.pdf
2025-08-22,2025-09-30,Nifty 100,included,HINDZINC,22082025.pdf
2025-08-22,2025-09-30,Nifty 100,included,MAXHEALTH,22082025.pdf
2025-08-22,2025-09-30,Nifty 100,included,MAZDOCK,22082025.pdf
2025-08-22,2025-09-30,Nifty 100,included,ENRIN,22082025.pdf
2025-08-22,2025-09-30,Nifty 100,included,SOLARINDS,22082025.pdf
2025-08-22,2025-09-30,Nifty Next 50,excluded,DABUR,22082025.pdf
2025-08-22,2025-09-30,Nifty Next 50,excluded,ICICIPRULI,22082025.pdf
2025-08-22,2025-09-30,Nifty Next 50,excluded,INDIGO,22082025.pdf
2025-08-22,2025-09-30,Nifty Next 50,excluded,SWIGGY,22082025.pdf
2025-08-22,2025-09-30,Nifty Next 50,included,HINDZINC,22082025.pdf
2025-08-22,2025-09-30,Nifty Next 50,included,MAZDOCK,22082025.pdf
2025-08-22,2025-09-30,Nifty Next 50,included,ENRIN,22082025.pdf
2025-08-22,2025-09-30,Nifty Next 50,included,SOLARINDS,22082025.pdf
2025-08-22,2025-09-30,Nifty Midcap 150,excluded,ABFRL,22082025.pdf
2025-08-22,2025-09-30,Nifty Midcap 150,excluded,BANDHANBNK,22082025.pdf
2025-08-22,2025-09-30,Nifty Midcap 150,excluded,EMAMILTD,22082025.pdf
2025-08-22,2025-09-30,Nifty Midcap 150,excluded,GLAND,22082025.pdf
2025-08-22,2025-09-30,Nifty Midcap 150,excluded,HINDZINC,22082025.pdf
2025-08-22,2025-09-30,Nifty Midcap 150,excluded,MRPL,22082025.pdf
2025-08-22,2025-09-30,Nifty Midcap 150,excluded,MAXHEALTH,22082025.pdf
2025-08-22,2025-09-30,Nifty Midcap 150,excluded,MAZDOCK,22082025.pdf
2025-08-22,2025-09-30,Nifty Midcap 150,excluded,MSUMI,22082025.pdf
2025-08-22,2025-09-30,Nifty Midcap 150,excluded,OLAELEC,22082025.pdf
2025-08-22,2025-09-30,Nifty Midcap 150,excluded,SOLARINDS,22082025.pdf
2025-08-22,2025-09-30,Nifty Midcap 150,excluded,STARHEALTH,22082025.pdf
2025-08-22,2025-09-30,Nifty Midcap 150,excluded,SUNTV,22082025.pdf
2025-08-22,2025-09-30,Nifty Midcap 150,included,DABUR,22082025.pdf
2025-08-22,2025-09-30,Nifty Midcap 150,included,FACT,22082025.pdf
2025-08-22,2025-09-30,Nifty Midcap 150,included,GODFRYPHLP,22082025.pdf
2025-08-22,2025-09-30,Nifty Midcap 150,included,HEROMOTOCO,22082025.pdf
2025-08-22,2025-09-30,Nifty Midcap 150,included,HEXT,22082025.pdf
2025-08-22,2025-09-30,Nifty Midcap 150,included,ICICIPRULI,22082025.pdf
2025-08-22,2025-09-30,Nifty Midcap 150,included,IDBI,22082025.pdf
2025-08-22,2025-09-30,Nifty Midcap 150,included,IOB,22082025.pdf
2025-08-22,2025-09-30,Nifty Midcap 150,included,INDUSINDBK,22082025.pdf
2025-08-22,2025-09-30,Nifty Midcap 150,included,ITCHOTELS,22082025.pdf
2025-08-22,2025-09-30,Nifty Midcap 150,included,PGHH,22082025.pdf
2025-08-22,2025-09-30,Nifty Midcap 150,included,SWIGGY,22082025.pdf
2025-08-22,2025-09-30,Nifty Midcap 150,included,UCOBANK,22082025.pdf
2025-08-22,2025-09-30,Nifty Smallcap 250,excluded,ALIVUS,22082025.pdf
2025-08-22,2025-09-30,Nifty Smallcap 250,excluded,FACT,22082025.pdf
2025-08-22,2025-09-30,Nifty Smallcap 250,excluded,GODFRYPHLP,22082025.pdf
2025-08-22,2025-09-30,Nifty Smallcap 250,excluded,GNFC,22082025.pdf
2025-08-22,2025-09-30,Nifty Smallcap 250,excluded,GPPL,22082025.pdf
2025-08-22,2025-09-30,Nifty Smallcap 250,excluded,IDBI,22082025.pdf
2025-08-22,2025-09-30,Nifty Smallcap 250,excluded,IOB,22082025.pdf
2025-08-22,2025-09-30,Nifty Smallcap 250,excluded,JSWHL,22082025.pdf
2025-08-22,2025-09-30,Nifty Smallcap 250,excluded,JUSTDIAL,22082025.pdf
2025-08-22,2025-09-30,Nifty Smallcap 250,excluded,KANSAINER,22082025.pdf
2025-08-22,2025-09-30,Nifty Smallcap 250,excluded,KNRCON,22082025.pdf
2025-08-22,2025-09-30,Nifty Smallcap 250,excluded,MASTEK,22082025.pdf
2025-08-22,2025-09-30,Nifty Smallcap 250,excluded,NETWORK18,22082025.pdf
2025-08-22,2025-09-30,Nifty Smallcap 250,excluded,PNCINFRA,22082025.pdf
2025-08-22,2025-09-30,Nifty Smallcap 250,excluded,RTNINDIA,22082025.pdf
2025-08-22,2025-09-30,Nifty Smallcap 250,excluded,RAYMONDLSL,22082025.pdf
2025-08-22,2025-09-30,Nifty Smallcap 250,excluded,RAYMOND,22082025.pdf
2025-08-22,2025-09-30,Nifty Smallcap 250,excluded,ROUTE,22082025.pdf
2025-08-22,2025-09-30,Nifty Smallcap 250,excluded,RENUKA,22082025.pdf
2025-08-22,2025-09-30,Nifty Smallcap 250,excluded,SWSOLAR,22082025.pdf
2025-08-22,2025-09-30,Nifty Smallcap 250,excluded,TANLA,22082025.pdf
2025-08-22,2025-09-30,Nifty Smallcap 250,excluded,UCOBANK,22082025.pdf
2025-08-22,2025-09-30,Nifty Smallcap 250,excluded,WESTLIFE,22082025.pdf
2025-08-22,2025-09-30,Nifty Smallcap 250,included,ABFRL,22082025.pdf
2025-08-22,2025-09-30,Nifty Smallcap 250,included,ABLBL,22082025.pdf
2025-08-22,2025-09-30,Nifty Smallcap 250,included,AEGISVOPAK,22082025.pdf
2025-08-22,2025-09-30,Nifty Smallcap 250,included,AKZOINDIA,22082025.pdf
2025-08-22,2025-09-30,Nifty Smallcap 250,included,ATHERENERG,22082025.pdf
2025-08-22,2025-09-30,Nifty Smallcap 250,included,BANDHANBNK,22082025.pdf
2025-08-22,2025-09-30,Nifty Smallcap 250,included,BLUEJET,22082025.pdf
2025-08-22,2025-09-30,Nifty Smallcap 250,included,CHOICEIN,22082025.pdf
2025-08-22,2025-09-30,Nifty Smallcap 250,included,AGARWALEYE,22082025.pdf
2025-08-22,2025-09-30,Nifty Smallcap 250,included,EMAMILTD,22082025.pdf
2025-08-22,2025-09-30,Nifty Smallcap 250,included,FORCEMOT,22082025.pdf
2025-08-22,2025-09-30,Nifty Smallcap 250,included,GLAND,22082025.pdf
2025-08-22,2025-09-30,Nifty Smallcap 250,included,KSB,22082025.pdf
2025-08-22,2025-09-30,Nifty Smallcap 250,included,MAHSCOOTER,22082025.pdf
2025-08-22,2025-09-30,Nifty Smallcap 250,included,MRPL,22082025.pdf
2025-08-22,2025-09-30,Nifty Smallcap 250,included,MSUMI,22082025.pdf
2025-08-22,2025-09-30,Nifty Smallcap 250,included,NUVOCO,22082025.pdf
2025-08-22,2025-09-30,Nifty Smallcap 250,included,OLAELEC,22082025.pdf
2025-08-22,2025-09-30,Nifty Smallcap 250,included,ONESOURCE,22082025.pdf
2025-08-22,2025-09-30,Nifty Smallcap 250,included,THELEELA,22082025.pdf
2025-08-22,2025-09-30,Nifty Smallcap 250,included,STARHEALTH,22082025.pdf
2025-08-22,2025-09-30,Nifty Smallcap 250,included,SUNTV,22082025.pdf
2025-08-22,2025-09-30,Nifty Smallcap 250,included,VENTIVE,22082025.pdf
2025-08-22,2025-09-30,Nifty Midcap 50,excluded,ALKEM,22082025.pdf
2025-08-22,2025-09-30,Nifty Midcap 50,excluded,ASTRAL,22082025.pdf
2025-08-22,2025-09-30,Nifty Midcap 50,excluded,CONCOR,22082025.pdf
2025-08-22,2025-09-30,Nifty Midcap 50,excluded,MAXHEALTH,22082025.pdf
2025-08-22,2025-09-30,Nifty Midcap 50,excluded,MRF,22082025.pdf
2025-08-22,2025-09-30,Nifty Midcap 50,excluded,PETRONET,22082025.pdf
2025-08-22,2025-09-30,Nifty Midcap 50,excluded,SAIL,22082025.pdf
2025-08-22,2025-09-30,Nifty Midcap 50,excluded,TORNTPOWER,22082025.pdf
2025-08-22,2025-09-30,Nifty Midcap 50,excluded,IDEA,22082025.pdf
2025-08-22,2025-09-30,Nifty Midcap 50,excluded,VOLTAS,22082025.pdf
2025-08-22,2025-09-30,Nifty Midcap 50,included,APLAPOLLO,22082025.pdf
2025-08-22,2025-09-30,Nifty Midcap 50,included,DABUR,22082025.pdf
2025-08-22,2025-09-30,Nifty Midcap 50,included,FORTIS,22082025.pdf
2025-08-22,2025-09-30,Nifty Midcap 50,included,HEROMOTOCO,22082025.pdf
2025-08-22,2025-09-30,Nifty Midcap 50,included,INDUSINDBK,22082025.pdf
2025-08-22,2025-09-30,Nifty Midcap 50,included,JUBLFOOD,22082025.pdf
2025-08-22,2025-09-30,Nifty Midcap 50,included,MANKIND,22082025.pdf
2025-08-22,2025-09-30,Nifty Midcap 50,included,MFSL,22082025.pdf
2025-08-22,2025-09-30,Nifty Midcap 50,included,SUZLON,22082025.pdf
2025-08-22,2025-09-30,Nifty Midcap 50,included,UPL,22082025.pdf
2025-08-22,2025-09-30,Nifty Midcap 100,excluded,ABFRL,22082025.pdf
2025-08-22,2025-09-30,Nifty Midcap 100,excluded,APOLLOTYRE,22082025.pdf
2025-08-22,2025-09-30,Nifty Midcap 100,excluded,BANDHANBNK,22082025.pdf
2025-08-22,2025-09-30,Nifty Midcap 100,excluded,MAHABANK,22082025.pdf
2025-08-22,2025-09-30,Nifty Midcap 100,excluded,ESCORTS,22082025.pdf
2025-08-22,2025-09-30,Nifty Midcap 100,excluded,HINDZINC,22082025.pdf
2025-08-22,2025-09-30,Nifty Midcap 100,excluded,MAXHEALTH,22082025.pdf
2025-08-22,2025-09-30,Nifty Midcap 100,excluded,MAZDOCK,22082025.pdf
2025-08-22,2025-09-30,Nifty Midcap 100,excluded,OLAELEC,22082025.pdf
2025-08-22,2025-09-30,Nifty Midcap 100,excluded,PETRONET,22082025.pdf
2025-08-22,2025-09-30,Nifty Midcap 100,excluded,SJVN,22082025.pdf
2025-08-22,2025-09-30,Nifty Midcap 100,excluded,SOLARINDS,22082025.pdf
2025-08-22,2025-09-30,Nifty Midcap 100,included,360ONE,22082025.pdf
2025-08-22,2025-09-30,Nifty Midcap 100,included,BLUESTARCO,22082025.pdf
2025-08-22,2025-09-30,Nifty Midcap 100,included,COROMANDEL,22082025.pdf
2025-08-22,2025-09-30,Nifty Midcap 100,included,DABUR,22082025.pdf
2025-08-22,2025-09-30,Nifty Midcap 100,included,FORTIS,22082025.pdf
2025-08-22,2025-09-30,Nifty Midcap 100,included,GODFRYPHLP,22082025.pdf
2025-08-22,2025-09-30,Nifty Midcap 100,included,HEROMOTOCO,22082025.pdf
2025-08-22,2025-09-30,Nifty Midcap 100,included,POWERINDIA,22082025.pdf
2025-08-22,2025-09-30,Nifty Midcap 100,included,INDUSINDBK,22082025.pdf
2025-08-22,2025-09-30,Nifty Midcap 100,included,ITCHOTELS,22082025.pdf
2025-08-22,2025-09-30,Nifty Midcap 100,included,KEI,22082025.pdf
2025-08-22,2025-09-30,Nifty Midcap 100,included,SWIGGY,22082025.pdf
2025-08-22,2025-09-30,Nifty Smallcap 50,excluded,BSOFT,22082025.pdf
2025-08-22,2025-09-30,Nifty Smallcap 50,excluded,BRIGADE,22082025.pdf
2025-08-22,2025-09-30,Nifty Smallcap 50,excluded,GESHIP,22082025.pdf
2025-08-22,2025-09-30,Nifty Smallcap 50,excluded,GSPL,22082025.pdf
2025-08-22,2025-09-30,Nifty Smallcap 50,excluded,HFCL,22082025.pdf
2025-08-22,2025-09-30,Nifty Smallcap 50,excluded,HINDCOPPER,22082025.pdf
2025-08-22,2025-09-30,Nifty Smallcap 50,excluded,NCC,22082025.pdf
2025-08-22,2025-09-30,Nifty Smallcap 50,excluded,RKFORGE,22082025.pdf
2025-08-22,2025-09-30,Nifty Smallcap 50,excluded,SONATSOFTW,22082025.pdf
2025-08-22,2025-09-30,Nifty Smallcap 50,excluded,TEJASNET,22082025.pdf
2025-08-22,2025-09-30,Nifty Smallcap 50,included,BANDHANBNK,22082025.pdf
2025-08-22,2025-09-30,Nifty Smallcap 50,included,CHOLAHLDNG,22082025.pdf
2025-08-22,2025-09-30,Nifty Smallcap 50,included,GLAND,22082025.pdf
2025-08-22,2025-09-30,Nifty Smallcap 50,included,JBCHEPHARM,22082025.pdf
2025-08-22,2025-09-30,Nifty Smallcap 50,included,KARURVYSYA,22082025.pdf
2025-08-22,2025-09-30,Nifty Smallcap 50,included,MANAPPURAM,22082025.pdf
2025-08-22,2025-09-30,Nifty Smallcap 50,included,NH,22082025.pdf
2025-08-22,2025-09-30,Nifty Smallcap 50,included,PGEL,22082025.pdf
2025-08-22,2025-09-30,Nifty Smallcap 50,included,REDINGTON,22082025.pdf
2025-08-22,2025-09-30,Nifty Smallcap 50,included,WOCKPHARMA,22082025.pdf
2025-08-22,2025-09-30,Nifty Smallcap 100,excluded,ACE,22082025.pdf
2025-08-22,2025-09-30,Nifty Smallcap 100,excluded,BATAINDIA,22082025.pdf
2025-08-22,2025-09-30,Nifty Smallcap 100,excluded,BSOFT,22082025.pdf
2025-08-22,2025-09-30,Nifty Smallcap 100,excluded,GODFRYPHLP,22082025.pdf
2025-08-22,2025-09-30,Nifty Smallcap 100,excluded,GSPL,22082025.pdf
2025-08-22,2025-09-30,Nifty Smallcap 100,excluded,HFCL,22082025.pdf
2025-08-22,2025-09-30,Nifty Smallcap 100,excluded,IDBI,22082025.pdf
2025-08-22,2025-09-30,Nifty Smallcap 100,excluded,INDIAMART,22082025.pdf
2025-08-22,2025-09-30,Nifty Smallcap 100,excluded,ITI,22082025.pdf
2025-08-22,2025-09-30,Nifty Smallcap 100,excluded,PVRINOX,22082025.pdf
2025-08-22,2025-09-30,Nifty Smallcap 100,excluded,RAILTEL,22082025.pdf
2025-08-22,2025-09-30,Nifty Smallcap 100,excluded,RKFORGE,22082025.pdf
2025-08-22,2025-09-30,Nifty Smallcap 100,excluded,RITES,22082025.pdf
2025-08-22,2025-09-30,Nifty Smallcap 100,excluded,SONATSOFTW,22082025.pdf
2025-08-22,2025-09-30,Nifty Smallcap 100,excluded,TTML,22082025.pdf
2025-08-22,2025-09-30,Nifty Smallcap 100,excluded,TITAGARH,22082025.pdf
2025-08-22,2025-09-30,Nifty Smallcap 100,excluded,WELSPUNLIV,22082025.pdf
2025-08-22,2025-09-30,Nifty Smallcap 100,included,AEGISVOPAK,22082025.pdf
2025-08-22,2025-09-30,Nifty Smallcap 100,included,ANANDRATHI,22082025.pdf
2025-08-22,2025-09-30,Nifty Smallcap 100,included,APTUS,22082025.pdf
2025-08-22,2025-09-30,Nifty Smallcap 100,included,BANDHANBNK,22082025.pdf
2025-08-22,2025-09-30,Nifty Smallcap 100,included,CGCL,22082025.pdf
2025-08-22,2025-09-30,Nifty Smallcap 100,included,CHOLAHLDNG,22082025.pdf
2025-08-22,2025-09-30,Nifty Smallcap 100,included,DEEPAKFERT,22082025.pdf
2025-08-22,2025-09-30,Nifty Smallcap 100,included,GILLETTE,22082025.pdf
2025-08-22,2025-09-30,Nifty Smallcap 100,included,GLAND,22082025.pdf
2025-08-22,2025-09-30,Nifty Smallcap 100,included,JBCHEPHARM,22082025.pdf
2025-08-22,2025-09-30,Nifty Smallcap 100,included,JINDALSAW,22082025.pdf
2025-08-22,2025-09-30,Nifty Smallcap 100,included,JYOTICNC,22082025.pdf
2025-08-22,2025-09-30,Nifty Smallcap 100,included,MRPL,22082025.pdf
2025-08-22,2025-09-30,Nifty Smallcap 100,included,OLAELEC,22082025.pdf
2025-08-22,2025-09-30,Nifty Smallcap 100,included,STARHEALTH,22082025.pdf
2025-08-22,2025-09-30,Nifty Smallcap 100,included,WHIRLPOOL,22082025.pdf
2025-08-22,2025-09-30,Nifty Smallcap 100,included,WOCKPHARMA,22082025.pdf
2025-08-22,2025-09-30,Nifty 200,excluded,ABFRL,22082025.pdf
2025-08-22,2025-09-30,Nifty 200,excluded,APOLLOTYRE,22082025.pdf
2025-08-22,2025-09-30,Nifty 200,excluded,BANDHANBNK,22082025.pdf
2025-08-22,2025-09-30,Nifty 200,excluded,MAHABANK,22082025.pdf
2025-08-22,2025-09-30,Nifty 200,excluded,ESCORTS,22082025.pdf
2025-08-22,2025-09-30,Nifty 200,excluded,ICICIPRULI,22082025.pdf
2025-08-22,2025-09-30,Nifty 200,excluded,OLAELEC,22082025.pdf
2025-08-22,2025-09-30,Nifty 200,excluded,PETRONET,22082025.pdf
2025-08-22,2025-09-30,Nifty 200,excluded,SJVN,22082025.pdf
2025-08-22,2025-09-30,Nifty 200,included,360ONE,22082025.pdf
2025-08-22,2025-09-30,Nifty 200,included,BLUESTARCO,22082025.pdf
2025-08-22,2025-09-30,Nifty 200,included,COROMANDEL,22082025.pdf
2025-08-22,2025-09-30,Nifty 200,included,FORTIS,22082025.pdf
2025-08-22,2025-09-30,Nifty 200,included,GODFRYPHLP,22082025.pdf
2025-08-22,2025-09-30,Nifty 200,included,POWERINDIA,22082025.pdf
2025-08-22,2025-09-30,Nifty 200,included,ITCHOTELS,22082025.pdf
2025-08-22,2025-09-30,Nifty 200,included,KEI,22082025.pdf
2025-08-22,2025-09-30,Nifty 200,included,ENRIN,22082025.pdf
2021-02-23,,Nifty 50,excluded,GAIL,23022021.pdf
2021-02-23,,Nifty 50,included,TATACONSUM,23022021.pdf
2021-02-23,,Nifty Next 50,excluded,BANKBARODA,23022021.pdf
2021-02-23,,Nifty Next 50,excluded,CONCOR,23022021.pdf
2021-02-23,,Nifty Next 50,excluded,GICRE,23022021.pdf
2021-02-23,,Nifty Next 50,excluded,HINDZINC,23022021.pdf
2021-02-23,,Nifty Next 50,excluded,OFSS,23022021.pdf
2021-02-23,,Nifty Next 50,excluded,PFC,23022021.pdf
2021-02-23,,Nifty Next 50,excluded,TATACONSUM,23022021.pdf
2021-02-23,,Nifty Next 50,included,ADANIENT,23022021.pdf
2021-02-23,,Nifty Next 50,included,APOLLOHOSP,23022021.pdf
2021-02-23,,Nifty Next 50,included,GAIL,23022021.pdf
2021-02-23,,Nifty Next 50,included,JUBLFOOD,23022021.pdf
2021-02-23,,Nifty Next 50,included,MRF,23022021.pdf
2021-02-23,,Nifty Next 50,included,VEDL,23022021.pdf
2021-02-23,,Nifty Next 50,included,YESBANK,23022021.pdf
2021-02-23,,Nifty 500,excluded,BOMDYEING,23022021.pdf
2021-02-23,,Nifty 500,excluded,CARERATING,23022021.pdf
2021-02-23,,Nifty 500,excluded,CHENNPETRO,23022021.pdf
2021-02-23,,Nifty 500,excluded,DBCORP,23022021.pdf
2021-02-23,,Nifty 500,excluded,ESABINDIA,23022021.pdf
2021-02-23,,Nifty 500,excluded,GMDCLTD,23022021.pdf
2021-02-23,,Nifty 500,excluded,HATHWAY,23022021.pdf
2021-02-23,,Nifty 500,excluded,HERITGFOOD,23022021.pdf
2021-02-23,,Nifty 500,excluded,ICRA,23022021.pdf
2021-02-23,,Nifty 500,excluded,JAGRAN,23022021.pdf
2021-02-23,,Nifty 500,excluded,JAICORPLTD,23022021.pdf
2021-02-23,,Nifty 500,excluded,J&KBANK,23022021.pdf
2021-02-23,,Nifty 500,excluded,KTKBANK,23022021.pdf
2021-02-23,,Nifty 500,excluded,KOLTEPATIL,23022021.pdf
2021-02-23,,Nifty 500,excluded,NAVNETEDUL,23022021.pdf
2021-02-23,,Nifty 500,excluded,OMAXE,23022021.pdf
2021-02-23,,Nifty 500,excluded,ORIENTCEM,23022021.pdf
2021-02-23,,Nifty 500,excluded,PRAJIND,23022021.pdf
2021-02-23,,Nifty 500,excluded,PSPPROJECT,23022021.pdf
2021-02-23,,Nifty 500,excluded,PTC,23022021.pdf
2021-02-23,,Nifty 500,excluded,SOUTHBANK,23022021.pdf
2021-02-23,,Nifty 500,excluded,SWARAJENG,23022021.pdf
2021-02-23,,Nifty 500,excluded,TVTODAY,23022021.pdf
2021-02-23,,Nifty 500,excluded,VRLLOG,23022021.pdf
2021-02-23,,Nifty 500,included,ANGELBRKG,23022021.pdf
2021-02-23,,Nifty 500,included,ASAHIINDIA,23022021.pdf
2021-02-23,,Nifty 500,included,BALAMINES,23022021.pdf
2021-02-23,,Nifty 500,included,CAMS,23022021.pdf
2021-02-23,,Nifty 500,included,HAPPSTMNDS,23022021.pdf
2021-02-23,,Nifty 500,included,HEMIPROP,23022021.pdf
2021-02-23,,Nifty 500,included,ICIL,23022021.pdf
2021-02-23,,Nifty 500,included,INTELLECT,23022021.pdf
2021-02-23,,Nifty 500,included,KPRMILL,23022021.pdf
2021-02-23,,Nifty 500,included,KPITTECH,23022021.pdf
2021-02-23,,Nifty 500,included,MAXHEALTH,23022021.pdf
2021-02-23,,Nifty 500,included,MAZDOCK,23022021.pdf
2021-02-23,,Nifty 500,included,PRINCEPIPE,23022021.pdf
2021-02-23,,Nifty 500,included,RESPONIND,23022021.pdf
2021-02-23,,Nifty 500,included,ROSSARI,23022021.pdf
2021-02-23,,Nifty 500,included,ROUTE,23022021.pdf
2021-02-23,,Nifty 500,included,SHARDACROP,23022021.pdf
2021-02-23,,Nifty 500,included,SPANDANA,23022021.pdf
2021-02-23,,Nifty 500,included,SUNCLAYLTD,23022021.pdf
2021-02-23,,Nifty 500,included,TANLA,23022021.pdf
2021-02-23,,Nifty 500,included,TRITURBINE,23022021.pdf
2021-02-23,,Nifty 500,included,UTIAMC,23022021.pdf
2021-02-23,,Nifty 500,included,VALIANTORG,23022021.pdf
2021-02-23,,Nifty 500,included,VEDL,23022021.pdf
2021-02-23,,Nifty 100,excluded,BANKBARODA,23022021.pdf
2021-02-23,,Nifty 100,excluded,CONCOR,23022021.pdf
2021-02-23,,Nifty 100,excluded,GICRE,23022021.pdf
2021-02-23,,Nifty 100,excluded,HINDZINC,23022021.pdf
2021-02-23,,Nifty 100,excluded,OFSS,23022021.pdf
2021-02-23,,Nifty 100,excluded,PFC,23022021.pdf
2021-02-23,,Nifty 100,included,ADANIENT,23022021.pdf
2021-02-23,,Nifty 100,included,APOLLOHOSP,23022021.pdf
2021-02-23,,Nifty 100,included,JUBLFOOD,23022021.pdf
2021-02-23,,Nifty 100,included,MRF,23022021.pdf
2021-02-23,,Nifty 100,included,VEDL,23022021.pdf
2021-02-23,,Nifty 100,included,YESBANK,23022021.pdf
2021-02-23,,Nifty Midcap 150,excluded,ADANIENT,23022021.pdf
2021-02-23,,Nifty Midcap 150,excluded,APOLLOHOSP,23022021.pdf
2021-02-23,,Nifty Midcap 150,excluded,EDELWEISS,23022021.pdf
2021-02-23,,Nifty Midcap 150,excluded,ERIS,23022021.pdf
2021-02-23,,Nifty Midcap 150,excluded,FRETAIL,23022021.pdf
2021-02-23,,Nifty Midcap 150,excluded,HUDCO,23022021.pdf
2021-02-23,,Nifty Midcap 150,excluded,JUBLFOOD,23022021.pdf
2021-02-23,,Nifty Midcap 150,excluded,MRPL,23022021.pdf
2021-02-23,,Nifty Midcap 150,excluded,MRF,23022021.pdf
2021-02-23,,Nifty Midcap 150,excluded,NATIONALUM,23022021.pdf
2021-02-23,,Nifty Midcap 150,excluded,NLCINDIA,23022021.pdf
2021-02-23,,Nifty Midcap 150,excluded,SFL,23022021.pdf
2021-02-23,,Nifty Midcap 150,excluded,SHRIRAMCIT,23022021.pdf
2021-02-23,,Nifty Midcap 150,excluded,SYMPHONY,23022021.pdf
2021-02-23,,Nifty Midcap 150,excluded,WABCOINDIA,23022021.pdf
2021-02-23,,Nifty Midcap 150,excluded,YESBANK,23022021.pdf
2021-02-23,,Nifty Midcap 150,included,BANKBARODA,23022021.pdf
2021-02-23,,Nifty Midcap 150,included,CONCOR,23022021.pdf
2021-02-23,,Nifty Midcap 150,included,DEEPAKNTR,23022021.pdf
2021-02-23,,Nifty Midcap 150,included,DIXON,23022021.pdf
2021-02-23,,Nifty Midcap 150,included,GICRE,23022021.pdf
2021-02-23,,Nifty Midcap 150,included,HINDZINC,23022021.pdf
2021-02-23,,Nifty Midcap 150,included,IDBI,23022021.pdf
2021-02-23,,Nifty Midcap 150,included,INDIAMART,23022021.pdf
2021-02-23,,Nifty Midcap 150,included,LAURUSLABS,23022021.pdf
2021-02-23,,Nifty Midcap 150,included,MAXHEALTH,23022021.pdf
2021-02-23,,Nifty Midcap 150,included,OFSS,23022021.pdf
2021-02-23,,Nifty Midcap 150,included,PERSISTENT,23022021.pdf
2021-02-23,,Nifty Midcap 150,included,PFC,23022021.pdf
2021-02-23,,Nifty Midcap 150,included,PGHL,23022021.pdf
2021-02-23,,Nifty Midcap 150,included,SUVENPHAR,23022021.pdf
2021-02-23,,Nifty Midcap 150,included,TATAELXSI,23022021.pdf
2021-02-23,,Nifty Smallcap 250,excluded,BOMDYEING,23022021.pdf
2021-02-23,,Nifty Smallcap 250,excluded,CARERATING,23022021.pdf
2021-02-23,,Nifty Smallcap 250,excluded,CHENNPETRO,23022021.pdf
2021-02-23,,Nifty Smallcap 250,excluded,DBCORP,23022021.pdf
2021-02-23,,Nifty Smallcap 250,excluded,DEEPAKNTR,23022021.pdf
2021-02-23,,Nifty Smallcap 250,excluded,DIXON,23022021.pdf
2021-02-23,,Nifty Smallcap 250,excluded,ESABINDIA,23022021.pdf
2021-02-23,,Nifty Smallcap 250,excluded,GMDCLTD,23022021.pdf
2021-02-23,,Nifty Smallcap 250,excluded,HATHWAY,23022021.pdf
2021-02-23,,Nifty Smallcap 250,excluded,HERITGFOOD,23022021.pdf
2021-02-23,,Nifty Smallcap 250,excluded,ICRA,23022021.pdf
2021-02-23,,Nifty Smallcap 250,excluded,IDBI,23022021.pdf
2021-02-23,,Nifty Smallcap 250,excluded,INDIAMART,23022021.pdf
2021-02-23,,Nifty Smallcap 250,excluded,JAGRAN,23022021.pdf
2021-02-23,,Nifty Smallcap 250,excluded,JAICORPLTD,23022021.pdf
2021-02-23,,Nifty Smallcap 250,excluded,J&KBANK,23022021.pdf
2021-02-23,,Nifty Smallcap 250,excluded,KTKBANK,23022021.pdf
2021-02-23,,Nifty Smallcap 250,excluded,KOLTEPATIL,23022021.pdf
2021-02-23,,Nifty Smallcap 250,excluded,LAURUSLABS,23022021.pdf
2021-02-23,,Nifty Smallcap 250,excluded,NAVNETEDUL,23022021.pdf
2021-02-23,,Nifty Smallcap 250,excluded,OMAXE,23022021.pdf
2021-02-23,,Nifty Smallcap 250,excluded,ORIENTCEM,23022021.pdf
2021-02-23,,Nifty Smallcap 250,excluded,PERSISTENT,23022021.pdf
2021-02-23,,Nifty Smallcap 250,excluded,PRAJIND,23022021.pdf
2021-02-23,,Nifty Smallcap 250,excluded,PGHL,23022021.pdf
2021-02-23,,Nifty Smallcap 250,excluded,PSPPROJECT,23022021.pdf
2021-02-23,,Nifty Smallcap 250,excluded,PTC,23022021.pdf
2021-02-23,,Nifty Smallcap 250,excluded,SOUTHBANK,23022021.pdf
2021-02-23,,Nifty Smallcap 250,excluded,SUVENPHAR,23022021.pdf
2021-02-23,,Nifty Smallcap 250,excluded,SWARAJENG,23022021.pdf
2021-02-23,,Nifty Smallcap 250,excluded,TATAELXSI,23022021.pdf
2021-02-23,,Nifty Smallcap 250,excluded,TVTODAY,23022021.pdf
2021-02-23,,Nifty Smallcap 250,excluded,VRLLOG,23022021.pdf
2021-02-23,,Nifty Smallcap 250,included,ANGELBRKG,23022021.pdf
2021-02-23,,Nifty Smallcap 250,included,ASAHIINDIA,23022021.pdf
2021-02-23,,Nifty Smallcap 250,included,BALAMINES,23022021.pdf
2021-02-23,,Nifty Smallcap 250,included,CAMS,23022021.pdf
2021-02-23,,Nifty Smallcap 250,included,EDELWEISS,23022021.pdf
2021-02-23,,Nifty Smallcap 250,included,ERIS,23022021.pdf
2021-02-23,,Nifty Smallcap 250,included,FRETAIL,23022021.pdf
2021-02-23,,Nifty Smallcap 250,included,HAPPSTMNDS,23022021.pdf
2021-02-23,,Nifty Smallcap 250,included,HEMIPROP,23022021.pdf
2021-02-23,,Nifty Smallcap 250,included,HUDCO,23022021.pdf
2021-02-23,,Nifty Smallcap 250,included,ICIL,23022021.pdf
2021-02-23,,Nifty Smallcap 250,included,INTELLECT,23022021.pdf
2021-02-23,,Nifty Smallcap 250,included,KPRMILL,23022021.pdf
2021-02-23,,Nifty Smallcap 250,included,KPITTECH,23022021.pdf
2021-02-23,,Nifty Smallcap 250,included,MRPL,23022021.pdf
2021-02-23,,Nifty Smallcap 250,included,MAZDOCK,23022021.pdf
2021-02-23,,Nifty Smallcap 250,included,NATIONALUM,23022021.pdf
2021-02-23,,Nifty Smallcap 250,included,NLCINDIA,23022021.pdf
2021-02-23,,Nifty Smallcap 250,included,PRINCEPIPE,23022021.pdf
2021-02-23,,Nifty Smallcap 250,included,RESPONIND,23022021.pdf
2021-02-23,,Nifty Smallcap 250,included,ROSSARI,23022021.pdf
2021-02-23,,Nifty Smallcap 250,included,ROUTE,23022021.pdf
2021-02-23,,Nifty Smallcap 250,included,SHARDACROP,23022021.pdf
2021-02-23,,Nifty Smallcap 250,included,SFL,23022021.pdf
2021-02-23,,Nifty Smallcap 250,included,SHRIRAMCIT,23022021.pdf
2021-02-23,,Nifty Smallcap 250,included,SPANDANA,23022021.pdf
2021-02-23,,Nifty Smallcap 250,included,SUNCLAYLTD,23022021.pdf
2021-02-23,,Nifty Smallcap 250,included,SYMPHONY,23022021.pdf
2021-02-23,,Nifty Smallcap 250,included,TANLA,23022021.pdf
2021-02-23,,Nifty Smallcap 250,included,TRITURBINE,23022021.pdf
2021-02-23,,Nifty Smallcap 250,included,UTIAMC,23022021.pdf
2021-02-23,,Nifty Smallcap 250,included,VALIANTORG,23022021.pdf
2021-02-23,,Nifty Smallcap 250,included,WABCOINDIA,23022021.pdf
2021-02-23,,Nifty Midcap 50,excluded,ADANIENT,23022021.pdf
2021-02-23,,Nifty Midcap 50,excluded,APOLLOHOSP,23022021.pdf
2021-02-23,,Nifty Midcap 50,excluded,JUBLFOOD,23022021.pdf
2021-02-23,,Nifty Midcap 50,excluded,MRF,23022021.pdf
2021-02-23,,Nifty Midcap 50,excluded,NATIONALUM,23022021.pdf
2021-02-23,,Nifty Midcap 50,included,AUBANK,23022021.pdf
2021-02-23,,Nifty Midcap 50,included,BANKBARODA,23022021.pdf
2021-02-23,,Nifty Midcap 50,included,CONCOR,23022021.pdf
2021-02-23,,Nifty Midcap 50,included,IRCTC,23022021.pdf
2021-02-23,,Nifty Midcap 50,included,PFC,23022021.pdf
2021-02-23,,Nifty Midcap 100,excluded,ADANIENT,23022021.pdf
2021-02-23,,Nifty Midcap 100,excluded,APOLLOHOSP,23022021.pdf
2021-02-23,,Nifty Midcap 100,excluded,EDELWEISS,23022021.pdf
2021-02-23,,Nifty Midcap 100,excluded,FRETAIL,23022021.pdf
2021-02-23,,Nifty Midcap 100,excluded,HUDCO,23022021.pdf
2021-02-23,,Nifty Midcap 100,excluded,JUBLFOOD,23022021.pdf
2021-02-23,,Nifty Midcap 100,excluded,MRF,23022021.pdf
2021-02-23,,Nifty Midcap 100,excluded,NATIONALUM,23022021.pdf
2021-02-23,,Nifty Midcap 100,excluded,RAJESHEXPO,23022021.pdf
2021-02-23,,Nifty Midcap 100,excluded,YESBANK,23022021.pdf
2021-02-23,,Nifty Midcap 100,included,BANKBARODA,23022021.pdf
2021-02-23,,Nifty Midcap 100,included,CONCOR,23022021.pdf
2021-02-23,,Nifty Midcap 100,included,DEEPAKNTR,23022021.pdf
2021-02-23,,Nifty Midcap 100,included,DIXON,23022021.pdf
2021-02-23,,Nifty Midcap 100,included,HAL,23022021.pdf
2021-02-23,,Nifty Midcap 100,included,HINDZINC,23022021.pdf
2021-02-23,,Nifty Midcap 100,included,INDIAMART,23022021.pdf
2021-02-23,,Nifty Midcap 100,included,LAURUSLABS,23022021.pdf
2021-02-23,,Nifty Midcap 100,included,PFC,23022021.pdf
2021-02-23,,Nifty Midcap 100,included,TATAELXSI,23022021.pdf
2021-02-23,,Nifty Smallcap 50,excluded,CENTURYTEX,23022021.pdf
2021-02-23,,Nifty Smallcap 50,excluded,DCBBANK,23022021.pdf
2021-02-23,,Nifty Smallcap 50,excluded,DCMSHRIRAM,23022021.pdf
2021-02-23,,Nifty Smallcap 50,excluded,DEEPAKNTR,23022021.pdf
2021-02-23,,Nifty Smallcap 50,excluded,DIXON,23022021.pdf
2021-02-23,,Nifty Smallcap 50,excluded,GODFRYPHLP,23022021.pdf
2021-02-23,,Nifty Smallcap 50,excluded,INDIAMART,23022021.pdf
2021-02-23,,Nifty Smallcap 50,excluded,IRCON,23022021.pdf
2021-02-23,,Nifty Smallcap 50,excluded,LAURUSLABS,23022021.pdf
2021-02-23,,Nifty Smallcap 50,excluded,LINDEINDIA,23022021.pdf
2021-02-23,,Nifty Smallcap 50,excluded,MIDHANI,23022021.pdf
2021-02-23,,Nifty Smallcap 50,excluded,MOIL,23022021.pdf
2021-02-23,,Nifty Smallcap 50,excluded,PERSISTENT,23022021.pdf
2021-02-23,,Nifty Smallcap 50,excluded,PGHL,23022021.pdf
2021-02-23,,Nifty Smallcap 50,excluded,SPICEJET,23022021.pdf
2021-02-23,,Nifty Smallcap 50,excluded,TATAELXSI,23022021.pdf
2021-02-23,,Nifty Smallcap 50,excluded,UJJIVANSFB,23022021.pdf
2021-02-23,,Nifty Smallcap 50,included,AARTIDRUGS,23022021.pdf
2021-02-23,,Nifty Smallcap 50,included,AFFLE,23022021.pdf
2021-02-23,,Nifty Smallcap 50,included,ALKYLAMINE,23022021.pdf
2021-02-23,,Nifty Smallcap 50,included,ALOKINDS,23022021.pdf
2021-02-23,,Nifty Smallcap 50,included,AMBER,23022021.pdf
2021-02-23,,Nifty Smallcap 50,included,APLAPOLLO,23022021.pdf
2021-02-23,,Nifty Smallcap 50,included,BSOFT,23022021.pdf
2021-02-23,,Nifty Smallcap 50,included,CDSL,23022021.pdf
2021-02-23,,Nifty Smallcap 50,included,CAMS,23022021.pdf
2021-02-23,,Nifty Smallcap 50,included,FSL,23022021.pdf
2021-02-23,,Nifty Smallcap 50,included,FRETAIL,23022021.pdf
2021-02-23,,Nifty Smallcap 50,included,HAPPSTMNDS,23022021.pdf
2021-02-23,,Nifty Smallcap 50,included,JBCHEPHARM,23022021.pdf
2021-02-23,,Nifty Smallcap 50,included,NATIONALUM,23022021.pdf
2021-02-23,,Nifty Smallcap 50,included,ROUTE,23022021.pdf
2021-02-23,,Nifty Smallcap 50,included,THYROCARE,23022021.pdf
2021-02-23,,Nifty Smallcap 50,included,UTIAMC,23022021.pdf
2021-02-23,,Nifty Smallcap 100,excluded,ASTERDM,23022021.pdf
2021-02-23,,Nifty Smallcap 100,excluded,DCBBANK,23022021.pdf
2021-02-23,,Nifty Smallcap 100,excluded,DCMSHRIRAM,23022021.pdf
2021-02-23,,Nifty Smallcap 100,excluded,DEEPAKNTR,23022021.pdf
2021-02-23,,Nifty Smallcap 100,excluded,DIXON,23022021.pdf
2021-02-23,,Nifty Smallcap 100,excluded,EQUITAS,23022021.pdf
2021-02-23,,Nifty Smallcap 100,excluded,IDBI,23022021.pdf
2021-02-23,,Nifty Smallcap 100,excluded,IBREALEST,23022021.pdf
2021-02-23,,Nifty Smallcap 100,excluded,INDIAMART,23022021.pdf
2021-02-23,,Nifty Smallcap 100,excluded,INOXLEISUR,23022021.pdf
2021-02-23,,Nifty Smallcap 100,excluded,LAURUSLABS,23022021.pdf
2021-02-23,,Nifty Smallcap 100,excluded,LEMONTREE,23022021.pdf
2021-02-23,,Nifty Smallcap 100,excluded,MOIL,23022021.pdf
2021-02-23,,Nifty Smallcap 100,excluded,OMAXE,23022021.pdf
2021-02-23,,Nifty Smallcap 100,excluded,PERSISTENT,23022021.pdf
2021-02-23,,Nifty Smallcap 100,excluded,PGHL,23022021.pdf
2021-02-23,,Nifty Smallcap 100,excluded,RCF,23022021.pdf
2021-02-23,,Nifty Smallcap 100,excluded,SOBHA,23022021.pdf
2021-02-23,,Nifty Smallcap 100,excluded,SUVENPHAR,23022021.pdf
2021-02-23,,Nifty Smallcap 100,excluded,TATAELXSI,23022021.pdf
2021-02-23,,Nifty Smallcap 100,excluded,TIMKEN,23022021.pdf
2021-02-23,,Nifty Smallcap 100,excluded,UJJIVAN,23022021.pdf
2021-02-23,,Nifty Smallcap 100,excluded,WELCORP,23022021.pdf
2021-02-23,,Nifty Smallcap 100,included,AARTIDRUGS,23022021.pdf
2021-02-23,,Nifty Smallcap 100,included,ALKYLAMINE,23022021.pdf
2021-02-23,,Nifty Smallcap 100,included,APLAPOLLO,23022021.pdf
2021-02-23,,Nifty Smallcap 100,included,BSOFT,23022021.pdf
2021-02-23,,Nifty Smallcap 100,included,BLUEDART,23022021.pdf
2021-02-23,,Nifty Smallcap 100,included,CAPLIPOINT,23022021.pdf
2021-02-23,,Nifty Smallcap 100,included,CARBORUNIV,23022021.pdf
2021-02-23,,Nifty Smallcap 100,included,CAMS,23022021.pdf
2021-02-23,,Nifty Smallcap 100,included,EDELWEISS,23022021.pdf
2021-02-23,,Nifty Smallcap 100,included,FINEORG,23022021.pdf
2021-02-23,,Nifty Smallcap 100,included,FRETAIL,23022021.pdf
2021-02-23,,Nifty Smallcap 100,included,HAPPSTMNDS,23022021.pdf
2021-02-23,,Nifty Smallcap 100,included,HINDCOPPER,23022021.pdf
2021-02-23,,Nifty Smallcap 100,included,MAZDOCK,23022021.pdf
2021-02-23,,Nifty Smallcap 100,included,NATIONALUM,23022021.pdf
2021-02-23,,Nifty Smallcap 100,included,QUESS,23022021.pdf
2021-02-23,,Nifty Smallcap 100,included,ROSSARI,23022021.pdf
2021-02-23,,Nifty Smallcap 100,included,ROUTE,23022021.pdf
2021-02-23,,Nifty Smallcap 100,included,SEQUENT,23022021.pdf
2021-02-23,,Nifty Smallcap 100,included,SHILPAMED,23022021.pdf
2021-02-23,,Nifty Smallcap 100,included,SWSOLAR,23022021.pdf
2021-02-23,,Nifty Smallcap 100,included,TANLA,23022021.pdf
2021-02-23,,Nifty Smallcap 100,included,UTIAMC,23022021.pdf
2021-02-23,,Nifty 200,excluded,EDELWEISS,23022021.pdf
2021-02-23,,Nifty 200,excluded,FRETAIL,23022021.pdf
2021-02-23,,Nifty 200,excluded,GICRE,23022021.pdf
2021-02-23,,Nifty 200,excluded,HUDCO,23022021.pdf
2021-02-23,,Nifty 200,excluded,NATIONALUM,23022021.pdf
2021-02-23,,Nifty 200,excluded,OFSS,23022021.pdf
2021-02-23,,Nifty 200,excluded,RAJESHEXPO,23022021.pdf
2021-02-23,,Nifty 200,included,DEEPAKNTR,23022021.pdf
2021-02-23,,Nifty 200,included,DIXON,23022021.pdf
2021-02-23,,Nifty 200,included,HAL,23022021.pdf
2021-02-23,,Nifty 200,included,INDIAMART,23022021.pdf
2021-02-23,,Nifty 200,included,LAURUSLABS,23022021.pdf
2021-02-23,,Nifty 200,included,TATAELXSI,23022021.pdf
2021-02-23,,Nifty 200,included,VEDL,23022021.pdf
2026-02-23,2026-03-30,Nifty 500,excluded,AKUMS,23022026.pdf
2026-02-23,2026-03-30,Nifty 500,excluded,APLLTD,23022026.pdf
2026-02-23,2026-03-30,Nifty 500,excluded,ALKYLAMINE,23022026.pdf
2026-02-23,2026-03-30,Nifty 500,excluded,ALOKINDS,23022026.pdf
2026-02-23,2026-03-30,Nifty 500,excluded,ASTRAZEN,23022026.pdf
2026-02-23,2026-03-30,Nifty 500,excluded,BASF,23022026.pdf
2026-02-23,2026-03-30,Nifty 500,excluded,CAMPUS,23022026.pdf
2026-02-23,2026-03-30,Nifty 500,excluded,CENTURYPLY,23022026.pdf
2026-02-23,2026-03-30,Nifty 500,excluded,CERA,23022026.pdf
2026-02-23,2026-03-30,Nifty 500,excluded,AGARWALEYE,23022026.pdf
2026-02-23,2026-03-30,Nifty 500,excluded,FINPIPE,23022026.pdf
2026-02-23,2026-03-30,Nifty 500,excluded,GODREJAGRO,23022026.pdf
2026-02-23,2026-03-30,Nifty 500,excluded,GUJGASLTD,23022026.pdf
2026-02-23,2026-03-30,Nifty 500,excluded,HAPPSTMNDS,23022026.pdf
2026-02-23,2026-03-30,Nifty 500,excluded,INOXINDIA,23022026.pdf
2026-02-23,2026-03-30,Nifty 500,excluded,JYOTHYLAB,23022026.pdf
2026-02-23,2026-03-30,Nifty 500,excluded,KIRLOSBROS,23022026.pdf
2026-02-23,2026-03-30,Nifty 500,excluded,KSB,23022026.pdf
2026-02-23,2026-03-30,Nifty 500,excluded,MAHSCOOTER,23022026.pdf
2026-02-23,2026-03-30,Nifty 500,excluded,MAHSEAMLES,23022026.pdf
2026-02-23,2026-03-30,Nifty 500,excluded,METROPOLIS,23022026.pdf
2026-02-23,2026-03-30,Nifty 500,excluded,PRAJIND,23022026.pdf
2026-02-23,2026-03-30,Nifty 500,excluded,PGHH,23022026.pdf
2026-02-23,2026-03-30,Nifty 500,excluded,RCF,23022026.pdf
2026-02-23,2026-03-30,Nifty 500,excluded,RELINFRA,23022026.pdf
2026-02-23,2026-03-30,Nifty 500,excluded,SUNDRMFAST,23022026.pdf
2026-02-23,2026-03-30,Nifty 500,excluded,TRIVENI,23022026.pdf
2026-02-23,2026-03-30,Nifty 500,excluded,DBREALTY,23022026.pdf
2026-02-23,2026-03-30,Nifty 500,excluded,MANYAVAR,23022026.pdf
2026-02-23,2026-03-30,Nifty 500,excluded,VENTIVE,23022026.pdf
2026-02-23,2026-03-30,Nifty 500,excluded,VGUARD,23022026.pdf
2026-02-23,2026-03-30,Nifty 500,included,ACUTAAS,23022026.pdf
2026-02-23,2026-03-30,Nifty 500,included,CPPLUS,23022026.pdf
2026-02-23,2026-03-30,Nifty 500,included,ABDL,23022026.pdf
2026-02-23,2026-03-30,Nifty 500,included,ANTHEM,23022026.pdf
2026-02-23,2026-03-30,Nifty 500,included,ANURAS,23022026.pdf
2026-02-23,2026-03-30,Nifty 500,included,BELRISE,23022026.pdf
2026-02-23,2026-03-30,Nifty 500,included,GROWW,23022026.pdf
2026-02-23,2026-03-30,Nifty 500,included,CANHLIFE,23022026.pdf
2026-02-23,2026-03-30,Nifty 500,included,CARTRADE,23022026.pdf
2026-02-23,2026-03-30,Nifty 500,included,CEMPRO,23022026.pdf
2026-02-23,2026-03-30,Nifty 500,included,EMMVEE,23022026.pdf
2026-02-23,2026-03-30,Nifty 500,included,GABRIEL,23022026.pdf
2026-02-23,2026-03-30,Nifty 500,included,GALLANTT,23022026.pdf
2026-02-23,2026-03-30,Nifty 500,included,HDBFS,23022026.pdf
2026-02-23,2026-03-30,Nifty 500,included,ICICIAMC,23022026.pdf
2026-02-23,2026-03-30,Nifty 500,included,JAINREC,23022026.pdf
2026-02-23,2026-03-30,Nifty 500,included,LENSKART,23022026.pdf
2026-02-23,2026-03-30,Nifty 500,included,LGEINDIA,23022026.pdf
2026-02-23,2026-03-30,Nifty 500,included,MEESHO,23022026.pdf
2026-02-23,2026-03-30,Nifty 500,included,PARADEEP,23022026.pdf
2026-02-23,2026-03-30,Nifty 500,included,PWL,23022026.pdf
2026-02-23,2026-03-30,Nifty 500,included,PINELABS,23022026.pdf
2026-02-23,2026-03-30,Nifty 500,included,PIRAMALFIN,23022026.pdf
2026-02-23,2026-03-30,Nifty 500,included,SPLPETRO,23022026.pdf
2026-02-23,2026-03-30,Nifty 500,included,TATACAP,23022026.pdf
2026-02-23,2026-03-30,Nifty 500,included,TMCV,23022026.pdf
2026-02-23,2026-03-30,Nifty 500,included,TEGA,23022026.pdf
2026-02-23,2026-03-30,Nifty 500,included,TENNIND,23022026.pdf
2026-02-23,2026-03-30,Nifty 500,included,TRAVELFOOD,23022026.pdf
2026-02-23,2026-03-30,Nifty 500,included,URBANCO,23022026.pdf
2026-02-23,2026-03-30,Nifty 500,included,ZYDUSWELL,23022026.pdf
2026-02-23,2026-03-30,Nifty 100,excluded,BAJAJHFL,23022026.pdf
2026-02-23,2026-03-30,Nifty 100,excluded,HAVELLS,23022026.pdf
2026-02-23,2026-03-30,Nifty 100,excluded,ICICIGI,23022026.pdf
2026-02-23,2026-03-30,Nifty 100,excluded,NAUKRI,23022026.pdf
2026-02-23,2026-03-30,Nifty 100,excluded,JSWENERGY,23022026.pdf
2026-02-23,2026-03-30,Nifty 100,excluded,LICI,23022026.pdf
2026-02-23,2026-03-30,Nifty 100,included,CUMMINSIND,23022026.pdf
2026-02-23,2026-03-30,Nifty 100,included,HDFCAMC,23022026.pdf
2026-02-23,2026-03-30,Nifty 100,included,MUTHOOTFIN,23022026.pdf
2026-02-23,2026-03-30,Nifty 100,included,TATACAP,23022026.pdf
2026-02-23,2026-03-30,Nifty 100,included,TMCV,23022026.pdf
2026-02-23,2026-03-30,Nifty 100,included,UNIONBANK,23022026.pdf
2026-02-23,2026-03-30,Nifty Midcap 150,excluded,CUMMINSIND,23022026.pdf
2026-02-23,2026-03-30,Nifty Midcap 150,excluded,DEEPAKNTR,23022026.pdf
2026-02-23,2026-03-30,Nifty Midcap 150,excluded,FACT,23022026.pdf
2026-02-23,2026-03-30,Nifty Midcap 150,excluded,GUJGASLTD,23022026.pdf
2026-02-23,2026-03-30,Nifty Midcap 150,excluded,HDFCAMC,23022026.pdf
2026-02-23,2026-03-30,Nifty Midcap 150,excluded,IDBI,23022026.pdf
2026-02-23,2026-03-30,Nifty Midcap 150,excluded,IOB,23022026.pdf
2026-02-23,2026-03-30,Nifty Midcap 150,excluded,IGL,23022026.pdf
2026-02-23,2026-03-30,Nifty Midcap 150,excluded,IRB,23022026.pdf
2026-02-23,2026-03-30,Nifty Midcap 150,excluded,MUTHOOTFIN,23022026.pdf
2026-02-23,2026-03-30,Nifty Midcap 150,excluded,PGHH,23022026.pdf
2026-02-23,2026-03-30,Nifty Midcap 150,excluded,SONACOMS,23022026.pdf
2026-02-23,2026-03-30,Nifty Midcap 150,excluded,SYNGENE,23022026.pdf
2026-02-23,2026-03-30,Nifty Midcap 150,excluded,TATATECH,23022026.pdf
2026-02-23,2026-03-30,Nifty Midcap 150,excluded,UCOBANK,23022026.pdf
2026-02-23,2026-03-30,Nifty Midcap 150,excluded,UNIONBANK,23022026.pdf
2026-02-23,2026-03-30,Nifty Midcap 150,included,ANTHEM,23022026.pdf
2026-02-23,2026-03-30,Nifty Midcap 150,included,AIIL,23022026.pdf
2026-02-23,2026-03-30,Nifty Midcap 150,included,BAJAJHFL,23022026.pdf
2026-02-23,2026-03-30,Nifty Midcap 150,included,GROWW,23022026.pdf
2026-02-23,2026-03-30,Nifty Midcap 150,included,HAVELLS,23022026.pdf
2026-02-23,2026-03-30,Nifty Midcap 150,included,HDBFS,23022026.pdf
2026-02-23,2026-03-30,Nifty Midcap 150,included,ICICIGI,23022026.pdf
2026-02-23,2026-03-30,Nifty Midcap 150,included,NAUKRI,23022026.pdf
2026-02-23,2026-03-30,Nifty Midcap 150,included,JSWENERGY,23022026.pdf
2026-02-23,2026-03-30,Nifty Midcap 150,included,LAURUSLABS,23022026.pdf
2026-02-23,2026-03-30,Nifty Midcap 150,included,LENSKART,23022026.pdf
2026-02-23,2026-03-30,Nifty Midcap 150,included,LGEINDIA,23022026.pdf
2026-02-23,2026-03-30,Nifty Midcap 150,included,LICI,23022026.pdf
2026-02-23,2026-03-30,Nifty Midcap 150,included,MCX,23022026.pdf
2026-02-23,2026-03-30,Nifty Midcap 150,included,RADICO,23022026.pdf
2026-02-23,2026-03-30,Nifty Smallcap 250,excluded,AKUMS,23022026.pdf
2026-02-23,2026-03-30,Nifty Smallcap 250,excluded,APLLTD,23022026.pdf
2026-02-23,2026-03-30,Nifty Smallcap 250,excluded,ALKYLAMINE,23022026.pdf
2026-02-23,2026-03-30,Nifty Smallcap 250,excluded,ALOKINDS,23022026.pdf
2026-02-23,2026-03-30,Nifty Smallcap 250,excluded,ASTRAZEN,23022026.pdf
2026-02-23,2026-03-30,Nifty Smallcap 250,excluded,AIIL,23022026.pdf
2026-02-23,2026-03-30,Nifty Smallcap 250,excluded,BASF,23022026.pdf
2026-02-23,2026-03-30,Nifty Smallcap 250,excluded,CAMPUS,23022026.pdf
2026-02-23,2026-03-30,Nifty Smallcap 250,excluded,CENTURYPLY,23022026.pdf
2026-02-23,2026-03-30,Nifty Smallcap 250,excluded,CERA,23022026.pdf
2026-02-23,2026-03-30,Nifty Smallcap 250,excluded,AGARWALEYE,23022026.pdf
2026-02-23,2026-03-30,Nifty Smallcap 250,excluded,FINPIPE,23022026.pdf
2026-02-23,2026-03-30,Nifty Smallcap 250,excluded,GODREJAGRO,23022026.pdf
2026-02-23,2026-03-30,Nifty Smallcap 250,excluded,HAPPSTMNDS,23022026.pdf
2026-02-23,2026-03-30,Nifty Smallcap 250,excluded,INOXINDIA,23022026.pdf
2026-02-23,2026-03-30,Nifty Smallcap 250,excluded,JYOTHYLAB,23022026.pdf
2026-02-23,2026-03-30,Nifty Smallcap 250,excluded,KIRLOSBROS,23022026.pdf
2026-02-23,2026-03-30,Nifty Smallcap 250,excluded,KSB,23022026.pdf
2026-02-23,2026-03-30,Nifty Smallcap 250,excluded,LAURUSLABS,23022026.pdf
2026-02-23,2026-03-30,Nifty Smallcap 250,excluded,MAHSCOOTER,23022026.pdf
2026-02-23,2026-03-30,Nifty Smallcap 250,excluded,MAHSEAMLES,23022026.pdf
2026-02-23,2026-03-30,Nifty Smallcap 250,excluded,METROPOLIS,23022026.pdf
2026-02-23,2026-03-30,Nifty Smallcap 250,excluded,MCX,23022026.pdf
2026-02-23,2026-03-30,Nifty Smallcap 250,excluded,PRAJIND,23022026.pdf
2026-02-23,2026-03-30,Nifty Smallcap 250,excluded,RADICO,23022026.pdf
2026-02-23,2026-03-30,Nifty Smallcap 250,excluded,RCF,23022026.pdf
2026-02-23,2026-03-30,Nifty Smallcap 250,excluded,RELINFRA,23022026.pdf
2026-02-23,2026-03-30,Nifty Smallcap 250,excluded,SUNDRMFAST,23022026.pdf
2026-02-23,2026-03-30,Nifty Smallcap 250,excluded,TRIVENI,23022026.pdf
2026-02-23,2026-03-30,Nifty Smallcap 250,excluded,DBREALTY,23022026.pdf
2026-02-23,2026-03-30,Nifty Smallcap 250,excluded,MANYAVAR,23022026.pdf
2026-02-23,2026-03-30,Nifty Smallcap 250,excluded,VENTIVE,23022026.pdf
2026-02-23,2026-03-30,Nifty Smallcap 250,excluded,VGUARD,23022026.pdf
2026-02-23,2026-03-30,Nifty Smallcap 250,included,ACUTAAS,23022026.pdf
2026-02-23,2026-03-30,Nifty Smallcap 250,included,CPPLUS,23022026.pdf
2026-02-23,2026-03-30,Nifty Smallcap 250,included,ABDL,23022026.pdf
2026-02-23,2026-03-30,Nifty Smallcap 250,included,ANURAS,23022026.pdf
2026-02-23,2026-03-30,Nifty Smallcap 250,included,BELRISE,23022026.pdf
2026-02-23,2026-03-30,Nifty Smallcap 250,included,CANHLIFE,23022026.pdf
2026-02-23,2026-03-30,Nifty Smallcap 250,included,CARTRADE,23022026.pdf
2026-02-23,2026-03-30,Nifty Smallcap 250,included,CEMPRO,23022026.pdf
2026-02-23,2026-03-30,Nifty Smallcap 250,included,DEEPAKNTR,23022026.pdf
2026-02-23,2026-03-30,Nifty Smallcap 250,included,EMMVEE,23022026.pdf
2026-02-23,2026-03-30,Nifty Smallcap 250,included,FACT,23022026.pdf
2026-02-23,2026-03-30,Nifty Smallcap 250,included,GABRIEL,23022026.pdf
2026-02-23,2026-03-30,Nifty Smallcap 250,included,GALLANTT,23022026.pdf
2026-02-23,2026-03-30,Nifty Smallcap 250,included,IDBI,23022026.pdf
2026-02-23,2026-03-30,Nifty Smallcap 250,included,IOB,23022026.pdf
2026-02-23,2026-03-30,Nifty Smallcap 250,included,IGL,23022026.pdf
2026-02-23,2026-03-30,Nifty Smallcap 250,included,IRB,23022026.pdf
2026-02-23,2026-03-30,Nifty Smallcap 250,included,JAINREC,23022026.pdf
2026-02-23,2026-03-30,Nifty Smallcap 250,included,MEESHO,23022026.pdf
2026-02-23,2026-03-30,Nifty Smallcap 250,included,PARADEEP,23022026.pdf
2026-02-23,2026-03-30,Nifty Smallcap 250,included,PWL,23022026.pdf
2026-02-23,2026-03-30,Nifty Smallcap 250,included,PINELABS,23022026.pdf
2026-02-23,2026-03-30,Nifty Smallcap 250,included,PIRAMALFIN,23022026.pdf
2026-02-23,2026-03-30,Nifty Smallcap 250,included,SONACOMS,23022026.pdf
2026-02-23,2026-03-30,Nifty Smallcap 250,included,SPLPETRO,23022026.pdf
2026-02-23,2026-03-30,Nifty Smallcap 250,included,SYNGENE,23022026.pdf
2026-02-23,2026-03-30,Nifty Smallcap 250,included,TATATECH,23022026.pdf
2026-02-23,2026-03-30,Nifty Smallcap 250,included,TEGA,23022026.pdf
2026-02-23,2026-03-30,Nifty Smallcap 250,included,TENNIND,23022026.pdf
2026-02-23,2026-03-30,Nifty Smallcap 250,included,TRAVELFOOD,23022026.pdf
2026-02-23,2026-03-30,Nifty Smallcap 250,included,UCOBANK,23022026.pdf
2026-02-23,2026-03-30,Nifty Smallcap 250,included,URBANCO,23022026.pdf
2026-02-23,2026-03-30,Nifty Smallcap 250,included,ZYDUSWELL,23022026.pdf
2026-02-23,2026-03-30,Nifty Next 50,excluded,BAJAJHFL,23022026.pdf
2026-02-23,2026-03-30,Nifty Next 50,excluded,HAVELLS,23022026.pdf
2026-02-23,2026-03-30,Nifty Next 50,excluded,ICICIGI,23022026.pdf
2026-02-23,2026-03-30,Nifty Next 50,excluded,NAUKRI,23022026.pdf
2026-02-23,2026-03-30,Nifty Next 50,excluded,JSWENERGY,23022026.pdf
2026-02-23,2026-03-30,Nifty Next 50,excluded,LICI,23022026.pdf
2026-02-23,2026-03-30,Nifty Next 50,included,CUMMINSIND,23022026.pdf
2026-02-23,2026-03-30,Nifty Next 50,included,HDFCAMC,23022026.pdf
2026-02-23,2026-03-30,Nifty Next 50,included,MUTHOOTFIN,23022026.pdf
2026-02-23,2026-03-30,Nifty Next 50,included,TATACAP,23022026.pdf
2026-02-23,2026-03-30,Nifty Next 50,included,TMCV,23022026.pdf
2026-02-23,2026-03-30,Nifty Next 50,included,UNIONBANK,23022026.pdf
2026-02-23,2026-03-30,Nifty Midcap 50,excluded,CUMMINSIND,23022026.pdf
2026-02-23,2026-03-30,Nifty Midcap 50,excluded,HDFCAMC,23022026.pdf
2026-02-23,2026-03-30,Nifty Midcap 50,excluded,IRCTC,23022026.pdf
2026-02-23,2026-03-30,Nifty Midcap 50,excluded,JUBLFOOD,23022026.pdf
2026-02-23,2026-03-30,Nifty Midcap 50,excluded,MUTHOOTFIN,23022026.pdf
2026-02-23,2026-03-30,Nifty Midcap 50,excluded,OBEROIRLTY,23022026.pdf
2026-02-23,2026-03-30,Nifty Midcap 50,excluded,OFSS,23022026.pdf
2026-02-23,2026-03-30,Nifty Midcap 50,excluded,PAGEIND,23022026.pdf
2026-02-23,2026-03-30,Nifty Midcap 50,excluded,PIIND,23022026.pdf
2026-02-23,2026-03-30,Nifty Midcap 50,included,ALKEM,23022026.pdf
2026-02-23,2026-03-30,Nifty Midcap 50,included,NYKAA,23022026.pdf
2026-02-23,2026-03-30,Nifty Midcap 50,included,HAVELLS,23022026.pdf
2026-02-23,2026-03-30,Nifty Midcap 50,included,ICICIGI,23022026.pdf
2026-02-23,2026-03-30,Nifty Midcap 50,included,NAUKRI,23022026.pdf
2026-02-23,2026-03-30,Nifty Midcap 50,included,LAURUSLABS,23022026.pdf
2026-02-23,2026-03-30,Nifty Midcap 50,included,MCX,23022026.pdf
2026-02-23,2026-03-30,Nifty Midcap 50,included,SWIGGY,23022026.pdf
2026-02-23,2026-03-30,Nifty Midcap 50,included,WAAREEENER,23022026.pdf
2026-02-23,2026-03-30,Nifty Midcap 100,excluded,ACC,23022026.pdf
2026-02-23,2026-03-30,Nifty Midcap 100,excluded,BHARTIHEXA,23022026.pdf
2026-02-23,2026-03-30,Nifty Midcap 100,excluded,CUMMINSIND,23022026.pdf
2026-02-23,2026-03-30,Nifty Midcap 100,excluded,HDFCAMC,23022026.pdf
2026-02-23,2026-03-30,Nifty Midcap 100,excluded,IGL,23022026.pdf
2026-02-23,2026-03-30,Nifty Midcap 100,excluded,IRB,23022026.pdf
2026-02-23,2026-03-30,Nifty Midcap 100,excluded,ITCHOTELS,23022026.pdf
2026-02-23,2026-03-30,Nifty Midcap 100,excluded,MUTHOOTFIN,23022026.pdf
2026-02-23,2026-03-30,Nifty Midcap 100,excluded,NTPCGREEN,23022026.pdf
2026-02-23,2026-03-30,Nifty Midcap 100,excluded,SONACOMS,23022026.pdf
2026-02-23,2026-03-30,Nifty Midcap 100,excluded,TATATECH,23022026.pdf
2026-02-23,2026-03-30,Nifty Midcap 100,excluded,TORNTPOWER,23022026.pdf
2026-02-23,2026-03-30,Nifty Midcap 100,excluded,UNIONBANK,23022026.pdf
2026-02-23,2026-03-30,Nifty Midcap 100,included,GROWW,23022026.pdf
2026-02-23,2026-03-30,Nifty Midcap 100,included,GVT&D,23022026.pdf
2026-02-23,2026-03-30,Nifty Midcap 100,included,HAVELLS,23022026.pdf
2026-02-23,2026-03-30,Nifty Midcap 100,included,ICICIGI,23022026.pdf
2026-02-23,2026-03-30,Nifty Midcap 100,included,ICICIAMC,23022026.pdf
2026-02-23,2026-03-30,Nifty Midcap 100,included,NAUKRI,23022026.pdf
2026-02-23,2026-03-30,Nifty Midcap 100,included,JSWENERGY,23022026.pdf
2026-02-23,2026-03-30,Nifty Midcap 100,included,LAURUSLABS,23022026.pdf
2026-02-23,2026-03-30,Nifty Midcap 100,included,LENSKART,23022026.pdf
2026-02-23,2026-03-30,Nifty Midcap 100,included,LGEINDIA,23022026.pdf
2026-02-23,2026-03-30,Nifty Midcap 100,included,MCX,23022026.pdf
2026-02-23,2026-03-30,Nifty Midcap 100,included,RADICO,23022026.pdf
2026-02-23,2026-03-30,Nifty Midcap 100,included,TATAINVEST,23022026.pdf
2026-02-23,2026-03-30,Nifty Smallcap 50,excluded,AARTIIND,23022026.pdf
2026-02-23,2026-03-30,Nifty Smallcap 50,excluded,ABREL,23022026.pdf
2026-02-23,2026-03-30,Nifty Smallcap 50,excluded,CYIENT,23022026.pdf
2026-02-23,2026-03-30,Nifty Smallcap 50,excluded,FSL,23022026.pdf
2026-02-23,2026-03-30,Nifty Smallcap 50,excluded,IEX,23022026.pdf
2026-02-23,2026-03-30,Nifty Smallcap 50,excluded,JBCHEPHARM,23022026.pdf
2026-02-23,2026-03-30,Nifty Smallcap 50,excluded,LAURUSLABS,23022026.pdf
2026-02-23,2026-03-30,Nifty Smallcap 50,excluded,MCX,23022026.pdf
2026-02-23,2026-03-30,Nifty Smallcap 50,excluded,RADICO,23022026.pdf
2026-02-23,2026-03-30,Nifty Smallcap 50,excluded,RAMCOCEM,23022026.pdf
2026-02-23,2026-03-30,Nifty Smallcap 50,excluded,ZENSARTECH,23022026.pdf
2026-02-23,2026-03-30,Nifty Smallcap 50,included,ANANDRATHI,23022026.pdf
2026-02-23,2026-03-30,Nifty Smallcap 50,included,CUB,23022026.pdf
2026-02-23,2026-03-30,Nifty Smallcap 50,included,COHANCE,23022026.pdf
2026-02-23,2026-03-30,Nifty Smallcap 50,included,HINDCOPPER,23022026.pdf
2026-02-23,2026-03-30,Nifty Smallcap 50,included,IGL,23022026.pdf
2026-02-23,2026-03-30,Nifty Smallcap 50,included,PIRAMALFIN,23022026.pdf
2026-02-23,2026-03-30,Nifty Smallcap 50,included,RBLBANK,23022026.pdf
2026-02-23,2026-03-30,Nifty Smallcap 50,included,SAILIFE,23022026.pdf
2026-02-23,2026-03-30,Nifty Smallcap 50,included,SONACOMS,23022026.pdf
2026-02-23,2026-03-30,Nifty Smallcap 50,included,SYNGENE,23022026.pdf
2026-02-23,2026-03-30,Nifty Smallcap 50,included,TATATECH,23022026.pdf
2026-02-23,2026-03-30,Nifty Smallcap 100,excluded,AADHARHFC,23022026.pdf
2026-02-23,2026-03-30,Nifty Smallcap 100,excluded,AEGISVOPAK,23022026.pdf
2026-02-23,2026-03-30,Nifty Smallcap 100,excluded,ATUL,23022026.pdf
2026-02-23,2026-03-30,Nifty Smallcap 100,excluded,CYIENT,23022026.pdf
2026-02-23,2026-03-30,Nifty Smallcap 100,excluded,GILLETTE,23022026.pdf
2026-02-23,2026-03-30,Nifty Smallcap 100,excluded,GODIGIT,23022026.pdf
2026-02-23,2026-03-30,Nifty Smallcap 100,excluded,IEX,23022026.pdf
2026-02-23,2026-03-30,Nifty Smallcap 100,excluded,IGIL,23022026.pdf
2026-02-23,2026-03-30,Nifty Smallcap 100,excluded,JBCHEPHARM,23022026.pdf
2026-02-23,2026-03-30,Nifty Smallcap 100,excluded,JINDALSAW,23022026.pdf
2026-02-23,2026-03-30,Nifty Smallcap 100,excluded,JWL,23022026.pdf
2026-02-23,2026-03-30,Nifty Smallcap 100,excluded,KAJARIACER,23022026.pdf
2026-02-23,2026-03-30,Nifty Smallcap 100,excluded,KPIL,23022026.pdf
2026-02-23,2026-03-30,Nifty Smallcap 100,excluded,LAURUSLABS,23022026.pdf
2026-02-23,2026-03-30,Nifty Smallcap 100,excluded,MGL,23022026.pdf
2026-02-23,2026-03-30,Nifty Smallcap 100,excluded,MCX,23022026.pdf
2026-02-23,2026-03-30,Nifty Smallcap 100,excluded,NCC,23022026.pdf
2026-02-23,2026-03-30,Nifty Smallcap 100,excluded,NEWGEN,23022026.pdf
2026-02-23,2026-03-30,Nifty Smallcap 100,excluded,PCBL,23022026.pdf
2026-02-23,2026-03-30,Nifty Smallcap 100,excluded,RADICO,23022026.pdf
2026-02-23,2026-03-30,Nifty Smallcap 100,excluded,SHYAMMETL,23022026.pdf
2026-02-23,2026-03-30,Nifty Smallcap 100,excluded,TEJASNET,23022026.pdf
2026-02-23,2026-03-30,Nifty Smallcap 100,excluded,TRIDENT,23022026.pdf
2026-02-23,2026-03-30,Nifty Smallcap 100,excluded,ZENTEC,23022026.pdf
2026-02-23,2026-03-30,Nifty Smallcap 100,included,ATHERENERG,23022026.pdf
2026-02-23,2026-03-30,Nifty Smallcap 100,included,CUB,23022026.pdf
2026-02-23,2026-03-30,Nifty Smallcap 100,included,COHANCE,23022026.pdf
2026-02-23,2026-03-30,Nifty Smallcap 100,included,FORCEMOT,23022026.pdf
2026-02-23,2026-03-30,Nifty Smallcap 100,included,GPIL,23022026.pdf
2026-02-23,2026-03-30,Nifty Smallcap 100,included,GMDCLTD,23022026.pdf
2026-02-23,2026-03-30,Nifty Smallcap 100,included,IDBI,23022026.pdf
2026-02-23,2026-03-30,Nifty Smallcap 100,included,IGL,23022026.pdf
2026-02-23,2026-03-30,Nifty Smallcap 100,included,ITI,23022026.pdf
2026-02-23,2026-03-30,Nifty Smallcap 100,included,JMFINANCIL,23022026.pdf
2026-02-23,2026-03-30,Nifty Smallcap 100,included,JSWCEMENT,23022026.pdf
2026-02-23,2026-03-30,Nifty Smallcap 100,included,MEESHO,23022026.pdf
2026-02-23,2026-03-30,Nifty Smallcap 100,included,NETWEB,23022026.pdf
2026-02-23,2026-03-30,Nifty Smallcap 100,included,PWL,23022026.pdf
2026-02-23,2026-03-30,Nifty Smallcap 100,included,PINELABS,23022026.pdf
2026-02-23,2026-03-30,Nifty Smallcap 100,included,PIRAMALFIN,23022026.pdf
2026-02-23,2026-03-30,Nifty Smallcap 100,included,RBLBANK,23022026.pdf
2026-02-23,2026-03-30,Nifty Smallcap 100,included,SAILIFE,23022026.pdf
2026-02-23,2026-03-30,Nifty Smallcap 100,included,SARDAEN,23022026.pdf
2026-02-23,2026-03-30,Nifty Smallcap 100,included,SONACOMS,23022026.pdf
2026-02-23,2026-03-30,Nifty Smallcap 100,included,SYNGENE,23022026.pdf
2026-02-23,2026-03-30,Nifty Smallcap 100,included,TATATECH,23022026.pdf
2026-02-23,2026-03-30,Nifty Smallcap 100,included,TENNIND,23022026.pdf
2026-02-23,2026-03-30,Nifty Smallcap 100,included,URBANCO,23022026.pdf
2026-02-23,2026-03-30,Nifty 200,excluded,ACC,23022026.pdf
2026-02-23,2026-03-30,Nifty 200,excluded,BAJAJHFL,23022026.pdf
2026-02-23,2026-03-30,Nifty 200,excluded,BHARTIHEXA,23022026.pdf
2026-02-23,2026-03-30,Nifty 200,excluded,IGL,23022026.pdf
2026-02-23,2026-03-30,Nifty 200,excluded,IRB,23022026.pdf
2026-02-23,2026-03-30,Nifty 200,excluded,ITCHOTELS,23022026.pdf
2026-02-23,2026-03-30,Nifty 200,excluded,LICI,23022026.pdf
2026-02-23,2026-03-30,Nifty 200,excluded,NTPCGREEN,23022026.pdf
2026-02-23,2026-03-30,Nifty 200,excluded,SONACOMS,23022026.pdf
2026-02-23,2026-03-30,Nifty 200,excluded,TATATECH,23022026.pdf
2026-02-23,2026-03-30,Nifty 200,excluded,TORNTPOWER,23022026.pdf
2026-02-23,2026-03-30,Nifty 200,included,GROWW,23022026.pdf
2026-02-23,2026-03-30,Nifty 200,included,GVT&D,23022026.pdf
2026-02-23,2026-03-30,Nifty 200,included,ICICIAMC,23022026.pdf
2026-02-23,2026-03-30,Nifty 200,included,LAURUSLABS,23022026.pdf
2026-02-23,2026-03-30,Nifty 200,included,LENSKART,23022026.pdf
2026-02-23,2026-03-30,Nifty 200,included,LGEINDIA,23022026.pdf
2026-02-23,2026-03-30,Nifty 200,included,MCX,23022026.pdf
2026-02-23,2026-03-30,Nifty 200,included,RADICO,23022026.pdf
2026-02-23,2026-03-30,Nifty 200,included,TATACAP,23022026.pdf
2026-02-23,2026-03-30,Nifty 200,included,TATAINVEST,23022026.pdf
2026-02-23,2026-03-30,Nifty 200,included,TMCV,23022026.pdf
2024-08-23,2024-09-30,Nifty 50,excluded,DIVISLAB,23082024.pdf
2024-08-23,2024-09-30,Nifty 50,excluded,LTIM,23082024.pdf
2024-08-23,2024-09-30,Nifty 50,included,BEL,23082024.pdf
2024-08-23,2024-09-30,Nifty 50,included,TRENT,23082024.pdf
2024-08-23,2024-09-30,Nifty Next 50,excluded,BERGEPAINT,23082024.pdf
2024-08-23,2024-09-30,Nifty Next 50,excluded,BEL,23082024.pdf
2024-08-23,2024-09-30,Nifty Next 50,excluded,COLPAL,23082024.pdf
2024-08-23,2024-09-30,Nifty Next 50,excluded,MARICO,23082024.pdf
2024-08-23,2024-09-30,Nifty Next 50,excluded,SBICARD,23082024.pdf
2024-08-23,2024-09-30,Nifty Next 50,excluded,SRF,23082024.pdf
2024-08-23,2024-09-30,Nifty Next 50,excluded,TRENT,23082024.pdf
2024-08-23,2024-09-30,Nifty Next 50,included,BHEL,23082024.pdf
2024-08-23,2024-09-30,Nifty Next 50,included,DIVISLAB,23082024.pdf
2024-08-23,2024-09-30,Nifty Next 50,included,JSWENERGY,23082024.pdf
2024-08-23,2024-09-30,Nifty Next 50,included,LTIM,23082024.pdf
2024-08-23,2024-09-30,Nifty Next 50,included,LODHA,23082024.pdf
2024-08-23,2024-09-30,Nifty Next 50,included,NHPC,23082024.pdf
2024-08-23,2024-09-30,Nifty Next 50,included,UNIONBANK,23082024.pdf
2024-08-23,2024-09-30,Nifty 500,excluded,AETHER,23082024.pdf
2024-08-23,2024-09-30,Nifty 500,excluded,ALLCARGO,23082024.pdf
2024-08-23,2024-09-30,Nifty 500,excluded,ANURAS,23082024.pdf
2024-08-23,2024-09-30,Nifty 500,excluded,BORORENEW,23082024.pdf
2024-08-23,2024-09-30,Nifty 500,excluded,CSBBANK,23082024.pdf
2024-08-23,2024-09-30,Nifty 500,excluded,DCMSHRIRAM,23082024.pdf
2024-08-23,2024-09-30,Nifty 500,excluded,EPL,23082024.pdf
2024-08-23,2024-09-30,Nifty 500,excluded,FDC,23082024.pdf
2024-08-23,2024-09-30,Nifty 500,excluded,GLS,23082024.pdf
2024-08-23,2024-09-30,Nifty 500,excluded,GMMPFAUDLR,23082024.pdf
2024-08-23,2024-09-30,Nifty 500,excluded,HAPPYFORGE,23082024.pdf
2024-08-23,2024-09-30,Nifty 500,excluded,INDIGOPNTS,23082024.pdf
2024-08-23,2024-09-30,Nifty 500,excluded,JAIBALAJI,23082024.pdf
2024-08-23,2024-09-30,Nifty 500,excluded,JKPAPER,23082024.pdf
2024-08-23,2024-09-30,Nifty 500,excluded,KRBL,23082024.pdf
2024-08-23,2024-09-30,Nifty 500,excluded,LXCHEM,23082024.pdf
2024-08-23,2024-09-30,Nifty 500,excluded,MHRIL,23082024.pdf
2024-08-23,2024-09-30,Nifty 500,excluded,MEDPLUS,23082024.pdf
2024-08-23,2024-09-30,Nifty 500,excluded,MTARTECH,23082024.pdf
2024-08-23,2024-09-30,Nifty 500,excluded,PRINCEPIPE,23082024.pdf
2024-08-23,2024-09-30,Nifty 500,excluded,RBA,23082024.pdf
2024-08-23,2024-09-30,Nifty 500,excluded,SAFARI,23082024.pdf
2024-08-23,2024-09-30,Nifty 500,excluded,STLTECH,23082024.pdf
2024-08-23,2024-09-30,Nifty 500,excluded,SUNTECK,23082024.pdf
2024-08-23,2024-09-30,Nifty 500,excluded,TMB,23082024.pdf
2024-08-23,2024-09-30,Nifty 500,excluded,VAIBHAVGBL,23082024.pdf
2024-08-23,2024-09-30,Nifty 500,excluded,IDEA,23082024.pdf
2024-08-23,2024-09-30,Nifty 500,included,AADHARHFC,23082024.pdf
2024-08-23,2024-09-30,Nifty 500,included,ABSLAMC,23082024.pdf
2024-08-23,2024-09-30,Nifty 500,included,ANANTRAJ,23082024.pdf
2024-08-23,2024-09-30,Nifty 500,included,BASF,23082024.pdf
2024-08-23,2024-09-30,Nifty 500,included,BHARTIHEXA,23082024.pdf
2024-08-23,2024-09-30,Nifty 500,included,GRINFRA,23082024.pdf
2024-08-23,2024-09-30,Nifty 500,included,GET&D,23082024.pdf
2024-08-23,2024-09-30,Nifty 500,included,GODIGIT,23082024.pdf
2024-08-23,2024-09-30,Nifty 500,included,GODREJAGRO,23082024.pdf
2024-08-23,2024-09-30,Nifty 500,included,IFCI,23082024.pdf
2024-08-23,2024-09-30,Nifty 500,included,INDGN,23082024.pdf
2024-08-23,2024-09-30,Nifty 500,included,IREDA,23082024.pdf
2024-08-23,2024-09-30,Nifty 500,included,INOXINDIA,23082024.pdf
2024-08-23,2024-09-30,Nifty 500,included,JPPOWER,23082024.pdf
2024-08-23,2024-09-30,Nifty 500,included,JKTYRE,23082024.pdf
2024-08-23,2024-09-30,Nifty 500,included,JYOTICNC,23082024.pdf
2024-08-23,2024-09-30,Nifty 500,included,KIRLOSBROS,23082024.pdf
2024-08-23,2024-09-30,Nifty 500,included,KIRLOSENG,23082024.pdf
2024-08-23,2024-09-30,Nifty 500,included,NETWEB,23082024.pdf
2024-08-23,2024-09-30,Nifty 500,included,NEWGEN,23082024.pdf
2024-08-23,2024-09-30,Nifty 500,included,PFIZER,23082024.pdf
2024-08-23,2024-09-30,Nifty 500,included,PTCIL,23082024.pdf
2024-08-23,2024-09-30,Nifty 500,included,SCI,23082024.pdf
2024-08-23,2024-09-30,Nifty 500,included,TBOTEK,23082024.pdf
2024-08-23,2024-09-30,Nifty 500,included,TECHNOE,23082024.pdf
2024-08-23,2024-09-30,Nifty 500,included,DBREALTY,23082024.pdf
2024-08-23,2024-09-30,Nifty 500,included,VINATIORGA,23082024.pdf
2024-08-23,2024-09-30,Nifty 100,excluded,BERGEPAINT,23082024.pdf
2024-08-23,2024-09-30,Nifty 100,excluded,COLPAL,23082024.pdf
2024-08-23,2024-09-30,Nifty 100,excluded,MARICO,23082024.pdf
2024-08-23,2024-09-30,Nifty 100,excluded,SBICARD,23082024.pdf
2024-08-23,2024-09-30,Nifty 100,excluded,SRF,23082024.pdf
2024-08-23,2024-09-30,Nifty 100,included,BHEL,23082024.pdf
2024-08-23,2024-09-30,Nifty 100,included,JSWENERGY,23082024.pdf
2024-08-23,2024-09-30,Nifty 100,included,LODHA,23082024.pdf
2024-08-23,2024-09-30,Nifty 100,included,NHPC,23082024.pdf
2024-08-23,2024-09-30,Nifty 100,included,UNIONBANK,23082024.pdf
2024-08-23,2024-09-30,Nifty Midcap 150,excluded,ATUL,23082024.pdf
2024-08-23,2024-09-30,Nifty Midcap 150,excluded,BATAINDIA,23082024.pdf
2024-08-23,2024-09-30,Nifty Midcap 150,excluded,BHEL,23082024.pdf
2024-08-23,2024-09-30,Nifty Midcap 150,excluded,DEVYANI,23082024.pdf
2024-08-23,2024-09-30,Nifty Midcap 150,excluded,LALPATHLAB,23082024.pdf
2024-08-23,2024-09-30,Nifty Midcap 150,excluded,ISEC,23082024.pdf
2024-08-23,2024-09-30,Nifty Midcap 150,excluded,JSWENERGY,23082024.pdf
2024-08-23,2024-09-30,Nifty Midcap 150,excluded,KAJARIACER,23082024.pdf
2024-08-23,2024-09-30,Nifty Midcap 150,excluded,KANSAINER,23082024.pdf
2024-08-23,2024-09-30,Nifty Midcap 150,excluded,LAURUSLABS,23082024.pdf
2024-08-23,2024-09-30,Nifty Midcap 150,excluded,LODHA,23082024.pdf
2024-08-23,2024-09-30,Nifty Midcap 150,excluded,NHPC,23082024.pdf
2024-08-23,2024-09-30,Nifty Midcap 150,excluded,PEL,23082024.pdf
2024-08-23,2024-09-30,Nifty Midcap 150,excluded,SUMICHEM,23082024.pdf
2024-08-23,2024-09-30,Nifty Midcap 150,excluded,RAMCOCEM,23082024.pdf
2024-08-23,2024-09-30,Nifty Midcap 150,excluded,UNIONBANK,23082024.pdf
2024-08-23,2024-09-30,Nifty Midcap 150,excluded,MANYAVAR,23082024.pdf
2024-08-23,2024-09-30,Nifty Midcap 150,excluded,IDEA,23082024.pdf
2024-08-23,2024-09-30,Nifty Midcap 150,excluded,ZEEL,23082024.pdf
2024-08-23,2024-09-30,Nifty Midcap 150,included,BERGEPAINT,23082024.pdf
2024-08-23,2024-09-30,Nifty Midcap 150,included,BHARTIHEXA,23082024.pdf
2024-08-23,2024-09-30,Nifty Midcap 150,included,CENTRALBK,23082024.pdf
2024-08-23,2024-09-30,Nifty Midcap 150,included,COCHINSHIP,23082024.pdf
2024-08-23,2024-09-30,Nifty Midcap 150,included,COLPAL,23082024.pdf
2024-08-23,2024-09-30,Nifty Midcap 150,included,EXIDEIND,23082024.pdf
2024-08-23,2024-09-30,Nifty Midcap 150,included,MEDANTA,23082024.pdf
2024-08-23,2024-09-30,Nifty Midcap 150,included,POWERINDIA,23082024.pdf
2024-08-23,2024-09-30,Nifty Midcap 150,included,HUDCO,23082024.pdf
2024-08-23,2024-09-30,Nifty Midcap 150,included,IOB,23082024.pdf
2024-08-23,2024-09-30,Nifty Midcap 150,included,IREDA,23082024.pdf
2024-08-23,2024-09-30,Nifty Midcap 150,included,IRB,23082024.pdf
2024-08-23,2024-09-30,Nifty Midcap 150,included,MRPL,23082024.pdf
2024-08-23,2024-09-30,Nifty Midcap 150,included,MARICO,23082024.pdf
2024-08-23,2024-09-30,Nifty Midcap 150,included,NAM-INDIA,23082024.pdf
2024-08-23,2024-09-30,Nifty Midcap 150,included,NLCINDIA,23082024.pdf
2024-08-23,2024-09-30,Nifty Midcap 150,included,SBICARD,23082024.pdf
2024-08-23,2024-09-30,Nifty Midcap 150,included,SRF,23082024.pdf
2024-08-23,2024-09-30,Nifty Midcap 150,included,TATAINVEST,23082024.pdf
2024-08-23,2024-09-30,Nifty Smallcap 250,excluded,AETHER,23082024.pdf
2024-08-23,2024-09-30,Nifty Smallcap 250,excluded,ALLCARGO,23082024.pdf
2024-08-23,2024-09-30,Nifty Smallcap 250,excluded,ANURAS,23082024.pdf
2024-08-23,2024-09-30,Nifty Smallcap 250,excluded,BORORENEW,23082024.pdf
2024-08-23,2024-09-30,Nifty Smallcap 250,excluded,CENTRALBK,23082024.pdf
2024-08-23,2024-09-30,Nifty Smallcap 250,excluded,COCHINSHIP,23082024.pdf
2024-08-23,2024-09-30,Nifty Smallcap 250,excluded,CSBBANK,23082024.pdf
2024-08-23,2024-09-30,Nifty Smallcap 250,excluded,DCMSHRIRAM,23082024.pdf
2024-08-23,2024-09-30,Nifty Smallcap 250,excluded,EPL,23082024.pdf
2024-08-23,2024-09-30,Nifty Smallcap 250,excluded,EXIDEIND,23082024.pdf
2024-08-23,2024-09-30,Nifty Smallcap 250,excluded,FDC,23082024.pdf
2024-08-23,2024-09-30,Nifty Smallcap 250,excluded,GLS,23082024.pdf
2024-08-23,2024-09-30,Nifty Smallcap 250,excluded,MEDANTA,23082024.pdf
2024-08-23,2024-09-30,Nifty Smallcap 250,excluded,GMMPFAUDLR,23082024.pdf
2024-08-23,2024-09-30,Nifty Smallcap 250,excluded,HAPPYFORGE,23082024.pdf
2024-08-23,2024-09-30,Nifty Smallcap 250,excluded,POWERINDIA,23082024.pdf
2024-08-23,2024-09-30,Nifty Smallcap 250,excluded,HUDCO,23082024.pdf
2024-08-23,2024-09-30,Nifty Smallcap 250,excluded,IOB,23082024.pdf
2024-08-23,2024-09-30,Nifty Smallcap 250,excluded,INDIGOPNTS,23082024.pdf
2024-08-23,2024-09-30,Nifty Smallcap 250,excluded,IRB,23082024.pdf
2024-08-23,2024-09-30,Nifty Smallcap 250,excluded,JAIBALAJI,23082024.pdf
2024-08-23,2024-09-30,Nifty Smallcap 250,excluded,JKPAPER,23082024.pdf
2024-08-23,2024-09-30,Nifty Smallcap 250,excluded,KRBL,23082024.pdf
2024-08-23,2024-09-30,Nifty Smallcap 250,excluded,LXCHEM,23082024.pdf
2024-08-23,2024-09-30,Nifty Smallcap 250,excluded,MHRIL,23082024.pdf
2024-08-23,2024-09-30,Nifty Smallcap 250,excluded,MRPL,23082024.pdf
2024-08-23,2024-09-30,Nifty Smallcap 250,excluded,MEDPLUS,23082024.pdf
2024-08-23,2024-09-30,Nifty Smallcap 250,excluded,MTARTECH,23082024.pdf
2024-08-23,2024-09-30,Nifty Smallcap 250,excluded,NAM-INDIA,23082024.pdf
2024-08-23,2024-09-30,Nifty Smallcap 250,excluded,NLCINDIA,23082024.pdf
2024-08-23,2024-09-30,Nifty Smallcap 250,excluded,PRINCEPIPE,23082024.pdf
2024-08-23,2024-09-30,Nifty Smallcap 250,excluded,RBA,23082024.pdf
2024-08-23,2024-09-30,Nifty Smallcap 250,excluded,SAFARI,23082024.pdf
2024-08-23,2024-09-30,Nifty Smallcap 250,excluded,STLTECH,23082024.pdf
2024-08-23,2024-09-30,Nifty Smallcap 250,excluded,SUNTECK,23082024.pdf
2024-08-23,2024-09-30,Nifty Smallcap 250,excluded,TMB,23082024.pdf
2024-08-23,2024-09-30,Nifty Smallcap 250,excluded,TATAINVEST,23082024.pdf
2024-08-23,2024-09-30,Nifty Smallcap 250,excluded,VAIBHAVGBL,23082024.pdf
2024-08-23,2024-09-30,Nifty Smallcap 250,included,AADHARHFC,23082024.pdf
2024-08-23,2024-09-30,Nifty Smallcap 250,included,ABSLAMC,23082024.pdf
2024-08-23,2024-09-30,Nifty Smallcap 250,included,ANANTRAJ,23082024.pdf
2024-08-23,2024-09-30,Nifty Smallcap 250,included,ATUL,23082024.pdf
2024-08-23,2024-09-30,Nifty Smallcap 250,included,BASF,23082024.pdf
2024-08-23,2024-09-30,Nifty Smallcap 250,included,BATAINDIA,23082024.pdf
2024-08-23,2024-09-30,Nifty Smallcap 250,included,DEVYANI,23082024.pdf
2024-08-23,2024-09-30,Nifty Smallcap 250,included,LALPATHLAB,23082024.pdf
2024-08-23,2024-09-30,Nifty Smallcap 250,included,GRINFRA,23082024.pdf
2024-08-23,2024-09-30,Nifty Smallcap 250,included,GET&D,23082024.pdf
2024-08-23,2024-09-30,Nifty Smallcap 250,included,GODIGIT,23082024.pdf
2024-08-23,2024-09-30,Nifty Smallcap 250,included,GODREJAGRO,23082024.pdf
2024-08-23,2024-09-30,Nifty Smallcap 250,included,ISEC,23082024.pdf
2024-08-23,2024-09-30,Nifty Smallcap 250,included,IFCI,23082024.pdf
2024-08-23,2024-09-30,Nifty Smallcap 250,included,INDGN,23082024.pdf
2024-08-23,2024-09-30,Nifty Smallcap 250,included,INOXINDIA,23082024.pdf
2024-08-23,2024-09-30,Nifty Smallcap 250,included,JPPOWER,23082024.pdf
2024-08-23,2024-09-30,Nifty Smallcap 250,included,JKTYRE,23082024.pdf
2024-08-23,2024-09-30,Nifty Smallcap 250,included,JYOTICNC,23082024.pdf
2024-08-23,2024-09-30,Nifty Smallcap 250,included,KAJARIACER,23082024.pdf
2024-08-23,2024-09-30,Nifty Smallcap 250,included,KANSAINER,23082024.pdf
2024-08-23,2024-09-30,Nifty Smallcap 250,included,KIRLOSBROS,23082024.pdf
2024-08-23,2024-09-30,Nifty Smallcap 250,included,KIRLOSENG,23082024.pdf
2024-08-23,2024-09-30,Nifty Smallcap 250,included,LAURUSLABS,23082024.pdf
2024-08-23,2024-09-30,Nifty Smallcap 250,included,NETWEB,23082024.pdf
2024-08-23,2024-09-30,Nifty Smallcap 250,included,NEWGEN,23082024.pdf
2024-08-23,2024-09-30,Nifty Smallcap 250,included,PFIZER,23082024.pdf
2024-08-23,2024-09-30,Nifty Smallcap 250,included,PEL,23082024.pdf
2024-08-23,2024-09-30,Nifty Smallcap 250,included,PTCIL,23082024.pdf
2024-08-23,2024-09-30,Nifty Smallcap 250,included,SCI,23082024.pdf
2024-08-23,2024-09-30,Nifty Smallcap 250,included,SUMICHEM,23082024.pdf
2024-08-23,2024-09-30,Nifty Smallcap 250,included,TBOTEK,23082024.pdf
2024-08-23,2024-09-30,Nifty Smallcap 250,included,TECHNOE,23082024.pdf
2024-08-23,2024-09-30,Nifty Smallcap 250,included,RAMCOCEM,23082024.pdf
2024-08-23,2024-09-30,Nifty Smallcap 250,included,DBREALTY,23082024.pdf
2024-08-23,2024-09-30,Nifty Smallcap 250,included,MANYAVAR,23082024.pdf
2024-08-23,2024-09-30,Nifty Smallcap 250,included,VINATIORGA,23082024.pdf
2024-08-23,2024-09-30,Nifty Smallcap 250,included,ZEEL,23082024.pdf
2024-08-23,2024-09-30,Nifty Midcap 50,excluded,BALKRISIND,23082024.pdf
2024-08-23,2024-09-30,Nifty Midcap 50,excluded,BANDHANBNK,23082024.pdf
2024-08-23,2024-09-30,Nifty Midcap 50,excluded,BHEL,23082024.pdf
2024-08-23,2024-09-30,Nifty Midcap 50,excluded,COFORGE,23082024.pdf
2024-08-23,2024-09-30,Nifty Midcap 50,excluded,DALBHARAT,23082024.pdf
2024-08-23,2024-09-30,Nifty Midcap 50,excluded,ESCORTS,23082024.pdf
2024-08-23,2024-09-30,Nifty Midcap 50,excluded,GUJGASLTD,23082024.pdf
2024-08-23,2024-09-30,Nifty Midcap 50,excluded,JUBLFOOD,23082024.pdf
2024-08-23,2024-09-30,Nifty Midcap 50,excluded,LTTS,23082024.pdf
2024-08-23,2024-09-30,Nifty Midcap 50,excluded,M&MFIN,23082024.pdf
2024-08-23,2024-09-30,Nifty Midcap 50,excluded,MFSL,23082024.pdf
2024-08-23,2024-09-30,Nifty Midcap 50,excluded,PAGEIND,23082024.pdf
2024-08-23,2024-09-30,Nifty Midcap 50,excluded,TIINDIA,23082024.pdf
2024-08-23,2024-09-30,Nifty Midcap 50,excluded,IDEA,23082024.pdf
2024-08-23,2024-09-30,Nifty Midcap 50,included,APLAPOLLO,23082024.pdf
2024-08-23,2024-09-30,Nifty Midcap 50,included,CGPOWER,23082024.pdf
2024-08-23,2024-09-30,Nifty Midcap 50,included,COLPAL,23082024.pdf
2024-08-23,2024-09-30,Nifty Midcap 50,included,KPITTECH,23082024.pdf
2024-08-23,2024-09-30,Nifty Midcap 50,included,MARICO,23082024.pdf
2024-08-23,2024-09-30,Nifty Midcap 50,included,MUTHOOTFIN,23082024.pdf
2024-08-23,2024-09-30,Nifty Midcap 50,included,POLICYBZR,23082024.pdf
2024-08-23,2024-09-30,Nifty Midcap 50,included,PHOENIXLTD,23082024.pdf
2024-08-23,2024-09-30,Nifty Midcap 50,included,SBICARD,23082024.pdf
2024-08-23,2024-09-30,Nifty Midcap 50,included,SONACOMS,23082024.pdf
2024-08-23,2024-09-30,Nifty Midcap 50,included,SRF,23082024.pdf
2024-08-23,2024-09-30,Nifty Midcap 50,included,SUNDARMFIN,23082024.pdf
2024-08-23,2024-09-30,Nifty Midcap 50,included,SUPREMEIND,23082024.pdf
2024-08-23,2024-09-30,Nifty Midcap 50,included,VOLTAS,23082024.pdf
2024-08-23,2024-09-30,Nifty Midcap 100,excluded,BHEL,23082024.pdf
2024-08-23,2024-09-30,Nifty Midcap 100,excluded,DALBHARAT,23082024.pdf
2024-08-23,2024-09-30,Nifty Midcap 100,excluded,DEEPAKNTR,23082024.pdf
2024-08-23,2024-09-30,Nifty Midcap 100,excluded,LALPATHLAB,23082024.pdf
2024-08-23,2024-09-30,Nifty Midcap 100,excluded,FORTIS,23082024.pdf
2024-08-23,2024-09-30,Nifty Midcap 100,excluded,GLAND,23082024.pdf
2024-08-23,2024-09-30,Nifty Midcap 100,excluded,GUJGASLTD,23082024.pdf
2024-08-23,2024-09-30,Nifty Midcap 100,excluded,IPCALAB,23082024.pdf
2024-08-23,2024-09-30,Nifty Midcap 100,excluded,JSWENERGY,23082024.pdf
2024-08-23,2024-09-30,Nifty Midcap 100,excluded,LTTS,23082024.pdf
2024-08-23,2024-09-30,Nifty Midcap 100,excluded,LAURUSLABS,23082024.pdf
2024-08-23,2024-09-30,Nifty Midcap 100,excluded,LODHA,23082024.pdf
2024-08-23,2024-09-30,Nifty Midcap 100,excluded,NHPC,23082024.pdf
2024-08-23,2024-09-30,Nifty Midcap 100,excluded,PEL,23082024.pdf
2024-08-23,2024-09-30,Nifty Midcap 100,excluded,SUNTV,23082024.pdf
2024-08-23,2024-09-30,Nifty Midcap 100,excluded,SYNGENE,23082024.pdf
2024-08-23,2024-09-30,Nifty Midcap 100,excluded,UNIONBANK,23082024.pdf
2024-08-23,2024-09-30,Nifty Midcap 100,excluded,IDEA,23082024.pdf
2024-08-23,2024-09-30,Nifty Midcap 100,excluded,ZEEL,23082024.pdf
2024-08-23,2024-09-30,Nifty Midcap 100,included,BHARTIHEXA,23082024.pdf
2024-08-23,2024-09-30,Nifty Midcap 100,included,CENTRALBK,23082024.pdf
2024-08-23,2024-09-30,Nifty Midcap 100,included,COCHINSHIP,23082024.pdf
2024-08-23,2024-09-30,Nifty Midcap 100,included,COLPAL,23082024.pdf
2024-08-23,2024-09-30,Nifty Midcap 100,included,EXIDEIND,23082024.pdf
2024-08-23,2024-09-30,Nifty Midcap 100,included,HINDZINC,23082024.pdf
2024-08-23,2024-09-30,Nifty Midcap 100,included,HUDCO,23082024.pdf
2024-08-23,2024-09-30,Nifty Midcap 100,included,IOB,23082024.pdf
2024-08-23,2024-09-30,Nifty Midcap 100,included,IREDA,23082024.pdf
2024-08-23,2024-09-30,Nifty Midcap 100,included,IRB,23082024.pdf
2024-08-23,2024-09-30,Nifty Midcap 100,included,MRPL,23082024.pdf
2024-08-23,2024-09-30,Nifty Midcap 100,included,MARICO,23082024.pdf
2024-08-23,2024-09-30,Nifty Midcap 100,included,MUTHOOTFIN,23082024.pdf
2024-08-23,2024-09-30,Nifty Midcap 100,included,NLCINDIA,23082024.pdf
2024-08-23,2024-09-30,Nifty Midcap 100,included,PHOENIXLTD,23082024.pdf
2024-08-23,2024-09-30,Nifty Midcap 100,included,SBICARD,23082024.pdf
2024-08-23,2024-09-30,Nifty Midcap 100,included,SOLARINDS,23082024.pdf
2024-08-23,2024-09-30,Nifty Midcap 100,included,SRF,23082024.pdf
2024-08-23,2024-09-30,Nifty Midcap 100,included,SUNDARMFIN,23082024.pdf
2024-08-23,2024-09-30,Nifty Smallcap 50,excluded,AAVAS,23082024.pdf
2024-08-23,2024-09-30,Nifty Smallcap 50,excluded,CUB,23082024.pdf
2024-08-23,2024-09-30,Nifty Smallcap 50,excluded,CREDITACC,23082024.pdf
2024-08-23,2024-09-30,Nifty Smallcap 50,excluded,EQUITASBNK,23082024.pdf
2024-08-23,2024-09-30,Nifty Smallcap 50,excluded,EXIDEIND,23082024.pdf
2024-08-23,2024-09-30,Nifty Smallcap 50,excluded,FIVESTAR,23082024.pdf
2024-08-23,2024-09-30,Nifty Smallcap 50,excluded,HAPPSTMNDS,23082024.pdf
2024-08-23,2024-09-30,Nifty Smallcap 50,excluded,NAM-INDIA,23082024.pdf
2024-08-23,2024-09-30,Nifty Smallcap 50,excluded,RADICO,23082024.pdf
2024-08-23,2024-09-30,Nifty Smallcap 50,excluded,RAYMOND,23082024.pdf
2024-08-23,2024-09-30,Nifty Smallcap 50,excluded,TANLA,23082024.pdf
2024-08-23,2024-09-30,Nifty Smallcap 50,included,360ONE,23082024.pdf
2024-08-23,2024-09-30,Nifty Smallcap 50,included,ATUL,23082024.pdf
2024-08-23,2024-09-30,Nifty Smallcap 50,included,BRIGADE,23082024.pdf
2024-08-23,2024-09-30,Nifty Smallcap 50,included,HINDCOPPER,23082024.pdf
2024-08-23,2024-09-30,Nifty Smallcap 50,included,KPIL,23082024.pdf
2024-08-23,2024-09-30,Nifty Smallcap 50,included,LAURUSLABS,23082024.pdf
2024-08-23,2024-09-30,Nifty Smallcap 50,included,NBCC,23082024.pdf
2024-08-23,2024-09-30,Nifty Smallcap 50,included,PEL,23082024.pdf
2024-08-23,2024-09-30,Nifty Smallcap 50,included,REDINGTON,23082024.pdf
2024-08-23,2024-09-30,Nifty Smallcap 50,included,RAMCOCEM,23082024.pdf
2024-08-23,2024-09-30,Nifty Smallcap 50,included,ZEEL,23082024.pdf
2024-08-23,2024-09-30,Nifty Smallcap 100,excluded,ALOKINDS,23082024.pdf
2024-08-23,2024-09-30,Nifty Smallcap 100,excluded,CANFINHOME,23082024.pdf
2024-08-23,2024-09-30,Nifty Smallcap 100,excluded,CEATLTD,23082024.pdf
2024-08-23,2024-09-30,Nifty Smallcap 100,excluded,CENTRALBK,23082024.pdf
2024-08-23,2024-09-30,Nifty Smallcap 100,excluded,CIEINDIA,23082024.pdf
2024-08-23,2024-09-30,Nifty Smallcap 100,excluded,CUB,23082024.pdf
2024-08-23,2024-09-30,Nifty Smallcap 100,excluded,COCHINSHIP,23082024.pdf
2024-08-23,2024-09-30,Nifty Smallcap 100,excluded,EQUITASBNK,23082024.pdf
2024-08-23,2024-09-30,Nifty Smallcap 100,excluded,EXIDEIND,23082024.pdf
2024-08-23,2024-09-30,Nifty Smallcap 100,excluded,MEDANTA,23082024.pdf
2024-08-23,2024-09-30,Nifty Smallcap 100,excluded,GNFC,23082024.pdf
2024-08-23,2024-09-30,Nifty Smallcap 100,excluded,HSCL,23082024.pdf
2024-08-23,2024-09-30,Nifty Smallcap 100,excluded,HONASA,23082024.pdf
2024-08-23,2024-09-30,Nifty Smallcap 100,excluded,HUDCO,23082024.pdf
2024-08-23,2024-09-30,Nifty Smallcap 100,excluded,IOB,23082024.pdf
2024-08-23,2024-09-30,Nifty Smallcap 100,excluded,IRB,23082024.pdf
2024-08-23,2024-09-30,Nifty Smallcap 100,excluded,JBCHEPHARM,23082024.pdf
2024-08-23,2024-09-30,Nifty Smallcap 100,excluded,MRPL,23082024.pdf
2024-08-23,2024-09-30,Nifty Smallcap 100,excluded,NAM-INDIA,23082024.pdf
2024-08-23,2024-09-30,Nifty Smallcap 100,excluded,NLCINDIA,23082024.pdf
2024-08-23,2024-09-30,Nifty Smallcap 100,excluded,PRAJIND,23082024.pdf
2024-08-23,2024-09-30,Nifty Smallcap 100,excluded,RRKABEL,23082024.pdf
2024-08-23,2024-09-30,Nifty Smallcap 100,excluded,RENUKA,23082024.pdf
2024-08-23,2024-09-30,Nifty Smallcap 100,excluded,TATAINVEST,23082024.pdf
2024-08-23,2024-09-30,Nifty Smallcap 100,excluded,UJJIVANSFB,23082024.pdf
2024-08-23,2024-09-30,Nifty Smallcap 100,included,360ONE,23082024.pdf
2024-08-23,2024-09-30,Nifty Smallcap 100,included,AADHARHFC,23082024.pdf
2024-08-23,2024-09-30,Nifty Smallcap 100,included,ACE,23082024.pdf
2024-08-23,2024-09-30,Nifty Smallcap 100,included,AEGISLOG,23082024.pdf
2024-08-23,2024-09-30,Nifty Smallcap 100,included,ASTERDM,23082024.pdf
2024-08-23,2024-09-30,Nifty Smallcap 100,included,ATUL,23082024.pdf
2024-08-23,2024-09-30,Nifty Smallcap 100,included,BATAINDIA,23082024.pdf
2024-08-23,2024-09-30,Nifty Smallcap 100,included,BEML,23082024.pdf
2024-08-23,2024-09-30,Nifty Smallcap 100,included,BRIGADE,23082024.pdf
2024-08-23,2024-09-30,Nifty Smallcap 100,included,CHENNPETRO,23082024.pdf
2024-08-23,2024-09-30,Nifty Smallcap 100,included,LALPATHLAB,23082024.pdf
2024-08-23,2024-09-30,Nifty Smallcap 100,included,GRSE,23082024.pdf
2024-08-23,2024-09-30,Nifty Smallcap 100,included,GODIGIT,23082024.pdf
2024-08-23,2024-09-30,Nifty Smallcap 100,included,HBLPOWER,23082024.pdf
2024-08-23,2024-09-30,Nifty Smallcap 100,included,IFCI,23082024.pdf
2024-08-23,2024-09-30,Nifty Smallcap 100,included,INOXWIND,23082024.pdf
2024-08-23,2024-09-30,Nifty Smallcap 100,included,JWL,23082024.pdf
2024-08-23,2024-09-30,Nifty Smallcap 100,included,KPIL,23082024.pdf
2024-08-23,2024-09-30,Nifty Smallcap 100,included,KAYNES,23082024.pdf
2024-08-23,2024-09-30,Nifty Smallcap 100,included,LAURUSLABS,23082024.pdf
2024-08-23,2024-09-30,Nifty Smallcap 100,included,PEL,23082024.pdf
2024-08-23,2024-09-30,Nifty Smallcap 100,included,SIGNATURE,23082024.pdf
2024-08-23,2024-09-30,Nifty Smallcap 100,included,SWSOLAR,23082024.pdf
2024-08-23,2024-09-30,Nifty Smallcap 100,included,RAMCOCEM,23082024.pdf
2024-08-23,2024-09-30,Nifty Smallcap 100,included,ZEEL,23082024.pdf
2024-08-23,2024-09-30,Nifty 200,excluded,BERGEPAINT,23082024.pdf
2024-08-23,2024-09-30,Nifty 200,excluded,DALBHARAT,23082024.pdf
2024-08-23,2024-09-30,Nifty 200,excluded,DEEPAKNTR,23082024.pdf
2024-08-23,2024-09-30,Nifty 200,excluded,LALPATHLAB,23082024.pdf
2024-08-23,2024-09-30,Nifty 200,excluded,FORTIS,23082024.pdf
2024-08-23,2024-09-30,Nifty 200,excluded,GLAND,23082024.pdf
2024-08-23,2024-09-30,Nifty 200,excluded,GUJGASLTD,23082024.pdf
2024-08-23,2024-09-30,Nifty 200,excluded,IPCALAB,23082024.pdf
2024-08-23,2024-09-30,Nifty 200,excluded,LTTS,23082024.pdf
2024-08-23,2024-09-30,Nifty 200,excluded,LAURUSLABS,23082024.pdf
2024-08-23,2024-09-30,Nifty 200,excluded,PEL,23082024.pdf
2024-08-23,2024-09-30,Nifty 200,excluded,SUNTV,23082024.pdf
2024-08-23,2024-09-30,Nifty 200,excluded,SYNGENE,23082024.pdf
2024-08-23,2024-09-30,Nifty 200,excluded,IDEA,23082024.pdf
2024-08-23,2024-09-30,Nifty 200,excluded,ZEEL,23082024.pdf
2024-08-23,2024-09-30,Nifty 200,included,BHARTIHEXA,23082024.pdf
2024-08-23,2024-09-30,Nifty 200,included,CENTRALBK,23082024.pdf
2024-08-23,2024-09-30,Nifty 200,included,COCHINSHIP,23082024.pdf
2024-08-23,2024-09-30,Nifty 200,included,EXIDEIND,23082024.pdf
2024-08-23,2024-09-30,Nifty 200,included,HINDZINC,23082024.pdf
2024-08-23,2024-09-30,Nifty 200,included,HUDCO,23082024.pdf
2024-08-23,2024-09-30,Nifty 200,included,IOB,23082024.pdf
2024-08-23,2024-09-30,Nifty 200,included,IREDA,23082024.pdf
2024-08-23,2024-09-30,Nifty 200,included,IRB,23082024.pdf
2024-08-23,2024-09-30,Nifty 200,included,MRPL,23082024.pdf
2024-08-23,2024-09-30,Nifty 200,included,MUTHOOTFIN,23082024.pdf
2024-08-23,2024-09-30,Nifty 200,included,NLCINDIA,23082024.pdf
2024-08-23,2024-09-30,Nifty 200,included,PHOENIXLTD,23082024.pdf
2024-08-23,2024-09-30,Nifty 200,included,SOLARINDS,23082024.pdf
2024-08-23,2024-09-30,Nifty 200,included,SUNDARMFIN,23082024.pdf
2022-02-24,,Nifty 50,excluded,IOC,24022022_1.pdf
2022-02-24,,Nifty 50,included,APOLLOHOSP,24022022_1.pdf
2022-02-24,,Nifty Next 50,excluded,APOLLOHOSP,24022022_1.pdf
2022-02-24,,Nifty Next 50,excluded,AUROPHARMA,24022022_1.pdf
2022-02-24,,Nifty Next 50,excluded,HINDPETRO,24022022_1.pdf
2022-02-24,,Nifty Next 50,excluded,IGL,24022022_1.pdf
2022-02-24,,Nifty Next 50,excluded,JINDALSTEL,24022022_1.pdf
2022-02-24,,Nifty Next 50,excluded,YESBANK,24022022_1.pdf
2022-02-24,,Nifty Next 50,included,NYKAA,24022022_1.pdf
2022-02-24,,Nifty Next 50,included,IOC,24022022_1.pdf
2022-02-24,,Nifty Next 50,included,MINDTREE,24022022_1.pdf
2022-02-24,,Nifty Next 50,included,PAYTM,24022022_1.pdf
2022-02-24,,Nifty Next 50,included,SRF,24022022_1.pdf
2022-02-24,,Nifty Next 50,included,ZOMATO,24022022_1.pdf
2022-02-24,,Nifty 500,excluded,ALEMBICLTD,24022022_1.pdf
2022-02-24,,Nifty 500,excluded,ASHOKA,24022022_1.pdf
2022-02-24,,Nifty 500,excluded,BAJAJCON,24022022_1.pdf
2022-02-24,,Nifty 500,excluded,BHARATRAS,24022022_1.pdf
2022-02-24,,Nifty 500,excluded,CGCL,24022022_1.pdf
2022-02-24,,Nifty 500,excluded,DCBBANK,24022022_1.pdf
2022-02-24,,Nifty 500,excluded,DHANUKA,24022022_1.pdf
2022-02-24,,Nifty 500,excluded,FRETAIL,24022022_1.pdf
2022-02-24,,Nifty 500,excluded,GILLETTE,24022022_1.pdf
2022-02-24,,Nifty 500,excluded,GREAVESCOT,24022022_1.pdf
2022-02-24,,Nifty 500,excluded,HEIDELBERG,24022022_1.pdf
2022-02-24,,Nifty 500,excluded,INGERRAND,24022022_1.pdf
2022-02-24,,Nifty 500,excluded,IOLCP,24022022_1.pdf
2022-02-24,,Nifty 500,excluded,JINDALSAW,24022022_1.pdf
2022-02-24,,Nifty 500,excluded,JKTYRE,24022022_1.pdf
2022-02-24,,Nifty 500,excluded,KSCL,24022022_1.pdf
2022-02-24,,Nifty 500,excluded,KSB,24022022_1.pdf
2022-02-24,,Nifty 500,excluded,LAOPALA,24022022_1.pdf
2022-02-24,,Nifty 500,excluded,LEMONTREE,24022022_1.pdf
2022-02-24,,Nifty 500,excluded,MINDACORP,24022022_1.pdf
2022-02-24,,Nifty 500,excluded,MIDHANI,24022022_1.pdf
2022-02-24,,Nifty 500,excluded,NFL,24022022_1.pdf
2022-02-24,,Nifty 500,excluded,NILKAMAL,24022022_1.pdf
2022-02-24,,Nifty 500,excluded,SCHNEIDER,24022022_1.pdf
2022-02-24,,Nifty 500,excluded,SHARDACROP,24022022_1.pdf
2022-02-24,,Nifty 500,excluded,SPANDANA,24022022_1.pdf
2022-02-24,,Nifty 500,excluded,STARCEMENT,24022022_1.pdf
2022-02-24,,Nifty 500,excluded,TASTYBITE,24022022_1.pdf
2022-02-24,,Nifty 500,excluded,UJJIVAN,24022022_1.pdf
2022-02-24,,Nifty 500,excluded,UJJIVANSFB,24022022_1.pdf
2022-02-24,,Nifty 500,excluded,VALIANTORG,24022022_1.pdf
2022-02-24,,Nifty 500,included,ABSLAMC,24022022_1.pdf
2022-02-24,,Nifty 500,included,ALLCARGO,24022022_1.pdf
2022-02-24,,Nifty 500,included,APTUS,24022022_1.pdf
2022-02-24,,Nifty 500,included,BORORENEW,24022022_1.pdf
2022-02-24,,Nifty 500,included,BCG,24022022_1.pdf
2022-02-24,,Nifty 500,included,MAPMYINDIA,24022022_1.pdf
2022-02-24,,Nifty 500,included,CHEMPLASTS,24022022_1.pdf
2022-02-24,,Nifty 500,included,CLEAN,24022022_1.pdf
2022-02-24,,Nifty 500,included,DEVYANI,24022022_1.pdf
2022-02-24,,Nifty 500,included,EASEMYTRIP,24022022_1.pdf
2022-02-24,,Nifty 500,included,NYKAA,24022022_1.pdf
2022-02-24,,Nifty 500,included,GRINFRA,24022022_1.pdf
2022-02-24,,Nifty 500,included,GLS,24022022_1.pdf
2022-02-24,,Nifty 500,included,GOCOLORS,24022022_1.pdf
2022-02-24,,Nifty 500,included,HLEGLAS,24022022_1.pdf
2022-02-24,,Nifty 500,included,KIMS,24022022_1.pdf
2022-02-24,,Nifty 500,included,LATENTVIEW,24022022_1.pdf
2022-02-24,,Nifty 500,included,MEDPLUS,24022022_1.pdf
2022-02-24,,Nifty 500,included,METROBRAND,24022022_1.pdf
2022-02-24,,Nifty 500,included,NUVOCO,24022022_1.pdf
2022-02-24,,Nifty 500,included,PAYTM,24022022_1.pdf
2022-02-24,,Nifty 500,included,POLICYBZR,24022022_1.pdf
2022-02-24,,Nifty 500,included,PRIVISCL,24022022_1.pdf
2022-02-24,,Nifty 500,included,RTNINDIA,24022022_1.pdf
2022-02-24,,Nifty 500,included,SAPPHIRE,24022022_1.pdf
2022-02-24,,Nifty 500,included,SAREGAMA,24022022_1.pdf
2022-02-24,,Nifty 500,included,RENUKA,24022022_1.pdf
2022-02-24,,Nifty 500,included,SHYAMMETL,24022022_1.pdf
2022-02-24,,Nifty 500,included,STARHEALTH,24022022_1.pdf
2022-02-24,,Nifty 500,included,TATAINVEST,24022022_1.pdf
2022-02-24,,Nifty 500,included,VIJAYA,24022022_1.pdf
2022-02-24,,Nifty 500,included,ZOMATO,24022022_1.pdf
2022-02-24,,Nifty 100,excluded,AUROPHARMA,24022022_1.pdf
2022-02-24,,Nifty 100,excluded,HINDPETRO,24022022_1.pdf
2022-02-24,,Nifty 100,excluded,IGL,24022022_1.pdf
2022-02-24,,Nifty 100,excluded,JINDALSTEL,24022022_1.pdf
2022-02-24,,Nifty 100,excluded,YESBANK,24022022_1.pdf
2022-02-24,,Nifty 100,included,NYKAA,24022022_1.pdf
2022-02-24,,Nifty 100,included,MINDTREE,24022022_1.pdf
2022-02-24,,Nifty 100,included,PAYTM,24022022_1.pdf
2022-02-24,,Nifty 100,included,SRF,24022022_1.pdf
2022-02-24,,Nifty 100,included,ZOMATO,24022022_1.pdf
2022-02-24,,Nifty Midcap 150,excluded,AMARAJABAT,24022022_1.pdf
2022-02-24,,Nifty Midcap 150,excluded,CASTROLIND,24022022_1.pdf
2022-02-24,,Nifty Midcap 150,excluded,CHOLAHLDNG,24022022_1.pdf
2022-02-24,,Nifty Midcap 150,excluded,CUB,24022022_1.pdf
2022-02-24,,Nifty Midcap 150,excluded,DHANI,24022022_1.pdf
2022-02-24,,Nifty Midcap 150,excluded,GILLETTE,24022022_1.pdf
2022-02-24,,Nifty Midcap 150,excluded,HINDCOPPER,24022022_1.pdf
2022-02-24,,Nifty Midcap 150,excluded,ITI,24022022_1.pdf
2022-02-24,,Nifty Midcap 150,excluded,MGL,24022022_1.pdf
2022-02-24,,Nifty Midcap 150,excluded,MINDTREE,24022022_1.pdf
2022-02-24,,Nifty Midcap 150,excluded,MOTILALOFS,24022022_1.pdf
2022-02-24,,Nifty Midcap 150,excluded,RBLBANK,24022022_1.pdf
2022-02-24,,Nifty Midcap 150,excluded,SRF,24022022_1.pdf
2022-02-24,,Nifty Midcap 150,excluded,SUVENPHAR,24022022_1.pdf
2022-02-24,,Nifty Midcap 150,excluded,TTKPRESTIG,24022022_1.pdf
2022-02-24,,Nifty Midcap 150,excluded,VAIBHAVGBL,24022022_1.pdf
2022-02-24,,Nifty Midcap 150,excluded,ZYDUSWELL,24022022_1.pdf
2022-02-24,,Nifty Midcap 150,included,AUROPHARMA,24022022_1.pdf
2022-02-24,,Nifty Midcap 150,included,CGPOWER,24022022_1.pdf
2022-02-24,,Nifty Midcap 150,included,CLEAN,24022022_1.pdf
2022-02-24,,Nifty Midcap 150,included,GRINDWELL,24022022_1.pdf
2022-02-24,,Nifty Midcap 150,included,FLUOROCHEM,24022022_1.pdf
2022-02-24,,Nifty Midcap 150,included,HAPPSTMNDS,24022022_1.pdf
2022-02-24,,Nifty Midcap 150,included,HINDPETRO,24022022_1.pdf
2022-02-24,,Nifty Midcap 150,included,IDBI,24022022_1.pdf
2022-02-24,,Nifty Midcap 150,included,IEX,24022022_1.pdf
2022-02-24,,Nifty Midcap 150,included,IGL,24022022_1.pdf
2022-02-24,,Nifty Midcap 150,included,JINDALSTEL,24022022_1.pdf
2022-02-24,,Nifty Midcap 150,included,NUVOCO,24022022_1.pdf
2022-02-24,,Nifty Midcap 150,included,POLICYBZR,24022022_1.pdf
2022-02-24,,Nifty Midcap 150,included,STARHEALTH,24022022_1.pdf
2022-02-24,,Nifty Midcap 150,included,TTML,24022022_1.pdf
2022-02-24,,Nifty Midcap 150,included,TRIDENT,24022022_1.pdf
2022-02-24,,Nifty Midcap 150,included,YESBANK,24022022_1.pdf
2022-02-24,,Nifty Smallcap 250,excluded,ALEMBICLTD,24022022_1.pdf
2022-02-24,,Nifty Smallcap 250,excluded,ASHOKA,24022022_1.pdf
2022-02-24,,Nifty Smallcap 250,excluded,BAJAJCON,24022022_1.pdf
2022-02-24,,Nifty Smallcap 250,excluded,BHARATRAS,24022022_1.pdf
2022-02-24,,Nifty Smallcap 250,excluded,CGCL,24022022_1.pdf
2022-02-24,,Nifty Smallcap 250,excluded,CGPOWER,24022022_1.pdf
2022-02-24,,Nifty Smallcap 250,excluded,DCBBANK,24022022_1.pdf
2022-02-24,,Nifty Smallcap 250,excluded,DHANUKA,24022022_1.pdf
2022-02-24,,Nifty Smallcap 250,excluded,FRETAIL,24022022_1.pdf
2022-02-24,,Nifty Smallcap 250,excluded,GREAVESCOT,24022022_1.pdf
2022-02-24,,Nifty Smallcap 250,excluded,GRINDWELL,24022022_1.pdf
2022-02-24,,Nifty Smallcap 250,excluded,FLUOROCHEM,24022022_1.pdf
2022-02-24,,Nifty Smallcap 250,excluded,HAPPSTMNDS,24022022_1.pdf
2022-02-24,,Nifty Smallcap 250,excluded,HEIDELBERG,24022022_1.pdf
2022-02-24,,Nifty Smallcap 250,excluded,IDBI,24022022_1.pdf
2022-02-24,,Nifty Smallcap 250,excluded,IEX,24022022_1.pdf
2022-02-24,,Nifty Smallcap 250,excluded,INGERRAND,24022022_1.pdf
2022-02-24,,Nifty Smallcap 250,excluded,IOLCP,24022022_1.pdf
2022-02-24,,Nifty Smallcap 250,excluded,JINDALSAW,24022022_1.pdf
2022-02-24,,Nifty Smallcap 250,excluded,JKTYRE,24022022_1.pdf
2022-02-24,,Nifty Smallcap 250,excluded,KSCL,24022022_1.pdf
2022-02-24,,Nifty Smallcap 250,excluded,KSB,24022022_1.pdf
2022-02-24,,Nifty Smallcap 250,excluded,LAOPALA,24022022_1.pdf
2022-02-24,,Nifty Smallcap 250,excluded,LEMONTREE,24022022_1.pdf
2022-02-24,,Nifty Smallcap 250,excluded,MINDACORP,24022022_1.pdf
2022-02-24,,Nifty Smallcap 250,excluded,MIDHANI,24022022_1.pdf
2022-02-24,,Nifty Smallcap 250,excluded,NFL,24022022_1.pdf
2022-02-24,,Nifty Smallcap 250,excluded,NILKAMAL,24022022_1.pdf
2022-02-24,,Nifty Smallcap 250,excluded,SCHNEIDER,24022022_1.pdf
2022-02-24,,Nifty Smallcap 250,excluded,SHARDACROP,24022022_1.pdf
2022-02-24,,Nifty Smallcap 250,excluded,SPANDANA,24022022_1.pdf
2022-02-24,,Nifty Smallcap 250,excluded,STARCEMENT,24022022_1.pdf
2022-02-24,,Nifty Smallcap 250,excluded,TASTYBITE,24022022_1.pdf
2022-02-24,,Nifty Smallcap 250,excluded,TTML,24022022_1.pdf
2022-02-24,,Nifty Smallcap 250,excluded,TRIDENT,24022022_1.pdf
2022-02-24,,Nifty Smallcap 250,excluded,UJJIVAN,24022022_1.pdf
2022-02-24,,Nifty Smallcap 250,excluded,UJJIVANSFB,24022022_1.pdf
2022-02-24,,Nifty Smallcap 250,excluded,VALIANTORG,24022022_1.pdf
2022-02-24,,Nifty Smallcap 250,included,ABSLAMC,24022022_1.pdf
2022-02-24,,Nifty Smallcap 250,included,ALLCARGO,24022022_1.pdf
2022-02-24,,Nifty Smallcap 250,included,AMARAJABAT,24022022_1.pdf
2022-02-24,,Nifty Smallcap 250,included,APTUS,24022022_1.pdf
2022-02-24,,Nifty Smallcap 250,included,BORORENEW,24022022_1.pdf
2022-02-24,,Nifty Smallcap 250,included,BCG,24022022_1.pdf
2022-02-24,,Nifty Smallcap 250,included,MAPMYINDIA,24022022_1.pdf
2022-02-24,,Nifty Smallcap 250,included,CASTROLIND,24022022_1.pdf
2022-02-24,,Nifty Smallcap 250,included,CHEMPLASTS,24022022_1.pdf
2022-02-24,,Nifty Smallcap 250,included,CHOLAHLDNG,24022022_1.pdf
2022-02-24,,Nifty Smallcap 250,included,CUB,24022022_1.pdf
2022-02-24,,Nifty Smallcap 250,included,DEVYANI,24022022_1.pdf
2022-02-24,,Nifty Smallcap 250,included,DHANI,24022022_1.pdf
2022-02-24,,Nifty Smallcap 250,included,EASEMYTRIP,24022022_1.pdf
2022-02-24,,Nifty Smallcap 250,included,GRINFRA,24022022_1.pdf
2022-02-24,,Nifty Smallcap 250,included,GLS,24022022_1.pdf
2022-02-24,,Nifty Smallcap 250,included,GOCOLORS,24022022_1.pdf
2022-02-24,,Nifty Smallcap 250,included,HINDCOPPER,24022022_1.pdf
2022-02-24,,Nifty Smallcap 250,included,HLEGLAS,24022022_1.pdf
2022-02-24,,Nifty Smallcap 250,included,ITI,24022022_1.pdf
2022-02-24,,Nifty Smallcap 250,included,KIMS,24022022_1.pdf
2022-02-24,,Nifty Smallcap 250,included,LATENTVIEW,24022022_1.pdf
2022-02-24,,Nifty Smallcap 250,included,MGL,24022022_1.pdf
2022-02-24,,Nifty Smallcap 250,included,MEDPLUS,24022022_1.pdf
2022-02-24,,Nifty Smallcap 250,included,METROBRAND,24022022_1.pdf
2022-02-24,,Nifty Smallcap 250,included,MOTILALOFS,24022022_1.pdf
2022-02-24,,Nifty Smallcap 250,included,PRIVISCL,24022022_1.pdf
2022-02-24,,Nifty Smallcap 250,included,RTNINDIA,24022022_1.pdf
2022-02-24,,Nifty Smallcap 250,included,RBLBANK,24022022_1.pdf
2022-02-24,,Nifty Smallcap 250,included,SAPPHIRE,24022022_1.pdf
2022-02-24,,Nifty Smallcap 250,included,SAREGAMA,24022022_1.pdf
2022-02-24,,Nifty Smallcap 250,included,RENUKA,24022022_1.pdf
2022-02-24,,Nifty Smallcap 250,included,SHYAMMETL,24022022_1.pdf
2022-02-24,,Nifty Smallcap 250,included,SUVENPHAR,24022022_1.pdf
2022-02-24,,Nifty Smallcap 250,included,TATAINVEST,24022022_1.pdf
2022-02-24,,Nifty Smallcap 250,included,TTKPRESTIG,24022022_1.pdf
2022-02-24,,Nifty Smallcap 250,included,VAIBHAVGBL,24022022_1.pdf
2022-02-24,,Nifty Smallcap 250,included,VIJAYA,24022022_1.pdf
2022-02-24,,Nifty Smallcap 250,included,ZYDUSWELL,24022022_1.pdf
2022-02-24,,Nifty Midcap 50,excluded,APOLLOTYRE,24022022_1.pdf
2022-02-24,,Nifty Midcap 50,excluded,BANKINDIA,24022022_1.pdf
2022-02-24,,Nifty Midcap 50,excluded,EXIDEIND,24022022_1.pdf
2022-02-24,,Nifty Midcap 50,excluded,GLENMARK,24022022_1.pdf
2022-02-24,,Nifty Midcap 50,excluded,MANAPPURAM,24022022_1.pdf
2022-02-24,,Nifty Midcap 50,excluded,MINDTREE,24022022_1.pdf
2022-02-24,,Nifty Midcap 50,excluded,SRF,24022022_1.pdf
2022-02-24,,Nifty Midcap 50,included,ABB,24022022_1.pdf
2022-02-24,,Nifty Midcap 50,included,ABBOTINDIA,24022022_1.pdf
2022-02-24,,Nifty Midcap 50,included,AUROPHARMA,24022022_1.pdf
2022-02-24,,Nifty Midcap 50,included,HINDPETRO,24022022_1.pdf
2022-02-24,,Nifty Midcap 50,included,JINDALSTEL,24022022_1.pdf
2022-02-24,,Nifty Midcap 50,included,OFSS,24022022_1.pdf
2022-02-24,,Nifty Midcap 50,included,TATACOMM,24022022_1.pdf
2022-02-24,,Nifty Midcap 100,excluded,AJANTPHARM,24022022_1.pdf
2022-02-24,,Nifty Midcap 100,excluded,AMARAJABAT,24022022_1.pdf
2022-02-24,,Nifty Midcap 100,excluded,CASTROLIND,24022022_1.pdf
2022-02-24,,Nifty Midcap 100,excluded,CUB,24022022_1.pdf
2022-02-24,,Nifty Midcap 100,excluded,DHANI,24022022_1.pdf
2022-02-24,,Nifty Midcap 100,excluded,ENDURANCE,24022022_1.pdf
2022-02-24,,Nifty Midcap 100,excluded,GODREJIND,24022022_1.pdf
2022-02-24,,Nifty Midcap 100,excluded,HINDCOPPER,24022022_1.pdf
2022-02-24,,Nifty Midcap 100,excluded,IRFC,24022022_1.pdf
2022-02-24,,Nifty Midcap 100,excluded,MGL,24022022_1.pdf
2022-02-24,,Nifty Midcap 100,excluded,MINDTREE,24022022_1.pdf
2022-02-24,,Nifty Midcap 100,excluded,NATCOPHARM,24022022_1.pdf
2022-02-24,,Nifty Midcap 100,excluded,PFIZER,24022022_1.pdf
2022-02-24,,Nifty Midcap 100,excluded,RBLBANK,24022022_1.pdf
2022-02-24,,Nifty Midcap 100,excluded,SANOFI,24022022_1.pdf
2022-02-24,,Nifty Midcap 100,excluded,SRF,24022022_1.pdf
2022-02-24,,Nifty Midcap 100,included,ABB,24022022_1.pdf
2022-02-24,,Nifty Midcap 100,included,ABBOTINDIA,24022022_1.pdf
2022-02-24,,Nifty Midcap 100,included,AUROPHARMA,24022022_1.pdf
2022-02-24,,Nifty Midcap 100,included,CLEAN,24022022_1.pdf
2022-02-24,,Nifty Midcap 100,included,HINDPETRO,24022022_1.pdf
2022-02-24,,Nifty Midcap 100,included,IDBI,24022022_1.pdf
2022-02-24,,Nifty Midcap 100,included,IEX,24022022_1.pdf
2022-02-24,,Nifty Midcap 100,included,IGL,24022022_1.pdf
2022-02-24,,Nifty Midcap 100,included,JINDALSTEL,24022022_1.pdf
2022-02-24,,Nifty Midcap 100,included,MAXHEALTH,24022022_1.pdf
2022-02-24,,Nifty Midcap 100,included,METROPOLIS,24022022_1.pdf
2022-02-24,,Nifty Midcap 100,included,OFSS,24022022_1.pdf
2022-02-24,,Nifty Midcap 100,included,POLICYBZR,24022022_1.pdf
2022-02-24,,Nifty Midcap 100,included,PERSISTENT,24022022_1.pdf
2022-02-24,,Nifty Midcap 100,included,TRIDENT,24022022_1.pdf
2022-02-24,,Nifty Midcap 100,included,YESBANK,24022022_1.pdf
2022-02-24,,Nifty Smallcap 50,excluded,AARTIDRUGS,24022022_1.pdf
2022-02-24,,Nifty Smallcap 50,excluded,AVANTIFEED,24022022_1.pdf
2022-02-24,,Nifty Smallcap 50,excluded,CEATLTD,24022022_1.pdf
2022-02-24,,Nifty Smallcap 50,excluded,GMMPFAUDLR,24022022_1.pdf
2022-02-24,,Nifty Smallcap 50,excluded,HAPPSTMNDS,24022022_1.pdf
2022-02-24,,Nifty Smallcap 50,excluded,IDBI,24022022_1.pdf
2022-02-24,,Nifty Smallcap 50,excluded,IEX,24022022_1.pdf
2022-02-24,,Nifty Smallcap 50,excluded,MMTC,24022022_1.pdf
2022-02-24,,Nifty Smallcap 50,excluded,RVNL,24022022_1.pdf
2022-02-24,,Nifty Smallcap 50,excluded,RALLIS,24022022_1.pdf
2022-02-24,,Nifty Smallcap 50,excluded,STAR,24022022_1.pdf
2022-02-24,,Nifty Smallcap 50,excluded,TV18BRDCST,24022022_1.pdf
2022-02-24,,Nifty Smallcap 50,excluded,WOCKPHARMA,24022022_1.pdf
2022-02-24,,Nifty Smallcap 50,included,AMARAJABAT,24022022_1.pdf
2022-02-24,,Nifty Smallcap 50,included,ANGELONE,24022022_1.pdf
2022-02-24,,Nifty Smallcap 50,included,CHEMPLASTS,24022022_1.pdf
2022-02-24,,Nifty Smallcap 50,included,DEVYANI,24022022_1.pdf
2022-02-24,,Nifty Smallcap 50,included,HFCL,24022022_1.pdf
2022-02-24,,Nifty Smallcap 50,included,HINDCOPPER,24022022_1.pdf
2022-02-24,,Nifty Smallcap 50,included,KPITTECH,24022022_1.pdf
2022-02-24,,Nifty Smallcap 50,included,LATENTVIEW,24022022_1.pdf
2022-02-24,,Nifty Smallcap 50,included,LXCHEM,24022022_1.pdf
2022-02-24,,Nifty Smallcap 50,included,MEDPLUS,24022022_1.pdf
2022-02-24,,Nifty Smallcap 50,included,METROBRAND,24022022_1.pdf
2022-02-24,,Nifty Smallcap 50,included,POONAWALLA,24022022_1.pdf
2022-02-24,,Nifty Smallcap 50,included,RBLBANK,24022022_1.pdf
2022-02-24,,Nifty Smallcap 100,excluded,AARTIDRUGS,24022022_1.pdf
2022-02-24,,Nifty Smallcap 100,excluded,ASTRAZEN,24022022_1.pdf
2022-02-24,,Nifty Smallcap 100,excluded,CEATLTD,24022022_1.pdf
2022-02-24,,Nifty Smallcap 100,excluded,COCHINSHIP,24022022_1.pdf
2022-02-24,,Nifty Smallcap 100,excluded,CSBBANK,24022022_1.pdf
2022-02-24,,Nifty Smallcap 100,excluded,ENGINERSIN,24022022_1.pdf
2022-02-24,,Nifty Smallcap 100,excluded,FDC,24022022_1.pdf
2022-02-24,,Nifty Smallcap 100,excluded,HAPPSTMNDS,24022022_1.pdf
2022-02-24,,Nifty Smallcap 100,excluded,IDBI,24022022_1.pdf
2022-02-24,,Nifty Smallcap 100,excluded,INDIACEM,24022022_1.pdf
2022-02-24,,Nifty Smallcap 100,excluded,IEX,24022022_1.pdf
2022-02-24,,Nifty Smallcap 100,excluded,INFIBEAM,24022022_1.pdf
2022-02-24,,Nifty Smallcap 100,excluded,KALPATPOWR,24022022_1.pdf
2022-02-24,,Nifty Smallcap 100,excluded,MAZDOCK,24022022_1.pdf
2022-02-24,,Nifty Smallcap 100,excluded,RALLIS,24022022_1.pdf
2022-02-24,,Nifty Smallcap 100,excluded,RBA,24022022_1.pdf
2022-02-24,,Nifty Smallcap 100,excluded,RITES,24022022_1.pdf
2022-02-24,,Nifty Smallcap 100,excluded,SEQUENT,24022022_1.pdf
2022-02-24,,Nifty Smallcap 100,excluded,SPICEJET,24022022_1.pdf
2022-02-24,,Nifty Smallcap 100,excluded,STAR,24022022_1.pdf
2022-02-24,,Nifty Smallcap 100,excluded,THYROCARE,24022022_1.pdf
2022-02-24,,Nifty Smallcap 100,excluded,TRIDENT,24022022_1.pdf
2022-02-24,,Nifty Smallcap 100,excluded,UJJIVANSFB,24022022_1.pdf
2022-02-24,,Nifty Smallcap 100,excluded,VAKRANGEE,24022022_1.pdf
2022-02-24,,Nifty Smallcap 100,excluded,WOCKPHARMA,24022022_1.pdf
2022-02-24,,Nifty Smallcap 100,included,ALLCARGO,24022022_1.pdf
2022-02-24,,Nifty Smallcap 100,included,AMARAJABAT,24022022_1.pdf
2022-02-24,,Nifty Smallcap 100,included,ANGELONE,24022022_1.pdf
2022-02-24,,Nifty Smallcap 100,included,APTUS,24022022_1.pdf
2022-02-24,,Nifty Smallcap 100,included,BRIGADE,24022022_1.pdf
2022-02-24,,Nifty Smallcap 100,included,BCG,24022022_1.pdf
2022-02-24,,Nifty Smallcap 100,included,MAPMYINDIA,24022022_1.pdf
2022-02-24,,Nifty Smallcap 100,included,CHEMPLASTS,24022022_1.pdf
2022-02-24,,Nifty Smallcap 100,included,CUB,24022022_1.pdf
2022-02-24,,Nifty Smallcap 100,included,DEVYANI,24022022_1.pdf
2022-02-24,,Nifty Smallcap 100,included,HINDCOPPER,24022022_1.pdf
2022-02-24,,Nifty Smallcap 100,included,IRB,24022022_1.pdf
2022-02-24,,Nifty Smallcap 100,included,JSL,24022022_1.pdf
2022-02-24,,Nifty Smallcap 100,included,LATENTVIEW,24022022_1.pdf
2022-02-24,,Nifty Smallcap 100,included,MGL,24022022_1.pdf
2022-02-24,,Nifty Smallcap 100,included,MASTEK,24022022_1.pdf
2022-02-24,,Nifty Smallcap 100,included,MEDPLUS,24022022_1.pdf
2022-02-24,,Nifty Smallcap 100,included,METROBRAND,24022022_1.pdf
2022-02-24,,Nifty Smallcap 100,included,MOTILALOFS,24022022_1.pdf
2022-02-24,,Nifty Smallcap 100,included,POONAWALLA,24022022_1.pdf
2022-02-24,,Nifty Smallcap 100,included,RBLBANK,24022022_1.pdf
2022-02-24,,Nifty Smallcap 100,included,REDINGTON,24022022_1.pdf
2022-02-24,,Nifty Smallcap 100,included,SAPPHIRE,24022022_1.pdf
2022-02-24,,Nifty Smallcap 100,included,SOBHA,24022022_1.pdf
2022-02-24,,Nifty Smallcap 100,included,VTL,24022022_1.pdf
2022-02-24,,Nifty 200,excluded,AJANTPHARM,24022022_1.pdf
2022-02-24,,Nifty 200,excluded,AMARAJABAT,24022022_1.pdf
2022-02-24,,Nifty 200,excluded,CASTROLIND,24022022_1.pdf
2022-02-24,,Nifty 200,excluded,CUB,24022022_1.pdf
2022-02-24,,Nifty 200,excluded,DHANI,24022022_1.pdf
2022-02-24,,Nifty 200,excluded,ENDURANCE,24022022_1.pdf
2022-02-24,,Nifty 200,excluded,GODREJIND,24022022_1.pdf
2022-02-24,,Nifty 200,excluded,HINDCOPPER,24022022_1.pdf
2022-02-24,,Nifty 200,excluded,IRFC,24022022_1.pdf
2022-02-24,,Nifty 200,excluded,MGL,24022022_1.pdf
2022-02-24,,Nifty 200,excluded,NATCOPHARM,24022022_1.pdf
2022-02-24,,Nifty 200,excluded,PFIZER,24022022_1.pdf
2022-02-24,,Nifty 200,excluded,RBLBANK,24022022_1.pdf
2022-02-24,,Nifty 200,excluded,SANOFI,24022022_1.pdf
2022-02-24,,Nifty 200,included,ABB,24022022_1.pdf
2022-02-24,,Nifty 200,included,ABBOTINDIA,24022022_1.pdf
2022-02-24,,Nifty 200,included,CLEAN,24022022_1.pdf
2022-02-24,,Nifty 200,included,NYKAA,24022022_1.pdf
2022-02-24,,Nifty 200,included,IDBI,24022022_1.pdf
2022-02-24,,Nifty 200,included,IEX,24022022_1.pdf
2022-02-24,,Nifty 200,included,MAXHEALTH,24022022_1.pdf
2022-02-24,,Nifty 200,included,METROPOLIS,24022022_1.pdf
2022-02-24,,Nifty 200,included,PAYTM,24022022_1.pdf
2022-02-24,,Nifty 200,included,OFSS,24022022_1.pdf
2022-02-24,,Nifty 200,included,POLICYBZR,24022022_1.pdf
2022-02-24,,Nifty 200,included,PERSISTENT,24022022_1.pdf
2022-02-24,,Nifty 200,included,TRIDENT,24022022_1.pdf
2022-02-24,,Nifty 200,included,ZOMATO,24022022_1.pdf
2019-02-25,2019-03-29,Nifty 50,excluded,HINDPETRO,25022019.pdf
2019-02-25,2019-03-29,Nifty 50,included,BRITANNIA,25022019.pdf
2019-02-25,2019-03-29,Nifty Next 50,excluded,ABCAPITAL,25022019.pdf
2019-02-25,2019-03-29,Nifty Next 50,excluded,BEL,25022019.pdf
2019-02-25,2019-03-29,Nifty Next 50,excluded,BRITANNIA,25022019.pdf
2019-02-25,2019-03-29,Nifty Next 50,excluded,LICHSGFIN,25022019.pdf
2019-02-25,2019-03-29,Nifty Next 50,excluded,OIL,25022019.pdf
2019-02-25,2019-03-29,Nifty Next 50,excluded,SUNTV,25022019.pdf
2019-02-25,2019-03-29,Nifty Next 50,included,BAJAJHLDNG,25022019.pdf
2019-02-25,2019-03-29,Nifty Next 50,included,DIVISLAB,25022019.pdf
2019-02-25,2019-03-29,Nifty Next 50,included,HDFCAMC,25022019.pdf
2019-02-25,2019-03-29,Nifty Next 50,included,HINDPETRO,25022019.pdf
2019-02-25,2019-03-29,Nifty Next 50,included,PAGEIND,25022019.pdf
2019-02-25,2019-03-29,Nifty Next 50,included,UBL,25022019.pdf
2019-02-25,2019-03-29,Nifty 500,excluded,8KMILES,25022019.pdf
2019-02-25,2019-03-29,Nifty 500,excluded,AARTIIND,25022019.pdf
2019-02-25,2019-03-29,Nifty 500,excluded,DEN,25022019.pdf
2019-02-25,2019-03-29,Nifty 500,excluded,DREDGECORP,25022019.pdf
2019-02-25,2019-03-29,Nifty 500,excluded,EROSMEDIA,25022019.pdf
2019-02-25,2019-03-29,Nifty 500,excluded,EVEREADY,25022019.pdf
2019-02-25,2019-03-29,Nifty 500,excluded,GREENPLY,25022019.pdf
2019-02-25,2019-03-29,Nifty 500,excluded,GVKPIL,25022019.pdf
2019-02-25,2019-03-29,Nifty 500,excluded,HCL-INSYS,25022019.pdf
2019-02-25,2019-03-29,Nifty 500,excluded,HCC,25022019.pdf
2019-02-25,2019-03-29,Nifty 500,excluded,IL&FSTRANS,25022019.pdf
2019-02-25,2019-03-29,Nifty 500,excluded,ICIL,25022019.pdf
2019-02-25,2019-03-29,Nifty 500,excluded,JKIL,25022019.pdf
2019-02-25,2019-03-29,Nifty 500,excluded,JPPOWER,25022019.pdf
2019-02-25,2019-03-29,Nifty 500,excluded,MANPASAND,25022019.pdf
2019-02-25,2019-03-29,Nifty 500,excluded,MCLEODRUSS,25022019.pdf
2019-02-25,2019-03-29,Nifty 500,excluded,NAVKARCORP,25022019.pdf
2019-02-25,2019-03-29,Nifty 500,excluded,PFS,25022019.pdf
2019-02-25,2019-03-29,Nifty 500,excluded,RNAVAL,25022019.pdf
2019-02-25,2019-03-29,Nifty 500,excluded,SADBHIN,25022019.pdf
2019-02-25,2019-03-29,Nifty 500,excluded,TATASPONGE,25022019.pdf
2019-02-25,2019-03-29,Nifty 500,excluded,TEXRAIL,25022019.pdf
2019-02-25,2019-03-29,Nifty 500,excluded,TVSSRICHAK,25022019.pdf
2019-02-25,2019-03-29,Nifty 500,excluded,UNICHEMLAB,25022019.pdf
2019-02-25,2019-03-29,Nifty 500,included,AAVAS,25022019.pdf
2019-02-25,2019-03-29,Nifty 500,included,ASTRAZEN,25022019.pdf
2019-02-25,2019-03-29,Nifty 500,included,MAHABANK,25022019.pdf
2019-02-25,2019-03-29,Nifty 500,included,CESC,25022019.pdf
2019-02-25,2019-03-29,Nifty 500,included,COX&KINGS,25022019.pdf
2019-02-25,2019-03-29,Nifty 500,included,DEEPAKNTR,25022019.pdf
2019-02-25,2019-03-29,Nifty 500,included,ESSELPACK,25022019.pdf
2019-02-25,2019-03-29,Nifty 500,included,FINEORG,25022019.pdf
2019-02-25,2019-03-29,Nifty 500,included,HDFCAMC,25022019.pdf
2019-02-25,2019-03-29,Nifty 500,included,ICRA,25022019.pdf
2019-02-25,2019-03-29,Nifty 500,included,IBULISL,25022019.pdf
2019-02-25,2019-03-29,Nifty 500,included,INDOSTAR,25022019.pdf
2019-02-25,2019-03-29,Nifty 500,included,IRCON,25022019.pdf
2019-02-25,2019-03-29,Nifty 500,included,JAMNAAUTO,25022019.pdf
2019-02-25,2019-03-29,Nifty 500,included,JKPAPER,25022019.pdf
2019-02-25,2019-03-29,Nifty 500,included,KEI,25022019.pdf
2019-02-25,2019-03-29,Nifty 500,included,KIRLOSENG,25022019.pdf
2019-02-25,2019-03-29,Nifty 500,included,MAHSCOOTER,25022019.pdf
2019-02-25,2019-03-29,Nifty 500,included,MAHSEAMLES,25022019.pdf
2019-02-25,2019-03-29,Nifty 500,included,ORIENTELEC,25022019.pdf
2019-02-25,2019-03-29,Nifty 500,included,SHARDACROP,25022019.pdf
2019-02-25,2019-03-29,Nifty 500,included,SUPRAJIT,25022019.pdf
2019-02-25,2019-03-29,Nifty 500,included,TCNSBRANDS,25022019.pdf
2019-02-25,2019-03-29,Nifty 500,included,TRITURBINE,25022019.pdf
2019-02-25,2019-03-29,Nifty 500,included,VSTIND,25022019.pdf
2019-02-25,2019-03-29,Nifty 100,excluded,ABCAPITAL,25022019.pdf
2019-02-25,2019-03-29,Nifty 100,excluded,BEL,25022019.pdf
2019-02-25,2019-03-29,Nifty 100,excluded,LICHSGFIN,25022019.pdf
2019-02-25,2019-03-29,Nifty 100,excluded,OIL,25022019.pdf
2019-02-25,2019-03-29,Nifty 100,excluded,SUNTV,25022019.pdf
2019-02-25,2019-03-29,Nifty 100,included,BAJAJHLDNG,25022019.pdf
2019-02-25,2019-03-29,Nifty 100,included,DIVISLAB,25022019.pdf
2019-02-25,2019-03-29,Nifty 100,included,HDFCAMC,25022019.pdf
2019-02-25,2019-03-29,Nifty 100,included,PAGEIND,25022019.pdf
2019-02-25,2019-03-29,Nifty 100,included,UBL,25022019.pdf
2019-02-25,2019-03-29,Nifty Midcap 150,excluded,AARTIIND,25022019.pdf
2019-02-25,2019-03-29,Nifty Midcap 150,excluded,AVANTIFEED,25022019.pdf
2019-02-25,2019-03-29,Nifty Midcap 150,excluded,BAJAJHLDNG,25022019.pdf
2019-02-25,2019-03-29,Nifty Midcap 150,excluded,DIVISLAB,25022019.pdf
2019-02-25,2019-03-29,Nifty Midcap 150,excluded,GET&D,25022019.pdf
2019-02-25,2019-03-29,Nifty Midcap 150,excluded,PAGEIND,25022019.pdf
2019-02-25,2019-03-29,Nifty Midcap 150,excluded,PCJEWELLER,25022019.pdf
2019-02-25,2019-03-29,Nifty Midcap 150,excluded,TV18BRDCST,25022019.pdf
2019-02-25,2019-03-29,Nifty Midcap 150,excluded,UBL,25022019.pdf
2019-02-25,2019-03-29,Nifty Midcap 150,excluded,VAKRANGEE,25022019.pdf
2019-02-25,2019-03-29,Nifty Midcap 150,included,ABCAPITAL,25022019.pdf
2019-02-25,2019-03-29,Nifty Midcap 150,included,ATUL,25022019.pdf
2019-02-25,2019-03-29,Nifty Midcap 150,included,BEL,25022019.pdf
2019-02-25,2019-03-29,Nifty Midcap 150,included,ERIS,25022019.pdf
2019-02-25,2019-03-29,Nifty Midcap 150,included,GUJFLUORO,25022019.pdf
2019-02-25,2019-03-29,Nifty Midcap 150,included,IPCALAB,25022019.pdf
2019-02-25,2019-03-29,Nifty Midcap 150,included,LICHSGFIN,25022019.pdf
2019-02-25,2019-03-29,Nifty Midcap 150,included,OIL,25022019.pdf
2019-02-25,2019-03-29,Nifty Midcap 150,included,RELAXO,25022019.pdf
2019-02-25,2019-03-29,Nifty Midcap 150,included,SUNTV,25022019.pdf
2019-02-25,2019-03-29,Nifty Smallcap 250,excluded,8KMILES,25022019.pdf
2019-02-25,2019-03-29,Nifty Smallcap 250,excluded,ATUL,25022019.pdf
2019-02-25,2019-03-29,Nifty Smallcap 250,excluded,DEN,25022019.pdf
2019-02-25,2019-03-29,Nifty Smallcap 250,excluded,DREDGECORP,25022019.pdf
2019-02-25,2019-03-29,Nifty Smallcap 250,excluded,ERIS,25022019.pdf
2019-02-25,2019-03-29,Nifty Smallcap 250,excluded,EROSMEDIA,25022019.pdf
2019-02-25,2019-03-29,Nifty Smallcap 250,excluded,EVEREADY,25022019.pdf
2019-02-25,2019-03-29,Nifty Smallcap 250,excluded,GREENPLY,25022019.pdf
2019-02-25,2019-03-29,Nifty Smallcap 250,excluded,GUJFLUORO,25022019.pdf
2019-02-25,2019-03-29,Nifty Smallcap 250,excluded,GVKPIL,25022019.pdf
2019-02-25,2019-03-29,Nifty Smallcap 250,excluded,HCL-INSYS,25022019.pdf
2019-02-25,2019-03-29,Nifty Smallcap 250,excluded,HCC,25022019.pdf
2019-02-25,2019-03-29,Nifty Smallcap 250,excluded,IL&FSTRANS,25022019.pdf
2019-02-25,2019-03-29,Nifty Smallcap 250,excluded,ICIL,25022019.pdf
2019-02-25,2019-03-29,Nifty Smallcap 250,excluded,IPCALAB,25022019.pdf
2019-02-25,2019-03-29,Nifty Smallcap 250,excluded,JKIL,25022019.pdf
2019-02-25,2019-03-29,Nifty Smallcap 250,excluded,JPPOWER,25022019.pdf
2019-02-25,2019-03-29,Nifty Smallcap 250,excluded,MANPASAND,25022019.pdf
2019-02-25,2019-03-29,Nifty Smallcap 250,excluded,MCLEODRUSS,25022019.pdf
2019-02-25,2019-03-29,Nifty Smallcap 250,excluded,NAVKARCORP,25022019.pdf
2019-02-25,2019-03-29,Nifty Smallcap 250,excluded,PFS,25022019.pdf
2019-02-25,2019-03-29,Nifty Smallcap 250,excluded,RELAXO,25022019.pdf
2019-02-25,2019-03-29,Nifty Smallcap 250,excluded,RNAVAL,25022019.pdf
2019-02-25,2019-03-29,Nifty Smallcap 250,excluded,SADBHIN,25022019.pdf
2019-02-25,2019-03-29,Nifty Smallcap 250,excluded,TATASPONGE,25022019.pdf
2019-02-25,2019-03-29,Nifty Smallcap 250,excluded,TEXRAIL,25022019.pdf
2019-02-25,2019-03-29,Nifty Smallcap 250,excluded,TVSSRICHAK,25022019.pdf
2019-02-25,2019-03-29,Nifty Smallcap 250,excluded,UNICHEMLAB,25022019.pdf
2019-02-25,2019-03-29,Nifty Smallcap 250,included,AAVAS,25022019.pdf
2019-02-25,2019-03-29,Nifty Smallcap 250,included,ASTRAZEN,25022019.pdf
2019-02-25,2019-03-29,Nifty Smallcap 250,included,AVANTIFEED,25022019.pdf
2019-02-25,2019-03-29,Nifty Smallcap 250,included,MAHABANK,25022019.pdf
2019-02-25,2019-03-29,Nifty Smallcap 250,included,CESC,25022019.pdf
2019-02-25,2019-03-29,Nifty Smallcap 250,included,COX&KINGS,25022019.pdf
2019-02-25,2019-03-29,Nifty Smallcap 250,included,DEEPAKNTR,25022019.pdf
2019-02-25,2019-03-29,Nifty Smallcap 250,included,ESSELPACK,25022019.pdf
2019-02-25,2019-03-29,Nifty Smallcap 250,included,FINEORG,25022019.pdf
2019-02-25,2019-03-29,Nifty Smallcap 250,included,GET&D,25022019.pdf
2019-02-25,2019-03-29,Nifty Smallcap 250,included,ICRA,25022019.pdf
2019-02-25,2019-03-29,Nifty Smallcap 250,included,IBULISL,25022019.pdf
2019-02-25,2019-03-29,Nifty Smallcap 250,included,INDOSTAR,25022019.pdf
2019-02-25,2019-03-29,Nifty Smallcap 250,included,IRCON,25022019.pdf
2019-02-25,2019-03-29,Nifty Smallcap 250,included,JAMNAAUTO,25022019.pdf
2019-02-25,2019-03-29,Nifty Smallcap 250,included,JKPAPER,25022019.pdf
2019-02-25,2019-03-29,Nifty Smallcap 250,included,KEI,25022019.pdf
2019-02-25,2019-03-29,Nifty Smallcap 250,included,KIRLOSENG,25022019.pdf
2019-02-25,2019-03-29,Nifty Smallcap 250,included,MAHSCOOTER,25022019.pdf
2019-02-25,2019-03-29,Nifty Smallcap 250,included,MAHSEAMLES,25022019.pdf
2019-02-25,2019-03-29,Nifty Smallcap 250,included,ORIENTELEC,25022019.pdf
2019-02-25,2019-03-29,Nifty Smallcap 250,included,PCJEWELLER,25022019.pdf
2019-02-25,2019-03-29,Nifty Smallcap 250,included,SHARDACROP,25022019.pdf
2019-02-25,2019-03-29,Nifty Smallcap 250,included,SUPRAJIT,25022019.pdf
2019-02-25,2019-03-29,Nifty Smallcap 250,included,TCNSBRANDS,25022019.pdf
2019-02-25,2019-03-29,Nifty Smallcap 250,included,TRITURBINE,25022019.pdf
2019-02-25,2019-03-29,Nifty Smallcap 250,included,TV18BRDCST,25022019.pdf
2019-02-25,2019-03-29,Nifty Smallcap 250,included,VAKRANGEE,25022019.pdf
2019-02-25,2019-03-29,Nifty Smallcap 250,included,VSTIND,25022019.pdf
2019-02-25,2019-03-29,Nifty Midcap 50,excluded,DISHTV,25022019.pdf
2019-02-25,2019-03-29,Nifty Midcap 50,excluded,DIVISLAB,25022019.pdf
2019-02-25,2019-03-29,Nifty Midcap 50,excluded,PAGEIND,25022019.pdf
2019-02-25,2019-03-29,Nifty Midcap 50,excluded,RPOWER,25022019.pdf
2019-02-25,2019-03-29,Nifty Midcap 50,excluded,UBL,25022019.pdf
2019-02-25,2019-03-29,Nifty Midcap 50,included,ADANIPOWER,25022019.pdf
2019-02-25,2019-03-29,Nifty Midcap 50,included,BEL,25022019.pdf
2019-02-25,2019-03-29,Nifty Midcap 50,included,LICHSGFIN,25022019.pdf
2019-02-25,2019-03-29,Nifty Midcap 50,included,OIL,25022019.pdf
2019-02-25,2019-03-29,Nifty Midcap 50,included,SUNTV,25022019.pdf
2019-02-25,2019-03-29,Nifty Midcap 100,excluded,AVANTIFEED,25022019.pdf
2019-02-25,2019-03-29,Nifty Midcap 100,excluded,CENTRALBK,25022019.pdf
2019-02-25,2019-03-29,Nifty Midcap 100,excluded,DIVISLAB,25022019.pdf
2019-02-25,2019-03-29,Nifty Midcap 100,excluded,PAGEIND,25022019.pdf
2019-02-25,2019-03-29,Nifty Midcap 100,excluded,PCJEWELLER,25022019.pdf
2019-02-25,2019-03-29,Nifty Midcap 100,excluded,TV18BRDCST,25022019.pdf
2019-02-25,2019-03-29,Nifty Midcap 100,excluded,UBL,25022019.pdf
2019-02-25,2019-03-29,Nifty Midcap 100,excluded,VAKRANGEE,25022019.pdf
2019-02-25,2019-03-29,Nifty Midcap 100,included,ABCAPITAL,25022019.pdf
2019-02-25,2019-03-29,Nifty Midcap 100,included,BEL,25022019.pdf
2019-02-25,2019-03-29,Nifty Midcap 100,included,GSKCONS,25022019.pdf
2019-02-25,2019-03-29,Nifty Midcap 100,included,LTTS,25022019.pdf
2019-02-25,2019-03-29,Nifty Midcap 100,included,LICHSGFIN,25022019.pdf
2019-02-25,2019-03-29,Nifty Midcap 100,included,OIL,25022019.pdf
2019-02-25,2019-03-29,Nifty Midcap 100,included,PFIZER,25022019.pdf
2019-02-25,2019-03-29,Nifty Midcap 100,included,SUNTV,25022019.pdf
2019-02-25,2019-03-29,Nifty Smallcap 50,excluded,BEML,25022019.pdf
2019-02-25,2019-03-29,Nifty Smallcap 50,excluded,BOMDYEING,25022019.pdf
2019-02-25,2019-03-29,Nifty Smallcap 50,excluded,BSE,25022019.pdf
2019-02-25,2019-03-29,Nifty Smallcap 50,excluded,CGPOWER,25022019.pdf
2019-02-25,2019-03-29,Nifty Smallcap 50,excluded,INDIACEM,25022019.pdf
2019-02-25,2019-03-29,Nifty Smallcap 50,excluded,JPASSOCIAT,25022019.pdf
2019-02-25,2019-03-29,Nifty Smallcap 50,excluded,JETAIRWAYS,25022019.pdf
2019-02-25,2019-03-29,Nifty Smallcap 50,excluded,SOUTHBANK,25022019.pdf
2019-02-25,2019-03-29,Nifty Smallcap 50,excluded,SUZLON,25022019.pdf
2019-02-25,2019-03-29,Nifty Smallcap 50,excluded,UJJIVAN,25022019.pdf
2019-02-25,2019-03-29,Nifty Smallcap 50,included,AVANTIFEED,25022019.pdf
2019-02-25,2019-03-29,Nifty Smallcap 50,included,CESC,25022019.pdf
2019-02-25,2019-03-29,Nifty Smallcap 50,included,ITI,25022019.pdf
2019-02-25,2019-03-29,Nifty Smallcap 50,included,KAJARIACER,25022019.pdf
2019-02-25,2019-03-29,Nifty Smallcap 50,included,KARURVYSYA,25022019.pdf
2019-02-25,2019-03-29,Nifty Smallcap 50,included,LINDEINDIA,25022019.pdf
2019-02-25,2019-03-29,Nifty Smallcap 50,included,MERCK,25022019.pdf
2019-02-25,2019-03-29,Nifty Smallcap 50,included,PERSISTENT,25022019.pdf
2019-02-25,2019-03-29,Nifty Smallcap 50,included,TV18BRDCST,25022019.pdf
2019-02-25,2019-03-29,Nifty Smallcap 50,included,VIPIND,25022019.pdf
2019-02-25,2019-03-29,Nifty Smallcap 100,excluded,ATUL,25022019.pdf
2019-02-25,2019-03-29,Nifty Smallcap 100,excluded,HIMATSEIDE,25022019.pdf
2019-02-25,2019-03-29,Nifty Smallcap 100,excluded,IPCALAB,25022019.pdf
2019-02-25,2019-03-29,Nifty Smallcap 100,excluded,JPASSOCIAT,25022019.pdf
2019-02-25,2019-03-29,Nifty Smallcap 100,excluded,J&KBANK,25022019.pdf
2019-02-25,2019-03-29,Nifty Smallcap 100,excluded,JINDALSAW,25022019.pdf
2019-02-25,2019-03-29,Nifty Smallcap 100,excluded,JKTYRE,25022019.pdf
2019-02-25,2019-03-29,Nifty Smallcap 100,excluded,MANPASAND,25022019.pdf
2019-02-25,2019-03-29,Nifty Smallcap 100,excluded,REPCOHOME,25022019.pdf
2019-02-25,2019-03-29,Nifty Smallcap 100,excluded,RUPA,25022019.pdf
2019-02-25,2019-03-29,Nifty Smallcap 100,excluded,SHK,25022019.pdf
2019-02-25,2019-03-29,Nifty Smallcap 100,excluded,SHANKARA,25022019.pdf
2019-02-25,2019-03-29,Nifty Smallcap 100,excluded,SPTL,25022019.pdf
2019-02-25,2019-03-29,Nifty Smallcap 100,excluded,SREINFRA,25022019.pdf
2019-02-25,2019-03-29,Nifty Smallcap 100,excluded,VRLLOG,25022019.pdf
2019-02-25,2019-03-29,Nifty Smallcap 100,included,AVANTIFEED,25022019.pdf
2019-02-25,2019-03-29,Nifty Smallcap 100,included,CESC,25022019.pdf
2019-02-25,2019-03-29,Nifty Smallcap 100,included,CREDITACC,25022019.pdf
2019-02-25,2019-03-29,Nifty Smallcap 100,included,DCMSHRIRAM,25022019.pdf
2019-02-25,2019-03-29,Nifty Smallcap 100,included,DEEPAKNTR,25022019.pdf
2019-02-25,2019-03-29,Nifty Smallcap 100,included,LALPATHLAB,25022019.pdf
2019-02-25,2019-03-29,Nifty Smallcap 100,included,IRCON,25022019.pdf
2019-02-25,2019-03-29,Nifty Smallcap 100,included,KARURVYSYA,25022019.pdf
2019-02-25,2019-03-29,Nifty Smallcap 100,included,LINDEINDIA,25022019.pdf
2019-02-25,2019-03-29,Nifty Smallcap 100,included,MERCK,25022019.pdf
2019-02-25,2019-03-29,Nifty Smallcap 100,included,MINDAIND,25022019.pdf
2019-02-25,2019-03-29,Nifty Smallcap 100,included,SONATSOFTW,25022019.pdf
2019-02-25,2019-03-29,Nifty Smallcap 100,included,SUNTECK,25022019.pdf
2019-02-25,2019-03-29,Nifty Smallcap 100,included,TV18BRDCST,25022019.pdf
2019-02-25,2019-03-29,Nifty Smallcap 100,included,VAKRANGEE,25022019.pdf
2019-02-25,2019-03-29,Nifty 200,excluded,AVANTIFEED,25022019.pdf
2019-02-25,2019-03-29,Nifty 200,excluded,CENTRALBK,25022019.pdf
2019-02-25,2019-03-29,Nifty 200,excluded,PCJEWELLER,25022019.pdf
2019-02-25,2019-03-29,Nifty 200,excluded,TV18BRDCST,25022019.pdf
2019-02-25,2019-03-29,Nifty 200,excluded,VAKRANGEE,25022019.pdf
2019-02-25,2019-03-29,Nifty 200,included,BAJAJHLDNG,25022019.pdf
2019-02-25,2019-03-29,Nifty 200,included,GSKCONS,25022019.pdf
2019-02-25,2019-03-29,Nifty 200,included,HDFCAMC,25022019.pdf
2019-02-25,2019-03-29,Nifty 200,included,LTTS,25022019.pdf
2019-02-25,2019-03-29,Nifty 200,included,PFIZER,25022019.pdf
2024-02-28,2024-03-28,Nifty 50,excluded,UPL,28022024.pdf
2024-02-28,2024-03-28,Nifty 50,included,SHRIRAMFIN,28022024.pdf
2024-02-28,2024-03-28,Nifty Next 50,excluded,AWL,28022024.pdf
2024-02-28,2024-03-28,Nifty Next 50,excluded,MUTHOOTFIN,28022024.pdf
2024-02-28,2024-03-28,Nifty Next 50,excluded,PIIND,28022024.pdf
2024-02-28,2024-03-28,Nifty Next 50,excluded,PGHH,28022024.pdf
2024-02-28,2024-03-28,Nifty Next 50,excluded,SHRIRAMFIN,28022024.pdf
2024-02-28,2024-03-28,Nifty Next 50,included,ADANIPOWER,28022024.pdf
2024-02-28,2024-03-28,Nifty Next 50,included,IRFC,28022024.pdf
2024-02-28,2024-03-28,Nifty Next 50,included,JIOFIN,28022024.pdf
2024-02-28,2024-03-28,Nifty Next 50,included,PFC,28022024.pdf
2024-02-28,2024-03-28,Nifty Next 50,included,RECLTD,28022024.pdf
2024-02-28,2024-03-28,Nifty 500,excluded,AARTIDRUGS,28022024.pdf
2024-02-28,2024-03-28,Nifty 500,excluded,BCG,28022024.pdf
2024-02-28,2024-03-28,Nifty 500,excluded,DELTACORP,28022024.pdf
2024-02-28,2024-03-28,Nifty 500,excluded,EPIGRAL,28022024.pdf
2024-02-28,2024-03-28,Nifty 500,excluded,GRINFRA,28022024.pdf
2024-02-28,2024-03-28,Nifty 500,excluded,GALAXYSURF,28022024.pdf
2024-02-28,2024-03-28,Nifty 500,excluded,GOCOLORS,28022024.pdf
2024-02-28,2024-03-28,Nifty 500,excluded,GUJALKALI,28022024.pdf
2024-02-28,2024-03-28,Nifty 500,excluded,HLEGLAS,28022024.pdf
2024-02-28,2024-03-28,Nifty 500,excluded,INFIBEAM,28022024.pdf
2024-02-28,2024-03-28,Nifty 500,excluded,INGERRAND,28022024.pdf
2024-02-28,2024-03-28,Nifty 500,excluded,JAMNAAUTO,28022024.pdf
2024-02-28,2024-03-28,Nifty 500,excluded,LAXMIMACH,28022024.pdf
2024-02-28,2024-03-28,Nifty 500,excluded,LUXIND,28022024.pdf
2024-02-28,2024-03-28,Nifty 500,excluded,NAZARA,28022024.pdf
2024-02-28,2024-03-28,Nifty 500,excluded,ORIENTELEC,28022024.pdf
2024-02-28,2024-03-28,Nifty 500,excluded,PFIZER,28022024.pdf
2024-02-28,2024-03-28,Nifty 500,excluded,POLYPLEX,28022024.pdf
2024-02-28,2024-03-28,Nifty 500,excluded,PGHL,28022024.pdf
2024-02-28,2024-03-28,Nifty 500,excluded,RAIN,28022024.pdf
2024-02-28,2024-03-28,Nifty 500,excluded,RALLIS,28022024.pdf
2024-02-28,2024-03-28,Nifty 500,excluded,RELAXO,28022024.pdf
2024-02-28,2024-03-28,Nifty 500,excluded,ROSSARI,28022024.pdf
2024-02-28,2024-03-28,Nifty 500,excluded,SHARDACROP,28022024.pdf
2024-02-28,2024-03-28,Nifty 500,excluded,SFL,28022024.pdf
2024-02-28,2024-03-28,Nifty 500,excluded,SHOPERSTOP,28022024.pdf
2024-02-28,2024-03-28,Nifty 500,excluded,SUPRAJIT,28022024.pdf
2024-02-28,2024-03-28,Nifty 500,excluded,SYMPHONY,28022024.pdf
2024-02-28,2024-03-28,Nifty 500,excluded,TEAMLEASE,28022024.pdf
2024-02-28,2024-03-28,Nifty 500,excluded,TTKPRESTIG,28022024.pdf
2024-02-28,2024-03-28,Nifty 500,excluded,VGUARD,28022024.pdf
2024-02-28,2024-03-28,Nifty 500,excluded,VINATIORGA,28022024.pdf
2024-02-28,2024-03-28,Nifty 500,excluded,VMART,28022024.pdf
2024-02-28,2024-03-28,Nifty 500,excluded,ZYDUSWELL,28022024.pdf
2024-02-28,2024-03-28,Nifty 500,included,ACE,28022024.pdf
2024-02-28,2024-03-28,Nifty 500,included,ANANDRATHI,28022024.pdf
2024-02-28,2024-03-28,Nifty 500,included,ASTRAZEN,28022024.pdf
2024-02-28,2024-03-28,Nifty 500,included,CAPLIPOINT,28022024.pdf
2024-02-28,2024-03-28,Nifty 500,included,CELLO,28022024.pdf
2024-02-28,2024-03-28,Nifty 500,included,CHENNPETRO,28022024.pdf
2024-02-28,2024-03-28,Nifty 500,included,DOMS,28022024.pdf
2024-02-28,2024-03-28,Nifty 500,included,ELECON,28022024.pdf
2024-02-28,2024-03-28,Nifty 500,included,GRSE,28022024.pdf
2024-02-28,2024-03-28,Nifty 500,included,GMDCLTD,28022024.pdf
2024-02-28,2024-03-28,Nifty 500,included,HAPPYFORGE,28022024.pdf
2024-02-28,2024-03-28,Nifty 500,included,HBLPOWER,28022024.pdf
2024-02-28,2024-03-28,Nifty 500,included,HSCL,28022024.pdf
2024-02-28,2024-03-28,Nifty 500,included,HONASA,28022024.pdf
2024-02-28,2024-03-28,Nifty 500,included,IREDA,28022024.pdf
2024-02-28,2024-03-28,Nifty 500,included,INOXWIND,28022024.pdf
2024-02-28,2024-03-28,Nifty 500,included,JAIBALAJI,28022024.pdf
2024-02-28,2024-03-28,Nifty 500,included,J&KBANK,28022024.pdf
2024-02-28,2024-03-28,Nifty 500,included,JIOFIN,28022024.pdf
2024-02-28,2024-03-28,Nifty 500,included,JSWINFRA,28022024.pdf
2024-02-28,2024-03-28,Nifty 500,included,JWL,28022024.pdf
2024-02-28,2024-03-28,Nifty 500,included,LLOYDSME,28022024.pdf
2024-02-28,2024-03-28,Nifty 500,included,MAHSEAMLES,28022024.pdf
2024-02-28,2024-03-28,Nifty 500,included,NUVAMA,28022024.pdf
2024-02-28,2024-03-28,Nifty 500,included,RRKABEL,28022024.pdf
2024-02-28,2024-03-28,Nifty 500,included,RAILTEL,28022024.pdf
2024-02-28,2024-03-28,Nifty 500,included,RKFORGE,28022024.pdf
2024-02-28,2024-03-28,Nifty 500,included,SBFC,28022024.pdf
2024-02-28,2024-03-28,Nifty 500,included,SCHNEIDER,28022024.pdf
2024-02-28,2024-03-28,Nifty 500,included,SIGNATURE,28022024.pdf
2024-02-28,2024-03-28,Nifty 500,included,TMB,28022024.pdf
2024-02-28,2024-03-28,Nifty 500,included,TATATECH,28022024.pdf
2024-02-28,2024-03-28,Nifty 500,included,TITAGARH,28022024.pdf
2024-02-28,2024-03-28,Nifty 500,included,TVSSCS,28022024.pdf
2024-02-28,2024-03-28,Nifty 100,excluded,AWL,28022024.pdf
2024-02-28,2024-03-28,Nifty 100,excluded,MUTHOOTFIN,28022024.pdf
2024-02-28,2024-03-28,Nifty 100,excluded,PIIND,28022024.pdf
2024-02-28,2024-03-28,Nifty 100,excluded,PGHH,28022024.pdf
2024-02-28,2024-03-28,Nifty 100,excluded,UPL,28022024.pdf
2024-02-28,2024-03-28,Nifty 100,included,ADANIPOWER,28022024.pdf
2024-02-28,2024-03-28,Nifty 100,included,IRFC,28022024.pdf
2024-02-28,2024-03-28,Nifty 100,included,JIOFIN,28022024.pdf
2024-02-28,2024-03-28,Nifty 100,included,PFC,28022024.pdf
2024-02-28,2024-03-28,Nifty 100,included,RECLTD,28022024.pdf
2024-02-28,2024-03-28,Nifty Midcap 150,excluded,AARTIIND,28022024.pdf
2024-02-28,2024-03-28,Nifty Midcap 150,excluded,ADANIPOWER,28022024.pdf
2024-02-28,2024-03-28,Nifty Midcap 150,excluded,BLUEDART,28022024.pdf
2024-02-28,2024-03-28,Nifty Midcap 150,excluded,CROMPTON,28022024.pdf
2024-02-28,2024-03-28,Nifty Midcap 150,excluded,IRFC,28022024.pdf
2024-02-28,2024-03-28,Nifty Midcap 150,excluded,NAVINFLUOR,28022024.pdf
2024-02-28,2024-03-28,Nifty Midcap 150,excluded,PFIZER,28022024.pdf
2024-02-28,2024-03-28,Nifty Midcap 150,excluded,PFC,28022024.pdf
2024-02-28,2024-03-28,Nifty Midcap 150,excluded,RAJESHEXPO,28022024.pdf
2024-02-28,2024-03-28,Nifty Midcap 150,excluded,RECLTD,28022024.pdf
2024-02-28,2024-03-28,Nifty Midcap 150,excluded,RELAXO,28022024.pdf
2024-02-28,2024-03-28,Nifty Midcap 150,excluded,TRIDENT,28022024.pdf
2024-02-28,2024-03-28,Nifty Midcap 150,excluded,VINATIORGA,28022024.pdf
2024-02-28,2024-03-28,Nifty Midcap 150,excluded,WHIRLPOOL,28022024.pdf
2024-02-28,2024-03-28,Nifty Midcap 150,included,AWL,28022024.pdf
2024-02-28,2024-03-28,Nifty Midcap 150,included,IDBI,28022024.pdf
2024-02-28,2024-03-28,Nifty Midcap 150,included,IREDA,28022024.pdf
2024-02-28,2024-03-28,Nifty Midcap 150,included,JSWINFRA,28022024.pdf
2024-02-28,2024-03-28,Nifty Midcap 150,included,KALYANKJIL,28022024.pdf
2024-02-28,2024-03-28,Nifty Midcap 150,included,KEI,28022024.pdf
2024-02-28,2024-03-28,Nifty Midcap 150,included,LLOYDSME,28022024.pdf
2024-02-28,2024-03-28,Nifty Midcap 150,included,MUTHOOTFIN,28022024.pdf
2024-02-28,2024-03-28,Nifty Midcap 150,included,PIIND,28022024.pdf
2024-02-28,2024-03-28,Nifty Midcap 150,included,PGHH,28022024.pdf
2024-02-28,2024-03-28,Nifty Midcap 150,included,SJVN,28022024.pdf
2024-02-28,2024-03-28,Nifty Midcap 150,included,SUZLON,28022024.pdf
2024-02-28,2024-03-28,Nifty Midcap 150,included,TATATECH,28022024.pdf
2024-02-28,2024-03-28,Nifty Midcap 150,included,UPL,28022024.pdf
2024-02-28,2024-03-28,Nifty Smallcap 250,excluded,AARTIDRUGS,28022024.pdf
2024-02-28,2024-03-28,Nifty Smallcap 250,excluded,BCG,28022024.pdf
2024-02-28,2024-03-28,Nifty Smallcap 250,excluded,DELTACORP,28022024.pdf
2024-02-28,2024-03-28,Nifty Smallcap 250,excluded,EPIGRAL,28022024.pdf
2024-02-28,2024-03-28,Nifty Smallcap 250,excluded,GRINFRA,28022024.pdf
2024-02-28,2024-03-28,Nifty Smallcap 250,excluded,GALAXYSURF,28022024.pdf
2024-02-28,2024-03-28,Nifty Smallcap 250,excluded,GOCOLORS,28022024.pdf
2024-02-28,2024-03-28,Nifty Smallcap 250,excluded,GUJALKALI,28022024.pdf
2024-02-28,2024-03-28,Nifty Smallcap 250,excluded,HLEGLAS,28022024.pdf
2024-02-28,2024-03-28,Nifty Smallcap 250,excluded,IDBI,28022024.pdf
2024-02-28,2024-03-28,Nifty Smallcap 250,excluded,INFIBEAM,28022024.pdf
2024-02-28,2024-03-28,Nifty Smallcap 250,excluded,INGERRAND,28022024.pdf
2024-02-28,2024-03-28,Nifty Smallcap 250,excluded,JAMNAAUTO,28022024.pdf
2024-02-28,2024-03-28,Nifty Smallcap 250,excluded,KALYANKJIL,28022024.pdf
2024-02-28,2024-03-28,Nifty Smallcap 250,excluded,KEI,28022024.pdf
2024-02-28,2024-03-28,Nifty Smallcap 250,excluded,LAXMIMACH,28022024.pdf
2024-02-28,2024-03-28,Nifty Smallcap 250,excluded,LUXIND,28022024.pdf
2024-02-28,2024-03-28,Nifty Smallcap 250,excluded,NAZARA,28022024.pdf
2024-02-28,2024-03-28,Nifty Smallcap 250,excluded,ORIENTELEC,28022024.pdf
2024-02-28,2024-03-28,Nifty Smallcap 250,excluded,POLYPLEX,28022024.pdf
2024-02-28,2024-03-28,Nifty Smallcap 250,excluded,PGHL,28022024.pdf
2024-02-28,2024-03-28,Nifty Smallcap 250,excluded,RAIN,28022024.pdf
2024-02-28,2024-03-28,Nifty Smallcap 250,excluded,RALLIS,28022024.pdf
2024-02-28,2024-03-28,Nifty Smallcap 250,excluded,ROSSARI,28022024.pdf
2024-02-28,2024-03-28,Nifty Smallcap 250,excluded,SHARDACROP,28022024.pdf
2024-02-28,2024-03-28,Nifty Smallcap 250,excluded,SFL,28022024.pdf
2024-02-28,2024-03-28,Nifty Smallcap 250,excluded,SHOPERSTOP,28022024.pdf
2024-02-28,2024-03-28,Nifty Smallcap 250,excluded,SJVN,28022024.pdf
2024-02-28,2024-03-28,Nifty Smallcap 250,excluded,SUPRAJIT,28022024.pdf
2024-02-28,2024-03-28,Nifty Smallcap 250,excluded,SUZLON,28022024.pdf
2024-02-28,2024-03-28,Nifty Smallcap 250,excluded,SYMPHONY,28022024.pdf
2024-02-28,2024-03-28,Nifty Smallcap 250,excluded,TEAMLEASE,28022024.pdf
2024-02-28,2024-03-28,Nifty Smallcap 250,excluded,TTKPRESTIG,28022024.pdf
2024-02-28,2024-03-28,Nifty Smallcap 250,excluded,VGUARD,28022024.pdf
2024-02-28,2024-03-28,Nifty Smallcap 250,excluded,VMART,28022024.pdf
2024-02-28,2024-03-28,Nifty Smallcap 250,excluded,ZYDUSWELL,28022024.pdf
2024-02-28,2024-03-28,Nifty Smallcap 250,included,AARTIIND,28022024.pdf
2024-02-28,2024-03-28,Nifty Smallcap 250,included,ACE,28022024.pdf
2024-02-28,2024-03-28,Nifty Smallcap 250,included,ANANDRATHI,28022024.pdf
2024-02-28,2024-03-28,Nifty Smallcap 250,included,ASTRAZEN,28022024.pdf
2024-02-28,2024-03-28,Nifty Smallcap 250,included,BLUEDART,28022024.pdf
2024-02-28,2024-03-28,Nifty Smallcap 250,included,CAPLIPOINT,28022024.pdf
2024-02-28,2024-03-28,Nifty Smallcap 250,included,CELLO,28022024.pdf
2024-02-28,2024-03-28,Nifty Smallcap 250,included,CHENNPETRO,28022024.pdf
2024-02-28,2024-03-28,Nifty Smallcap 250,included,CROMPTON,28022024.pdf
2024-02-28,2024-03-28,Nifty Smallcap 250,included,DOMS,28022024.pdf
2024-02-28,2024-03-28,Nifty Smallcap 250,included,ELECON,28022024.pdf
2024-02-28,2024-03-28,Nifty Smallcap 250,included,GRSE,28022024.pdf
2024-02-28,2024-03-28,Nifty Smallcap 250,included,GMDCLTD,28022024.pdf
2024-02-28,2024-03-28,Nifty Smallcap 250,included,HAPPYFORGE,28022024.pdf
2024-02-28,2024-03-28,Nifty Smallcap 250,included,HBLPOWER,28022024.pdf
2024-02-28,2024-03-28,Nifty Smallcap 250,included,HSCL,28022024.pdf
2024-02-28,2024-03-28,Nifty Smallcap 250,included,HONASA,28022024.pdf
2024-02-28,2024-03-28,Nifty Smallcap 250,included,INOXWIND,28022024.pdf
2024-02-28,2024-03-28,Nifty Smallcap 250,included,JAIBALAJI,28022024.pdf
2024-02-28,2024-03-28,Nifty Smallcap 250,included,J&KBANK,28022024.pdf
2024-02-28,2024-03-28,Nifty Smallcap 250,included,JWL,28022024.pdf
2024-02-28,2024-03-28,Nifty Smallcap 250,included,MAHSEAMLES,28022024.pdf
2024-02-28,2024-03-28,Nifty Smallcap 250,included,NAVINFLUOR,28022024.pdf
2024-02-28,2024-03-28,Nifty Smallcap 250,included,NUVAMA,28022024.pdf
2024-02-28,2024-03-28,Nifty Smallcap 250,included,RRKABEL,28022024.pdf
2024-02-28,2024-03-28,Nifty Smallcap 250,included,RAILTEL,28022024.pdf
2024-02-28,2024-03-28,Nifty Smallcap 250,included,RAJESHEXPO,28022024.pdf
2024-02-28,2024-03-28,Nifty Smallcap 250,included,RKFORGE,28022024.pdf
2024-02-28,2024-03-28,Nifty Smallcap 250,included,SBFC,28022024.pdf
2024-02-28,2024-03-28,Nifty Smallcap 250,included,SCHNEIDER,28022024.pdf
2024-02-28,2024-03-28,Nifty Smallcap 250,included,SIGNATURE,28022024.pdf
2024-02-28,2024-03-28,Nifty Smallcap 250,included,TMB,28022024.pdf
2024-02-28,2024-03-28,Nifty Smallcap 250,included,TITAGARH,28022024.pdf
2024-02-28,2024-03-28,Nifty Smallcap 250,included,TRIDENT,28022024.pdf
2024-02-28,2024-03-28,Nifty Smallcap 250,included,TVSSCS,28022024.pdf
2024-02-28,2024-03-28,Nifty Smallcap 250,included,WHIRLPOOL,28022024.pdf
2024-02-28,2024-03-28,Nifty Midcap 50,excluded,ABBOTINDIA,28022024.pdf
2024-02-28,2024-03-28,Nifty Midcap 50,excluded,BATAINDIA,28022024.pdf
2024-02-28,2024-03-28,Nifty Midcap 50,excluded,BIOCON,28022024.pdf
2024-02-28,2024-03-28,Nifty Midcap 50,excluded,IGL,28022024.pdf
2024-02-28,2024-03-28,Nifty Midcap 50,excluded,LICHSGFIN,28022024.pdf
2024-02-28,2024-03-28,Nifty Midcap 50,excluded,PFC,28022024.pdf
2024-02-28,2024-03-28,Nifty Midcap 50,excluded,RECLTD,28022024.pdf
2024-02-28,2024-03-28,Nifty Midcap 50,excluded,UBL,28022024.pdf
2024-02-28,2024-03-28,Nifty Midcap 50,excluded,VOLTAS,28022024.pdf
2024-02-28,2024-03-28,Nifty Midcap 50,excluded,ZEEL,28022024.pdf
2024-02-28,2024-03-28,Nifty Midcap 50,included,BHEL,28022024.pdf
2024-02-28,2024-03-28,Nifty Midcap 50,included,DIXON,28022024.pdf
2024-02-28,2024-03-28,Nifty Midcap 50,included,GMRINFRA,28022024.pdf
2024-02-28,2024-03-28,Nifty Midcap 50,included,L&TFH,28022024.pdf
2024-02-28,2024-03-28,Nifty Midcap 50,included,MAXHEALTH,28022024.pdf
2024-02-28,2024-03-28,Nifty Midcap 50,included,PIIND,28022024.pdf
2024-02-28,2024-03-28,Nifty Midcap 50,included,SUZLON,28022024.pdf
2024-02-28,2024-03-28,Nifty Midcap 50,included,TIINDIA,28022024.pdf
2024-02-28,2024-03-28,Nifty Midcap 50,included,UPL,28022024.pdf
2024-02-28,2024-03-28,Nifty Midcap 50,included,YESBANK,28022024.pdf
2024-02-28,2024-03-28,Nifty Midcap 100,excluded,ADANIPOWER,28022024.pdf
2024-02-28,2024-03-28,Nifty Midcap 100,excluded,BATAINDIA,28022024.pdf
2024-02-28,2024-03-28,Nifty Midcap 100,excluded,COROMANDEL,28022024.pdf
2024-02-28,2024-03-28,Nifty Midcap 100,excluded,CROMPTON,28022024.pdf
2024-02-28,2024-03-28,Nifty Midcap 100,excluded,DEVYANI,28022024.pdf
2024-02-28,2024-03-28,Nifty Midcap 100,excluded,FLUOROCHEM,28022024.pdf
2024-02-28,2024-03-28,Nifty Midcap 100,excluded,IRFC,28022024.pdf
2024-02-28,2024-03-28,Nifty Midcap 100,excluded,MSUMI,28022024.pdf
2024-02-28,2024-03-28,Nifty Midcap 100,excluded,NAVINFLUOR,28022024.pdf
2024-02-28,2024-03-28,Nifty Midcap 100,excluded,PFC,28022024.pdf
2024-02-28,2024-03-28,Nifty Midcap 100,excluded,RECLTD,28022024.pdf
2024-02-28,2024-03-28,Nifty Midcap 100,excluded,RAMCOCEM,28022024.pdf
2024-02-28,2024-03-28,Nifty Midcap 100,excluded,UBL,28022024.pdf
2024-02-28,2024-03-28,Nifty Midcap 100,included,MAHABANK,28022024.pdf
2024-02-28,2024-03-28,Nifty Midcap 100,included,GMRINFRA,28022024.pdf
2024-02-28,2024-03-28,Nifty Midcap 100,included,IDBI,28022024.pdf
2024-02-28,2024-03-28,Nifty Midcap 100,included,IREDA,28022024.pdf
2024-02-28,2024-03-28,Nifty Midcap 100,included,JSWINFRA,28022024.pdf
2024-02-28,2024-03-28,Nifty Midcap 100,included,KALYANKJIL,28022024.pdf
2024-02-28,2024-03-28,Nifty Midcap 100,included,OFSS,28022024.pdf
2024-02-28,2024-03-28,Nifty Midcap 100,included,PIIND,28022024.pdf
2024-02-28,2024-03-28,Nifty Midcap 100,included,SJVN,28022024.pdf
2024-02-28,2024-03-28,Nifty Midcap 100,included,SUPREMEIND,28022024.pdf
2024-02-28,2024-03-28,Nifty Midcap 100,included,SUZLON,28022024.pdf
2024-02-28,2024-03-28,Nifty Midcap 100,included,TATATECH,28022024.pdf
2024-02-28,2024-03-28,Nifty Midcap 100,included,UPL,28022024.pdf
2024-02-28,2024-03-28,Nifty Smallcap 50,excluded,ANURAS,28022024.pdf
2024-02-28,2024-03-28,Nifty Smallcap 50,excluded,BIKAJI,28022024.pdf
2024-02-28,2024-03-28,Nifty Smallcap 50,excluded,CAMPUS,28022024.pdf
2024-02-28,2024-03-28,Nifty Smallcap 50,excluded,CHAMBLFERT,28022024.pdf
2024-02-28,2024-03-28,Nifty Smallcap 50,excluded,CIEINDIA,28022024.pdf
2024-02-28,2024-03-28,Nifty Smallcap 50,excluded,MEDANTA,28022024.pdf
2024-02-28,2024-03-28,Nifty Smallcap 50,excluded,HINDCOPPER,28022024.pdf
2024-02-28,2024-03-28,Nifty Smallcap 50,excluded,IDBI,28022024.pdf
2024-02-28,2024-03-28,Nifty Smallcap 50,excluded,IOB,28022024.pdf
2024-02-28,2024-03-28,Nifty Smallcap 50,excluded,IRB,28022024.pdf
2024-02-28,2024-03-28,Nifty Smallcap 50,excluded,JBCHEPHARM,28022024.pdf
2024-02-28,2024-03-28,Nifty Smallcap 50,excluded,JBMA,28022024.pdf
2024-02-28,2024-03-28,Nifty Smallcap 50,excluded,KALYANKJIL,28022024.pdf
2024-02-28,2024-03-28,Nifty Smallcap 50,excluded,KEI,28022024.pdf
2024-02-28,2024-03-28,Nifty Smallcap 50,excluded,MRPL,28022024.pdf
2024-02-28,2024-03-28,Nifty Smallcap 50,excluded,REDINGTON,28022024.pdf
2024-02-28,2024-03-28,Nifty Smallcap 50,excluded,ROUTE,28022024.pdf
2024-02-28,2024-03-28,Nifty Smallcap 50,excluded,RENUKA,28022024.pdf
2024-02-28,2024-03-28,Nifty Smallcap 50,excluded,SUZLON,28022024.pdf
2024-02-28,2024-03-28,Nifty Smallcap 50,excluded,UCOBANK,28022024.pdf
2024-02-28,2024-03-28,Nifty Smallcap 50,excluded,UTIAMC,28022024.pdf
2024-02-28,2024-03-28,Nifty Smallcap 50,excluded,WELSPUNLIV,28022024.pdf
2024-02-28,2024-03-28,Nifty Smallcap 50,included,AARTIIND,28022024.pdf
2024-02-28,2024-03-28,Nifty Smallcap 50,included,AAVAS,28022024.pdf
2024-02-28,2024-03-28,Nifty Smallcap 50,included,APARINDS,28022024.pdf
2024-02-28,2024-03-28,Nifty Smallcap 50,included,BSE,28022024.pdf
2024-02-28,2024-03-28,Nifty Smallcap 50,included,CASTROLIND,28022024.pdf
2024-02-28,2024-03-28,Nifty Smallcap 50,included,CENTURYTEX,28022024.pdf
2024-02-28,2024-03-28,Nifty Smallcap 50,included,CREDITACC,28022024.pdf
2024-02-28,2024-03-28,Nifty Smallcap 50,included,CROMPTON,28022024.pdf
2024-02-28,2024-03-28,Nifty Smallcap 50,included,EQUITASBNK,28022024.pdf
2024-02-28,2024-03-28,Nifty Smallcap 50,included,FIVESTAR,28022024.pdf
2024-02-28,2024-03-28,Nifty Smallcap 50,included,GESHIP,28022024.pdf
2024-02-28,2024-03-28,Nifty Smallcap 50,included,GSPL,28022024.pdf
2024-02-28,2024-03-28,Nifty Smallcap 50,included,HAPPSTMNDS,28022024.pdf
2024-02-28,2024-03-28,Nifty Smallcap 50,included,IIFL,28022024.pdf
2024-02-28,2024-03-28,Nifty Smallcap 50,included,KARURVYSYA,28022024.pdf
2024-02-28,2024-03-28,Nifty Smallcap 50,included,MCX,28022024.pdf
2024-02-28,2024-03-28,Nifty Smallcap 50,included,NH,28022024.pdf
2024-02-28,2024-03-28,Nifty Smallcap 50,included,NATCOPHARM,28022024.pdf
2024-02-28,2024-03-28,Nifty Smallcap 50,included,NAVINFLUOR,28022024.pdf
2024-02-28,2024-03-28,Nifty Smallcap 50,included,NCC,28022024.pdf
2024-02-28,2024-03-28,Nifty Smallcap 50,included,NAM-INDIA,28022024.pdf
2024-02-28,2024-03-28,Nifty Smallcap 50,included,RKFORGE,28022024.pdf
2024-02-28,2024-03-28,Nifty Smallcap 50,included,ZENSARTECH,28022024.pdf
2024-02-28,2024-03-28,Nifty Smallcap 100,excluded,AEGISCHEM,28022024.pdf
2024-02-28,2024-03-28,Nifty Smallcap 100,excluded,ANURAS,28022024.pdf
2024-02-28,2024-03-28,Nifty Smallcap 100,excluded,BALAMINES,28022024.pdf
2024-02-28,2024-03-28,Nifty Smallcap 100,excluded,BALRAMCHIN,28022024.pdf
2024-02-28,2024-03-28,Nifty Smallcap 100,excluded,BIKAJI,28022024.pdf
2024-02-28,2024-03-28,Nifty Smallcap 100,excluded,BIRLACORPN,28022024.pdf
2024-02-28,2024-03-28,Nifty Smallcap 100,excluded,CAMPUS,28022024.pdf
2024-02-28,2024-03-28,Nifty Smallcap 100,excluded,DEEPAKFERT,28022024.pdf
2024-02-28,2024-03-28,Nifty Smallcap 100,excluded,EASEMYTRIP,28022024.pdf
2024-02-28,2024-03-28,Nifty Smallcap 100,excluded,ELGIEQUIP,28022024.pdf
2024-02-28,2024-03-28,Nifty Smallcap 100,excluded,GRANULES,28022024.pdf
2024-02-28,2024-03-28,Nifty Smallcap 100,excluded,IDBI,28022024.pdf
2024-02-28,2024-03-28,Nifty Smallcap 100,excluded,JKLAKSHMI,28022024.pdf
2024-02-28,2024-03-28,Nifty Smallcap 100,excluded,JUBLINGREA,28022024.pdf
2024-02-28,2024-03-28,Nifty Smallcap 100,excluded,KALYANKJIL,28022024.pdf
2024-02-28,2024-03-28,Nifty Smallcap 100,excluded,KEI,28022024.pdf
2024-02-28,2024-03-28,Nifty Smallcap 100,excluded,KRBL,28022024.pdf
2024-02-28,2024-03-28,Nifty Smallcap 100,excluded,LATENTVIEW,28022024.pdf
2024-02-28,2024-03-28,Nifty Smallcap 100,excluded,LXCHEM,28022024.pdf
2024-02-28,2024-03-28,Nifty Smallcap 100,excluded,MEDPLUS,28022024.pdf
2024-02-28,2024-03-28,Nifty Smallcap 100,excluded,METROPOLIS,28022024.pdf
2024-02-28,2024-03-28,Nifty Smallcap 100,excluded,ROUTE,28022024.pdf
2024-02-28,2024-03-28,Nifty Smallcap 100,excluded,SJVN,28022024.pdf
2024-02-28,2024-03-28,Nifty Smallcap 100,excluded,SUZLON,28022024.pdf
2024-02-28,2024-03-28,Nifty Smallcap 100,excluded,UTIAMC,28022024.pdf
2024-02-28,2024-03-28,Nifty Smallcap 100,excluded,VIPIND,28022024.pdf
2024-02-28,2024-03-28,Nifty Smallcap 100,included,AARTIIND,28022024.pdf
2024-02-28,2024-03-28,Nifty Smallcap 100,included,ALOKINDS,28022024.pdf
2024-02-28,2024-03-28,Nifty Smallcap 100,included,CASTROLIND,28022024.pdf
2024-02-28,2024-03-28,Nifty Smallcap 100,included,CROMPTON,28022024.pdf
2024-02-28,2024-03-28,Nifty Smallcap 100,included,FIVESTAR,28022024.pdf
2024-02-28,2024-03-28,Nifty Smallcap 100,included,GESHIP,28022024.pdf
2024-02-28,2024-03-28,Nifty Smallcap 100,included,GMDCLTD,28022024.pdf
2024-02-28,2024-03-28,Nifty Smallcap 100,included,GSPL,28022024.pdf
2024-02-28,2024-03-28,Nifty Smallcap 100,included,HSCL,28022024.pdf
2024-02-28,2024-03-28,Nifty Smallcap 100,included,HONASA,28022024.pdf
2024-02-28,2024-03-28,Nifty Smallcap 100,included,IRCON,28022024.pdf
2024-02-28,2024-03-28,Nifty Smallcap 100,included,ITI,28022024.pdf
2024-02-28,2024-03-28,Nifty Smallcap 100,included,J&KBANK,28022024.pdf
2024-02-28,2024-03-28,Nifty Smallcap 100,included,NH,28022024.pdf
2024-02-28,2024-03-28,Nifty Smallcap 100,included,NAVINFLUOR,28022024.pdf
2024-02-28,2024-03-28,Nifty Smallcap 100,included,NCC,28022024.pdf
2024-02-28,2024-03-28,Nifty Smallcap 100,included,NAM-INDIA,28022024.pdf
2024-02-28,2024-03-28,Nifty Smallcap 100,included,OLECTRA,28022024.pdf
2024-02-28,2024-03-28,Nifty Smallcap 100,included,RRKABEL,28022024.pdf
2024-02-28,2024-03-28,Nifty Smallcap 100,included,RKFORGE,28022024.pdf
2024-02-28,2024-03-28,Nifty Smallcap 100,included,SHYAMMETL,28022024.pdf
2024-02-28,2024-03-28,Nifty Smallcap 100,included,SWANENERGY,28022024.pdf
2024-02-28,2024-03-28,Nifty Smallcap 100,included,TATAINVEST,28022024.pdf
2024-02-28,2024-03-28,Nifty Smallcap 100,included,TITAGARH,28022024.pdf
2024-02-28,2024-03-28,Nifty Smallcap 100,included,TRIDENT,28022024.pdf
2024-02-28,2024-03-28,Nifty Smallcap 100,included,UJJIVANSFB,28022024.pdf
2024-02-28,2024-03-28,Nifty 200,excluded,AWL,28022024.pdf
2024-02-28,2024-03-28,Nifty 200,excluded,BATAINDIA,28022024.pdf
2024-02-28,2024-03-28,Nifty 200,excluded,COROMANDEL,28022024.pdf
2024-02-28,2024-03-28,Nifty 200,excluded,CROMPTON,28022024.pdf
2024-02-28,2024-03-28,Nifty 200,excluded,DEVYANI,28022024.pdf
2024-02-28,2024-03-28,Nifty 200,excluded,FLUOROCHEM,28022024.pdf
2024-02-28,2024-03-28,Nifty 200,excluded,MSUMI,28022024.pdf
2024-02-28,2024-03-28,Nifty 200,excluded,MUTHOOTFIN,28022024.pdf
2024-02-28,2024-03-28,Nifty 200,excluded,NAVINFLUOR,28022024.pdf
2024-02-28,2024-03-28,Nifty 200,excluded,PGHH,28022024.pdf
2024-02-28,2024-03-28,Nifty 200,excluded,RAMCOCEM,28022024.pdf
2024-02-28,2024-03-28,Nifty 200,excluded,UBL,28022024.pdf
2024-02-28,2024-03-28,Nifty 200,included,MAHABANK,28022024.pdf
2024-02-28,2024-03-28,Nifty 200,included,GMRINFRA,28022024.pdf
2024-02-28,2024-03-28,Nifty 200,included,IDBI,28022024.pdf
2024-02-28,2024-03-28,Nifty 200,included,IREDA,28022024.pdf
2024-02-28,2024-03-28,Nifty 200,included,JIOFIN,28022024.pdf
2024-02-28,2024-03-28,Nifty 200,included,JSWINFRA,28022024.pdf
2024-02-28,2024-03-28,Nifty 200,included,KALYANKJIL,28022024.pdf
2024-02-28,2024-03-28,Nifty 200,included,OFSS,28022024.pdf
2024-02-28,2024-03-28,Nifty 200,included,SJVN,28022024.pdf
2024-02-28,2024-03-28,Nifty 200,included,SUPREMEIND,28022024.pdf
2024-02-28,2024-03-28,Nifty 200,included,SUZLON,28022024.pdf
2024-02-28,2024-03-28,Nifty 200,included,TATATECH,28022024.pdf
2017-08-28,2017-09-29,Nifty 50,excluded,ACC,28082017.pdf
2017-08-28,2017-09-29,Nifty 50,excluded,BANKBARODA,28082017.pdf
2017-08-28,2017-09-29,Nifty 50,excluded,TATAPOWER,28082017.pdf
2017-08-28,2017-09-29,Nifty 50,excluded,TATAMTRDVR,28082017.pdf
2017-08-28,2017-09-29,Nifty 50,included,BAJFINANCE,28082017.pdf
2017-08-28,2017-09-29,Nifty 50,included,HINDPETRO,28082017.pdf
2017-08-28,2017-09-29,Nifty 50,included,UPL,28082017.pdf
2017-08-28,2017-09-29,Nifty Next 50,excluded,BAJFINANCE,28082017.pdf
2017-08-28,2017-09-29,Nifty Next 50,excluded,DIVISLAB,28082017.pdf
2017-08-28,2017-09-29,Nifty Next 50,excluded,HINDPETRO,28082017.pdf
2017-08-28,2017-09-29,Nifty Next 50,excluded,UBL,28082017.pdf
2017-08-28,2017-09-29,Nifty Next 50,excluded,UPL,28082017.pdf
2017-08-28,2017-09-29,Nifty Next 50,included,ACC,28082017.pdf
2017-08-28,2017-09-29,Nifty Next 50,included,DMART,28082017.pdf
2017-08-28,2017-09-29,Nifty Next 50,included,BANKBARODA,28082017.pdf
2017-08-28,2017-09-29,Nifty Next 50,included,MRF,28082017.pdf
2017-08-28,2017-09-29,Nifty Next 50,included,TATAPOWER,28082017.pdf
2017-08-28,2017-09-29,Nifty 500,excluded,AMTEKAUTO,28082017.pdf
2017-08-28,2017-09-29,Nifty 500,excluded,ANANTRAJ,28082017.pdf
2017-08-28,2017-09-29,Nifty 500,excluded,ASAHIINDIA,28082017.pdf
2017-08-28,2017-09-29,Nifty 500,excluded,FDC,28082017.pdf
2017-08-28,2017-09-29,Nifty 500,excluded,FMGOETZE,28082017.pdf
2017-08-28,2017-09-29,Nifty 500,excluded,GRINDWELL,28082017.pdf
2017-08-28,2017-09-29,Nifty 500,excluded,HMVL,28082017.pdf
2017-08-28,2017-09-29,Nifty 500,excluded,HONAUT,28082017.pdf
2017-08-28,2017-09-29,Nifty 500,excluded,JMTAUTOLTD,28082017.pdf
2017-08-28,2017-09-29,Nifty 500,excluded,KNRCON,28082017.pdf
2017-08-28,2017-09-29,Nifty 500,excluded,NITINFIRE,28082017.pdf
2017-08-28,2017-09-29,Nifty 500,excluded,ORISSAMINE,28082017.pdf
2017-08-28,2017-09-29,Nifty 500,excluded,PUNJLLOYD,28082017.pdf
2017-08-28,2017-09-29,Nifty 500,excluded,RATNAMANI,28082017.pdf
2017-08-28,2017-09-29,Nifty 500,excluded,RELAXO,28082017.pdf
2017-08-28,2017-09-29,Nifty 500,excluded,RELCAPITAL,28082017.pdf
2017-08-28,2017-09-29,Nifty 500,excluded,RIIL,28082017.pdf
2017-08-28,2017-09-29,Nifty 500,excluded,ROLTA,28082017.pdf
2017-08-28,2017-09-29,Nifty 500,excluded,RUCHISOYA,28082017.pdf
2017-08-28,2017-09-29,Nifty 500,excluded,STCINDIA,28082017.pdf
2017-08-28,2017-09-29,Nifty 500,excluded,TIDEWATER,28082017.pdf
2017-08-28,2017-09-29,Nifty 500,excluded,TRITURBINE,28082017.pdf
2017-08-28,2017-09-29,Nifty 500,excluded,VSTIND,28082017.pdf
2017-08-28,2017-09-29,Nifty 500,excluded,WONDERLA,28082017.pdf
2017-08-28,2017-09-29,Nifty 500,excluded,ZYDUSWELL,28082017.pdf
2017-08-28,2017-09-29,Nifty 500,included,DMART,28082017.pdf
2017-08-28,2017-09-29,Nifty 500,included,BRFL,28082017.pdf
2017-08-28,2017-09-29,Nifty 500,included,BRIGADE,28082017.pdf
2017-08-28,2017-09-29,Nifty 500,included,BSE,28082017.pdf
2017-08-28,2017-09-29,Nifty 500,included,FLFL,28082017.pdf
2017-08-28,2017-09-29,Nifty 500,included,HERITGFOOD,28082017.pdf
2017-08-28,2017-09-29,Nifty 500,included,IFBIND,28082017.pdf
2017-08-28,2017-09-29,Nifty 500,included,ITDC,28082017.pdf
2017-08-28,2017-09-29,Nifty 500,included,IBVENTURES,28082017.pdf
2017-08-28,2017-09-29,Nifty 500,included,INGERRAND,28082017.pdf
2017-08-28,2017-09-29,Nifty 500,included,ITI,28082017.pdf
2017-08-28,2017-09-29,Nifty 500,included,JPPOWER,28082017.pdf
2017-08-28,2017-09-29,Nifty 500,included,JINDALSAW,28082017.pdf
2017-08-28,2017-09-29,Nifty 500,included,JSLHISAR,28082017.pdf
2017-08-28,2017-09-29,Nifty 500,included,JSL,28082017.pdf
2017-08-28,2017-09-29,Nifty 500,included,LINDEINDIA,28082017.pdf
2017-08-28,2017-09-29,Nifty 500,included,MFSL,28082017.pdf
2017-08-28,2017-09-29,Nifty 500,included,NFL,28082017.pdf
2017-08-28,2017-09-29,Nifty 500,included,RUPA,28082017.pdf
2017-08-28,2017-09-29,Nifty 500,included,SHOPERSTOP,28082017.pdf
2017-08-28,2017-09-29,Nifty 500,included,SUPRAJIT,28082017.pdf
2017-08-28,2017-09-29,Nifty 500,included,SUPPETRO,28082017.pdf
2017-08-28,2017-09-29,Nifty 500,included,TIMETECHNO,28082017.pdf
2017-08-28,2017-09-29,Nifty 500,included,UNITEDBNK,28082017.pdf
2017-08-28,2017-09-29,Nifty 500,included,VESUVIUS,28082017.pdf
2017-08-28,2017-09-29,Nifty 100,excluded,DIVISLAB,28082017.pdf
2017-08-28,2017-09-29,Nifty 100,excluded,UBL,28082017.pdf
2017-08-28,2017-09-29,Nifty 100,included,DMART,28082017.pdf
2017-08-28,2017-09-29,Nifty 100,included,MRF,28082017.pdf
2017-08-28,2017-09-29,Nifty Midcap 150,excluded,BAJAJCORP,28082017.pdf
2017-08-28,2017-09-29,Nifty Midcap 150,excluded,CYIENT,28082017.pdf
2017-08-28,2017-09-29,Nifty Midcap 150,excluded,ECLERX,28082017.pdf
2017-08-28,2017-09-29,Nifty Midcap 150,excluded,GESHIP,28082017.pdf
2017-08-28,2017-09-29,Nifty Midcap 150,excluded,HINDCOPPER,28082017.pdf
2017-08-28,2017-09-29,Nifty Midcap 150,excluded,HONAUT,28082017.pdf
2017-08-28,2017-09-29,Nifty Midcap 150,excluded,JAGRAN,28082017.pdf
2017-08-28,2017-09-29,Nifty Midcap 150,excluded,MRF,28082017.pdf
2017-08-28,2017-09-29,Nifty Midcap 150,excluded,RELAXO,28082017.pdf
2017-08-28,2017-09-29,Nifty Midcap 150,excluded,RELCAPITAL,28082017.pdf
2017-08-28,2017-09-29,Nifty Midcap 150,included,ADANITRANS,28082017.pdf
2017-08-28,2017-09-29,Nifty Midcap 150,included,DIVISLAB,28082017.pdf
2017-08-28,2017-09-29,Nifty Midcap 150,included,FINCABLES,28082017.pdf
2017-08-28,2017-09-29,Nifty Midcap 150,included,JMFINANCIL,28082017.pdf
2017-08-28,2017-09-29,Nifty Midcap 150,included,MFSL,28082017.pdf
2017-08-28,2017-09-29,Nifty Midcap 150,included,SUNDRMFAST,28082017.pdf
2017-08-28,2017-09-29,Nifty Midcap 150,included,UBL,28082017.pdf
2017-08-28,2017-09-29,Nifty Midcap 150,included,VBL,28082017.pdf
2017-08-28,2017-09-29,Nifty Midcap 150,included,VGUARD,28082017.pdf
2017-08-28,2017-09-29,Nifty Midcap 150,included,VIJAYABANK,28082017.pdf
2017-08-28,2017-09-29,Nifty Smallcap 250,excluded,ADANITRANS,28082017.pdf
2017-08-28,2017-09-29,Nifty Smallcap 250,excluded,AMTEKAUTO,28082017.pdf
2017-08-28,2017-09-29,Nifty Smallcap 250,excluded,ANANTRAJ,28082017.pdf
2017-08-28,2017-09-29,Nifty Smallcap 250,excluded,ASAHIINDIA,28082017.pdf
2017-08-28,2017-09-29,Nifty Smallcap 250,excluded,FDC,28082017.pdf
2017-08-28,2017-09-29,Nifty Smallcap 250,excluded,FMGOETZE,28082017.pdf
2017-08-28,2017-09-29,Nifty Smallcap 250,excluded,FINCABLES,28082017.pdf
2017-08-28,2017-09-29,Nifty Smallcap 250,excluded,GRINDWELL,28082017.pdf
2017-08-28,2017-09-29,Nifty Smallcap 250,excluded,HMVL,28082017.pdf
2017-08-28,2017-09-29,Nifty Smallcap 250,excluded,JMFINANCIL,28082017.pdf
2017-08-28,2017-09-29,Nifty Smallcap 250,excluded,JMTAUTOLTD,28082017.pdf
2017-08-28,2017-09-29,Nifty Smallcap 250,excluded,KNRCON,28082017.pdf
2017-08-28,2017-09-29,Nifty Smallcap 250,excluded,NITINFIRE,28082017.pdf
2017-08-28,2017-09-29,Nifty Smallcap 250,excluded,ORISSAMINE,28082017.pdf
2017-08-28,2017-09-29,Nifty Smallcap 250,excluded,PUNJLLOYD,28082017.pdf
2017-08-28,2017-09-29,Nifty Smallcap 250,excluded,RATNAMANI,28082017.pdf
2017-08-28,2017-09-29,Nifty Smallcap 250,excluded,RIIL,28082017.pdf
2017-08-28,2017-09-29,Nifty Smallcap 250,excluded,ROLTA,28082017.pdf
2017-08-28,2017-09-29,Nifty Smallcap 250,excluded,RUCHISOYA,28082017.pdf
2017-08-28,2017-09-29,Nifty Smallcap 250,excluded,STCINDIA,28082017.pdf
2017-08-28,2017-09-29,Nifty Smallcap 250,excluded,SUNDRMFAST,28082017.pdf
2017-08-28,2017-09-29,Nifty Smallcap 250,excluded,TIDEWATER,28082017.pdf
2017-08-28,2017-09-29,Nifty Smallcap 250,excluded,TRITURBINE,28082017.pdf
2017-08-28,2017-09-29,Nifty Smallcap 250,excluded,VBL,28082017.pdf
2017-08-28,2017-09-29,Nifty Smallcap 250,excluded,VGUARD,28082017.pdf
2017-08-28,2017-09-29,Nifty Smallcap 250,excluded,VIJAYABANK,28082017.pdf
2017-08-28,2017-09-29,Nifty Smallcap 250,excluded,VSTIND,28082017.pdf
2017-08-28,2017-09-29,Nifty Smallcap 250,excluded,WONDERLA,28082017.pdf
2017-08-28,2017-09-29,Nifty Smallcap 250,excluded,ZYDUSWELL,28082017.pdf
2017-08-28,2017-09-29,Nifty Smallcap 250,included,BAJAJCORP,28082017.pdf
2017-08-28,2017-09-29,Nifty Smallcap 250,included,BRFL,28082017.pdf
2017-08-28,2017-09-29,Nifty Smallcap 250,included,BRIGADE,28082017.pdf
2017-08-28,2017-09-29,Nifty Smallcap 250,included,BSE,28082017.pdf
2017-08-28,2017-09-29,Nifty Smallcap 250,included,CYIENT,28082017.pdf
2017-08-28,2017-09-29,Nifty Smallcap 250,included,ECLERX,28082017.pdf
2017-08-28,2017-09-29,Nifty Smallcap 250,included,FLFL,28082017.pdf
2017-08-28,2017-09-29,Nifty Smallcap 250,included,GESHIP,28082017.pdf
2017-08-28,2017-09-29,Nifty Smallcap 250,included,HERITGFOOD,28082017.pdf
2017-08-28,2017-09-29,Nifty Smallcap 250,included,HINDCOPPER,28082017.pdf
2017-08-28,2017-09-29,Nifty Smallcap 250,included,IFBIND,28082017.pdf
2017-08-28,2017-09-29,Nifty Smallcap 250,included,ITDC,28082017.pdf
2017-08-28,2017-09-29,Nifty Smallcap 250,included,IBVENTURES,28082017.pdf
2017-08-28,2017-09-29,Nifty Smallcap 250,included,INGERRAND,28082017.pdf
2017-08-28,2017-09-29,Nifty Smallcap 250,included,ITI,28082017.pdf
2017-08-28,2017-09-29,Nifty Smallcap 250,included,JAGRAN,28082017.pdf
2017-08-28,2017-09-29,Nifty Smallcap 250,included,JPPOWER,28082017.pdf
2017-08-28,2017-09-29,Nifty Smallcap 250,included,JINDALSAW,28082017.pdf
2017-08-28,2017-09-29,Nifty Smallcap 250,included,JSLHISAR,28082017.pdf
2017-08-28,2017-09-29,Nifty Smallcap 250,included,JSL,28082017.pdf
2017-08-28,2017-09-29,Nifty Smallcap 250,included,LINDEINDIA,28082017.pdf
2017-08-28,2017-09-29,Nifty Smallcap 250,included,NFL,28082017.pdf
2017-08-28,2017-09-29,Nifty Smallcap 250,included,RUPA,28082017.pdf
2017-08-28,2017-09-29,Nifty Smallcap 250,included,SHOPERSTOP,28082017.pdf
2017-08-28,2017-09-29,Nifty Smallcap 250,included,SUPRAJIT,28082017.pdf
2017-08-28,2017-09-29,Nifty Smallcap 250,included,SUPPETRO,28082017.pdf
2017-08-28,2017-09-29,Nifty Smallcap 250,included,TIMETECHNO,28082017.pdf
2017-08-28,2017-09-29,Nifty Smallcap 250,included,UNITEDBNK,28082017.pdf
2017-08-28,2017-09-29,Nifty Smallcap 250,included,VESUVIUS,28082017.pdf
2017-08-28,2017-09-29,Nifty Midcap 50,excluded,BATAINDIA,28082017.pdf
2017-08-28,2017-09-29,Nifty Midcap 50,excluded,JUBLFOOD,28082017.pdf
2017-08-28,2017-09-29,Nifty Midcap 50,excluded,MRF,28082017.pdf
2017-08-28,2017-09-29,Nifty Midcap 50,excluded,RELCAPITAL,28082017.pdf
2017-08-28,2017-09-29,Nifty Midcap 50,excluded,WOCKPHARMA,28082017.pdf
2017-08-28,2017-09-29,Nifty Midcap 50,included,BERGEPAINT,28082017.pdf
2017-08-28,2017-09-29,Nifty Midcap 50,included,DIVISLAB,28082017.pdf
2017-08-28,2017-09-29,Nifty Midcap 50,included,MRPL,28082017.pdf
2017-08-28,2017-09-29,Nifty Midcap 50,included,RBLBANK,28082017.pdf
2017-08-28,2017-09-29,Nifty Midcap 50,included,UBL,28082017.pdf
2017-08-28,2017-09-29,Nifty 200,excluded,APLLTD,28082017.pdf
2017-08-28,2017-09-29,Nifty 200,excluded,LTTS,28082017.pdf
2017-08-28,2017-09-29,Nifty 200,excluded,QUESS,28082017.pdf
2017-08-28,2017-09-29,Nifty 200,excluded,RELCAPITAL,28082017.pdf
2017-08-28,2017-09-29,Nifty 200,excluded,THERMAX,28082017.pdf
2017-08-28,2017-09-29,Nifty 200,included,DMART,28082017.pdf
2017-08-28,2017-09-29,Nifty 200,included,BALKRISIND,28082017.pdf
2017-08-28,2017-09-29,Nifty 200,included,FRETAIL,28082017.pdf
2017-08-28,2017-09-29,Nifty 200,included,MRPL,28082017.pdf
2017-08-28,2017-09-29,Nifty 200,included,MFSL,28082017.pdf
2017-08-28,2017-09-29,Nifty Smallcap 50,excluded,ATUL,28082017.pdf
2017-08-28,2017-09-29,Nifty Smallcap 50,excluded,FINCABLES,28082017.pdf
2017-08-28,2017-09-29,Nifty Smallcap 50,excluded,FSL,28082017.pdf
2017-08-28,2017-09-29,Nifty Smallcap 50,excluded,JKLAKSHMI,28082017.pdf
2017-08-28,2017-09-29,Nifty Smallcap 50,excluded,JMFINANCIL,28082017.pdf
2017-08-28,2017-09-29,Nifty Smallcap 50,excluded,MONSANTO,28082017.pdf
2017-08-28,2017-09-29,Nifty Smallcap 50,excluded,UCOBANK,28082017.pdf
2017-08-28,2017-09-29,Nifty Smallcap 50,excluded,VGUARD,28082017.pdf
2017-08-28,2017-09-29,Nifty Smallcap 50,excluded,VRLLOG,28082017.pdf
2017-08-28,2017-09-29,Nifty Smallcap 50,excluded,ZYDUSWELL,28082017.pdf
2017-08-28,2017-09-29,Nifty Smallcap 50,included,BSE,28082017.pdf
2017-08-28,2017-09-29,Nifty Smallcap 50,included,DBL,28082017.pdf
2017-08-28,2017-09-29,Nifty Smallcap 50,included,FCONSUMER,28082017.pdf
2017-08-28,2017-09-29,Nifty Smallcap 50,included,HCC,28082017.pdf
2017-08-28,2017-09-29,Nifty Smallcap 50,included,IBVENTURES,28082017.pdf
2017-08-28,2017-09-29,Nifty Smallcap 50,included,KTKBANK,28082017.pdf
2017-08-28,2017-09-29,Nifty Smallcap 50,included,REPCOHOME,28082017.pdf
2017-08-28,2017-09-29,Nifty Smallcap 50,included,SOUTHBANK,28082017.pdf
2017-08-28,2017-09-29,Nifty Smallcap 50,included,SREINFRA,28082017.pdf
2017-08-28,2017-09-29,Nifty Smallcap 50,included,STRTECH,28082017.pdf
2018-08-28,,Nifty 50,excluded,LUPIN,28082018.pdf
2018-08-28,,Nifty 50,included,JSWSTEEL,28082018.pdf
2018-08-28,,Nifty Next 50,excluded,CUMMINSIND,28082018.pdf
2018-08-28,,Nifty Next 50,excluded,EMAMILTD,28082018.pdf
2018-08-28,,Nifty Next 50,excluded,JSWSTEEL,28082018.pdf
2018-08-28,,Nifty Next 50,excluded,PFC,28082018.pdf
2018-08-28,,Nifty Next 50,excluded,PNB,28082018.pdf
2018-08-28,,Nifty Next 50,excluded,RECLTD,28082018.pdf
2018-08-28,,Nifty Next 50,included,BANDHANBNK,28082018.pdf
2018-08-28,,Nifty Next 50,included,BIOCON,28082018.pdf
2018-08-28,,Nifty Next 50,included,HDFCLIFE,28082018.pdf
2018-08-28,,Nifty Next 50,included,ICICIGI,28082018.pdf
2018-08-28,,Nifty Next 50,included,LUPIN,28082018.pdf
2018-08-28,,Nifty Next 50,included,NIACL,28082018.pdf
2018-08-28,,Nifty 500,excluded,ABAN,28082018.pdf
2018-08-28,,Nifty 500,excluded,ASAHIINDIA,28082018.pdf
2018-08-28,,Nifty 500,excluded,BAJAJHIND,28082018.pdf
2018-08-28,,Nifty 500,excluded,BALLARPUR,28082018.pdf
2018-08-28,,Nifty 500,excluded,BFUTILITIE,28082018.pdf
2018-08-28,,Nifty 500,excluded,BGRENERGY,28082018.pdf
2018-08-28,,Nifty 500,excluded,BHUSANSTL,28082018.pdf
2018-08-28,,Nifty 500,excluded,BRFL,28082018.pdf
2018-08-28,,Nifty 500,excluded,DBREALTY,28082018.pdf
2018-08-28,,Nifty 500,excluded,GATI,28082018.pdf
2018-08-28,,Nifty 500,excluded,HDIL,28082018.pdf
2018-08-28,,Nifty 500,excluded,JBFIND,28082018.pdf
2018-08-28,,Nifty 500,excluded,JINDALPOLY,28082018.pdf
2018-08-28,,Nifty 500,excluded,KESORAMIND,28082018.pdf
2018-08-28,,Nifty 500,excluded,KITEX,28082018.pdf
2018-08-28,,Nifty 500,excluded,KWALITY,28082018.pdf
2018-08-28,,Nifty 500,excluded,MTNL,28082018.pdf
2018-08-28,,Nifty 500,excluded,MARKSANS,28082018.pdf
2018-08-28,,Nifty 500,excluded,RAMCOSYS,28082018.pdf
2018-08-28,,Nifty 500,excluded,RTNPOWER,28082018.pdf
2018-08-28,,Nifty 500,excluded,RELIGARE,28082018.pdf
2018-08-28,,Nifty 500,excluded,SFL,28082018.pdf
2018-08-28,,Nifty 500,excluded,SMLISUZU,28082018.pdf
2018-08-28,,Nifty 500,excluded,UNITECH,28082018.pdf
2018-08-28,,Nifty 500,excluded,ZEELEARN,28082018.pdf
2018-08-28,,Nifty 500,included,BANDHANBNK,28082018.pdf
2018-08-28,,Nifty 500,included,ELGIEQUIP,28082018.pdf
2018-08-28,,Nifty 500,included,EXCELCROP,28082018.pdf
2018-08-28,,Nifty 500,included,FDC,28082018.pdf
2018-08-28,,Nifty 500,included,GALAXYSURF,28082018.pdf
2018-08-28,,Nifty 500,included,GAYAPROJ,28082018.pdf
2018-08-28,,Nifty 500,included,GRINDWELL,28082018.pdf
2018-08-28,,Nifty 500,included,HDFCLIFE,28082018.pdf
2018-08-28,,Nifty 500,included,HAL,28082018.pdf
2018-08-28,,Nifty 500,included,ISEC,28082018.pdf
2018-08-28,,Nifty 500,included,LEMONTREE,28082018.pdf
2018-08-28,,Nifty 500,included,LINDEINDIA,28082018.pdf
2018-08-28,,Nifty 500,included,LUXIND,28082018.pdf
2018-08-28,,Nifty 500,included,MAHLOG,28082018.pdf
2018-08-28,,Nifty 500,included,MONSANTO,28082018.pdf
2018-08-28,,Nifty 500,included,PHILIPCARB,28082018.pdf
2018-08-28,,Nifty 500,included,RNAM,28082018.pdf
2018-08-28,,Nifty 500,included,STAR,28082018.pdf
2018-08-28,,Nifty 500,included,SUNDARMFIN,28082018.pdf
2018-08-28,,Nifty 500,included,TEAMLEASE,28082018.pdf
2018-08-28,,Nifty 500,included,NIACL,28082018.pdf
2018-08-28,,Nifty 500,included,VENKEYS,28082018.pdf
2018-08-28,,Nifty 500,included,VMART,28082018.pdf
2018-08-28,,Nifty 500,included,ZENSARTECH,28082018.pdf
2018-08-28,,Nifty 500,included,ZYDUSWELL,28082018.pdf
2018-08-28,,Nifty 100,excluded,CUMMINSIND,28082018.pdf
2018-08-28,,Nifty 100,excluded,EMAMILTD,28082018.pdf
2018-08-28,,Nifty 100,excluded,PFC,28082018.pdf
2018-08-28,,Nifty 100,excluded,PNB,28082018.pdf
2018-08-28,,Nifty 100,excluded,RECLTD,28082018.pdf
2018-08-28,,Nifty 100,included,BANDHANBNK,28082018.pdf
2018-08-28,,Nifty 100,included,BIOCON,28082018.pdf
2018-08-28,,Nifty 100,included,HDFCLIFE,28082018.pdf
2018-08-28,,Nifty 100,included,ICICIGI,28082018.pdf
2018-08-28,,Nifty 100,included,NIACL,28082018.pdf
2018-08-28,,Nifty Midcap 150,excluded,AKZOINDIA,28082018.pdf
2018-08-28,,Nifty Midcap 150,excluded,BIOCON,28082018.pdf
2018-08-28,,Nifty Midcap 150,excluded,GUJFLUORO,28082018.pdf
2018-08-28,,Nifty Midcap 150,excluded,ICICIGI,28082018.pdf
2018-08-28,,Nifty Midcap 150,excluded,IDFC,28082018.pdf
2018-08-28,,Nifty Midcap 150,excluded,IBREALEST,28082018.pdf
2018-08-28,,Nifty Midcap 150,excluded,IRB,28082018.pdf
2018-08-28,,Nifty Midcap 150,excluded,KAJARIACER,28082018.pdf
2018-08-28,,Nifty Midcap 150,excluded,KARURVYSYA,28082018.pdf
2018-08-28,,Nifty Midcap 150,excluded,SCHAEFFLER,28082018.pdf
2018-08-28,,Nifty Midcap 150,excluded,SUZLON,28082018.pdf
2018-08-28,,Nifty Midcap 150,excluded,TTKPRESTIG,28082018.pdf
2018-08-28,,Nifty Midcap 150,excluded,WOCKPHARMA,28082018.pdf
2018-08-28,,Nifty Midcap 150,included,ASTRAL,28082018.pdf
2018-08-28,,Nifty Midcap 150,included,CUMMINSIND,28082018.pdf
2018-08-28,,Nifty Midcap 150,included,EMAMILTD,28082018.pdf
2018-08-28,,Nifty Midcap 150,included,ESCORTS,28082018.pdf
2018-08-28,,Nifty Midcap 150,included,GRAPHITE,28082018.pdf
2018-08-28,,Nifty Midcap 150,included,HEG,28082018.pdf
2018-08-28,,Nifty Midcap 150,included,HAL,28082018.pdf
2018-08-28,,Nifty Midcap 150,included,ISEC,28082018.pdf
2018-08-28,,Nifty Midcap 150,included,PFC,28082018.pdf
2018-08-28,,Nifty Midcap 150,included,PNB,28082018.pdf
2018-08-28,,Nifty Midcap 150,included,RNAM,28082018.pdf
2018-08-28,,Nifty Midcap 150,included,RECLTD,28082018.pdf
2018-08-28,,Nifty Midcap 150,included,SUNDARMFIN,28082018.pdf
2018-08-28,,Nifty Smallcap 250,excluded,ABAN,28082018.pdf
2018-08-28,,Nifty Smallcap 250,excluded,ASAHIINDIA,28082018.pdf
2018-08-28,,Nifty Smallcap 250,excluded,ASTRAL,28082018.pdf
2018-08-28,,Nifty Smallcap 250,excluded,BAJAJHIND,28082018.pdf
2018-08-28,,Nifty Smallcap 250,excluded,BALLARPUR,28082018.pdf
2018-08-28,,Nifty Smallcap 250,excluded,BFUTILITIE,28082018.pdf
2018-08-28,,Nifty Smallcap 250,excluded,BGRENERGY,28082018.pdf
2018-08-28,,Nifty Smallcap 250,excluded,BHUSANSTL,28082018.pdf
2018-08-28,,Nifty Smallcap 250,excluded,BRFL,28082018.pdf
2018-08-28,,Nifty Smallcap 250,excluded,DBREALTY,28082018.pdf
2018-08-28,,Nifty Smallcap 250,excluded,ESCORTS,28082018.pdf
2018-08-28,,Nifty Smallcap 250,excluded,GATI,28082018.pdf
2018-08-28,,Nifty Smallcap 250,excluded,GRAPHITE,28082018.pdf
2018-08-28,,Nifty Smallcap 250,excluded,HEG,28082018.pdf
2018-08-28,,Nifty Smallcap 250,excluded,HDIL,28082018.pdf
2018-08-28,,Nifty Smallcap 250,excluded,JBFIND,28082018.pdf
2018-08-28,,Nifty Smallcap 250,excluded,JINDALPOLY,28082018.pdf
2018-08-28,,Nifty Smallcap 250,excluded,KESORAMIND,28082018.pdf
2018-08-28,,Nifty Smallcap 250,excluded,KITEX,28082018.pdf
2018-08-28,,Nifty Smallcap 250,excluded,KWALITY,28082018.pdf
2018-08-28,,Nifty Smallcap 250,excluded,MTNL,28082018.pdf
2018-08-28,,Nifty Smallcap 250,excluded,MARKSANS,28082018.pdf
2018-08-28,,Nifty Smallcap 250,excluded,RAMCOSYS,28082018.pdf
2018-08-28,,Nifty Smallcap 250,excluded,RTNPOWER,28082018.pdf
2018-08-28,,Nifty Smallcap 250,excluded,RELIGARE,28082018.pdf
2018-08-28,,Nifty Smallcap 250,excluded,SFL,28082018.pdf
2018-08-28,,Nifty Smallcap 250,excluded,SMLISUZU,28082018.pdf
2018-08-28,,Nifty Smallcap 250,excluded,UNITECH,28082018.pdf
2018-08-28,,Nifty Smallcap 250,excluded,ZEELEARN,28082018.pdf
2018-08-28,,Nifty Smallcap 250,included,AKZOINDIA,28082018.pdf
2018-08-28,,Nifty Smallcap 250,included,ELGIEQUIP,28082018.pdf
2018-08-28,,Nifty Smallcap 250,included,EXCELCROP,28082018.pdf
2018-08-28,,Nifty Smallcap 250,included,FDC,28082018.pdf
2018-08-28,,Nifty Smallcap 250,included,GALAXYSURF,28082018.pdf
2018-08-28,,Nifty Smallcap 250,included,GAYAPROJ,28082018.pdf
2018-08-28,,Nifty Smallcap 250,included,GRINDWELL,28082018.pdf
2018-08-28,,Nifty Smallcap 250,included,GUJFLUORO,28082018.pdf
2018-08-28,,Nifty Smallcap 250,included,IDFC,28082018.pdf
2018-08-28,,Nifty Smallcap 250,included,IBREALEST,28082018.pdf
2018-08-28,,Nifty Smallcap 250,included,IRB,28082018.pdf
2018-08-28,,Nifty Smallcap 250,included,KAJARIACER,28082018.pdf
2018-08-28,,Nifty Smallcap 250,included,KARURVYSYA,28082018.pdf
2018-08-28,,Nifty Smallcap 250,included,LEMONTREE,28082018.pdf
2018-08-28,,Nifty Smallcap 250,included,LINDEINDIA,28082018.pdf
2018-08-28,,Nifty Smallcap 250,included,LUXIND,28082018.pdf
2018-08-28,,Nifty Smallcap 250,included,MAHLOG,28082018.pdf
2018-08-28,,Nifty Smallcap 250,included,MONSANTO,28082018.pdf
2018-08-28,,Nifty Smallcap 250,included,PHILIPCARB,28082018.pdf
2018-08-28,,Nifty Smallcap 250,included,SCHAEFFLER,28082018.pdf
2018-08-28,,Nifty Smallcap 250,included,STAR,28082018.pdf
2018-08-28,,Nifty Smallcap 250,included,SUZLON,28082018.pdf
2018-08-28,,Nifty Smallcap 250,included,TEAMLEASE,28082018.pdf
2018-08-28,,Nifty Smallcap 250,included,TTKPRESTIG,28082018.pdf
2018-08-28,,Nifty Smallcap 250,included,VENKEYS,28082018.pdf
2018-08-28,,Nifty Smallcap 250,included,VMART,28082018.pdf
2018-08-28,,Nifty Smallcap 250,included,WOCKPHARMA,28082018.pdf
2018-08-28,,Nifty Smallcap 250,included,ZENSARTECH,28082018.pdf
2018-08-28,,Nifty Smallcap 250,included,ZYDUSWELL,28082018.pdf
2018-08-28,,Nifty Midcap 50,excluded,ADANIPOWER,28082018.pdf
2018-08-28,,Nifty Midcap 50,excluded,BIOCON,28082018.pdf
2018-08-28,,Nifty Midcap 50,excluded,ENGINERSIN,28082018.pdf
2018-08-28,,Nifty Midcap 50,excluded,IDFC,28082018.pdf
2018-08-28,,Nifty Midcap 50,excluded,PCJEWELLER,28082018.pdf
2018-08-28,,Nifty Midcap 50,included,CUMMINSIND,28082018.pdf
2018-08-28,,Nifty Midcap 50,included,JUBLFOOD,28082018.pdf
2018-08-28,,Nifty Midcap 50,included,PFC,28082018.pdf
2018-08-28,,Nifty Midcap 50,included,PNB,28082018.pdf
2018-08-28,,Nifty Midcap 50,included,RECLTD,28082018.pdf
2018-08-28,,Nifty Midcap 100,excluded,AIAENG,28082018.pdf
2018-08-28,,Nifty Midcap 100,excluded,BIOCON,28082018.pdf
2018-08-28,,Nifty Midcap 100,excluded,ICICIGI,28082018.pdf
2018-08-28,,Nifty Midcap 100,excluded,IDFC,28082018.pdf
2018-08-28,,Nifty Midcap 100,excluded,IBREALEST,28082018.pdf
2018-08-28,,Nifty Midcap 100,excluded,IRB,28082018.pdf
2018-08-28,,Nifty Midcap 100,excluded,KARURVYSYA,28082018.pdf
2018-08-28,,Nifty Midcap 100,excluded,SUZLON,28082018.pdf
2018-08-28,,Nifty Midcap 100,excluded,WOCKPHARMA,28082018.pdf
2018-08-28,,Nifty Midcap 100,included,AVANTIFEED,28082018.pdf
2018-08-28,,Nifty Midcap 100,included,CUMMINSIND,28082018.pdf
2018-08-28,,Nifty Midcap 100,included,ESCORTS,28082018.pdf
2018-08-28,,Nifty Midcap 100,included,GRAPHITE,28082018.pdf
2018-08-28,,Nifty Midcap 100,included,HEG,28082018.pdf
2018-08-28,,Nifty Midcap 100,included,LTI,28082018.pdf
2018-08-28,,Nifty Midcap 100,included,PFC,28082018.pdf
2018-08-28,,Nifty Midcap 100,included,PNB,28082018.pdf
2018-08-28,,Nifty Midcap 100,included,RECLTD,28082018.pdf
2018-08-28,,Nifty Smallcap 50,excluded,CARERATING,28082018.pdf
2018-08-28,,Nifty Smallcap 50,excluded,ESCORTS,28082018.pdf
2018-08-28,,Nifty Smallcap 50,excluded,GRAPHITE,28082018.pdf
2018-08-28,,Nifty Smallcap 50,excluded,HEG,28082018.pdf
2018-08-28,,Nifty Smallcap 50,excluded,IFCI,28082018.pdf
2018-08-28,,Nifty Smallcap 50,excluded,KTKBANK,28082018.pdf
2018-08-28,,Nifty Smallcap 50,excluded,REPCOHOME,28082018.pdf
2018-08-28,,Nifty Smallcap 50,excluded,SCI,28082018.pdf
2018-08-28,,Nifty Smallcap 50,excluded,SPTL,28082018.pdf
2018-08-28,,Nifty Smallcap 50,excluded,SREINFRA,28082018.pdf
2018-08-28,,Nifty Smallcap 50,included,BAJAJELEC,28082018.pdf
2018-08-28,,Nifty Smallcap 50,included,IDFC,28082018.pdf
2018-08-28,,Nifty Smallcap 50,included,IBREALEST,28082018.pdf
2018-08-28,,Nifty Smallcap 50,included,IRB,28082018.pdf
2018-08-28,,Nifty Smallcap 50,included,KPIT,28082018.pdf
2018-08-28,,Nifty Smallcap 50,included,NIITTECH,28082018.pdf
2018-08-28,,Nifty Smallcap 50,included,RADICO,28082018.pdf
2018-08-28,,Nifty Smallcap 50,included,STAR,28082018.pdf
2018-08-28,,Nifty Smallcap 50,included,SUZLON,28082018.pdf
2018-08-28,,Nifty Smallcap 50,included,WOCKPHARMA,28082018.pdf
2018-08-28,,Nifty Smallcap 100,excluded,ADVENZYMES,28082018.pdf
2018-08-28,,Nifty Smallcap 100,excluded,BALRAMCHIN,28082018.pdf
2018-08-28,,Nifty Smallcap 100,excluded,ESCORTS,28082018.pdf
2018-08-28,,Nifty Smallcap 100,excluded,GRANULES,28082018.pdf
2018-08-28,,Nifty Smallcap 100,excluded,GRAPHITE,28082018.pdf
2018-08-28,,Nifty Smallcap 100,excluded,HEG,28082018.pdf
2018-08-28,,Nifty Smallcap 100,excluded,HCC,28082018.pdf
2018-08-28,,Nifty Smallcap 100,excluded,IFCI,28082018.pdf
2018-08-28,,Nifty Smallcap 100,excluded,INOXWIND,28082018.pdf
2018-08-28,,Nifty Smallcap 100,excluded,LAKSHVILAS,28082018.pdf
2018-08-28,,Nifty Smallcap 100,excluded,NFL,28082018.pdf
2018-08-28,,Nifty Smallcap 100,excluded,PTC,28082018.pdf
2018-08-28,,Nifty Smallcap 100,excluded,RNAVAL,28082018.pdf
2018-08-28,,Nifty Smallcap 100,excluded,SCI,28082018.pdf
2018-08-28,,Nifty Smallcap 100,excluded,WABAG,28082018.pdf
2018-08-28,,Nifty Smallcap 100,included,FSL,28082018.pdf
2018-08-28,,Nifty Smallcap 100,included,GALAXYSURF,28082018.pdf
2018-08-28,,Nifty Smallcap 100,included,IDFC,28082018.pdf
2018-08-28,,Nifty Smallcap 100,included,IBREALEST,28082018.pdf
2018-08-28,,Nifty Smallcap 100,included,IPCALAB,28082018.pdf
2018-08-28,,Nifty Smallcap 100,included,IRB,28082018.pdf
2018-08-28,,Nifty Smallcap 100,included,KAJARIACER,28082018.pdf
2018-08-28,,Nifty Smallcap 100,included,KPIT,28082018.pdf
2018-08-28,,Nifty Smallcap 100,included,LEMONTREE,28082018.pdf
2018-08-28,,Nifty Smallcap 100,included,PHILIPCARB,28082018.pdf
2018-08-28,,Nifty Smallcap 100,included,SHANKARA,28082018.pdf
2018-08-28,,Nifty Smallcap 100,included,STAR,28082018.pdf
2018-08-28,,Nifty Smallcap 100,included,SUZLON,28082018.pdf
2018-08-28,,Nifty Smallcap 100,included,VENKEYS,28082018.pdf
2018-08-28,,Nifty Smallcap 100,included,WOCKPHARMA,28082018.pdf
2018-08-28,,Nifty 200,excluded,AIAENG,28082018.pdf
2018-08-28,,Nifty 200,excluded,EMAMILTD,28082018.pdf
2018-08-28,,Nifty 200,excluded,IDFC,28082018.pdf
2018-08-28,,Nifty 200,excluded,IBREALEST,28082018.pdf
2018-08-28,,Nifty 200,excluded,IRB,28082018.pdf
2018-08-28,,Nifty 200,excluded,KARURVYSYA,28082018.pdf
2018-08-28,,Nifty 200,excluded,SUZLON,28082018.pdf
2018-08-28,,Nifty 200,excluded,WOCKPHARMA,28082018.pdf
2018-08-28,,Nifty 200,included,AVANTIFEED,28082018.pdf
2018-08-28,,Nifty 200,included,BANDHANBNK,28082018.pdf
2018-08-28,,Nifty 200,included,ESCORTS,28082018.pdf
2018-08-28,,Nifty 200,included,GRAPHITE,28082018.pdf
2018-08-28,,Nifty 200,included,HEG,28082018.pdf
2018-08-28,,Nifty 200,included,HDFCLIFE,28082018.pdf
2018-08-28,,Nifty 200,included,LTI,28082018.pdf
2018-08-28,,Nifty 200,included,NIACL,28082018.pdf
2019-08-28,2019-09-27,Nifty 50,excluded,IBULHSGFIN,28082019.pdf
2019-08-28,2019-09-27,Nifty 50,included,NESTLEIND,28082019.pdf
2019-08-28,2019-09-27,Nifty Next 50,excluded,ABB,28082019.pdf
2019-08-28,2019-09-27,Nifty Next 50,excluded,BHEL,28082019.pdf
2019-08-28,2019-09-27,Nifty Next 50,excluded,MRF,28082019.pdf
2019-08-28,2019-09-27,Nifty Next 50,excluded,SAIL,28082019.pdf
2019-08-28,2019-09-27,Nifty Next 50,included,BERGEPAINT,28082019.pdf
2019-08-28,2019-09-27,Nifty Next 50,included,IBULHSGFIN,28082019.pdf
2019-08-28,2019-09-27,Nifty Next 50,included,PFC,28082019.pdf
2019-08-28,2019-09-27,Nifty Next 50,included,PNB,28082019.pdf
2019-08-28,2019-09-27,Nifty 500,excluded,ABB,28082019.pdf
2019-08-28,2019-09-27,Nifty 500,excluded,DEEPAKFERT,28082019.pdf
2019-08-28,2019-09-27,Nifty 500,excluded,GDL,28082019.pdf
2019-08-28,2019-09-27,Nifty 500,excluded,GSKCONS,28082019.pdf
2019-08-28,2019-09-27,Nifty 500,excluded,GRUH,28082019.pdf
2019-08-28,2019-09-27,Nifty 500,excluded,INDOCO,28082019.pdf
2019-08-28,2019-09-27,Nifty 500,excluded,INOXWIND,28082019.pdf
2019-08-28,2019-09-27,Nifty 500,excluded,JPASSOCIAT,28082019.pdf
2019-08-28,2019-09-27,Nifty 500,excluded,KIOCL,28082019.pdf
2019-08-28,2019-09-27,Nifty 500,excluded,RKFORGE,28082019.pdf
2019-08-28,2019-09-27,Nifty 500,excluded,RCOM,28082019.pdf
2019-08-28,2019-09-27,Nifty 500,excluded,RHFL,28082019.pdf
2019-08-28,2019-09-27,Nifty 500,excluded,RUPA,28082019.pdf
2019-08-28,2019-09-27,Nifty 500,excluded,SHANKARA,28082019.pdf
2019-08-28,2019-09-27,Nifty 500,excluded,SHARDACROP,28082019.pdf
2019-08-28,2019-09-27,Nifty 500,excluded,SCI,28082019.pdf
2019-08-28,2019-09-27,Nifty 500,excluded,SPTL,28082019.pdf
2019-08-28,2019-09-27,Nifty 500,excluded,SREINFRA,28082019.pdf
2019-08-28,2019-09-27,Nifty 500,excluded,TNPL,28082019.pdf
2019-08-28,2019-09-27,Nifty 500,excluded,TATACOFFEE,28082019.pdf
2019-08-28,2019-09-27,Nifty 500,excluded,TRITURBINE,28082019.pdf
2019-08-28,2019-09-27,Nifty 500,included,ABBOTINDIA,28082019.pdf
2019-08-28,2019-09-27,Nifty 500,included,ADANIGAS,28082019.pdf
2019-08-28,2019-09-27,Nifty 500,included,AMBER,28082019.pdf
2019-08-28,2019-09-27,Nifty 500,included,ARVINDFASN,28082019.pdf
2019-08-28,2019-09-27,Nifty 500,included,BAYERCROP,28082019.pdf
2019-08-28,2019-09-27,Nifty 500,included,BSOFT,28082019.pdf
2019-08-28,2019-09-27,Nifty 500,included,CGCL,28082019.pdf
2019-08-28,2019-09-27,Nifty 500,included,DEN,28082019.pdf
2019-08-28,2019-09-27,Nifty 500,included,FMGOETZE,28082019.pdf
2019-08-28,2019-09-27,Nifty 500,included,GARFIBRES,28082019.pdf
2019-08-28,2019-09-27,Nifty 500,included,KPITTECH,28082019.pdf
2019-08-28,2019-09-27,Nifty 500,included,METROPOLIS,28082019.pdf
2019-08-28,2019-09-27,Nifty 500,included,MCX,28082019.pdf
2019-08-28,2019-09-27,Nifty 500,included,NESTLEIND,28082019.pdf
2019-08-28,2019-09-27,Nifty 500,included,ORIENTREF,28082019.pdf
2019-08-28,2019-09-27,Nifty 500,included,POLYCAB,28082019.pdf
2019-08-28,2019-09-27,Nifty 500,included,RVNL,28082019.pdf
2019-08-28,2019-09-27,Nifty 500,included,RATNAMANI,28082019.pdf
2019-08-28,2019-09-27,Nifty 500,included,TCIEXP,28082019.pdf
2019-08-28,2019-09-27,Nifty 500,included,TECHNOE,28082019.pdf
2019-08-28,2019-09-27,Nifty 100,excluded,ABB,28082019.pdf
2019-08-28,2019-09-27,Nifty 100,excluded,BHEL,28082019.pdf
2019-08-28,2019-09-27,Nifty 100,excluded,MRF,28082019.pdf
2019-08-28,2019-09-27,Nifty 100,excluded,SAIL,28082019.pdf
2019-08-28,2019-09-27,Nifty 100,included,BERGEPAINT,28082019.pdf
2019-08-28,2019-09-27,Nifty 100,included,NESTLEIND,28082019.pdf
2019-08-28,2019-09-27,Nifty 100,included,PFC,28082019.pdf
2019-08-28,2019-09-27,Nifty 100,included,PNB,28082019.pdf
2019-08-28,2019-09-27,Nifty Midcap 150,excluded,BERGEPAINT,28082019.pdf
2019-08-28,2019-09-27,Nifty Midcap 150,excluded,DHFL,28082019.pdf
2019-08-28,2019-09-27,Nifty Midcap 150,excluded,DBL,28082019.pdf
2019-08-28,2019-09-27,Nifty Midcap 150,excluded,DISHTV,28082019.pdf
2019-08-28,2019-09-27,Nifty Midcap 150,excluded,FINCABLES,28082019.pdf
2019-08-28,2019-09-27,Nifty Midcap 150,excluded,GSKCONS,28082019.pdf
2019-08-28,2019-09-27,Nifty Midcap 150,excluded,GRUH,28082019.pdf
2019-08-28,2019-09-27,Nifty Midcap 150,excluded,JMFINANCIL,28082019.pdf
2019-08-28,2019-09-27,Nifty Midcap 150,excluded,KIOCL,28082019.pdf
2019-08-28,2019-09-27,Nifty Midcap 150,excluded,PFC,28082019.pdf
2019-08-28,2019-09-27,Nifty Midcap 150,excluded,PNB,28082019.pdf
2019-08-28,2019-09-27,Nifty Midcap 150,excluded,RELCAPITAL,28082019.pdf
2019-08-28,2019-09-27,Nifty Midcap 150,excluded,RELINFRA,28082019.pdf
2019-08-28,2019-09-27,Nifty Midcap 150,excluded,RPOWER,28082019.pdf
2019-08-28,2019-09-27,Nifty Midcap 150,excluded,SPARC,28082019.pdf
2019-08-28,2019-09-27,Nifty Midcap 150,included,AAVAS,28082019.pdf
2019-08-28,2019-09-27,Nifty Midcap 150,included,ABBOTINDIA,28082019.pdf
2019-08-28,2019-09-27,Nifty Midcap 150,included,ADANIGAS,28082019.pdf
2019-08-28,2019-09-27,Nifty Midcap 150,included,ALBK,28082019.pdf
2019-08-28,2019-09-27,Nifty Midcap 150,included,BAYERCROP,28082019.pdf
2019-08-28,2019-09-27,Nifty Midcap 150,included,BHEL,28082019.pdf
2019-08-28,2019-09-27,Nifty Midcap 150,included,CESC,28082019.pdf
2019-08-28,2019-09-27,Nifty Midcap 150,included,CORPBANK,28082019.pdf
2019-08-28,2019-09-27,Nifty Midcap 150,included,FORTIS,28082019.pdf
2019-08-28,2019-09-27,Nifty Midcap 150,included,IOB,28082019.pdf
2019-08-28,2019-09-27,Nifty Midcap 150,included,MRF,28082019.pdf
2019-08-28,2019-09-27,Nifty Midcap 150,included,ORIENTBANK,28082019.pdf
2019-08-28,2019-09-27,Nifty Midcap 150,included,SAIL,28082019.pdf
2019-08-28,2019-09-27,Nifty Midcap 150,included,UCOBANK,28082019.pdf
2019-08-28,2019-09-27,Nifty Midcap 150,included,VINATIORGA,28082019.pdf
2019-08-28,2019-09-27,Nifty Smallcap 250,excluded,AAVAS,28082019.pdf
2019-08-28,2019-09-27,Nifty Smallcap 250,excluded,ALBK,28082019.pdf
2019-08-28,2019-09-27,Nifty Smallcap 250,excluded,CESC,28082019.pdf
2019-08-28,2019-09-27,Nifty Smallcap 250,excluded,CORPBANK,28082019.pdf
2019-08-28,2019-09-27,Nifty Smallcap 250,excluded,DEEPAKFERT,28082019.pdf
2019-08-28,2019-09-27,Nifty Smallcap 250,excluded,FORTIS,28082019.pdf
2019-08-28,2019-09-27,Nifty Smallcap 250,excluded,GDL,28082019.pdf
2019-08-28,2019-09-27,Nifty Smallcap 250,excluded,IOB,28082019.pdf
2019-08-28,2019-09-27,Nifty Smallcap 250,excluded,INDOCO,28082019.pdf
2019-08-28,2019-09-27,Nifty Smallcap 250,excluded,INOXWIND,28082019.pdf
2019-08-28,2019-09-27,Nifty Smallcap 250,excluded,JPASSOCIAT,28082019.pdf
2019-08-28,2019-09-27,Nifty Smallcap 250,excluded,ORIENTBANK,28082019.pdf
2019-08-28,2019-09-27,Nifty Smallcap 250,excluded,RKFORGE,28082019.pdf
2019-08-28,2019-09-27,Nifty Smallcap 250,excluded,RCOM,28082019.pdf
2019-08-28,2019-09-27,Nifty Smallcap 250,excluded,RHFL,28082019.pdf
2019-08-28,2019-09-27,Nifty Smallcap 250,excluded,RUPA,28082019.pdf
2019-08-28,2019-09-27,Nifty Smallcap 250,excluded,SHANKARA,28082019.pdf
2019-08-28,2019-09-27,Nifty Smallcap 250,excluded,SHARDACROP,28082019.pdf
2019-08-28,2019-09-27,Nifty Smallcap 250,excluded,SCI,28082019.pdf
2019-08-28,2019-09-27,Nifty Smallcap 250,excluded,SPTL,28082019.pdf
2019-08-28,2019-09-27,Nifty Smallcap 250,excluded,SREINFRA,28082019.pdf
2019-08-28,2019-09-27,Nifty Smallcap 250,excluded,TNPL,28082019.pdf
2019-08-28,2019-09-27,Nifty Smallcap 250,excluded,TATACOFFEE,28082019.pdf
2019-08-28,2019-09-27,Nifty Smallcap 250,excluded,TRITURBINE,28082019.pdf
2019-08-28,2019-09-27,Nifty Smallcap 250,excluded,UCOBANK,28082019.pdf
2019-08-28,2019-09-27,Nifty Smallcap 250,excluded,VINATIORGA,28082019.pdf
2019-08-28,2019-09-27,Nifty Smallcap 250,included,AMBER,28082019.pdf
2019-08-28,2019-09-27,Nifty Smallcap 250,included,ARVINDFASN,28082019.pdf
2019-08-28,2019-09-27,Nifty Smallcap 250,included,BSOFT,28082019.pdf
2019-08-28,2019-09-27,Nifty Smallcap 250,included,CGCL,28082019.pdf
2019-08-28,2019-09-27,Nifty Smallcap 250,included,DEN,28082019.pdf
2019-08-28,2019-09-27,Nifty Smallcap 250,included,DHFL,28082019.pdf
2019-08-28,2019-09-27,Nifty Smallcap 250,included,DBL,28082019.pdf
2019-08-28,2019-09-27,Nifty Smallcap 250,included,DISHTV,28082019.pdf
2019-08-28,2019-09-27,Nifty Smallcap 250,included,FMGOETZE,28082019.pdf
2019-08-28,2019-09-27,Nifty Smallcap 250,included,FINCABLES,28082019.pdf
2019-08-28,2019-09-27,Nifty Smallcap 250,included,GARFIBRES,28082019.pdf
2019-08-28,2019-09-27,Nifty Smallcap 250,included,JMFINANCIL,28082019.pdf
2019-08-28,2019-09-27,Nifty Smallcap 250,included,KPITTECH,28082019.pdf
2019-08-28,2019-09-27,Nifty Smallcap 250,included,METROPOLIS,28082019.pdf
2019-08-28,2019-09-27,Nifty Smallcap 250,included,MCX,28082019.pdf
2019-08-28,2019-09-27,Nifty Smallcap 250,included,ORIENTREF,28082019.pdf
2019-08-28,2019-09-27,Nifty Smallcap 250,included,POLYCAB,28082019.pdf
2019-08-28,2019-09-27,Nifty Smallcap 250,included,RVNL,28082019.pdf
2019-08-28,2019-09-27,Nifty Smallcap 250,included,RATNAMANI,28082019.pdf
2019-08-28,2019-09-27,Nifty Smallcap 250,included,RELCAPITAL,28082019.pdf
2019-08-28,2019-09-27,Nifty Smallcap 250,included,RELINFRA,28082019.pdf
2019-08-28,2019-09-27,Nifty Smallcap 250,included,RPOWER,28082019.pdf
2019-08-28,2019-09-27,Nifty Smallcap 250,included,SPARC,28082019.pdf
2019-08-28,2019-09-27,Nifty Smallcap 250,included,TCIEXP,28082019.pdf
2019-08-28,2019-09-27,Nifty Smallcap 250,included,TECHNOE,28082019.pdf
2019-08-28,2019-09-27,Nifty Midcap 50,excluded,BERGEPAINT,28082019.pdf
2019-08-28,2019-09-27,Nifty Midcap 50,excluded,DHFL,28082019.pdf
2019-08-28,2019-09-27,Nifty Midcap 50,excluded,IDBI,28082019.pdf
2019-08-28,2019-09-27,Nifty Midcap 50,excluded,PFC,28082019.pdf
2019-08-28,2019-09-27,Nifty Midcap 50,excluded,PNB,28082019.pdf
2019-08-28,2019-09-27,Nifty Midcap 50,excluded,RELINFRA,28082019.pdf
2019-08-28,2019-09-27,Nifty Midcap 50,included,BHEL,28082019.pdf
2019-08-28,2019-09-27,Nifty Midcap 50,included,CESC,28082019.pdf
2019-08-28,2019-09-27,Nifty Midcap 50,included,ESCORTS,28082019.pdf
2019-08-28,2019-09-27,Nifty Midcap 50,included,MGL,28082019.pdf
2019-08-28,2019-09-27,Nifty Midcap 50,included,MRF,28082019.pdf
2019-08-28,2019-09-27,Nifty Midcap 50,included,SAIL,28082019.pdf
2019-08-28,2019-09-27,Nifty Midcap 100,excluded,BERGEPAINT,28082019.pdf
2019-08-28,2019-09-27,Nifty Midcap 100,excluded,DHFL,28082019.pdf
2019-08-28,2019-09-27,Nifty Midcap 100,excluded,DBL,28082019.pdf
2019-08-28,2019-09-27,Nifty Midcap 100,excluded,DISHTV,28082019.pdf
2019-08-28,2019-09-27,Nifty Midcap 100,excluded,GSKCONS,28082019.pdf
2019-08-28,2019-09-27,Nifty Midcap 100,excluded,GRUH,28082019.pdf
2019-08-28,2019-09-27,Nifty Midcap 100,excluded,PFC,28082019.pdf
2019-08-28,2019-09-27,Nifty Midcap 100,excluded,PNB,28082019.pdf
2019-08-28,2019-09-27,Nifty Midcap 100,excluded,RELCAPITAL,28082019.pdf
2019-08-28,2019-09-27,Nifty Midcap 100,excluded,RELINFRA,28082019.pdf
2019-08-28,2019-09-27,Nifty Midcap 100,excluded,RPOWER,28082019.pdf
2019-08-28,2019-09-27,Nifty Midcap 100,excluded,SPARC,28082019.pdf
2019-08-28,2019-09-27,Nifty Midcap 100,included,ALBK,28082019.pdf
2019-08-28,2019-09-27,Nifty Midcap 100,included,BHEL,28082019.pdf
2019-08-28,2019-09-27,Nifty Midcap 100,included,CESC,28082019.pdf
2019-08-28,2019-09-27,Nifty Midcap 100,included,CUB,28082019.pdf
2019-08-28,2019-09-27,Nifty Midcap 100,included,DALBHARAT,28082019.pdf
2019-08-28,2019-09-27,Nifty Midcap 100,included,EMAMILTD,28082019.pdf
2019-08-28,2019-09-27,Nifty Midcap 100,included,GODREJPROP,28082019.pdf
2019-08-28,2019-09-27,Nifty Midcap 100,included,IPCALAB,28082019.pdf
2019-08-28,2019-09-27,Nifty Midcap 100,included,MRF,28082019.pdf
2019-08-28,2019-09-27,Nifty Midcap 100,included,ORIENTBANK,28082019.pdf
2019-08-28,2019-09-27,Nifty Midcap 100,included,RNAM,28082019.pdf
2019-08-28,2019-09-27,Nifty Midcap 100,included,SAIL,28082019.pdf
2019-08-28,2019-09-27,Nifty Smallcap 50,excluded,ALBK,28082019.pdf
2019-08-28,2019-09-27,Nifty Smallcap 50,excluded,CESC,28082019.pdf
2019-08-28,2019-09-27,Nifty Smallcap 50,excluded,CHENNPETRO,28082019.pdf
2019-08-28,2019-09-27,Nifty Smallcap 50,excluded,FORTIS,28082019.pdf
2019-08-28,2019-09-27,Nifty Smallcap 50,excluded,INFIBEAM,28082019.pdf
2019-08-28,2019-09-27,Nifty Smallcap 50,excluded,JISLJALEQS,28082019.pdf
2019-08-28,2019-09-27,Nifty Smallcap 50,excluded,ORIENTBANK,28082019.pdf
2019-08-28,2019-09-27,Nifty Smallcap 50,excluded,RAIN,28082019.pdf
2019-08-28,2019-09-27,Nifty Smallcap 50,excluded,RCF,28082019.pdf
2019-08-28,2019-09-27,Nifty Smallcap 50,excluded,RCOM,28082019.pdf
2019-08-28,2019-09-27,Nifty Smallcap 50,included,ARVINDFASN,28082019.pdf
2019-08-28,2019-09-27,Nifty Smallcap 50,included,DCMSHRIRAM,28082019.pdf
2019-08-28,2019-09-27,Nifty Smallcap 50,included,DBL,28082019.pdf
2019-08-28,2019-09-27,Nifty Smallcap 50,included,DISHTV,28082019.pdf
2019-08-28,2019-09-27,Nifty Smallcap 50,included,METROPOLIS,28082019.pdf
2019-08-28,2019-09-27,Nifty Smallcap 50,included,POLYCAB,28082019.pdf
2019-08-28,2019-09-27,Nifty Smallcap 50,included,RVNL,28082019.pdf
2019-08-28,2019-09-27,Nifty Smallcap 50,included,SOBHA,28082019.pdf
2019-08-28,2019-09-27,Nifty Smallcap 50,included,SUNTECK,28082019.pdf
2019-08-28,2019-09-27,Nifty Smallcap 50,included,VAKRANGEE,28082019.pdf
2019-08-28,2019-09-27,Nifty Smallcap 100,excluded,ALBK,28082019.pdf
2019-08-28,2019-09-27,Nifty Smallcap 100,excluded,BOMDYEING,28082019.pdf
2019-08-28,2019-09-27,Nifty Smallcap 100,excluded,CESC,28082019.pdf
2019-08-28,2019-09-27,Nifty Smallcap 100,excluded,CGPOWER,28082019.pdf
2019-08-28,2019-09-27,Nifty Smallcap 100,excluded,FORTIS,28082019.pdf
2019-08-28,2019-09-27,Nifty Smallcap 100,excluded,GMDCLTD,28082019.pdf
2019-08-28,2019-09-27,Nifty Smallcap 100,excluded,ITDC,28082019.pdf
2019-08-28,2019-09-27,Nifty Smallcap 100,excluded,JISLJALEQS,28082019.pdf
2019-08-28,2019-09-27,Nifty Smallcap 100,excluded,JETAIRWAYS,28082019.pdf
2019-08-28,2019-09-27,Nifty Smallcap 100,excluded,ORIENTBANK,28082019.pdf
2019-08-28,2019-09-27,Nifty Smallcap 100,excluded,PHILIPCARB,28082019.pdf
2019-08-28,2019-09-27,Nifty Smallcap 100,excluded,RCOM,28082019.pdf
2019-08-28,2019-09-27,Nifty Smallcap 100,excluded,SOUTHBANK,28082019.pdf
2019-08-28,2019-09-27,Nifty Smallcap 100,excluded,SWANENERGY,28082019.pdf
2019-08-28,2019-09-27,Nifty Smallcap 100,excluded,UCOBANK,28082019.pdf
2019-08-28,2019-09-27,Nifty Smallcap 100,included,ARVINDFASN,28082019.pdf
2019-08-28,2019-09-27,Nifty Smallcap 100,included,ASTERDM,28082019.pdf
2019-08-28,2019-09-27,Nifty Smallcap 100,included,BLUESTARCO,28082019.pdf
2019-08-28,2019-09-27,Nifty Smallcap 100,included,CHALET,28082019.pdf
2019-08-28,2019-09-27,Nifty Smallcap 100,included,DHFL,28082019.pdf
2019-08-28,2019-09-27,Nifty Smallcap 100,included,DBL,28082019.pdf
2019-08-28,2019-09-27,Nifty Smallcap 100,included,DISHTV,28082019.pdf
2019-08-28,2019-09-27,Nifty Smallcap 100,included,JKCEMENT,28082019.pdf
2019-08-28,2019-09-27,Nifty Smallcap 100,included,JMFINANCIL,28082019.pdf
2019-08-28,2019-09-27,Nifty Smallcap 100,included,KEI,28082019.pdf
2019-08-28,2019-09-27,Nifty Smallcap 100,included,METROPOLIS,28082019.pdf
2019-08-28,2019-09-27,Nifty Smallcap 100,included,MCX,28082019.pdf
2019-08-28,2019-09-27,Nifty Smallcap 100,included,POLYCAB,28082019.pdf
2019-08-28,2019-09-27,Nifty Smallcap 100,included,RVNL,28082019.pdf
2019-08-28,2019-09-27,Nifty Smallcap 100,included,SPARC,28082019.pdf
2019-08-28,2019-09-27,Nifty 200,excluded,ABB,28082019.pdf
2019-08-28,2019-09-27,Nifty 200,excluded,DHFL,28082019.pdf
2019-08-28,2019-09-27,Nifty 200,excluded,DBL,28082019.pdf
2019-08-28,2019-09-27,Nifty 200,excluded,DISHTV,28082019.pdf
2019-08-28,2019-09-27,Nifty 200,excluded,GSKCONS,28082019.pdf
2019-08-28,2019-09-27,Nifty 200,excluded,GRUH,28082019.pdf
2019-08-28,2019-09-27,Nifty 200,excluded,RELCAPITAL,28082019.pdf
2019-08-28,2019-09-27,Nifty 200,excluded,RELINFRA,28082019.pdf
2019-08-28,2019-09-27,Nifty 200,excluded,RPOWER,28082019.pdf
2019-08-28,2019-09-27,Nifty 200,excluded,SPARC,28082019.pdf
2019-08-28,2019-09-27,Nifty 200,included,ALBK,28082019.pdf
2019-08-28,2019-09-27,Nifty 200,included,CESC,28082019.pdf
2019-08-28,2019-09-27,Nifty 200,included,CUB,28082019.pdf
2019-08-28,2019-09-27,Nifty 200,included,DALBHARAT,28082019.pdf
2019-08-28,2019-09-27,Nifty 200,included,EMAMILTD,28082019.pdf
2019-08-28,2019-09-27,Nifty 200,included,GODREJPROP,28082019.pdf
2019-08-28,2019-09-27,Nifty 200,included,IPCALAB,28082019.pdf
2019-08-28,2019-09-27,Nifty 200,included,NESTLEIND,28082019.pdf
2019-08-28,2019-09-27,Nifty 200,included,ORIENTBANK,28082019.pdf
2019-08-28,2019-09-27,Nifty 200,included,RNAM,28082019.pdf
2017-08-29,2017-09-29,Nifty 500,excluded,RELCAPITAL,29082017.pdf
2017-08-29,2017-09-29,Nifty 500,included,MFSL,29082017.pdf
2017-08-29,2017-09-29,Nifty Midcap 150,excluded,RELCAPITAL,29082017.pdf
2017-08-29,2017-09-29,Nifty Midcap 150,included,MFSL,29082017.pdf
2017-08-29,2017-09-29,Nifty Midcap 50,excluded,RELCAPITAL,29082017.pdf
2017-08-29,2017-09-29,Nifty Midcap 50,included,BERGEPAINT,29082017.pdf
2017-08-29,2017-09-29,Nifty 200,excluded,RELCAPITAL,29082017.pdf
2017-08-29,2017-09-29,Nifty 200,included,MFSL,29082017.pdf
2018-08-31,2018-09-28,Nifty 500,excluded,KPIT,31082018.pdf
2018-08-31,2018-09-28,Nifty 500,included,SHILPAMED,31082018.pdf
2018-08-31,2018-09-28,Nifty Smallcap 250,excluded,KPIT,31082018.pdf
2018-08-31,2018-09-28,Nifty Smallcap 250,included,SHILPAMED,31082018.pdf
