sym,date,value,type,day0,size,mcap_cr,liquid,before,1m,1m x,3m,3m x,6m,6m x,12m,12m x,period,value band
360ONE,2021-12-22,3102842230.0,pledge created,2021-12-22,Small,14417.65995145631,True,-0.09041750984696861,0.14944670280036143,0.10219769014886904,0.17527664859981917,0.23185166926312312,0.01174345076784089,0.1490093578518752,0.24457994579945797,0.3055675254554215,2016-22,> 1%
360ONE,2024-09-20,2167295000.0,pledge created,2024-09-20,Mid,44269.02354368932,True,0.22599224225882564,-0.06145251396648044,0.011173789876800233,0.15116387337057713,0.2457092987545909,-0.08957169459962755,0.06964747004428162,-0.06722532588454377,0.01726410327773742,2023-26,0.2-1%
AARTIIND,2020-10-19,0.0,pledge created,2020-10-19,Mid,17602.959705882353,True,0.054613056039215846,0.17278591174362656,0.09444540697144566,0.26466673492372284,0.0025929552409397205,0.5276543462680454,0.21619939682414313,1.0773011160028667,0.4130190573994119,2016-22,< 0.05% of mcap
ABFRL,2017-07-04,5963100.0,pledge created,2017-07-04,Mid,7592.875991225777,True,0.0901894941506246,0.01963082332259014,0.014295355186742742,-0.05654849106358051,-0.07391393352530073,0.004101963082332238,-0.21513711789148637,-0.18605332552007026,-0.188440272918956,2016-22,< 0.05% of mcap
ABFRL,2018-03-21,5963100.0,pledge created,2018-03-21,Small,6292.954289479486,True,-0.09009334085633991,0.05617572920417735,-0.006658581910010453,0.027367662945624982,0.08939116370686506,0.3147281238746851,0.45799384853808406,0.5869643500180053,0.7645689371309423,2016-22,< 0.05% of mcap
ABREL,2017-06-29,119500.0,pledge created,2017-06-29,Small,5417.930174563592,True,0.03775543156216399,0.08018181818181813,0.05765717141667048,0.11131818181818187,0.10692190737541862,0.2882272727272728,0.07816984393118098,-0.20704545454545453,-0.13108851674641153,2016-22,< 0.05% of mcap
ABREL,2017-12-15,27461000.0,pledge created,2017-12-15,Small,6568.990454897239,True,-0.03877651026034146,0.06180659670164923,0.004720515121806823,-0.1345577211394302,-0.050306544545817344,-0.3267241379310344,-0.185380271643022,-0.3278860569715142,-0.07229887586251144,2016-22,< 0.05% of mcap
ABREL,2018-03-21,119500.0,pledge created,2018-03-21,Small,5698.538137415083,True,-0.046607104973412805,0.06539699104269903,0.0025626799285112245,-0.20936603182885472,-0.14734253106761463,-0.2482389773023741,-0.10497325263897511,-0.188538133750761,-0.010933546637824032,2016-22,< 0.05% of mcap
ADANIENSOL,2016-01-05,4083800000.0,pledge created,2016-01-05,Small,4728.406996197718,False,0.3356386939542756,-0.13298565840938725,-0.01367776032062612,,,0.0013037809647977738,-0.0044668295275189784,0.5358539765319426,0.4757439165941776,2016-22,> 1%
ADANIENSOL,2016-08-29,2955100000.0,pledge created,2016-08-29,Small,4880.73969581749,False,0.17162082684453495,-0.04981320049813198,-0.03831563652830222,0.3785803237858034,0.4275674109548897,0.5579078455790785,0.4866807365430811,2.194271481942715,1.9803138908783826,2016-22,> 1%
ADANIENSOL,2016-12-16,594400000.0,pledge created,2016-12-16,Mid,6647.799011406843,False,0.422883835162443,0.16417910447761197,0.12277619276735707,0.2005597014925371,0.05573683073898594,1.236940298507463,1.0242528879828203,3.213619402985074,2.764357703141771,2016-22,0.2-1%
ADANIENSOL,2017-07-21,297500000.0,pledge created,2017-07-21,Mid,15781.667680608365,True,0.42131976876698995,-0.17135258358662608,-0.14734900828414982,0.7610182370820668,0.7080622069107688,0.69338905775076,0.4787640765555664,0.2686170212765957,0.24956393648170838,2016-22,0.05-0.2%
ADANIENSOL,2020-07-21,5914700000.0,pledge created,2020-07-21,Large,29680.50319391635,True,0.028342709811731037,0.1170256835128416,0.08930531016760357,0.19987572493786243,0.17660859648573657,0.7319801159900581,0.463516332172101,2.8927091963545983,2.510878670182117,2016-22,> 1%
ADANIENSOL,2021-07-05,11156500000.0,pledge created,2021-07-05,Large,110703.2194676806,True,-0.03863847218295702,-0.007076955336548507,-0.014095346989883462,0.849968546865171,0.7744513200417634,0.8453029985321872,0.7838178565236473,1.821293772279304,1.8536715435455728,2016-22,> 1%
ADANIENT,2016-01-05,6697162000.0,pledge created,2016-01-05,Mid,8275.20762944692,True,0.015391470674649077,-0.1455393446543889,-0.038335424941220164,-0.0928007653671371,-0.03550239520613063,-0.026668261181535646,-0.03169118192378628,-0.07079646017699126,-0.12308986609912265,2016-22,> 1%
ADANIENT,2016-08-29,2731500000.0,pledge created,2016-08-29,Mid,6794.533109486511,True,-0.14113410715587082,-0.1042047531992687,-0.09847268548789861,-0.0722823794121783,-0.021306957261640558,0.2910982984109127,0.24226479305550508,0.783293488960765,0.579883513638311,2016-22,> 1%
ADANIENT,2020-08-27,2173300000.0,pledge created,2020-08-27,Large,37656.748881789135,True,0.7727217664045314,0.025872249060654884,0.06910447414302284,0.39445339058865647,0.31086279536675987,1.8921452853820004,1.7099273939768747,4.448631239935588,4.026831769147133,2016-22,0.2-1%
ADANIENT,2021-07-23,420900000.0,pledge created,2021-07-23,Large,184101.46760383388,True,0.10516342862023509,0.050894156025450776,0.046412837888849534,0.099687008655019,0.01788886044136262,0.24040086403244532,0.21308774763195681,0.8166502578872352,0.8156467162774957,2016-22,< 0.05% of mcap
ADANIGREEN,2018-09-15,21424100000.0,pledge created,2018-09-17,Mid,8881.787949921752,False,,-0.3292682926829268,-0.21088545570541323,-0.20262664165103184,-0.14421781261833339,-0.3405253283302063,-0.2776061767197753,0.09287054409005635,0.20568021199463044,2016-22,> 1%
ADANIGREEN,2018-12-25,2817700000.0,pledge created,2018-12-26,Small,6865.828638497652,False,-0.08280746298230507,-0.15319662243667076,-0.10866637052515082,-0.13510253317249699,-0.15372938764759703,0.21109770808202644,0.2464489591490715,4.080820265379975,4.187261084429088,2016-22,> 1%
ADANIGREEN,2019-07-11,2976000000.0,pledge created,2019-07-11,Mid,8171.2449139280125,False,0.39041133790578714,-0.061553985872855654,-0.007010097397471715,0.7931382441977801,0.804462351063153,2.8072653884964685,2.7064410375703654,5.781029263370334,5.859625124766699,2016-22,> 1%
ADANIGREEN,2020-02-20,9267600000.0,pledge created,2020-02-20,Mid,32197.514084507042,True,0.7987484015851526,-0.20333512641204954,0.14326379828986768,0.4026358257127487,0.6202398325869364,1.3278644432490587,1.3636779877262244,5.07073695535234,4.821376581778633,2016-22,> 1%
ADANIGREEN,2020-07-21,5479100000.0,pledge created,2020-07-21,Large,57397.005477308296,True,0.6007942893148894,0.11726190476190479,0.08954153141666676,1.049702380952381,1.0264352525002551,1.9549107142857145,1.6864469304677574,1.8041666666666667,1.422336140494185,2016-22,0.2-1%
ADANIGREEN,2021-07-16,2204300000.0,pledge created,2021-07-16,Large,166671.9147104851,True,-0.22572514533216104,-0.03743042434764843,-0.05156151939010589,0.20425879589439822,0.11841029306984086,0.979727314507481,0.912339269222237,1.1656028187713834,1.1777956426063245,2016-22,0.05-0.2%
ADANIPORTS,2016-01-05,33267300000.0,pledge created,2016-01-05,Large,59309.45316455696,True,-0.11938922024175946,-0.16163621922160454,-0.09424054838721657,-0.1292692613185068,-0.09320197776465444,-0.13423351866560762,-0.2072739011852972,0.1626290706910245,0.10660758570643813,2016-22,> 1%
ADANIPORTS,2016-08-29,15715000000.0,pledge created,2016-08-29,Large,60909.90379746836,True,0.23890303940227964,-0.023578627115421136,-0.006726265575402013,0.011218862901692273,0.08074665158138117,0.12702034607339807,0.12149570178485725,0.46434683399885923,0.364947734640517,2016-22,> 1%
ADANIPORTS,2020-07-21,25258700000.0,pledge created,2020-07-21,Large,72994.46582278481,True,0.030594276884608362,0.1333333333333333,0.10561295998809528,0.11842948717948709,0.09516235872736123,0.7076923076923076,0.4392285238743505,1.1884615384615382,0.8066310122890565,2016-22,> 1%
ADANIPORTS,2021-07-02,20513400000.0,pledge created,2021-07-02,Large,164776.83037974683,True,-0.10304752375310344,-0.02161819590169689,-0.022588729810653296,0.04774311668192399,-0.040277768686529436,0.06316456587564256,-0.007298180318762171,0.007957186113654036,0.048516552400350244,2016-22,> 1%
ADANIPOWER,2016-09-30,284.68,pledge created,2016-09-30,Mid,9621.131326530613,False,-0.2520645299102473,0.023391812865497075,0.04381449949485289,0.1949317738791423,0.24442490875145562,0.7270955165692008,0.6230704272632731,0.1734892787524367,0.03377694551019128,2016-22,< 0.05% of mcap
ADANIPOWER,2017-01-12,1122300000.0,pledge created,2017-01-12,Mid,14083.94525510204,False,0.4349772169554207,-0.0027662517289074318,-0.05724523304563334,-0.08437067773167362,-0.23354118148674685,-0.1632088520055326,-0.35291585666306335,0.022130013831258566,-0.3726618423338337,2016-22,0.2-1%
ADANIPOWER,2017-05-02,3050900000.0,pledge created,2017-05-02,Mid,12557.701530612245,False,-0.21737093308011401,-0.12924071082390964,-0.1192724283196352,0.07754442649434568,0.05820847657336692,0.08885298869143776,-0.0014866558349342363,-0.20355411954765756,-0.3314104704819031,2016-22,> 1%
ADANIPOWER,2018-03-19,1182600000.0,pledge created,2018-03-19,Mid,10084.800306122448,False,-0.17458908399082318,0.007751937984496138,-0.04847784371294528,-0.25775193798449614,-0.23429237702745004,0.011627906976744207,0.07605412586889426,0.8178294573643412,0.8716514610937869,2016-22,> 1%
ADANIPOWER,2019-02-15,916900000.0,pledge created,2019-02-15,Mid,15204.47862244898,False,-0.1849222667898009,0.29083665338645415,0.19203715808926836,0.24302788844621492,0.15819626192910885,0.5710491367861885,0.5947540366677184,0.40239043824701204,0.3065360587942896,2016-22,0.2-1%
ADANIPOWER,2019-11-19,1023300000.0,pledge created,2019-11-19,Mid,23280.04668367347,False,-0.06846790618483622,0.0190555095277547,0.031336163798745154,-0.046396023198011616,-0.0858759855655995,-0.391880695940348,-0.1397561472301232,-0.3653686826843413,-0.4014583792949078,2016-22,0.2-1%
ADANIPOWER,2020-03-13,2811600000.0,pledge created,2020-03-13,Mid,11958.795765306122,False,-0.346131042068173,0.2214411247803163,0.23082104943248377,0.3356766256590509,0.27680614571340567,0.30579964850615093,0.07851313415766126,2.1370826010544817,1.6204626339952801,2016-22,> 1%
ADFFOODS,2017-04-24,0.0,pledge created,2017-04-24,Micro,481.1823076923077,False,0.29660955086840124,0.25902091473224553,0.3280639462030227,0.09124339232360379,0.09194086757265774,0.10779131234199046,0.04197736464430046,0.11491611123879575,0.0056997236029022735,2016-22,< 0.05% of mcap
ADFFOODS,2022-04-13,771388750.0,pledge created,2022-04-13,Micro,1783.740293040293,False,-0.012932776711041982,-0.08773360090304783,0.029739153215024516,-0.10598269158409634,0.05045297865381271,-0.10704878966511988,-0.0371118314302894,-0.054308290480371224,0.04261549280704846,2016-22,> 1%
ADFFOODS,2023-03-29,525851250.0,pledge created,2023-03-29,Micro,1477.8622710622712,False,0.07884159569531263,0.019897821995159992,-0.11444583176165768,0.39788921753159445,0.14782849620837668,0.42108093573541283,-0.014816500162023072,0.2926862059693467,-0.4578188445357039,2023-26,> 1%
ADFFOODS,2024-03-22,18992500.0,pledge created,2024-03-22,Micro,2106.6115384615387,False,-0.006232424846471074,0.24366835510530516,0.13272610586518363,0.28962943215142634,0.13763365087607338,0.450279925353239,0.1800542182338455,0.29677419354838697,0.33677345033360007,2023-26,0.05-0.2%
AFCONS,2024-11-11,38208432728.0,pledge created,2024-11-11,Small,18155.267137096776,False,,0.13983420593368234,0.1007040518153951,-0.017124781849912618,0.12184916107923555,0.016906631762652724,0.08242970673473587,-0.15150523560209417,-0.0749891997540158,2023-26,> 1%
AFCONS,2025-05-08,7665495214.0,pledge created,2025-05-08,Small,15322.12620967742,False,-0.013843492763266851,0.06655554232646743,-0.06887457329681601,-0.03929039171329918,-0.12068979603267227,0.03988570067865216,-0.03523778056309623,-0.1987141326348375,-0.20853301275085323,2023-26,> 1%
AFCONS,2025-12-18,7389644764.0,pledge created,2025-12-18,Small,13952.437701612904,True,-0.05976443961038391,-0.09753850204027903,-0.027387660641802813,-0.2860339607739898,-0.13377575041408474,-0.1684875608792944,-0.1578128803769725,,,2023-26,> 1%
AJANTPHARM,2019-08-01,2257571969.25,pledge created,2019-08-01,Mid,7962.488779342724,True,-0.11555695891095757,0.0867785445420326,0.08822132639876246,0.03387703889585958,-0.0740070017807477,0.3632841907151818,0.18100144897711568,0.7042032622333749,0.6706342025377059,2016-22,> 1%
AJANTPHARM,2023-05-19,1213581750.0,pledge created,2023-05-19,Small,16258.429342723004,True,0.010973686908718139,0.12287313006737466,0.038051705725222096,0.36222450610939827,0.19951237655581422,0.4991054775227439,0.2337966193252793,0.853564767233832,0.3888802370018487,2023-26,0.2-1%
AJANTPHARM,2023-09-30,959346700.0,pledge created,2023-10-03,Mid,22385.871361502348,True,0.11923490191530495,0.028764614734469562,0.04039688851296386,0.2900408508240597,0.14916431477706493,0.22924355543034225,-0.004057080987730277,0.9015354275250036,0.5456374564601603,2023-26,0.2-1%
AJMERA,2019-11-22,200430000.0,pledge created,2019-11-22,Micro,92.53579831932774,False,0.008368200836819994,-0.027027027027026973,0.006433719812137917,-0.06652806652806642,-0.06530895423856675,-0.3222453222453222,-0.051388815015066314,-0.18295218295218285,-0.2649410108418563,2016-22,> 1%
AJMERA,2025-03-28,42075000.0,pledge created,2025-03-28,Micro,706.3696638655463,True,0.12814815750514552,-0.1333144636286442,-0.1319794182586816,0.009906594961788917,-0.14249609029991372,0.14520237758279086,0.043926795861456425,2.43136144919332,2.5397707402125027,2023-26,0.2-1%
ALIVUS,2023-09-25,5909886165.0,pledge created,2023-09-25,Small,7718.527918781726,True,-0.003721291684732342,0.009924957637375886,0.03840114613318013,0.05656418946179298,-0.05645986023017968,0.2533688372468328,0.12447145603795495,0.8127975470023401,0.4011817626880989,2023-26,> 1%
AMBUJACEM,2022-09-20,540880340.0,pledge created,2022-09-20,Large,142229.94545454546,True,0.40075242415068657,-0.05310797081370644,-0.011792693870109672,-0.015701487023182747,0.003998168786747303,-0.3125519534497091,-0.2167459635345389,-0.2048582248083496,-0.32062333052022607,2016-22,< 0.05% of mcap
ANDHRAPAP,2019-12-11,8128800000.0,pledge created,2019-12-11,Micro,1123.166574965612,False,-0.35738864997527514,0.06210846608197618,-0.043398826925316936,-0.3964560587077143,-0.1758564775498544,-0.1754071952747449,-0.07361867491669005,-0.23787363522462857,-0.5479713550943354,2016-22,> 1%
ANGELONE,2021-10-05,396600000.0,pledge created,2021-10-05,Small,12523.432554744526,True,0.5436140833218902,-0.0771362240694975,-0.07280604762606857,-0.051224443945180886,-0.026482494457690076,0.2734965925260242,0.3242156529997155,0.17419306522878752,0.27555120760177043,2016-22,0.2-1%
APLAPOLLO,2020-10-06,183951200.0,pledge created,2020-10-06,Small,7901.062479452055,True,0.5444344050106404,0.14040770341161157,0.15334467814216768,0.5696581347040806,0.3580269831618512,1.2951096715135728,0.9215266693081656,2.072562757455199,1.2238716316923368,2016-22,0.2-1%
APOLLO,2023-01-31,321.0,pledge created,2023-01-31,Micro,1185.8094292803971,False,0.5608061495173444,-0.00949263502454989,0.045622187522422974,0.18003273322422242,0.17172755893831304,1.02291325695581,0.8334933774900786,3.058919803600655,2.4244409948950416,2023-26,< 0.05% of mcap
APOLLO,2023-09-27,174.0,pledge created,2023-09-27,Micro,2161.089330024814,True,-0.03671530477342022,0.5937227550130777,0.6004251233558019,1.0854402789886661,0.9422264391456128,0.8317349607672186,0.6682973055262849,0.7719267654751527,0.3877148542392962,2023-26,< 0.05% of mcap
APOLLO,2024-02-12,787280000.0,pledge created,2024-02-12,Micro,4277.543424317618,True,-0.11665239083254897,-0.1267427122940431,-0.00531868177910344,-0.08829742289818321,-0.08751286303626571,-0.08762146176594843,-0.20815330815395927,-0.038614279678918395,0.03866326269396303,2023-26,> 1%
APOLLOHOSP,2016-02-29,3219600000.0,pledge created,2016-02-29,Large,20942.950238795,True,0.21590146736897636,-0.09541143467806579,-0.18188504406914563,-0.0956118087095913,-0.21978929211088316,-0.06164841036601654,-0.3431766881044327,-0.18147208121827418,-0.4523830618535537,2016-22,> 1%
APOLLOHOSP,2016-09-09,1193500000.0,pledge created,2016-09-09,Mid,19358.47659808964,True,-0.12606757548071623,0.011043832590730718,-0.015382408851852936,-0.05708518983967403,-0.01637589433295772,-0.06618683118169011,-0.14531658204349085,-0.1924292623481474,-0.43928955017423366,2016-22,0.2-1%
APOLLOHOSP,2017-03-16,360000000.0,pledge created,2017-03-16,Mid,17540.80277369581,True,-0.13493512055087742,-0.053445157046538405,-0.10045082190957288,0.03946719289590517,-0.04218355649677796,-0.13061174148988663,-0.27495964909360526,-0.15943101463575082,-0.2822601565536458,2016-22,0.2-1%
APOLLOHOSP,2017-10-10,27000000.0,pledge created,2017-10-10,Mid,15570.046620132256,True,-0.1845021557050931,-0.07091770388259322,-0.11365900046242194,0.08875162548764637,-0.07651808326149911,0.01597622143786004,-0.06187257873379959,0.04374883893739567,0.1543186774608014,2016-22,< 0.05% of mcap
APOLLOHOSP,2018-03-05,118100000.0,pledge created,2018-03-05,Mid,16708.86469507715,True,0.08885709213607657,-0.0727946243969676,-0.07822533036362833,-0.1987422467263955,-0.1601616759181489,-0.02157994486560988,0.03147989104982912,-0.0030582356995175752,0.07310677153497941,2016-22,0.05-0.2%
APOLLOHOSP,2018-10-05,1000600000.0,pledge created,2018-10-05,Mid,15125.10639235856,True,0.054561859792060685,0.0460301321748775,-0.022972144102036296,0.1714576208522045,0.08646310629203313,0.15190867917552442,0.05426315994708142,0.3937055180700617,0.34966737065459785,2016-22,0.2-1%
APOLLOHOSP,2019-05-17,3345000000.0,pledge created,2019-05-17,Mid,16326.874210139604,True,-0.0838518015920438,0.12805641325210715,0.13851909580539257,0.23099390803638475,0.29930652368825555,0.21033964783443215,0.18726751236400063,0.13239589418342668,0.35492143849205915,2016-22,> 1%
APOLLOHOSP,2020-08-26,1694300000.0,pledge created,2020-08-26,Mid,23623.321675238796,True,-0.07378091444836643,0.2288787878787879,0.2862461622423296,0.3584848484848484,0.3119787841880223,0.8735454545454544,0.5880293393385274,2.053969696969697,1.5380433133705784,2016-22,0.2-1%
APOLLOHOSP,2023-03-27,940100000.0,pledge created,2023-03-27,Large,61778.01921381338,True,-0.03455549225338017,0.04196280228908966,-0.035107578848071586,0.169581871884807,-0.005715101451443938,0.18122346317149707,-0.02192798098307791,0.48620084917851214,-0.027866924341580335,2023-26,0.05-0.2%
APOLLOHOSP,2023-12-23,2944200000.0,pledge created,2023-12-26,Large,80592.12360396767,True,0.01373238898316742,0.08464250235166904,0.06940035861293481,0.09564919252037374,0.004727918350612037,0.07965784314587387,-0.10927894187028941,0.2957740287826707,0.1644118899233793,2023-26,0.2-1%
APOLLOHOSP,2024-03-27,442600000.0,pledge created,2024-03-27,Large,89151.85795371051,True,0.025924019479168114,-0.06264944626227031,-0.09711504509835489,-0.04077523282154538,-0.13720117666809195,0.12530675811729175,-0.043196752169022745,0.04948244399697965,0.06205818985791395,2023-26,< 0.05% of mcap
APOLLOHOSP,2024-11-27,4293000000.0,pledge created,2024-11-27,Large,99899.81120499632,True,0.1260639353031442,0.06916285392699995,0.09365471884679466,-0.08620689655172409,0.02181648511677403,-0.00418061422870597,0.019748213216058463,0.050123518147666246,0.01934341427056141,2023-26,0.2-1%
APOLLOHOSP,2025-03-12,245400000.0,pledge created,2025-03-12,Large,87897.15512490815,True,-0.02516056770333991,0.15851711120028167,0.06341526691994537,0.13558752958325493,0.019778060890767724,0.2919181413936274,0.14632384923133968,0.20617788441853047,0.13712294294071137,2023-26,< 0.05% of mcap
APOLLOHOSP,2025-08-30,837100000.0,pledge created,2025-09-01,Large,109754.30731080088,True,0.14335132059118233,-0.031372038531632396,-0.036585399472309876,-0.0648268680031242,-0.07046153763837826,0.012106222337932904,0.033398511213679594,0.15041655818797195,0.16588009766222422,2023-26,0.05-0.2%
APOLLOPIPE,2020-10-06,190847250.0,pledge created,2020-10-06,Micro,590.2903543307087,False,0.2488964653855288,0.3038239916186485,0.33100567974454265,0.7463892838434485,0.45165244173818553,1.6075731497418246,1.2286182972711528,3.8575918581156925,2.7683899801814205,2016-22,> 1%
APOLLOTYRE,2018-06-07,282502500.0,pledge created,2018-06-07,Mid,17268.337777777775,True,0.09601626989933132,-0.04777475022706623,-0.0212051938829646,-0.0999091734786558,-0.0955184188812116,-0.14822888283378755,-0.058339770570968674,-0.3124432334241598,-0.20895998996304377,2016-22,0.05-0.2%
APOLLOTYRE,2020-03-23,262836000.0,pledge created,2020-03-23,Small,4784.071111111111,True,-0.13224994453664762,0.13940165499681734,-0.11131424613123209,0.38064926798217713,-0.0520251008380207,0.47612985359643556,-0.06145278905533158,1.862507956715468,0.7362532033558455,2016-22,0.2-1%
APOLSINHOT,2019-06-11,1510500000.0,pledge created,2019-06-11,Micro,236.237747205503,False,0.046173941501747584,-0.013507377979568691,0.07219067879573504,-0.07366628830874,0.06668458888424245,-0.24750283768444947,-0.025460043982390546,-0.43688989784335974,-0.15902490569265326,2016-22,> 1%
ARVIND,2016-06-22,0.0,pledge created,2016-06-22,Small,3115.8208041460525,True,0.08022131533945764,-0.02332089552238803,-0.0788623308196752,0.05565920398009938,-0.041563491191896285,0.03467039800995031,0.023237845488907838,0.11893656716417911,-0.18563584166000335,2016-22,< 0.05% of mcap
ARVIND,2018-03-09,2398027500.0,pledge created,2018-03-09,Small,3739.8503372090945,True,-0.015097199017746032,0.01267238166231821,-0.006372224553225281,0.00695738601068463,0.05101927001579498,-0.040377686669151425,0.07264212932066927,-0.35033370582341683,-0.1462790164254718,2016-22,> 1%
ARVIND,2018-08-01,251790000.0,pledge created,2018-08-01,Small,4012.923353218192,True,0.12288974896484545,-0.07457627118644072,-0.0763312090503182,-0.228450363196126,-0.12270887435059968,-0.43918193211268763,-0.2641066640600523,-0.6469942713789065,-0.37647388520330866,2016-22,0.2-1%
ARVIND,2021-09-04,463500000.0,pledge created,2021-09-06,Micro,2537.212222222222,True,0.06638376182721828,0.11802575107296143,0.06135096692419029,0.24517167381974247,0.19144772211784966,0.2344420600858368,0.17647221303267946,0.17060085836909855,-0.0053069476756937295,2016-22,> 1%
ARVINDFASN,2021-09-06,646490000.0,pledge created,2021-09-06,Micro,3278.0259689922477,True,0.6018220350570156,0.3423494570582428,0.2856746729094717,0.1905231984205331,0.1367992467186403,0.06436327739387959,0.0063934303407222615,0.17354392892398818,-0.002363877120804103,2016-22,> 1%
ARVSMART,2018-11-30,389025000.0,pledge created,2018-11-30,Micro,507.8925249169435,False,-0.1654593225113279,0.13546910755148733,0.13098612325829362,0.09427917620137305,0.17701583110497277,0.03615560640732274,0.13785052166155998,-0.18672768878718538,0.1283408043634996,2016-22,> 1%
ASAHIINDIA,2016-03-18,0.0,pledge created,2016-03-18,Small,3517.653076120959,False,-0.031182509757511856,0.14916931778013454,0.07033973004559779,0.06327324142806656,-0.040256584295576436,0.40261576528808773,0.18208539072088603,0.4814422057264054,0.05570967210356503,2016-22,< 0.05% of mcap
ASAHIINDIA,2017-03-24,0.0,pledge created,2017-03-24,Small,5403.339520333681,False,0.10543321398450933,0.027225378787878896,-0.04795691365505328,0.1538825757575757,0.1121247632575757,0.7490530303030303,0.6764406716530542,0.6368371212121213,0.46899932295041324,2016-22,< 0.05% of mcap
ASAHIINDIA,2018-02-07,72150000.0,pledge created,2018-02-07,Small,8678.747549530763,False,-0.1291023792612201,-0.030713388245148687,0.014245600039416662,-0.005025827167387864,0.05582978703496322,-0.0887896132905206,0.054841896290095116,-0.29233561356973337,0.03770052638986027,2016-22,0.05-0.2%
ASAHIINDIA,2018-10-08,823511000.0,pledge created,2018-10-08,Mid,7651.118561001043,False,-0.00677366597846385,-0.02033209081667231,-0.09863567377618099,-0.1355472721111488,-0.2309284862232195,-0.1511352084039309,-0.2588908697495098,-0.3029481531684176,-0.3267100193405337,2016-22,> 1%
ASAHIINDIA,2019-06-17,164550000.0,pledge created,2019-06-17,Small,5483.662877997915,False,-0.15143800106755456,-0.08800360117038042,-0.05905977247718963,-0.22642358766599147,-0.12604932580974776,-0.1420211568759847,-0.053096086152269184,-0.17443169029934724,0.05922721278104337,2016-22,0.2-1%
ASAHIINDIA,2020-03-22,280925000.0,pledge created,2020-03-23,Small,3538.0526590198124,False,0.1806942415171997,0.17830556540233933,-0.0724103357257101,0.2552286423254164,-0.1774457264947814,0.43211627082594806,-0.10546637182581908,1.04147465437788,-0.08478009898174266,2016-22,0.2-1%
ASAHIINDIA,2020-09-02,879200000.0,pledge created,2020-09-02,Small,5228.6680917622525,False,-0.08108870863603213,-0.027239150507848642,-0.013996711844165843,0.17451523545706382,0.05932819221827246,0.4773776546629733,0.1057193757668261,0.7283010156971377,0.07934179884646675,2016-22,> 1%
ASAHIINDIA,2021-01-05,169296750.0,pledge created,2021-01-05,Small,7394.848800834203,False,0.1535015507003873,0.01947368421052631,0.022998541798496974,0.15578947368421048,0.058284383291387964,0.2945614035087718,-0.038667946760278515,0.9826315789473683,0.5677862997884406,2016-22,0.2-1%
ASAHIINDIA,2022-04-13,5562500.0,pledge created,2022-04-13,Small,11961.805422314912,True,-0.07864164744077495,-0.07662210629279431,0.015738174007626893,0.23616998152374746,0.3566425890472403,0.328333876752527,0.3665346344327795,0.001847625258124097,0.10672961923525603,2016-22,< 0.05% of mcap
ASAHIINDIA,2023-03-06,48185000.0,pledge created,2023-03-06,Small,12595.467466110531,False,-0.11439049301179,-0.08659898477157357,-0.0650321279396957,-0.04629441624365482,-0.1418341965690162,0.1677157360406092,-0.1345135414384504,0.040710659898477,-0.3176123034033028,2023-26,< 0.05% of mcap
ASAHIINDIA,2024-03-15,5358000.0,pledge created,2024-03-15,Small,12991.984358706986,True,-0.024923078088154693,0.14047384007897334,0.061372961180318875,0.3384007897334649,0.16177798432267376,0.535143139190523,0.2600305440161004,0.25291214215202373,0.23473925641482984,2023-26,< 0.05% of mcap
ASAHIINDIA,2024-11-20,459550000.0,pledge created,2024-11-21,Small,16708.53336809176,True,0.0956825367566645,0.16529885413440693,0.14438720266761007,0.05860947661814797,0.2123579684243121,0.11768349334159178,0.12228000370146092,0.5857850727779499,0.6432747677503099,2023-26,0.2-1%
ASAHIINDIA,2025-04-02,60205000.0,pledge created,2025-04-02,Small,15763.777685088635,False,-0.06339487356321932,0.1640650144834246,0.1899998192266409,0.31187640811071793,0.18759916427975487,0.40384615384615397,0.33671084595141454,0.33247505632442875,0.3768277720034544,2023-26,< 0.05% of mcap
ASAHIINDIA,2026-01-15,14865500.0,pledge created,2026-01-16,Small,24155.656100104276,True,0.1178806584310862,0.027509133892112736,0.0267801924502023,-0.08225875779067271,-0.10138918103031036,-0.045454545454545525,-0.0741017248658099,,,2023-26,< 0.05% of mcap
ASHOKLEY,2020-04-10,964370000.0,pledge created,2020-04-13,Mid,13494.98181818182,True,-0.15877528906190547,0.009850107066381009,-0.013496380056608692,0.05567451820128477,-0.12487344250242804,0.582441113490364,0.296100857589218,1.4338329764453959,0.7074033941539438,2016-22,0.2-1%
ASHOKLEY,2021-03-25,23529816000.0,pledge created,2021-03-25,Mid,32169.974025974025,True,0.09297998611253488,-0.011923549009293377,-0.022770576971596568,0.07487287392600384,-0.05633990958399482,0.173066806943714,-0.06077063074846789,0.06084516920918803,-0.15046469902553472,2016-22,> 1%
ASHOKLEY,2021-07-19,7674000000.0,pledge created,2021-07-19,Mid,36553.05974025974,True,-0.031171319371879225,-0.03534370946822307,-0.013711416729420223,0.14348249027237348,0.07060773202042991,0.12726977950713358,0.05390718186262988,0.19082360570687418,0.24969782424944093,2016-22,> 1%
ASIANHOTNR,2017-11-21,54817000.0,pledge created,2017-11-21,Micro,560.1633802816901,False,-0.15782928743592595,0.2972560975609757,0.23367336424478413,1.053734756097561,1.0689498662759451,1.0655487804878052,1.1706455707962853,0.14291158536585358,0.44136746640236246,2016-22,0.2-1%
ASIANHOTNR,2018-08-03,4538000.0,pledge created,2018-08-03,Micro,996.1073239436619,False,-0.1319256304171632,-0.005964214711729587,0.03763876865029003,-0.3401811354097637,-0.19495532453853687,-0.3596200574331787,-0.0961430234408775,-0.6072454163905456,-0.2126611373179959,2016-22,< 0.05% of mcap
ASIANHOTNR,2020-01-22,4300000.0,pledge created,2020-01-22,Micro,371.5892957746479,False,-0.2546504502029773,-0.13291855203619907,-0.04258223115590809,-0.23076923076923084,0.08222446567516978,-0.3761312217194571,-0.19309550743374293,-0.20871040723981904,-0.3949512497306614,2016-22,0.05-0.2%
ASIANHOTNR,2022-04-08,2668465.0,pledge created,2022-04-08,Micro,352.98845070422533,False,0.009344877398165474,-0.05295191722458925,0.10662299957445193,-0.0073037127206331265,0.1514788322005256,0.12294583079732191,0.1957066623496826,0.9598295800365184,1.0676304424434178,2016-22,0.05-0.2%
ASIANPAINT,2019-02-27,223728000.0,pledge created,2019-02-27,Large,134845.41398252186,True,0.06538378811187012,0.08119840592086525,0.0018777425372737966,0.016616851693709078,-0.0361519139224461,0.09052092228864228,0.1331531528405182,0.33991602618844285,0.46040017653688137,2016-22,< 0.05% of mcap
ASIANPAINT,2019-08-21,7391738967.0,pledge created,2019-08-21,Large,152443.3304619226,True,0.24850908981900754,0.1246338046108777,0.03233720382779026,0.09244045344542084,-0.026151926625172406,0.16297286969812763,0.0795305113790763,0.24703859380970572,0.19524737783144697,2016-22,0.2-1%
ASIANPAINT,2021-06-15,11604484000.0,pledge created,2021-06-15,Large,291830.915855181,True,0.14819803192903913,-0.011627521780898986,-0.014797913281964448,0.10713220922913846,0.02836478448758517,0.07453539603140436,0.0630458459702018,-0.1127472090635041,-0.025204457156111304,2016-22,0.2-1%
ASIANTILES,2020-11-24,479120970.0,pledge created,2020-11-24,Small,8697.220321931589,True,0.1750875264473548,-0.0582410204766699,-0.14391578824356177,-0.42715676401477,-0.6501625552254501,-0.33182275931520633,-0.7717373474409402,-0.5656260490097347,-1.142794188655382,2016-22,0.2-1%
ASTERDM,2021-01-21,3195386022.0,pledge created,2021-01-21,Mid,14085.129770444764,False,-0.1192008146166812,-0.06909430438842201,-0.11713266977972736,-0.09492685963274194,-0.1725855423253907,-0.014939309056956174,-0.2669210608309256,0.14939309056956107,-0.20898072963053205,2016-22,> 1%
ASTERDM,2024-03-14,85453604265.0,pledge created,2024-03-14,Mid,36994.67819225251,True,0.03349652409394421,0.1999539011178979,0.1450214881181855,-0.17886366255618302,-0.35938246571691534,-0.038262072144750525,-0.28263291635227095,-0.001959202489339673,-0.06890606389802734,2023-26,> 1%
ASTERDM,2025-03-11,44175233535.0,pledge created,2025-03-11,Mid,37773.5593256815,True,0.03373683954801848,0.1587724377533295,0.07567564213527889,0.31522872032426186,0.13939703941615167,0.435784597568037,0.2714253128745039,0.47353792704111175,0.4201467211084755,2023-26,> 1%
ATUL,2016-05-05,0.0,pledge created,2016-05-05,Mid,5520.680594996619,False,0.21261570202541258,-0.007607865848842876,-0.02473826031914772,0.00410666807065585,-0.09807780975347102,0.14539184457840837,0.00995363136443328,0.3232158369968674,0.0015780528936552018,2016-22,< 0.05% of mcap
ATUL,2017-08-19,1058125000.0,pledge created,2017-08-21,Small,5867.96629479378,False,-0.16901161825820482,0.17342989137220632,0.11315770378902557,0.259832688225746,0.1389079025046187,0.3231864152828068,0.23028780925075543,0.56935947059558,0.6141758700199812,2016-22,> 1%
ATUL,2018-03-24,2723526000.0,pledge created,2018-03-26,Small,7676.617275185936,False,0.07242334408400125,0.09427420110580087,0.04852272806188662,-0.0038047043388623747,0.08948988783162737,0.18656170930559446,0.3767832152245822,0.3196513916221535,0.5072608767630753,2016-22,> 1%
ATUL,2020-08-25,1168000000.0,pledge created,2020-08-25,Mid,17271.175354969575,True,-0.01920387877893348,0.021705216034728414,0.10099394673617895,0.07126263311402026,0.025171711143042286,0.11958217459133147,-0.11312833656590127,0.5478786542766059,0.032069636282027525,2016-22,0.2-1%
ATUL,2021-03-13,339227500.0,pledge created,2021-03-15,Mid,19960.028634212307,True,-0.06040044658859678,0.12516590473381517,0.16895723862568574,0.31629553163250246,0.24577669484197184,0.412129479427813,0.2673687529618929,0.4285429877599176,0.33648932340056037,2016-22,0.05-0.2%
AUBANK,2018-09-13,3060225000.0,pledge created,2018-09-14,Mid,26312.267079207923,True,0.010636688996394805,-0.20921507708540943,-0.09099126905008109,-0.06477519198077264,-0.0002854213269414263,-0.175215428805909,-0.11663004730563847,-0.027639369247904333,0.08574708743316867,2016-22,> 1%
AUBANK,2019-05-15,999681760.0,pledge created,2019-05-15,Mid,24655.105722772278,True,0.08042884722059829,0.07022910294025841,0.03637913267634163,0.0884886697047258,0.11809349439140676,0.27504838004869225,0.21884677105328754,-0.38557338160933896,-0.1674490077769517,2016-22,0.2-1%
AUROPHARMA,2016-03-02,53700000.0,pledge created,2016-03-02,Large,38708.621052631584,True,-0.05101255627017709,0.06862955799126014,0.039506926433263256,0.10695608567949,-0.009142305842541387,0.1565298373809012,-0.10163618287727672,-0.05122143420015757,-0.2914643082092654,2016-22,< 0.05% of mcap
AUROPHARMA,2017-01-03,77664000.0,pledge created,2017-01-03,Large,38556.62009569378,True,-0.15036895228120917,0.02661368918209761,-0.06176514779705966,-0.013344328660319538,-0.17381271722316682,0.06364794962141085,-0.12938083174181836,0.009296049179098764,-0.28118236087161097,2016-22,< 0.05% of mcap
AUROPHARMA,2017-07-18,458347500.0,pledge created,2017-07-18,Large,42118.60478468899,True,0.08807964837415383,-0.07978063589475748,-0.06468780223579945,-0.015407716915845193,-0.015454645443697124,-0.15668864660181492,-0.231764539432472,-0.22922243259123853,-0.17622995148362902,2016-22,0.05-0.2%
AUROPHARMA,2018-02-21,232975000.0,pledge created,2018-02-21,Large,32751.904306220098,True,-0.1758161152362112,-0.062196472693192506,-0.028477928545640185,0.03135383828917093,0.023348738860710316,0.17355371900826455,0.16175741663341836,0.21334242140240245,0.33868357091796725,2016-22,0.05-0.2%
AUROPHARMA,2018-12-19,1840380000.0,pledge created,2018-12-19,Large,42121.47272727273,True,-0.008195289327003863,0.06973539140022056,0.08569664476473215,0.058847850055126605,0.04640640362171089,-0.14388092613009917,-0.1488211782652608,-0.36866041896361634,-0.34271850650507585,2016-22,0.2-1%
AUROPHARMA,2019-05-21,391709750.0,pledge created,2019-05-21,Large,38226.8066985646,True,-0.1868258870877072,-0.09344669325107202,-0.09297814895782652,-0.11097735309608003,-0.005848843650923474,-0.3177338048303363,-0.3097337337659698,0.10330298698367324,0.3081031885820605,2016-22,0.05-0.2%
AUROPHARMA,2020-03-19,1065431600.0,pledge created,2020-03-19,Mid,19846.162679425837,True,0.04026077292042074,0.8011248918373235,0.7845103478158016,1.2781944043841942,1.0857273585815541,1.3048745312950678,1.028951884094102,1.468560715315835,0.8034608056933903,2016-22,0.2-1%
AUROPHARMA,2020-07-10,2225938000.0,pledge created,2020-07-10,Large,47077.27751196172,True,0.6336436793292886,0.16714021000617652,0.1434717067592155,0.03094502779493502,0.0009421558279293363,0.1679431747992588,-0.11232000060529435,0.18956145768993204,-0.19554142152108733,2016-22,0.2-1%
AUROPHARMA,2021-02-02,16255265000.0,pledge created,2021-02-02,Large,52861.91770334929,True,-0.006105020163361896,-0.04902173913043484,-0.08153533417414871,0.13907608695652174,0.11770463741570891,-0.035108695652173894,-0.1314281240965558,-0.2869021739130435,-0.4501918773731889,2016-22,> 1%
AUROPHARMA,2022-05-10,638205000.0,pledge created,2022-05-10,Mid,34593.12344497608,True,0.03663569027037411,-0.09334360027378497,-0.10417352623245446,-0.028319644079397577,-0.10962667245428814,-0.18240930869267624,-0.3022101562123537,0.0976214921286791,-0.04427218503680108,2016-22,0.05-0.2%
AUROPHARMA,2023-09-29,3677100000.0,pledge created,2023-09-29,Mid,52446.06602870814,True,0.08621427708919915,-0.05799812909260982,-0.03016014661886579,0.2010124910581632,0.09036265621917461,0.23655973146976272,0.040518846196600844,0.6411709679194411,0.313565568136875,2023-26,0.2-1%
AUROPHARMA,2024-01-19,13627452500.0,pledge created,2024-01-19,Mid,65888.11291866029,True,0.12163890666725474,-0.09024955203006857,-0.11649501781153238,-0.035531663825881576,-0.10063029616771124,0.21166032953105196,-0.00447551662701462,0.028189327389537278,-0.028852243963847113,2023-26,> 1%
AXISCADES,2016-10-28,540020000.0,pledge created,2016-10-28,Micro,947.7727476467951,False,-0.12745313263738045,-0.2866270103547036,-0.17582964248709065,-0.18770654329147385,-0.12809814725448054,-0.27803480942938974,-0.3774056694142137,-0.4351178673716678,-0.6761045530837528,2016-22,> 1%
AXISCADES,2017-07-06,249475000.0,pledge created,2017-07-06,Micro,634.8889511429852,False,-0.11210809085356133,-0.018474974806852562,0.0,-0.21699697682230434,-0.23305870663918793,0.43701713134027553,0.11470578443472668,-0.17030567685589515,-0.08085169898424005,2016-22,> 1%
AXISCADES,2017-11-16,1028750000.0,pledge created,2017-11-16,Micro,550.2512326311071,False,-0.22789896728431225,0.4790697674418605,0.4350715250845295,0.30736434108527133,0.2938912871930557,0.13527131782945734,0.25019889256978933,-0.32480620155038764,-0.05841187095546113,2016-22,> 1%
AXISCADES,2018-07-05,570000000.0,pledge created,2018-07-05,Micro,514.1900493052443,False,-0.05627537648516956,-0.06906416019615846,-0.1170034473866447,-0.4335921536575399,-0.29237873886164745,-0.3355128729055987,-0.2259378492762576,-0.48304045770331017,-0.19487447409675274,2016-22,> 1%
AXISCADES,2018-10-04,121145440.0,pledge created,2018-10-04,Micro,314.1565441506051,False,-0.10854469269661432,0.17751060820367748,0.12487902925630912,0.17397454031117388,0.13718882602545968,-0.12871287128712872,-0.12303105310531048,0.052333804809052475,0.34105250619898675,2016-22,> 1%
AXISCADES,2020-01-29,91957500.0,pledge created,2020-01-29,Micro,290.3985880770955,False,-0.06228724456420931,-0.1883166794773251,-0.04781153448200237,-0.5165257494235204,-0.19426661321089578,-0.16756341275941578,-0.01870972173962887,-0.18601076095311286,-0.4257860418519893,2016-22,> 1%
AXISCADES,2022-01-25,1406912760.0,pledge created,2022-01-25,Micro,475.58337068579107,False,0.3785962660926442,-0.1701729780271155,-0.0458678254169958,0.5282842449742868,0.5711945538380072,0.14446002805049085,0.2592198218747098,1.974754558204768,2.0047495600790652,2016-22,> 1%
AXISCADES,2022-06-01,1596806400.0,pledge created,2022-06-01,Micro,571.039444195428,False,0.5383681886844502,-0.12916510670160997,-0.05756245062318255,0.06252339947585162,-0.009107342958287301,1.2695619618120553,1.1767428252737602,1.9168850617746163,1.7886799335694878,2016-22,> 1%
AXISCADES,2022-10-28,284892958.0,pledge created,2022-10-28,Micro,1002.500896458987,False,0.8898270805216133,0.28374655647382907,0.27056496804898544,0.28862047043865235,0.32826011007829203,0.4286925196016107,0.4505819016032526,1.2574698029243483,0.9766610760289464,2016-22,> 1%
AXISCADES,2023-07-13,482744163.0,pledge created,2023-07-13,Micro,2125.9128193635142,False,0.49969038701615187,0.13054161973994072,0.10715521432029118,0.12603665403911113,-0.020202827603288953,0.6233234360602027,0.26687544404224317,0.12480802702979399,-0.34703901734838527,2023-26,> 1%
AXISCADES,2024-03-28,1924400000.0,pledge created,2024-03-28,Micro,2346.734536082474,False,-0.12048454942210762,0.062214016215782264,0.0003958343976004919,-0.045917957774745166,-0.19410160581461888,-0.10219153889379462,-0.31029037957770655,0.4128602392229268,0.47275614140402406,2023-26,> 1%
BAJAJCON,2016-01-28,4079852350.0,pledge created,2016-01-28,Mid,4980.666229838709,False,0.0030480341644154585,-0.002873563218390829,0.09805184319987403,0.01554336468129569,0.002613784635700722,0.01554336468129569,-0.09990527856153342,-0.012016718913270719,-0.21736678607090154,2016-22,> 1%
BAJAJCON,2016-11-28,1423933350.0,pledge created,2016-11-28,Small,4740.054334677419,False,-0.041034356796884996,-0.013548651977555837,0.019402711305395726,0.0006842753524018974,-0.08232505308266058,0.0006842753524018974,-0.1900093966103329,0.3150403722457915,-0.0804029060623146,2016-22,> 1%
BAJAJCON,2018-07-09,4914731500.0,pledge created,2018-07-09,Small,5531.472379032258,False,0.015547951627647327,-0.030126912584509502,-0.035002696192589444,-0.054679160241964175,0.07739071511503681,-0.08445024315027883,0.02896411060488513,-0.29142450480370063,-0.06997006192476046,2016-22,> 1%
BAJAJCON,2019-07-23,4135062485.0,pledge created,2019-07-23,Small,3945.3847782258067,False,-0.012552236837586606,-0.11004030138426502,-0.05538084910829938,-0.13912738741895925,-0.14506215440635783,-0.2016821447345366,-0.27037359532735583,-0.39285088487821973,-0.20965606307608742,2016-22,> 1%
BAJAJELEC,2020-10-31,642405400.0,pledge created,2020-11-02,Small,5649.33597359736,True,0.020176651114811373,0.22406681790059801,0.08151975170848158,0.5193854402969684,0.2658099955289398,1.335429985564034,0.8836598314173467,1.2893380078366672,0.4318542328189141,2016-22,> 1%
BAJAJFINSV,2020-07-08,61722905.0,pledge created,2020-07-08,Large,102465.67773541305,True,0.22061118425936233,-0.015527004810326872,-0.036074395702961004,-0.10106253425074585,-0.13424681480681355,0.3375144614260488,0.08141753283866171,0.9650642391767645,0.579444987543969,2016-22,< 0.05% of mcap
BAJAJHIND,2017-12-27,2571668305.0,pledge created,2017-12-27,Small,3483.792307692308,False,-0.08423459682104184,-0.037931034482758696,-0.024130646607897432,-0.3551724137931035,-0.26144583828835977,-0.5448275862068965,-0.32662121434975844,-0.3793103448275862,-0.08560743217232558,2016-22,> 1%
BAJAJHIND,2021-08-02,4629514134.0,pledge created,2021-08-02,Small,4357.733333333333,False,1.3858441003972377,-0.1560693641618498,-0.11866778935870026,-0.21965317919075145,-0.22686012255184762,-0.028901734104046284,-0.0356714397414698,-0.3670520231213874,-0.28764673514551936,2016-22,> 1%
BAJAJHIND,2022-03-15,94390165.0,pledge created,2022-03-15,Micro,3759.1435897435895,False,0.1695835801292782,0.07911392405063289,0.002513325039895653,-0.20569620253164556,-0.0782538445336271,-0.29430379746835444,-0.36305379746835453,-0.20569620253164556,-0.130736074939939,2016-22,0.2-1%
BBOX,2019-01-15,220000000.0,pledge created,2019-01-15,Micro,433.3304347826087,False,0.9071409425955903,-0.2679983354140658,-0.12403936081409872,-0.048689138576779145,0.009116141531165134,-0.20516021639617144,0.043715345822719076,0.6733250104036621,0.9090299934717238,2016-22,> 1%
BBTC,2017-12-28,1339800000.0,pledge created,2017-12-28,Mid,11344.093773028739,True,0.16253236298919604,-0.16416551643123556,-0.1342442824598467,-0.2751461043728525,-0.19085259144292965,-0.1629320724795159,-0.012645812937531198,-0.23523538222078644,-0.05952969401315422,2016-22,> 1%
BBTC,2018-09-25,1681816500.0,pledge created,2018-09-25,Mid,10061.323802505527,True,-0.016608366610266156,-0.16234494358399332,-0.09811771738133213,-0.07204429182143124,-0.06100483300538767,-0.08662134697596191,-0.09948876465797485,-0.23459948139323006,-0.15528450989306297,2016-22,> 1%
BBTC,2019-05-21,115530000.0,pledge created,2019-05-21,Mid,7948.710795873249,True,-0.09045164777771941,-0.12025910207728396,-0.12697807754625945,-0.32177797632343086,-0.2247838549343108,-0.012553048916685294,-0.04062484065215277,-0.15018985928076845,0.021785705664996935,2016-22,0.05-0.2%
BFUTILITIE,2016-12-06,80000000.0,pledge created,2016-12-06,Small,1540.2968503937009,True,-0.27571527433509097,-0.024112773587238734,-0.05862552297901502,-0.013849387906516686,-0.10271823745663222,-0.014344008903177996,-0.2364721774109787,0.17818721404723625,-0.20466250792618912,2016-22,0.2-1%
BHARATFORG,2021-09-29,11439750000.0,pledge created,2021-09-29,Mid,36338.675493250266,True,-0.04491373893743589,0.07315750220353912,0.07119524668544563,-0.05369855583429384,-0.0373940750370903,-0.0384432842904604,0.0006610582173670609,-0.04129093497864267,0.011298474686058657,2016-22,> 1%
BHARATWIRE,2018-10-17,203875000.0,pledge created,2018-10-17,Micro,552.6393292682926,False,0.0062968337677950514,-0.09437621202327084,-0.10363640571539978,-0.15901745313510018,-0.15267687342495528,-0.3244990303813833,-0.2729380360189609,-0.5669036845507434,-0.28192959128649464,2016-22,> 1%
BHARATWIRE,2019-03-08,1195000000.0,pledge created,2019-03-08,Micro,415.93201219512196,False,-0.10037580495822734,-0.07465135356849883,-0.0439328850920786,-0.41509433962264153,-0.2994476626375556,-0.538966365873667,-0.3050000455583678,-0.7719442165709598,-0.23288653137436177,2016-22,> 1%
BIRLANU,2021-03-15,522639500.0,pledge created,2021-03-15,Micro,2349.916714285714,False,0.38335562705184634,0.015098291975507605,0.09380668615829935,0.42786013535288414,0.17745729175098846,0.6668868836609734,0.32128248805657766,0.24247502417015787,-0.2605675721787266,2016-22,> 1%
BSOFT,2019-02-01,64000000.0,pledge created,2019-02-01,Small,3199.3983455882353,True,-0.13688853228591014,0.01538461538461533,-0.047253739699147146,-0.24659340659340656,-0.26237167621019,-0.43384615384615377,-0.326531577121668,-0.1947252747252748,-0.15312793695489213,2016-22,0.2-1%
BSOFT,2019-06-27,92000000.0,pledge created,2019-06-27,Small,2520.6957720588234,True,-0.03945277040166245,-0.12282734646581683,-0.03015551025615021,-0.22827346465816922,-0.13653115277270378,-0.16396292004634982,-0.10631587135347509,0.15063731170336037,0.35833741302048294,2016-22,0.2-1%
BYKE,2018-02-06,454230000.0,pledge created,2018-02-06,Micro,881.9587628865978,False,0.1318132248143129,-0.06454340473506215,0.0018388270805734797,0.04002254791431792,0.11760875481086963,-0.3410372040586246,-0.1729743768334937,-0.842728297632469,-0.4365685286238069,2016-22,> 1%
BYKE,2018-09-27,38568750.0,pledge created,2018-09-27,Micro,397.42268041237105,False,-0.4115856111452224,0.054187192118226646,0.06762942074783246,-0.07811400422237857,-0.08778913980402236,-0.5974665728360309,-0.5587470390349722,-0.7515833919774807,-0.4368614726754087,2016-22,0.2-1%
CAMLINFINE,2018-10-08,116280000.0,pledge created,2018-10-08,Micro,739.3725321888412,False,-0.36939591584340625,0.5708256396729097,0.46721049592113073,0.34397256660511766,0.2727255077815882,0.23450276971775263,0.2124586815413998,0.6417831706673702,0.8953755546584252,2016-22,> 1%
CAMLINFINE,2019-08-20,489096000.0,pledge created,2019-08-20,Micro,1067.4283261802575,False,0.5820142972128368,0.09286898839137647,-0.0036114878824811125,0.05233093790307719,0.016751302540160107,0.21245623733185903,0.19538418166480753,0.781463055094896,0.6558262777134686,2016-22,> 1%
CAMLINFINE,2024-03-01,1157900000.0,pledge created,2024-03-01,Micro,2192.218454935622,True,-0.25405345696082604,-0.17712145714528882,-0.14570735361940734,-0.20537918120691123,-0.14017518062921053,-0.11439271427355513,-0.24690901153561506,0.444293131330326,0.5687936921478733,2023-26,> 1%
CAPACITE,2019-12-02,1052600000.0,pledge created,2019-12-02,Small,1747.6327868852459,False,0.01154037489096138,-0.04004133298889179,-0.07407819126704573,-0.19839834668044432,-0.16401554488748005,-0.4742960475329373,-0.28844032917066853,-0.039266339447171394,-0.16715854799284435,2016-22,> 1%
CAPACITE,2023-08-16,570500000.0,pledge created,2023-08-16,Micro,1789.504918032787,True,0.0854319309633711,0.03190213480450943,-0.02457661871895911,0.2343487646917728,0.1278241308702015,0.28591988486447595,-0.04658984453469306,0.8409690573278965,0.32640595053178023,2023-26,> 1%
CARBORUNIV,2016-02-10,2377960.0,pledge created,2016-02-10,Small,3252.572643769968,False,0.05464189930517166,0.05525197328476028,-0.000947168672980947,0.30692167577413487,0.1401365505323725,0.6171827565270191,0.36983476115369096,0.5898603521554344,0.14734552314410654,2016-22,< 0.05% of mcap
CARBORUNIV,2021-12-03,89435000.0,pledge created,2021-12-03,Mid,17328.311861022365,True,0.0553324284126363,0.07324112393813986,0.045833255253007854,-0.2269658026573732,-0.12223798813596898,-0.26911348290132875,-0.16329018972863807,-0.08739925942060556,-0.1301664127136043,2016-22,0.05-0.2%
CCAVENUE,2017-05-11,1241157119.4,pledge created,2017-05-11,Mid,7851.623841059603,False,-0.33377526205715435,-0.0022401433691756623,-5.826325718194525e-05,0.36021505376344076,0.38584560049149214,0.786290322580645,0.6865804487119943,0.6536738351254479,0.5515221305063163,2016-22,> 1%
CCAVENUE,2018-10-05,1479245908.0,pledge created,2018-10-05,Small,4648.803973509935,False,-0.47908062829665826,-0.1396604938271605,-0.21888864847236478,-0.23070987654320985,-0.3121015586931992,-0.22222222222222232,-0.3028068366582024,-0.27314814814814825,-0.18810627084133347,2016-22,> 1%
CELEBRITY,2017-08-29,106045671.0,pledge created,2017-08-29,Micro,117.00878594249201,False,0.2533135465090632,-0.12034383954154726,-0.12034383954154726,-0.09742120343839533,-0.28752453284217483,0.08309455587392556,-0.07512685113770678,-0.318051575931232,-0.28209182446040126,2016-22,> 1%
CELEBRITY,2019-03-08,14605168.0,pledge created,2019-03-08,Micro,61.65335463258786,False,0.029513390749417,-0.03351955307262555,-0.0028010845962053166,-0.25139664804469264,-0.13574997105960673,-0.22905027932960886,0.0049160409856903176,-0.553072625698324,-0.014014940501726025,2016-22,> 1%
CELEBRITY,2023-01-15,18252929.0,pledge created,2023-01-16,Micro,116.01437699680511,False,-0.2067192978100698,-0.11884057971014494,-0.048332358820272814,-0.1768115942028986,-0.10418334703502125,-0.26956521739130435,-0.348659746089913,0.04637681159420293,-0.4225040145291572,2023-26,> 1%
CENTENKA,2018-03-15,4156800.0,pledge created,2018-03-15,Micro,695.4162162162162,False,0.042839676512201996,0.15489003275620017,0.1333039203386268,-0.0787708625799407,0.02632467882133327,-0.12478552487911398,0.03673466514463908,-0.22835751052877873,0.0963569793146683,2016-22,0.05-0.2%
CENTENKA,2018-06-15,116316851.4,pledge created,2018-06-15,Micro,645.8990990990991,False,0.029441161838732355,-0.1605147307822553,-0.06235646942811773,-0.049949204199119523,0.015657157629906382,-0.09092448357602445,0.08136119139301368,-0.24212665086352858,0.0661947523156296,2016-22,> 1%
CENTRUM,2019-02-22,0.0,pledge created,2019-02-22,Micro,1617.8469387755104,False,-0.02086860867916457,-0.015197568389057725,-0.06442833761982691,-0.10486322188449848,-0.14057707377344153,-0.23556231003039518,-0.002823018159849422,-0.4255319148936171,-0.13677102700376043,2016-22,< 0.05% of mcap
CENTRUM,2019-07-15,95370000.0,pledge created,2019-07-15,Micro,1263.484693877551,False,-0.1011375373962195,0.015414258188824803,0.12774446626118974,-0.08092485549132944,0.0397167590880817,-0.12524084778420042,-0.09401623069990978,-0.4393063583815029,-0.25437485153218786,2016-22,0.2-1%
CENTRUM,2020-07-16,46500000.0,pledge created,2020-07-16,Micro,716.0561224489796,False,-0.0643451776649746,-0.10097719869706834,-0.16987521244802306,0.0912052117263844,0.0494205091768094,0.5765472312703583,0.11891513915986551,2.244299674267101,1.037095430235271,2016-22,0.2-1%
CENTRUM,2021-06-01,70516400.0,pledge created,2021-06-01,Micro,1735.1530612244899,True,0.3144413636710117,0.3107734806629834,0.2148939244030783,-0.03314917127071826,-0.15902579600317823,-0.04143646408839774,-0.22220808823276617,-0.37430939226519344,-0.581213199465916,2016-22,0.2-1%
CENTRUM,2021-11-17,75800000.0,pledge created,2021-11-17,Micro,1940.438775510204,False,-0.1392721929266224,-0.1660130718954249,-0.12113937204401326,-0.22745098039215683,-0.25924930827987025,-0.3790849673202614,-0.35003154651426327,-0.3529411764705882,-0.4391380314502039,2016-22,0.2-1%
CENTRUM,2022-06-06,21105000.0,pledge created,2022-06-06,Micro,1129.0714285714287,False,-0.11037227455653642,-0.05518763796909487,-0.010390070320400124,0.17218543046357637,0.06750210797499567,0.13465783664459163,0.019163102317127034,-0.1876379690949227,-0.3419013290156764,2016-22,0.05-0.2%
CENTRUM,2023-04-05,70601000.0,pledge created,2023-04-05,Micro,950.6683673469387,False,-0.11092405073737555,0.005249343832020914,-0.05620317013445941,0.06561679790026242,-0.10192177140843295,0.17847769028871374,-0.15623256581892253,0.8083989501312336,0.19021713194941547,2023-26,0.2-1%
CGPOWER,2016-02-09,0.0,pledge created,2016-02-09,Mid,6865.4571428571435,True,-0.16122199495451645,0.14508365803346313,0.13808619305751002,0.4038505615402246,0.33073113254447395,0.9699747879899152,0.8052818085697784,0.5184506073802428,0.26678591118219797,2016-22,< 0.05% of mcap
CGPOWER,2016-06-27,131852000.0,pledge created,2016-06-27,Mid,11215.768442622952,True,0.46752373528647206,0.09537166900420746,0.03575572834915197,0.045582047685834404,-0.029142580746580382,-0.16830294530154277,-0.21941954645128336,0.16409537166900434,-0.08975452697515263,2016-22,0.05-0.2%
CGPOWER,2017-08-10,4390375000.0,pledge created,2017-08-10,Mid,11286.111241217799,True,-0.16935841927508138,0.10772225827384818,0.03365834063023532,0.06359506813757299,-0.07731563372504735,0.16093445814406238,-0.008608203566815131,-0.23166774821544445,-0.34364115615100554,2016-22,> 1%
CGPOWER,2018-02-27,6576352500.0,pledge created,2018-02-27,Mid,12950.890807962529,True,-0.03796511338552111,-0.03952095808383227,-0.022439957664193655,-0.2910179640718562,-0.250358353796901,-0.2934131736526946,-0.266993924096451,-0.562874251497006,-0.44644008249374656,2016-22,> 1%
CGPOWER,2018-07-03,13589867348.0,pledge created,2018-07-03,Mid,8988.246487119439,True,-0.18753907005913328,0.061418685121107375,0.02568597222047786,-0.2941176470588236,-0.16975909918926918,-0.21799307958477498,-0.17423554105733596,-0.6695501730103806,-0.5799799685639231,2016-22,> 1%
CHALET,2019-09-06,9560381146.0,pledge created,2019-09-06,Small,6569.583905325443,False,0.02988952167895864,0.036286368094148536,0.04362260163055531,0.09022556390977443,0.10465952333270578,-0.18960444589735204,-0.0016238428517318937,-0.49411572409284077,-0.469360110085303,2016-22,> 1%
CHALET,2024-04-30,9579350000.0,pledge created,2024-04-30,Small,18927.492071005916,True,0.1434425878640384,-0.10823101409731706,-0.08010111052226565,-0.052921782628467584,-0.17303984225595692,-0.009890859481582637,-0.10829296111365161,-0.09038199181446116,0.0034025981338116074,2023-26,> 1%
CHALET,2024-07-31,9700825000.0,pledge created,2024-07-31,Small,18460.26816568047,True,-0.16643973398120893,0.0272492647500151,0.02403300159259225,0.04543544805233779,0.0989528339310154,-0.07454534541744184,0.08416135188547214,0.04921673368945445,0.17410766463153549,2023-26,> 1%
CHALET,2025-03-20,6357586383.0,pledge created,2025-03-20,Small,17605.697041420117,True,-0.021119289006451436,0.011889440460868927,0.007070240658904492,0.12606484035055465,0.028290492711740223,0.24030152601581167,0.1590590997237229,-0.1391799963228535,-0.02102274554242578,2023-26,> 1%
CHALET,2025-08-29,2153636386.0,pledge created,2025-08-29,Small,22109.429112426034,True,0.13961657141766304,-0.06717662057467877,-0.054525742054432835,-0.13705011277826806,-0.11275252118142504,-0.2576247916053742,-0.1148303656343927,-0.10880651171913314,-0.0628620640450212,2023-26,0.2-1%
CHAMBLFERT,2016-11-16,234000000.0,pledge created,2016-11-16,Small,2318.384718826406,False,-0.08364904996727585,0.25363636363636366,0.23225778046910028,0.459090909090909,0.36338276284825455,1.0781818181818181,0.8360540829033979,1.7218181818181817,1.2983976214481712,2016-22,> 1%
CHAMBLFERT,2017-03-08,180665000.0,pledge created,2017-03-08,Small,3085.836185819071,True,0.09339460631949081,0.11406351263771874,0.029607583428584938,0.6429034348671419,0.5383649222435658,0.8969539857420608,0.7534840882884577,1.1561892417368758,0.9315052523338139,2016-22,0.2-1%
CHAMBLFERT,2017-07-24,28687500.0,pledge created,2017-07-24,Small,5404.220904645476,True,0.3504420196692386,0.062361623616236095,0.10388886397477626,0.05867158671586714,0.03441410010432022,0.14723247232472314,-0.027417394904816206,0.11328413284132832,0.20155554046852098,2016-22,0.05-0.2%
CHAMBLFERT,2019-04-30,4301600000.0,pledge created,2019-04-30,Small,6219.763325183373,False,-0.056981332166729404,0.22232978380122637,0.2023477718942045,-0.03291384317521773,0.1074079968039443,0.058405937399161,0.1612030160853778,-0.1713455953533397,0.2269647100237614,2016-22,> 1%
CHAMBLFERT,2020-08-27,182350500.0,pledge created,2020-08-27,Small,6229.78227383863,True,-0.220516364762939,0.0009768804949525922,0.053274528391653864,0.2572451970042331,0.22153710393568238,0.5910126994464344,0.33043337637841586,1.063497232171931,0.4883489593499384,2016-22,0.2-1%
CHAMBLFERT,2022-11-14,633237500.0,pledge created,2022-11-14,Small,11664.060024449878,True,-0.16803408349176274,0.06081653396578024,0.04564058902310997,0.02168388954768763,0.07648791693509083,-0.015415890225308981,-8.150679314689047e-05,0.0321870235473487,-0.2670999269741724,2016-22,0.2-1%
CHOICEIN,2023-04-05,1090512500.0,pledge created,2023-04-05,Micro,3098.5895316804404,False,0.2741880222799242,0.18696924284592886,0.12551672887944854,0.21158923856419043,0.044050669255495056,0.49917933347605814,0.16446907736842187,1.1633483194176835,0.5451665012358653,2023-26,> 1%
CHOICEIN,2023-10-20,650557813.0,pledge created,2023-10-20,Micro,4753.3255096418725,True,0.09594010964584099,0.06729081334113518,0.005783037033193161,0.28462063584942454,0.10080846408544564,0.5849912229373901,0.3650660958211136,1.2905695338404524,0.9720583355422396,2023-26,> 1%
CHOICEIN,2024-10-03,172396800.0,pledge created,2024-10-03,Micro,10505.110192837465,True,0.17182439998232701,0.10455222293129118,0.1378411251457084,0.13316315677515433,0.18678778438190713,0.029461816634758442,0.3070708449075854,0.6993192937672834,0.8792565978425185,2023-26,0.05-0.2%
CHOICEIN,2025-11-18,470280000.0,pledge created,2025-11-18,Small,17474.70743801653,True,-0.01685962744203573,-0.035010940919037226,0.009023975651090588,-0.005439199749921908,0.05703336891360966,-0.140231322288215,-0.09694126185871538,,,2023-26,0.2-1%
CHOLAFIN,2021-12-03,67775000.0,pledge created,2021-12-03,Mid,48390.28416666667,True,-0.0030151640128638357,-0.01710017100171002,-0.04450803968684203,0.09315093150931508,0.1978787460307193,0.20592205922059237,0.31174535239328305,0.3371433714337144,0.2943762181407157,2016-22,< 0.05% of mcap
CHOLAHLDNG,2021-12-02,0.0,pledge created,2021-12-02,Small,13110.532359307357,False,0.029333024978346223,-0.05002197158341892,-0.06548634983997115,-0.0685513402665886,0.02868553972708282,-0.08825252673209316,0.019337155326490607,-0.11059030320785113,-0.08238904208637238,2016-22,< 0.05% of mcap
CINELINE,2016-07-07,262645000.0,pledge created,2016-07-07,Micro,236.02528735632183,False,1.4781704781704783,-0.08780487804878045,-0.08641424603653286,0.025203252032520274,-0.04691985764404072,0.3406504065040652,0.27422974229742314,0.16991869918699187,-0.16538236338679813,2016-22,> 1%
CINELINE,2017-10-17,250000000.0,pledge created,2017-10-17,Micro,343.63908045977007,False,0.23403334180079038,0.05901820187534468,0.051932873834061755,0.13182570325427445,-0.08279693825515966,-0.11969111969111978,-0.16012480355840608,-0.5146166574738004,-0.21717510271918405,2016-22,> 1%
CINELINE,2018-09-18,225000000.0,pledge created,2018-09-18,Micro,187.56091954022986,False,-0.11827346172377395,-0.10584677419354838,0.05922499614137988,0.045362903225806495,0.17284945221305853,-0.1381048387096775,0.04081763560855478,-0.32056451612903225,0.06745845351821966,2016-22,> 1%
CINELINE,2024-06-17,22112170000.0,pledge created,2024-06-18,Micro,496.35908045977004,False,-0.010452992552637208,0.02773284030506118,0.02374265288382693,-0.06239889068638782,-0.15373770128992614,0.01663970418303662,-0.060413482991053646,-0.30552345736075803,-0.24302364917529384,2023-26,> 1%
CINELINE,2026-02-26,462224000.0,pledge created,2026-02-26,Micro,334.327816091954,False,0.20029710038406445,-0.08361735969097928,0.010587000746392738,-0.10065894114973872,-0.13511683121265172,0.020563508293569566,-0.019347250258735738,,,2023-26,> 1%
COFFEEDAY,2018-07-02,49367925.0,pledge created,2018-07-02,Small,5631.418604651163,False,-0.004717260303671811,0.013745057427979601,-0.014967813859149137,-0.021841461118433436,0.1017579484533333,0.011109019017134125,0.10095036512808414,-0.18226322726416877,-0.020516330710715125,2016-22,0.05-0.2%
COFFEEDAY,2019-06-20,1367075550.0,pledge created,2019-06-20,Small,4636.767441860465,False,-0.2306518703831159,-0.07910516605166051,-0.010710374307577153,-0.7283210332103321,-0.6979953239044829,-0.8150369003690037,-0.7369671694924409,,,2016-22,> 1%
CONFIPET,2021-12-03,446000000.0,pledge created,2021-12-03,Micro,2481.021566401816,True,0.004064101900503658,0.07784011220196341,-0.0009912546282102586,-0.10308555399719488,-0.06931619896151114,-0.202664796633941,-0.18574964109697895,0.10168302945301533,-0.05072935769386344,2016-22,> 1%
CONFIPET,2025-03-11,1500000.0,pledge created,2025-03-11,Micro,1682.5051078320093,False,-0.11512698087176276,0.127504553734062,0.06602914389799652,0.15381501720299529,-0.008374439472423889,-0.02732240437158462,-0.17669429344482468,-0.2624974701477434,-0.13222411396253925,2023-26,< 0.05% of mcap
CROMPTON,2016-06-22,0.0,pledge created,2016-06-22,Mid,8881.12129186603,False,,0.11183496199782827,0.06036045571247839,0.14513210278682576,0.03701676596764336,0.03583061889250816,0.012098460928484434,0.6391603329714077,0.39441966027360953,2016-22,< 0.05% of mcap
CROMPTON,2020-09-24,28648497556.0,pledge created,2020-09-24,Mid,16932.14138755981,True,0.0664272560194139,0.1531238022230741,0.13115569974630714,0.36814871598313537,0.16467262212334732,0.478919126101955,0.12983233918873438,0.873514756611729,0.23464348353130904,2016-22,> 1%
CROMPTON,2021-02-11,4879800000.0,pledge created,2021-02-11,Mid,25598.526076555027,True,0.10740780415618156,-0.0001253446979191386,-0.023140398729449174,-0.038230132865379796,-0.10816349589656626,0.1307345199298071,-0.0677348816941844,-0.019052394083730162,-0.21379297732499813,2016-22,> 1%
DBCORP,2016-01-29,506097000.0,pledge created,2016-01-29,Mid,5660.3622857142855,False,0.07630213406729697,-0.029651710072168158,0.04661597595520878,0.022434891747725283,0.019132038417233876,0.28396611233134617,0.1834000251585436,0.19673674301851274,-0.02708121829463417,2016-22,0.2-1%
DBCORP,2016-07-08,1892125000.0,pledge created,2016-07-08,Mid,6805.424571428571,False,0.14155481960282568,0.06192031352057481,0.030162290158563088,0.032919660352710656,-0.04572544356519992,-0.034879163945133906,-0.07620787543821206,-0.025081645983017653,-0.25407054608935276,2016-22,> 1%
DBCORP,2016-11-23,1945060000.0,pledge created,2016-11-23,Mid,6549.186857142857,False,-0.010722440229843921,-0.02508614748449356,-0.0320641229644647,0.053204686423156566,-0.09247083972660008,-0.0008270158511372028,-0.21120401854609827,-0.002618883528600957,-0.38614713051515104,2016-22,> 1%
DBCORP,2017-12-21,3359918600.0,pledge created,2017-12-21,Small,6043.829142857142,False,-0.14566528149133962,0.0038285966720659204,-0.010140207931850442,-0.08511264909438976,0.028022797553292622,-0.25946105139154774,-0.05078876366571605,-0.49963186570460905,-0.21539651963802903,2016-22,> 1%
DBCORP,2019-07-24,374061700.0,pledge created,2019-07-24,Small,2940.505714285714,False,0.019393048162055004,-0.15504112092598243,-0.11598291840326885,-0.1127017971367652,-0.12966202849249508,-0.15504112092598243,-0.2187729656536015,-0.558939993908011,-0.38910553651990554,2016-22,> 1%
DBCORP,2020-02-26,533917950.0,pledge created,2020-02-26,Small,2107.733142857143,False,-0.17337404470871698,-0.349367088607595,0.0310160124608308,-0.3687763713080169,-0.1398585733509518,-0.34261603375527416,-0.29269177427583043,-0.14388185654008434,-0.4211974105152433,2016-22,> 1%
DBCORP,2021-08-26,94435000.0,pledge created,2021-08-26,Micro,1476.036,True,-0.23243925605016513,0.19079345850999396,0.16990103039250193,0.10417928528164766,0.10210546545316801,0.007874015748031482,-0.04556109875578529,0.3028467595396729,0.1471010212625723,2016-22,0.2-1%
DBL,2021-07-08,333340000.0,pledge created,2021-07-08,Small,9787.885714285716,True,-0.1559624981923181,-0.10522843476826649,-0.07614401778051572,0.11792841827478151,0.0688753523848522,-0.3175820550882401,-0.37734485713351107,-0.6721095167408873,-0.5773486139660632,2016-22,0.2-1%
DCW,2022-03-17,378.0,pledge created,2022-03-17,Micro,1302.1798245614034,False,0.05899500112801159,0.02422145328719716,-0.05909046319846867,-0.20069204152249143,-0.05821183044069722,0.2583621683967703,0.1972825058887432,0.046136101499423265,0.117869296776963,2016-22,< 0.05% of mcap
DEEPAKFERT,2021-01-02,1065579591.0,pledge created,2021-01-04,Micro,1994.7026276831975,True,-0.2425566762641469,0.04787234042553168,0.06950382335490357,0.6817897371714643,0.6673008265311795,1.7656445556946179,1.3223365038991965,1.8385481852315393,1.0927854733671325,2016-22,> 1%
DELTACORP,2016-02-15,465975000.0,pledge created,2016-02-15,Small,1560.5906832298135,True,-0.188125182730647,0.07465277777777768,0.02390710912194105,0.39322916666666674,0.2606258643066278,1.5269097222222223,1.2600202269635399,1.3784722222222223,0.9605893995774949,2016-22,> 1%
DELTACORP,2016-07-18,2222430000.0,pledge created,2016-07-18,Small,2417.7788819875777,True,0.008044513864821523,0.5813436979455859,0.5683268791966688,0.992226540810661,0.8972622348378159,0.4264297612437533,0.3772721303062002,0.8717379233759024,0.5906173185493712,2016-22,> 1%
DELTACORP,2017-01-12,1813000000.0,pledge created,2017-01-12,Small,3452.823602484472,True,-0.19181794500204397,-0.07718120805369122,-0.10695700976716038,0.2774049217002239,0.13621799766809795,0.23228933631618198,0.02083210106564959,1.4172259507829978,1.0061168633747068,2016-22,> 1%
DELTACORP,2017-05-29,184812500.0,pledge created,2017-05-29,Small,3998.428571428571,True,0.07018324536517528,0.020902455209024673,0.005440030145456243,0.24917053749170548,0.2271221286048939,0.7720637027206372,0.602955097527305,0.4581950895819511,0.4581950895819511,2016-22,0.2-1%
DELTACORP,2018-03-16,294875000.0,pledge created,2018-03-16,Small,8248.263354037266,True,0.31226757296180613,-0.046558704453441124,-0.09373974546631858,-0.1907894736842105,-0.13136402893075733,-0.18184885290148445,-0.07802806460682943,-0.16852226720647767,0.03611527695746147,2016-22,0.2-1%
DELTACORP,2018-12-28,1055962500.0,pledge created,2018-12-28,Small,6703.719875776397,True,0.17813468983937636,-0.10981861198738163,-0.04549814182598361,0.0656545741324921,0.04326434534536605,-0.31388012618296524,-0.26973843207179565,-0.22200315457413244,-0.11024782548854467,2016-22,> 1%
DELTACORP,2019-05-21,173827500.0,pledge created,2019-05-21,Small,4926.491925465838,True,-0.27041001097151285,0.016963528413910023,0.04201632781191711,-0.17472434266327397,-0.008676783037082803,0.23409669211195938,0.3156781048007763,-0.46960701159174445,-0.13091597839969293,2016-22,0.2-1%
DELTACORP,2020-03-13,331700000.0,pledge created,2020-03-13,Small,2447.198757763975,True,-0.37672412879919237,-0.15936952714535912,-0.1651993148374764,-0.0023350846468185305,-0.10331101949928712,0.2971395213076473,0.01557211870405184,1.0519556333917102,0.43274459205044546,2016-22,> 1%
DHANUKA,2019-07-26,6074214790.0,pledge created,2019-07-26,Micro,1700.8435344827587,False,0.20775006830381376,-0.14105378704720084,-0.06900176030951133,-0.17165203073545543,-0.16267553656284495,0.38707464324917673,0.39725026088748083,1.163968166849616,1.279658119834665,2016-22,> 1%
DHANUKA,2019-12-13,1000022760.0,pledge created,2019-12-13,Micro,1478.4788793103448,False,0.11600686484935435,0.321297519448114,0.20365046062458458,-0.021429619844414938,0.23993401651922142,1.1045060912960518,1.177435069484512,1.1743725231175697,0.8754231458904619,2016-22,> 1%
DISHTV,2016-01-18,6964288700.0,pledge created,2016-01-18,Mid,15046.601941747573,True,-0.09054402015937707,-0.1734401831711505,-0.11859837927299427,0.04636519748139678,-0.012944337527376337,0.13108185460789934,-0.0058707929630268385,-0.006296508299942771,-0.18364023080925707,2016-22,> 1%
DISHTV,2019-08-01,22976250.0,pledge created,2019-08-01,Small,4715.825242718447,True,-0.09217115721971758,-0.09330628803245422,-0.09107815162099164,-0.44421906693711966,-0.5008584814950485,-0.5030425963488844,-0.6110500451384561,-0.6511156186612577,-0.5985546430515015,2016-22,< 0.05% of mcap
DMART,2025-05-26,4113400.0,pledge created,2025-05-26,Large,268550.69465930015,True,0.01994234421519747,0.044553004396677975,0.03945188547959155,0.15420127015144125,0.16383300456746774,-0.018295065950171052,-0.04724110786928881,0.018172936003908013,0.027354134091717663,2023-26,< 0.05% of mcap
DRREDDY,2016-09-02,4299000000.0,pledge created,2016-09-02,Large,52214.45785077048,True,-0.12627578779500248,-0.017842038907773694,-0.008307575509765797,0.02510333381210006,0.08990865962210387,-0.13667193310033354,-0.1395169251958166,-0.3087406839980211,-0.40752101165228405,2016-22,0.2-1%
DRREDDY,2017-09-04,1508200000.0,pledge created,2017-09-04,Large,36700.006861313865,True,-0.14671236765606244,0.08147930199397968,0.09715916678006825,9.053255777113911e-05,-0.010391922325959757,-0.029762578367245274,0.0010807842905721232,0.1916347916619514,0.19014966835714098,2016-22,0.2-1%
DUCON,2018-01-19,1500000.0,pledge created,2018-01-19,Micro,1756.2926470588231,False,0.185242725638876,-0.3065902578796561,-0.18506205897122685,-0.37854186564788284,-0.23836987380867392,-0.6020375676536135,-0.3107652227535084,-0.7796879974530404,-0.35494397014928614,2016-22,< 0.05% of mcap
DUCON,2019-04-02,5000000.0,pledge created,2019-04-02,Micro,436.52205882352933,False,0.02277857670981942,0.16859716859716878,0.24998144644623949,-0.38223938223938225,-0.23077088644533705,-0.6087516087516087,-0.32058628382643295,-0.7477477477477477,-0.28852444677687394,2016-22,0.05-0.2%
DUCON,2023-01-17,64740000.0,pledge created,2023-01-17,Micro,373.5948529411764,False,-0.2514799218408905,-0.08615384615384614,-0.013465828881445985,-0.3276923076923077,-0.25140409571424394,-0.2415384615384616,-0.3229292161808953,0.08461538461538454,-0.3881787330316744,2023-26,> 1%
DUCON,2023-04-21,194040000.0,pledge created,2023-04-21,Micro,257.37794117647053,False,-0.27188166261013946,0.18077803203661325,0.14790012358180493,0.16475972540045758,0.013558221174991392,-0.006864988558352492,-0.25682137061936827,0.09153318077803196,-0.5205464962228371,2023-26,> 1%
DUCON,2023-12-25,284200000.0,pledge created,2023-12-26,Micro,345.8161764705882,False,0.1715373898710828,0.15573770491803285,0.11166523961450481,-0.20327868852459008,-0.1426880336278854,-0.11147540983606552,-0.243242163534934,-0.08360655737704914,-0.2993725385662728,2023-26,> 1%
DYNAMATECH,2017-05-26,0.0,pledge created,2017-05-26,Small,1828.413312761737,False,-0.17235760045408222,-0.09137978518314516,-0.09737801076157082,-0.20884972000367208,-0.22403563780422753,-0.25091343064353255,-0.4289641917095892,-0.3381621224639677,-0.36691148881924307,2016-22,< 0.05% of mcap
EDELWEISS,2018-09-12,424200000.0,pledge created,2018-09-12,Mid,12900.103422892895,True,-0.14528145852611496,-0.37999260355029585,-0.2702077448075624,-0.2564718934911242,-0.18945883851500833,-0.2696005917159763,-0.20453290881306285,-0.592085798816568,-0.46150705526708713,2016-22,0.2-1%
EDELWEISS,2019-02-15,264400000.0,pledge created,2019-02-15,Small,6994.811188811189,True,-0.11384123103225469,0.4516721793458287,0.31773002296297714,0.3421536199926496,0.22764019717385775,-0.2061742006615216,-0.13737828064444563,-0.32341051084160244,-0.2909142036037885,2016-22,0.2-1%
EDELWEISS,2019-10-07,1149475000.0,pledge created,2019-10-07,Small,3902.865844681634,True,-0.38964674471118504,0.5195339273474984,0.4816713582220823,0.6058944482522277,0.5332349954329879,-0.5181631254283756,-0.24154452927623843,-0.17409184372858122,-0.1615680531452625,2016-22,> 1%
EDELWEISS,2020-03-13,557100000.0,pledge created,2020-03-13,Small,3328.256532940743,True,-0.28948780640272764,-0.3712,-0.37702978769211726,-0.27360000000000007,-0.37457593485246865,0.18880000000000008,-0.0927674026035954,0.2824,-0.3368110413412647,2016-22,> 1%
EIDPARRY,2016-02-11,2291625.0,pledge created,2016-02-11,Small,2829.533090379008,False,0.03544526056895969,0.3028055465978716,0.24127002037396972,0.5749758142534664,0.4165913457789442,0.6581747823282813,0.37401344016965554,0.840696549500161,0.39794220242058675,2016-22,< 0.05% of mcap
EIDPARRY,2021-12-02,55293750.0,pledge created,2021-12-02,Small,8352.204008746356,True,0.1462999136098876,-0.052390852390852394,-0.06785523064740462,-0.15436590436590436,-0.05712902437223294,0.13357588357588357,0.24116556563446734,0.2430353430353429,0.27123660415682166,2016-22,0.05-0.2%
EIMCOELECO,2019-10-14,1000000.0,pledge created,2019-10-14,Micro,167.44700308505952,False,-0.03169723982678041,0.048830811554332776,0.014348052933643052,0.23933975240715255,0.10680963192522497,-0.18655433287482803,0.004053115666592777,0.04607977991746903,0.01875013204128606,2016-22,0.05-0.2%
ELECON,2016-02-09,19601616.0,pledge created,2016-02-09,Micro,662.4729437229438,False,-0.22792485529552897,0.07012417823228634,0.08493899304710106,0.12490869247626013,0.04847557145715187,0.05113221329437545,-0.0816031529493606,-0.04017531044558065,-0.36626226696731967,2016-22,0.2-1%
ELECON,2017-10-11,31200000.0,pledge created,2017-10-11,Micro,736.1309523809524,False,0.09645120651225891,0.042942942942942874,0.02696517288389444,0.5720720720720722,0.3217490746560515,0.2567567567567568,0.2125554581661825,-0.23873873873873863,0.02312099010851082,2016-22,0.2-1%
ELECON,2018-02-20,30000000.0,pledge created,2018-02-20,Micro,911.2932900432901,True,0.07055603309943526,-0.13829268292682928,-0.02727946706779838,-0.2292682926829268,-0.11200444903471829,-0.17560975609756102,0.015309402263457783,-0.2907317073170732,0.10411739996685787,2016-22,0.2-1%
ELECON,2020-08-26,9400000.0,pledge created,2020-08-26,Micro,376.599025974026,False,0.12456481324995794,-0.22738095238095235,-0.11638629773259268,0.0,0.0298146655922642,0.7648809523809523,0.528270340159994,4.082142857142856,3.325594320933303,2016-22,0.2-1%
ELECON,2021-05-03,685125000.0,pledge created,2021-05-03,Micro,1087.5784632034633,False,0.9153632164058733,0.37488908606921023,0.2092423374056932,0.6741348713398403,0.2375929748847745,0.8540372670807455,0.44047541909266785,0.8589174800354924,0.45067727537681446,2016-22,> 1%
ELGIEQUIP,2022-05-23,217180000.0,pledge created,2022-05-23,Small,10430.626108374385,True,-0.016897219191749524,0.1445472470802367,0.21590424542427789,0.41301380251782205,0.3731384474346503,0.5149400879720916,0.4497051542820293,0.6620658273926892,0.6036789543343049,2016-22,0.2-1%
EMAMILTD,2016-01-21,0.0,pledge created,2016-01-21,Large,21947.371820580476,False,0.02342937478953394,-0.029859612300259353,-0.0005244460161263897,-0.0032671326455853134,-0.07213507105989936,0.11518127635982034,-0.052743376055978675,0.02088984812783412,-0.149506427411639,2016-22,< 0.05% of mcap
EMBDL,2018-04-14,11377500000.0,pledge created,2018-04-16,Mid,26664.722222222223,True,-0.15181795829722883,0.08318356867779197,0.11045363270084818,-0.2549422336328627,-0.1491046070392641,-0.6128369704749679,-0.4389817441810002,-0.4048780487804877,-0.2979840210772114,2016-22,> 1%
EMBDL,2018-10-05,2175925000.0,pledge created,2018-10-05,Mid,12230.311965811967,True,-0.3265063118159402,0.036130536130536184,-0.032871740146377615,0.02505827505827507,-0.059936239501896305,0.38752913752913765,0.28988361830069465,-0.458041958041958,-0.5020801054574219,2016-22,> 1%
EMBDL,2025-04-25,266666800.0,pledge created,2025-04-25,Small,14387.129914529914,True,-0.24308329861276567,0.0340931420711339,-0.037469642822769655,0.1044409510709372,0.00023084914759274877,-0.09422283356258598,-0.16283162014472918,,,2023-26,0.05-0.2%
EMBDL,2025-12-15,93544580.0,pledge created,2025-12-15,Micro,9451.89658119658,True,-0.12108188337272296,0.023227005264787826,0.07108454560980726,-0.20269433261071534,-0.05666057562887217,-0.06627438835552801,-0.03466248134686356,,,2023-26,0.05-0.2%
EMBDL,2026-04-02,4770900000.0,pledge created,2026-04-02,Micro,6049.102564102564,True,-0.16019000677721895,0.5318589883950076,0.3611555801281474,0.38427851981607164,0.26423628395518595,,,,,2023-26,> 1%
ESTER,2018-05-11,314000000.0,pledge created,2018-05-11,Micro,633.4435643564357,False,0.018773211076086982,-0.020779220779220786,0.042268064684877316,-0.045887445887445866,0.056069299735623024,-0.3177489177489178,-0.08496448661119327,-0.4095238095238095,-0.07087197512146359,2016-22,> 1%
EVEREADY,2026-04-02,143028158.0,pledge created,2026-04-02,Micro,2044.942105263158,False,0.03294256182225985,0.18937112488928243,0.01866771662242228,0.24942426926483607,0.12938203340395038,,,,,2023-26,0.2-1%
EXCELINDUS,2023-08-08,1993366.0,pledge created,2023-08-08,Micro,1117.9781481481482,False,-0.18044776847873112,0.07491397303548264,0.010551636921060759,-0.047667400011282224,-0.12774476945035373,-0.05155976758616809,-0.33094647968156843,0.6778360692728607,0.25834055837076586,2023-26,< 0.05% of mcap
FISCHER,2026-02-06,1095900000.0,pledge created,2026-02-06,Micro,3072.7220238095238,False,-0.44063502921172026,-0.19921190893169882,-0.09667018821129147,-0.2366462346760071,-0.2111516977910538,-0.15411558669001746,-0.1520003037709271,,,2023-26,> 1%
FMNL,2016-08-25,0.0,pledge created,2016-08-25,Micro,193.66336633663366,False,0.22394151690526942,-0.0660522273425499,-0.1056300637541594,0.0,-0.0222994953764184,0.7680491551459294,0.6458819189808142,4.050691244239632,3.759527669236614,2016-22,< 0.05% of mcap
FMNL,2016-12-21,0.0,pledge created,2016-12-21,Micro,226.64665841584159,False,0.3064920837562699,0.2651933701657456,0.18594718362129614,0.9917127071823202,0.8673107933067221,0.9198895027624308,0.7231767169235027,3.04281767955801,2.4117944393887347,2016-22,< 0.05% of mcap
FMNL,2017-11-17,4306635000.0,pledge created,2017-11-17,Micro,798.2561881188119,False,0.7962057530457787,0.12879661668589004,0.08032778977013277,-0.15532487504805859,-0.1577609286412377,-0.06036139946174557,0.059410904249182495,-0.5586312956555172,-0.27386308373498747,2016-22,> 1%
FMNL,2018-03-26,1255410000.0,pledge created,2018-03-26,Micro,734.710396039604,False,-0.02616872385450497,0.13281586890901242,0.05701879652080333,-0.16343251401466152,-0.032121555129936974,-0.43294523501509274,-0.2006052791652031,-0.6252695127210004,-0.35056194892672393,2016-22,> 1%
FMNL,2019-02-12,24468000.0,pledge created,2019-02-12,Micro,254.18316831683168,False,-0.23390658174097667,0.2774936061381075,0.15677241460426905,-0.01662404092071612,-0.03821565103792768,-0.14194373401534532,0.053385586413102704,-0.3976982097186701,-0.20569820971867014,2016-22,0.2-1%
FOODSIN,2022-04-04,43150000.0,pledge created,2022-04-04,Micro,645.2387033398821,False,0.04061756074396716,-0.12105855855855852,-0.03885597099150284,-0.24211711711711714,-0.09598250624742666,0.1019144144144144,0.12622813990461046,0.4836711711711712,0.5762425747840806,2016-22,0.2-1%
FORTIS,2016-02-19,1815300000.0,pledge created,2016-02-19,Mid,13313.268181818179,True,0.09808192653822234,0.06680400235432593,0.008908002556288541,-0.03472630959387879,-0.13735472477179533,0.017657445556209517,-0.18240224006926065,0.14743967039434946,-0.1733358525233517,2016-22,> 1%
FRACTAL,2026-02-23,870979950.0,pledge created,2026-02-23,Small,14570.594594594595,False,,-0.047244094488189003,0.03682175623431716,0.24794133557732745,0.21513154845742222,0.024403438119853238,-0.04714490225017398,,,2023-26,0.2-1%
FUSION,2022-11-22,2206116000.0,pledge created,2022-11-22,Small,5356.312628571429,False,,0.07428046540110222,0.08827471984213581,0.2367421922841395,0.2882349699844087,0.48429271279853014,0.4817844593034356,0.6815982853643601,0.37906257438207325,2016-22,> 1%
FUSION,2024-09-26,243812461.0,pledge created,2024-09-26,Micro,3845.1094857142857,True,-0.5259885591162903,-0.21161928306551292,-0.12784095151217245,-0.29208899876390604,-0.22842710228135965,-0.4333745364647713,-0.16678403213340243,-0.204079110012361,-0.019489478567910223,2023-26,0.2-1%
FUSION,2025-03-05,86318500.0,pledge created,2025-03-05,Micro,2388.4618285714287,False,0.11131047315889919,-0.0905893283780197,-0.057140024203069406,0.2543137775418105,0.10941302463284397,0.14952216617998415,0.05771298526189228,0.06026015396867512,0.2127896538764522,2023-26,0.2-1%
GANECOS,2025-07-17,158823750.0,pledge created,2025-07-17,Micro,4169.841158841159,True,-0.1623691001379125,-0.10068135212012963,-0.04029164514407724,-0.19064629225375407,-0.11711688048904811,-0.5427994972547463,-0.31934130200142435,-0.21654428788780855,-0.04802750308106796,2023-26,0.2-1%
GAYAPROJ,2020-02-18,176700000.0,pledge created,2020-02-18,Micro,1301.3215859030838,False,-0.6647253169024935,-0.6109022556390977,-0.18784605165274482,-0.518796992481203,-0.23798125385636965,-0.3627819548872181,-0.41777342585970567,0.5676691729323309,0.2365206640176355,2016-22,> 1%
GAYAPROJ,2021-06-26,103512500.0,pledge created,2021-06-28,Micro,1477.9295154185022,False,-0.4096917729558952,0.38132911392405044,0.30140311947446663,0.6360759493670887,0.6044432963058641,-0.07594936708860767,-0.1893138152933277,-0.5237341772151899,-0.5610835748055513,2016-22,0.2-1%
GENUSPAPER,2023-12-06,137690000.0,pledge created,2023-12-06,Micro,535.0754716981132,False,-0.01492877492877498,-0.04358353510895874,-0.09654337754248543,-0.007263922518159771,-0.059895501465528134,-0.006295399515738431,-0.10196579057719113,0.08523002421307524,-0.2132236746096272,2023-26,> 1%
GENUSPAPER,2024-06-01,270250000.0,pledge created,2024-06-03,Micro,541.5377358490566,False,0.0017500216319114026,0.14960212201591516,-0.031056939548356866,0.35755968169761254,0.11480578925454665,0.2217506631299735,-0.0007732419579735694,0.05729442970822274,-0.045577541088276385,2023-26,> 1%
GENUSPOWER,2018-05-17,67665000.0,pledge created,2018-05-17,Micro,1447.6152249134948,False,-0.18752760865649698,-0.06180496150556036,-0.008162047174095188,-0.16338751069289992,-0.062121687908089696,-0.3731822070145423,-0.14937754853082763,-0.3689050470487596,-0.08384711656533972,2016-22,0.2-1%
GENUSPOWER,2018-10-09,33000000.0,pledge created,2018-10-09,Micro,746.1996539792387,False,-0.19631589964913976,0.1064782908339077,0.04958173910976971,0.028600964851826394,-0.003057815570247424,-0.02205375603032389,-0.008492698368786022,-0.21605789110957963,0.06372953280947352,2016-22,0.2-1%
GENUSPOWER,2019-07-26,28720000.0,pledge created,2019-07-26,Micro,616.9915224913494,False,-0.09864399709025168,0.0421106037544392,0.11416263049212871,0.2409944190766109,0.24997091324922138,0.4079147640791476,0.4180903817174517,0.2409944190766109,0.3566843720616599,2016-22,0.2-1%
GENUSPOWER,2023-03-25,211750000.0,pledge created,2023-03-27,Micro,2382.331660899654,False,0.12210176702156716,0.096422227860949,-0.06637366316182902,0.6082212636386706,0.3286112649473998,2.1749555950266433,1.7108756007868045,2.199822380106572,1.411010116386743,2023-26,0.2-1%
GENUSPOWER,2023-12-06,783970000.0,pledge created,2023-12-06,Micro,6918.233044982699,True,-0.2211628444132765,0.10592310053049236,0.05296325809696567,0.048971897058178726,-0.0036596818891896365,0.340611162260511,0.24494077119905833,0.8138892542417466,0.5154355554190442,2023-26,> 1%
GENUSPOWER,2025-07-02,1365990000.0,pledge created,2025-07-02,Micro,10780.557612456747,True,0.17837113687318695,0.005808379856764301,0.04973122438383848,-0.13367732476174365,-0.08902218014664709,-0.18383804206846,-0.05978175976562067,-0.10435346529070111,0.02792118130375465,2023-26,> 1%
GEOJITFSL,2025-12-15,699200000.0,pledge created,2025-12-15,Micro,2103.653263707572,False,0.025827728645828274,-0.08216584627035217,-0.03430830592533274,-0.24157516092389242,-0.09554140394204924,-0.00870882241575155,0.022903084592912903,,,2023-26,> 1%
GOACARBON,2022-06-07,2264847072.0,pledge created,2022-06-07,Micro,405.62666666666667,False,0.2522916477461933,-0.03697402744697742,-0.007609803309046481,-0.015991833957128332,-0.1372871138693128,0.33582851309969364,0.22217054473305764,0.16366110922082333,-0.0036162919966481466,2016-22,> 1%
GOACARBON,2023-02-13,2758721399.0,pledge created,2023-02-13,Micro,453.4902469135803,False,-0.07510348192213634,-0.10440835266821347,-0.03793831445372453,-0.006538704914574978,-0.04413624372364944,0.09839696266610409,-0.11709452224575734,0.8047880194051886,0.17200113415928708,2023-26,> 1%
GOCOLORS,2022-04-04,9376505600.0,pledge created,2022-04-04,Small,5199.966777408638,False,-0.00915923221820375,0.009350492660366028,0.10107529390706366,0.017494470138749163,0.15177531627067026,0.4176553388296802,0.4389150453169959,0.042479388698974274,0.14128055958951335,2016-22,> 1%
GOCOLORS,2023-04-19,1199880000.0,pledge created,2023-04-19,Small,5281.1177740863795,False,-0.12627625411434545,0.10247575921641983,0.0491120052102576,0.13048186247969684,-0.05926335447719211,0.29074174336762315,-0.036931883313105596,0.10006398582467879,-0.4375116711862662,2023-26,> 1%
GOCOLORS,2023-09-05,1805187000.0,pledge created,2023-09-05,Small,7253.691029900333,True,0.025633441372803434,-0.06572155579789174,-0.031553005013684465,-0.05372591784805536,-0.10953151677848227,-0.2002544529262087,-0.3413103845195863,-0.0997818974918212,-0.48133439061208827,2023-26,> 1%
GOCOLORS,2025-03-05,787432500.0,pledge created,2025-03-05,Micro,3832.480564784053,False,-0.07378333676163873,-0.06549083948591738,-0.032041535310967095,0.17739950779327307,0.032498754884306535,0.008135083401695331,-0.08367409751639654,-0.6379546076018594,-0.4854251076940823,2023-26,> 1%
GOCOLORS,2025-07-25,708556500.0,pledge created,2025-07-25,Micro,4512.678239202658,False,0.0672306269756886,-0.16871746332229065,-0.1292470889950853,-0.21355892096545193,-0.18453499614063718,-0.5413511594888785,-0.36348751298137466,-0.6162446758163749,-0.48964420547407006,2023-26,> 1%
GOCOLORS,2025-12-10,565740000.0,pledge created,2025-12-10,Micro,2486.79219269103,True,-0.2589210430801984,-0.09506775067750683,-0.0534625657104012,-0.42590785907859074,-0.27155917997846735,-0.22395663956639567,-0.19427800062499667,,,2023-26,> 1%
GOKUL,2016-12-13,205050000.0,pledge created,2016-12-13,Micro,222.63832487309645,False,0.6905068994402458,-0.10483870967741937,-0.14683346033358735,0.032258064516129004,-0.03981400755594322,0.157258064516129,-0.032124810734319276,-0.14919354838709675,-0.6060415039250087,2016-22,> 1%
GOODLUCK,2024-06-11,516419800.0,pledge created,2024-06-11,Micro,2927.6886614173227,True,-0.032832762961892414,-0.002663461850781146,-0.06112033516614501,0.30353720726280575,0.1892353244512468,0.04547373891577622,-0.06730132973401559,0.17712021307694803,0.22192356294645116,2023-26,> 1%
GPIL,2017-04-25,238273076.3,pledge created,2017-04-25,Micro,346.9290540540541,False,0.08252728317964853,-0.032653061224489854,0.010825199645075279,0.19795918367346932,0.19059998304254677,0.4163265306122448,0.34446710799358315,4.4734693877551015,4.358882555953348,2016-22,> 1%
GPIL,2018-03-23,20520633.0,pledge created,2018-03-23,Micro,1492.8054054054055,True,0.8381081005419334,0.30846223839854425,0.2145395864648425,0.0282074613284804,0.11593195898718467,0.025022747952684332,0.20045291073490096,-0.4281164695177434,-0.179867956629442,2016-22,0.05-0.2%
GPTINFRA,2023-04-27,269945537.0,pledge created,2023-04-27,Micro,306.6094915254237,False,-0.023593597215452622,0.14268242967794542,0.1254389404956806,0.5450468813697511,0.4036214916147398,1.3033020790868322,1.0444116096700469,,,2023-26,> 1%
GRANULES,2018-03-22,86666.56999999999,pledge created,2018-03-22,Small,2852.737012987013,True,-0.07449145601935375,0.05811138014527839,-0.011340474953145718,-0.20000000000000007,-0.1481550759977056,-0.0029055690072639084,0.13215789374443088,0.10217917675544785,0.26190356059549147,2016-22,< 0.05% of mcap
GRANULES,2020-03-05,1649711082.0,pledge created,2020-03-05,Small,4861.227272727272,True,0.4004975877683273,-0.011665208515602266,0.22889311215764668,0.2502187226596675,0.3841943780189226,1.1286089238845145,1.1285784549355822,1.0434529017206184,0.6280946900806466,2016-22,> 1%
GRANULES,2021-04-20,613206000.0,pledge created,2021-04-20,Small,9111.056493506494,True,-0.08536008178060073,-0.03445163231533033,-0.16333399786849012,0.15525801113284188,-0.09090469325254291,-0.037761396118549784,-0.33155259571548057,-0.14743493305250488,-0.3726736735351479,2016-22,0.2-1%
GRASIM,2017-07-04,2053070.0,pledge created,2017-07-04,Large,85875.94379163945,True,0.17130620064454116,-0.1250760471102097,-0.1595285903424466,-0.09831526401996726,-0.1043356419313709,-0.09081194914593238,-0.1971073088846803,-0.23551205054207935,-0.22046641685383828,2016-22,< 0.05% of mcap
GROWW,2025-11-15,470245869.0,pledge created,2025-11-17,Large,109789.72826086955,False,,-0.24288817078985014,-0.22333557140312876,-0.11368331832388623,-0.11243261339795946,0.0037082163479364993,0.02208708827010286,,,2023-26,< 0.05% of mcap
GTL,2018-08-02,184800000.0,pledge created,2018-08-02,Micro,112.1774193548387,False,-0.10188723700188906,-0.1095890410958904,-0.07204637897984956,-0.15068493150684925,-0.026542584054649154,-0.3835616438356164,-0.13824648199575285,-0.6712328767123288,-0.27020260707578375,2016-22,> 1%
GTLINFRA,2018-08-02,180000000.0,pledge created,2018-08-02,Micro,1840.6944444444443,False,-0.17618658106867502,-0.06666666666666676,-0.029124004550625915,-0.2333333333333334,-0.1091909858811333,-0.3666666666666667,-0.12135150482680312,-0.6333333333333333,-0.23230306369678827,2016-22,0.2-1%
GTPL,2018-12-31,49628000.0,pledge created,2018-12-31,Micro,1013.7632058287796,False,0.35006565002083917,-0.04355503237198355,0.04847869674432009,-0.16892289582107134,-0.10854214637323112,-0.34137728075338436,-0.15394870932481297,-0.027663331371394984,0.23420722372529323,2016-22,0.2-1%
HATSUN,2016-09-27,0.0,pledge created,2016-09-27,Small,5571.374795268426,False,-0.04531691358741319,-0.0011708656330750022,-0.03644257898078007,0.05761466408268734,0.134976730611241,0.5024628552971575,0.40126509920921793,1.2543200904392764,1.069580114296674,2016-22,< 0.05% of mcap
HATSUN,2018-07-04,725809315.0,pledge created,2018-07-04,Mid,10313.102838944495,False,-0.029255290999130712,0.006889035123797127,-0.045413970201611975,-0.08532121411532445,0.0341057874545343,0.03004441885333553,0.06577613268915394,0.06251542321296366,0.12594927635303438,2016-22,0.2-1%
HATSUN,2019-09-05,1307418000.0,pledge created,2019-09-05,Mid,9827.678325750681,False,-0.061038552739653695,0.014546253570643763,-0.0028232818944273763,-0.08516809492419264,-0.15306288572151494,0.07699406723796964,0.051272045047371595,0.3210283454185894,0.26848858815823484,2016-22,> 1%
HATSUN,2020-03-24,4735199500.0,pledge created,2020-03-24,Mid,6618.050555050046,False,0.03343127242033728,0.1652309612983771,0.004020577439242112,0.5068039950062422,0.22666406199951006,0.7360174781523099,0.3317666470373286,1.2037765293383274,0.32977796254251857,2016-22,> 1%
HATSUN,2020-07-31,2848200000.0,pledge created,2020-07-31,Mid,10839.442656960873,False,0.17121041761359124,0.11858987169751001,0.05314490560997864,0.17824453415404307,0.1200871268756949,0.40503217554658444,0.10884078291543098,0.8721171909348895,0.2081924246783493,2016-22,> 1%
HATSUN,2024-05-28,6399191892.0,pledge created,2024-05-28,Small,24899.40900818926,False,-0.10144837258764516,0.002442598925256556,-0.06842334798586314,0.27977528089887627,0.17014807145020527,0.050806057645334635,-0.0074489389382811355,-0.029457743038593054,-0.03556024859468199,2023-26,> 1%
HCG,2021-03-08,511448600.0,pledge created,2021-03-08,Small,2655.5067567567567,False,-0.012128842486857305,-0.025445440782578377,0.032071425044866875,0.21584954000232903,0.07548311871636915,0.3804588331198322,0.17830577538751058,0.477116571561663,0.3470747629693347,2016-22,> 1%
HCG,2022-09-28,24880500.0,pledge created,2022-09-28,Micro,4040.6238738738734,False,-0.16894955763984243,0.000532556983597221,-0.011699437407250324,0.014272527160406057,-0.008378075249232397,-0.036000852091173874,0.05563261404428432,0.2789178442093303,-0.0184914822155402,2016-22,0.05-0.2%
HCG,2025-03-14,946269500.0,pledge created,2025-03-17,Micro,7412.9527027027025,True,0.2917206531417962,0.1538663277451633,0.05870646422942971,0.07317073170731714,-0.06867486892305574,0.298129879561823,0.13744535089466525,0.06346708628376607,0.20907670768647812,2023-26,> 1%
HEADSUP,2017-01-09,0.0,pledge created,2017-01-09,Micro,417.59375,False,,-0.018513689700130453,-0.06428345391649659,0.06779661016949157,-0.055211258281024134,-0.14498044328552806,-0.327805928050071,-0.08422425032594527,-0.6965315095686614,2016-22,< 0.05% of mcap
HGS,2024-12-27,3091500000.0,pledge created,2024-12-27,Micro,3184.5683783783784,False,-0.11356637322325547,-0.11230611647644129,0.010961833856472203,-0.3187737781679836,-0.07338233450141873,-0.17544629792215394,-0.07898810478090884,-0.3367720222417325,-0.1312987537976642,2023-26,> 1%
HGS,2025-04-11,67475750.0,pledge created,2025-04-11,Micro,2134.731081081081,False,-0.0958119545863314,0.10340425531914899,0.04116712769800357,0.20021276595744686,0.06787104208254213,0.043829787234042517,-0.0041934751601205855,-0.1163829787234042,-0.06272065450633935,2023-26,0.2-1%
HGS,2025-09-26,2281500000.0,pledge created,2025-09-26,Micro,2354.1243243243243,False,-0.02300765711172681,0.04271708683473374,0.038217183135973,-0.10894357743097238,-0.02875779777111298,-0.2644057623049221,-0.03932271044152513,,,2023-26,> 1%
HIMATSEIDE,2017-06-21,1967143500.0,pledge created,2017-06-21,Small,4325.903614457831,False,-0.14054105695578734,0.07471347744088197,0.06346604580513826,-0.03177136225155952,-0.03342067230570356,0.12563470187146386,-0.04506727183655801,-0.1658203975047149,-0.08624873358379237,2016-22,> 1%
HIMATSEIDE,2018-07-05,473467500.0,pledge created,2018-07-05,Small,3536.8034638554213,False,-0.10167785714053501,0.11895844480114137,0.08389350973620635,-0.14107365792759052,-0.013877923698116579,-0.23559835919386485,-0.14329435315999683,-0.43374353486713046,-0.2633079321487576,2016-22,> 1%
HIMATSEIDE,2018-10-09,129247500.0,pledge created,2018-10-09,Small,3023.731174698795,False,-0.06744098192133008,0.06374584717607967,0.022044131024577474,-0.11004983388704315,-0.13973215821004337,-0.10299003322259137,-0.15604533669654896,-0.35236710963455153,-0.24800991718649168,2016-22,0.2-1%
HINDALCO,2016-04-07,56764992.4,pledge created,2016-04-07,Large,19544.542356687896,True,0.14703623562598556,0.06499429874572415,0.029764514367504824,0.5421892816419611,0.41747782691611734,0.7628278221208664,0.5715348857192813,1.095781071835804,0.8697364020284838,2016-22,< 0.05% of mcap
HINDALCO,2017-07-03,672571.0,pledge created,2017-07-03,Large,44025.592834394905,True,-0.03051955441276799,0.15020161290322576,0.1067129679436073,0.2192540322580645,0.20284334731002296,0.393649193548387,0.2870017159000132,0.11113911290322576,0.12719204522921906,2016-22,< 0.05% of mcap
HINDALCO,2018-03-22,672571.0,pledge created,2018-03-22,Large,48536.732908704886,True,-0.08788939462804196,0.12590975254730719,0.056826219990706806,0.05967976710334799,0.04130055688267442,0.20305676855895194,0.20964668168197653,0.047549733139252925,0.03226376421319843,2016-22,< 0.05% of mcap
HINDZINC,2020-09-01,143210173521.0,pledge created,2020-09-01,Large,95752.33374558305,True,0.21378322645557546,-0.09160305343511455,-0.07240543311921716,0.013086150490730697,-0.09760126317617557,0.387350054525627,0.1333479149246316,0.43489640130861495,-0.019825423608547443,2016-22,> 1%
HIRECT,2025-08-14,4.0,pledge created,2025-08-14,Micro,3400.167044463819,True,0.8066912908761563,-0.19191058540497197,-0.2183095879271334,-0.23356054530874093,-0.19425468315519656,-0.3287890938251804,-0.1985201118708052,0.2383720930232558,0.34297460348350683,2023-26,< 0.05% of mcap
HITECH,2021-01-29,7360632.0,pledge created,2021-01-29,Micro,508.52961432506896,False,0.6968217105798917,0.3179883945841393,0.26695391182551864,0.41121856866537687,0.3026564936213073,1.3473887814313343,0.7763249516441002,1.1032882011605412,0.31399054229766477,2016-22,0.05-0.2%
HITECH,2021-11-15,31070000.0,pledge created,2021-11-15,Micro,1271.6287878787882,False,0.014017606908896862,-0.08425259792166262,-0.08159101004839264,-0.09528377298161461,-0.1120992262677466,-0.1261390887290168,-0.101971673936602,0.0041566746602719196,-0.05395025947335619,2016-22,0.2-1%
HITECH,2023-05-10,21238000.0,pledge created,2023-05-10,Micro,1497.3484848484852,False,-0.2336344768123616,0.056987788331071876,0.016868511729999813,0.0671641791044777,-0.09251279398814172,0.5189959294436906,0.260088566023263,0.6648575305291724,0.16112031573766972,2023-26,0.05-0.2%
HLVLTD,2020-03-20,829526087.0,pledge created,2020-03-20,Micro,224.89859594383773,False,-0.13028396836808054,0.23809523809523814,-0.010892616155774082,0.7301587301587302,0.13492063492063489,0.4920634920634921,-0.165867650467434,0.8730158730158732,-0.42039730063682135,2016-22,> 1%
HLVLTD,2021-06-21,600000000.0,pledge created,2021-06-21,Micro,681.3104524180967,False,0.15258223102497004,-0.0744186046511629,-0.16027794465414924,-0.13023255813953494,-0.16840260910150917,-0.08372093023255822,-0.1851669418228088,-0.16279069767441856,-0.21069488929118518,2016-22,> 1%
HLVLTD,2024-06-26,1508999999.0,pledge created,2024-06-26,Micro,1698.6458658346332,False,0.010731812983653222,-0.13476874003189787,-0.18275380079990644,-0.2974481658692184,-0.36638479165682525,-0.2647527910685804,-0.28642454282289,-0.4605263157894737,-0.4060749638844875,2023-26,> 1%
HLVLTD,2025-02-27,422700000.0,pledge created,2025-02-27,Micro,911.5007800312011,False,-0.07309577593525446,-0.03924528301886787,-0.0790113852068367,0.04075471698113198,-0.11772126314034792,-0.10415094339622644,-0.2357876141711428,-0.43698113207547173,-0.3348504883587963,2023-26,> 1%
HUBTOWN,2016-12-06,195764400.0,pledge created,2016-12-06,Micro,1283.3505494505496,False,-0.05601195670709069,0.13239436619718314,0.09941816466199804,0.027605633802816998,-0.037681413848774103,0.2873239436619719,0.09655543220591578,0.5053521126760563,0.018064690551119478,2016-22,> 1%
HUBTOWN,2017-07-07,583800000.0,pledge created,2017-07-07,Micro,1875.0065934065933,True,0.3067832300405,-0.04272517321016178,-0.0023735951038892367,-0.14703618167821408,-0.16821265226644944,0.20477290223248645,-0.10939547559092211,-0.4518860662047729,-0.3555005240360981,2016-22,> 1%
HUBTOWN,2018-02-22,62277490.0,pledge created,2018-02-22,Micro,1234.0458791208791,True,-0.23985325395924795,-0.17312072892938501,-0.06612831106923334,-0.23462414578587698,-0.11486716417035508,-0.29441913439635525,-0.08650338783613776,-0.6070615034168565,-0.21600494927393676,2016-22,0.2-1%
HUBTOWN,2019-03-02,6850000.0,pledge created,2019-03-05,Micro,519.4854395604397,False,-0.09387432361668668,-0.1564171122994652,-0.14427136331161083,-0.3382352941176471,-0.2516454359178937,-0.5681818181818181,-0.3407870106616748,-0.7727272727272727,-0.2946419209394987,2016-22,0.05-0.2%
HUBTOWN,2019-06-12,43312500.0,pledge created,2019-06-12,Micro,360.13846153846157,False,-0.2516454359178937,-0.2295081967213114,-0.15140079904951265,-0.35040983606557374,-0.2184029081087689,-0.4180327868852459,-0.20381170734142356,-0.5471311475409836,-0.2962524129188395,2016-22,> 1%
HUBTOWN,2019-09-24,16555000.0,pledge created,2019-09-24,Micro,222.94285714285715,False,-0.17881613518108286,-0.14790996784565924,-0.09858563854005553,-0.05144694533762062,0.004653778605280379,-0.48553054662379425,-0.06062212171536929,-0.3536977491961415,-0.2934658051676112,2016-22,0.2-1%
HUBTOWN,2020-02-11,13484800.0,pledge created,2020-02-11,Micro,171.49450549450552,False,-0.11943153991576827,-0.29166666666666663,0.019763860369609865,-0.22499999999999998,0.09569269622384347,-0.03749999999999998,-0.003949834514464512,0.375,0.08694321717334286,2016-22,0.2-1%
HUBTOWN,2023-04-20,45067000.0,pledge created,2023-04-20,Micro,585.9395604395605,False,0.05091036414565819,0.14936708860759484,0.1123718326604366,0.11772151898734173,-0.03518367978941672,0.4139240506329114,0.1479697881808042,2.682278481012658,2.0835768128373053,2023-26,0.2-1%
IMAGICAA,2016-03-30,535098351.0,pledge created,2016-03-30,Mid,5141.090998043052,False,-0.2499949520006698,0.0029256875365710755,-0.022678315846036967,-0.050906963136337136,-0.136116951414063,0.17378583967232286,-0.022000063635673972,-0.017554125219426564,-0.32217356587372104,2016-22,> 1%
IMAGICAA,2016-09-23,246080000.0,pledge created,2016-09-23,Mid,5892.367906066535,False,-0.0675927996759037,-0.06458797327394206,-0.07318055779677934,-0.36703786191536747,-0.2754567847568223,-0.28641425389755015,-0.3670385786229927,-0.4142538975501113,-0.5809100856126468,2016-22,0.2-1%
IMAGICAA,2017-08-09,61450000.0,pledge created,2017-08-09,Small,3447.035225048923,False,-0.24934474196589096,0.2777777777777777,0.20885846058259838,0.24652777777777768,0.12280943193238514,0.04079861111111116,-0.112241797453012,-0.42447916666666674,-0.39097942577194256,2016-22,0.05-0.2%
IMAGICAA,2018-03-29,234920000.0,pledge created,2018-04-02,Small,2878.4217221135027,False,-0.204397579810427,-0.06341463414634141,-0.06820927094199647,-0.3395121951219512,-0.20762259943466643,-0.6663414634146341,-0.4475919522342529,-0.8243902439024391,-0.6187970133136026,2016-22,0.2-1%
IMAGICAA,2022-01-20,42390000.0,pledge created,2022-01-20,Micro,710.0303326810176,False,-0.17033136724245024,0.10300429184549342,0.24658065679316093,0.36909871244635184,0.4251356231066222,0.8111587982832618,0.969494787774535,2.0,2.0543684710351378,2016-22,0.2-1%
INCREDIBLE,2018-10-04,1441703061.0,pledge created,2018-10-04,Micro,285.1910828025478,False,-0.032450343713616936,-0.27806122448979587,-0.33069280343716423,-0.20493197278911557,-0.24171768707482977,-0.03401360544217691,-0.028331787260358676,1.045918367346939,1.3346370687368734,2016-22,> 1%
INDIACEM,2016-01-28,0.0,pledge created,2016-01-28,Small,2776.77880794702,True,0.18034657039164986,-0.29195524773574844,-0.1704007967642166,-0.047948854555141196,-0.059715327192527035,0.2381459776238679,0.13980020453292807,0.7501331912626532,0.49675812243184836,2016-22,< 0.05% of mcap
INDIACEM,2017-12-22,0.0,pledge created,2017-12-22,Small,5663.207947019867,True,-0.0884382455626922,-0.03696708041014585,-0.035634523639645255,-0.23502428494333516,-0.09877030668010783,-0.4454937938478144,-0.2253502975281787,-0.5102536427415003,-0.2178640147842319,2016-22,< 0.05% of mcap
INDIACEM,2018-07-27,277095000.0,pledge created,2018-07-27,Small,3670.969536423841,True,-0.08452465320528857,0.0742954739538857,0.06622370871983485,-0.18958155422715617,-0.07748191354938444,-0.32707087959009395,-0.16298500938296068,-0.25875320239111865,0.003933334598788973,2016-22,0.2-1%
INDIACEM,2018-12-04,796875000.0,pledge created,2018-12-04,Small,2894.1509933774837,True,-0.05364240691111144,0.020936639118457334,0.011401498129954835,0.07272727272727275,0.06539290057324831,0.10413223140495864,0.1156154282124206,-0.20771349862258948,-0.06270140445680566,2016-22,> 1%
INDIACEM,2023-03-28,2528969000.0,pledge created,2023-03-28,Small,5201.441059602649,True,-0.07745198272890502,0.07025959367945833,-0.03612854068203819,0.1966704288939054,-0.024118666552852663,0.3022009029345374,-0.05014887766905263,0.2714446952595939,-0.2956380299432785,2023-26,> 1%
INDIACEM,2023-11-09,2361540000.0,pledge created,2023-11-09,Micro,6565.120529801325,True,-0.09768299877871867,0.25476358503881436,0.1947483682359965,0.10632792284168424,-0.035719131396588666,-0.018819101387908765,-0.17069623449371096,0.6716066807809926,0.42214948016813114,2023-26,> 1%
INDIANHUME,2021-12-08,1875000000.0,pledge created,2021-12-08,Micro,1029.876345609065,False,-0.10453668164684049,0.038049029622063246,-0.018683194281113646,-0.04800817160367721,-0.018529713553790517,-0.2191011235955056,-0.1322874211084103,-0.20097037793667016,-0.2987457472318642,2016-22,> 1%
INDIANHUME,2022-10-10,127701448.0,pledge created,2022-10-10,Micro,931.0271954674221,False,0.1454375620497409,-0.07452692867540034,-0.06960889588851515,-0.12634643377001453,-0.13056287790212984,-0.22794759825327515,-0.1634751005075582,0.4512372634643378,0.14257300353654,2016-22,> 1%
INDIANHUME,2023-04-07,244576113.0,pledge created,2023-04-10,Micro,727.0025495750709,False,-0.020460594281912103,0.05744996293550786,0.001954793853382264,0.823943661971831,0.66913600465943,0.8087472201630836,0.4577538426796399,1.0,0.4180188533456961,2023-26,> 1%
INDOTECH,2020-12-21,31860000.0,pledge created,2020-12-21,Micro,109.8478356336261,False,-0.08201101974198832,-0.054986020503261845,-0.14362006739418942,-0.15004659832246037,-0.2532556182704222,0.9603914259086672,0.4170487676965572,1.060577819198509,0.26215884686649304,2016-22,> 1%
INDOTECH,2025-11-25,4719995280.0,pledge created,2025-11-25,Micro,1784.5771329987454,False,-0.029570745761757944,-0.08772136259339891,-0.05324032173096227,-0.08630934870859563,0.028239248681456885,0.6542330999588162,0.7428503650466696,,,2023-26,> 1%
INDSWFTLAB,2020-10-16,536734180.0,pledge created,2020-10-16,Micro,444.7814910025707,False,0.5411815235884574,0.16016427104722797,0.12168849811549642,0.462012320328542,0.15517127405087594,0.6540041067761806,0.3090563715845429,0.1889117043121149,-0.8205159051154944,2016-22,> 1%
INDTERRAIN,2023-12-26,531428276.0,pledge created,2023-12-26,Micro,354.0342465753424,False,0.08743856186981569,0.047379755922469347,0.0033072906189413054,0.033740129217516124,0.0943307841142208,0.1330940416367552,0.001327287937886723,-0.2911701363962671,-0.5069361175854907,2023-26,> 1%
INDUSINDBK,2016-09-23,28111370000.0,pledge created,2016-09-23,Large,94408.08168701442,True,0.005081682230340889,-0.018807473057878887,-0.009985377610626123,-0.1150917488453378,-0.018837408325928617,0.1636499812757457,0.11051958357737868,0.39990845920193063,0.3060844362058581,2016-22,> 1%
INDUSINDBK,2020-03-04,34637330000.0,pledge created,2020-03-04,Large,82433.07230854606,True,-0.2002612662260907,-0.6286976744186047,-0.4161991353069948,-0.5133488372093024,-0.41360976097486085,-0.4414883720930233,-0.43244558463548044,-0.04669767441860473,-0.2934018666606688,2016-22,> 1%
INDUSINDBK,2021-02-16,43901338303.0,pledge created,2021-02-16,Large,81837.60849056602,True,0.20826206750100473,-0.020615563298490236,0.019199612730891324,-0.03803716608594665,-0.05478686748032435,-0.027245451025938894,-0.0852680816251048,-0.079849012775842,-0.173757143788561,2016-22,> 1%
INDUSINDBK,2023-09-21,3000390400.0,pledge created,2023-09-21,Large,109140.01120976692,True,0.0439538038035191,-0.027668800330373777,0.0074640161728856125,0.08114804873012593,-0.021107153258989042,0.04528873287906943,-0.17489722439540767,0.006745130428797541,-0.41690198494878594,2023-26,0.2-1%
INDUSINDBK,2024-12-20,5884853773.0,pledge created,2024-12-20,Mid,71877.12280799112,True,-0.2896206260649323,0.026699799090620813,0.07747238663978717,-0.29211166331817695,-0.21755897301122995,-0.11589298932008041,-0.11716474686250855,-0.11219202706989528,-0.09807539325014114,2023-26,0.2-1%
INDUSTOWER,2021-03-08,49161105737.0,pledge created,2021-03-08,Large,66846.92627345845,True,-0.05674247215921879,-0.03649345497818324,0.022605489196348028,0.010313367711225707,-0.05909705373819729,-0.023205077350257786,-0.15144608235903811,-0.14934549781832607,-0.24716010832107982,2016-22,> 1%
INDUSTOWER,2021-11-20,161301451554.0,pledge created,2021-11-22,Large,77367.53270777481,True,0.28289471654751663,-0.13763806287170777,-0.09031211557823543,-0.1446049277824979,-0.08938879416015738,-0.30926083262531856,-0.19191905757675815,-0.3097706032285472,-0.26944137190456074,2016-22,> 1%
INOXGREEN,2023-11-16,1161583000.0,pledge created,2023-11-16,Micro,2765.649130434783,True,-0.07585439467392385,0.5123131046613896,0.455937265735215,0.8773087071240104,0.7237036914500292,0.9353562005277045,0.8032060339581412,1.0939607153327469,0.8628952467833246,2023-26,> 1%
INOXGREEN,2024-02-21,3174414000.0,pledge created,2024-02-21,Micro,5155.49795031056,True,0.8635760509566435,-0.027272727272727337,0.0811545405748304,0.059968102073365115,0.11822919257597153,0.6079744816586921,0.4829630085058696,-0.005103668261563055,0.1288876014290803,2023-26,> 1%
INOXGREEN,2024-08-05,799650000.0,pledge created,2024-08-05,Micro,6716.978385093168,True,0.17481180943271246,0.2231008717310088,0.16702579295463627,0.01606475716064759,0.004982338395852937,-0.051992528019925266,0.03668405571949507,-0.046139476961394754,0.0884797070692912,2023-26,> 1%
INOXWIND,2022-01-15,704365000.0,pledge created,2022-01-17,Small,5348.759712230216,True,0.045528453456894324,-0.03198433420365532,0.0536761591188345,-0.08877284595300261,-0.014159836675873283,-0.3420365535248042,-0.1992918518376231,-0.13348563968668403,-0.012167975178862811,2016-22,> 1%
INOXWIND,2023-06-10,601060000.0,pledge created,2023-06-12,Small,6170.985611510791,False,0.25770068051376926,0.31928406466512715,0.279400598785136,0.372690531177829,0.22515591799368562,1.9197459584295613,1.660313196110842,2.957852193995381,2.459036302592575,2023-26,0.2-1%
INOXWIND,2023-11-20,700282000.0,pledge created,2023-11-20,Small,10659.755395683453,True,0.23377218324049187,0.8576865795134867,0.8209695731472336,1.4383584312427602,1.3288146969545571,1.6776435545258979,1.5393788614860766,2.052457388714215,1.783631036851987,2023-26,0.2-1%
INOXWIND,2024-02-22,3276913500.0,pledge created,2024-02-22,Small,25051.283453237407,True,1.3288146969545571,-0.1744409793643421,-0.10216217029973274,-0.06210603145113136,-0.05488036341849972,0.4385243182270586,0.2644766483932386,0.02295799880565319,0.1358498317860657,2023-26,> 1%
IRB,2020-03-19,2950422750.0,pledge created,2020-03-19,Small,3438.2400000000002,False,0.14606819173648267,0.24573378839590432,0.17604272388136255,0.5358361774744027,0.28696859501468774,0.8498293515358359,0.47856977260544953,0.8259385665529009,-0.013959218048551048,2016-22,> 1%
IRB,2021-12-31,22644800640.0,pledge created,2021-12-31,Small,13716.768,False,0.21872122078709155,0.25969341749323727,0.24560936712557557,0.1956717763751128,0.23153791774584132,-0.1073038773669972,0.05353262229464073,0.38863841298467094,0.48258992147384705,2016-22,> 1%
JAMNAAUTO,2016-01-20,0.0,pledge created,2016-01-20,Small,1074.9627205882352,False,0.19096046762117325,-0.010366530914476146,0.037447987498474555,0.03591262495372072,-0.030001357807123208,0.3013698630136985,0.1284232178800161,0.36171788226582735,0.07570939671605725,2016-22,< 0.05% of mcap
JAMNAAUTO,2017-04-13,0.0,pledge created,2017-04-13,Small,1789.0651470588234,False,0.04783456816492859,0.0353963083604778,0.00453014279006847,0.1257328990228015,0.09133014116352078,0.28555917480998927,0.22121729118063782,1.0825190010857764,0.9582900771652829,2016-22,< 0.05% of mcap
JAMNAAUTO,2018-01-23,158760000.0,pledge created,2018-01-23,Small,3041.2503676470583,True,0.18109643876454773,0.06818181818181834,0.14228038768332407,0.3128342245989306,0.38482287615829863,0.1062834224598932,0.3191785533944461,-0.23328877005347592,0.1025586730614042,2016-22,0.2-1%
JAMNAAUTO,2018-06-22,92977612.5,pledge created,2018-06-22,Small,3592.5647058823524,True,0.16951039232116577,-0.049403747870528036,-0.020732813623084323,-0.15559341283361727,-0.07013741022225467,-0.2629187961385575,-0.15290501196408607,-0.39579784213515046,-0.23434486917309283,2016-22,0.2-1%
JAMNAAUTO,2019-06-21,29496950.0,pledge created,2019-06-21,Small,2149.1235294117646,False,-0.06740836115529591,-0.15276476101218361,-0.0878046317729928,-0.2633552014995315,-0.21433409770827655,-0.1293345829428303,-0.05143125583006514,-0.4020618556701031,-0.18069485312063116,2016-22,0.05-0.2%
JAMNAAUTO,2020-01-06,104737500.0,pledge created,2020-01-06,Small,1756.186764705882,False,0.26143781478352446,-0.08371040723981904,-0.10021779642678552,-0.4185520361990951,-0.07382277219634131,-0.27828054298642546,-0.10377715245086067,0.4626696832579187,0.2865290181329633,2016-22,0.2-1%
JAMNAAUTO,2022-02-17,801496878.0,pledge created,2022-02-17,Micro,4129.845588235294,True,-0.08836176616627944,-0.02962603205439529,-0.004539109516526751,0.11801845556095181,0.22196715620219387,0.13307430791646424,0.1612454960530762,-0.026226323457989364,0.01607322651772697,2016-22,> 1%
JAMNAAUTO,2023-08-28,564720000.0,pledge created,2023-08-28,Micro,4679.155147058824,True,-0.12164216176939435,0.02512998266897748,0.015839900309654098,-0.029896013864817994,-0.13188897986716264,0.038994800693240794,-0.20013563408936785,0.09116117850953209,-0.37495593015040685,2023-26,> 1%
JASH,2023-03-10,90165000.0,pledge created,2023-03-10,Micro,1118.7946959459457,False,0.11543508501914368,-0.047939349028102374,-0.07811272624204346,0.29692754944992306,0.13850470420630856,0.5573733112922532,0.22289471790261584,0.797868095536681,0.29679312183922923,2023-26,0.2-1%
JAYNECOIND,2022-05-25,10726882002.0,pledge created,2022-05-25,Micro,2021.0517241379314,False,-0.015735325969243985,0.006880733944954143,0.04806683402995504,0.013761467889908285,-0.07718827266713879,0.16513761467889898,0.05953455846641953,-0.002293577981651418,-0.12860766100866972,2016-22,> 1%
JAYNECOIND,2023-12-28,24348236991.0,pledge created,2023-12-28,Micro,4503.641702586207,False,0.14093661606629138,0.04055496264674496,-0.013444018504554123,0.06510138740661686,0.08437416489124516,0.01878335112059748,-0.12300769365552178,-0.07427961579509079,-0.30088137042616325,2023-26,> 1%
JAYNECOIND,2025-03-28,98915894.0,pledge created,2025-03-28,Micro,2909.1484913793106,False,0.021165913176320217,0.21670288730207998,0.21803793267204258,0.20832039739211416,0.05591771213041152,1.2381248059608816,1.1368492242395472,1.5479664700403597,1.6563757610595422,2023-26,0.2-1%
JAYNECOIND,2025-10-03,9927423.0,pledge created,2025-10-03,Micro,7004.693211206897,True,0.8776885436059381,0.007461655382064336,0.03904163916406267,0.2570125742711067,0.35422011220415994,0.1287826447422964,0.3065249546668466,,,2023-26,< 0.05% of mcap
JAYNECOIND,2026-01-05,48966717415.0,pledge created,2026-01-05,Micro,8998.538469827587,True,0.403653715596181,-0.17115532593162575,-0.1091553259316258,-0.10201165219303066,-0.007105485973191494,-0.005936022864680535,0.03231963757605272,,,2023-26,> 1%
JAYSREETEA,2017-07-04,5104620.0,pledge created,2017-07-04,Micro,283.45974329054843,False,-0.12385466703345549,-0.001962708537782132,0.008109038122287082,-0.07605495583905786,-0.07877234714340575,0.12512266928361138,-0.19700645083200197,-0.1987242394504416,-0.12432344790143579,2016-22,0.05-0.2%
JAYSREETEA,2018-03-19,5104620.0,pledge created,2018-03-19,Micro,272.83897316219367,False,-0.038511022889816005,0.01936159079016231,-0.033633380844456995,-0.08686551543694399,0.010578415047826362,-0.0015698587127157548,0.16715905017367338,-0.28937728937728935,0.008514280492302462,2016-22,0.05-0.2%
JAYSREETEA,2018-10-09,88207833.6,pledge created,2018-10-09,Micro,240.97666277712952,False,0.18400896001234035,0.09585798816568047,0.038961436441542485,0.004733727810650956,-0.02692505261142286,-0.23905325443786984,-0.22549219677633198,-0.40295857988165673,-0.12317115596260358,2016-22,> 1%
JAYSREETEA,2019-02-21,0.0,pledge created,2019-02-21,Micro,187.29871645274213,False,-0.16772000838520063,0.04221028396009219,-0.008869350872405257,-0.03069838833461258,-0.09736505500127923,-0.23100537221795858,-0.018342869475013956,-0.36070606293169616,-0.07979038281334488,2016-22,< 0.05% of mcap
JETFREIGHT,2017-08-09,80000000.0,pledge created,2017-08-09,Micro,113.69661835748792,False,0.6709622622883279,0.045950864422201976,-0.04987591587113038,,,,,,,2016-22,> 1%
JETFREIGHT,2022-02-02,167778000.0,pledge created,2022-02-02,Micro,136.65700483091788,False,,-0.0014005602240896309,0.16397563656264036,-0.03991596638655448,0.09978467509598299,-0.2408963585434173,-0.11354040808568966,-0.38725490196078427,-0.30371482731645566,2016-22,> 1%
JETFREIGHT,2022-05-26,167219000.0,pledge created,2022-05-26,Micro,120.62995169082127,False,-0.05545229769486437,-0.23282747603833864,-0.19332130319883245,-0.3258785942492013,-0.4119159025664235,-0.2983226837060703,-0.40377921201157374,-0.5587060702875399,-0.6806572897997352,2016-22,> 1%
JETFREIGHT,2022-09-29,78440000.0,pledge created,2022-09-29,Micro,96.51400966183576,False,-0.23610151829907766,0.05476451259583781,0.053181566072745046,-0.04216867469879537,-0.06991546778301172,-0.32639649507119384,-0.24575133378087122,-0.4742606790799563,-0.7406929159344012,2016-22,> 1%
JETFREIGHT,2024-11-29,127233200.0,pledge created,2024-11-29,Micro,75.26183574879228,False,-0.23368854862273014,0.1044323011536128,0.11550385475846531,-0.23557984213721916,0.020823144347990152,-0.15300546448087426,-0.017454016544953155,0.2070431086824529,0.43191130634128583,2023-26,> 1%
JETFREIGHT,2025-11-11,26962190.0,pledge created,2025-11-11,Micro,66.11787439613526,False,0.013385694807630744,0.40030557677616496,0.4685614805044719,0.3376623376623378,0.43432501549773195,0.651642475171887,0.7818530467232407,,,2023-26,> 1%
JINDALSAW,2016-06-03,0.0,pledge created,2016-06-03,Small,1439.4887050359712,False,0.07948027693902637,0.23518930957683737,0.16450719153965532,0.05345211581291753,-0.0688727308573377,0.27973273942093546,0.19588505167977321,0.6472160356347438,0.3219037568524903,2016-22,< 0.05% of mcap
JINDALSAW,2017-10-18,918225000.0,pledge created,2017-10-18,Small,3701.268561151079,True,0.4229435687290566,0.03418358493840001,0.010817316443066605,0.34305049453409686,0.23540365393891438,0.13014055179593953,0.11389998358657827,-0.35884088148533744,-0.09736487356666185,2016-22,> 1%
JINDALSAW,2019-10-04,3782808792.4,pledge created,2019-10-04,Small,2570.378633093525,False,0.09377373712219872,0.08040201005025138,0.026489150864567934,0.05653266331658302,-0.0015425845086081136,-0.34472361809045227,-0.09603081057668528,-0.22361809045226133,-0.23302630783959455,2016-22,> 1%
JINDALSAW,2021-09-17,924142500.0,pledge created,2021-09-17,Micro,3929.3633093525177,True,0.07683456594804339,0.01772988006257603,-0.011828921534910886,-0.16565270293759782,-0.16578860943392837,-0.18338258300017385,-0.2663833810847709,-0.23379106553102735,-0.4004577321976941,2016-22,> 1%
JINDALSAW,2022-03-16,112331450.0,pledge created,2022-03-16,Micro,2813.1685611510793,True,-0.08862234729398821,0.05157962604771105,-0.012910819812161467,-0.17580055877928213,-0.0019168133204752191,-0.07156673114119916,-0.12313935121227704,0.5764023210831719,0.6571632355852601,2016-22,0.2-1%
JINDALSAW,2022-09-12,304682500.0,pledge created,2022-09-12,Micro,2875.143884892086,False,-0.10787085410917885,-0.07149280575539563,-0.0003104454117942579,0.1461330935251799,0.1727606067526931,0.7569694244604319,0.9033282006915138,3.0541816546762597,2.8649266636033817,2016-22,> 1%
JINDALSTEL,2016-06-08,603409107.0,pledge created,2016-06-08,Mid,6576.795991189428,True,-0.018478446923639424,0.06909937888198736,0.020968192037550182,0.31832298136645965,0.19270560860702768,0.1847826086956521,0.12189429698738219,0.9503105590062109,0.6881024773939962,2016-22,0.2-1%
JINDALSTEL,2017-07-07,4678732771.0,pledge created,2017-07-07,Mid,13485.238017621146,True,0.023381918601436347,0.03756043138713294,0.040606821708131347,0.1640014875418372,0.13313763641983334,0.8501301599107476,0.6320590839557861,0.6281145407214579,0.6076450861956216,2016-22,> 1%
JINDALSTEL,2022-10-27,1708902500.0,pledge created,2022-10-27,Mid,47904.99422907489,True,0.1760577332153621,0.13461114782991856,0.11987017476654627,0.2957699933906146,0.3283784810792431,0.3109715796430932,0.28528218330619115,0.3150473672615113,0.10673067612680487,2016-22,0.2-1%
JINDALSTEL,2023-12-08,844466330.0,pledge created,2023-12-08,Mid,70028.3359030837,True,-0.12060272917565718,0.016336461591936136,-0.031186478422708053,0.15085158150851585,0.08114115238003894,0.44768856447688554,0.23801428906642386,0.3571080987139381,0.13921502906516459,2023-26,0.05-0.2%
JINDALSTEL,2024-06-01,7269850000.0,pledge created,2024-06-03,Large,107907.41537444935,True,0.29242954931036935,0.09925532468885079,0.0022607818409247082,-0.0151538822059053,-0.1392134248913246,-0.02676665104410758,-0.09390490124565143,0.014112378274228066,-0.02718791366724138,2023-26,0.2-1%
JPPOWER,2019-03-20,235170000.0,pledge created,2019-03-20,Micro,1303.0728476821193,False,-0.008404658135022003,0.512820512820513,0.5313590124768375,0.05128205128205132,0.16991062846379756,-0.1794871794871794,0.038790966208184785,-0.6923076923076923,-0.1527776331283417,2016-22,> 1%
JSL,2016-06-23,414342864.0,pledge created,2016-06-23,Small,1276.2911646586344,False,-0.23439059607911528,0.11295681063122909,0.04467860876524088,0.6312292358803986,0.5136991491088257,1.441860465116279,1.4074994270637542,3.750830564784053,3.408245945598261,2016-22,> 1%
JSL,2017-03-31,12102250223.0,pledge created,2017-03-31,Small,5862.705220883534,False,0.7378741712993018,-0.0924967658473479,-0.12463573596333732,-0.02975420439844756,-0.08009225655182717,0.4359637774902976,0.37271444479866267,0.15782664941785263,0.015731069854706847,2016-22,> 1%
JSL,2017-10-27,9084454442.0,pledge created,2017-10-27,Mid,9740.983534136545,False,0.30407305702015053,-0.06736401673640169,-0.0894019102709318,-0.043933054393305415,-0.11459786952956641,-0.2351464435146443,-0.26242259175673366,-0.5652719665271966,-0.44368130213014584,2016-22,> 1%
JSL,2020-06-29,6973780920.0,pledge created,2020-06-29,Small,3273.0692771084337,False,0.17645708048995257,-0.0923645320197044,-0.12301253323992478,0.051724137931034475,-0.044697994548773545,0.955665024630542,0.5874284899192671,1.6921182266009849,0.8027914476554929,2016-22,> 1%
JSL,2021-02-02,1126179770.0,pledge created,2021-02-02,Small,6076.792771084337,True,-0.02159944879723863,-0.02457956015523921,-0.09481621895798653,0.2742561448900389,0.1447439656844508,1.071798188874515,0.7788576632906242,1.7509702457956018,1.401912072899446,2016-22,> 1%
JSL,2022-03-11,16967200554.0,pledge created,2022-03-11,Small,14681.46546184739,True,0.1543661964038998,0.09064012910166763,0.021322454952033443,-0.4381387842926304,-0.3509034949295524,-0.2525551371705219,-0.300591457714791,0.7060247444862828,0.7797176269554482,2016-22,> 1%
JSL,2022-08-10,2160158587.0,pledge created,2022-08-10,Small,9695.69578313253,True,-0.24841926726158026,0.1402753872633391,0.07087553824909831,0.45352839931153177,0.42010625483794406,1.2147160068846818,1.245251440446037,2.5133390705679863,2.3320988909914204,2016-22,> 1%
JSL,2023-06-15,4732560394.0,pledge created,2023-06-15,Mid,27378.504016064257,True,-0.05680102930948361,0.07505755947812731,0.04082631761897404,0.5079048349961626,0.3851698114256136,0.6702993092862626,0.4114765365164813,1.4586339217191098,0.9872974831924879,2023-26,> 1%
JSWENERGY,2016-01-14,2323236221.0,pledge created,2016-01-14,Mid,14364.445252525253,True,-0.060950085424008094,-0.12033195020746879,-0.03161063722350976,-0.036652835408022,-0.07695057800421445,0.1044260027662518,0.002600164433489649,-0.17980636237897651,-0.3253919860904718,2016-22,> 1%
JSWENERGY,2024-03-06,2415592000.0,pledge created,2024-03-06,Large,94419.9511111111,True,0.03266293903959383,0.1956331877729256,0.18106540364837342,0.2620087336244541,0.19680138690064775,0.47520621057738976,0.3252810243127401,-0.002231926249393501,0.08602981998668724,2023-26,0.2-1%
JSWHL,2017-10-17,2392834500.0,pledge created,2017-10-17,Micro,2124.45730653975,False,0.08625940864294501,-0.02189896852684481,-0.028984296568127732,-0.05043639248875953,-0.26505903399819364,0.0037556202062944966,-0.0366780636609918,0.11147844485585834,0.40891999961047465,2016-22,> 1%
JSWHL,2019-12-31,105937900.0,pledge created,2019-12-31,Small,2433.8038163229335,False,-0.19147757753643535,0.1253297245223297,0.07615015743354425,-0.3371332889877744,0.01795001500966059,-0.1014978094823038,0.0501249210461755,0.7629882790100238,0.5876549530264565,2016-22,0.2-1%
JSWHL,2020-09-30,274697982.0,pledge created,2020-09-30,Small,2509.736849991186,False,0.05821788500538283,0.040235012512240154,0.07088272022641179,0.6725274725274726,0.4856915988203414,0.7111957349581113,0.39420193786729607,1.0507017734740507,0.24714930089550446,2016-22,> 1%
JSWHL,2021-03-04,2510607711.0,pledge created,2021-03-04,Small,4227.012991362594,False,-0.00599666720105041,0.08468454005458348,0.0978480745034393,0.4220179804141915,0.2687367109630511,0.2693985123347782,0.07640582159227183,0.08628993417884101,-0.0468101406846938,2016-22,> 1%
JSWHL,2022-09-09,671281750.0,pledge created,2022-09-09,Micro,4052.0779569892475,False,-0.07826561211646954,0.10423690945281705,0.16649926686726568,0.17529891267552244,0.20172162455226478,0.0547589064467644,0.19490185850496483,0.2926974583959594,0.08904969550054753,2016-22,> 1%
JSWSTEEL,2016-01-25,2531825125.0,pledge created,2016-01-25,Large,27174.715019952117,True,0.289141218412893,0.003924016766253535,0.05484236783506824,0.21002407919379307,0.16183856668928565,0.5069116204405602,0.3314583472409566,0.7292428431285116,0.533229981377368,2016-22,0.2-1%
JUBLFOOD,2016-02-02,427500600.0,pledge created,2016-02-02,Mid,7966.314223194748,True,-0.10017812439800305,-0.03760655189704165,-0.020367431787944756,-0.02039110813972922,-0.07830561696339011,0.0021728229984958602,-0.1783376219864805,-0.16839378238341962,-0.4093764560263372,2016-22,0.2-1%
JUBLFOOD,2016-09-06,2946402765.0,pledge created,2016-09-06,Mid,6977.097811816192,True,0.0647058167534511,-0.021924144310823235,-0.03610502134482507,-0.20499537465309892,-0.15751339836484024,-0.012765957446808418,-0.03225847979199581,0.21692876965772445,0.014236005136007424,2016-22,> 1%
JUBLFOOD,2017-06-27,355254250.0,pledge created,2017-06-27,Small,6070.042231947483,True,-0.2174314141001159,0.3629343629343631,0.33161194320619036,0.44551694551694565,0.4503927187174777,0.8228228228228229,0.6091664425568922,2.003539253539254,2.063402909269974,2016-22,0.2-1%
JUBLFOOD,2017-12-26,736251500.0,pledge created,2017-12-26,Mid,11643.833041575492,True,0.12399908803872217,0.2818717544780909,0.28541086296659646,0.3665324698057064,0.43976143468275425,0.6082618589182567,0.7385381924033666,0.40597467763580153,0.5625438601890835,2016-22,0.2-1%
JUBLFOOD,2018-06-19,6202414350.0,pledge created,2018-06-19,Mid,17978.10450765864,True,0.3564252963935382,0.0399734003251071,0.0888105061180805,-0.04244864784985969,-0.016891437078474847,-0.09450273385547514,-0.011091712179954194,-0.08441702379193139,-0.007974650735276867,2016-22,> 1%
JUBLFOOD,2019-08-19,1776185000.0,pledge created,2019-08-19,Mid,15099.188971553609,True,-0.076153914452539,0.19697300126488426,0.1475628921419111,0.39660662101452426,0.2910415495587646,0.6329218824966196,0.43933798987262074,0.8010642473939023,0.6845056612048134,2016-22,> 1%
JUBLFOOD,2020-03-16,1023780000.0,pledge created,2020-03-16,Mid,18374.448358862144,True,0.08122355659153352,0.1327276168843461,0.15998033175232823,0.26590952110543253,0.16384859616464897,0.8121521862578083,0.5627171458228293,1.1585841378004926,0.5893252292463128,2016-22,0.2-1%
JUBLFOOD,2021-09-02,2901921250.0,pledge created,2021-09-02,Large,53783.13759299781,True,0.274405143237762,-0.010810678602438561,-0.016829260081747788,-0.07797385381125332,-0.04939667466360137,-0.37337197784055476,-0.28425019675296265,-0.2571938706876522,-0.22395207668529316,2016-22,0.2-1%
JUBLFOOD,2022-02-17,589540000.0,pledge created,2022-02-17,Mid,39604.80722100656,True,-0.1541949407042862,-0.11040977519746165,-0.11197480485383449,-0.2161446027138324,-0.11850643575619052,-0.019020455005738124,-0.0206014032640901,-0.23496253291028146,-0.26073711920683795,2016-22,0.05-0.2%
JUBLFOOD,2022-08-30,2774720000.0,pledge created,2022-08-30,Mid,40508.57636761487,True,0.026126221325435184,0.0067906224737268595,0.02017703565544765,-0.11455133387227168,-0.1459326523689679,-0.28649959579628126,-0.23034257696690036,-0.12578819725141466,-0.32702545150114903,2016-22,0.2-1%
JUBLFOOD,2023-09-22,1177990000.0,pledge created,2023-09-22,Mid,34901.92122538293,True,-0.006857780698680371,-0.06503464203233256,-0.020571039296312488,0.04849884526558901,-0.0531330253600103,-0.15963048498845256,-0.31579161920066734,0.2598614318706698,-0.10544005630313258,2023-26,0.2-1%
JUBLFOOD,2024-03-26,5239371000.0,pledge created,2024-03-26,Mid,30616.41225382932,True,-0.2645683245234478,0.018357700340771554,-0.06819267059491896,0.2648125755743651,0.1286564276424077,0.4991755523799053,0.25482783676606824,0.5007145212707487,0.448286422271442,2023-26,> 1%
JUBLFOOD,2026-01-13,314160000.0,pledge created,2026-01-13,Mid,34704.735229759295,True,-0.1006353019055426,0.0071792934063859,0.02970476176518766,-0.1084451161911959,-0.09088018850976592,-0.21178915548838084,-0.21561754844058645,,,2023-26,0.05-0.2%
JUBLINGREA,2025-06-13,1088320000.0,pledge created,2025-06-13,Small,12626.316232771822,True,-0.1469008464935576,0.06231856009289727,0.033454581575884657,-0.08805883491387656,-0.08164603340118382,-0.09702599832268877,-0.015476769007263358,-0.187278240113541,-0.13348909313539403,2023-26,0.2-1%
JUBLPHARMA,2016-01-28,520519000.0,pledge created,2016-01-28,Mid,5207.696064139942,True,-0.1205812518844459,-0.12424677187948352,-0.023321365461218657,0.06312769010043051,0.05019811005483554,-0.08048780487804885,-0.19593644812087796,1.1456241032998564,0.9402740361422256,2016-22,0.2-1%
JUBLPHARMA,2016-12-19,3001051400.0,pledge created,2016-12-19,Mid,9869.892128279884,True,0.09268458632828447,0.16764165134547904,0.11187374696356556,0.3198228313555074,0.18302358378210914,0.14758482366705672,-0.07928745771411527,0.2934146749122515,-0.15839411252527957,2016-22,> 1%
JUBLPHARMA,2018-05-31,384013000.0,pledge created,2018-05-31,Mid,12551.27113702624,True,-0.08011726501942384,-0.09280697190426623,-0.0472778286114105,-0.06061394380853269,-0.07074881693580715,0.048061914672216544,0.1575401282123413,-0.37766649323621226,-0.3033768504980642,2016-22,0.2-1%
JUBLPHARMA,2025-08-14,4417750000.0,pledge created,2025-08-14,Small,16794.402332361515,True,0.14837788124713946,0.054284900825662064,0.022142585377144308,0.051532694315269856,0.07058249729673705,-0.1558318306918478,-0.08287630268622298,-0.14904621808864005,-0.10873299906117917,2023-26,> 1%
JUSTDIAL,2020-03-18,18460850.0,pledge created,2020-03-18,Small,3133.179429429429,True,-0.2266676183033844,0.1031432633075342,-0.006882415342502446,0.20012636234402126,-0.0732828437982358,0.1543200126362343,-0.24349836122644852,1.8166166482388246,0.930873454685693,2016-22,0.05-0.2%
JUSTDIAL,2020-09-16,59217000.0,pledge created,2020-09-16,Small,3329.162912912913,True,-0.13914805192024582,0.3086180124223603,0.3618714109513392,0.6766304347826089,0.5475562871084139,1.3466614906832302,1.0775461244529654,1.5599120082815734,0.9154910605796711,2016-22,0.05-0.2%
JUSTDIAL,2021-07-23,9272579206.0,pledge created,2021-07-23,Small,8261.55593093093,True,-0.1100464468587522,-0.01865865035762415,0.04073023616141658,-0.12978127915414117,-0.15323302963791818,-0.05234788017000103,-0.042149423141375875,-0.4171244946615529,-0.3176502101324226,2016-22,> 1%
KALYANKJIL,2024-09-27,91952288504.0,pledge created,2024-09-27,Mid,72856.55280289332,True,0.4331214809135462,-0.07668606641561104,-0.0047758840035987404,0.06244436836699774,0.13937679208945758,-0.3001027045532352,-0.14273758012761467,-0.3353646011639849,-0.2658835668276619,2023-26,> 1%
KALYANKJIL,2025-01-20,18113027051.0,pledge created,2025-01-20,Mid,54732.62188065099,True,-0.23223623599439913,-0.008293232312890364,0.08045998565906082,0.026415480700317406,0.05738676103128276,0.2552472611856249,0.21520430147633196,-0.2465444865362958,-0.24533466937031834,2023-26,> 1%
KAMATHOTEL,2017-09-29,129397500.0,pledge created,2017-09-29,Micro,314.2381856540084,False,1.0966138853622986,0.14050751879699241,0.04406860245690036,0.13909774436090228,-0.1123062822331885,-0.08458646616541354,-0.15844924967233776,-0.5714285714285714,-0.3143614834637799,2016-22,> 1%
KAMATHOTEL,2018-03-28,190019016.0,pledge created,2018-03-28,Micro,251.59641350210967,False,-0.11734269340937675,0.19243243243243247,0.148845881996567,-0.23513513513513518,-0.09183933165509417,-0.4848648648648649,-0.2368305970463142,-0.4556756756756757,-0.17421297824903526,2016-22,> 1%
KAMATHOTEL,2019-10-09,1215000.0,pledge created,2019-10-09,Micro,107.93206751054852,False,0.036096474858759386,0.006858710562414272,-0.04956776035097821,0.056241426611796985,-0.029274509014583616,-0.3237311385459535,-0.06286157332856213,-0.16735253772290815,-0.18738268335696917,2016-22,0.05-0.2%
KARURVYSYA,2026-03-25,4270500.0,pledge created,2026-03-25,Small,27484.514461538463,True,0.2175095150206937,-0.0076077768385460764,-0.13210657794717517,-0.006086221470836928,-0.1765759079364403,0.09822485207100606,-0.032199181207232974,,,2023-26,< 0.05% of mcap
KDDL,2022-08-25,153690000.0,pledge created,2022-08-25,Micro,1043.9056598919476,False,0.1110558867425705,0.03306929596189012,0.05871032160291567,0.13864731623552862,0.13610582432127805,0.1306154101811332,0.21515486588598826,1.0964382651082922,0.8549318126458219,2016-22,> 1%
KELLTONTEC,2019-08-02,83385000.0,pledge created,2019-08-02,Micro,177.959375,False,-0.38936743026722576,-0.06006006006006015,-0.0716586480580429,0.018018018018018056,-0.045916580032500764,-0.01501501501501512,-0.09007408438225595,0.16816816816816815,0.15100920420069341,2016-22,> 1%
KELLTONTEC,2020-03-28,36699000.0,pledge created,2020-03-30,Micro,76.1921875,False,-0.21208941467348674,0.9929577464788735,0.8388961218290136,1.147887323943662,0.6566355385937334,4.774647887323943,4.1770952020758125,8.802816901408452,7.614404492649328,2016-22,> 1%
KELLTONTEC,2020-08-12,13170000.0,pledge created,2020-08-12,Micro,213.65781249999998,False,0.1280295256768591,1.3033419023136248,1.2989750900865504,1.524421593830334,1.524421593830334,3.2544987146529563,2.9328516317356175,1.5861182519280206,0.6278852820785955,2016-22,0.2-1%
KELLTONTEC,2021-02-09,184200000.0,pledge created,2021-02-09,Micro,887.665625,False,0.3911859864306926,-0.11554748941318826,-0.15465363466458504,-0.23472474289171208,-0.36880295518221495,-0.368421052631579,-0.8184001165140455,0.15184513006654554,-0.475405655773235,2016-22,> 1%
KERNEX,2023-01-02,10000000.0,pledge created,2023-01-02,Micro,463.1814946619217,False,-0.010928990688026774,0.10524405733986564,0.170038717040925,-0.14988205407367083,-0.035146028271085206,0.14843041190346562,0.10365975603753452,1.2162946833605517,0.7776264590614863,2023-26,0.2-1%
KESORAMIND,2017-06-28,322765000.0,pledge created,2017-06-28,Micro,210.47545871559632,False,-0.08719180613483968,0.03180987202925034,-0.00621294165896269,-0.08482632541133461,-0.08543466227125829,0.009506398537477256,-0.31205792894790274,-0.40731261425959786,-0.33392890309251133,2016-22,> 1%
KESORAMIND,2018-03-23,86382500.0,pledge created,2018-03-23,Micro,167.63394495412845,False,-0.06483679023106625,0.07175712971481141,-0.022165522218890343,-0.21021159153633873,-0.12248709387763446,-0.3840846366145354,-0.20865447383231878,-0.33302667893284277,-0.08477816604454136,2016-22,> 1%
KESORAMIND,2018-10-06,441309775.32,pledge created,2018-10-08,Micro,89.25963302752294,False,-0.0956287437065928,0.12522522522522528,0.02161008147344634,0.4801801801801804,0.40893312135665094,0.24864864864864833,0.2266045604722955,-0.047747747747747815,0.20584463624330723,2016-22,> 1%
KESORAMIND,2021-02-02,520454562.0,pledge created,2021-02-02,Micro,100.53371559633028,False,0.2070305628847846,0.329795299469295,0.27388678612749073,0.25777103866565576,0.14362009526942932,0.38589840788476115,-0.16206942673373237,-0.028809704321455687,-0.7587579578790236,2016-22,> 1%
KIMS,2022-06-22,4326939539.0,pledge created,2022-06-22,Small,9432.548686327078,True,-0.016656885048387915,0.03014664774437703,-0.06819900630022058,0.15774308691351635,-0.024628884452122413,0.2677503977981337,0.18379092909165162,0.5372210037414527,0.3171834757364652,2016-22,> 1%
KIMS,2024-01-01,110000000.0,pledge created,2024-01-01,Small,16452.764638069704,True,-0.10820008472024478,0.11192570869990215,0.06663688584821403,0.05448371662293572,0.038069833033225864,0.0982661933425939,-0.10018923390030621,0.6703966661521841,0.533198659920399,2023-26,0.05-0.2%
KIMS,2024-06-04,330000000.0,pledge created,2024-06-04,Small,15519.676689008043,True,-0.22307596482369518,0.1252141369949662,-0.023718472521609746,0.4122763092006432,0.24430708107468824,0.6113644150436179,0.5058264884358252,0.7693645731755527,0.7057877753882287,2023-26,0.2-1%
KPIGREEN,2022-02-09,2196419644.0,pledge created,2022-02-09,Micro,1010.2963788300835,False,1.227387911150294,0.040080971659919085,0.12332404763083038,0.08582995951417005,0.20500946795245822,,,0.9340080971659921,1.006778593050371,2016-22,> 1%
KPIGREEN,2022-09-08,120379500.0,pledge created,2022-09-08,Micro,2071.1866295264626,True,0.6403690654917154,-0.04973357015985791,0.0024000518857740794,-0.007203473455693721,0.017988656749126863,-0.044898361949871735,0.07910163805012826,0.8613578054075388,0.6632435317392503,2016-22,0.2-1%
KPIGREEN,2024-09-30,25416127420.0,pledge created,2024-09-30,Small,11381.644846796657,True,-0.09096639611707524,-0.09068597373910892,-0.034376729419118346,0.0024542888698000365,0.07949729253189908,-0.2459197447539575,-0.01878430066179032,-0.2426765773188646,-0.09662054272946646,2023-26,> 1%
KPIL,2016-01-04,3453409457.8,pledge created,2016-01-04,Small,4293.239138305576,False,-0.10633390784960739,-0.27131018153117603,-0.13766971907180542,-0.19041041831097083,-0.06865168099417263,0.04538279400157852,0.044404639453159866,0.05228887134964477,-0.01418806408800366,2016-22,> 1%
KPIL,2016-08-09,2069600000.0,pledge created,2016-08-09,Small,4561.194424330196,False,0.12583434193514764,-0.010281797410510496,-0.02207230493154788,-0.15060929169840065,-0.11826137426613126,0.10548362528560551,0.014903915140678015,0.3707159177456205,0.1646668641637019,2016-22,> 1%
KPIL,2017-03-07,2017050000.0,pledge created,2017-03-07,Small,4852.117306299782,False,0.09155604165469755,0.18008968609865472,0.10945938591853421,0.23443946188340825,0.13311146781748262,0.23677130044843042,0.09924072560098396,0.6455605381165919,0.42509676149538156,2016-22,> 1%
KPIL,2017-09-15,2088280000.0,pledge created,2017-09-15,Small,5980.9321144098485,False,-0.00010378951010159287,0.04350274531887943,0.05018831383343425,0.2658031817541884,0.19940479141213596,0.2786146698578067,0.29408716787999906,-0.0689849359425595,0.10651419835525222,2016-22,> 1%
KPIL,2018-02-28,1756550000.0,pledge created,2018-02-28,Small,8528.6339608979,False,0.11082895015607352,-0.0207001522070015,0.01860190715032456,-0.13708777270421113,-0.0398433538693691,-0.25702688990360223,-0.13116321475098375,-0.18954845256215114,0.054415166948913685,2016-22,> 1%
KPIL,2018-07-17,1453568000.0,pledge created,2018-07-17,Small,6029.419261404779,False,-0.09780330260213321,0.03859348198970847,-0.0001304776964460297,-0.17467124070897666,-0.05313324202598052,0.08490566037735836,0.17847475664222973,0.3247570040022869,0.5099270410289098,2016-22,> 1%
KPIL,2019-03-27,441750000.0,pledge created,2019-03-27,Small,7992.723388848661,False,0.15394806426039653,0.009689310163243814,0.03640398402523115,0.1203791469194313,0.1643848511116422,-0.04318062137967349,0.09916997679084083,-0.6245392311743023,-0.16344413030974891,2016-22,0.2-1%
KPIL,2019-06-29,658209500.0,pledge created,2019-07-01,Mid,9187.038377986966,False,0.18724146927520047,-0.09823275051701452,-0.017567393106130647,-0.14598608761045306,-0.10074643316097259,-0.21865012220342162,-0.24197077435683256,-0.505922165820643,-0.3954505807680625,2016-22,0.2-1%
KPIL,2020-10-29,112455000.0,pledge created,2020-10-29,Small,4266.0182838522815,True,-0.033018601992535035,0.29611844737895154,0.18030811842267003,0.290516206482593,0.08441196535308593,0.41656662665066024,0.014184586468285354,0.680672268907563,-0.20451578604904996,2016-22,0.2-1%
KPIL,2021-03-02,1421830000.0,pledge created,2021-03-02,Small,6657.200217233889,True,0.02244245180173643,-0.05088356936959526,-0.009770902132465786,0.09763128211555339,-0.047976530398412987,0.03609474871537799,-0.14125551648964518,-0.025817771650582855,-0.13756432848802935,2016-22,> 1%
KPIL,2021-06-28,3559023739.0,pledge created,2021-06-28,Small,7161.6366763215065,True,-0.05000052643543296,0.13034549408069585,0.09780725311541616,-0.023073206088427,-0.05122748183578463,-0.09301763711041311,-0.13088545715691002,-0.13916404928726733,-0.03295994920453049,2016-22,> 1%
KPIL,2021-11-03,1690750000.0,pledge created,2021-11-03,Small,6996.610246198407,True,-0.15461232150920834,-0.08806238752249551,-0.028031724939202862,-0.02435512897420511,0.012025336686172172,-0.18104379124175163,-0.0127138450214494,0.19940011997600493,0.2777440196507765,2016-22,> 1%
KUANTUM,2021-05-24,257595000.0,pledge created,2021-05-24,Micro,561.4450261780104,False,0.10544614130097574,0.13503086419753085,0.026877931236636954,0.22145061728395077,0.11502683971923378,0.27314814814814814,0.02587542087542105,0.10030864197530875,-0.13010367060987993,2016-22,> 1%
KUANTUM,2021-09-27,90061800.0,pledge created,2021-09-27,Micro,664.0,False,-0.04978994673942616,0.05779569892473124,0.062286671615988276,0.06384408602150526,0.026251027359475043,0.08064516129032251,0.01858575992663347,0.551747311827957,0.4451653796898153,2016-22,> 1%
KUANTUM,2022-02-28,33737500.0,pledge created,2022-02-28,Micro,606.2041884816754,False,-0.09601401215289074,0.2192788815305371,0.17085273140947166,0.0662251655629138,0.07261371963161278,0.548197203826343,0.47130849825131027,0.8572479764532743,0.8309983838390264,2016-22,0.2-1%
KUANTUM,2022-08-23,42300000.0,pledge created,2022-08-23,Micro,725.2722513089005,False,0.10421459288442492,0.30316490838423094,0.2883707542770996,0.6746252082176571,0.6680245481516505,0.35091615769017226,0.41053588053902823,1.2015546918378681,0.9503919011401938,2016-22,0.2-1%
LAMBODHARA,2017-06-29,80478400.0,pledge created,2017-06-29,Micro,74.37519379844962,False,-0.09347895980909182,-0.06359189378057295,-0.09888601142763165,-0.1530398322851152,-0.1625991380195969,0.01048218029350112,-0.317579038031953,-0.25716282320055905,-0.1724372862077188,2016-22,> 1%
LAMBODHARA,2018-03-14,44274506.0,pledge created,2018-03-14,Micro,74.42713178294575,False,0.11228974800180774,0.018206338503034214,0.007836588843455283,-0.18341200269723545,-0.0766676430979088,-0.26567768037761297,-0.10325819003877235,-0.3964935940660823,-0.07040663754434318,2016-22,> 1%
LAMBODHARA,2019-10-16,33225500.0,pledge created,2019-10-16,Micro,30.331782945736435,False,-0.03736208910206262,0.1069609507640068,0.08438030560271659,0.33616298811545,0.1934029224265661,-0.2054329371816639,0.023192730375078352,-0.07809847198641773,-0.1075102366923002,2016-22,> 1%
LAURUSLABS,2018-05-29,2899129000.0,pledge created,2018-05-29,Small,5028.654484848485,False,-0.03257981332806248,-0.017391304347825987,0.07627499908668717,-0.043804347826087,0.015951022313637875,-0.16489130434782606,0.01886966403590501,-0.23989130434782602,-0.0574730300418273,2016-22,> 1%
LAURUSLABS,2019-06-29,153337500.0,pledge created,2019-07-01,Small,3740.526242424242,False,-0.10957597859267221,-0.052735476593344544,0.06471148507956831,0.0009870276367738295,0.11000694959225549,0.08770445572476038,0.16426073794695323,0.6861252115059222,0.906973696354407,2016-22,0.2-1%
LAURUSLABS,2020-12-11,365805000.0,pledge created,2020-12-11,Mid,17714.45590909091,True,0.1710598058954419,0.059987819732034264,0.011744796585900219,0.09926918392204631,-0.06509361366443545,0.8073995127892815,0.5424474032528142,0.4774665042630939,0.15742971908882242,2016-22,0.2-1%
LEMONTREE,2019-07-03,5467683353.0,pledge created,2019-07-03,Small,5396.192307692308,False,-0.09044287077681029,-0.13893016344725106,-0.008235699281615994,-0.17161961367013367,-0.048397605646374964,-0.13075780089153044,-0.06570721514743505,-0.6471025260029717,-0.4018195071350471,2016-22,> 1%
LEMONTREE,2020-12-24,641504688.0,pledge created,2020-12-24,Small,3134.5528846153843,True,0.39523654468531244,0.0,0.009543325526932156,-0.10861423220973765,-0.19042030990397318,0.05617977528089879,-0.2800092763780182,0.20349563046192265,-0.24763085787200478,2016-22,> 1%
LGBBROSLTD,2019-05-28,738886400.0,pledge created,2019-05-28,Micro,1210.6109248554915,False,-0.1108123186642671,-0.08594797532850618,0.01792215642340317,-0.0843389648699383,0.18268635504693803,-0.28546527219093587,-0.029249055974719607,-0.4072137302225797,-0.03837366418184951,2016-22,> 1%
LGBBROSLTD,2020-05-20,124722000.0,pledge created,2020-05-20,Micro,612.8807514450867,False,-0.023963136747711555,0.14745098039215687,-0.15381545896488147,0.3856209150326797,-0.05352515211770914,0.3691503267973857,-0.09179573007531394,0.6669281045751634,-0.6238704686764034,2016-22,> 1%
LIBERTSHOE,2018-12-05,1335550.0,pledge created,2018-12-05,Micro,273.9217194570136,False,-0.03657509617011229,0.07204335352247382,0.048580972949225365,-0.07395600892572518,-0.06630054167357596,-0.14281160344277977,-0.05619743021443335,-0.11189034109021345,0.17910449375917298,2016-22,< 0.05% of mcap
LLOYDSME,2024-02-17,14903344362.0,pledge created,2024-02-19,Mid,32448.652760084922,False,-0.1449956462647971,0.0032162726008342357,0.06794487772065505,0.22140125173852554,0.17245657587856167,0.35370305980528505,0.20086559267682713,1.0750173852573015,1.08469314948284,2023-26,> 1%
LLOYDSME,2024-06-06,2024892978.0,pledge created,2024-06-06,Mid,39481.63619957537,True,0.07357034508578153,0.07474518686296716,0.01117228788620428,0.07566534541336356,-0.009389941126071721,0.5930067950169875,0.5558470657933088,1.1048980747451869,1.0962182376016205,2023-26,0.2-1%
LOKESHMACH,2019-12-30,16347850.0,pledge created,2019-12-30,Micro,72.53060109289618,False,-0.013331448261948209,0.0029940119760478723,-0.05877577139533918,-0.5299401197604791,-0.13046922028957963,-0.1751497005988023,-0.0917268568789179,0.019461077844311392,-0.2575327597907693,2016-22,> 1%
LOKESHMACH,2021-09-20,23060000.0,pledge created,2021-09-20,Micro,119.20437158469944,False,0.018570703776183084,-0.06703397612488526,-0.09598552829625162,0.07988980716253424,0.06436065524225487,0.4811753902662994,0.40502596497894316,1.0385674931129474,0.8994743558580454,2016-22,> 1%
LOKESHMACH,2022-05-18,69823479.0,pledge created,2022-05-18,Micro,175.19098360655738,False,0.12298178980710939,-0.11545862732520851,-0.03169994242259766,0.10840282232200127,0.06492456145243608,0.37267479153303396,0.30045063559847085,0.9698524695317512,0.8763457245537902,2016-22,> 1%
LOKESHMACH,2022-11-29,20140000.0,pledge created,2022-11-29,Micro,223.28907103825136,False,0.14450852331841357,0.01978239366963397,0.046629609823763296,0.0801186943620178,0.19363572703701232,0.5143422354104847,0.5073160343332819,2.0420375865479725,1.7107122853431533,2016-22,0.2-1%
LOKESHMACH,2023-04-06,22520000.0,pledge created,2023-04-06,Micro,254.8431693989071,False,0.16196375420974352,0.2894295302013421,0.22250225685454106,0.6170302013422819,0.4557872032094463,0.9681208053691275,0.6144584350453297,2.6052852348993287,2.038491781969175,2023-26,0.2-1%
LOKESHMACH,2023-08-30,62790000.0,pledge created,2023-08-30,Micro,397.49398907103824,False,0.03602979429713371,0.1400383666758016,0.13271430910664594,0.6801863524253222,0.5803637307991445,0.8109070978350232,0.566018501236189,1.270759112085503,0.8129848421565371,2023-26,> 1%
LOKESHMACH,2023-12-06,80861250.0,pledge created,2023-12-06,Micro,673.9210382513661,False,0.5767195767195767,0.2563528847690586,0.2033930423355319,-0.025571360076714122,-0.07820293902408249,0.2873581588620744,0.1916877678006217,0.1810771935432316,-0.11737650527947086,2023-26,> 1%
LOKESHMACH,2024-06-01,33204000.0,pledge created,2024-06-03,Micro,926.1346994535519,False,0.2391917911782674,0.0691072095629437,-0.11155185200132833,-0.12277424978209439,-0.3655281422251603,-0.09139584111567667,-0.31391974620362373,-0.5828663927281783,-0.6857383635246774,2023-26,0.2-1%
LOKESHMACH,2025-03-26,15872000.0,pledge created,2025-03-26,Micro,372.46983606557376,False,-0.26791907245297064,-0.00342177932524923,-0.0329407297625669,0.09665025813422967,-0.07723217361121881,0.13014767679193162,0.028494905108444657,0.29691439548565235,0.42604196474391864,2023-26,0.2-1%
LOTUSEYE,2022-04-18,31500000.0,pledge created,2022-04-18,Micro,116.6896551724138,False,0.14609762378106972,-0.13553431798436133,-0.00449401412278716,-0.13640312771503027,0.004295644711787561,0.2224152910512598,0.28087577824284776,0.07471763683753263,0.16090286310318785,2016-22,> 1%
LTFOODS,2018-02-28,1192298354.6,pledge created,2018-02-28,Small,3247.8547500000004,True,0.37406277375299424,-0.0520107238605898,-0.012708664503263745,-0.32707774798927614,-0.2298333291544341,-0.4016085790884719,-0.27574490393585344,-0.6053619302949063,-0.36139831078384144,2016-22,> 1%
LTFOODS,2020-03-11,82214600.0,pledge created,2020-03-11,Micro,696.83775,False,0.04464918586905786,0.485981308411215,0.5050028272643743,1.4984423676012462,1.3529878221467007,2.339563862928349,1.9474070001832509,2.781931464174455,1.865240325491539,2016-22,> 1%
MAGNUM,2024-09-27,396317780.0,pledge created,2024-09-27,Micro,322.34784946236556,False,-0.11916956076836438,0.010318142734307756,0.07249878541853183,-0.15670679277730026,-0.10870584926981108,-0.42583834909716256,-0.16904379907923506,-0.45055889939810845,-0.26269312354189245,2023-26,> 1%
MAGNUM,2025-01-17,396317780.0,pledge created,2025-01-17,Micro,259.8720430107527,False,-0.1505425224073474,-0.19251896416426884,-0.018542430719689862,-0.2019356526288254,-0.06840322942063426,-0.36201935652628814,-0.3027539141222816,-0.46900340047083433,-0.20333175867978948,2023-26,> 1%
MAGNUM,2025-08-06,195287022.0,pledge created,2025-08-06,Micro,161.7543010752688,False,-0.14493157902893372,0.07367972742759799,0.06798804850725526,0.04429301533219765,0.0745115183540479,-0.021720613287904644,0.08625420308145526,-0.1788756388415672,-0.06770211129238496,2023-26,> 1%
MANGALAM,2017-10-11,91906274.0,pledge created,2017-10-11,Micro,232.7100977198697,False,-0.12695716188740103,-0.015808947191389144,-0.03178671725043758,0.37605112680793806,0.12572812939191735,0.13790783720147992,0.09370653861090561,-0.47225025227043393,-0.21039052342318448,2016-22,> 1%
MANGALAM,2018-03-29,95009846.7,pledge created,2018-04-02,Micro,279.0938110749186,False,0.07645727600487628,-0.03462321792260681,-0.042254384145385626,-0.4437009019493745,-0.2730847882052987,-0.5952865871399476,-0.32034379858463735,-0.6770439336630782,-0.37671783931297753,2016-22,> 1%
MANGALAM,2019-02-01,39540673.0,pledge created,2019-02-01,Micro,100.6827361563518,False,-0.11972260843026228,-0.1757624398073836,-0.22541669495960348,-0.2215088282504013,-0.19212306967074744,-0.449438202247191,-0.23404564026371993,-0.5080256821829856,-0.3089690784094007,2016-22,> 1%
MANGALAM,2020-02-26,149525000.0,pledge created,2020-02-26,Micro,45.592182410423455,False,0.07047833659629915,0.03571428571428581,0.410690542520668,1.1303571428571426,1.3089444342103915,3.9839285714285717,3.942920765422629,3.253571428571428,2.8068764343743724,2016-22,> 1%
MANGALAM,2020-09-01,389550000.0,pledge created,2020-09-01,Micro,220.91628664495116,False,1.2911069311788985,0.046757164404223284,0.08741626990390228,0.11048265460030171,0.03483599769449408,-0.11387631975867263,-0.4540460817907356,0.11651583710407243,-0.7438048041784926,2016-22,> 1%
MANGALAM,2021-08-03,97901900.0,pledge created,2021-08-03,Micro,299.9902280130293,False,-0.09134466290392607,-0.1741843971631205,-0.10283526550087385,-0.23687943262411348,-0.20334969076103826,-0.2465248226950354,-0.3542483999308077,-0.15460992907801419,-0.1666675428154889,2016-22,> 1%
MANGALAM,2023-01-17,6699260.0,pledge created,2023-01-17,Micro,199.14918566775245,False,-0.13741727058683595,-0.08232931726907633,-0.009641299996676178,-0.09638554216867468,-0.020097330190610885,-0.15020080321285145,-0.23159155785528518,-0.18714859437750997,-0.6599427120245689,2023-26,0.2-1%
MANGALAM,2023-10-18,1043700.0,pledge created,2023-10-18,Micro,168.83355048859937,False,-0.23670670701853935,-0.12511373976342133,-0.12344847047246005,-0.07870791628753415,-0.22400275090275712,-0.07415832575068249,-0.22350043101384032,-0.000454959053685311,-0.263858741033663,2023-26,0.05-0.2%
MANGALAM,2024-05-22,3463250.0,pledge created,2024-05-22,Micro,186.88045602605862,False,-0.14060130500857482,-0.06569793042712457,-0.11883990465617911,0.16979304271246165,0.03155491430191948,-0.0663143989431968,-0.11359221790374374,-0.2978423601937472,-0.28099620634759337,2023-26,0.05-0.2%
MANGALAM,2024-11-08,6571940.0,pledge created,2024-11-08,Micro,174.48508143322476,False,-0.03272900800535017,0.07597140762463339,0.038701478193633454,0.04747067448680342,0.16516614773783234,-0.2694281524926687,-0.13249784388854036,-0.43924120234604114,-0.25593057702598815,2023-26,0.2-1%
MANGALAM,2025-08-14,146319000.0,pledge created,2025-08-14,Micro,130.99837133550488,False,-0.08236365002498958,-0.07668673958461358,-0.10308574210677501,-0.33169472778665354,-0.2923888656331092,-0.605382819220843,-0.47511383726646783,-0.5964114538527713,-0.49180894339252024,2023-26,> 1%
MANGLMCEM,2018-03-15,3721150.0,pledge created,2018-03-15,Micro,927.1968781470291,False,0.06671446130499381,-0.04133496631965705,-0.06292107873723041,-0.23040416411512565,-0.12530862271385168,-0.23943661971830987,-0.07791642969455681,-0.14344764237599517,0.18126684746745186,2016-22,< 0.05% of mcap
MANGLMCEM,2019-01-03,176080000.0,pledge created,2019-01-03,Micro,615.2030211480362,False,0.005392446957687147,-0.09146877748460869,-0.0004129378890539437,0.15941072999120487,0.20720473392007693,0.039357959542656085,0.23447991076216823,0.3357519788918206,0.5602238098777361,2016-22,> 1%
MARICO,2022-12-23,515550000.0,pledge created,2022-12-23,Large,66537.43396946564,True,-0.004492386035763851,-0.029028835953322507,-0.03487661970265943,-0.07464557816568629,-0.0051970391504763125,0.024110328864885622,-0.06034497196211208,0.0550679911273988,-0.2392018368192984,2016-22,0.05-0.2%
MASTERTR,2024-12-20,240282000.0,pledge created,2024-12-20,Micro,2059.0529841656517,False,,-0.16027833470928177,-0.08814469765537136,-0.29195659865550194,-0.08744532046001319,-0.12230215827338131,-0.00348632653876102,-0.3071116876990212,-0.07828095371364807,2023-26,> 1%
MASTERTR,2025-06-12,432458000.0,pledge created,2025-06-12,Micro,1981.9080389768576,False,0.26550829547950183,-0.1811752925715,-0.17976494132546034,-0.08636335189936784,-0.05467832882620921,-0.2391263533387571,-0.12087334129056437,-0.4949621378058702,-0.37716101072813135,2023-26,> 1%
MASTERTR,2026-02-18,334120000.0,pledge created,2026-02-18,Micro,1058.5176613885506,False,-0.07720586227875126,-0.3264136663423073,-0.17952101097507567,-0.06746675316250406,-0.08683447940881284,-0.08141420694129098,-0.10787337684315224,,,2023-26,> 1%
MAXHEALTH,2020-08-26,3012847621.0,pledge created,2020-08-26,Mid,12043.733333333334,False,,-0.0670628183361629,-0.009695443972621176,0.05560271646859083,0.009096652171764696,0.5534804753820035,0.2679643601750765,2.191426146010187,1.6754997624110683,2016-22,> 1%
MAXHEALTH,2021-10-11,88896286117.0,pledge created,2021-10-11,Mid,33834.14924731183,True,0.14520853852297944,0.023086088769734836,0.024980028163674173,0.20077450104259764,0.2181749716536544,0.11021745606195998,0.1878851402538554,0.2496276437295204,0.356469785879555,2016-22,> 1%
MAXIND,2020-09-09,850040800.0,pledge created,2020-09-09,Micro,268.111801242236,False,,0.09339453202953507,0.1215136035819056,0.15565755338255838,-0.03103772558739859,0.2498503292755938,-0.13715114782928062,0.38275793254839363,-0.5396807822619456,2016-22,> 1%
MBLINFRA,2017-02-16,29578750.0,pledge created,2017-02-16,Micro,776.7543859649122,False,-0.4832660787087113,-0.05044510385756673,-0.048645318913543456,-0.35707220573689413,-0.40640276938451414,-0.5539070227497527,-0.6348078792168171,-0.5163204747774481,-0.8488447466221083,2016-22,0.2-1%
MEDPLUS,2024-01-02,15144300054.0,pledge created,2024-01-02,Small,8958.170916030534,True,-0.150876329948618,-0.08399492961505106,-0.12507806673435795,-0.08032557208619662,-0.10193113293512446,-0.10447661618520254,-0.29545086237439566,0.1332310360931348,0.014205667030189773,2023-26,> 1%
MEDPLUS,2025-01-03,2040793586.0,pledge created,2025-01-03,Micro,9992.891603053435,True,0.30059443971089417,-0.0606396746163802,0.027921709915799342,-0.13563813397424052,0.11333370833380102,0.053860849201947225,0.13939280490077643,0.0077032106982191095,0.23768684777997728,2023-26,> 1%
MENONBE,2020-02-21,157800000.0,pledge created,2020-02-24,Micro,296.77043918918923,False,-0.06053203978423305,-0.3728323699421966,0.008329601888789284,-0.338150289017341,-0.12029314616019815,-0.12716763005780352,-0.20015663253150184,0.09730250481695579,-0.280012309997859,2016-22,> 1%
MFSL,2016-01-13,5524794000.0,pledge created,2016-01-13,Mid,11219.981220892198,True,-0.06902752332314371,-0.024677442045077713,0.06461617539578807,0.06802707075173098,0.06449268669657293,0.6584630012962611,0.586803130155047,0.6661636956499892,0.542037660278482,2016-22,> 1%
MFSL,2020-07-28,11039226643.0,pledge created,2020-07-28,Mid,19645.810487982522,True,0.07277512480355885,0.07309265516628138,-0.025303728637971368,0.028988084652320945,-0.03991031994761429,0.21305353014405126,-0.07811872838214806,0.962030944335764,0.32624319418065917,2016-22,> 1%
MONEYBOXX,2026-03-06,140400000.0,pledge created,2026-03-06,Micro,479.04627151051625,False,0.1098078548723107,0.08171148417768537,0.018426308298288507,0.02733620561580752,-0.07350416533687165,-0.44807606596345273,-0.5600090048194685,,,2023-26,> 1%
MOTHERSON,2018-02-24,372780000.0,pledge created,2018-02-26,Large,102115.53570552147,True,-0.054508974512813,-0.011655492521918664,0.01766691420433414,-0.052088705518308354,-0.018731402343114434,-0.05301701908200107,-0.04864470759687772,-0.22846828261990726,-0.1146862591440519,2016-22,< 0.05% of mcap
MOTHERSON,2018-05-29,1520375000.0,pledge created,2018-05-29,Large,99078.4471165644,True,0.018613761936163264,-0.09846519671422393,-0.04933574621775494,-0.006052745352356226,-0.026535244132979585,-0.1970384781668827,-0.1353345541844055,-0.4281236489407696,-0.35871015530098876,2016-22,0.05-0.2%
MOTHERSON,2019-12-02,15291248387.0,pledge created,2019-12-02,Large,62139.46306748466,True,0.2388282483017069,0.14084989718985597,0.12473768141483277,-0.22960932145305002,-0.13236059398295996,-0.24417409184372862,-0.06070558315249297,0.19191226867717615,0.10700848239909122,2016-22,> 1%
MOTHERSON,2021-06-10,2520500000.0,pledge created,2021-06-10,Large,115220.20515337423,True,0.00817438574193552,-0.02492412397682342,-0.01294920175882458,-0.12829945737147064,-0.181702182951342,-0.09381035592752696,-0.13309130597003338,-0.520279591649039,-0.41920559587736883,2016-22,0.2-1%
MOTHERSON,2022-02-01,14735400000.0,pledge created,2022-02-01,Large,84534.05055214724,True,-0.17172182020165283,-0.25682458073203573,-0.1648386936352615,-0.3561023381074795,-0.25804513238387417,-0.29244705594319986,-0.2314896307568623,-0.358550618190721,-0.26813519778119177,2016-22,> 1%
MOTILALOFS,2017-03-31,7123500.0,pledge created,2017-03-31,Mid,10930.346881287725,False,0.22873262404383077,0.2648806366047747,0.24055542667519159,0.4829708222811673,0.4437908151386222,0.8847745358090184,0.812315380700506,0.36053050397877984,0.21512723380108845,2016-22,< 0.05% of mcap
MRF,2020-10-06,23828800.0,pledge created,2020-10-06,Mid,25530.518223978288,True,-0.16402088557460748,0.13146352571549258,0.1322075819847479,0.2995069437110571,0.08205937810325603,0.35125310222832407,0.002392322600360819,0.4127927315450417,-0.27100845142039276,2016-22,< 0.05% of mcap
MRF,2021-01-19,60347000.0,pledge created,2021-01-19,Large,36937.13384019795,True,0.2113008297348884,-0.053301676487809035,-0.06598507369138051,-0.16191294725589944,-0.14840916522632014,-0.13951322228369767,-0.22819867654951353,-0.24031520764061598,-0.3540651930169131,2016-22,< 0.05% of mcap
MSPL,2024-06-13,989717290.0,pledge created,2024-06-13,Micro,1520.7448484848487,False,-0.18409372946254732,0.01097293343087058,-0.03400873416778638,0.8065106071689832,0.6952065366955155,0.7212874908558888,0.6177732030355895,-0.01024140453547917,0.05172411341761368,2023-26,> 1%
MUKANDLTD,2016-10-01,870774115.0,pledge created,2016-10-03,Micro,912.1,False,0.453454289301078,-0.02033132530120496,-0.03888107235010896,0.0655120481927709,0.07489343132670734,0.20105421686746983,0.06664146950175409,0.44653614457831314,0.124614908646973,2016-22,> 1%
MUKANDLTD,2017-10-04,69000000.0,pledge created,2017-10-04,Micro,1301.5522222222223,False,0.3785547800136543,0.04681545998911285,-0.0462077958248408,-0.025040827436036972,-0.28988002322474404,-0.2776265650517148,-0.35434958195678623,-0.39902014153511156,-0.1393302190544914,2016-22,0.2-1%
MWL,2024-01-25,180000000.0,pledge created,2024-01-25,Micro,377.1290322580645,False,-0.14466678577809544,0.014423076923076872,0.021845145206105032,0.3766025641025641,0.39310810524852025,0.08173076923076916,-0.03681185432643963,0.22916666666666652,0.21491054384468544,2023-26,> 1%
MWL,2026-03-24,405525000.0,pledge created,2026-03-24,Micro,746.1767281105991,False,0.11911500211554177,0.24331654397520364,0.09090490562331932,0.4637737311119723,0.3006581280687728,0.6815187911662146,0.5683572980453496,,,2023-26,> 1%
NAVINFLUOR,2023-07-12,900000.0,pledge created,2023-07-12,Mid,22031.234881746517,True,-0.17150855197816572,0.03189733765709235,-0.00788078593281194,-0.14796948749610506,-0.23635289546149074,-0.18382514165695352,-0.4370484078925102,-0.18177097157628697,-0.6312429592609948,2023-26,< 0.05% of mcap
NAVKARCORP,2019-07-11,92483470.0,pledge created,2019-07-11,Micro,380.99646643109537,False,-0.20960844229959857,0.01603206412825653,0.14228265964993347,0.35070140280561146,0.5040157824448137,0.3607214428857717,0.39181683428403863,0.10420841683366744,0.3042084168336675,2016-22,> 1%
NECLIFE,2017-05-26,120265000.0,pledge created,2017-05-26,Micro,686.8,False,-0.16207863534995437,-0.08759124087591241,-0.07937348904458075,-0.20583941605839418,-0.19842562262980518,-0.06861313868613139,-0.27194861014219296,-0.310948905109489,-0.36709045160485876,2016-22,> 1%
NECLIFE,2017-08-26,583800000.0,pledge created,2017-08-28,Micro,535.2571428571429,False,-0.19181987416178586,-0.02573529411764708,-0.032938897114488275,0.17279411764705888,-0.036332129951270886,0.14889705882352944,-0.03245007412583789,0.044117647058823595,0.06436165503501479,2016-22,> 1%
NECLIFE,2018-07-05,1204964430.0,pledge created,2018-07-05,Micro,418.68571428571425,False,-0.057620418250001415,0.027972027972028135,-0.0199672592184581,-0.002331002331002363,0.13888241246489008,-0.0582750582750583,0.05129996535428283,-0.32167832167832167,-0.033512338071764236,2016-22,> 1%
NECLIFE,2021-06-01,3088481400.0,pledge created,2021-06-01,Micro,580.9142857142856,False,0.3963323893120374,0.3207236842105263,0.22484412795062125,-0.009868421052631526,-0.1357450457850915,-0.16776315789473673,-0.34853478203910515,-0.1924342105263157,-0.39933801772703825,2016-22,> 1%
NEOGEN,2026-03-30,0.0,pledge created,2026-03-30,Micro,3341.442088091354,True,0.286649477348053,0.44486724167089475,0.2640892096342815,0.6994757314392019,0.5053315146300392,,,,,2023-26,< 0.05% of mcap
NEULANDLAB,2026-03-26,1161216000.0,pledge created,2026-03-27,Small,15466.672365339577,True,-0.0837156058300314,0.340650203708323,0.1764203399921006,0.5751226407250354,0.3737012720803595,,,,,2023-26,0.2-1%
NITCO,2024-02-27,141078365.0,pledge created,2024-02-27,Micro,1579.194097616345,False,1.1079457164078335,-0.12453392990305734,-0.06259196561734293,0.0723340790454885,0.11566342017256187,0.2788963460104401,0.12438654208887145,0.4422073079791202,0.606568095039782,2023-26,0.2-1%
NITCO,2024-09-03,80825555.0,pledge created,2024-09-03,Micro,2059.5573212258796,False,-0.039960297191842464,-0.05327298050139284,-0.017746664711919213,0.46529712163416903,0.497361153981134,0.17838904363974017,0.451997088440774,0.35468895078922946,0.5369201210953573,2023-26,0.2-1%
NRAIL,2022-03-08,125169980.0,pledge created,2022-03-08,Micro,375.35545590433486,False,-0.0920906206826489,0.24738448125544887,0.13402998390095133,0.06059285091543165,0.09227083095001792,0.6534437663469921,0.5507451156723295,-0.02484742807323459,-0.013407089439210984,2016-22,> 1%
NRBBEARING,2024-08-27,7469448.0,pledge created,2024-08-27,Micro,3133.58595505618,False,-0.21981811388818417,-0.04341670599339309,-0.02207367564238749,-0.09863142991977358,-0.024129326066797963,-0.3275129778197263,-0.07684382126821676,-0.08337266005977662,0.10719335989914708,2023-26,< 0.05% of mcap
NRBBEARING,2025-02-17,11508532193.0,pledge created,2025-02-17,Micro,2124.4568352059923,False,-0.044230129494769566,0.02176648799813563,0.0011888848877248392,0.2690281985551153,0.16632277443849497,0.37310650198089035,0.27918290414178526,0.2719645770216732,0.3553736679307642,2023-26,> 1%
NRBBEARING,2025-11-26,0.0,pledge created,2025-11-26,Micro,2786.864513108614,False,0.031458157540064424,-0.0491516529648417,-0.007419780247053476,-0.0418051425572854,0.0696044938389172,0.29998250830855344,0.38409465784126384,,,2023-26,< 0.05% of mcap
NSIL,2019-10-19,499750094.0,pledge created,2019-10-22,Micro,429.939143501127,False,-0.09897371629189056,-0.01826763930607489,-0.019974488036606286,-0.04272665971924239,-0.14167275942429836,-0.24600012260160609,-0.0016417383364082938,-0.04597560228038988,-0.06741693640784674,2016-22,> 1%
NSIL,2022-05-31,919054906.0,pledge created,2022-05-31,Micro,723.7531930879038,False,-0.03387914814423326,-0.07241121893995939,-0.007447172324536622,0.056059151825388565,-0.019258081084967404,0.691301411254488,0.6000707279552886,0.5693363193629803,0.4419606947267243,2016-22,> 1%
NYKAA,2021-11-12,44803768440.0,pledge created,2021-11-12,Large,112341.05968750002,False,,-0.06724854093275145,-0.00980399081125033,-0.3362427046637573,-0.24644355190237016,-0.35866764814133234,-0.21368268188584993,-0.49419002050580996,-0.4115792642240856,2016-22,> 1%
OLECTRA,2018-12-20,2048000000.0,pledge created,2018-12-20,Micro,1696.3887566137566,False,-0.07377586048827389,0.18693918245264207,0.22525848578412416,0.32427716849451627,0.404321028143639,-0.06555333998005985,0.09850701667288941,-0.13434695912263206,0.13432508938775695,2016-22,> 1%
OLECTRA,2019-04-10,454670000.0,pledge created,2019-04-10,Micro,1932.807804232804,False,0.06802322703813535,-0.1370212765957446,-0.03227195282396372,-0.18319148936170215,-0.018240004504307183,-0.22851063829787233,0.03387869317712727,-0.6906382978723404,-0.23197163120567377,2016-22,> 1%
OLECTRA,2019-09-11,121422100.0,pledge created,2019-09-11,Micro,1617.992857142857,False,0.1341570521481451,0.001910480349345045,0.08274184318929412,-0.027838427947598277,0.05363490981100333,-0.6299126637554585,-0.31082869428980964,-0.6023471615720524,-0.5910691341649928,2016-22,0.2-1%
OLECTRA,2020-07-14,713776417.0,pledge created,2020-07-14,Micro,520.0398148148148,False,-0.28221274177575895,0.09191759112519815,0.018584091323504914,-0.034072900158478636,-0.09874140004443044,1.2440570522979395,0.7668265500521249,2.873217115689382,1.6358570909723467,2016-22,> 1%
OMAXE,2017-06-29,109000000.0,pledge created,2017-06-29,Small,3726.600909090909,True,0.1620713480301914,0.01111934766493694,-0.011405299100210708,-0.027674820854954207,-0.032071095297717456,0.13170249567580927,-0.07835493312028252,0.06671608598962186,0.14267302378866487,2016-22,0.2-1%
OMAXE,2019-05-14,29190.0,pledge created,2019-05-14,Small,3722.0418181818186,True,-0.035910639720326265,-0.015407190022010187,-0.04752353430942269,-0.03912937148447049,0.07048536830097929,-0.11323061873318652,-0.04132620426937095,-0.1562729273661041,0.20019689660731887,2016-22,< 0.05% of mcap
OMAXE,2019-12-27,27200000.0,pledge created,2019-12-27,Small,2890.463636363637,False,-0.14488570083603047,-0.006074168797954083,-0.07031951546172466,-0.01182864450127874,0.3670289820558621,-0.2688618925831203,-0.11013538124422734,-0.475383631713555,-0.6450783299776162,2016-22,0.05-0.2%
OMAXE,2020-07-10,193300000.0,pledge created,2020-07-10,Micro,1455.2618181818182,True,-0.8989860449978979,-0.046143704680290054,-0.06927762841063545,-0.12854317732366516,-0.18669403430996856,0.0804218852999341,-0.3505545456764969,0.2076466710613052,-0.9734556911434193,2016-22,> 1%
OMAXE,2022-05-09,116558670.0,pledge created,2022-05-09,Micro,1641.2727272727275,False,0.12492313478352396,-0.022196926579396536,-0.0007189494333698643,0.16050085372794554,0.15102081925509303,-0.014797951052931135,-0.08993673400063862,-0.38531587933978373,-0.4584626579920824,2016-22,0.2-1%
OMAXE,2023-06-22,30665000.0,pledge created,2023-06-22,Micro,943.7318181818183,False,-0.24621569441336266,-0.061764705882352944,-0.10156431623581796,-0.01764705882352935,-0.15705724649108954,0.5176470588235296,0.20355309909198605,1.3219607843137253,0.8012429416002047,2023-26,0.2-1%
OMAXE,2023-10-06,32000000.0,pledge created,2023-10-06,Micro,1318.489090909091,False,0.33882028260359465,0.18459302325581395,0.16208289007689092,0.2107558139534884,0.0282614465537373,0.4861918604651163,0.29264347336834207,0.8177325581395349,0.4113162589149646,2023-26,0.2-1%
OMAXE,2024-02-02,62691170.0,pledge created,2024-02-02,Micro,1952.2027272727273,False,0.09736169273067496,-0.005679129200189426,0.023299604148723896,-0.15286322763842886,-0.07575120874124142,0.18551822053951716,0.11947398210290283,-0.08461902508282071,-0.08551222213872056,2023-26,0.2-1%
OMAXE,2026-04-24,352577990.0,pledge created,2026-04-24,Micro,1516.171272727273,False,0.17079390272519257,-0.06564077903342158,-0.05846012899562869,0.0413560952151959,0.056700543731135755,,,,,2023-26,> 1%
ORCHPHARMA,2021-07-02,11000000000.0,pledge created,2021-07-02,Small,4954.517051153461,False,-0.8041705831304962,-0.41049205437488034,-0.4254835679313823,-0.4242772353053801,-0.45276737325720917,-0.49007594613568195,-0.5171957669809998,-0.6420320377816071,-0.536091150442147,2016-22,> 1%
ORIENTCEM,2016-01-11,367000000.0,pledge created,2016-01-11,Small,2986.031932773109,False,-0.18718677004532136,-0.06785469499657304,0.09574562794030878,0.0558601782042496,0.10089433372958218,0.20424948594928027,0.18425568003070847,-0.1298834818368746,-0.2576293080030184,2016-22,> 1%
ORIENTCEM,2019-06-20,7925000.0,pledge created,2019-06-20,Small,2256.6117647058823,False,0.31307038106468393,-0.02887391722810395,0.03952087451597941,-0.08132820019249276,-0.05100249088664355,-0.33060635226179025,-0.2525366213852274,-0.3195380173243504,-0.08779824403701675,2016-22,< 0.05% of mcap
ORIENTCEM,2020-03-30,2095000.0,pledge created,2020-03-30,Micro,837.5579831932772,False,0.006958204374132415,-0.1476510067114094,-0.30171263136126925,0.5794183445190155,0.08816655916908689,0.36129753914988805,-0.2362551460982425,1.2158836689038028,0.02747126014467849,2016-22,< 0.05% of mcap
ORIENTCEM,2020-08-25,9400000.0,pledge created,2020-08-25,Micro,1436.3966386554623,False,0.22705018359853113,-0.17217146872803946,-0.042899206186005956,-0.007027406886858767,0.01843084158564634,0.2881236823612088,0.06070196222221513,1.1335207308503161,0.3848027821323674,2016-22,0.05-0.2%
ORIENTELEC,2019-05-08,8500000.0,pledge created,2019-05-08,Small,3387.8803797468354,False,0.0961774335292016,0.01391035548686248,-0.010370773766216312,-0.04173106646058733,0.08814653675461187,0.1737248840803709,0.2582871378676919,-0.018856259659969177,0.3646959849979411,2016-22,< 0.05% of mcap
ORIENTELEC,2020-03-30,705000.0,pledge created,2020-03-30,Small,3777.598734177215,True,0.38432780108175657,-0.11507128309572301,-0.211421950026763,-0.04811608961303471,-0.38355465500101493,-0.10336048879837068,-0.6005614933612297,0.5231670061099796,-0.5101450002125019,2016-22,< 0.05% of mcap
ORIENTELEC,2020-08-24,5150000.0,pledge created,2020-08-24,Small,4287.969620253164,False,-0.29032339393332096,-0.06674876847290645,-0.003979297914184277,0.1248768472906403,0.09865101441109192,0.31798029556650254,0.04903911983182463,0.6241379310344828,0.07944482814286402,2016-22,< 0.05% of mcap
ORIENTHOT,2024-12-10,3796992.0,pledge created,2024-12-10,Micro,3494.9332394366197,False,0.28574976164792,-0.14123748029894756,-0.03964096360809122,-0.28049214499974573,0.003132916344929515,-0.22421068686765977,-0.057170955474262986,-0.47445218363922925,-0.2029285457631722,2023-26,< 0.05% of mcap
ORIENTTECH,2025-09-15,1676000.0,pledge created,2025-09-15,Micro,1343.9335344827584,False,-0.03947892138739367,0.3302035395496805,0.37450304503774745,-0.07789480186552178,0.043498232960348715,-0.18584180127868533,0.0654644396501971,-0.2647249590758871,-0.12367555148339904,2023-26,< 0.05% of mcap
PAISALO,2022-03-15,1837085000.0,pledge created,2022-03-15,Micro,1391.0572643979056,False,-0.2894893424258377,0.24839743589743613,0.1717968368866989,0.2201923076923078,0.34763466569032625,0.09871794871794881,0.029967948717948723,-0.10576923076923084,-0.030809103177524277,2016-22,> 1%
PAISALO,2023-04-04,26000000.0,pledge created,2023-04-05,Micro,1225.1178010471203,False,-0.184704499263607,-0.052238805970149294,-0.11369131993662962,-0.08395522388059706,-0.25149379318929244,0.26865671641791034,-0.06605353968972594,5.119402985074626,4.501221166892808,2023-26,0.2-1%
PAISALO,2024-11-08,952380000.0,pledge created,2024-11-08,Micro,4116.944371727748,True,-0.2984331496475503,0.3095022624434389,0.272232333012439,-0.06628959276018098,0.05140588049084793,-0.24728506787330318,-0.11035475926917482,-0.2278280542986425,-0.04451742897858951,2023-26,> 1%
PARADEEP,2025-04-01,6500000000.0,pledge created,2025-04-01,Small,11499.031168831169,True,0.08357304305447621,0.27352102637206,0.2822996576150413,0.4291696364932289,0.300460501464473,0.7440306486101214,0.6689347501293601,0.07947255880256598,0.11978149272021255,2023-26,> 1%
PARADEEP,2025-09-25,4500000000.0,pledge created,2025-09-25,Small,20106.14025974026,True,0.19080152088981456,-0.062044395724856094,-0.08527923434827045,-0.09482049876678533,-0.051198044665054065,-0.36766237325294593,-0.20880286507111212,,,2023-26,> 1%
PARAGMILK,2019-03-29,2147384050.0,pledge created,2019-03-29,Small,3272.7959558823527,False,0.02691085644175284,-0.1059201815774542,-0.054747166369984335,0.03574806128239083,0.09456310039902688,-0.42557215812369975,-0.2629273704789121,-0.658785700775487,-0.21346894786923376,2016-22,> 1%
PARAGMILK,2019-08-09,876848200.0,pledge created,2019-08-09,Small,2273.0713235294115,False,-0.1437096645143432,-0.0494110887675957,-0.09607982960052153,-0.1114622234989946,-0.16517485558064648,-0.4099396725079001,-0.48420564344826156,-0.36196495259982764,-0.36043388442493596,2016-22,> 1%
PARAGMILK,2020-02-20,722580000.0,pledge created,2020-02-20,Micro,1304.7253676470589,False,-0.243189471279872,-0.4404641775983854,-0.031172504115643762,-0.1009081735620585,0.14211481017839644,0.18516649848637745,0.1111914539230976,0.08779011099899092,-0.28338500523502197,2016-22,> 1%
PATANJALI,2021-03-03,285000000.0,pledge created,2021-03-03,Mid,27048.040550964186,False,-0.23485108453466752,-0.05138018076703854,-0.016694438737538453,0.6992508753358846,0.6455842966410861,0.41670059441413576,0.28531376351421356,0.08997638628776161,0.025831086859765096,2016-22,0.05-0.2%
PATELENG,2021-07-01,442522129.0,pledge created,2021-07-01,Micro,1582.3515151515153,False,0.1293276784595837,-0.16243025418474888,-0.24251934104443718,0.2827030378177311,0.24309330958108966,0.61128332300062,0.4725456704487254,0.13081215127092372,0.09892065566975083,2016-22,> 1%
PATELENG,2023-01-17,70395000.0,pledge created,2023-01-17,Micro,1539.6121212121213,False,-0.19269893689776485,-0.13944480309877338,-0.06675678582637323,0.23757262750161412,0.3138608394796779,1.7533892834086506,1.671998528766217,2.7417688831504194,2.2689747655033603,2023-26,0.2-1%
PATELENG,2024-02-23,30579000.0,pledge created,2024-02-23,Micro,6792.5818181818195,True,0.21474480829053322,-0.22273619287917013,-0.09500395244201165,-0.19035604149144947,-0.11503091099022694,-0.22539949537426418,-0.34731045085200307,-0.4118306700308383,-0.22905308909993155,2023-26,< 0.05% of mcap
PATELENG,2025-06-27,1170000000.0,pledge created,2025-06-27,Micro,3935.0060606060615,True,-0.15380978448036942,-0.06502016129032251,-0.034010430704148,-0.10030241935483863,-0.03256828666340161,-0.27620967741935487,-0.14801888181659728,-0.2026209677419355,-0.053678938713978164,2023-26,> 1%
PATELENG,2026-03-31,39000000.0,pledge created,2026-04-01,Micro,2388.436363636364,True,-0.0060047423173699155,0.18860188601886008,0.01242951593014019,0.37187371873718744,0.20520705207052092,,,,,2023-26,0.05-0.2%
PENIND,2023-09-20,0.0,pledge created,2023-09-20,Micro,1473.785597826087,True,0.2184851351245709,-0.054642381163927056,-0.03934226111590783,0.0435362061306086,-0.07982662572779864,0.10217681030653036,-0.020244656704111463,0.5389604620168815,0.10791901865045983,2023-26,< 0.05% of mcap
PENINLAND,2020-02-20,0.0,pledge created,2020-02-20,Micro,136.93999999999997,False,-0.054182344059817034,-0.40697674418604657,0.0023149292966950785,-0.3023255813953488,-0.059302597654893874,0.15116279069767447,0.07718774613439461,0.32558139534883734,-0.04559372088517555,2016-22,< 0.05% of mcap
PFOCUS,2016-01-13,0.0,pledge created,2016-01-13,Small,4060.0079113924053,False,-0.022301112558400837,0.03384912959381037,0.1443002081582201,0.027079303675048294,0.04399930219025783,0.2582205029013538,0.1850778366339898,0.6054158607350095,0.44551281230077733,2016-22,< 0.05% of mcap
PFOCUS,2017-06-30,0.0,pledge created,2017-06-30,Mid,8303.144778481013,False,0.2970332170995267,0.0351526364477337,0.018638329682615584,-0.15402405180388523,-0.16734841167368775,0.15957446808510634,-0.04150307732841829,-0.23959296947271036,-0.2528265146117572,2016-22,< 0.05% of mcap
PFOCUS,2021-03-30,89957521.0,pledge created,2021-03-30,Small,4562.6384493670885,False,0.08668167320967757,0.1353711790393013,0.12688880532313518,0.02358078602620095,-0.16360745145341615,0.3379912663755458,0.04215757619876592,0.5606986899563318,0.28016235389184707,2016-22,0.05-0.2%
PFOCUS,2024-05-24,2070965000.0,pledge created,2024-05-24,Micro,7730.379746835443,False,-0.16719053469537837,0.2795339412360689,0.21003483569045178,0.5394123606889563,0.3756141411043865,0.2539007092198582,0.16492015530117832,0.08328267477203655,0.09202722930651697,2023-26,> 1%
PFOCUS,2025-04-02,3881895955.0,pledge created,2025-04-02,Micro,7130.340189873418,False,-0.09659573322252601,0.04804232804232811,0.0839461681921877,0.7140740740740739,0.5921003169127359,0.948042328042328,0.8848531142076514,2.571957671957672,2.685227627229937,2023-26,> 1%
PIONEEREMB,2018-12-05,10152837.0,pledge created,2018-12-05,Micro,84.11641791044775,False,-0.010797304239405003,-0.029197080291970656,-0.05265946086521911,-0.03284671532846706,-0.02519124807631784,-0.14598540145985406,-0.059371228231507645,0.08759124087591252,0.37858607572529895,2016-22,> 1%
PITTIENG,2018-06-29,157701383.0,pledge created,2018-06-29,Micro,312.6148245614035,False,0.11208945746149346,0.02960725075528714,0.005169395110651842,-0.2416918429003021,-0.11945058785726664,-0.19033232628398788,-0.0844713944029592,-0.43202416918429,-0.15224048496337939,2016-22,> 1%
PITTIENG,2020-06-30,73870971.0,pledge created,2020-06-30,Micro,117.86500000000001,False,-0.13832296453433335,-0.09446254071661231,-0.060564235631866525,-0.0016286644951140072,-0.06766640034417049,0.8517915309446256,0.5036663857177173,3.486970684039088,2.4292820077628874,2016-22,> 1%
PRAXIS,2018-02-15,7621400.0,pledge created,2018-02-15,Micro,1441.331890660592,False,,-0.09627810803825265,0.0002578396741657052,0.23701214784181968,0.37490400193807893,-0.007624709227190385,0.20497683624536756,-0.10532437322305499,0.3131268434997059,2016-22,0.05-0.2%
PRAXIS,2021-08-02,393623336.0,pledge created,2021-08-02,Micro,360.56674259681097,False,-0.14220548194696625,0.04152249134948094,0.13171576264511442,0.46070192782995556,0.5247229746313956,1.7380128521997036,1.6508916400784914,0.23183391003460208,0.24032647903672522,2016-22,> 1%
PRAXIS,2022-10-21,126714549.0,pledge created,2022-10-21,Micro,439.3004555808656,False,-0.20755435056582383,-0.08071936428272686,-0.062195727225921704,-0.11794228356336267,-0.11794228356336267,-0.4086156419907988,-0.3700746353514974,0.3048933500627353,0.05570820070444282,2016-22,> 1%
PRAXIS,2023-05-17,471289780.0,pledge created,2023-05-17,Micro,271.54715261958995,False,-0.25062455251134486,-0.08096885813148791,-0.14364757385795468,0.37577854671280275,0.2326085779953888,0.8782006920415226,0.5964770155922718,0.1570934256055363,-0.3399278509902086,2023-26,> 1%
PRAXIS,2024-07-26,298818907.0,pledge created,2024-07-26,Micro,250.9753986332574,False,-0.40664354603170927,0.018452803406671325,0.006759949619543848,0.6515259048970901,0.7312631953157432,0.2093683463449254,0.36702250410647147,-0.198722498225692,-0.06080047118984011,2023-26,> 1%
QUICKHEAL,2024-06-20,4772417537.0,pledge created,2024-06-20,Micro,2939.6430555555553,False,-0.18971840998638445,0.09590071455434379,0.10125217746176884,0.253854832643851,0.18734204470573035,0.17318540804813853,0.14766606396194715,-0.3339601353892441,-0.27663183337835934,2023-26,> 1%
QUICKHEAL,2024-11-28,783000000.0,pledge created,2024-11-28,Micro,3293.979861111111,True,-0.015770698641728864,0.05398457583547556,0.06608360170877703,-0.4883515424164524,-0.2639940433754091,-0.43484897172236503,-0.3074493728809003,-0.5302859897172236,-0.320650800329896,2023-26,> 1%
QUICKHEAL,2025-06-25,970917500.0,pledge created,2025-06-25,Micro,1929.9184027777778,True,0.04621086955968001,-0.09062676453980789,-0.07773393617558544,-0.11533032185206094,-0.07959016247026918,-0.23997741389045735,-0.1188163550221637,-0.514059853190288,-0.3957296236502189,2023-26,> 1%
RAJSREESUG,2016-04-27,33040000.0,pledge created,2016-04-27,Micro,149.24584775086507,False,0.6018485131554678,0.13849765258215951,0.15586134110665062,0.6971830985915493,0.5944731621579593,0.49178403755868527,0.19901127204935753,0.4577464788732395,0.005582469761622022,2016-22,> 1%
RAJSREESUG,2016-11-14,894398.0,pledge created,2016-11-15,Micro,176.33667820069206,False,-0.09747804748248245,-0.0028169014084507005,-0.0510308284148161,0.13427230046948346,0.022258058478386245,0.1530516431924882,-0.09845757630179963,0.26572769953051645,-0.19942882736547107,2016-22,0.05-0.2%
RAMCOCEM,2016-12-27,110000000.0,pledge created,2016-12-27,Mid,12256.313297872342,True,-0.07466828748304272,0.25979087452471483,0.17504336697135614,0.2641634980988594,0.08632159258854011,0.3249049429657793,0.10013950922806403,0.4743346007604563,0.00761250198463681,2016-22,0.05-0.2%
RAMCOCEM,2017-09-08,0.0,pledge created,2017-09-08,Mid,17151.02978723404,True,0.04944851692947938,-0.06317640692640702,-0.059071244282529356,-0.05106872294372289,-0.15513188439601888,0.015963203463203346,-0.036471519961104426,-0.11884469696969702,-0.14774487022531846,2016-22,< 0.05% of mcap
RAMCOCEM,2018-09-18,200000000.0,pledge created,2018-09-18,Mid,15192.906560283687,True,-0.10728059575491639,-0.12384891524894648,-0.00906536510578404,-0.02910878726393018,0.03246708840881163,0.10909942250663329,0.1597690052828436,0.14679257062587792,0.25568377915270823,2016-22,0.05-0.2%
RAMCOCEM,2019-01-22,4240100000.0,pledge created,2019-01-22,Mid,14247.564893617022,True,0.005206338803895316,0.06889092270571595,0.11542816475662782,0.30435144354771615,0.2751527205326548,0.24835676844995414,0.2954486548480892,0.27098760296197666,0.23184504778875759,2016-22,> 1%
RAMCOCEM,2020-09-22,450000000.0,pledge created,2020-09-22,Mid,16728.643085106385,True,0.055090644326847626,0.08293053445656673,0.05365996585451549,0.09059522165446765,-0.09471885957304993,0.31128297196519816,0.003099376851760094,0.3705979837039084,-0.2970330120904834,2016-22,0.2-1%
RAMCOCEM,2021-07-15,1985400000.0,pledge created,2021-07-15,Mid,26357.16684397163,True,-0.09975847632875179,-0.13481349911190055,-0.11582087818075881,-0.1265985790408526,-0.19639188754917958,-0.13734458259325044,-0.1846429259090353,-0.4024422735346359,-0.33698468113087987,2016-22,0.2-1%
RAMCOCEM,2022-02-09,2800173000.0,pledge created,2022-02-09,Mid,21062.543617021278,True,-0.1132169360154116,-0.18372732887865684,-0.12685700764374636,-0.21539670952889,-0.09658749528471172,,,-0.18754562299960698,-0.15521683504431355,2016-22,> 1%
RAMCOIND,2016-05-04,347400000.0,pledge created,2016-05-04,Micro,979.1839285714285,False,0.15980129711662255,0.002203613926839987,0.010883376375446674,0.11370647862494487,0.035349925248425285,1.113706478624945,0.860694430432174,1.1877479065667695,0.7354866000341063,2016-22,> 1%
RAMCOIND,2016-12-27,40000000.0,pledge created,2016-12-27,Small,1602.300974025974,False,0.11934228699141086,0.07509254362771034,-0.017699438851564775,0.23056583818085663,0.06231756050056658,0.3003701745108409,0.022468775315323097,0.5013220518244315,0.03411699015830538,2016-22,0.2-1%
RAMCOIND,2017-09-07,150000000.0,pledge created,2017-09-07,Small,2451.185064935065,False,0.16771893860430998,-0.023251622206200362,-0.03318730333899644,0.012977649603460817,-0.053168914513998855,-0.09462869502523419,-0.13000901472240267,-0.15951694304253772,-0.040860947885929866,2016-22,0.2-1%
RAMCOIND,2023-01-07,48700000.0,pledge created,2023-01-09,Micro,1369.653409090909,False,-0.15412363616903157,-0.08875552747946946,-0.03667015062067869,-0.1677195198989262,-0.08539599458897562,0.11118130132659498,0.03407614419524929,0.469046114971573,-0.0009952073424768226,2023-26,0.2-1%
RAMCOIND,2024-03-06,308910000.0,pledge created,2024-03-06,Micro,1825.4878246753246,False,-0.07453315401000504,0.03835553514010126,0.0342064773757349,0.15195222783647222,0.12785849837392482,0.10399632521819013,-0.0787391007907785,0.03702342673403769,0.17945053758948204,2023-26,> 1%
RAMCOIND,2024-07-19,205700000.0,pledge created,2024-07-19,Micro,2071.0363636363636,False,0.008137326060561278,-0.020902731512325134,-0.05873875677360041,0.00978514323784152,-0.004155047997151273,0.061167554963357684,0.10167261316969867,0.1946202531645569,0.26445804589391586,2023-26,0.2-1%
RAMCOIND,2026-03-26,91800000.0,pledge created,2026-03-27,Micro,2061.575649350649,False,-0.004679587858610446,0.13815226689478188,-0.12098696048400992,0.4375534644995722,0.15643405900326868,,,,,2023-26,0.2-1%
RAMCOSYS,2016-07-22,107647500.0,pledge created,2016-07-22,Small,2451.2367567567567,False,-0.24273000215366236,-0.1854346620175925,-0.1934407927305688,-0.2671368571202156,-0.3409309927015336,-0.3718202710198907,-0.4258389726247992,-0.31555590775814246,-0.5663232942165152,2016-22,0.2-1%
RELIGARE,2016-02-18,372460000.0,pledge created,2016-02-18,Mid,9981.117248908296,False,0.1993405334919333,-0.0008426019548365415,-0.057563905482042044,-0.04735422986181337,-0.14912753317613037,-0.12942366026289176,-0.3397691872862968,-0.22632288506909326,-0.5552938489421197,2016-22,0.2-1%
RELTD,2025-01-02,864150000.0,pledge created,2025-01-02,Micro,2560.4078000000004,False,-0.04208848077748606,-0.04903758020164972,0.060728157382589076,-0.05560647723800782,0.19072601400872358,-0.02146348915368146,0.10374845145156952,0.06408493736633081,0.3135649324721671,2023-26,> 1%
RENUKA,2016-07-29,1710291430.0,pledge created,2016-07-29,Small,3875.8333333333335,False,0.20229070282252448,-0.05555555555555558,-0.07215892329564821,-0.15555555555555556,-0.21791061411417145,-0.1499999999999999,-0.21882884605426156,0.07222222222222219,-0.17688552078274156,2016-22,> 1%
RENUKA,2018-03-10,481843884.0,pledge created,2018-03-12,Small,3281.1849315068494,False,-0.07591586836681952,0.012944983818770295,-0.005013246719528852,0.0453074433656957,0.10284586462768469,-0.16504854368932032,-0.050360723642606076,-0.28478964401294493,-0.07719190517245161,2016-22,> 1%
RESPONIND,2026-03-31,643004000.0,pledge created,2026-04-01,Micro,3445.523212121212,False,-0.12096893071227777,0.23709751964258197,0.06092514955386208,0.6332614389154214,0.4665947722487549,,,,,2023-26,> 1%
RKFORGE,2020-09-22,1030687500.0,pledge created,2020-09-22,Micro,1018.6677065527065,False,0.46845068171706017,0.22690265486725658,0.21201283950096705,0.6778761061946903,0.4411788584882681,0.8092035398230089,0.4765917072111763,2.761592920353982,1.7563019150629766,2016-22,> 1%
RPOWER,2016-01-28,2389625000.0,pledge created,2016-01-28,Large,20801.96192893401,True,0.11906726688103508,-0.12228796844181467,-0.04995868388010788,-0.027613412228796985,-0.03818759661642612,0.009861932938856066,-0.14125022376159246,-0.08284023668639062,-0.280433156163456,2016-22,> 1%
RPOWER,2016-07-05,7843500000.0,pledge created,2016-07-05,Mid,22186.005076142133,True,-0.05485972716143461,-0.021616541353383534,-0.04912571663720078,-0.09680451127819556,-0.2068772861443925,-0.17669172932330834,-0.22428359967203282,-0.17669172932330834,-0.41469099350734595,2016-22,> 1%
RPOWER,2017-03-18,7832000000.0,pledge created,2017-03-20,Mid,19893.03807106599,True,-0.002048080581375178,-0.014598540145985495,-0.07055987759446336,-0.15119916579770598,-0.22641054683449813,-0.06569343065693445,-0.189049676312113,-0.23044838373305532,-0.36051663836226444,2016-22,> 1%
RPOWER,2019-02-01,7101355000.0,pledge created,2019-02-01,Mid,10907.086294416244,True,-0.12417873984262395,-0.27616279069767447,-0.30218947439789856,-0.6424418604651163,-0.6444007783889849,-0.7906976744186046,-0.7385575546910321,-0.8982558139534884,-0.9988215096316965,2016-22,> 1%
RPOWER,2019-06-14,842750000.0,pledge created,2019-06-14,Small,2230.9949238578683,False,-0.5127121525785839,-0.2547169811320754,-0.2171095996494155,-0.41509433962264153,-0.32528147801413093,-0.37735849056603776,-0.28388217531435456,-0.2924528301886792,-0.0583473595134697,2016-22,> 1%
RPOWER,2019-10-18,7776407.0,pledge created,2019-10-18,Micro,950.238578680203,False,-0.3823999060750836,0.32727272727272716,0.32727272727272716,-0.19999999999999996,-0.29921785462953654,-0.2909090909090909,-0.049663954722320436,0.0,-0.01660289360024958,2016-22,0.05-0.2%
RPOWER,2020-05-23,74700000.0,pledge created,2020-05-26,Micro,723.0076142131979,False,0.3372520929399653,1.0833333333333335,0.7705499298481061,1.0555555555555558,0.5555555555555559,0.6666666666666665,0.174277932041222,3.583333333333333,2.2742792668324583,2016-22,> 1%
RPOWER,2022-03-11,2223252249.0,pledge created,2022-03-11,Small,5866.690355329949,False,0.10855631216234318,0.07220216606498187,0.0028844919153476756,-0.08664259927797824,0.0005926900850997674,0.37545126353790614,0.32741494299363705,-0.23826714801444038,-0.164574265545275,2016-22,> 1%
RPOWER,2023-01-14,537809635.0,pledge created,2023-01-16,Small,5887.34771573604,False,-0.11247914782080443,-0.21908127208480566,-0.18777329414131105,-0.16607773851590102,-0.10546876983541525,0.10600706713780927,-0.018318802795819877,1.0918727915194348,0.6454392530772098,2023-26,0.2-1%
RUSHIL,2018-09-08,174275000.0,pledge created,2018-09-10,Micro,1791.2683229813665,False,0.08451752704242532,-0.08504098360655743,0.04943786866607691,-0.07377049180327866,0.06397156153979766,-0.29900956284153013,-0.13392365643902937,-0.7694672131147541,-0.4159673755171476,2016-22,0.2-1%
RUSHIL,2020-07-09,225005302.0,pledge created,2020-07-09,Micro,285.3111801242236,False,-0.054560509920392186,-0.0428422152560084,-0.04760237636915354,-0.1421107628004179,-0.18684083251811756,0.7533960292580983,0.33196555863858235,1.748171368861024,0.6015574265785122,2016-22,> 1%
SADBHAV,2024-09-13,344881567.0,pledge created,2024-09-13,Micro,521.4433566433567,False,0.04444581516265855,0.11942625506704085,0.14949146586473577,-0.10071718116619899,-0.06904472075677448,-0.6127221702525725,-0.31475503018016937,-0.5715622076707203,-0.3948267227311408,2023-26,> 1%
SAKHTISUG,2016-08-01,2280999000.0,pledge created,2016-08-01,Micro,554.9833333333333,False,0.11845800759137093,-0.15557939914163088,-0.14370912384871304,-0.25536480686695273,-0.3376687425176277,-0.10407725321888417,-0.22096037010200098,-0.371244635193133,-0.6754699873058089,2016-22,> 1%
SAKHTISUG,2022-04-07,832342500.0,pledge created,2022-04-07,Micro,202.35000000000002,False,-0.06788734901859828,-0.1271186440677966,0.04488248945689932,-0.053672316384180796,0.09568881781487604,0.31355932203389836,0.37474129170045245,0.3220338983050848,0.4273410100567327,2016-22,> 1%
SAKHTISUG,2023-12-19,726000009.0,pledge created,2023-12-19,Micro,343.7583333333334,False,-0.29291930379746833,0.027124773960216952,-0.05510699961856824,0.09945750452079571,0.12963583099541853,0.4795660036166365,0.3207903787921491,0.11537070524412307,-0.1339459093319334,2023-26,> 1%
SAKHTISUG,2024-05-10,146785705.0,pledge created,2024-05-10,Micro,403.5166666666667,False,0.16337399972785827,0.08924889543446235,0.05292140219978414,0.0954344624447716,-0.03339514168603719,0.015611192930780282,-0.11921410964971768,-0.25714285714285723,-0.25767925561029026,2023-26,> 1%
SALZERELEC,2023-11-16,569678225.0,pledge created,2023-11-16,Micro,650.820895522388,False,-0.05158192032291198,0.12540716612377856,0.06903132719760396,0.4442182410423452,0.290613225368364,1.007600434310532,0.8754502677409687,1.7569218241042348,1.5258563555548126,2023-26,> 1%
SAMMAANCAP,2018-06-02,4933400000.0,pledge created,2018-06-04,Large,121166.6886861314,True,0.010828727887164213,-0.00465389702640473,0.0011707770055207622,0.06045167295351006,0.0370639344530439,-0.40033312105031116,-0.32633283752713105,-0.412874148826728,-0.360565626576447,2016-22,0.2-1%
SAMMAANCAP,2018-09-28,3436825000.0,pledge created,2018-09-28,Large,88439.11970802919,True,-0.1813599904294787,-0.061408938962486115,-0.017675086389872585,-0.09873715488423918,-0.10261435232078275,-0.008790392472452724,-0.04739553979422095,-0.7817258883248731,-0.70657207103034,2016-22,0.2-1%
SAMMAANCAP,2019-05-11,1884735000.0,pledge created,2019-05-13,Large,68019.849270073,True,0.04186711466373727,-0.0038628681796233355,-0.0550798372659308,-0.17777241268308375,-0.11539860080948938,-0.6948334138097537,-0.6977917871553165,-0.8340576211170128,-0.5627671582528486,2016-22,0.2-1%
SATIN,2016-03-15,0.0,pledge created,2016-03-15,Small,3363.5551724137927,False,-0.11260317854606455,0.06453210100676676,-0.019900662167343874,0.4188810034659185,0.28959688296364317,0.9004786268361116,0.6719237161879538,0.20052813995708862,-0.24668570055210737,2016-22,< 0.05% of mcap
SATIN,2016-09-06,116646386.0,pledge created,2016-09-06,Mid,6623.454310344828,True,0.4818672393575858,-0.05448504983388702,-0.06866592686788886,-0.3540697674418605,-0.3065877911536018,-0.35465116279069764,-0.37414368513588503,-0.45797342192691026,-0.6606661864486273,2016-22,0.05-0.2%
SATIN,2017-05-27,77706500.0,pledge created,2017-05-29,Small,3319.7646551724138,False,-0.38072214894677137,-0.051571453377322385,-0.06703387844089082,-0.015801354401805856,-0.037849763288617444,0.4346240666782428,0.2655154614849107,0.31481159923597857,0.31481159923597857,2016-22,0.2-1%
SATIN,2017-11-03,380555500.0,pledge created,2017-11-03,Small,3315.884482758621,False,-0.06888095257284776,0.3475926857909746,0.3568768685791267,0.44472403959067264,0.4585846020564096,0.3856735447072639,0.4395860529402734,-0.280154336520718,-0.03873845339126575,2016-22,> 1%
SATIN,2018-06-27,526270281.0,pledge created,2018-06-27,Small,3650.1336206896553,False,-0.014397941430921435,0.01844851050960239,-0.008914645522158149,-0.1834265840012097,-0.09408938117346782,-0.29971268713140775,-0.21850950315648188,-0.16649024648419763,-0.016440396035543703,2016-22,> 1%
SATIN,2019-01-25,97989400.0,pledge created,2019-01-25,Small,2844.166379310345,False,0.23334216802270757,0.0025306599182401968,0.02371715060745927,0.3254817987152032,0.27928404889297864,0.038933229511388,0.1388268213770773,-0.13256764648627606,-0.084988699117855,2016-22,0.2-1%
SATIN,2020-07-17,24839500.0,pledge created,2020-07-17,Micro,925.1439655172414,False,-0.10678855686953392,-0.056872037914692086,-0.136288800110134,-0.3832938388625593,-0.42701049040207695,-0.07760663507109022,-0.5061019746183606,0.06279620853080559,-1.169880389228702,2016-22,0.2-1%
SATIN,2021-03-17,20650000.0,pledge created,2021-03-17,Micro,1032.1258620689655,False,0.11771811902972962,-0.02577030812324932,-0.0023262649909210342,0.02633053221288506,-0.3138166468549808,-0.15182072829131654,-0.5848739495798319,0.11820728291316529,-0.45746597555846336,2016-22,0.2-1%
SATIN,2021-12-21,62265000.0,pledge created,2021-12-21,Micro,1003.8560344827586,False,0.16406896449638464,-0.09603004291845496,-0.22646482552715075,0.06920600858369097,0.05934114371882604,-0.03326180257510736,0.07104375298044824,0.5708154506437768,0.5276266985768366,2016-22,0.2-1%
SENORES,2025-12-04,300000000.0,pledge created,2025-12-04,Micro,3624.3690476190473,True,0.208282103353431,0.08780173801094304,0.09831166405220426,-0.046025104602510414,0.1076004586912217,0.6607660122304473,0.7217925652686064,,,2023-26,0.2-1%
SHILPAMED,2023-01-18,1358025000.0,pledge created,2023-01-18,Micro,2582.069245463228,False,-0.2242822244318483,0.04472573839662464,0.12013557446219836,-0.02470272343690061,0.04002484723085842,0.26605293440736477,0.17762009858646932,0.22746451860375916,-0.25728862757242665,2023-26,> 1%
SHILPAMED,2023-10-27,61630000.0,pledge created,2023-10-27,Micro,3312.1244030563516,True,-0.054431536212982246,0.04933870040253008,-0.007783109081833883,-0.08683151236342723,-0.3018116785933471,0.5441058079355949,0.33705693213936416,1.4231167337550317,1.0431320849231769,2023-26,0.05-0.2%
SHILPAMED,2024-09-26,4877300000.0,pledge created,2024-09-26,Micro,8086.313753581662,True,0.3670077496316444,-0.009339774557165836,0.07443855699617463,0.010157314505140569,0.07381921098768696,-0.18580453363062055,0.08078597070074833,-0.04632726371856799,0.1382623677258828,2023-26,> 1%
SHK,2016-12-15,772375000.0,pledge created,2016-12-15,Small,4014.7872340425533,False,-0.015060903016838378,0.12348922753547042,0.08171538547713797,0.07216675424767915,-0.057127293707848525,-0.006831318970047295,-0.2502320965405389,-0.09931686810299512,-0.5030727073115459,2016-22,> 1%
SHK,2017-03-31,222222390.0,pledge created,2017-03-31,Small,4099.840425531915,False,-0.18129319181503245,0.037376939763057004,0.005237969647067575,-0.13382279325880186,-0.18416084541218147,-0.11446687802436162,-0.17771621071599653,-0.15267812447855822,-0.294773704041704,2016-22,0.2-1%
SHK,2019-01-18,1000631700.0,pledge created,2019-01-18,Small,2492.81914893617,False,-0.08986318595199422,-0.1820776255707761,-0.08372071091993183,-0.1461187214611872,-0.15905614855667127,-0.2802511415525114,-0.16733786549989077,-0.3561643835616438,-0.2803160958709935,2016-22,> 1%
SHK,2021-07-05,857000000.0,pledge created,2021-07-05,Micro,2530.159574468085,True,0.24155110268192814,-0.009436659994280894,-0.047710275629460175,-0.10294538175579071,-0.13782974587489694,-0.028595939376608537,-0.17630290781019975,-0.21103803259937093,-0.23748808002064714,2016-22,> 1%
SHK,2026-01-30,139810000.0,pledge created,2026-01-30,Micro,2005.18085106383,False,-0.1897939074603115,-0.0016706111652513567,0.03409789611380559,0.08332173186690794,0.006245054550614082,0.18376722817764168,0.1172488840003999,,,2023-26,0.2-1%
SHOPERSTOP,2020-10-30,0.0,pledge created,2020-10-30,Small,1802.8927228915663,False,0.008404585698837508,0.11362812613265683,-0.021728235532213036,0.21783254802464658,-0.013116303273874919,0.174338528452338,-0.25465373175887873,1.3885465748459587,0.494969834496942,2016-22,< 0.05% of mcap
SHOPERSTOP,2021-08-09,1699895731.0,pledge created,2021-08-09,Micro,2736.0404819277105,False,-0.08309945716691436,0.06839772007599754,0.08200604983897908,0.6003799873337556,0.5512890782428466,0.4716065020054887,0.3177966326295817,,,2016-22,> 1%
SHOPERSTOP,2025-08-29,7629225912.0,pledge created,2025-08-29,Micro,5963.066024096385,False,0.07854798836240795,-0.023422067538331204,-0.007652177334292798,-0.21597215689963312,-0.14790168885001365,-0.45056909039601156,-0.2476956596480045,-0.29207036026714317,-0.18376368148330208,2023-26,> 1%
SIGACHI,2024-07-31,151625000.0,pledge created,2024-07-31,Micro,2559.7916666666665,True,-0.1359008427724101,-0.11158021712907107,-0.10985113294517174,-0.25663449939686367,-0.21631079335863668,-0.3121230398069963,-0.1858202141305328,-0.45672496984318445,-0.3014455776321151,2023-26,0.2-1%
SIGACHI,2025-09-10,29584100.0,pledge created,2025-09-10,Micro,1203.888888888889,True,-0.3932260728052617,0.0355437665782492,0.069168645101087,-0.0692307692307692,0.03611249390689675,-0.506896551724138,-0.25782807101703775,-0.21485411140583555,-0.07267634820478608,2023-26,0.2-1%
SIGACHI,2026-02-02,50000000.0,pledge created,2026-02-02,Micro,763.5069444444443,False,-0.2903755692727803,-0.06198547215496353,0.006392575370113118,0.07312348668280877,0.03436486599315347,0.23050847457627133,0.20369764660911682,,,2023-26,0.2-1%
SILVERTUC,2024-04-01,89999360.0,pledge created,2024-04-01,Micro,831.9291428571428,False,0.0015566242447988543,0.12704364781760913,0.10297659533307524,0.09074546272686357,-0.03824330131808029,0.09269536523173838,-0.07730463476826155,-0.0010499475026249927,0.11293234362646387,2023-26,> 1%
SILVERTUC,2024-12-04,82830444.0,pledge created,2024-12-04,Micro,854.0022857142856,False,-0.02577362840409203,0.06969471332836918,0.12821770526740967,-0.055696202531645755,0.2055515985150675,0.1584512285927029,0.2905189232543484,0.16425912137006704,0.41906244278348603,2023-26,0.2-1%
SILVERTUC,2025-08-08,81999499.0,pledge created,2025-08-08,Micro,936.9668571428571,False,-0.030194086182351976,-0.014312977099236623,-0.032233764208317583,0.07183751363140667,0.09432040708204215,0.8227917121046893,0.9382541379537206,1.6788440567066525,1.7801214289694263,2023-26,0.2-1%
SINTERCOM,2020-08-17,15200000.0,pledge created,2020-08-17,Micro,206.52173913043475,False,0.1567242490899058,-0.013333333333333308,-0.024826637314254274,0.04066666666666663,0.034870765196991726,0.20200000000000018,-0.07939836389418253,0.10666666666666669,-0.6767595171773446,2016-22,0.2-1%
SINTERCOM,2022-12-28,15000000.0,pledge created,2022-12-28,Micro,283.62318840579707,False,0.1754364633746084,0.0,0.042622950819672045,0.002941176470588225,0.15441823492439088,0.18676470588235294,0.12082360472998421,0.2450980392156863,-0.21256605473865353,2016-22,0.2-1%
SINTERCOM,2024-09-04,35000000.0,pledge created,2024-09-04,Micro,356.7043478260869,False,-0.1782807528378153,0.24310816087465836,0.32319007373849834,0.17126122608356087,0.20130812649587365,-0.014291292463881389,0.2519224684967001,-0.07379929714955114,0.10993448159900332,2023-26,0.2-1%
SIS,2020-10-30,79674752.0,pledge created,2020-10-30,Small,5231.394272076372,False,-0.10628895479215905,0.19335151279054674,0.05799515112567688,0.051811453058044465,-0.17913739824047703,-0.03272302298402807,-0.4617152831952448,0.1697182184131929,-0.7238585219358238,2016-22,0.05-0.2%
SJS,2024-12-12,370547500.0,pledge created,2024-12-12,Micro,3828.3826616474757,True,0.329854113472968,-0.1583930291986092,-0.04774309872082755,-0.313560387080558,-0.02265027091951144,0.05533911440660222,0.22346786982586875,0.4022035105357966,0.6709463017699373,2023-26,0.2-1%
SMCGLOBAL,2021-06-14,79750000.0,pledge created,2021-06-14,Micro,814.3084656084657,False,-0.3492811944566976,0.18471010774756302,0.10038075847797479,-0.02001026167265252,-0.08534248296817659,-0.04002052334530515,-0.17178547745438844,0.07747562852745005,0.1015473608729528,2016-22,0.2-1%
SMCGLOBAL,2022-05-02,318000000.0,pledge created,2022-05-02,Micro,862.7666666666668,False,0.04639111066063478,0.09341463414634132,0.1541759434815076,0.06341463414634152,0.11878119463606573,0.013414634146341475,0.022447755591640917,-0.09341463414634144,-0.08560982236818243,2016-22,> 1%
SMCGLOBAL,2022-09-22,258907500.0,pledge created,2022-09-22,Micro,848.6505820105821,False,-0.33118679280984875,-0.023046092184368816,0.003459931912016656,-0.0360721442885773,0.008043122021929472,-0.10120240480961917,0.05125201305749805,-0.018787575150300606,-0.25914841372289976,2016-22,> 1%
SMCGLOBAL,2023-10-05,262405500.0,pledge created,2023-10-05,Micro,826.5283597883598,False,-0.07063144523205644,0.14601320467242251,0.14601320467242251,0.3161503301168105,0.1659321709645145,0.8202133062468258,0.6439473927833193,0.9057897409852715,0.5311043444385932,2023-26,> 1%
SMSPHARMA,2020-12-14,152800000.0,pledge created,2020-12-14,Micro,907.322431865828,False,-0.021193997926581276,0.12646370023419196,0.07004621081247131,0.19110070257611245,0.10045742772231137,0.6918032786885246,0.2516323385175845,0.14051522248243553,-0.49965644096050443,2016-22,> 1%
SMSPHARMA,2025-03-31,2610403361.0,pledge created,2025-04-01,Micro,2055.2540251572327,False,0.17986663031566463,0.10703392180423332,0.11807686658950944,0.12510398373232268,-0.020749109322793835,0.23038173583510502,0.14816522309293423,0.9336352712820037,1.0334251872483904,2023-26,> 1%
SMSPHARMA,2025-07-01,2104831564.0,pledge created,2025-07-01,Micro,2326.888364779874,False,0.01509295749416617,-0.017610062893081757,0.011702044882438922,0.08163522012578617,0.13879744794225052,0.3679245283018868,0.48525864072489705,0.6884696016771488,0.8237170046933551,2023-26,> 1%
SOBHA,2019-04-25,0.0,pledge created,2019-04-25,Small,5059.198134206219,True,-0.04869398858778995,0.12246010610413305,0.11144228649438626,0.11040281825997611,0.23581415321372035,-0.15104112059384756,-0.0376141909005423,-0.6377151963765229,-0.2425687970096012,2016-22,< 0.05% of mcap
SOBHA,2022-03-09,5082075000.0,pledge created,2022-03-09,Small,7864.326677577741,True,0.00031306383244800173,-0.04788178153249212,-0.1337799958389444,-0.2942940877007113,-0.20986760374771185,-0.03690199369831715,-0.08613897279293925,-0.28197966400198127,-0.2088257500608358,2016-22,> 1%
SOLARA,2020-12-04,10300000.0,pledge created,2020-12-04,Small,5714.947241379311,True,0.10385616561687416,-0.05746925453167806,-0.09695237000847623,-0.037177661762379466,-0.18637728760731698,0.3164306114122515,-0.054812990402677286,-0.12288195571986438,-0.6097659752326532,2016-22,< 0.05% of mcap
SOLARA,2021-08-19,2175730000.0,pledge created,2021-08-20,Small,7401.48195862069,True,-0.13074728967582372,0.02031531197551928,-0.06101557115463019,-0.34257655313727997,-0.4192529038909403,-0.560713395029691,-0.5553289571609074,-0.7212137960784842,-0.7431722507339545,2016-22,> 1%
SOLEX,2020-03-13,36012600.0,pledge created,2020-03-13,Micro,24.992754050073636,False,,,,,,,,0.10833333333333339,-0.8565173737692953,2016-22,> 1%
SPARC,2017-07-04,1151167726.0,pledge created,2017-07-04,Mid,10004.343654822334,False,-0.09981538275030133,0.20547945205479445,0.20014398391894705,0.27446183953033265,0.2570963970686124,0.6621004566210045,0.44286137564718586,0.2441291585127201,0.24174221111383437,2016-22,> 1%
SPARC,2017-10-23,19009167.0,pledge created,2017-10-23,Mid,11536.598984771574,True,0.06905036471877501,0.17326593653468114,0.13581697997040287,0.40887391182252175,0.29117868505213496,0.16989609660207816,0.11907261473888742,-0.15866329682673408,-0.03612241634190183,2016-22,< 0.05% of mcap
SPARC,2018-11-29,89976250.0,pledge created,2018-11-29,Mid,8192.610152284264,True,-0.23631336602434583,-0.27211538461538465,-0.2903743161411416,-0.3142307692307692,-0.2840249122485797,-0.46673076923076917,-0.4830141778528523,-0.37288461538461537,-0.3428573024561303,2016-22,0.05-0.2%
SPARC,2020-06-11,494190000.0,pledge created,2020-06-11,Small,4825.8730964467,True,0.12827730377514435,0.1498281786941582,0.059827985160615604,0.22439862542955336,0.06519155973888291,0.3257731958762886,-0.12277044221039035,0.6883161512027491,-0.30560513969672487,2016-22,> 1%
SPARC,2020-12-09,252054000.0,pledge created,2020-12-09,Small,6268.76040609137,True,-0.14057527949391968,0.038984824699110465,-0.020144328330540362,-0.13448456305599155,-0.2925223577058498,0.24542124542124544,-0.11889189739965222,0.32286760858189445,-0.15205114068635994,2016-22,0.2-1%
SPARC,2022-05-24,534639000.0,pledge created,2022-05-24,Small,7146.191878172589,True,-0.23005191903852507,-0.11113727336943724,-0.07287204664135533,0.0995997174476102,0.02960121717561015,0.17447610077701903,0.06196741278722129,-0.13279962326348005,-0.24159094701484218,2016-22,0.2-1%
SPARC,2022-12-05,1178376000.0,pledge created,2022-12-05,Small,8116.241116751268,True,0.09005500730453864,-0.17172920389120505,-0.13131617709113913,-0.2346634901727218,-0.14482039519128692,-0.24955330553901134,-0.24892411825370225,0.058566607107405355,-0.2616008393343576,2016-22,> 1%
SPMLINFRA,2018-01-30,4241130.0,pledge created,2018-01-30,Micro,1117.4347826086957,False,-0.1043192845590335,-0.227979274611399,-0.1505751216133977,-0.14396743153219826,-0.0334802166047623,-0.4603997039230199,-0.2237763826695558,-0.7575869726128793,-0.3322996162910403,2016-22,< 0.05% of mcap
SRF,2017-12-12,1660846875.0,pledge created,2017-12-12,Mid,10917.190485436893,True,0.0830356935710872,0.11042605546185968,0.021992352336893783,0.035555309795681334,0.06037971554092858,0.035500013823992926,0.08386593651321689,0.18850396748596876,0.29733396504511656,2016-22,> 1%
SSWL,2016-07-19,122925880.0,pledge created,2016-07-19,Micro,736.1526960784314,False,0.14015505401857187,0.0632990987214419,0.09143209104880767,0.46132886187382094,0.3553513856970958,0.40473695242087593,0.3347369524208761,0.8249842800251519,0.5141522549074125,2016-22,> 1%
SSWL,2017-05-03,135877500.0,pledge created,2017-05-03,Micro,1409.2560049019608,False,0.22752750847960512,-0.022393048128342308,0.030363043662525957,-0.048128342245989386,-0.028168710041459266,-0.030860071301247904,-0.12217617905275968,0.46245543672014255,0.3619088314267018,2016-22,0.2-1%
SSWL,2018-03-21,864293600.0,pledge created,2018-03-21,Micro,1692.8996323529411,False,0.18096957440325323,0.3504511422537915,0.28093608067842335,0.1729698598579381,0.2662816047004434,0.006047225955077673,0.20466382674559158,-0.17700134382799015,0.10098357989119594,2016-22,> 1%
SSWL,2021-02-17,918673377.0,pledge created,2021-02-17,Micro,1014.4504901960784,False,0.12474107934635481,0.056889027431421546,0.06920290533389223,0.19404613466334175,0.007033147650354676,1.7908354114713219,1.4325264956069435,1.2217892768079803,0.8020162925829396,2016-22,> 1%
SSWL,2021-08-27,39392100.0,pledge created,2021-08-27,Micro,2946.340318627451,True,1.3646503793544975,-0.11171124383277076,-0.12485769849462369,-0.19236561931965734,-0.18918719822181362,-0.20971176317839535,-0.24825832498477707,-0.09566346403531556,-0.24024473409274638,2016-22,0.05-0.2%
SSWL,2021-12-31,889313600.0,pledge created,2021-12-31,Micro,2707.3501225490195,False,-0.04894018171456094,-0.05712279058878622,-0.08205725537591324,0.051562682898279144,0.0663020907589304,-0.029966054079363258,0.11575306304151006,-0.040735104764134444,-0.0439771212984188,2016-22,> 1%
SSWL,2022-06-01,254922500.0,pledge created,2022-06-01,Micro,2425.5932598039217,False,0.0022378285021709132,0.029520295202952296,0.10112295128137971,0.10626055413096513,0.03462981169682622,0.034773907061104614,-0.058045229477190485,-0.019951216461317145,-0.14815634466644556,2016-22,> 1%
SSWL,2022-10-03,299156250.0,pledge created,2022-10-03,Micro,2493.3595588235294,False,-0.1545710989498259,0.00043659951350338844,0.0,0.01696500966756065,0.00749293834843523,-0.035115075157487796,0.03864809683751125,0.7884987213871388,0.5007855600403963,2016-22,> 1%
STARCEMENT,2020-10-12,0.0,pledge created,2020-10-12,Small,3377.3115384615385,False,-0.16542559650923683,0.04186602870813405,0.02759477959268286,0.25478468899521545,-0.0005014550814759211,0.17523923444976086,-0.16464826146098277,0.23624401913875603,-0.6251036746788987,2016-22,< 0.05% of mcap
STARCEMENT,2021-06-16,11105000.0,pledge created,2021-06-16,Small,4421.3184065934065,False,-0.05301651694673171,-0.0022988505747126853,-0.0528347463055403,-0.0009195402298850519,-0.05075769516347883,-0.1411494252873563,-0.14663375733491718,-0.21977011494252874,-0.07950522168003121,2016-22,< 0.05% of mcap
STARCEMENT,2022-02-08,37620000.0,pledge created,2022-02-08,Micro,3768.5607142857143,False,-0.1535058857936682,-0.01500535905680589,0.07310504434022169,-0.0986066452304395,0.04617863084318008,-0.020900321543408373,0.08371048658747904,0.18167202572347274,0.2478082602679923,2016-22,0.05-0.2%
STARCEMENT,2022-12-07,5320000.0,pledge created,2022-12-07,Micro,4553.086263736263,False,0.1625696497243071,-0.023748939779474232,0.008854218651498602,-0.06488549618320616,0.04563357081053798,0.21713316369804914,0.20993449782393248,0.5245971162001695,0.18903614897578258,2016-22,< 0.05% of mcap
STARCEMENT,2023-03-16,2670000.0,pledge created,2023-03-16,Micro,4350.366483516484,False,0.036529257132593695,0.03777985074626855,-0.019102468501698944,0.3456156716417911,0.14797926228800673,0.42490671641791034,0.07391333893446661,1.1669776119402986,0.603357951857616,2023-26,< 0.05% of mcap
STARCEMENT,2024-03-07,0.0,pledge created,2024-03-07,Micro,8404.762087912088,True,0.20672915164623884,0.11048505634492911,0.08255304017448206,0.07368936795688374,0.0058103080537912355,0.01935325820676148,-0.2100803718431259,-0.0012248897599216324,0.12718535990399488,2023-26,< 0.05% of mcap
STARCEMENT,2024-09-13,0.0,pledge created,2024-09-13,Micro,8435.170054945056,True,-0.16699328124763824,0.0007227522405319764,0.030787963038226895,0.09660788281777011,0.12828034322719462,0.029054640069384297,0.3270217801417874,0.317577334489737,0.49431281942931654,2023-26,< 0.05% of mcap
STARCEMENT,2025-01-10,0.0,pledge created,2025-01-10,Micro,8727.491978021977,True,0.0967015012857661,-0.006230376766091061,0.023809353199347072,0.08820643642072201,0.20297167967544893,0.03772566718995285,0.04508537280172842,0.05077511773940335,0.24016553672364677,2023-26,< 0.05% of mcap
STARPAPER,2019-03-09,104480000.0,pledge created,2019-03-11,Micro,200.66666666666666,False,-0.2119122203660645,-0.0797740910695377,-0.04085210571965098,-0.22590893046240734,-0.0923221127800265,-0.02823861630780089,0.21210633815227176,-0.5022943875750088,0.026426606015479526,2016-22,> 1%
STARPAPER,2019-06-26,20920000.0,pledge created,2019-06-26,Micro,164.42222222222222,False,-0.08191352984404332,-0.1516697588126159,-0.04151272315082266,0.5496289424860854,0.6855174442282457,0.105287569573284,0.23264606013932176,-0.008348794063079645,0.2126452758434021,2016-22,> 1%
STEELXIND,2021-08-07,2897851352.0,pledge created,2021-08-09,Micro,1047.8552631578948,False,-0.1394651786271719,0.05533596837944654,0.06894429814242808,0.1133069828722002,0.06421607378129113,2.1725955204216074,2.0187856510457003,,,2016-22,> 1%
STEELXIND,2022-04-05,941400000.0,pledge created,2022-04-05,Micro,2920.210526315789,True,0.36952420741018355,-0.26821052631578957,-0.15806954520629551,-0.13557894736842102,0.01077327523083249,-0.45052631578947366,-0.4186261770932185,-0.30947368421052635,-0.2128797991982812,2016-22,> 1%
STEELXIND,2022-11-19,103261000.0,pledge created,2022-11-21,Micro,1493.2894736842104,False,-0.17891794778182313,0.25531914893617014,0.2408752398359233,0.2680851063829788,0.3112579189877391,0.25106382978723407,0.2450851600815792,-0.11063829787234047,-0.4856382978723405,2016-22,0.2-1%
STEELXIND,2023-04-07,441900000.0,pledge created,2023-04-10,Micro,1933.6184210526314,False,0.11473602580258563,0.028391167192429068,-0.027104001889696527,-0.07886435331230279,-0.23367201062470377,-0.3911671924290221,-0.7421605699124658,-0.11671924290220814,-0.698700389556512,2023-26,> 1%
STEELXIND,2024-03-30,1079622000.0,pledge created,2024-04-01,Micro,1837.8947368421052,False,0.3708211366004065,-0.039867109634551534,-0.06393416211908542,-0.05847176079734229,-0.18746052484228615,-0.16877076411960135,-0.3387707641196013,-0.4790697674418605,-0.3650874763127716,2023-26,> 1%
STEELXIND,2024-08-16,128700000.0,pledge created,2024-08-16,Micro,1654.1052631578948,False,-0.12746768555437504,0.012937595129375978,-0.013621492739352536,-0.22374429223744297,-0.14478966528943582,-0.33028919330289186,-0.12547841085894612,-0.2534246575342466,-0.10372137682659899,2023-26,0.2-1%
STEELXIND,2025-12-16,1519027860.0,pledge created,2025-12-16,Micro,1027.4342105263158,False,-0.12339367219568087,0.060377358490566024,0.11475330421433844,-0.06163522012578615,0.09630066728625453,0.5849056603773584,0.6049049188117543,,,2023-26,> 1%
STOVEKRAFT,2022-03-10,1414820000.0,pledge created,2022-03-10,Micro,2269.775283018868,True,-0.2869243298048014,-0.06747128108186717,-0.1498392473867789,-0.2437109204595027,-0.16003177867847773,0.055329358732005174,-0.030105621926318826,-0.43994474334738987,-0.39313796883654195,2016-22,> 1%
STOVEKRAFT,2023-02-10,135165000.0,pledge created,2023-02-10,Micro,1536.7356603773585,True,-0.22189673668402327,-0.15666739654039852,-0.08845547601059711,0.035690825487190825,0.004146223546136474,0.15425881322531199,-0.037365210475199584,0.068644624479965,-0.5645212046657637,2023-26,0.2-1%
STOVEKRAFT,2023-12-28,46420000.0,pledge created,2023-12-28,Micro,1516.8790566037737,False,-0.25810306882846157,-0.017001889098788747,-0.07100087025008783,-0.023891543504833912,-0.004618766020205611,0.43315923991554617,0.2913681951394269,1.0062229136570733,0.7796211590260008,2023-26,0.2-1%
STYRENIX,2022-11-24,8694207178.0,pledge created,2022-11-24,Micro,1384.6873511904762,False,-0.1567203355437634,-0.016667731017306453,0.020329408263937976,-0.05249377354875795,0.02989192390449469,0.11130978989718376,0.11826326073084392,0.8465419247716968,0.4998207149043359,2016-22,> 1%
STYRENIX,2024-06-28,24689603068.0,pledge created,2024-06-28,Micro,3780.1665922619045,True,0.2301751600176325,0.2282626532573786,0.1873033236322974,0.15209695946737933,0.10970618359336681,0.4293550882621844,0.4072136634000183,0.48950934196028806,0.5624260086269548,2023-26,> 1%
SUNPHARMA,2016-02-26,202963500.0,pledge created,2016-02-26,Large,209714.263346175,True,0.3414416920407088,-0.04543857594566103,-0.16517108403275438,-0.1364913924347113,-0.30451835345906997,-0.08379201311628992,-0.3936272870447802,-0.20318538470546899,-0.5113885248111167,2016-22,< 0.05% of mcap
SUNPHARMA,2016-08-17,8089000000.0,pledge created,2016-08-17,Large,188812.58943313154,True,-0.13986606574031746,-0.012740872210953325,-0.02069087497110178,-0.12538032454361048,-0.035868842850471316,-0.13837474645030423,-0.192329352955667,-0.38767748478701824,-0.504337726279943,2016-22,0.2-1%
SUNPHARMA,2018-05-18,14528150000.0,pledge created,2018-05-18,Large,111820.34755090809,True,-0.14640324893737294,0.2618591549295777,0.24410224078839837,0.4050704225352113,0.36531159291106163,0.1852394366197183,0.2277370552126486,-0.044957746478873184,-0.03453281293026078,2016-22,> 1%
SUNPHARMA,2021-03-30,10538107500.0,pledge created,2021-03-30,Large,143762.146119978,True,-0.046904643235411325,0.07920709267313497,0.09260559577734312,0.13959518233522927,0.0483367189589653,0.39176982268317184,0.19417931234516883,0.5525259284041486,0.3628922136592746,2016-22,0.2-1%
SUNPHARMA,2021-09-27,2117087500.0,pledge created,2021-09-27,Large,183533.0526967529,True,0.07405646051850334,0.041930073538898105,0.060180982717320586,0.0821829441362405,0.10495946706453718,0.1801703006063733,0.24040830498594568,0.2239065926977164,0.3079941936025962,2016-22,0.05-0.2%
SUNPHARMA,2022-03-29,10609831300.0,pledge created,2022-03-29,Large,221127.202669235,True,0.1776430474524564,0.0030414946773842377,-0.0028812312896956405,-0.0977623289159244,0.02407344280084117,0.010971105800564818,0.05286857306069925,0.06349120139039743,0.12530944406783362,2016-22,0.2-1%
SUNPHARMA,2022-12-22,452520000.0,pledge created,2022-12-22,Large,243087.18918547055,True,0.12611444570784347,0.047676102041835255,0.013845283637178296,-0.028655583845040078,0.025466944815805692,0.02021866107533321,-0.07599997237150702,0.25829963556487456,-0.04484392524864855,2016-22,< 0.05% of mcap
SUNPHARMA,2023-05-23,937450000.0,pledge created,2023-05-23,Large,224073.6411667584,True,-0.13714777474072049,0.04006721629995269,-0.0010595098820908033,0.18017119151394212,0.10965985857037919,0.25904531848973367,0.12787651511608733,0.5532741689859793,0.14095635520977579,2023-26,< 0.05% of mcap
SUNPHARMA,2023-08-30,2256340000.0,pledge created,2023-08-30,Large,268161.9821133737,True,0.10611190339641108,0.026853184598776725,0.016846973908415386,0.10754767902123086,0.0011746564766498269,0.3948812522490106,0.14079386251848713,0.6413727959697735,0.20886898534066534,2023-26,0.05-0.2%
SURYAROSNI,2018-03-28,1116000000.0,pledge created,2018-03-28,Micro,2081.0966515837104,True,0.18242993296008814,0.03354568982679673,-0.010040860609068725,-0.22118256022297433,-0.07788675674293333,-0.41160660959585904,-0.16357234177730834,-0.40463866215409117,-0.12317596472745074,2016-22,> 1%
SURYAROSNI,2018-09-19,499950000.0,pledge created,2018-09-19,Micro,1511.838823529412,False,-0.10057575237029948,-0.2251963922025022,-0.08938243871412999,-0.19871981379109682,-0.09406242621079708,-0.052516729706139076,0.09887273524616291,-0.36223450683735803,0.01031267183131157,2016-22,> 1%
SURYAROSNI,2019-07-01,969670000.0,pledge created,2019-07-01,Micro,1231.6828054298644,False,0.02220191566662999,-0.1622587562544674,-0.009369867365578433,-0.2183702644746247,-0.04281470891906913,-0.23016440314510367,-0.0919746760161193,-0.4764117226590422,-0.25524978729862546,2016-22,> 1%
SURYODAY,2021-04-05,3057332000.0,pledge created,2021-04-05,Small,2820.1958620689657,False,,-0.08940774487471526,-0.11095822217580376,-0.19533029612756259,-0.4043037833308696,-0.28208048595292323,-0.5726125390690461,-0.4603264996203492,-0.7092765597064993,2016-22,> 1%
SURYODAY,2022-12-23,6027500.0,pledge created,2022-12-23,Micro,1062.6979310344827,False,0.09621743284497719,0.04202077431539175,0.015068966525199623,-0.13550519357884805,-0.00417120417136152,0.6378659112370157,0.5487757466991574,0.5198300283286117,0.040407887741422455,2016-22,0.05-0.2%
SURYODAY,2023-09-13,361900000.0,pledge created,2023-09-13,Micro,1633.9779310344827,True,-0.14758194711777628,0.052345994254707984,0.030075949684007064,0.052026811362910985,-0.06901749243455724,0.060644749441429946,-0.02896213647840562,0.18499840408554102,-0.22032964523194032,2023-26,> 1%
SUZLON,2016-01-14,102375000.0,pledge created,2016-01-14,Large,24061.641772151896,False,-0.05534633395995975,-0.3064889918887601,-0.2472582675842077,-0.2502896871378911,-0.3160437477345557,-0.08342989571263038,-0.2570194772615155,-0.11355735805330247,-0.24905250972817583,2016-22,< 0.05% of mcap
SUZLON,2016-12-06,3554090000.0,pledge created,2016-12-06,Mid,17395.271898734176,False,-0.02511207366471868,0.044988161010260486,0.033207629425684226,0.2036306235201264,0.10574618921744516,0.3243883188634571,0.07463246408128066,-0.04419889502762431,-0.4009615950152232,2016-22,> 1%
SUZLON,2020-08-05,2228571427.0,pledge created,2020-08-05,Small,5357.634683544304,False,0.69792336295456,-0.2467866323907455,-0.31337758128655746,-0.2802056555269924,-0.3140232416320068,0.5732647814910026,0.2048659503568695,0.4498714652956297,-0.2657130713474355,2016-22,> 1%
SWANCORP,2021-03-10,7946053227.0,pledge created,2021-03-10,Small,4543.579999999999,False,-0.10177978995135595,-0.06871294035577258,-0.024729991773538573,-0.023369375653993663,-0.16974630122286605,-0.07289850017439825,-0.27652815950496734,0.26089989536100466,0.12356878116898495,2016-22,> 1%
SWANCORP,2021-12-02,604605000.0,pledge created,2021-12-02,Micro,3769.5699999999997,False,-0.14060536268594004,0.1729534510433388,0.11252572988137033,0.2901284109149278,0.3106569447347583,1.1601123595505616,1.1794927394491341,1.1817817014446232,1.033740778570697,2016-22,> 1%
SWANCORP,2022-03-21,1629561750.0,pledge created,2022-03-21,Small,5675.55,False,0.24889371413566014,0.7077308120133481,0.6619216845632299,0.1259733036707451,0.25190260415148935,0.1991101223581757,0.17152288187461462,0.20189098998887633,0.3013415535559501,2016-22,> 1%
SWANCORP,2026-04-02,16168650000.0,pledge created,2026-04-02,Micro,9864.31,True,-0.1461113460223008,0.13274900398406375,-0.037954404282796395,0.00541832669322706,-0.11462390916765863,,,,,2023-26,> 1%
SWSOLAR,2019-09-19,35556553276.4,pledge created,2019-09-19,Mid,13892.465497076024,False,,-0.048964066040789955,-0.07159736945828421,-0.5182907089673032,-0.539315942574669,-0.8543217869860796,-0.5508118442877692,-0.6222887665911299,-0.595904734810925,2016-22,> 1%
SWSOLAR,2021-08-24,2207600000.0,pledge created,2021-08-24,Small,6449.405263157895,True,0.07366796691431876,0.2506600950536877,0.19404464892710604,0.4140116176729447,0.38737826944190024,0.048935046646717106,0.13133337569795123,0.04699876782256629,0.04485723474487824,2016-22,> 1%
SWSOLAR,2022-01-11,4127333585.0,pledge created,2022-01-11,Small,8795.6,True,-0.08829416583199812,-0.007352941176470562,0.043229940006164536,0.009224598930481331,0.07569438676167961,-0.245187165775401,-0.0869242396094988,-0.28983957219251333,-0.17895394157010525,2016-22,> 1%
SWSOLAR,2025-06-30,519328731.0,pledge created,2025-06-30,Micro,7479.299415204678,True,0.08485325921465503,-0.09683514407179972,-0.06800405585476821,-0.2374429223744292,-0.16877971412459092,-0.32290977798771847,-0.196719589924437,-0.27561014013541174,-0.1271276364813837,2023-26,0.2-1%
TATACOMM,2019-12-05,663150000.0,pledge created,2019-12-05,Mid,11509.947826086956,False,0.4709281510171198,0.05476160364234217,0.03576626908463343,-0.12267610977614773,-0.12033336987889443,0.16858479828000505,0.32886045085172233,1.6194511192614134,1.480773326527757,2016-22,0.2-1%
TATAPOWER,2021-03-31,1750000000.0,pledge created,2021-03-31,Mid,33084.00348189415,True,0.21800090162949637,-0.029033793431699206,-0.01646782094978233,0.19847691575440285,0.08706696070230546,0.7077582103760116,0.49410651607139444,1.6444550214183722,1.458851661184903,2016-22,0.2-1%
TATASTEEL,2016-06-02,0.0,pledge created,2016-06-02,Large,42587.11222826086,True,0.1643580194802856,-0.02157210401891263,-0.06670813369090256,0.10549645390070905,-0.00440855684144803,0.21690307328605196,0.20532337251388655,0.497931442080378,0.29719659702547707,2016-22,< 0.05% of mcap
TCIFINANCE,2016-12-13,59411700.0,pledge created,2016-12-13,Micro,34.622448979591844,False,0.026469166508984565,-0.05918367346938769,-0.10117842412555567,0.08775510204081627,0.015683029968744044,-0.02448979591836742,-0.2138726711688157,0.01632653061224487,-0.44052142492566704,2016-22,> 1%
TCS,2016-01-28,38845000000.0,pledge created,2016-01-28,Large,420896.3982447586,True,0.012299006968758963,-0.08970016309120565,-0.017370878529498868,0.033036423702588635,0.022462239314959498,0.11081838330615135,-0.04029377339429718,-0.06295320536946425,-0.2605461248465296,2016-22,0.2-1%
TCS,2018-06-08,68508002758.0,pledge created,2018-06-08,Large,630875.1693320331,True,0.1331363880757671,0.07166942904497908,0.0969813514101508,0.1892038635194604,0.19377406720798662,0.13719494770532092,0.20599480261724262,0.3019088986683429,0.37377104229228675,2016-22,> 1%
TEMBO,2025-09-20,193500000.0,pledge created,2025-09-22,Micro,1115.9896013864816,False,0.28335569167725416,0.020992043338412092,0.06016841863603334,0.26121550702556284,0.3714748953337317,-0.20873539867953272,0.08267538478829795,-0.02370069409175557,0.14106841452924934,2023-26,> 1%
TEXINFRA,2018-12-27,42481000.0,pledge created,2018-12-27,Micro,718.5882352941177,False,-0.03212777470718098,0.004444444444444473,0.08419904567143832,0.008000000000000007,0.07138028169014077,-0.1173333333333334,0.039634671820198975,-0.1724444444444445,0.10287709896391561,2016-22,0.2-1%
TEXRAIL,2018-12-27,42481000.0,pledge created,2018-12-27,Small,2346.7810606060607,False,-0.07279154040809205,-0.09133126934984526,-0.028063032933147602,0.17647058823529416,0.1543520832556231,0.1781905744754042,0.22517714834080704,-0.39370485036119707,-0.28113949869001176,2016-22,0.05-0.2%
TFCILTD,2019-07-15,1111502400.0,pledge created,2019-07-15,Micro,610.1768309859154,False,-0.2745166334980333,0.183001531393568,0.29533173946593294,0.22128637059724343,0.34192798517665457,0.06125574272588041,0.09248035981017105,-0.43185298621745793,-0.2469214793681429,2016-22,> 1%
THYROCARE,2022-06-28,23467276534.0,pledge created,2022-06-28,Micro,3353.725149812734,False,-0.0956097816056597,-0.007045291157440681,-0.058918196688469426,0.09825065899832253,-0.0031627685635149394,0.0022525760843516984,-0.13797730897311955,-0.1491972202252576,-0.4004451403583691,2016-22,> 1%
THYROCARE,2023-03-10,0.0,pledge created,2023-03-10,Micro,2524.8147003745316,False,-0.14794218259551561,0.043030690537084304,0.012857313323143216,-0.0012787723785167016,-0.1597016176221312,0.16131713554987215,-0.17316145783976522,0.3437979539641942,-0.15727701973325758,2023-26,< 0.05% of mcap
THYROCARE,2024-06-18,0.0,pledge created,2024-06-18,Micro,3456.661741573034,False,-0.10205403510217803,-0.0021169497106834356,-0.006107137131917684,0.33452509761490345,0.24318628701136513,0.5245801383073811,0.4475269511332909,0.5000705649903563,0.5625703731758205,2023-26,< 0.05% of mcap
THYROCARE,2025-09-18,323232320.0,pledge created,2025-09-18,Micro,6345.578782771536,True,0.22343244585250432,0.042615120531382944,0.08381733808884023,0.12719854715526036,0.242243793188399,-0.08836480334353314,0.19059439525966565,0.36403214170211684,0.5336826074798102,2023-26,0.2-1%
TIINDIA,2021-12-01,118736250.0,pledge created,2021-12-01,Mid,31697.700757894738,True,0.22486935062624736,0.05103018687110694,0.04285778694224929,-0.08972208912314328,-0.006235541589201088,-0.06190105414470526,0.038583207356505334,0.7755450407283182,0.7424616403047268,2016-22,< 0.05% of mcap
TMPV,2017-02-27,1184800000.0,pledge created,2017-02-27,Large,102004.88327464789,True,-0.06526265972374723,0.025503937576764724,0.00020271403422789103,0.04356621631385016,-0.03032219703395156,-0.1442814825518387,-0.26184330720748483,-0.24138429304241016,-0.32600812726298933,2016-22,0.05-0.2%
TMPV,2017-11-21,1441400000.0,pledge created,2017-11-21,Large,94530.53014084508,True,0.05355952964021671,-0.018209116107175793,-0.030143096496503707,-0.1635740683708038,-0.13066837926193897,-0.3086695411148752,-0.2627272739416967,-0.5988219895287958,-0.4685185118488559,2016-22,0.05-0.2%
TREEHOUSE,2016-03-14,383134619.0,pledge created,2016-03-14,Micro,309.4014084507042,False,-0.5128961005148361,0.06603773584905648,-0.03726804927491045,-0.34366576819407,-0.4740165536075628,-0.5377358490566038,-0.7802743663630836,-0.7237196765498652,-1.1453701226524777,2016-22,> 1%
TRUALT,2025-11-12,9503592930.0,pledge created,2025-11-12,Micro,4133.828571428571,False,,-0.14139603542808943,-0.07821684467664436,-0.0829818641923239,0.02058218539445289,0.008435259384226068,0.1342925897017691,,,2023-26,> 1%
TVSHLTD,2023-09-04,12793711797.0,pledge created,2023-09-04,Small,10956.509159990088,False,0.036503932596664734,0.00240547313735906,0.019493102565515452,0.22961750233230283,0.1827792568639206,0.6340845482649495,0.5014961421104702,1.6380997676843436,1.2780998914730195,2023-26,> 1%
TVSHLTD,2024-12-30,5598297300.0,pledge created,2024-12-30,Small,21204.649483769717,False,-0.173743179931376,-0.10250564099659176,-0.004171714441051078,-0.18264555659406545,-0.0380949732279548,0.03756573295191701,0.062392078379578886,0.3995336146750881,0.4889988385594033,2023-26,> 1%
TVSHLTD,2025-05-08,11817650000.0,pledge created,2025-05-08,Small,18220.399273147767,True,0.01903329041014451,0.27091611170182994,0.1354859960785465,0.291174660025743,0.2097752557063699,0.6889585315350608,0.6138350502933124,0.5494991325759695,0.5396802524599538,2023-26,> 1%
UFLEX,2018-10-26,304865000.0,pledge created,2018-10-26,Small,1914.3955167173253,False,0.1854728527443052,0.02107558139534893,0.005582533958555458,-0.09393168604651159,-0.0692330534643037,-0.19095203488372092,-0.21078048637756708,-0.263626453488372,-0.18120103298706297,2016-22,> 1%
UFLEX,2020-01-24,542808000.0,pledge created,2020-01-24,Micro,1598.6375379939211,False,0.0271599484946885,0.019058553386911647,0.12939090699306122,-0.15476463834672782,0.1470322443448524,0.20229621125143527,0.3869194588921976,0.6828932261768081,0.4996737481596423,2016-22,> 1%
UFLEX,2022-04-01,711769500.0,pledge created,2022-04-01,Small,4494.589285714286,True,0.26090106493540616,-0.0216284987277352,0.04650435674911568,-0.07554071246819338,0.04799134000027394,0.1674618320610688,0.18293268506009414,-0.4096692111959287,-0.31479384519549614,2016-22,> 1%
UFLEX,2023-02-28,102558500.0,pledge created,2023-02-28,Micro,2732.4793313069913,False,-0.30678654608073075,-0.1781699504411942,-0.14046554000046085,-0.010999637374591975,-0.1230308274286146,0.12788589387163074,-0.19875946882979523,0.01909827148555543,-0.5873832711268681,2023-26,0.2-1%
UFLEX,2025-03-06,23015000.0,pledge created,2025-03-06,Micro,3355.334498480243,False,0.07977718666065475,0.029118938015201712,0.08251923810452066,0.33069264532705267,0.21340280099249997,0.1837062413017878,0.100851171015225,-0.05234985547585913,0.1216057707993548,2023-26,0.05-0.2%
UFO,2020-03-16,172256056.0,pledge created,2020-03-16,Micro,278.3184165232358,False,-0.2133806737078467,0.08791208791208782,0.026930976519896177,0.19340659340659339,-0.12171945701357467,0.1377289377289379,-0.3207440604088647,0.12893772893772892,-0.8377289377289379,2016-22,> 1%
UFO,2020-08-24,177913734.0,pledge created,2020-08-24,Micro,307.881239242685,False,-0.2913779830638956,-0.07129094412331405,0.02122526094445254,-0.03018625561978161,-0.018536231844222817,0.03789338471419401,-0.1917044286399645,0.16891457931920373,-0.594368183116101,2016-22,> 1%
UPL,2020-03-20,0.0,pledge created,2020-03-20,Large,24286.585185185184,True,-0.1622773607550581,0.37216444189665054,0.1743581475005802,0.7292195561379085,0.395618964252602,1.091147326181312,0.7230304839435188,1.3395708787159117,0.5641074596358011,2016-22,< 0.05% of mcap
V2RETAIL,2026-03-31,633150000.0,pledge created,2026-04-01,Micro,6912.470526315789,True,0.031225027700715224,0.08632830838245265,-0.08984406170626724,0.19592092222627921,0.029254255559612696,,,,,2023-26,0.2-1%
VERANDA,2024-03-28,2070740199.0,pledge created,2024-03-28,Micro,1722.6386877828054,True,-0.3257387135067129,-0.0386536944517486,-0.10047187626993037,0.31117538785169585,0.16299173981182213,0.5540362871417301,0.3459374464578182,0.1331054430712595,0.19300134525235674,2023-26,> 1%
VERTOZ,2025-10-06,88668000.0,pledge created,2025-10-06,Micro,627.0227528089887,False,,-0.03952679192762687,-0.01034119248687182,-0.04467640918580362,0.05041936584476292,-0.37773138482950586,-0.19883755721643703,,,2023-26,> 1%
VIKASECO,2019-03-01,23850000.0,pledge created,2019-03-01,Micro,1448.3009708737866,False,0.007008933207604207,-0.022222222222222254,-0.019259259259259198,0.03555555555555556,0.09869472361157083,-0.6533333333333333,-0.4344273818835207,-0.8666666666666667,-0.4269142901411007,2016-22,0.05-0.2%
VIKASECO,2019-07-18,31380000.0,pledge created,2019-07-18,Micro,570.1456310679612,False,-0.4722222222222221,-0.1428571428571428,-0.042120042120042056,-0.36263736263736257,-0.26725289317201073,-0.4065934065934065,-0.42187907135638836,0.4505494505494505,0.6204707349019698,2016-22,0.2-1%
VIKASLIFE,2019-10-16,9225000.0,pledge created,2019-10-16,Micro,645.2479338842976,False,0.5362568393949144,0.08479532163742687,0.062214676476136654,-0.23976608187134496,-0.38252614756022885,-0.6345029239766082,-0.405877256419866,0.9590643274853803,0.9296525627794978,2016-22,0.05-0.2%
VIKRAMSOLR,2025-09-03,41053007131.0,pledge created,2025-09-03,Small,12029.5625,False,,0.0158311345646438,0.01746267835672638,-0.23079310880024828,-0.19019075064196111,-0.46987428216669247,-0.31369992766132776,-0.48592270681359606,-0.4316335011525645,2023-26,> 1%
VIKRAMSOLR,2026-02-06,3195409095.0,pledge created,2026-02-06,Micro,7542.175,False,-0.20386585254794654,-0.16314494032415372,-0.06060321960374637,-0.037338039288533964,-0.011843502403580675,-0.25625783680861935,-0.254142553889529,,,2023-26,> 1%
VINCOFE,2025-07-11,672500000.0,pledge created,2025-07-11,Micro,1976.201611111111,False,0.3501787429632006,0.1006438244653296,0.15932927047471923,0.04047953822245254,0.11171241493478123,0.16887441722785468,0.3294053463538251,0.15562791386072683,0.3043245689933681,2023-26,> 1%
VIPCLOTHNG,2017-11-24,319275000.0,pledge created,2017-11-24,Micro,477.0536585365854,False,-0.23945986810611153,0.48916116870876536,0.4365043185167037,0.2459943449575872,0.2704509462940207,0.07634307257304429,0.21495338775929063,-0.4863336475023562,-0.1585451852786482,2016-22,> 1%
VIPCLOTHNG,2022-09-03,206404786.0,pledge created,2022-09-05,Micro,271.06341463414634,False,0.06751928242280858,0.2016528925619836,0.2348376476888681,0.49752066115702465,0.5005931837416234,0.393388429752066,0.4808766705799117,0.578512396694215,0.3485520238208646,2016-22,> 1%
VISHNU,2016-06-24,1000000.0,pledge created,2016-06-24,Micro,326.5596234939759,False,-0.020416801167332688,0.13025807762649855,0.06876642592783422,0.18451534241007916,0.10129105557417217,-0.010566957935379095,-0.049863941547028334,-0.09916683600894127,-0.44157501472912286,2016-22,< 0.05% of mcap
VIYASH,2016-05-24,0.0,pledge created,2016-05-24,Mid,5992.4627118644075,False,,0.008336353751359216,-0.029813060547392634,0.04421891989851412,-0.08468332446845883,-0.14570496556723445,-0.23195515165237868,-0.19282348677056904,-0.4933079944698544,2016-22,< 0.05% of mcap
VIYASH,2016-11-29,0.0,pledge created,2016-11-29,Small,5218.031779661017,False,-0.13628439609760884,-0.033965593295103624,-4.1288199506550605e-06,0.21967357741508597,0.14793307022887237,0.005734450816056613,-0.17323062684421775,-0.11468901632112927,-0.4746617832724206,2016-22,< 0.05% of mcap
VIYASH,2018-03-22,0.0,pledge created,2018-03-22,Small,3565.471186440678,False,-0.061184615051565194,-0.1314321140731557,-0.2008839691715798,-0.30316181029138256,-0.2513168862890881,-0.31990080595164294,-0.18483734319994816,-0.10105393676379426,0.058670447076249355,2016-22,< 0.05% of mcap
VMART,2020-10-16,53401250.0,pledge created,2020-10-16,Small,3834.69,False,-0.04323105118286119,0.02919677800095255,-0.018733098831763106,0.2486074586378979,0.05469508324016681,0.32574079059076877,-0.010067016866135647,0.9879899778435797,0.220845158277293,2016-22,0.05-0.2%
VPRPL,2025-10-06,521410760.0,pledge created,2025-10-06,Micro,1159.2334459459457,True,-0.37073976023077193,-0.0473134653034587,-0.01812786586270365,-0.4164672612573418,-0.32137148622677525,-0.53719817272134,-0.35830434510827114,,,2023-26,> 1%
WABAG,2019-02-18,478867350.0,pledge created,2019-02-18,Micro,1671.9960213488598,False,0.15212424358895482,0.22733124885046885,0.10968419002693941,0.13297774508000737,0.03607598283799718,0.027036968916681836,0.19591770697607258,-0.30752253080743064,-0.07359395937885915,2016-22,> 1%
WALCHANNAG,2024-08-20,3765008342.0,pledge created,2024-08-20,Micro,2517.1694999999995,True,0.6037706916851118,-0.2260847173941033,-0.21780692189644513,-0.40234324707094116,-0.30002507676985884,-0.5409038238702202,-0.2874710117422735,-0.5272820908973863,-0.3572807196908222,2023-26,> 1%
WEBELSOLAR,2019-01-28,9200000.0,pledge created,2019-01-28,Micro,95.41643059490087,False,-0.34285714285714286,0.08658008658008653,0.13564898649739088,0.051948051948051965,0.07085708610814145,-0.23809523809523814,0.0,0.2857142857142858,0.4818568528245949,2016-22,0.2-1%
WEBELSOLAR,2019-09-07,14000000.0,pledge created,2019-09-09,Micro,83.70623229461758,False,-0.19818100658408666,0.10582010582010581,0.17777328307763085,0.19047619047619047,0.26191085129704045,-0.1428571428571428,0.13246576672817334,0.02645502645502651,0.031189294890417996,2016-22,> 1%
WEBELSOLAR,2020-01-06,132494550.0,pledge created,2020-01-06,Micro,105.82549575070823,False,0.10589751352465937,0.026022304832713727,0.027323801553943206,-0.49070631970260215,-0.14399625702804447,-0.241635687732342,-0.1442674448516812,0.7546468401486988,0.411008314583895,2016-22,> 1%
WOCKPHARMA,2018-12-24,520400000.0,pledge created,2018-12-24,Mid,8185.918809073725,True,-0.1517882307108111,-0.04417432552623768,-0.037139453347992235,-0.15110188753829423,-0.1728061505379116,-0.2608953453898607,-0.25698014070387254,-0.5335507461211582,-0.5505239811717401,2016-22,0.2-1%
WOCKPHARMA,2019-05-23,58155000.0,pledge created,2019-05-23,Small,6348.710515122874,True,-0.08687715307602162,-0.05060181773520023,-0.003980659289244459,-0.37582903463522477,-0.2049883032394051,-0.36686317858020145,-0.25293501511075356,-0.39719970523212966,-0.057766951343749096,2016-22,0.05-0.2%
WOCKPHARMA,2021-02-05,3045360000.0,pledge created,2021-02-05,Small,8249.998038752365,True,0.5262273009056416,-0.02925820116244704,-0.06367406949371135,0.248743966111713,0.14540699825034187,-0.03654812333760227,-0.2999898517662416,-0.23101172298295736,-0.480150255034445,2016-22,> 1%
WSI,2026-04-03,50000000.0,pledge created,2026-04-06,Micro,604.2177777777778,False,-0.000726266713043211,-0.05400078833267641,-0.21202520316076467,-0.16331625279201156,-0.282765060445874,,,,,2023-26,0.2-1%
YESBANK,2019-07-23,16253667500.0,pledge created,2019-07-23,Large,281817.9,True,-0.5789324418724888,-0.2944475602916433,-0.261463581263467,-0.3628715647784634,-0.41479432375399916,-0.5378575434660684,-0.5737593401819784,-0.8653954010095345,-0.7587409446121581,2016-22,0.2-1%
ZEEL,2016-01-20,4764184250.0,pledge created,2016-01-20,Large,36965.01744966443,True,0.03250712129876249,0.01879942953455216,0.02797618861632578,0.05017502917152861,-0.03831721991246084,0.26500713081809946,0.06761762616924116,0.28704784130688465,0.08819493820268942,2016-22,> 1%
ZEEL,2019-10-09,53666529978.0,pledge created,2019-10-09,Mid,23657.418791946307,True,-0.25505628261905056,0.2465306122448978,0.18170170108558314,0.07346938775510203,-0.031055868760036076,-0.45408163265306123,-0.24791063889707943,-0.25530612244897966,-0.2963997204533523,2016-22,> 1%
ZEEL,2020-06-17,362457000.0,pledge created,2020-06-17,Mid,15871.006711409396,True,-0.1261639613113157,-0.09747706422018343,-0.1469322621476573,0.2468463302752293,0.04925011159995274,0.3302752293577982,-0.0048814184623385826,0.27121559633027514,-0.3932488821902683,2016-22,0.2-1%
ZEEL,2022-03-11,749302050.0,pledge created,2022-03-11,Mid,23320.761073825503,True,-0.23108398032395322,0.07754629629629628,0.021173922055152894,-0.14737654320987648,-0.07512360944981455,0.0746527777777779,-0.04467136796063631,-0.20254629629629628,-0.20646357991729836,2016-22,0.2-1%
ZEELEARN,2016-01-18,859534000.0,pledge created,2016-01-18,Small,1075.7777777777776,False,0.08501015195587486,-0.19342105263157894,-0.12252775468108179,-0.21052631578947367,-0.26611698278171336,-0.17499999999999993,-0.33618275607958736,0.21578947368421053,-0.03739020430984619,2016-22,> 1%
ZEELEARN,2018-02-06,462245000.0,pledge created,2018-02-06,Micro,1366.7936507936506,False,-0.03107836576228984,-0.13418903150525086,-0.06780679968961523,-0.17386231038506428,-0.09627610348851257,-0.1388564760793466,0.029206351145784293,-0.35472578763127194,0.05143398137739019,2016-22,> 1%
ZEEMEDIA,2016-01-20,1155343300.0,pledge created,2016-01-20,Small,1201.2760055478502,False,-0.059592526697537895,-0.02732240437158473,0.020492114041365972,0.021857923497267784,-0.04405605926357614,0.3579234972677596,0.18497685213407722,1.07103825136612,0.78502976581635,2016-22,> 1%
ZEEMEDIA,2016-11-25,1855561900.0,pledge created,2016-11-25,Small,2363.273231622746,True,0.5011108402669192,0.08345120226308333,0.11481592310985272,-0.005657708628005742,-0.08789036525922611,0.05516265912305496,-0.14918077788274364,0.22489391796322478,-0.20884582842507837,2016-22,> 1%
ZEEMEDIA,2018-02-12,2396829500.0,pledge created,2018-02-12,Small,2900.0832177531206,False,0.027254374433326456,-0.0485875706214689,0.01206786054609682,-0.2892655367231639,-0.2084709694581413,-0.32881355932203393,-0.1624551440587223,-0.6813559322033899,-0.33936369164807306,2016-22,> 1%
ZEEMEDIA,2019-04-08,437645840.0,pledge created,2019-04-08,Micro,1073.619972260749,False,-0.1985217855448122,-0.026666666666666727,0.07553250936764233,-0.16666666666666663,-0.014863027592297906,-0.6399999999999999,-0.3588750905677134,-0.6566666666666666,-0.20400394477317552,2016-22,> 1%
ZEEMEDIA,2019-09-30,188810781.0,pledge created,2019-09-30,Micro,608.8210818307906,False,-0.10703516079225273,-0.3579545454545454,-0.3878499116727816,-0.3125000000000001,-0.3487344661707722,-0.5568181818181819,-0.19050881436489198,-0.4204545454545455,-0.42641876016627533,2016-22,> 1%
ZENTEC,2020-02-10,882750000.0,pledge created,2020-02-10,Micro,548.4935202492212,False,-0.06795602932495826,-0.435414884516681,-0.15654119695702462,-0.320786997433704,0.00033716468883437933,0.4773310521813514,0.5346190689998517,0.4559452523524379,0.1652637502662071,2016-22,> 1%
ZUARI,2016-02-18,6940000.0,pledge created,2016-02-18,Micro,522.7690909090909,False,-0.04764087227282038,0.052837573385518644,0.003016812657939183,0.28414872798434443,0.15236578224791053,0.4223091976516633,0.18202519167259035,1.7542074363992173,1.306985459542049,2016-22,0.05-0.2%
ZUARI,2016-11-16,138720000.0,pledge created,2016-11-16,Micro,881.8045454545454,False,0.2306762834839416,0.10600879335613111,0.0468453518373646,0.5454323400097707,0.44459200387531683,0.9259892525647291,0.6722847173155149,1.6932095749877871,1.1806358966463746,2016-22,> 1%
ZUARI,2018-12-26,287164242.0,pledge created,2018-12-26,Micro,976.2986363636363,False,-0.05266692153943081,-0.06489292667099289,-0.014822898659788364,-0.19662556781310847,-0.1368670402821342,-0.35799264546831067,-0.19999264546831075,-0.46701276227557864,-0.20228842837639793,2016-22,> 1%
ZUARI,2019-04-01,654690000.0,pledge created,2019-04-01,Micro,807.5140909090909,False,-0.13407057162591018,-0.11772486772486768,-0.04029123940628365,-0.24682539682539684,-0.10698715154410116,-0.5531746031746032,-0.2607014848950333,-0.5309523809523808,-0.05625800718435453,2016-22,> 1%
ZUARI,2020-03-19,193350000.0,pledge created,2020-03-19,Micro,219.5040909090909,False,-0.10058443851610649,0.5144144144144143,0.3902609155430825,0.8819819819819821,0.4631140574536803,0.4513513513513514,-0.04628969740531608,0.6306306306306306,-0.478405739840325,2016-22,> 1%
ZUARI,2020-08-24,97845000.0,pledge created,2020-08-24,Micro,407.8609090909091,False,-0.3798543689320393,-0.1548696114954763,-0.0623534064277097,-0.08834486428951571,-0.07669484051395692,0.15646620542841938,-0.07313160792573914,0.27461415646620546,-0.4886686059690992,2016-22,> 1%
ZUARI,2021-07-26,140150000.0,pledge created,2021-07-26,Micro,562.545,False,0.07997904947091017,-0.06908267270668167,0.02432957639264932,-0.11589278973197426,-0.07817608003075693,-0.14156285390713463,-0.2381423307683016,0.15477538693846737,0.14710976801515685,2016-22,> 1%
ZUARI,2022-03-28,441626081.0,pledge created,2022-03-28,Micro,564.8599999999999,False,0.2510513549768702,0.36862606232294626,0.29352976725824154,0.029745042492917984,0.10568849192718482,0.1342067988668556,0.10796412346632944,-0.14164305949008493,-0.06944089342510296,2016-22,> 1%
ZUARI,2022-07-07,415637000.0,pledge created,2022-07-07,Micro,629.8904545454545,False,0.0031541735854555553,0.09006928406466508,0.03693525112976581,0.23094688221709014,0.11219851539963777,0.04816892114813576,-0.0804025074232928,0.09534806994391287,-0.14518917059332748,2016-22,> 1%
ZUARI,2022-11-04,1283530000.0,pledge created,2022-11-04,Micro,726.91,True,0.04957820687332126,0.04553961322520261,0.03482944320603243,-0.0411728009981287,0.016231003604230354,-0.1830941983780413,-0.15692128653478848,-0.02308172177167822,-0.3091320203061453,2016-22,> 1%
ZUARI,2023-09-01,40812500.0,pledge created,2023-09-01,Micro,677.4531818181817,False,-0.029042530179488102,-0.04586303067864894,-0.043009809066398064,0.1323210412147504,0.048684099118577295,0.26650139448404087,0.06368094045973471,0.2013015184381779,-0.2356008173511308,2023-26,0.2-1%
ZUARI,2024-05-24,381920000.0,pledge created,2024-05-24,Micro,735.1177272727273,False,-0.22769029588306056,0.1966298342541437,0.1271307287085266,0.14259668508287304,-0.021201534501696706,0.22690607734806623,0.13792552342938635,0.18707182320441995,0.19581637773890037,2023-26,> 1%
ZUARIIND,2016-02-18,18380000.0,pledge created,2016-02-18,Micro,274.0964539007092,False,0.24597272828978228,0.0345394736842104,-0.015281287043369063,0.10032894736842102,-0.03145399836801288,0.05756578947368429,-0.18271821650538866,0.33278508771929816,-0.1144368891378702,2016-22,0.2-1%
ZUARIIND,2016-11-16,47500000.0,pledge created,2016-11-16,Micro,273.1943262411347,False,0.007807314337224758,0.06859410430838997,0.009430662789623456,0.2828798185941044,0.18203948245965051,0.56859410430839,0.31488956905917576,1.526643990929705,1.0140703125882924,2016-22,> 1%
ZUARIIND,2018-12-26,138286427.0,pledge created,2018-12-26,Micro,339.9517730496454,False,0.13012043836389825,0.013351134846461887,0.06342116285766641,-0.03515798842901641,0.024600539101957863,-0.1971517578994214,-0.03915175789942149,-0.34534935469514905,-0.08062502079596834,2016-22,> 1%
20MICRONS,2022-03-10,42502735.0,pledge released,2022-03-10,Micro,258.6123255813954,False,0.1959172807502909,0.18894009216589858,0.10657212586098685,-0.0408163265306124,0.04286281525041258,0.42396313364055294,0.33852815298222894,-0.11849901250822914,-0.07169223799738123,2016-22,> 1%
360ONE,2021-12-31,1558865000.0,pledge released,2021-12-31,Small,14424.162631067962,True,-0.0806998890454107,0.11975932212745977,0.10567527175979807,0.16013910739422044,0.19600524876494896,0.05749220280974843,0.21832870247138636,0.2350749358284343,0.3290264443176104,2016-22,> 1%
360ONE,2022-12-02,2421926511.0,pledge released,2022-12-02,Mid,18266.83986407767,False,0.06593457456942997,-0.013120441202633004,0.021671756634114914,-0.006404554349759839,0.04272754789180666,-0.06177726383205839,-0.08481449675211361,0.43768902330546156,0.16407928900158852,2016-22,> 1%
360ONE,2024-09-23,108650000.0,pledge released,2024-09-23,Mid,43649.23689320388,True,0.24748246365876492,-0.03959019053358681,0.04019504037887156,0.16475824022993835,0.260784880488622,-0.11024060080663856,0.04668766094660137,-0.046219461313800836,0.03679314700772096,2023-26,< 0.05% of mcap
360ONE,2025-06-19,2422902768.0,pledge released,2025-06-19,Mid,45291.163495145636,True,0.11605710236002909,0.07381842163112773,0.034153002884096395,-0.04963728291932301,-0.07430071400717697,0.02484062431303591,0.01817190668768842,-0.05508903055616632,-0.04559427283011824,2023-26,0.2-1%
AARTIIND,2020-11-02,0.0,pledge released,2020-11-02,Mid,18246.83823529412,True,-0.07088607935223379,0.17590935022524734,0.02793208125969926,0.16863061397123902,-0.09557152996906515,0.7085948104577735,0.34664339918945364,0.8842090767808313,0.1604586492941703,2016-22,< 0.05% of mcap
ABCAPITAL,2018-03-26,0.0,pledge released,2018-03-26,Large,40069.07926509187,False,-0.11317615956124322,0.04969778374748146,-0.003742819013472176,-0.14842175957018133,-0.12885775753400297,-0.23002014775016788,-0.19273181973027276,-0.3263935527199463,-0.299583736669854,2016-22,< 0.05% of mcap
ABCAPITAL,2018-10-03,0.0,pledge released,2018-10-03,Mid,30092.751968503937,True,-0.08881079386066554,-0.045842696629213475,-0.06769996757709551,-0.12269662921348323,-0.15292821651499222,-0.1204494382022473,-0.16968982613880523,-0.29842696629213483,-0.2574725452403091,2016-22,< 0.05% of mcap
ABFRL,2018-03-21,5963100.0,pledge released,2018-03-21,Small,6292.954289479486,True,-0.09009334085633991,0.05617572920417735,-0.006658581910010453,0.027367662945624982,0.08939116370686506,0.3147281238746851,0.45799384853808406,0.5869643500180053,0.7645689371309423,2016-22,< 0.05% of mcap
ABFRL,2018-10-03,111092553.0,pledge released,2018-10-03,Mid,8097.29005327092,True,0.38504121783609996,0.054505614900027366,0.03264834395214533,0.1347576006573541,0.1045260133558451,0.18296357162421262,0.13372318368765468,0.08408655162969048,0.1250409726815162,2016-22,0.05-0.2%
ABREL,2018-03-20,119500.0,pledge released,2018-03-20,Small,5701.0061054260905,True,-0.049235078259604714,0.07401472498917294,0.02064182371476131,-0.22204417496751838,-0.15215547243197697,-0.24889562581203983,-0.09588750327427598,-0.215937635339974,-0.015864665575253845,2016-22,< 0.05% of mcap
ABREL,2018-10-03,10167060.0,pledge released,2018-10-03,Small,3974.4156849256174,True,0.023474960494911323,0.09741886981581249,0.07105440989959078,0.13413106127051755,0.09591675314776926,0.13231424633504574,0.08255305912372257,0.07334772649144283,0.20707794372682692,2016-22,< 0.05% of mcap
ADANIENSOL,2016-07-21,449200000.0,pledge released,2016-07-21,Small,4557.7943726235735,False,0.047058763467764164,0.014531043593130732,0.01022184369186141,0.14134742404227207,0.05960270159012271,0.6763540290620873,0.6310069302059607,2.3368560105680314,2.0788694997948243,2016-22,0.2-1%
ADANIENT,2016-07-22,1303500000.0,pledge released,2016-07-22,Mid,7621.090518807286,True,-0.08227812225885722,-0.07412605256442972,-0.0951460707006857,-0.17185506506761927,-0.2384816557843752,-0.010461852513396264,-0.05882551381037071,0.7056647103853024,0.512742183039648,2016-22,> 1%
ADANIENT,2016-12-19,705200000.0,pledge released,2016-12-19,Mid,6832.103900819273,True,0.08257015342337681,0.09607423269093518,0.0403063283090217,0.40827980014275544,0.2714805525693572,0.8109921484653821,0.5841198670842102,1.2545324768022845,0.8027236893647535,2016-22,> 1%
ADANIENT,2018-06-01,2507109000.0,pledge released,2018-06-01,Mid,11165.268501197883,True,-0.3833104479108983,-0.08598047914818097,-0.060566737443766616,0.8108251996450755,0.7778572572248456,0.8497055556240305,0.9305434681349893,0.852201279236827,0.9205398075921296,2016-22,> 1%
ADANIGREEN,2019-06-10,2595000000.0,pledge released,2019-06-10,Small,7088.906103286385,False,0.21831838907429746,0.15393654524089317,0.21400911533249806,0.14923619271445365,0.2637099928146832,2.158636897767333,2.294853583968891,8.886016451233843,9.152834252229358,2016-22,> 1%
ADANIGREEN,2019-11-05,26199900000.0,pledge released,2019-11-05,Mid,14987.500782472613,True,0.8150970529156946,0.39977851605758596,0.41230151810154614,1.1926910299003324,1.137011512102049,1.5033222591362128,1.7485278988791975,8.523809523809524,8.54741315605525,2016-22,> 1%
ADANIPORTS,2016-02-16,17843200000.0,pledge released,2016-02-16,Large,46471.05569620253,True,-0.20204230976860593,0.13858823529411768,0.06879543420054357,-0.14894117647058824,-0.23090866412855038,0.2823529411764707,0.031157276976227277,0.3988235294117648,0.12270601911626189,2016-22,> 1%
ADANIPORTS,2018-06-21,10504999000.0,pledge released,2018-06-21,Large,85102.22278481012,True,-0.028821275426188064,0.049070530344450525,0.0771009552344511,-0.07613449972662667,-0.04960793621714321,0.0590486604702023,0.09226089961422596,0.1342263531984691,0.1564943155186871,2016-22,> 1%
ADANIPOWER,2017-03-27,8915200000.0,pledge released,2017-03-27,Mid,15127.200459183674,False,0.18535459374794194,-0.17293233082706772,-0.235230315344921,-0.2706766917293233,-0.31148131246763433,-0.2656641604010025,-0.32715368312455795,-0.3721804511278196,-0.5404344193817879,2016-22,> 1%
ADANIPOWER,2017-09-05,1101800000.0,pledge released,2017-09-05,Mid,11997.434846938775,False,0.12053903879714623,-0.015898251192368762,-0.028285932208078957,0.04133545310015885,-0.022999806387583033,-0.19077901430842614,-0.2421640542453346,-0.006359300476947549,-0.034216533077289224,2016-22,0.2-1%
ADANIPOWER,2018-12-27,3969800000.0,pledge released,2018-12-27,Mid,19841.168418367346,False,0.9925183103156914,-0.21393523061825315,-0.16725583561082158,-0.05397448478900868,-0.06802296508214534,0.2904808635917566,0.31046854384593925,0.1746810598626105,0.17349701965854442,2016-22,> 1%
ADANIPOWER,2019-06-08,1232200000.0,pledge released,2019-06-10,Mid,18295.605153061224,False,-0.057458579799202436,0.3046632124352331,0.3486105927440483,0.32227979274611385,0.3974803523144877,0.26424870466321226,0.2826511404504947,-0.21243523316062185,-0.034849633973482896,2016-22,0.2-1%
ADANIPOWER,2020-01-07,1569800000.0,pledge released,2020-01-07,Mid,23569.839795918364,False,-0.08442100698442034,0.035923141186299024,-0.0064513974008939545,-0.4920634920634921,-0.2180437500694969,-0.42021720969089393,-0.315166995763458,-0.10693400167084388,-0.2675088466381057,2016-22,0.2-1%
ADANIPOWER,2020-05-22,786800000.0,pledge released,2020-05-22,Mid,12750.89693877551,False,-0.14858994179137958,0.028610354223433276,-0.140630487629678,0.06675749318801083,-0.2585316888918464,0.043596730245231585,-0.3667029425593684,1.5926430517711174,0.7195145913349003,2016-22,0.2-1%
ADANIPOWER,2020-08-25,1779300000.0,pledge released,2020-08-25,Mid,15822.703928571427,False,-0.2919661531115949,-0.09589041095890405,-0.01660168025745351,-0.036114570361145626,-0.0822054923321236,0.3760896637608968,0.14337915260366407,1.4533001245330013,0.9374911065384229,2016-22,> 1%
ADANIPOWER,2020-12-10,1379300000.0,pledge released,2020-12-10,Mid,18063.770663265306,False,0.14750867839811754,0.25309336332958376,0.1845778387664958,0.7840269966254216,0.6139984825506226,1.7199100112485937,1.441145301694193,1.1844769403824524,0.877038435428479,2016-22,0.2-1%
ADANIPOWER,2021-07-20,3750600000.0,pledge released,2021-07-20,Mid,37499.228724489796,False,-0.008792388442105281,-0.2770137524557956,-0.23276009550010562,0.14980353634577614,0.08467413568285675,0.08005893909626716,0.027177414700014668,1.9243614931237722,2.0019573757009046,2016-22,> 1%
ADANIPOWER,2023-09-05,85251300000.0,pledge released,2023-09-05,Large,132319.5350510204,True,0.24913661638554718,-0.01596892533448424,0.0011022168752196637,0.535894115954539,0.45772992792127687,0.6309883470004316,0.4268558474790384,0.8733995108617463,0.4556044262808038,2023-26,> 1%
ADANIPOWER,2024-05-08,86384600000.0,pledge released,2024-05-08,Large,224357.82749999998,True,-0.014008312586544225,0.2517134464751958,0.17232844319893803,0.12850848563968675,0.018132969202161897,-0.02145887728459528,-0.08140951703110044,-0.11374020887728453,-0.14864373213631465,2023-26,> 1%
ADFFOODS,2023-08-09,443546483.0,pledge released,2023-08-09,Micro,2391.5495238095236,False,0.13879922427862845,0.19159312587087785,0.11770933752877866,0.0585229911751044,-0.032783256094445656,-0.13028332559219702,-0.40547077571710444,0.05671156525777965,-0.4067325435035496,2023-26,> 1%
ADFFOODS,2023-12-07,42650000.0,pledge released,2023-12-07,Micro,2262.8395604395605,False,-0.12553254649177759,-0.02475728155339807,-0.0852051908227911,-0.0021844660194174637,-0.06574621444468964,0.07888349514563098,-0.034742858745322236,0.6677184466019419,0.3607488030108432,2023-26,0.05-0.2%
ADFFOODS,2024-09-09,92610000.0,pledge released,2024-09-09,Micro,2855.409706959707,False,0.040817057728441686,0.1843725943033101,0.2205870872645881,0.27040030792917635,0.2843000810782792,-0.08052347959969208,0.20256761400101497,-0.10758275596612787,0.07298155677031604,2023-26,0.2-1%
ADFFOODS,2025-09-16,278280000.0,pledge released,2025-09-16,Micro,2536.04673992674,False,-0.1251905482732053,-0.1364542255014205,-0.08025168010419542,-0.1103337149641691,0.01873534208445443,-0.26035703684857736,-0.003326717163682269,0.15188907263706897,0.30652305517568545,2023-26,> 1%
AGARIND,2016-10-29,0.0,pledge released,2016-10-30,Micro,463.32653061224494,False,1.1554649537813702,0.0723806571605703,0.1890473238272371,0.09810911345319262,0.17621364970750852,1.216057036577805,1.1491931312523613,0.6584004959702416,0.40397872726275863,2016-22,< 0.05% of mcap
AJANTPHARM,2020-03-30,1501342100.0,pledge released,2020-03-30,Mid,10882.72182546258,True,0.5934523511332785,0.06049161790376245,-0.017707647786903036,0.03063005697849297,-0.26025956674596906,0.16265767892234884,-0.22605548714094958,0.26300130644329056,-0.561672589766252,2016-22,> 1%
AJANTPHARM,2022-06-06,1151200.0,pledge released,2022-06-06,Small,14412.138423087545,True,0.021984036449587796,0.039761344830589795,0.07104640530786993,0.17315564846267772,0.09525653473276885,0.07934848880759526,-0.02065801779660803,0.2530702900444215,0.16041839180997353,2016-22,< 0.05% of mcap
AJANTPHARM,2023-01-17,8456601693.0,pledge released,2023-01-17,Small,14606.787310135323,True,-0.05157324557076526,0.007428667904778141,0.04542974571067909,0.09479993246665552,0.14636806192887358,0.27616917102819527,0.13666738822066105,0.8445466824244474,0.38247681302121306,2023-26,> 1%
AJANTPHARM,2023-05-19,1214407900.0,pledge released,2023-05-19,Small,16258.429342723004,True,0.010973686908718139,0.12287313006737466,0.038051705725222096,0.36222450610939827,0.19951237655581422,0.4991054775227439,0.2337966193252793,0.853564767233832,0.3888802370018487,2023-26,0.2-1%
AJMERA,2019-11-05,235180000.0,pledge released,2019-11-05,Micro,94.49630252100842,False,-0.03433059244156267,-0.09980806142034537,-0.03940744508752558,0.021113243761996303,0.027276703656770984,-0.41074856046065267,-0.1052550079382184,-0.30326295585412666,-0.26622591881708957,2016-22,> 1%
AJMERA,2025-02-11,200430000.0,pledge released,2025-02-11,Micro,720.289243697479,True,0.12514030175408664,-0.11812117843246239,0.0080100765230679,-0.10783768760422441,-0.11861435055480052,0.009449694274597187,-0.0002775069116656148,2.986659255141746,3.1317840274907693,2023-26,> 1%
ANUP,2020-03-17,61191971.0,pledge released,2020-03-17,Micro,392.97180451127815,False,0.12431591161335886,-0.17065061622241318,-0.2935426795677827,-0.011177987962166736,-0.41068590265993365,0.6825451418744626,0.1266387599457759,0.6870163370593294,-0.40905024714252347,2016-22,> 1%
APLAPOLLO,2020-10-16,205036600.0,pledge released,2020-10-16,Small,7617.464479452055,True,0.4971953635799021,0.21552135747603485,0.1675914806433192,0.700517868292504,0.5066054928947729,1.3442905938957654,1.008482786438861,1.7933668784662284,1.0262220588999418,2016-22,0.2-1%
APOLLO,2022-10-15,196.0,pledge released,2022-10-17,Micro,871.1310173697271,False,0.7307992023629655,0.03979238754325243,0.050609045196037705,0.47404844290657433,0.4653047705641904,0.35596885813148793,0.4001039414168824,1.988754325259515,1.7621097174777582,2016-22,< 0.05% of mcap
APOLLO,2024-02-05,1328196500.0,pledge released,2024-02-05,Micro,4829.904466501241,True,0.06409125546331285,-0.07509433962264156,-0.02778853292590039,,,-0.15041509433962275,-0.21543184063698206,-0.03109433962264152,-0.01345919201284873,2023-26,> 1%
APOLLOHOSP,2016-01-20,175500000.0,pledge released,2016-01-20,Mid,19447.17850844967,True,0.07497210163068901,0.044047227400665356,0.07696546618847477,-0.03998976495960804,-0.10449434963947424,-0.00785904887231792,-0.15824829343057656,-0.0937602807325365,-0.31603558696787437,2016-22,0.05-0.2%
APOLLOHOSP,2016-04-27,12327200000.0,pledge released,2016-04-27,Mid,18839.141219691403,True,-0.11784698619798151,0.026691543235730864,0.04469152055440617,0.033469139093020406,-0.03935493485673802,0.021322773483608115,-0.14982432953859925,-0.053040399040475306,-0.35792239279318083,2016-22,> 1%
APOLLOHOSP,2017-04-29,7601500000.0,pledge released,2017-05-02,Mid,17572.992983100663,True,-0.1047602382572258,0.024648463047743485,0.034616745552017936,0.03646173969914979,0.01712578977817103,-0.15561641595814268,-0.24595606048451468,-0.12393721386527157,-0.2517935647995171,2016-22,> 1%
APOLLOHOSP,2018-10-05,927600000.0,pledge released,2018-10-05,Mid,15125.10639235856,True,0.054561859792060685,0.0460301321748775,-0.022972144102036296,0.1714576208522045,0.08646310629203313,0.15190867917552442,0.05426315994708142,0.3937055180700617,0.34966737065459785,2016-22,0.2-1%
APOLLOHOSP,2019-05-02,8921500000.0,pledge released,2019-05-02,Mid,17090.139842027922,True,-0.10587341379020432,0.13174351705161347,0.09969569149120716,0.13862252980905532,0.2176194608056768,0.22062870007504398,0.21656230268758647,0.07108313182689896,0.3219721946951992,2016-22,> 1%
APOLLOHOSP,2020-08-26,3787800000.0,pledge released,2020-08-26,Mid,23623.321675238796,True,-0.07378091444836643,0.2288787878787879,0.2862461622423296,0.3584848484848484,0.3119787841880223,0.8735454545454544,0.5880293393385274,2.053969696969697,1.5380433133705784,2016-22,> 1%
APOLLOHOSP,2021-07-08,12647000000.0,pledge released,2021-07-08,Large,52525.83769287289,True,0.14274432014193483,0.09042110630988498,0.09003880027800143,0.1747899836281166,0.08184685803804659,0.3578061676373494,0.2689727219125536,0.04620360181432681,0.09163448699989019,2016-22,> 1%
APOLLOHOSP,2023-03-18,475100000.0,pledge released,2023-03-20,Large,61705.054739162384,True,0.029512476134838928,0.03334113242863834,-0.007516337173246956,0.18049836218998583,0.0585702616488506,0.19257136172204037,-0.015086468517753304,0.45799017313991564,-0.034524711269604436,2023-26,0.05-0.2%
APOLLOHOSP,2023-06-22,4162633250.0,pledge released,2023-06-22,Large,72478.04481998531,True,0.024146714246541356,0.033049579323945366,-0.01589790633500321,0.010227036240573195,-0.06952522910778758,0.127243357876899,-0.07369149080933379,0.21703713246588507,-0.1999496538318678,2023-26,0.2-1%
APOLLOHOSP,2023-12-23,2984300000.0,pledge released,2023-12-26,Large,80592.12360396767,True,0.01373238898316742,0.08464250235166904,0.06940035861293481,0.09564919252037374,0.004727918350612037,0.07965784314587387,-0.10927894187028941,0.2957740287826707,0.1644118899233793,2023-26,0.2-1%
APOLLOHOSP,2025-03-12,1252600000.0,pledge released,2025-03-12,Large,87897.15512490815,True,-0.02516056770333991,0.15851711120028167,0.06341526691994537,0.13558752958325493,0.019778060890767724,0.2919181413936274,0.14632384923133968,0.20617788441853047,0.13712294294071137,2023-26,0.05-0.2%
APOLLOHOSP,2025-08-30,17490100000.0,pledge released,2025-09-01,Large,109754.30731080088,True,0.14335132059118233,-0.031372038531632396,-0.036585399472309876,-0.0648268680031242,-0.07046153763837826,0.012106222337932904,0.033398511213679594,0.15041655818797195,0.16588009766222422,2023-26,> 1%
APOLLOPIPE,2020-10-08,198618750.0,pledge released,2020-10-08,Micro,585.7445669291338,False,0.1888059701492535,0.5058345253331324,0.5203075374223542,0.7772340585711057,0.45691274531012616,1.5653090416321613,1.242813964541496,3.8910637657155753,2.7881087729819507,2016-22,> 1%
APOLLOTYRE,2018-06-07,142596500.0,pledge released,2018-06-07,Mid,17268.337777777775,True,0.09601626989933132,-0.04777475022706623,-0.0212051938829646,-0.0999091734786558,-0.0955184188812116,-0.14822888283378755,-0.058339770570968674,-0.3124432334241598,-0.20895998996304377,2016-22,0.05-0.2%
APOLLOTYRE,2018-09-18,392020000.0,pledge released,2018-09-18,Mid,14946.702222222222,True,-0.08205330003337691,-0.18178027934125496,-0.06699672919809252,-0.045028142589118136,0.016547733083623672,-0.11006879299562233,-0.059399210219412024,-0.2949760266833438,-0.18608481815651345,2016-22,0.2-1%
APOLLOTYRE,2019-01-02,1211143000.0,pledge released,2019-01-02,Mid,14446.08,True,0.04502005647838214,-0.08777704630239191,-0.06056162820299593,-0.021724818959841907,-0.048126213413017926,-0.1821373710774632,-0.16420478817688833,-0.23787579547948212,-0.29762591742384414,2016-22,0.2-1%
APOLLOTYRE,2020-06-30,513211000.0,pledge released,2020-06-30,Mid,6758.4,True,0.0481642369105848,-0.013211845102505726,-0.03676775608406513,0.16947608200455577,0.0640798486007611,0.6469248291571754,0.35696117646579795,1.0724373576309794,0.46529212312819634,2016-22,0.2-1%
APOLLOTYRE,2021-03-26,4767602600.0,pledge released,2021-03-26,Mid,14070.613333333333,True,0.12441660554861123,-0.007400762502803193,-0.010475046933221321,0.0219780219780219,-0.10502574862311709,0.005830903790087438,-0.20998061394386502,-0.10226508185691852,-0.2966385700039915,2016-22,> 1%
APOLLOTYRE,2021-08-03,1179350100.0,pledge released,2021-08-03,Mid,14364.728888888889,True,-0.0924992746136688,-0.010645375914836941,-0.018883321858705004,-0.012863162563761299,-0.060327393375555816,-0.007318695941450293,-0.021213874408323785,0.01530272787757836,0.053247434015184336,2016-22,0.2-1%
APOLSINHOT,2020-02-06,1171100000.0,pledge released,2020-02-06,Micro,188.1073086844368,False,-0.06415482110335441,-0.34538992264269297,-0.12711197702335764,-0.42114433061537393,-0.11056412583721686,-0.29674541779914976,-0.22707145620915425,-0.21374311798731616,-0.4918179842974766,2016-22,> 1%
ARVIND,2016-08-24,0.0,pledge released,2016-08-24,Small,3007.649274917097,True,-0.0883990567517633,0.09524584825789639,0.09206396030960262,0.16362748290459117,0.198434602061631,0.23770758710517748,0.16200817844386306,0.21442526864213596,-0.009786757929137413,2016-22,< 0.05% of mcap
ARVIND,2018-10-03,502837925.0,pledge released,2018-10-03,Small,3045.148738383135,True,-0.07002689178257232,0.010567823343848648,-0.01579663657237307,-0.13845381193319628,-0.17666812005594457,-0.21241589363508118,-0.26217708084640434,-0.6171901953126688,-0.48345997807728475,2016-22,> 1%
ARVIND,2019-12-31,245700000.0,pledge released,2019-12-31,Micro,1091.6707407407407,True,-0.17850338162894652,0.049261083743842304,0.015661083743842452,-0.5160098522167489,-0.12996841274019488,-0.1724137931034483,-0.09620021185118632,0.17241379310344818,-0.12255023567353018,2016-22,> 1%
ARVINDFASN,2020-03-17,207272500.0,pledge released,2020-03-17,Small,2759.4568475452197,False,-0.16124023091806977,-0.1540047114252061,-0.21438462689246163,0.09010600706713778,-0.13030086120776674,-0.2205535924617198,-0.6411461152872164,-0.09393404004711436,-0.8971365196629454,2016-22,0.2-1%
ARVSMART,2020-06-30,274050000.0,pledge released,2020-06-30,Micro,339.12931893687704,False,-0.5607141468745704,0.10284167794316645,0.13673998302791224,0.18876860622462766,0.12273087037557118,0.5548037889039241,0.20667864367701583,0.4709066305818672,-0.5867820456943333,2016-22,> 1%
ARVSMART,2022-06-27,7507500.0,pledge released,2022-06-27,Micro,743.7488372093023,False,-0.05781266276087493,0.16830466830466806,0.12066962140678184,0.4136977886977886,0.3066827457221546,0.9480958230958227,0.8038602905338563,1.074938574938575,0.8312796973671748,2016-22,0.05-0.2%
ASAHIINDIA,2016-06-17,0.0,pledge released,2016-06-17,Small,3900.1452554744524,False,-0.06419429513553554,0.0721247563352827,0.031043253335861665,0.22027290448343084,0.1297111645932414,0.11468486029889546,0.10364233442466542,0.5795971410006497,0.3181395037270768,2016-22,< 0.05% of mcap
ASAHIINDIA,2017-03-03,0.0,pledge released,2017-03-03,Small,5300.0666319082375,False,0.1178114981018602,0.09497341710971496,0.027615199742931806,0.3066698888351862,0.20970558374467907,0.8160947317544707,0.6813904764829897,0.6853552440792652,0.481322986014749,2016-22,< 0.05% of mcap
ASAHIINDIA,2017-08-24,222575000.0,pledge released,2017-08-24,Mid,8532.125547445256,False,0.26122704535200514,-0.00013292569453660086,-0.014637718279104983,-0.01821082015153519,-0.13333285507355597,-0.06991891532633243,-0.18413894243268747,-0.13930612787451813,-0.22466194380404414,2016-22,0.2-1%
ASAHIINDIA,2018-03-21,468600000.0,pledge released,2018-03-21,Small,8493.876329509907,False,-0.009323349874363673,0.05057022809123657,-0.012264083022951233,-0.0027010804321727644,0.059322420329067316,-0.02340936374549818,0.1198563609179008,-0.22193877551020402,-0.04433418839726705,2016-22,0.2-1%
ASAHIINDIA,2018-11-15,293189500.0,pledge released,2018-11-15,Small,7064.63055265902,False,-0.02776804049959042,-0.09232722655541448,-0.09939909558375193,-0.08053691275167785,0.029641962351504292,-0.229457645565028,-0.18656943990568237,-0.2566660620351895,-0.13228667428729585,2016-22,0.2-1%
ASAHIINDIA,2021-02-02,348719650.0,pledge released,2021-02-02,Small,7360.424504692388,False,0.043171121189333306,0.09028960817717202,0.0200529493744247,0.03049403747870527,-0.09901814172688284,0.22708688245315156,-0.06585364313073916,0.9212947189097103,0.5722365460135546,2016-22,0.2-1%
ASAHIINDIA,2021-08-13,610711037.0,pledge released,2021-08-13,Small,9160.687695516162,False,0.026471472423407416,0.04877699899871257,0.011082619792159965,0.46459733943641823,0.41724655810272704,0.4896295236732944,0.5021891448048702,0.6152195680160206,0.6522656808128073,2016-22,0.2-1%
ASAHIINDIA,2021-12-01,526348989.0,pledge released,2021-12-01,Small,12023.004171011471,True,0.3070721217260649,0.02508236794558405,0.017447161276560763,-0.053778297374853845,0.030946541071281974,-0.02327558720374112,0.08171070147961174,0.2898288872356254,0.30204849760540675,2016-22,0.2-1%
ASAHIINDIA,2022-04-05,622669830.0,pledge released,2022-04-05,Small,11351.0929092805,True,-0.05299923691044145,-0.11449321798568823,0.0028464312466691677,0.2246074975969241,0.35080405885569893,0.385560183701805,0.4148021643121244,-0.001174837124853001,0.11110740483617437,2016-22,0.2-1%
ASAHIINDIA,2022-08-26,1480134930.0,pledge released,2022-08-26,Small,16087.621063607925,True,0.3342485820621629,-0.01299314906685567,0.0020364528291751394,-0.028978659736987322,-0.052646223558549976,-0.24112134813764863,-0.17317036044148404,-0.09685802031656032,-0.32520332913492644,2016-22,0.2-1%
ASAHIINDIA,2023-11-08,8816250.0,pledge released,2023-11-08,Small,14292.457768508864,True,-0.033634457569167275,-0.017924023542001177,-0.08484529773694971,-0.02505796326021059,-0.1744330946021717,0.09452470126627421,-0.0620412060692459,0.17219546994827883,-0.0685251928643521,2023-26,< 0.05% of mcap
ASAHIINDIA,2024-04-01,5363500.0,pledge released,2024-04-01,Small,14105.036600625652,True,-0.036763920692960306,0.13712255772646542,0.10390403438534423,0.22291296625222023,0.06079693731802205,0.3656305506216697,0.18607387119532992,0.10373001776198931,0.21518259822833358,2023-26,< 0.05% of mcap
ASAHIINDIA,2024-11-07,992110000.0,pledge released,2024-11-07,Small,18026.856412930138,True,0.10547237163998302,0.10939741750358678,0.07796479883099616,-0.04505021520803443,0.06263033593346173,0.0771879483500717,0.15921980862408736,0.4325681492109039,0.5168414701227476,2023-26,0.2-1%
ASAHIINDIA,2025-05-28,570040000.0,pledge released,2025-05-28,Small,18405.523670490093,True,-0.03453962358803875,-0.04167755422001562,-0.05009781680394754,0.1338515808727463,0.18420346214805672,0.33355108440031356,0.4006320163972376,0.17833812385680692,0.257398833117856,2023-26,0.2-1%
ASAHIINDIA,2025-10-03,362680000.0,pledge released,2025-10-03,Small,22837.333055265903,True,0.10488977473968542,0.04825859321648074,0.06662143557048888,0.10346005007967207,0.14766851220577182,-0.009959025722740766,0.10419529626977109,,,2023-26,0.05-0.2%
ASHIMASYN,2017-01-13,10000000.0,pledge released,2017-01-13,Micro,283.05,False,0.09834077451632306,0.03401360544217691,0.04931117459557166,0.31292517006802734,0.17703305388545476,0.4931972789115646,0.3166083810837288,1.2823129251700678,0.7915038178893884,2016-22,0.2-1%
ASHOKLEY,2021-04-20,2710400000.0,pledge released,2021-04-20,Mid,33066.514285714286,True,-0.13276253776994318,0.10521662245800179,0.021706560192125135,0.09690539345711757,-0.07320625333942199,0.23076923076923084,-0.024993368865944388,0.12290008841732991,-0.053565930503288284,2016-22,0.2-1%
ASIANHOTNR,2017-11-16,13180000.0,pledge released,2017-11-16,Micro,564.4394366197182,False,-0.09800774672709034,0.2425161045850701,0.19851786222773915,1.0557029177718835,1.0422298638796679,1.1061007957559683,1.2210283704963003,0.09397499052671465,0.36036932112164116,2016-22,0.2-1%
ASIANHOTNR,2018-09-27,22934250.0,pledge released,2018-09-27,Micro,832.9757746478873,False,-0.056799963485533955,-0.2330048016173869,-0.2195625729877811,-0.2582764720748041,-0.2679516076564479,-0.321202931513773,-0.28248339771271436,-0.500126358352287,-0.18540443905021503,2016-22,0.2-1%
ASIANHOTNR,2019-07-11,173970884.0,pledge released,2019-07-11,Micro,518.0442253521127,False,0.09826077194048505,-0.26484947111472745,-0.1385988755930505,-0.18429617575264445,-0.03098179611344226,-0.28722538649308393,-0.256129995094817,-0.5561432058584215,-0.3561432058584214,2016-22,> 1%
ASIANHOTNR,2020-03-16,31842100.0,pledge released,2020-03-16,Micro,278.15746478873234,False,-0.10313093586945826,0.060138781804163655,-0.0008423295880279902,-0.15497301464919044,-0.4700990650693585,-0.11025443330763285,-0.5687274314454355,0.013107170393215295,-0.9535594962734515,2016-22,> 1%
ASIANPAINT,2019-06-21,207262500.0,pledge released,2019-06-21,Large,132667.85767790262,True,-0.00020270699574909123,0.03865857646332138,0.07332487118961462,0.2729716963993749,0.2963473536862592,0.3096682774406858,0.3238540540918097,0.22548414053700538,0.3849764421918571,2016-22,< 0.05% of mcap
ASIANPAINT,2020-03-04,27913700650.0,pledge released,2020-03-04,Large,177269.390886392,True,0.12887802283946342,-0.14164154818746832,0.07085699092414155,-0.14076128997839377,-0.04102221374395226,0.045826775854250545,0.05486956331179338,0.29248579583344436,0.04578160359138028,2016-22,> 1%
ASIANPAINT,2020-07-01,6282700000.0,pledge released,2020-07-01,Large,161925.77278401997,True,-0.1875628064863979,0.017225532924189935,-0.0005527186503214709,0.16217498295235555,0.14598385430822225,0.6213940525956891,0.4223549750001554,0.7876604702185064,0.37383707405380817,2016-22,0.2-1%
ASIANTILES,2021-06-07,370609841.0,pledge released,2021-06-07,Small,5355.555331991951,True,-0.17566724055631877,0.019117233623840324,-0.0037827469996417618,-0.07646893449536118,-0.10157359046252312,-0.25330334551588407,-0.3069525992229327,-0.7492268765813888,-0.6384368089346285,2016-22,0.2-1%
ASTERDM,2025-03-07,90144292834.0,pledge released,2025-03-07,Mid,36328.930631276904,True,8.775720091086514e-05,0.18344175044352462,0.15843699060080874,0.34760496747486713,0.1829307451432537,0.4950916617386161,0.34468003720948936,0.5837965700768775,0.5276361813314835,2023-26,> 1%
ASTRAL,2017-09-06,2536500000.0,pledge released,2017-09-06,Mid,8367.630182481753,False,0.10242993507225129,0.04546895808231355,0.03917242207637295,0.17572452279789474,0.09007088608519398,0.23330585325638897,0.1826201943774528,0.5255881793392099,0.5045690834179979,2016-22,> 1%
ASTRAMICRO,2018-10-01,0.0,pledge released,2018-10-01,Micro,819.9270006108736,False,0.019847343531652406,-0.0737752161383286,-0.07927973363889806,-0.07319884726224779,-0.07319884726224779,0.11469740634005765,0.14773425513294214,-0.10086455331412103,0.2132424479530755,2016-22,< 0.05% of mcap
ATUL,2016-05-05,0.0,pledge released,2016-05-05,Mid,5520.680594996619,False,0.21261570202541258,-0.007607865848842876,-0.02473826031914772,0.00410666807065585,-0.09807780975347102,0.14539184457840837,0.00995363136443328,0.3232158369968674,0.0015780528936552018,2016-22,< 0.05% of mcap
ATUL,2017-03-31,0.0,pledge released,2017-03-31,Mid,7036.470148749155,False,-0.0054692843450860895,0.031706132105363105,0.007380922175780014,0.034283179485012916,-0.004896827657532188,-0.03286791576012349,-0.10532707086863591,0.15363004583764583,0.008226775659954444,2016-22,< 0.05% of mcap
ATUL,2017-12-19,0.0,pledge released,2017-12-19,Small,7738.249087221096,False,0.04328028710036724,0.05330323496750444,0.030691136515109685,-0.05324862099725114,0.07242334408400125,-0.01288889697984752,0.16159201029800596,0.2513699004205274,0.5189687811277655,2016-22,< 0.05% of mcap
ATUL,2018-03-24,2723526000.0,pledge released,2018-03-26,Small,7676.617275185936,False,0.07242334408400125,0.09427420110580087,0.04852272806188662,-0.0038047043388623747,0.08948988783162737,0.18656170930559446,0.3767832152245822,0.3196513916221535,0.5072608767630753,2016-22,> 1%
ATUL,2019-02-22,401117000.0,pledge released,2019-02-22,Mid,9858.29516565247,False,-0.0027626311331274134,0.060591051675747076,-0.00591009738222481,0.21468773920482698,0.14830577073731666,0.04757830909391081,0.10163627008057569,0.5273687844267338,0.5063044007483932,2016-22,0.2-1%
ATUL,2019-06-03,588795000.0,pledge released,2019-06-03,Mid,11737.55060851927,False,0.14830577073731666,-0.0023589963542784975,0.01697184021653103,-0.12910143684323405,-0.015448777397884306,0.023917952340704707,0.07137395892498921,0.13423572302607512,0.34463932542767617,2016-22,0.2-1%
ATUL,2019-11-29,81948000.0,pledge released,2019-11-29,Mid,11903.618187964841,False,0.02119210974541219,0.007955321129382575,-0.00134241158257431,0.2767359602854482,0.28234871692041463,0.14999689730065158,0.30804928484244615,0.5369407384424449,0.4326776326720583,2016-22,0.05-0.2%
ATUL,2020-10-20,2996625000.0,pledge released,2020-10-20,Mid,17445.3330290737,True,0.19291212702859084,0.10313814080598349,0.021194062145516668,0.10579485747645756,-0.16688926628390988,0.41459163557292866,0.08132388100815524,0.6360975031939826,-0.011579292101337457,2016-22,> 1%
ATUL,2021-03-03,329177500.0,pledge released,2021-03-03,Mid,19564.643644354295,True,-0.1447608647164006,0.18253736374873575,0.21722310577823584,0.33893695920889977,0.28527038051410125,0.38999138479979023,0.25860455389986803,0.428969547140128,0.3648242477121315,2016-22,0.05-0.2%
AUBANK,2019-05-15,709555000.0,pledge released,2019-05-15,Mid,24655.105722772278,True,0.08042884722059829,0.07022910294025841,0.03637913267634163,0.0884886697047258,0.11809349439140676,0.27504838004869225,0.21884677105328754,-0.38557338160933896,-0.1674490077769517,2016-22,0.2-1%
AUBANK,2020-05-18,2693225793.0,pledge released,2020-05-18,Mid,15039.4780990099,True,-0.3507001931448719,0.22806199139584304,0.06776304891742335,0.8327890944902296,0.5273239804939428,1.1878401492769397,0.773310854575958,1.5410770745866373,0.6303044634718054,2016-22,> 1%
AURIONPRO,2021-05-13,202555000.0,pledge released,2021-05-14,Micro,431.3078778135048,False,0.7852449585974319,-0.005500127909951469,-0.17688026640062093,0.25645945254540803,-0.0037153285404247782,0.44090560245587107,0.12570053492161104,1.0631875159887438,0.7043726847587523,2016-22,> 1%
AURIONPRO,2021-09-22,138862885.0,pledge released,2021-09-22,Micro,531.5413987138263,False,0.2865899170479651,0.08833333333333337,0.10064383792927678,0.32062499999999994,0.3233389497014655,0.5617708333333333,0.5048136808291962,1.1239583333333334,1.041124369722916,2016-22,> 1%
AURIONPRO,2022-09-06,68156755.0,pledge released,2022-09-06,Micro,914.6930064308682,False,-0.0882457403578698,0.25355216609638687,0.28802981196905286,0.13570724351910912,0.14886513825595116,-0.021052021110015584,0.08038112358523625,2.466624137331091,2.2960630587386404,2016-22,0.2-1%
AUROPHARMA,2016-03-23,36045000.0,pledge released,2016-03-23,Large,43156.8,True,-0.0465816876228376,0.019041233657391965,-0.020683405938306643,-0.02098558498156211,-0.09919608402781999,0.10660408984244052,-0.061443886620315524,-0.0842105263157894,-0.35378653733161314,2016-22,< 0.05% of mcap
AUROPHARMA,2016-07-04,59040000.0,pledge released,2016-07-04,Large,43466.537799043064,True,-0.08775153760461418,-0.026005188067444784,-0.05483247730147289,0.11134889753566801,0.05061565741883478,-0.10194552529182888,-0.06623585856262315,-0.09896238651102462,-0.250767566465917,2016-22,< 0.05% of mcap
AUROPHARMA,2018-03-08,71214000.0,pledge released,2018-03-08,Large,33795.83540669857,True,-0.08975937642018472,0.042535235040931596,0.015223783192408358,-0.027006498438686855,-0.042823299258598624,0.34348890201704774,0.3020792359236598,0.3023883872056714,0.3426576402715116,2016-22,< 0.05% of mcap
AUROPHARMA,2018-07-26,445725000.0,pledge released,2018-07-26,Large,33402.92727272728,True,-0.032667782582679716,0.1680906860671687,0.13881134327484035,0.3409187040013535,0.43555435183683466,0.3498012012520091,0.4402188170868766,-0.0615007190593011,0.09514584697086587,2016-22,0.05-0.2%
AUROPHARMA,2019-03-13,375375000.0,pledge released,2019-03-13,Large,43951.22009569378,True,-0.005974340326952765,-0.0013484877672894635,-0.029716057566012033,-0.21351056315417716,-0.17650550762687084,-0.2048417132216015,-0.14196259681259216,-0.5811340139985873,-0.2142903809481596,2016-22,0.05-0.2%
AUROPHARMA,2020-01-27,429167800.0,pledge released,2020-01-27,Mid,29310.373205741627,True,-0.048370629426702005,0.01170402697877404,0.0709628056313179,0.29597302122594704,0.5925647957880187,0.7349732195992857,0.904609971905451,0.7957746478873238,0.7262354977601738,2016-22,0.05-0.2%
AUROPHARMA,2020-10-12,2588647500.0,pledge released,2020-10-12,Large,47845.88612440191,True,0.0009421558279293363,0.0009258687735325122,-0.06545235470871169,0.18295166965002174,-0.050151469808754734,0.17647058823529416,-0.051162394920468035,-0.1203629405592247,-0.6999039616811258,2016-22,0.2-1%
AUROPHARMA,2021-04-06,3175920000.0,pledge released,2021-04-06,Large,51209.98277511962,True,-0.07485610938857667,0.15795580110497243,0.15500834013058962,0.051657458563535874,-0.026338799112078037,-0.2102209944751381,-0.40009620481818464,-0.2473480662983426,-0.4230108430371502,2016-22,0.2-1%
AUROPHARMA,2022-07-21,1141747500.0,pledge released,2022-07-21,Mid,31825.558851674643,True,-0.09309047061721049,0.015427897268354585,-0.019364042481256227,-0.04800798620564484,-0.08688670075293159,-0.19076141210636177,-0.2294123637853156,0.5191941192485705,0.28916150395685625,2016-22,0.2-1%
AUROPHARMA,2023-02-28,1759687500.0,pledge released,2023-02-28,Mid,26542.808612440193,True,0.03307504258531824,0.12229052086703351,0.14251149343219355,0.4321147417232827,0.33687261451542083,0.8367302922463067,0.5676112183318361,1.286638628275639,0.8509601676097043,2023-26,0.2-1%
AUROPHARMA,2023-06-07,6675985000.0,pledge released,2023-06-07,Mid,38545.14832535885,True,0.33687261451542083,0.10022438294689606,0.061075982760199654,0.28900523560209423,0.1213617451728417,0.5025430067314884,0.25938872366081434,0.8768137621540764,0.41187553060579407,2023-26,> 1%
AUROPHARMA,2024-01-19,449920000.0,pledge released,2024-01-19,Mid,65888.11291866029,True,0.12163890666725474,-0.09024955203006857,-0.11649501781153238,-0.035531663825881576,-0.10063029616771124,0.21166032953105196,-0.00447551662701462,0.028189327389537278,-0.028852243963847113,2023-26,0.05-0.2%
AURUM,2020-10-16,0.0,pledge released,2020-10-16,Micro,78.52647351563907,False,1.348810567904353,0.04269816034521923,0.004222387413487683,1.5092362044507657,1.2023951581730996,5.445113102839718,5.1001653676480805,6.6928503013965885,5.683422691968979,2016-22,< 0.05% of mcap
AVADHSUGAR,2025-01-02,1477564835.0,pledge released,2025-01-02,Micro,1029.0,False,-0.2947568047531054,-0.15646853146853135,-0.04670279388429255,-0.15588578088578076,0.09044671036095064,-0.021561771561771526,0.10365016904347946,-0.3037101787101787,-0.0542301836043424,2023-26,> 1%
AXISCADES,2024-03-28,2352700000.0,pledge released,2024-03-28,Micro,2346.734536082474,False,-0.12048454942210762,0.062214016215782264,0.0003958343976004919,-0.045917957774745166,-0.19410160581461888,-0.10219153889379462,-0.31029037957770655,0.4128602392229268,0.47275614140402406,2023-26,> 1%
AXISCADES,2024-07-02,52625000.0,pledge released,2024-07-02,Micro,2465.100067234424,True,-0.08673769393263697,-0.06815313420277658,-0.08449072860997653,-0.05898190997055108,-0.08378527587196172,0.23474968447623046,0.20965558159040865,1.4373580143037445,1.5229701023339326,2023-26,0.2-1%
BAJAJ-AUTO,2016-06-21,0.0,pledge released,2016-06-21,Large,72391.65773864264,True,0.05037966717483855,0.03360370799536483,-0.026497215857532064,0.11302547347225644,0.007235830806385901,-0.01194840719563861,0.02739183690460739,0.06426305491708306,-0.08397843503048996,2016-22,< 0.05% of mcap
BAJAJCON,2016-01-05,4483938778.75,pledge released,2016-01-05,Mid,5610.158971774194,False,-0.07783242209910124,-0.06259632483698874,0.04460759487617999,-0.09247184350918791,-0.03517347334818144,-0.0693538826318909,-0.07437680337414154,-0.10740960284528756,-0.15970300876741894,2016-22,> 1%
BAJAJCON,2017-02-07,9440448050.0,pledge released,2017-02-07,Small,4883.120866935484,False,-0.0772073075045766,-0.023457283753165248,-0.013542606653809464,-0.00493136078901768,-0.13186252235308327,0.07223777155804356,-0.0004526192019235209,0.30960948953751855,-0.0022428821753164296,2016-22,> 1%
BAJAJCON,2018-01-12,2137147200.0,pledge released,2018-01-12,Small,6595.367137096774,False,0.0644096106906148,-0.028274101708227084,0.07204952288724209,-0.04997054781072052,0.06491117459666168,-0.20479088945611623,0.060204383036021325,-0.300019634792853,0.035277340990714945,2016-22,> 1%
BAJAJCON,2019-01-02,1192169925.0,pledge released,2019-01-02,Small,4916.936592741936,False,-0.1032346871855449,-0.05613194998669846,-0.007706496332668178,-0.15589252460760827,-0.16235400334904715,-0.14910880553338646,-0.07580134542126915,-0.3664538441074754,-0.28528737270544413,2016-22,> 1%
BAJAJELEC,2022-09-06,1606309600.0,pledge released,2022-09-06,Small,14252.57689768977,True,0.19984632317332518,-0.01878718721982242,-0.0027989411774493878,-0.09670714809682945,-0.08506268586220378,-0.10661015567690946,-0.04089989834743668,-0.07726791099519126,-0.26526853618795787,2016-22,> 1%
BAJAJHIND,2017-12-20,4252691280.0,pledge released,2017-12-20,Small,3483.792307692308,False,-0.08268596095203573,-0.006849315068493178,-0.021765747413117653,-0.40068493150684925,-0.2755843235896332,-0.5273972602739725,-0.3397533957952213,-0.3835616438356164,-0.11377849894404846,2016-22,> 1%
BAJAJHIND,2021-07-16,2761878039.0,pledge released,2021-07-16,Small,4585.197435897436,True,1.8943773652608362,-0.2363184079601991,-0.18751084396329648,-0.30597014925373145,-0.3273114470179437,-0.19651741293532354,-0.23974622111588273,-0.40049751243781095,-0.30405564905134025,2016-22,> 1%
BAJAJHIND,2022-03-10,94390165.0,pledge released,2022-03-10,Micro,3723.2282051282054,False,0.11614113584256724,0.05828220858895694,-0.02408575771595478,-0.1809815950920246,-0.09730245331099963,-0.31288343558282217,-0.39831841624114617,-0.21779141104294486,-0.17098463653209695,2016-22,0.2-1%
BBOX,2017-12-06,3400750.0,pledge released,2017-12-06,Micro,412.6366956521739,False,-0.11965537968343021,-0.04250559284116329,-0.16499953423794667,,,,,-0.4701715137956748,-0.1637192867045621,2016-22,0.05-0.2%
BBOX,2019-02-25,199345273.0,pledge released,2019-02-25,Micro,375.67095652173913,False,0.5797988246035459,0.07268408551068872,0.005610914778981346,0.0451306413301662,0.003479354357382003,0.04465558194774344,0.26280844818978166,2.185748218527316,2.4913396487022528,2016-22,> 1%
BBOX,2020-03-02,0.0,pledge released,2020-03-02,Micro,1455.6365217391303,False,2.5698242389542507,-0.42166517457475383,-0.11521698023220878,-0.13185829389947568,-0.06333582469934845,-0.15372809822227906,-0.2708069235700379,1.5045402225348514,0.9426758157551902,2016-22,< 0.05% of mcap
BBTC,2017-10-09,10493731200.0,pledge released,2017-10-09,Mid,9438.592851879144,True,0.5220332082172388,0.17468326859549155,0.13567913997855507,0.276109921225542,0.12188285694605483,-0.06291066177805194,-0.1298235490076851,-0.047555087668348595,0.04823338347797285,2016-22,> 1%
BBTC,2018-05-09,1617500000.0,pledge released,2018-05-09,Mid,11074.569123065585,True,0.16399851113345199,-0.030397782219070302,6.3693003844012e-05,-0.004351750370704677,0.03908645118458326,-0.08813100380375205,0.03151686834563883,-0.2525304622525948,-0.13128442482873753,2016-22,> 1%
BBTC,2018-10-15,844000250.0,pledge released,2018-10-15,Mid,9050.867870302138,True,-0.0652100537396752,0.03838091245188102,0.024326430455081538,-0.046118077524107126,-0.08060275025628405,-0.01738003582726677,-0.07305147934508993,-0.07786713419979407,-0.0788813072417266,2016-22,0.2-1%
BBTC,2019-06-29,501427500.0,pledge released,2019-07-01,Small,6344.115143699337,True,-0.2229921161771815,-0.11038854582217605,0.007058415850736799,0.19908191704464717,0.30810183900012883,0.21837258866604725,0.2949288708882401,0.3399639324553254,0.5608124173038103,2016-22,0.2-1%
BBTC,2020-03-24,779135692.0,pledge released,2020-03-24,Small,4239.5216285924835,True,-0.0023719280982417157,0.40858309577009,0.18918817429318413,0.6205408737190847,0.2310423088404011,1.003698281839895,0.44798446802995207,0.7284844749210262,-0.39815855325160787,2016-22,> 1%
BFUTILITIE,2017-04-18,950000.0,pledge released,2017-04-18,Micro,1646.7767716535432,True,0.013313982836951066,-0.05291185134828924,-0.043530188235282874,-0.11760707002039439,-0.1321551673063993,-0.0999320190346703,-0.18784886615463547,-0.09200090641287106,-0.26319120209141533,2016-22,< 0.05% of mcap
BHARATWIRE,2021-03-26,762875000.0,pledge released,2021-03-26,Micro,237.18719512195122,False,0.1179770193089571,0.24824684431977562,0.1988641282703929,1.171107994389902,0.7780850305340672,0.7321178120617111,0.2560171831308934,0.9719495091164094,0.26973998949455624,2016-22,> 1%
BHARATWIRE,2022-09-13,566525000.0,pledge released,2022-09-13,Micro,846.9018292682927,False,0.8145124093120861,-0.02965069049553204,0.040014212502704205,-0.12388302193338752,-0.09153339855723663,-0.11291632818846464,0.04213751896347517,1.1039805036555648,0.9260952494638229,2016-22,> 1%
BIRLANU,2021-10-06,861517500.0,pledge released,2021-10-06,Micro,3655.0396071428577,True,-6.875068976208709e-05,-0.08658934690484388,-0.07669868966236848,-0.08151016849490056,-0.1264458292014372,-0.18319511750035478,-0.2900209839416058,-0.45886980676818256,-0.5191437793709223,2016-22,> 1%
BOMDYEING,2018-07-05,138368000.0,pledge released,2018-07-05,Small,4132.035849056603,True,-0.03001056643592681,0.3110264348654441,0.2759614998005091,-0.44105739461776616,-0.3138616603882922,-0.43724696356275294,-0.34494295752888493,-0.5284591569421291,-0.3580235542237562,2016-22,0.2-1%
BSOFT,2019-09-06,156000000.0,pledge released,2019-09-06,Small,1960.6963235294118,True,-0.1448685738574692,-0.17819706498951782,-0.17086083145311104,-0.0733752620545074,-0.05894130263157604,0.048218029350104885,0.23619863239572503,1.5534591194968552,1.578214733504393,2016-22,0.2-1%
BYKE,2019-06-11,38418000.0,pledge released,2019-06-11,Micro,121.90721649484534,False,-0.11236357417433207,-0.02087682672233826,0.06482123005296547,0.03549060542797511,0.17584148262095756,-0.28183716075156573,-0.0597943670495068,-0.5260960334029228,-0.2482310412522163,2016-22,> 1%
CARBORUNIV,2016-02-25,70350000.0,pledge released,2016-02-25,Small,3207.781869009585,False,0.10880464504694481,0.03847292098253918,-0.07325955039018106,0.3237644273453686,0.1402878030296213,0.6066883693400416,0.29499763811669444,0.5344776561112756,0.061713065878697626,2016-22,0.2-1%
CARBORUNIV,2016-06-23,17236000.0,pledge released,2016-06-23,Small,4191.272923322684,False,0.14055055269677907,0.17050691244239635,0.10222871057640814,0.24193548387096775,0.12440539709939491,0.12004608294930885,0.08568504489678397,0.5237327188940091,0.18114809970821721,2016-22,< 0.05% of mcap
CARBORUNIV,2019-02-27,17427500.0,pledge released,2019-02-27,Small,6852.988538338659,False,0.04953853482866294,0.09167898911143979,-0.0061563967085758176,-0.013442667025137744,-0.08976251916218725,-0.22072859255276234,-0.14921049271240333,-0.20822691221938427,-0.023314308723524024,2016-22,< 0.05% of mcap
CARBORUNIV,2019-08-29,13847500.0,pledge released,2019-08-29,Small,5373.9399760383385,False,-0.06988274087296392,0.06104033970276013,0.03082738254141648,0.14578910120311384,0.10608927820288028,0.12314225053078531,0.1185661754004329,-0.1008492569002124,-0.07028340353980889,2016-22,< 0.05% of mcap
CARBORUNIV,2020-08-18,3497920.0,pledge released,2020-08-18,Small,4834.544688498403,False,-0.15028925386789105,0.08725625369312584,0.05718868953114142,0.22926925349615912,0.18831896968165218,1.0510143785700214,0.7454768279379941,1.9036832775260981,1.3202391900145503,2016-22,< 0.05% of mcap
CCAVENUE,2018-10-12,170143580.0,pledge released,2018-10-12,Small,4103.940397350993,False,-0.5009588079661126,-0.010933557611438216,-0.012587734297858755,-0.1471825063078217,-0.1628922550272791,-0.05887300252312877,-0.06886721672079132,-0.1362489486963836,-0.011148139362898712,2016-22,0.2-1%
CCAVENUE,2019-06-29,2017577359.0,pledge released,2019-07-01,Small,3478.7443708609276,False,0.084007169495806,-0.06754032258064513,0.049906639092267724,-0.10483870967741926,0.004181212278062396,0.2338709677419355,0.31042724996412835,0.5151209677419355,0.7359694525904203,2016-22,> 1%
CCAVENUE,2019-12-03,101550000.0,pledge released,2019-12-03,Small,3960.739072847682,False,0.23739250385189437,0.06607929515418509,0.03110408600686909,0.109251101321586,0.1444098696464599,0.08722466960352415,0.2988763544303013,0.814977973568282,0.6923478360852803,2016-22,0.2-1%
CCAVENUE,2021-03-17,1342618740.0,pledge released,2021-03-17,Small,7883.058278145696,True,0.13087022339390764,-0.05638903259182615,-0.050088494969763975,0.1805483704086912,-0.0023687237925604787,-0.039317123642007124,-0.2726203606118345,-0.058975685463010685,-0.262449940348217,2016-22,> 1%
CENTENKA,2018-06-13,218319517.35,pledge released,2018-06-13,Micro,644.7019819819819,False,0.027980416589204693,-0.13818672059319181,-0.0531292493288239,-0.0672396359959555,0.0007622577804066721,-0.07987866531850352,0.09678606748659435,-0.26188068756319516,0.062226205123832035,2016-22,> 1%
CENTRUM,2019-07-15,39150000.0,pledge released,2019-07-15,Micro,1263.484693877551,False,-0.1011375373962195,0.015414258188824803,0.12774446626118974,-0.08092485549132944,0.0397167590880817,-0.12524084778420042,-0.09401623069990978,-0.4393063583815029,-0.25437485153218786,2016-22,0.2-1%
CENTRUM,2019-12-17,67900000.0,pledge released,2019-12-17,Micro,977.5510204081633,False,-0.11932189086962891,0.17500000000000004,0.04947926700450811,-0.49249999999999994,-0.1822767685567805,-0.18000000000000005,-0.13216417371197348,-0.14749999999999996,-0.4290833299515838,2016-22,0.2-1%
CENTRUM,2020-07-16,46500000.0,pledge released,2020-07-16,Micro,716.0561224489796,False,-0.0643451776649746,-0.10097719869706834,-0.16987521244802306,0.0912052117263844,0.0494205091768094,0.5765472312703583,0.11891513915986551,2.244299674267101,1.037095430235271,2016-22,0.2-1%
CENTRUM,2021-05-27,440450000.0,pledge released,2021-05-27,Micro,1796.25,True,0.3601568243077675,0.25788751714677627,0.1494430727023317,-0.05898491083676283,-0.18776060272874817,-0.0480109739368999,-0.2131798127350113,-0.35116598079561057,-0.5904132368560658,2016-22,> 1%
CENTRUM,2022-01-12,215150000.0,pledge released,2022-01-12,Micro,1698.4948979591836,False,-0.19891482141399175,-0.14851485148514854,-0.05048732221895197,-0.23196605374823198,-0.18561169496303598,-0.347949080622348,-0.18226280611254397,-0.3168316831683169,-0.2658309133453761,2016-22,> 1%
CGPOWER,2016-06-27,131852000.0,pledge released,2016-06-27,Mid,11215.768442622952,True,0.46752373528647206,0.09537166900420746,0.03575572834915197,0.045582047685834404,-0.029142580746580382,-0.16830294530154277,-0.21941954645128336,0.16409537166900434,-0.08975452697515263,2016-22,0.05-0.2%
CGPOWER,2016-12-16,3000000.0,pledge released,2016-12-16,Mid,9277.433548009369,True,-0.20258032847060403,0.10254237288135593,0.06113946117110103,0.23983050847457643,0.09500763772102527,0.44491525423728806,0.23222784371264538,0.5423728813559323,0.09311118151262887,2016-22,< 0.05% of mcap
CGPOWER,2017-08-10,4396375000.0,pledge released,2017-08-10,Mid,11286.111241217799,True,-0.16935841927508138,0.10772225827384818,0.03365834063023532,0.06359506813757299,-0.07731563372504735,0.16093445814406238,-0.008608203566815131,-0.23166774821544445,-0.34364115615100554,2016-22,> 1%
CGPOWER,2018-02-27,6584112500.0,pledge released,2018-02-27,Mid,12950.890807962529,True,-0.03796511338552111,-0.03952095808383227,-0.022439957664193655,-0.2910179640718562,-0.250358353796901,-0.2934131736526946,-0.266993924096451,-0.562874251497006,-0.44644008249374656,2016-22,> 1%
CHALET,2019-09-06,9389106616.0,pledge released,2019-09-06,Small,6569.583905325443,False,0.02988952167895864,0.036286368094148536,0.04362260163055531,0.09022556390977443,0.10465952333270578,-0.18960444589735204,-0.0016238428517318937,-0.49411572409284077,-0.469360110085303,2016-22,> 1%
CHALET,2024-04-30,9748200000.0,pledge released,2024-04-30,Small,18927.492071005916,True,0.1434425878640384,-0.10823101409731706,-0.08010111052226565,-0.052921782628467584,-0.17303984225595692,-0.009890859481582637,-0.10829296111365161,-0.09038199181446116,0.0034025981338116074,2023-26,> 1%
CHALET,2024-07-31,9492675000.0,pledge released,2024-07-31,Small,18460.26816568047,True,-0.16643973398120893,0.0272492647500151,0.02403300159259225,0.04543544805233779,0.0989528339310154,-0.07454534541744184,0.08416135188547214,0.04921673368945445,0.17410766463153549,2023-26,> 1%
CHALET,2025-03-20,6144086238.0,pledge released,2025-03-20,Small,17605.697041420117,True,-0.021119289006451436,0.011889440460868927,0.007070240658904492,0.12606484035055465,0.028290492711740223,0.24030152601581167,0.1590590997237229,-0.1391799963228535,-0.02102274554242578,2023-26,> 1%
CHALET,2025-08-29,2131310687.0,pledge released,2025-08-29,Small,22109.429112426034,True,0.13961657141766304,-0.06717662057467877,-0.054525742054432835,-0.13705011277826806,-0.11275252118142504,-0.2576247916053742,-0.1148303656343927,-0.10880651171913314,-0.0628620640450212,2023-26,0.2-1%
CHAMBLFERT,2016-01-05,24200000.0,pledge released,2016-01-05,Small,2566.8546454767725,False,-0.04586887628295211,-0.11913912375096081,0.0001687743378003259,,,0.05995388162951576,0.05418327113719901,0.23520368946963877,0.1750936295318738,2016-22,0.05-0.2%
CHAMBLFERT,2016-10-12,95120000.0,pledge released,2016-10-13,Small,2312.373349633252,False,-0.21706924597801303,0.022807017543859498,0.10544397712941428,0.4096491228070174,0.4493791680207099,0.4938596491228071,0.3913453134705134,1.545614035087719,1.3621389092650322,2016-22,0.2-1%
CHAMBLFERT,2017-02-15,492717125.0,pledge released,2017-02-15,Small,3216.082518337408,True,0.27869112416409636,0.03433208489388262,0.008765036268330695,0.4051186017478152,0.3089943214724362,0.7665418227215981,0.6641433736541199,0.9232209737827719,0.6778950105247652,2016-22,> 1%
CHAMBLFERT,2019-11-04,885607934.0,pledge released,2019-11-04,Small,6846.9495110024445,False,0.06746707685982867,-0.11236297198538359,-0.08779655605234343,0.03227771010962255,0.03457882779535559,-0.22594397076735684,0.09697147084148716,0.0073081607795373316,0.05380895985176504,2016-22,> 1%
CHAMBLFERT,2020-06-01,65835000.0,pledge released,2020-06-01,Small,5490.383863080685,True,0.1554626732805634,0.11300481659874029,0.01445717885644171,0.1378288254909228,-0.18368693735972974,0.4305298258614303,0.0502511934159664,1.132271211559837,0.1643880518904698,2016-22,0.05-0.2%
CHOICEIN,2023-12-19,341533500.0,pledge released,2023-12-19,Micro,4945.482644628099,True,-0.03855699415279812,0.2316052751250568,0.1493735015462716,0.136425648021828,0.1666039744964508,0.7391996361982718,0.5804240113737844,1.4386084583901773,1.1892918438141207,2023-26,0.2-1%
CHOICEIN,2026-01-01,1215085000.0,pledge released,2026-01-01,Small,18685.163636363635,True,0.08640926832200757,-0.07932494413736324,-0.026729009177204666,-0.20369281430083497,-0.09435575083004877,-0.01799364930024694,-0.0031274189274528297,,,2023-26,0.2-1%
CHOLAFIN,2016-08-09,0.0,pledge released,2016-08-09,Mid,19443.886833333334,True,0.192644136112174,-0.056872669152903566,-0.07218866665598811,-0.194326052210975,-0.14261568757225335,-0.09731841591191626,-0.19362276176760174,0.025927899129817078,-0.14828981836908994,2016-22,< 0.05% of mcap
CHOLAHLDNG,2019-02-27,14703500.0,pledge released,2019-02-27,Mid,8251.554256854257,False,-0.057249348149981616,0.11835197443506051,0.030238035296130672,0.1312485733850719,0.08040428139679934,0.02796165259073269,0.06865206467931112,0.11264551472266593,0.16480954331526887,2016-22,< 0.05% of mcap
CHOLAHLDNG,2019-08-29,0.0,pledge released,2019-08-29,Mid,8286.201046176046,False,-0.002986658053772573,0.07363394047090188,0.03128883318528408,0.07918702798756105,-0.0075151092250826945,0.11861394935584202,0.024659991088006317,-0.06785872945357618,-0.12776583223434967,2016-22,< 0.05% of mcap
CHOLAHLDNG,2021-04-19,2303400.0,pledge released,2021-04-19,Small,10394.973196248195,False,-0.04734288925638963,0.08287440042636351,-0.03517348735836623,0.1547344110854505,-0.0757616174875011,0.2253508616095221,-0.09082729508803167,0.1343933203055605,-0.10894997462503064,2016-22,< 0.05% of mcap
CHOLAHLDNG,2022-03-22,706800.0,pledge released,2022-03-22,Small,11585.137229437229,False,-0.026620099661725072,0.0012613322822230266,-0.026795669086993046,-0.029404808829325946,0.0838487865604245,0.064249113125739,0.0311020499661242,-0.16554986204178168,-0.060069664336284356,2016-22,< 0.05% of mcap
CINELINE,2016-07-05,452670000.0,pledge released,2016-07-05,Micro,239.84137931034482,False,1.8538160240719337,-0.07437348423605494,-0.06638522209063602,0.014551333872271588,-0.03917688700638222,0.33548908649959563,0.27132836934347104,0.1762328213419564,-0.1568739087736113,2016-22,> 1%
CINELINE,2024-09-27,204425000.0,pledge released,2024-09-27,Micro,450.8712643678161,False,-0.1579908560553065,-0.031008417797629306,0.031172224886594768,0.10333276069403863,0.1513337042015278,-0.23028689228654875,0.026507657731378753,-0.2347534787837141,-0.04688770292749811,2023-26,> 1%
CINELINE,2025-04-11,811024750.0,pledge released,2025-04-11,Micro,369.8174712643678,False,-0.029438976917594006,-0.09926289926289922,-0.16150002688404463,-0.10181818181818181,-0.23415990569308653,-0.14761670761670753,-0.19563997001087063,-0.13346437346437345,-0.0798020492473086,2023-26,> 1%
COFFEEDAY,2018-07-02,27010000.0,pledge released,2018-07-02,Small,5631.418604651163,False,-0.004717260303671811,0.013745057427979601,-0.014967813859149137,-0.021841461118433436,0.1017579484533333,0.011109019017134125,0.10095036512808414,-0.18226322726416877,-0.020516330710715125,2016-22,< 0.05% of mcap
COFFEEDAY,2023-05-19,66348820.0,pledge released,2023-05-19,Micro,772.4418604651162,True,-0.10327079585754895,0.058741258741258795,-0.01523758766548533,0.1566433566433567,0.008421316976650939,0.2447552447552448,-0.056958234190731316,0.579020979020979,0.07657399696551415,2023-26,0.2-1%
COFFEEDAY,2025-03-07,0.0,pledge released,2025-03-07,Micro,637.6348837209301,False,,-0.04647099930118803,-0.04323662380463378,0.2529699510831587,0.11107238601178993,0.5810621942697414,0.47072220090214656,-0.13417190775681342,0.011969005918241127,2023-26,< 0.05% of mcap
COFFEEDAY,2026-04-27,0.0,pledge released,2026-04-27,Micro,560.6023255813952,False,-0.21367939342322007,0.3060458129928654,0.32376538155989154,0.14983101764926787,0.15648509551996292,,,,,2023-26,< 0.05% of mcap
CONFIPET,2022-07-31,1521480000.0,pledge released,2022-08-01,Micro,1810.879682179342,False,0.021552401545573252,0.27822222222222237,0.23080388713265432,0.2631111111111111,0.22729249258760698,0.2506666666666666,0.24519718978711302,0.3191111111111111,0.09301750302260392,2016-22,> 1%
CONFIPET,2025-04-01,130811450.0,pledge released,2025-04-01,Micro,1684.50056753689,False,-0.09217738310175361,-0.005508557938225467,0.005534386847050654,0.10053118237261449,-0.04532191068250202,-0.08616958489081239,-0.16838609763298318,0.10112138500885304,0.20091130097523957,2023-26,0.2-1%
CROMPTON,2016-06-22,0.0,pledge released,2016-06-22,Mid,8881.12129186603,False,,0.11183496199782827,0.06036045571247839,0.14513210278682576,0.03701676596764336,0.03583061889250816,0.012098460928484434,0.6391603329714077,0.39441966027360953,2016-22,< 0.05% of mcap
CROMPTON,2020-11-12,19758736303.0,pledge released,2020-11-12,Mid,19137.197846889954,True,0.12431609078823225,0.14122394082044387,0.027905300084639983,0.3280094149293882,0.08635066979718264,0.30615332885003377,-0.029510741062200863,0.49613315400134517,-0.06772327274007783,2016-22,> 1%
CROMPTON,2021-06-11,13687644903.0,pledge released,2021-06-11,Mid,27563.205741626796,True,-0.014566535886775811,0.07974368102527585,0.06050270364823562,0.16269134923460293,0.09385280121897921,0.022546576480360736,-0.047664869877042104,-0.23211107155571375,-0.11441857453274556,2016-22,> 1%
DABUR,2016-04-20,76470000.0,pledge released,2016-04-20,Large,47465.00657894737,True,0.04823949574600905,0.037050898203592864,0.06714242795231773,0.13772455089820368,0.031688692663687346,0.06306137724550909,-0.08740860051859978,0.10048652694610793,-0.12429529322184074,2016-22,< 0.05% of mcap
DBCORP,2016-01-14,1078591205.0,pledge released,2016-01-14,Mid,5660.3622857142855,False,0.07961296117785949,-0.014887551472917315,0.0738337615110417,0.05337345581248032,0.013075713216287865,0.27700348432055755,0.1751776459877954,0.14333227747861899,-0.0022533462328763187,2016-22,> 1%
DBCORP,2016-06-08,3310713100.0,pledge released,2016-06-08,Mid,6637.268571428571,False,0.08012868949654517,0.03125420988818539,-0.016876976956251788,0.09187659975751061,-0.033740773001921354,-0.027616866496025905,-0.09050517820429582,0.00646638825272805,-0.2557416933594866,2016-22,> 1%
DBCORP,2016-11-30,1534260.0,pledge released,2016-11-30,Mid,6454.877142857143,False,-0.06444246327889841,-0.015528377078466549,0.00023843900812936525,0.028583207365672658,-0.0722637054984473,0.017314827538820854,-0.18721459063507329,-0.031606431221657294,-0.37562910771255187,2016-22,< 0.05% of mcap
DBCORP,2018-01-04,1925432700.0,pledge released,2018-01-04,Small,6333.875999999999,False,-0.2175163229572541,-0.10622659825266956,0.014083214840163893,-0.12342254888365001,-0.024283961945292143,-0.22964914713631956,-0.011994730625503769,-0.5022881708500901,-0.19731529936352804,2016-22,> 1%
DBCORP,2018-05-23,289772950.0,pledge released,2018-05-23,Small,4661.213142857143,False,-0.10167373851071332,-0.010520163646990044,0.018792987151836082,-0.03292421585817251,0.0011144015829070986,-0.3064484706799142,-0.13707306274052578,-0.23865186051042264,-0.08421764757439326,2016-22,0.2-1%
DBCORP,2018-09-10,11039587867.0,pledge released,2018-09-10,Small,4055.3177142857144,False,-0.09462358234647872,-0.15394912985274434,-0.04890332864733726,-0.2295850066934404,-0.14192425595337382,-0.11601963409192328,-0.0256869469711557,-0.35876840696117807,-0.17467201398288923,2016-22,> 1%
DBCORP,2019-11-07,852785950.0,pledge released,2019-11-07,Small,2637.1131428571425,False,-0.1408870473217605,-0.07198908222449685,-0.030401180186183485,-0.09894234049812345,-0.14454525948360897,-0.5496417604913,-0.23639110749555842,-0.4793585806891847,-0.4367352548161665,2016-22,> 1%
DBCORP,2020-06-19,1102906250.0,pledge released,2020-06-19,Micro,1294.5342857142857,False,-0.37488843803188354,-0.012714558169103607,-0.007861389380404482,0.004450095359186168,-0.09326977434765427,0.09599491417673223,-0.27575229771917864,0.38397965670692935,-0.6616415591571254,2016-22,> 1%
DBCORP,2020-12-08,441250000.0,pledge released,2020-12-08,Micro,1570.3457142857142,False,0.010772036234848903,-0.03764974329720494,-0.12404199935537197,0.11865373645179678,-0.012745241039737731,0.322875071306332,-0.15771536336216807,0.0747290359383912,-0.6975117322069784,2016-22,> 1%
DBCORP,2021-12-29,1230175000.0,pledge released,2021-12-29,Micro,1659.3171428571427,False,-0.11196678772088675,-0.0394594594594595,-0.07262633248868,-0.06108108108108112,-0.038173083501222616,-0.16216216216216217,-0.041809295117423706,0.4102702702702701,0.358219496983325,2016-22,> 1%
DBL,2020-02-27,190075000.0,pledge released,2020-02-27,Small,5236.324137931035,True,-0.156417161976524,-0.2946189839572192,0.03283373161581976,-0.047125668449197744,0.11514882244275515,0.25518048128342263,0.26392399253209714,1.1906751336898398,0.8272144824368968,2016-22,0.2-1%
DBL,2020-07-23,984354500.0,pledge released,2020-07-23,Small,5035.925615763547,True,-0.05170575437377767,0.3335020242914981,0.18722769145523133,0.14102564102564097,0.05078427302131505,0.4208839406207827,0.06486034256572504,0.8773616734143053,-0.0013658363054060985,2016-22,> 1%
DBL,2021-07-08,1653668423.0,pledge released,2021-07-08,Small,9787.885714285716,True,-0.1559624981923181,-0.10522843476826649,-0.07614401778051572,0.11792841827478151,0.0688753523848522,-0.3175820550882401,-0.37734485713351107,-0.6721095167408873,-0.5773486139660632,2016-22,> 1%
DCW,2022-11-10,4621680000.0,pledge released,2022-11-10,Micro,1662.828947368421,True,0.5141277525205523,-0.020484171322160183,-0.0334926855384976,-0.05400372439478596,-0.010706656534426762,-0.15828677839851024,-0.14304516451157612,0.022346368715083775,-0.281268188924262,2016-22,> 1%
DELTACORP,2016-07-18,3063112500.0,pledge released,2016-07-18,Small,2417.7788819875777,True,0.008044513864821523,0.5813436979455859,0.5683268791966688,0.992226540810661,0.8972622348378159,0.4264297612437533,0.3772721303062002,0.8717379233759024,0.5906173185493712,2016-22,> 1%
DELTACORP,2017-01-12,1813000000.0,pledge released,2017-01-12,Small,3452.823602484472,True,-0.19181794500204397,-0.07718120805369122,-0.10695700976716038,0.2774049217002239,0.13621799766809795,0.23228933631618198,0.02083210106564959,1.4172259507829978,1.0061168633747068,2016-22,> 1%
DELTACORP,2017-10-03,1287035000.0,pledge released,2017-10-03,Small,5226.039751552795,True,0.24616733264258306,0.35724815724815717,0.29005426619817465,0.47813267813267823,0.33802139368214656,0.37813267813267815,0.35237148845129396,0.06805896805896805,0.27807199237361674,2016-22,> 1%
DELTACORP,2018-12-28,1274437500.0,pledge released,2018-12-28,Small,6703.719875776397,True,0.17813468983937636,-0.10981861198738163,-0.04549814182598361,0.0656545741324921,0.04326434534536605,-0.31388012618296524,-0.26973843207179565,-0.22200315457413244,-0.11024782548854467,2016-22,> 1%
DELTACORP,2019-05-21,8277500.0,pledge released,2019-05-21,Small,4926.491925465838,True,-0.27041001097151285,0.016963528413910023,0.04201632781191711,-0.17472434266327397,-0.008676783037082803,0.23409669211195938,0.3156781048007763,-0.46960701159174445,-0.13091597839969293,2016-22,< 0.05% of mcap
DELTACORP,2020-12-23,309400000.0,pledge released,2020-12-23,Small,4169.598757763975,True,0.34874980331843075,-0.11190773067331683,-0.12403397903763491,0.07824189526184533,-0.015037521022640554,0.10504987531172061,-0.24441769085567855,0.6159600997506234,0.1547399701647585,2016-22,0.2-1%
DHANUKA,2019-08-02,0.0,pledge released,2019-08-02,Micro,1556.7762931034483,False,0.16485776292822918,-0.06295149638802877,-0.07455008438601152,-0.08639245171752896,-0.15032704976804778,0.4891640866873066,0.41410501732006577,1.4217897685389946,1.40463080457152,2016-22,< 0.05% of mcap
DHANUKA,2020-07-04,2776359040.0,pledge released,2020-07-06,Small,3252.474568965518,False,0.9190208082442449,0.10769970465004453,0.09918985601157182,0.05975685143210385,-0.056759595194578516,0.07129610550175136,-0.27385420488749423,0.3774297685280583,-0.4440443968476382,2016-22,> 1%
DISHTV,2016-06-17,523254000.0,pledge released,2016-06-17,Mid,17211.844660194176,True,0.07764782308826956,0.007832898172323688,-0.03222508036325711,0.02193211488250646,-0.08993197001796471,-0.12428198433420368,-0.15163974978838635,-0.2203655352480417,-0.44043969566097674,2016-22,0.2-1%
DISHTV,2017-02-16,18721500.0,pledge released,2017-02-16,Mid,16147.572815533982,True,-0.17539927361323582,0.20875995449374285,0.19121071848358906,0.03697383390216147,-0.00517236565984891,-0.08646188850967018,-0.16376803115475402,-0.1552901023890786,-0.3772762346783236,2016-22,< 0.05% of mcap
DISHTV,2017-08-09,1063759000.0,pledge released,2017-08-09,Mid,13615.339805825244,True,-0.17703952342730578,0.09211444521981837,0.00678470456639968,0.07676203768318213,-0.06700357667066748,0.041870202372644716,-0.1282410853857019,-0.06001395673412435,-0.1711222336885797,2016-22,0.2-1%
DISHTV,2019-04-08,70020000.0,pledge released,2019-04-08,Small,6991.16504854369,True,-0.029239575644989246,-0.1865079365079364,-0.10608173248704766,-0.1772486772486771,-0.09850653449942359,-0.5396825396825398,-0.3910284503043041,-0.8743386243386243,-0.49313482286027166,2016-22,0.05-0.2%
DISHTV,2019-08-01,25937103.0,pledge released,2019-08-01,Small,4715.825242718447,True,-0.09217115721971758,-0.09330628803245422,-0.09107815162099164,-0.44421906693711966,-0.5008584814950485,-0.5030425963488844,-0.6110500451384561,-0.6511156186612577,-0.5985546430515015,2016-22,0.05-0.2%
DNAMEDIA,2017-12-15,124267575.0,pledge released,2017-12-15,Micro,92.18181818181819,False,,0.5302013422818792,0.43715009509033953,0.046979865771812124,0.165138618943251,0.06711409395973145,0.25668591716415146,-0.30201342281879195,0.02872098468768286,2016-22,> 1%
DONEAR,2020-10-24,1002000.0,pledge released,2020-10-26,Micro,129.86609336609337,False,-0.1220461495690851,0.15573770491803285,0.10001015073846631,0.39959016393442615,0.16384465365336753,0.19262295081967218,-0.2095047087547961,1.276639344262295,0.25955021598373684,2016-22,0.05-0.2%
DRREDDY,2018-08-09,1129400000.0,pledge released,2018-08-09,Large,37412.23878345499,True,0.13020773018854948,0.14218940522964352,0.160527110786979,0.11866052477080791,0.19454734306434102,0.1576344668744072,0.30224514600674696,0.14765388610396069,0.33290171383211403,2016-22,0.2-1%
DYNAMATECH,2016-10-25,0.0,pledge released,2016-10-25,Small,2278.4179193299537,False,0.2207529400294863,-0.06906732343087918,0.027344082801154856,-0.05898640069755712,-0.011936810410251686,-0.1745422282051674,-0.2945789205419107,-0.33332823423230484,-0.5683354907888387,2016-22,< 0.05% of mcap
DYNAMATECH,2017-03-03,0.0,pledge released,2017-03-03,Small,1975.6183821908753,False,-0.05927711772620359,-0.017120083174493206,-0.08447830054127636,-0.16137584474094613,-0.25834014983145326,-0.14650840408941257,-0.28121265936089357,-0.39733148501126325,-0.6013637430757794,2016-22,< 0.05% of mcap
DYNAMATECH,2021-08-25,0.0,pledge released,2021-08-25,Micro,1463.6273308353539,False,0.5599384055821202,0.24108318184667477,0.21541902144567215,-0.08650410581081924,-0.09608554807002234,-0.1797989928749033,-0.238262244545282,-0.05750224618149147,-0.22009803776782388,2016-22,< 0.05% of mcap
EDELWEISS,2018-10-04,0.0,pledge released,2018-10-04,Mid,9454.935038645564,True,-0.2861936116203322,-0.06537805571347355,-0.11128602060040171,0.029277998862990318,-0.034811817021501046,0.05827174530983514,-0.02120147821561469,-0.5088118249005117,-0.5232089243067939,2016-22,< 0.05% of mcap
EDELWEISS,2019-10-07,1107475000.0,pledge released,2019-10-07,Small,3902.865844681634,True,-0.38964674471118504,0.5195339273474984,0.4816713582220823,0.6058944482522277,0.5332349954329879,-0.5181631254283756,-0.24154452927623843,-0.17409184372858122,-0.1615680531452625,2016-22,> 1%
EDELWEISS,2020-04-15,659650000.0,pledge released,2020-04-15,Small,1721.3404490246594,True,-0.3719967182852411,0.15564738292011038,0.20462861352798523,0.6900826446280997,0.5226289543787104,0.6184573002754823,0.3291834917006864,0.6707988980716255,-0.07519610530054865,2016-22,> 1%
EDELWEISS,2020-08-13,314000000.0,pledge released,2020-08-13,Small,3818.2913139492084,True,0.5403990017260831,-0.025657894736842102,-0.08258920358670863,-0.2875000000000001,-0.33594942514012893,-0.06513157894736854,-0.40296970908846086,0.09473684210526323,-0.549183162395897,2016-22,0.2-1%
EDELWEISS,2021-03-18,400750000.0,pledge released,2021-03-18,Small,3987.4403754140594,True,0.01170483691506441,-0.26619132501485443,-0.2514767081122046,-0.11527035056446833,-0.2885911177000592,-0.028520499108734443,-0.3022570948769502,-0.37789661319073087,-0.5679723893359941,2016-22,> 1%
EIDPARRY,2016-07-01,9279450.0,pledge released,2016-07-01,Small,4661.508673469387,True,0.05479657023355522,0.046715911359552775,0.056718765087450884,0.06687961668995812,-0.006731530331918534,0.11379516869634654,0.0978217029839924,0.25554002794969066,-0.022782506056583496,2016-22,< 0.05% of mcap
EIDPARRY,2017-03-24,11100000.0,pledge released,2017-03-24,Small,5009.182871720116,True,0.0006462338963242331,0.0595886799085954,-0.015593612534336776,0.042538231675162574,0.0007804191751625833,0.18597293021620676,0.1133605715662307,-0.022323782738618236,-0.19016158100032632,2016-22,< 0.05% of mcap
EIDPARRY,2017-09-01,1444725.0,pledge released,2017-09-01,Small,5832.903279883381,True,-0.0485914612311491,0.07760086566702751,0.07517762962390107,0.12567630236512617,0.04463889897981099,-0.0734271139279642,-0.1284805239526149,-0.3366826402844334,-0.25589162048539404,2016-22,< 0.05% of mcap
EIDPARRY,2019-02-27,4562400.0,pledge released,2019-02-27,Small,3317.168440233236,False,-0.06311629994870277,0.12233324331623008,0.02449785749621447,-0.005941128814474728,-0.08226098095152423,-0.19389684039967592,-0.12237874055931691,-0.0721036997029435,0.11280890379291675,2016-22,< 0.05% of mcap
EIDPARRY,2019-08-29,3583200.0,pledge released,2019-08-29,Small,2736.819970845481,False,-0.01765901186888258,0.03797468354430378,0.007761726382960132,0.20804933463161301,0.16834951163137946,0.20415449529373575,0.19957842016338334,0.8938656280428432,0.9244314814032467,2016-22,< 0.05% of mcap
EIDPARRY,2020-08-18,3939975.0,pledge released,2020-08-18,Small,5113.485131195335,True,0.40447505290880326,0.0831164324136735,0.053048868251689085,0.041644976574700676,0.000694692760193738,0.13066111400312352,-0.17487643662890384,0.3569321533923304,-0.22651193411921744,2016-22,< 0.05% of mcap
EIMCOELECO,2022-03-01,154533400.0,pledge released,2022-03-02,Micro,191.50398854120758,False,-0.10832696670892938,-0.04964018211191068,-0.12152046851184772,0.04743721545013968,0.06556908358200786,0.10456748421207229,0.017070039130655523,0.08106917315317963,0.06453433639787831,2016-22,> 1%
EIMCOELECO,2023-05-19,2000000.0,pledge released,2023-05-19,Micro,382.97913177611287,False,0.8159470692235895,-0.012754085292945416,-0.08673293169968954,0.17337584695097652,0.025153807284270746,1.3323236349143084,1.0306101559683323,2.1638102829812675,1.6613633009258026,2023-26,0.05-0.2%
EKC,2021-03-23,2424597780.0,pledge released,2021-03-23,Micro,924.3477064220184,False,0.4652895085787806,0.8749202297383538,0.8587825967782909,0.22335673261008293,-0.12735369332248236,0.5067007019783025,0.07980011718298119,1.8889597957881303,1.3119450796003236,2016-22,> 1%
ELECON,2016-04-22,13120016.0,pledge released,2016-04-22,Micro,711.4285714285714,False,-0.07228155225451882,-0.08168394596292794,-0.05249653798424181,-0.022934338674206578,-0.12275802967011173,0.04775369148601949,-0.20904556414663067,-0.047125353440150786,-0.4614274075951461,2016-22,0.05-0.2%
ELECON,2017-03-22,8920000.0,pledge released,2017-03-22,Micro,573.7689393939394,False,-0.18362033236224928,0.21158301158301152,0.10515082578593504,0.113899613899614,0.048083454191838015,0.04826254826254828,-0.05107520008182265,0.49806949806949796,0.3449270955237542,2016-22,0.05-0.2%
ELECON,2018-04-03,2502000.0,pledge released,2018-04-03,Micro,931.504329004329,False,-0.05577078021875631,0.030501638517771656,0.026804780846792164,-0.2833375346609529,-0.12156967548064379,-0.36980085707083443,-0.07846227439366904,-0.23418200151247803,0.06485182458193761,2016-22,< 0.05% of mcap
ELECON,2020-02-14,7200000.0,pledge released,2020-02-14,Micro,377.2727272727273,False,-0.014824923234570742,-0.40381069452980944,-0.0397081304272453,-0.4081130915795943,-0.10714221779318656,-0.044253226797787315,-0.07545890055665261,0.6287645974185618,0.3160445018105955,2016-22,0.05-0.2%
ELECON,2020-08-20,19300000.0,pledge released,2020-08-20,Micro,354.81601731601734,False,0.21486237166817657,-0.1575562700964631,-0.09034279955463237,0.021221864951768588,0.041928440025370106,0.7041800643086815,0.4712713594254543,4.292604501607717,3.5182455272487427,2016-22,0.2-1%
ELECON,2021-02-26,321257035.0,pledge released,2021-02-26,Micro,640.0162337662338,False,0.528427750410509,0.2216998191681736,0.24652705233940475,1.2495479204339968,1.03389246617433,2.067992766726944,1.6766146769387311,1.6654611211573238,1.2269572644239097,2016-22,> 1%
ELECON,2021-06-09,1882920000.0,pledge released,2021-06-09,Micro,1390.7440476190477,True,1.0016386284622103,0.05395511698233335,-0.009413396231534255,0.41413337577590315,0.3584942780315421,0.5976444373706828,0.43461343851878853,1.0316727677860897,0.9228780396668766,2016-22,> 1%
ELECON,2022-06-16,1874750000.0,pledge released,2022-06-16,Micro,2749.3750000000005,True,0.6850864739093822,0.23159922928709054,0.16019947526934053,0.4873217726396917,0.27097844518525305,0.6038535645472061,0.3895678502614919,1.1670905587668594,0.8899620111875606,2016-22,> 1%
EMAMILTD,2016-02-10,0.0,pledge released,2016-02-10,Large,22587.255989445912,False,0.1007260159472142,-0.06434342451085362,-0.1246124971930137,0.07952886206560894,-0.04424434820963297,0.1559427625815244,-0.11268544622204768,0.04049450014601397,-0.19741650950595435,2016-22,< 0.05% of mcap
EMAMILTD,2016-05-19,0.0,pledge released,2016-05-19,Large,24120.357308707124,False,-0.04424434820963297,-0.03823912764121684,-0.0990553372043721,0.0845372937051383,-0.06386402854217488,-0.03860628201127159,-0.07797972002668196,0.0015604060727332225,-0.24154550113080708,2016-22,< 0.05% of mcap
EMBDL,2018-10-29,1630125000.0,pledge released,2018-10-29,Mid,10074.884615384617,True,-0.44181198654437365,0.08831710709318497,0.05488288132097785,0.024339360222531248,0.004727155414109507,0.4680111265646729,0.446270494781869,0.05632823365785811,-0.00222909535368343,2016-22,> 1%
EMBDL,2019-04-26,8774650000.0,pledge released,2019-04-26,Mid,17445.05555555556,True,0.5548309049757809,0.08865710560625817,0.0672222857850241,-0.2242503259452412,-0.14053078120838625,-0.4458930899608866,-0.4389092084939332,-0.590612777053455,-0.3324539006028855,2016-22,> 1%
EPL,2016-01-14,0.0,pledge released,2016-01-14,Small,2371.4746835443034,False,-0.08541026385386519,-0.029738248595313155,0.07289786734725218,0.2960120597505824,0.2771227035182793,0.4252432506509525,0.33110585813528015,0.6890502946416335,0.5073884695373674,2016-22,< 0.05% of mcap
ESSARSHPNG,2025-12-12,214063650.0,pledge released,2025-12-12,Micro,581.9047619047619,False,0.27685367582356346,-0.11170401992173606,-0.06344516651997484,-0.14016364283173244,0.031403604002898156,-0.14443258626823186,-0.11738546199273614,,,2023-26,> 1%
FMNL,2016-06-16,0.0,pledge released,2016-06-16,Micro,115.59282178217822,False,-0.3797426829656333,0.4199475065616798,0.371701892526592,0.5984251968503935,0.5265319241773625,0.9658792650918635,0.8816374415041528,2.7926509186351707,2.4428252660105354,2016-22,< 0.05% of mcap
FMNL,2017-02-22,451080000.0,pledge released,2017-02-22,Micro,309.2561881188119,False,0.5450852557234742,0.46699999999999986,0.456572471324296,0.43699999999999983,0.373640266777824,1.8410000000000002,1.7418999191798115,1.0709999999999997,0.7674692784541549,2016-22,> 1%
FMNL,2017-06-30,136097699.4,pledge released,2017-06-30,Micro,426.66460396039605,False,-0.07099565617932002,-0.04861580013504385,-0.06566125468049822,0.9675894665766374,0.9727701073401002,0.8987170830519919,0.6039712479387924,0.3024983119513842,0.4118621926245868,2016-22,> 1%
FMNL,2017-11-17,4306635000.0,pledge released,2017-11-17,Micro,798.2561881188119,False,0.7962057530457787,0.12879661668589004,0.08032778977013277,-0.15532487504805859,-0.1577609286412377,-0.06036139946174557,0.059410904249182495,-0.5586312956555172,-0.27386308373498747,2016-22,> 1%
FOODSIN,2021-11-26,43868428.0,pledge released,2021-11-26,Micro,639.0098231827112,False,,0.026537997587454676,-0.028952329075783267,0.039203860072376306,0.03544077042871063,-0.07177322074788905,-0.09281514033654858,0.6236429433051869,0.46896417235546606,2016-22,0.2-1%
FOODSIN,2022-09-23,16150000.0,pledge released,2022-09-23,Micro,724.7485265225934,False,0.138068494364171,0.005356186395286455,-0.004521538275595538,0.2495982860203536,0.2397643236182072,0.21960364220674888,0.3600065423643516,1.1274772362078203,0.8362204056067273,2016-22,0.2-1%
FORTIS,2016-02-26,5070100000.0,pledge released,2016-02-26,Mid,12654.045454545454,True,0.21171805405051053,0.07977293098296978,-0.02657663439837954,-0.04601135345085139,-0.18344116845610847,0.055572154167911725,-0.21848471260692992,0.07648640573648047,-0.27896065298238815,2016-22,> 1%
FORTIS,2018-01-31,1730750.0,pledge released,2018-01-31,Mid,10536.197727272727,True,-0.04287868558530783,0.21681749622926105,0.26392431575414665,0.15309200603318263,0.17776040058860476,0.10067873303167407,0.18546595872879867,0.018476621417798045,0.1967755923535019,2016-22,< 0.05% of mcap
GALAXYSURF,2018-12-28,5.47,pledge released,2018-12-28,Small,4293.017573939134,False,0.0275871002649572,-0.0712594890213043,-0.006939018859906276,-0.12790792588360123,-0.15029815467072727,0.03330340380377117,0.07744509791494075,0.2176965145702392,0.32945184365582697,2016-22,< 0.05% of mcap
GANECOS,2020-03-09,1446302200.0,pledge released,2020-03-09,Micro,737.3841158841159,False,0.3621486513718869,-0.4070966614228282,-0.2821512465756667,-0.2665617898968712,-0.302276075611157,-0.10522635902814204,-0.33502578596223953,1.1389617199790245,0.39829742207259045,2016-22,> 1%
GAYAPROJ,2020-01-13,600000000.0,pledge released,2020-01-13,Small,4038.744493392071,False,-0.26454029188082184,-0.5752941176470587,-0.5669906839403993,-0.8911764705882352,-0.5792980340560592,-0.8123529411764706,-0.6018100362545272,-0.471764705882353,-0.5805266745586407,2016-22,> 1%
GAYAPROJ,2021-06-26,90968800.0,pledge released,2021-06-28,Micro,1477.9295154185022,False,-0.4096917729558952,0.38132911392405044,0.30140311947446663,0.6360759493670887,0.6044432963058641,-0.07594936708860767,-0.1893138152933277,-0.5237341772151899,-0.5610835748055513,2016-22,0.2-1%
GENESYS,2024-02-29,415582521.0,pledge released,2024-02-29,Micro,2438.4767032967034,False,0.2558680346600438,0.05870165745856348,0.0905322365654177,-0.23053966061562736,-0.14846827067511892,0.37287884767166535,0.2177159733373406,0.23751973164956586,0.3596253927402,2023-26,> 1%
GENUSPAPER,2023-12-27,237367000.0,pledge released,2023-12-27,Micro,501.47169811320754,False,-0.15328454085613819,0.17539267015706783,0.12337722640560267,-0.02617801047120416,0.030357411843488058,0.1874345549738219,0.050176161795195906,0.15392670157068045,-0.07072142093976352,2023-26,> 1%
GENUSPAPER,2024-10-05,398300000.0,pledge released,2024-10-07,Micro,596.8547169811321,False,0.15290650783362092,-0.04379860826852233,-0.04507117384021042,-0.10192386410151444,-0.06366763634350736,-0.25378632828489556,-0.0006585639635983132,-0.31764224314367573,-0.1498981124869898,2023-26,> 1%
GENUSPAPER,2025-05-31,120600000.0,pledge released,2025-06-02,Micro,522.9264150943396,False,0.0005053434530185585,0.02916038210155847,0.011337388144547766,-0.06887883358471603,-0.044158652844818014,-0.30065359477124187,-0.20920599878369428,-0.39115133232780297,-0.24667858019954847,2023-26,> 1%
GENUSPOWER,2020-11-27,232375000.0,pledge released,2020-11-27,Micro,867.8429065743944,False,0.11594647043920159,0.3392116182572613,0.21552433704372587,0.5169432918395571,0.29544492050405213,0.822268326417704,0.31801407759752953,1.406984785615491,0.5353033696862872,2016-22,> 1%
GENUSPOWER,2023-12-14,560625000.0,pledge released,2023-12-14,Micro,6625.926124567473,True,-0.2417286250089179,0.0422357546759462,-0.010980619593059515,-0.04049586776859504,0.005333646438554385,0.3185732927359721,0.19616048809409337,0.6603740756850804,0.4212436409024718,2023-26,0.2-1%
GENUSPOWER,2025-05-31,605800000.0,pledge released,2025-06-02,Small,12440.594636678201,True,0.3015201438265983,-0.08510310469684923,-0.09911919977441619,-0.15962610102462704,-0.12745589080377534,-0.2283454456742251,-0.15798704235728367,-0.20828946354741795,-0.10575706336999657,2023-26,0.2-1%
GHCL,2016-02-10,0.0,pledge released,2016-02-10,Small,997.760591133005,False,-0.1527494423098113,0.08402948402948396,0.02783034207174273,0.4555282555282554,0.288743130286493,1.5449631449631447,1.2976151495898165,1.5926289926289927,1.1501141636176648,2016-22,< 0.05% of mcap
GOACARBON,2023-09-22,2926063609.0,pledge released,2023-09-22,Micro,478.5441975308642,False,-0.18876113441840525,-0.03427361124482531,-0.006610244611436111,0.10233946279002604,-0.0321648980771968,0.4274573986714161,0.3291751375370423,0.6245306633291614,0.2033719060537693,2023-26,> 1%
GOCOLORS,2023-04-19,1188120000.0,pledge released,2023-04-19,Small,5281.1177740863795,False,-0.12627625411434545,0.10247575921641983,0.0491120052102576,0.13048186247969684,-0.05926335447719211,0.29074174336762315,-0.036931883313105596,0.10006398582467879,-0.4375116711862662,2023-26,> 1%
GOCOLORS,2023-09-05,1795575000.0,pledge released,2023-09-05,Small,7253.691029900333,True,0.025633441372803434,-0.06572155579789174,-0.031553005013684465,-0.05372591784805536,-0.10953151677848227,-0.2002544529262087,-0.3413103845195863,-0.0997818974918212,-0.48133439061208827,2023-26,> 1%
GOCOLORS,2025-04-21,200551820.0,pledge released,2025-04-21,Micro,3875.288372093023,False,-0.08960590377509409,0.15436558849348359,0.13919778722750964,0.1917752717941792,0.10338852168845358,-0.07954622189209282,-0.09458233805346072,-0.5788777095009792,-0.47973933279927317,2023-26,0.2-1%
GOCOLORS,2025-07-25,985562518.0,pledge released,2025-07-25,Micro,4512.678239202658,False,0.0672306269756886,-0.16871746332229065,-0.1292470889950853,-0.21355892096545193,-0.18453499614063718,-0.5413511594888785,-0.36348751298137466,-0.6162446758163749,-0.48964420547407006,2023-26,> 1%
GOKUL,2017-01-12,303750000.0,pledge released,2017-01-12,Micro,219.18274111675126,False,0.5070422535211268,0.0092592592592593,0.00129566426494776,0.04861111111111094,-0.07360158185629917,0.18287037037037024,0.011091229266075864,-0.03240740740740755,-0.5150576604546581,2016-22,> 1%
GOKUL,2017-11-16,351600000.0,pledge released,2017-11-16,Micro,233.99238578680203,False,-0.19237724453006466,-0.12809917355371891,-0.17209741591104988,-0.2148760330578512,-0.22834908695006684,-0.4752066115702479,-0.3602790368299159,-0.6673553719008264,-0.4009610413058999,2016-22,> 1%
GOKULAGRO,2017-01-13,285000000.0,pledge released,2017-01-13,Micro,281.6384976525822,False,0.16152001214811562,0.07097457627118642,0.08627214542458117,0.3686440677966103,0.23275195161403772,0.39194915254237306,0.21536025471453724,0.3866525423728815,-0.1041565649077979,2016-22,> 1%
GOODLUCK,2024-11-15,516419800.0,pledge released,2024-11-18,Micro,3130.1691732283466,True,0.09802035575542323,0.042263099941706184,-0.02418979647512809,-0.28032903685471855,-0.11206378090494112,-0.027139063410842712,0.06588214514240925,0.2065872141978109,0.3782989961667398,2023-26,> 1%
GPIL,2016-05-13,78660000.0,pledge released,2016-05-13,Micro,225.67229729729732,False,0.168134010577508,-0.12835820895522387,-0.13641286784380724,-0.19402985074626866,-0.24741208383510316,-0.13731343283582087,-0.18105100738850488,0.4477611940298507,0.057172958735733026,2016-22,> 1%
GPIL,2017-05-10,235625000.0,pledge released,2017-05-10,Micro,324.025,False,-0.10317719886262056,-0.05660377358490554,-0.0050036711783514876,0.35010482180293523,0.40815689066050503,0.6813417190775681,0.6051975605467366,3.8616352201257866,3.8231258635070797,2016-22,> 1%
GPIL,2018-11-06,1107371583.0,pledge released,2018-11-06,Micro,1296.7736486486488,False,0.0521163185395091,-0.35597548518896827,-0.27349423092857295,-0.40602655771195084,-0.2717946125657396,-0.5214504596527069,-0.35304628964468765,-0.6312563840653729,-0.309283940265518,2016-22,> 1%
GPIL,2021-08-07,3324643231.0,pledge released,2021-08-09,Small,4821.3033783783785,True,0.32495850511350133,-0.1525224297690837,-0.17308890806130872,-0.10016178849830848,-0.15677543832457796,0.007795264009413216,-0.029014621504043325,,,2016-22,> 1%
GPIL,2022-02-01,5802000000.0,pledge released,2022-02-01,Micro,4440.691891891893,True,-0.2420836800910211,0.1179341835931349,0.25889803901482167,0.15556605259014322,0.2728856193479122,-0.11730436151787116,0.008204973054907527,0.18689970083451413,0.2715059201193484,2016-22,> 1%
GPTINFRA,2023-05-05,269145431.0,pledge released,2023-05-05,Micro,306.6094915254237,False,-0.10193312881459737,0.14611689351481183,0.10999511896846936,0.6044835868694955,0.44859005074782266,1.33386709367494,1.0586465644046914,3.3254603682946353,2.8517909647491493,2023-26,> 1%
GPTINFRA,2024-11-25,1992753042.0,pledge released,2024-11-25,Micro,1764.9538983050847,False,-0.18839141491090639,0.0036366281184085913,-0.007551173233831587,-0.24758164230125834,-0.07607865368804168,0.02829296676121884,0.14096209345248567,-0.19317768564986548,-0.010223140195320002,2023-26,> 1%
GRANULES,2019-01-16,660000000.0,pledge released,2019-01-16,Small,2486.442857142857,True,-0.0652762122953856,-0.04046563192904662,0.06467486376359033,0.29988913525498884,0.2973717945629414,-0.045454545454545525,0.07524708683291231,0.6840354767184036,0.7639649266917417,2016-22,> 1%
GRANULES,2019-08-08,65.52,pledge released,2019-08-08,Small,2652.5688311688314,False,-0.04573859396789931,0.064282011404873,0.03640922618557485,0.3297045101088647,0.3050246218376522,0.7615344738206324,0.6976487123705707,2.1467081389320892,2.1728124019500816,2016-22,< 0.05% of mcap
GRANULES,2019-12-02,94.0,pledge released,2019-12-02,Small,3362.0084415584415,True,0.3187044651325467,-0.04426165295730522,-0.07829851123545917,0.2663533098315707,0.30073611162453495,0.4218566392479435,0.6077123576102123,2.285938112025068,2.1580459034793953,2016-22,< 0.05% of mcap
GRANULES,2020-03-05,22099.0,pledge released,2020-03-05,Small,4861.227272727272,True,0.4004975877683273,-0.011665208515602266,0.22889311215764668,0.2502187226596675,0.3841943780189226,1.1286089238845145,1.1285784549355822,1.0434529017206184,0.6280946900806466,2016-22,< 0.05% of mcap
GRANULES,2020-09-02,5687175000.0,pledge released,2020-09-02,Mid,8908.164935064935,True,0.5569178229559899,0.16807627248962032,0.1919235916785968,0.2900199907734893,0.16285087143322396,0.11871443948946658,-0.20126081980048238,0.011994464093495472,-0.5138680649059465,2016-22,> 1%
GRASIM,2017-06-26,10265350.0,pledge released,2017-06-27,Large,82469.97754408883,True,0.03245112030704933,-0.11197621744054365,-0.16296404277514498,-0.07307974152288343,-0.08636630952559088,-0.06341183132369599,-0.16966869157627362,-0.181108853507428,-0.17321766690519874,2016-22,< 0.05% of mcap
GRASIM,2018-03-26,2397094.0,pledge released,2018-03-26,Large,73244.94688438928,True,0.04881467163312775,-0.0018809817987348598,-0.0553215845596885,-0.057950836299260455,-0.03838683426308209,-0.061860327880944865,-0.024571999861049743,-0.2361646412303834,-0.20935482518029108,2016-22,< 0.05% of mcap
GRASIM,2018-10-03,0.18,pledge released,2018-10-03,Large,65714.39293925538,True,0.01283010467301704,-0.11044479330193613,-0.12245851764768889,-0.14453165881737318,-0.1918671864883481,-0.12389324960753534,-0.20826110085593097,-0.2381371009942438,-0.22386325659469858,2016-22,< 0.05% of mcap
GTL,2018-08-02,184800000.0,pledge released,2018-08-02,Micro,112.1774193548387,False,-0.10188723700188906,-0.1095890410958904,-0.07204637897984956,-0.15068493150684925,-0.026542584054649154,-0.3835616438356164,-0.13824648199575285,-0.6712328767123288,-0.27020260707578375,2016-22,> 1%
GTLINFRA,2018-08-02,180000000.0,pledge released,2018-08-02,Micro,1840.6944444444443,False,-0.17618658106867502,-0.06666666666666676,-0.029124004550625915,-0.2333333333333334,-0.1091909858811333,-0.3666666666666667,-0.12135150482680312,-0.6333333333333333,-0.23230306369678827,2016-22,0.2-1%
GTPL,2020-02-10,42229932.0,pledge released,2020-02-10,Micro,806.7468123861568,False,0.026630980048513386,-0.34455587392550135,-0.065682186365845,-0.3875358166189111,-0.06641165449637276,0.43123209169054455,0.4885201085090448,0.8638968481375358,0.573215346051305,2016-22,0.2-1%
HALEOSLABS,2020-12-14,69428016.0,pledge released,2020-12-14,Micro,190.3580946035976,False,0.22726847042431186,-0.024454991553374494,-0.08087248097509514,-0.17850534952940222,-0.2691486243832033,0.273831550156866,-0.16633939001407416,0.25195076824068874,-0.3882208952022512,2016-22,> 1%
HALEOSLABS,2023-12-14,37645087.0,pledge released,2023-12-14,Micro,156.9192871419054,False,-0.07243956116147676,0.17047110247693054,0.11725472820792482,0.19825157843613406,0.24408109264328348,0.58300145701797,0.46058865237609126,1.3382224380767362,1.0990920032941276,2023-26,> 1%
HATSUN,2021-07-27,2288578500.0,pledge released,2021-07-27,Mid,20562.16433121019,False,0.017332712590434673,0.12869697203004882,0.14548082274797208,0.4417448498113703,0.3862217996984273,0.14327038352819543,0.12097319218599856,0.07881740890242961,0.12374905127835195,2016-22,> 1%
HATSUN,2024-07-31,7592169756.0,pledge released,2024-07-31,Small,27389.905823475885,False,-0.0475657668373497,0.08164941678988002,0.07843315363245718,-0.10633316904879253,-0.05281578317011493,-0.22613767044521116,-0.06743097314229718,-0.2681534417611303,-0.14326251081904928,2023-26,> 1%
HEADSUP,2016-12-22,0.0,pledge released,2016-12-22,Micro,398.453125,False,,0.08153676064123827,-0.0034744250410883026,0.19762299613045875,0.07741341529213552,-0.14953012714206748,-0.348682669514949,-0.14538419016030957,-0.7784379331379352,2016-22,< 0.05% of mcap
HEADSUP,2017-12-25,0.0,pledge released,2017-12-26,Micro,344.3125,False,-0.10021895345672438,0.040757381258023084,0.05661945022354031,-0.25288831835686776,-0.0832932449170875,-0.5911424903722722,-0.29648568070463466,-0.7718228498074455,-0.4083692009990688,2016-22,< 0.05% of mcap
HEADSUP,2020-10-12,35518780.0,pledge released,2020-10-12,Micro,20.234375,False,-0.33234440537340015,-0.09444444444444444,-0.09699546485260757,0.3055555555555556,-0.028623801466440835,0.2944444444444445,-0.0468407175689417,1.011111111111111,-0.07295968534906594,2016-22,> 1%
HGS,2025-04-25,2403859150.0,pledge released,2025-04-25,Micro,2336.9443243243245,False,-0.062468811931534085,0.06379569354031056,-0.00020863351278599396,0.15603405107661494,0.06017814982960634,0.062093139709564316,0.01810107639794889,-0.17295943915873813,-0.10688531290429343,2023-26,> 1%
HGS,2026-04-16,1849500000.0,pledge released,2026-04-16,Micro,1940.1791891891894,False,-0.004285862008358621,-0.05194652908067532,-0.02724441352518453,0.007856472795497282,0.0037184145900350796,,,,,2023-26,> 1%
HILTON,2020-11-10,50517962.0,pledge released,2020-11-10,Micro,34.14773006134969,False,-0.0967516794945944,0.2485380116959064,0.0450137583129967,0.26608187134502925,-0.05227429303853226,0.2485380116959064,-0.31526993657539437,1.0555555555555558,0.06789749994791705,2016-22,> 1%
HIMATSEIDE,2019-06-14,11.09,pledge released,2019-06-14,Small,2171.125753012048,False,-0.04707240255753886,-0.11679240011176295,-0.07918501862910304,-0.20759988823693754,-0.11778702662842694,-0.32578932662754956,-0.23231301137586635,-0.6342553785973735,-0.400149907922164,2016-22,< 0.05% of mcap
HINDALCO,2017-06-28,672571.0,pledge released,2017-06-28,Large,42503.222983014864,True,-0.06382482049306193,0.12304890738813734,0.0707640533083902,0.24063475546305924,0.2337567936474455,0.4232570239334028,0.3143322807143054,0.17637877211238306,0.18726965298572773,2016-22,< 0.05% of mcap
HINDALCO,2018-03-20,672571.0,pledge released,2018-03-20,Large,48648.671868365185,True,-0.05455977946443602,0.19049836981835133,0.13801922793065735,0.03539823008849563,0.02966113175647067,0.11737307871448532,0.15012329220194215,-0.05752212389380529,-0.02913607253895356,2016-22,< 0.05% of mcap
HINDALCO,2018-10-03,164275466.75,pledge released,2018-10-03,Large,56809.02202760085,True,0.11655832577960823,-0.03772086559459997,-0.049734589940352736,-0.17192773476275558,-0.2192632624337305,-0.14850109191979355,-0.23286894316818918,-0.25372245384157244,-0.23944860944202723,2016-22,< 0.05% of mcap
HITECH,2021-09-27,210700000.0,pledge released,2021-09-27,Micro,1199.707300275482,False,0.4570854031867714,0.04433413214652515,0.048825104837782185,-0.062649777473468,-0.10024283613549823,-0.1374529270797672,-0.19951232844345623,0.005648750427935667,-0.10093318171020604,2016-22,> 1%
HITECH,2022-02-03,62679540.0,pledge released,2022-02-03,Micro,1113.1577134986228,False,-0.17561518431164858,-0.06425555351569667,0.08658111865022367,-0.01230034881586195,0.1546790132854513,-0.01633926932256291,0.10528770892299666,0.6557738204516248,0.7314072034620569,2016-22,0.2-1%
HITECH,2023-07-31,23324800.0,pledge released,2023-07-31,Micro,1670.04132231405,False,-0.09585247308834455,-0.08040500297796305,-0.12141446670036049,0.1959499702203693,0.1265483949731796,0.7212626563430613,0.36126428105588226,0.7373436569386538,0.2746271116210539,2023-26,0.05-0.2%
HITECH,2024-11-09,186080000.0,pledge released,2024-11-11,Micro,3564.7865013774112,True,0.19120275991414015,-0.047005571030640625,-0.09892744183074809,-0.30826369545032495,-0.17159702878365835,-0.4334958217270195,-0.3028824899024919,-0.3794103992571959,-0.2057617044212418,2023-26,0.2-1%
HLVLTD,2020-03-19,220320137.0,pledge released,2020-03-19,Micro,208.36193447737907,False,-0.1314434352234472,0.11764705882352944,-0.00650644004780232,0.5735294117647058,0.15466148723640405,0.42647058823529416,-0.07117046052137332,0.75,-0.3590363704709556,2016-22,> 1%
HLVLTD,2021-03-25,1466698298.0,pledge released,2021-03-25,Micro,390.26521060842435,False,0.09881118207224016,-0.04166666666666663,-0.07976190476190481,0.6666666666666667,0.2883752975072028,0.7,0.2296434494195687,0.5666666666666667,-0.13033157969543563,2016-22,> 1%
HLVLTD,2024-07-08,2565150000.0,pledge released,2024-07-08,Micro,1603.3946957878313,False,-0.33120718931654936,-0.1132861307788422,-0.0916322442611135,-0.37775926697209505,-0.3761428876617503,-0.2698875468554769,-0.2339808688882275,-0.45189504373177847,-0.34480922377716794,2023-26,> 1%
HUBTOWN,2016-12-09,585317938.25,pledge released,2016-12-09,Micro,1271.203021978022,False,-0.06531427446221105,0.032943676939426236,0.005414181050974243,-0.0446333687566417,-0.09485162539568182,0.2221041445270988,0.04346520312823299,0.33368756641870356,-0.0949343417085049,2016-22,> 1%
HUBTOWN,2017-09-28,423138125.0,pledge released,2017-09-28,Micro,1549.167032967033,False,-0.06699883324440559,0.1932344763670064,0.09731121497611905,0.24374420759962923,-0.01941368713721281,-0.3039851714550511,-0.38086564115705623,-0.6510658016682114,-0.3931277381637033,2016-22,> 1%
HUBTOWN,2018-06-21,202460000.0,pledge released,2018-06-21,Micro,1011.8175824175825,False,0.005415414606610824,-0.1633078526754691,-0.07491350991340584,-0.3676164002779708,-0.24821110511063038,-0.4232105628908964,-0.271840635741431,-0.7456567060458652,-0.4546625539990815,2016-22,> 1%
HUBTOWN,2019-03-01,6650000.0,pledge released,2019-03-01,Micro,493.0467032967033,False,-0.06495920773903874,-0.141678129298487,-0.13871516633552394,-0.30811554332874835,-0.24497637527273308,-0.5584594222833563,-0.3395534708335437,-0.7551581843191196,-0.31540580779355365,2016-22,0.05-0.2%
HUBTOWN,2019-06-11,50058800.0,pledge released,2019-06-11,Micro,353.7074175824176,False,-0.24497637527273308,-0.24603174603174605,-0.1603336892564423,-0.3650793650793651,-0.22472848788638267,-0.4285714285714285,-0.20652863486936957,-0.5634920634920635,-0.285627071341357,2016-22,> 1%
HUBTOWN,2020-01-30,15131200.0,pledge released,2020-01-30,Micro,190.07307692307694,False,-0.0343178145672689,-0.23308270676691734,-0.0899509178598713,-0.2556390977443609,0.05747542443148973,-0.16917293233082709,-0.028057807304811055,0.4172932330827068,0.166960609346677,2016-22,0.2-1%
HUBTOWN,2021-04-05,3622500.0,pledge released,2021-04-05,Micro,233.66126373626378,False,-0.027697236834895,-0.043749999999999956,-0.09716007465564969,0.6312500000000001,0.23891129032258074,0.7906249999999999,0.2888747362616285,1.9656250000000002,1.253532869481766,2016-22,0.05-0.2%
HUBTOWN,2022-05-26,178052300.0,pledge released,2022-05-26,Micro,782.4436813186813,False,0.010224169263898908,0.017793594306049876,0.05729976714555607,0.9056939501779357,0.8196566418607135,-0.09519572953736655,-0.20065225784287,-0.23220640569395024,-0.35415762520614547,2016-22,> 1%
HUBTOWN,2024-08-21,919818652.0,pledge released,2024-08-21,Micro,3820.8975824175827,True,0.6705593170582139,-0.029918569143521756,-0.016977615201338447,-0.029373273229605923,0.07329505431251693,-0.14025010905918278,0.10344042177072055,0.29453249963646955,0.4837216888256587,2023-26,> 1%
HUBTOWN,2025-01-06,2510968500.0,pledge released,2025-01-06,Micro,4030.83543956044,False,-0.06609958617233391,-0.08672686999488832,0.007122087287878165,-0.3562105980575907,-0.11391154120250857,0.02010563980235136,0.12036440771439233,-0.2300562276367354,0.01926926221243974,2023-26,> 1%
HUBTOWN,2026-01-03,274521332.0,pledge released,2026-01-05,Micro,3625.822582417583,True,-0.0013421943707134787,-0.1128546520843241,-0.05085465208432416,-0.20934379457917263,-0.11443762835933347,-0.18461721350451732,-0.14636155306378407,,,2023-26,0.2-1%
IMAGICAA,2016-05-05,729926295.0,pledge released,2016-05-05,Mid,4984.943248532289,False,-0.2259922249849613,0.019053472649047443,0.0019230781787425988,0.0233558696988323,-0.07882860812529457,0.20958819913952076,0.07414998592554567,0.05961893054701917,-0.26201885355619303,2016-22,> 1%
IMAGICAA,2018-03-29,305000000.0,pledge released,2018-04-02,Small,2878.4217221135027,False,-0.204397579810427,-0.06341463414634141,-0.06820927094199647,-0.3395121951219512,-0.20762259943466643,-0.6663414634146341,-0.4475919522342529,-0.8243902439024391,-0.6187970133136026,2016-22,> 1%
IMAGICAA,2018-08-28,93690000.0,pledge released,2018-08-28,Micro,2068.221135029354,False,-0.10003753734066517,-0.5352517985611511,-0.3737793505033372,-0.7208633093525181,-0.570370291011278,-0.7323741007194244,-0.5433077076372025,-0.8992805755395683,-0.5302692728947094,2016-22,0.2-1%
IMAGICAA,2019-01-09,18538932.6,pledge released,2019-01-09,Micro,680.568493150685,False,-0.34851410934744254,-0.26222222222222213,-0.14539413505515197,-0.1777777777777778,-0.11705467372134037,-0.5955555555555556,-0.3842756526222398,-0.6444444444444444,-0.4151450813871196,2016-22,0.2-1%
INDIACEM,2016-01-13,0.0,pledge released,2016-01-13,Small,2965.1920529801323,True,0.21872683799626758,-0.24371472550025652,-0.1332636469358468,-0.08978963571062082,-0.07286963719541129,0.18676244227809136,0.11361977601072737,0.39404822986146737,0.23414518142723517,2016-22,< 0.05% of mcap
INDIACEM,2017-05-25,0.0,pledge released,2017-05-25,Small,6092.543046357616,True,0.060344812476389786,-0.05028916268544126,-0.04293115408375631,-0.09353784259492082,-0.10666952073054137,-0.10057832537088263,-0.25895349497147213,-0.3464923309026905,-0.38740340010332874,2016-22,< 0.05% of mcap
INDIACEM,2017-10-09,0.0,pledge released,2017-10-09,Small,5629.23178807947,True,-0.1054798540079982,-0.05526817315545873,-0.08100790388282608,0.046011434794445805,-0.10849634094080896,-0.20364824394228154,-0.22443525928579078,-0.4663762591886741,-0.2647684821668325,2016-22,< 0.05% of mcap
INDIACEM,2018-09-25,1013740000.0,pledge released,2018-09-25,Small,3286.42119205298,True,0.07612903154204775,-0.21595598349381018,-0.13712786225771917,-0.11875286565795506,-0.07459851381177396,0.021549747822100063,0.042864513619762123,-0.25401192113709314,-0.05353929411858194,2016-22,> 1%
INDIACEM,2019-06-05,769633330.0,pledge released,2019-06-06,Small,2992.9907284768215,True,0.05540914609063807,-0.028061224489795866,0.02987463825084763,-0.23520408163265305,-0.09828546515445113,-0.26581632653061227,-0.12363817665990906,0.3494897959183674,0.6506631987866854,2016-22,> 1%
INDIACEM,2021-01-04,1522350000.0,pledge released,2021-01-04,Small,5446.996026490066,True,0.32825213970443623,-0.016248574686430928,-0.010838116029210587,0.044754846066134446,-0.03192719417196532,0.10034207525655647,-0.21520547048067007,0.3913911060433295,-0.030932834914594975,2016-22,> 1%
INDIACEM,2023-07-04,1293200000.0,pledge released,2023-07-04,Small,6549.6768211920535,True,0.008035849597188838,0.022379269729092988,-0.02688776410493887,0.08056537102473493,-0.05151328891818674,0.25064782096584204,-0.031658804899581394,0.39387514723203787,-0.11841218597047387,2023-26,> 1%
INDIACEM,2024-03-01,3084682000.0,pledge released,2024-03-01,Micro,7139.626490066225,True,-0.19440881594283088,-0.03842851009016757,-0.007014406564286091,-0.11120652640618289,-0.04600252582848219,0.560111635895234,0.4275953386331741,0.27522541863460703,0.3997259794521544,2023-26,> 1%
INDIANHUME,2026-03-25,4486492270.0,pledge released,2026-03-25,Micro,1639.3143059490085,False,-0.044201498269200334,0.09547738693467345,-0.09826948379553546,0.12278056951423788,-0.09324139553640698,0.1819095477386936,0.01976795103472584,,,2023-26,> 1%
INDOAMIN,2022-05-28,44886000.0,pledge released,2022-05-30,Micro,726.4940140845071,False,,-0.17634854771784236,-0.12267616209692739,0.4232365145228214,0.36460176736348426,0.13381742738589208,0.03502779893524666,0.23807053941908696,0.11630305047939837,2016-22,0.2-1%
INDOTECH,2025-11-20,4793840000.0,pledge released,2025-11-20,Micro,1813.6015370138016,False,-0.03980839638149425,-0.07423657423657426,-0.03660846520630817,-0.17082017082017076,-0.06828561596662647,0.4723294723294724,0.5564165745070269,,,2023-26,> 1%
INDSWFTLAB,2020-10-16,536734180.0,pledge released,2020-10-16,Micro,444.7814910025707,False,0.5411815235884574,0.16016427104722797,0.12168849811549642,0.462012320328542,0.15517127405087594,0.6540041067761806,0.3090563715845429,0.1889117043121149,-0.8205159051154944,2016-22,> 1%
INDUSINDBK,2020-03-04,26276390000.0,pledge released,2020-03-04,Large,82433.07230854606,True,-0.2002612662260907,-0.6286976744186047,-0.4161991353069948,-0.5133488372093024,-0.41360976097486085,-0.4414883720930233,-0.43244558463548044,-0.04669767441860473,-0.2934018666606688,2016-22,> 1%
INDUSINDBK,2023-09-21,3000390400.0,pledge released,2023-09-21,Large,109140.01120976692,True,0.0439538038035191,-0.027668800330373777,0.0074640161728856125,0.08114804873012593,-0.021107153258989042,0.04528873287906943,-0.17489722439540767,0.006745130428797541,-0.41690198494878594,2023-26,0.2-1%
INDUSTOWER,2022-02-28,15964410608.0,pledge released,2022-02-28,Large,57002.07667560322,True,-0.18714089310270304,0.06854936036688386,0.01690171460468759,-0.027033550567221787,-0.0002332468588575609,-0.037895244991551946,-0.09877043471592728,-0.1938209027274922,-0.16211210672613735,2016-22,> 1%
INOXGREEN,2023-12-16,228160800.0,pledge released,2023-12-18,Micro,4162.340124223603,True,0.42147948971882254,0.2509450421634196,0.2163167251110475,0.12377629155762326,0.18259982096938798,0.5915479305999805,0.47323736931188287,0.6132596685082872,0.39879685859093184,2023-26,0.2-1%
INOXWIND,2022-09-09,372456000.0,pledge released,2022-09-09,Small,5731.54964028777,False,0.37180564337334276,0.06909090909090909,0.11575985035097064,-0.2002797202797203,-0.17103144399196363,-0.26909090909090916,-0.16175245948188982,0.3625174825174826,0.17592977098637153,2016-22,0.2-1%
INOXWIND,2023-05-15,772886100.0,pledge released,2023-05-15,Micro,4895.591366906475,False,0.23528596441258975,0.28197064989517817,0.22119898316809727,0.7320055904961564,0.6015249797042892,1.23340321453529,0.9531424620375929,4.270090845562544,3.7665543928966025,2023-26,> 1%
IRB,2021-12-31,7844364000.0,pledge released,2021-12-31,Small,13716.768,False,0.21872122078709155,0.25969341749323727,0.24560936712557557,0.1956717763751128,0.23153791774584132,-0.1073038773669972,0.05353262229464073,0.38863841298467094,0.48258992147384705,2016-22,> 1%
IRB,2025-12-26,42886803960.0,pledge released,2025-12-26,Small,25467.104000000003,True,0.04876159862169971,-0.022585295530994642,0.03996587696312576,0.03844305622296984,0.1657674635393468,-0.005766458433445365,-0.007383264071302853,,,2023-26,> 1%
IRIS,2023-10-09,657986292.0,pledge released,2023-10-09,Micro,213.39461883408075,False,0.1860780626453532,0.1505882352941177,0.1429312674533827,0.24282352941176488,0.06851752553829815,0.21270588235294108,0.042452225733434434,2.4409411764705884,2.055131863832007,2023-26,> 1%
JAMNAAUTO,2017-04-21,0.0,pledge released,2017-04-21,Small,1964.2828676470588,False,0.16820220140304454,-0.07267805081216161,-0.019008011905902178,0.07580174927113692,0.06313959864847263,0.2578092461474384,0.2113669573670115,0.9169096209912535,0.8264724863607675,2016-22,< 0.05% of mcap
JAMNAAUTO,2017-09-13,78056814.75,pledge released,2017-09-13,Small,2070.536176470588,False,-0.06285501782567116,0.119359249853487,0.11789406510672029,0.3078726313733151,0.24784011987400834,0.5432701699550695,0.5369005009877164,0.5921078335612424,0.7077583852799056,2016-22,0.2-1%
JAMNAAUTO,2020-10-15,29022500.0,pledge released,2020-10-15,Small,1724.110294117647,True,0.4595518072396435,0.12705882352941167,0.08191755360670716,0.5023529411764707,0.27389687721972833,0.54,0.20821328304952225,1.2129411764705882,0.3876332662274784,2016-22,0.05-0.2%
JAMNAAUTO,2021-02-15,242731505.0,pledge released,2021-02-15,Small,2834.758088235294,True,0.19603759657625452,-0.0365068002863278,-0.02862802298321554,0.15533285612025782,0.011548732097072856,0.14674302075876877,-0.02828998671159544,0.39370078740157477,0.20252891612553547,2016-22,0.2-1%
JAMNAAUTO,2022-02-17,560055530.0,pledge released,2022-02-17,Micro,4129.845588235294,True,-0.08836176616627944,-0.02962603205439529,-0.004539109516526751,0.11801845556095181,0.22196715620219387,0.13307430791646424,0.1612454960530762,-0.026226323457989364,0.01607322651772697,2016-22,> 1%
JAMNAAUTO,2023-08-18,718662048.0,pledge released,2023-08-18,Micro,4370.419117647059,True,-0.06900493924786577,0.10815765352887263,0.06463757658730018,0.01741521539871682,-0.09776335602985475,0.0421631530705775,-0.28344613684358266,0.14491292392300648,-0.38876690404051517,2023-26,> 1%
JAMNAAUTO,2024-02-19,14681250.0,pledge released,2024-02-19,Micro,4606.983088235294,True,-0.08958799062081113,0.07859313938341295,0.2166846832158411,0.13113330438558402,0.17921343794151046,0.08562744246634812,-0.032528035083229434,-0.3357359965262702,-0.2205392529713177,2023-26,< 0.05% of mcap
JAYNECOIND,2021-11-08,176920950.0,pledge released,2021-11-08,Micro,2759.512931034483,False,0.2665805893207024,-0.06140350877192979,-0.030902138750208752,-0.02280701754385961,-0.07110946402145157,-0.22807017543859653,-0.14823146576117718,-0.09824561403508769,-0.15958286160447333,2016-22,0.2-1%
JAYNECOIND,2023-12-19,24177459261.0,pledge released,2023-12-19,Micro,4736.839978448276,False,0.12582286412233135,0.02157497303128375,-0.060656800547501444,0.10140237324703327,0.1315806997216561,0.13139158576051768,-0.02738403906396969,-0.13937432578209275,-0.3886909403581492,2023-26,> 1%
JAYNECOIND,2025-12-22,37753530834.0,pledge released,2025-12-22,Micro,7615.86702586207,True,0.15688634042738647,-0.07866615166731039,0.028957289525966323,-0.05098493626882972,0.13034526586150652,0.10312862108922372,0.14455642653605483,,,2023-26,> 1%
JAYSREETEA,2017-06-28,5104620.0,pledge released,2017-06-28,Micro,286.90431738623107,False,-0.16862311835381838,-0.01041666666666663,-0.04843948035487966,-0.08531746031746024,-0.08592579717738391,0.13740079365079372,-0.18416353383458628,-0.1909722222222222,-0.11758851105513568,2016-22,0.05-0.2%
JAYSREETEA,2018-03-19,5104620.0,pledge released,2018-03-19,Micro,272.83897316219367,False,-0.038511022889816005,0.01936159079016231,-0.033633380844456995,-0.08686551543694399,0.010578415047826362,-0.0015698587127157548,0.16715905017367338,-0.28937728937728935,0.008514280492302462,2016-22,0.05-0.2%
JAYSREETEA,2018-10-09,88207833.6,pledge released,2018-10-09,Micro,240.97666277712952,False,0.18400896001234035,0.09585798816568047,0.038961436441542485,0.004733727810650956,-0.02692505261142286,-0.23905325443786984,-0.22549219677633198,-0.40295857988165673,-0.12317115596260358,2016-22,> 1%
JAYSREETEA,2019-04-05,34656506.0,pledge released,2019-04-05,Micro,185.00233372228706,False,-0.1864617748395015,-0.09055425448868071,0.012968391090039555,-0.18266978922716626,-0.031202501838355823,-0.24746291959406708,0.043685833792288964,-0.4059328649492584,0.05028228755976083,2016-22,> 1%
JINDALSAW,2016-08-30,299601594.0,pledge released,2016-08-30,Small,1479.1017985611509,False,0.028910315973942224,0.23700173310225314,0.22887730700259867,0.212305025996534,0.2614471273745645,0.7907279029462739,0.7049547342166345,1.3483535528596189,1.1344605632538056,2016-22,> 1%
JINDALSAW,2017-10-18,918225000.0,pledge released,2017-10-18,Small,3701.268561151079,True,0.4229435687290566,0.03418358493840001,0.010817316443066605,0.34305049453409686,0.23540365393891438,0.13014055179593953,0.11389998358657827,-0.35884088148533744,-0.09736487356666185,2016-22,> 1%
JINDALSAW,2020-04-11,387310000.0,pledge released,2020-04-13,Small,1701.4462589928057,True,-0.05804173810023194,-0.025235404896421954,-0.02381877675741839,0.0847457627118644,-0.0938014142417497,0.14425612052730696,-0.1805689268248507,0.42749529190207136,-0.40214707014330175,2016-22,> 1%
JINDALSTEL,2016-09-06,0.0,pledge released,2016-09-06,Mid,8439.116035242292,True,0.21513177395291905,-0.05868544600938963,-0.07286632304339147,-0.12910798122065725,-0.08162600493239858,0.47300469483568075,0.45351217249049336,0.6660798122065725,0.4633870476848555,2016-22,< 0.05% of mcap
JINDALSTEL,2017-09-28,428110000.0,pledge released,2017-09-28,Mid,13755.657092511015,True,0.10070438353828559,0.219457853694764,0.14918630873902528,0.531377645748236,0.35758897284455204,0.7519494987003341,0.6415225437065949,0.29780913479391,0.4057736420484302,2016-22,0.2-1%
JINDALSTEL,2024-07-02,5761525000.0,pledge released,2024-07-02,Large,106647.16044052863,True,0.15689147638335266,-0.08906978958392842,-0.103587299370556,0.000714081690945445,-0.017550294129412225,-0.08802246977054173,-0.005282726206812971,-0.09444920498905074,-0.05296177123319812,2023-26,0.2-1%
JINDALSTEL,2025-03-27,3598725000.0,pledge released,2025-03-27,Large,93478.26171806168,True,0.017072235899873556,-0.009262304066644633,-0.039557241458320735,0.061821769154883466,-0.012990640344704651,0.16737915159487016,0.10624942540003868,0.3297161021593773,0.2974033993049563,2023-26,0.2-1%
JITFINFRA,2017-11-20,31041396.0,pledge released,2017-11-20,Micro,133.91774193548386,False,0.034848322051502345,-0.034414945919370665,-0.08641414525521318,-0.20845624385447392,-0.2004426036157697,-0.45526057030481815,-0.34346908366146006,-0.6460176991150443,-0.34972140281874786,2016-22,> 1%
JITFINFRA,2024-01-10,354781844.0,pledge released,2024-01-10,Micro,1389.508064516129,False,-0.09677722397106525,0.052298529685464334,0.07927400652470129,0.08682300390843123,0.1432022632192394,0.4818537130094922,0.38495023741071677,0.09938581797878299,0.03688978749291438,2023-26,> 1%
JPPOWER,2019-03-20,229140000.0,pledge released,2019-03-20,Micro,1303.0728476821193,False,-0.008404658135022003,0.512820512820513,0.5313590124768375,0.05128205128205132,0.16991062846379756,-0.1794871794871794,0.038790966208184785,-0.6923076923076923,-0.1527776331283417,2016-22,> 1%
JSL,2017-04-27,1996017066.0,pledge released,2017-04-27,Small,5986.2172690763055,False,0.6130004087365744,-0.03947368421052644,-0.007107768512937651,0.19944598337950126,0.19008941805744373,0.6488919667590027,0.573259101375883,0.1911357340720221,0.12939792919397308,2016-22,> 1%
JSL,2017-10-24,8888415288.0,pledge released,2017-10-24,Mid,9745.100602409639,False,0.29289426185461565,-0.06603366422097534,-0.10683449124711475,0.04402244281398371,-0.07720080840677523,-0.18126888217522663,-0.24347345908029772,-0.5463962019853259,-0.4412401538449846,2016-22,> 1%
JSL,2020-09-23,50018472.0,pledge released,2020-09-23,Small,3392.4642570281126,False,0.009453617306186213,0.33702337023370244,0.2934380189229372,0.7736777367773677,0.5584405854069621,0.6260762607626076,0.2374860493832457,2.985239852398524,2.1922277295541868,2016-22,0.05-0.2%
JSL,2023-04-13,4010153376.0,pledge released,2023-04-13,Mid,21894.56907630522,True,0.14875305626143148,0.07104660045836497,0.0240691227350186,0.37337662337662336,0.20044669481257427,0.787624140565317,0.5201806360582151,1.7221161191749426,1.2788549666486142,2023-26,> 1%
JSL,2023-11-27,234080686594.0,pledge released,2023-11-28,Mid,43039.831726907636,True,0.202148805210696,0.11433580054538384,0.05143405828339742,0.2857421114141021,0.17378275688464861,0.5647643163225555,0.36715362555874476,0.4296844565640827,0.18288803841325418,2023-26,> 1%
JSWENERGY,2016-01-14,1707085000.0,pledge released,2016-01-14,Mid,14364.445252525253,True,-0.060950085424008094,-0.12033195020746879,-0.03161063722350976,-0.036652835408022,-0.07695057800421445,0.1044260027662518,0.002600164433489649,-0.17980636237897651,-0.3253919860904718,2016-22,> 1%
JSWENERGY,2018-05-15,477400000.0,pledge released,2018-05-15,Mid,12981.475555555557,True,-0.1695524189268497,-0.007575757575757569,0.009323006310958115,-0.07782369146005497,-0.039960993920318766,-0.01377410468319562,0.0901489890581717,-0.01446280991735538,0.09904460465388898,2016-22,0.2-1%
JSWHL,2019-12-12,679935000.0,pledge released,2019-12-12,Small,2510.6262559492334,False,-0.17675981061648954,0.026002889209912228,-0.05333866690406397,-0.19302144682742528,-0.02064417990357159,-0.19542171352372495,-0.01811702900763945,0.8112456939659962,0.6498094393442011,2016-22,> 1%
JSWSTEEL,2016-03-14,4477157211.0,pledge released,2016-03-14,Large,28980.963575418995,True,0.2865354192273128,0.1394142259414226,0.06451361808615219,0.16744769874476972,0.07644521796361214,0.47439330543933056,0.25088696304693947,0.5635983263598325,0.3163277337880671,2016-22,> 1%
JUBLFOOD,2016-04-20,2278894000.0,pledge released,2016-04-20,Mid,8451.391772428884,True,-0.038078225132727905,-0.12208201892744486,-0.09867648125772893,-0.10276025236593056,-0.1743337967272437,-0.1320977917981072,-0.2935141671121212,-0.17720820189274444,-0.47309979976416083,2016-22,> 1%
JUBLFOOD,2016-09-12,1698572425.0,pledge released,2016-09-12,Mid,6855.499781181618,True,-0.11215255197430019,-0.004221838418729584,-0.025685562947092233,-0.2054308194204567,-0.15455202839420545,0.05469199769717914,-0.027785567308212467,0.33151026674342754,0.09242385501713923,2016-22,> 1%
JUBLFOOD,2020-06-17,848850000.0,pledge released,2020-06-17,Mid,21695.06052516411,True,0.1218001668437434,0.054447667391829935,0.004992469464356053,0.4196579647087262,0.22206174603344964,0.5507312061880592,0.2155745583679224,0.9512629925066474,0.2867985139861039,2016-22,0.2-1%
JUBLFOOD,2020-12-04,760260000.0,pledge released,2020-12-04,Large,33479.55291028446,True,-0.007754294835742748,0.09457244960413824,0.046777118269234697,0.18069458429584007,0.07993680020055782,0.26312464214495845,0.06969396495127289,0.47307942901143174,0.19426614026381261,2016-22,0.2-1%
JUBLFOOD,2021-09-15,4929008076.0,pledge released,2021-09-15,Large,54415.44735229759,True,0.23725296557595754,0.06661509369090601,0.0344804560137465,-0.1325548269849457,-0.07323521234232683,-0.3768388221714678,-0.30632216422907255,-0.23340455315700293,-0.1702111385524841,2016-22,0.2-1%
JUBLFOOD,2022-09-05,3080512000.0,pledge released,2022-09-05,Mid,39364.897592997804,True,0.013066687578127234,0.04555491944058243,0.05202327459287359,-0.11883536435756925,-0.1280807700354477,-0.25190152940214283,-0.2019499418221694,-0.10746708105013503,-0.31986659910998205,2016-22,0.2-1%
JUBLFOOD,2023-05-31,1390657500.0,pledge released,2023-05-31,Mid,31766.663894967176,True,-0.012614741761740045,0.021770091556459814,-0.02094030463620844,0.04181078331637833,-0.0847939572146198,0.1423194303153612,-0.09311642145409227,0.06164801627670391,-0.367138676778624,2023-26,0.2-1%
JUBLFOOD,2025-08-14,7408305000.0,pledge released,2025-08-14,Mid,41530.65711159737,True,-0.0488826603059625,-0.011807304785894202,-0.03885572621640987,-0.06305100755667514,-0.08603048653578216,-0.1749842569269523,-0.15902244329442022,-0.1892317380352645,-0.1917427117389543,2023-26,> 1%
JUBLINGREA,2025-06-13,1513445000.0,pledge released,2025-06-13,Small,12626.316232771822,True,-0.1469008464935576,0.06231856009289727,0.033454581575884657,-0.08805883491387656,-0.08164603340118382,-0.09702599832268877,-0.015476769007263358,-0.187278240113541,-0.13348909313539403,2023-26,> 1%
JUBLPHARMA,2016-04-05,728450000.0,pledge released,2016-04-05,Mid,6437.854227405248,True,0.10314617215548516,-0.051423662248404445,-0.07730395637310938,-0.22042218949435433,-0.3090088924613287,0.598551791850761,0.40272951284231373,1.0597692685321554,0.7377149760480398,2016-22,> 1%
JUBLPHARMA,2016-09-26,1334720000.0,pledge released,2016-09-26,Mid,10104.473032069971,True,0.7861519649049802,0.08226705392887967,0.06438450454568823,-0.03822906036580587,0.04172749297869349,0.2571630426250098,0.1722880165791466,0.027945678624695658,-0.14136136170859936,2016-22,> 1%
JUBLPHARMA,2017-01-06,1552760250.0,pledge released,2017-01-06,Mid,11203.424927113703,True,0.17382269311811588,0.007753050969131259,-0.07180598363453905,0.2253409906676238,0.05702448617993172,0.017516152189519074,-0.1832838708602167,0.1460157932519741,-0.3004701141466416,2016-22,> 1%
JUBLPHARMA,2017-08-17,1734400700.0,pledge released,2017-08-17,Mid,11484.126822157436,True,-0.049640436928298726,-0.0060420813193062806,-0.07127535460482959,-0.062197895934034686,-0.17227746910442665,0.31859539380153534,0.21352691031172077,0.01123116292294557,-0.0756993126137736,2016-22,> 1%
JUBLPHARMA,2017-12-26,2335176000.0,pledge released,2017-12-26,Mid,12218.881924198251,True,0.013253958198592097,0.1516563477372821,0.15519545622578768,0.08144507563668846,0.1546740405137363,-0.1074870747430906,0.022789258742019314,-0.09701921235718391,0.059549970196098034,2016-22,> 1%
JUSTDIAL,2021-01-05,84384900.0,pledge released,2021-01-05,Small,6248.8907657657655,True,0.5736550988713912,-0.14904511486299477,-0.1455202572750241,0.3222391364517021,0.2247340460588796,0.48436202601716016,0.15113267574810985,0.21235815112095202,-0.20248712803797564,2016-22,0.05-0.2%
JUSTDIAL,2021-09-22,208472940.0,pledge released,2021-09-22,Small,8406.413288288288,True,-0.0926957190172627,-0.18829297882019913,-0.1702107569807721,-0.19223575797401804,-0.14070113445275712,-0.26770459485416764,-0.17771201845853868,-0.44487691452256983,-0.34762507951641525,2016-22,0.2-1%
KAMATHOTEL,2019-10-09,1215000.0,pledge released,2019-10-09,Micro,107.93206751054852,False,0.036096474858759386,0.006858710562414272,-0.04956776035097821,0.056241426611796985,-0.029274509014583616,-0.3237311385459535,-0.06286157332856213,-0.16735253772290815,-0.18738268335696917,2016-22,0.05-0.2%
KAMATHOTEL,2024-12-20,3242371834.0,pledge released,2024-12-20,Micro,710.0871308016876,False,0.2268081144425259,-0.0911473746512218,-0.019013737597311398,0.41012090978270077,0.6146321879781895,0.02278684366280559,0.14160267539742588,-0.008370677263887627,0.2204600567214855,2023-26,> 1%
KAPSTON,2020-12-02,527472322.0,pledge released,2020-12-02,Micro,101.505,False,0.0973694301710254,0.005349182763744409,-0.11247559065015289,0.1001485884101041,-0.0980592968945555,-0.09271916790490331,-0.5726451948492788,-0.18038632986627046,-1.029857379296558,2016-22,> 1%
KELLTONTEC,2020-08-12,29618500.0,pledge released,2020-08-12,Micro,213.65781249999998,False,0.1280295256768591,1.3033419023136248,1.2989750900865504,1.524421593830334,1.524421593830334,3.2544987146529563,2.9328516317356175,1.5861182519280206,0.6278852820785955,2016-22,> 1%
KESORAMIND,2017-06-27,161382500.0,pledge released,2017-06-27,Micro,215.5293577981651,False,-0.1009275709164188,0.04322127816771326,-0.004496857115345754,-0.08348725526412992,-0.09803853606098312,0.01108237901736242,-0.30565970243060137,-0.39637975618766164,-0.32772545080769255,2016-22,> 1%
KESORAMIND,2018-03-19,322765000.0,pledge released,2018-03-19,Micro,178.28600917431194,False,-0.09998689064272304,0.05260850504164827,-0.00038646659297103536,-0.22753178430512933,-0.13008785382035898,-0.4064007014467339,-0.23767179256034476,-0.3980710214818062,-0.10017945161221437,2016-22,> 1%
KESORAMIND,2018-10-06,11.32,pledge released,2018-10-08,Micro,89.25963302752294,False,-0.0956287437065928,0.12522522522522528,0.02161008147344634,0.4801801801801804,0.40893312135665094,0.24864864864864833,0.2266045604722955,-0.047747747747747815,0.20584463624330723,2016-22,< 0.05% of mcap
KESORAMIND,2021-02-02,519590738.0,pledge released,2021-02-02,Micro,100.53371559633028,False,0.2070305628847846,0.329795299469295,0.27388678612749073,0.25777103866565576,0.14362009526942932,0.38589840788476115,-0.16206942673373237,-0.028809704321455687,-0.7587579578790236,2016-22,> 1%
KESORAMIND,2022-10-31,3200000000.0,pledge released,2022-10-31,Micro,88.0933486238532,False,0.0914850187178402,-0.01813471502590669,-0.03440137264643228,-0.011226252158894612,0.01197009487306877,0.113126079447323,0.1302409938727508,0.7236614853195165,0.43992572222156645,2016-22,> 1%
KIMS,2024-01-01,150000000.0,pledge released,2024-01-01,Small,16452.764638069704,True,-0.10820008472024478,0.11192570869990215,0.06663688584821403,0.05448371662293572,0.038069833033225864,0.0982661933425939,-0.10018923390030621,0.6703966661521841,0.533198659920399,2023-26,0.05-0.2%
KIMS,2024-06-18,365000000.0,pledge released,2024-06-18,Small,17141.762493297585,True,-0.15376483860604961,0.012970881207749141,0.0067564554168347835,0.3018656092492178,0.23975393589327787,0.42190000716623266,0.42316092344932377,0.4973843250603158,0.5613419684460542,2023-26,0.2-1%
KIMS,2024-09-27,350000000.0,pledge released,2024-09-27,Small,22900.776273458447,True,0.2308255573991015,-0.03548647920222803,0.03246437009391945,0.08408947983110249,0.1603149834864504,0.09540921750067377,0.3218894991182189,0.2976372293594467,0.4432208564483322,2023-26,0.05-0.2%
KIRIINDUS,2017-01-05,553318400.0,pledge released,2017-01-05,Small,2162.2482439926066,True,-0.00981563663079088,-0.06688392302917445,-0.12456540761818413,-0.10164494103041588,-0.26522560947872265,-0.1291123525760396,-0.3653707266472912,0.9982929857231535,0.5175857208660597,2016-22,> 1%
KIRIINDUS,2018-06-25,1861171.0,pledge released,2018-06-25,Small,3290.0654343807764,True,0.11759765543147782,0.08983784872595413,0.11085387199969349,0.06506193977238395,0.16171734160722667,-0.0869171114915902,0.006403550825193949,0.01732299325208997,0.17502732526063902,2016-22,< 0.05% of mcap
KPIGREEN,2022-02-09,2995120345.0,pledge released,2022-02-09,Micro,1010.2963788300835,False,1.227387911150294,0.040080971659919085,0.12332404763083038,0.08582995951417005,0.20500946795245822,,,0.9340080971659921,1.006778593050371,2016-22,> 1%
KPIGREEN,2022-12-12,120785760.0,pledge released,2022-12-12,Micro,1988.3786908077996,True,-0.014069988346193774,-0.042567765926215806,-0.015469286084841216,-0.06977199334572848,0.07001425821973678,0.43751834817496826,0.4193365299931502,1.9101673353557098,1.568856085119588,2016-22,0.2-1%
KPIGREEN,2024-09-30,25416127420.0,pledge released,2024-09-30,Small,11381.644846796657,True,-0.09096639611707524,-0.09068597373910892,-0.034376729419118346,0.0024542888698000365,0.07949729253189908,-0.2459197447539575,-0.01878430066179032,-0.2426765773188646,-0.09662054272946646,2023-26,> 1%
KPIL,2016-01-05,103640000.0,pledge released,2016-01-05,Small,4311.10282404055,False,-0.1109223224105671,-0.2900278108859754,-0.17071991279721427,-0.17481128327373863,-0.06405223327794463,0.05184743742550668,0.04607682693318993,0.0661501787842671,0.006040118846502129,2016-22,0.2-1%
KPIL,2016-08-05,648000000.0,pledge released,2016-08-05,Small,4401.271904417089,False,0.16347008034856247,0.0035842293906809264,-0.017681336188596686,-0.13714393510658374,-0.16994088625949555,0.06885493303150358,-0.010183685086408767,0.3259762308998302,0.1341905490864227,2016-22,> 1%
KPIL,2017-03-03,2611816000.0,pledge released,2017-03-03,Small,4922.721397538016,False,0.08581735721012784,0.13590720221606656,0.0685489848492834,0.19477146814404422,0.0978071630535371,0.2174515235457064,0.0827472682742254,0.5922783933518005,0.38824613528728436,2016-22,> 1%
KPIL,2017-06-26,860719000.0,pledge released,2017-06-27,Small,5544.547791455467,False,0.09577833566233473,0.0296193984039288,-0.0017030213242439363,0.08916513198281151,0.09404090518334357,0.49370779619398397,0.28005141592805327,0.20779619398403915,0.2676598497147591,2016-22,> 1%
KPIL,2018-03-14,2869874000.0,pledge released,2018-03-14,Small,7803.878711078928,False,0.12655034542898141,0.027085826172087657,0.018004701333183437,-0.06994452300663545,0.004389839978701682,-0.29185249646470135,-0.16950687928658237,-0.030349178722941295,0.1881009510159915,2016-22,> 1%
KPIL,2018-11-17,1404000000.0,pledge released,2018-11-19,Small,6283.764120202753,False,0.101150190640651,0.0690224116595628,0.05063500942606303,-0.0929465145057059,0.021339199780008422,0.48535679912003293,0.4808261070248514,0.2362161418946791,0.3730907952196372,2016-22,> 1%
KPIL,2019-06-27,3929220000.0,pledge released,2019-06-27,Mid,8817.00488776249,False,0.16851610368148845,-0.11716517431891793,-0.04532621174236856,-0.07668127262335689,-0.03949198680247906,-0.19803772147075627,-0.2343188379370188,-0.5093351114497999,-0.408196704769596,2016-22,> 1%
KPIL,2020-10-29,112455000.0,pledge released,2020-10-29,Small,4266.0182838522815,True,-0.033018601992535035,0.29611844737895154,0.18030811842267003,0.290516206482593,0.08441196535308593,0.41656662665066024,0.014184586468285354,0.680672268907563,-0.20451578604904996,2016-22,0.2-1%
KPIL,2021-03-02,2887914078.0,pledge released,2021-03-02,Small,6657.200217233889,True,0.02244245180173643,-0.05088356936959526,-0.009770902132465786,0.09763128211555339,-0.047976530398412987,0.03609474871537799,-0.14125551648964518,-0.025817771650582855,-0.13756432848802935,2016-22,> 1%
KUANTUM,2020-04-12,56996800.0,pledge released,2020-04-13,Micro,337.99685863874345,False,0.10338211142071563,0.06595927731574425,0.06798437848906991,1.355893318038429,1.0995481403734544,0.20303986234585625,-0.17406451475852092,0.8138801261829653,-0.09958717494129565,2016-22,> 1%
KUANTUM,2022-04-05,41300000.0,pledge released,2022-04-05,Micro,768.2931937172775,False,0.12749514037526433,-0.18610960390667397,-0.07596862279717992,-0.1801410743353229,-0.03378885173606938,0.5876288659793816,0.6195290046756368,0.5236028214867063,0.6201967064989515,2016-22,0.2-1%
KUANTUM,2022-11-01,332200000.0,pledge released,2022-11-01,Micro,1307.1413612565445,False,0.6731517842686582,-0.019015280135823542,-0.0344274665157519,-0.11273344651952455,-0.07331055394003716,0.040067911714770865,0.06411422312934711,0.19456706281833624,-0.08850321980311338,2016-22,> 1%
KUANTUM,2023-07-18,461008650.0,pledge released,2023-07-18,Micro,1662.607329842932,False,0.1885017678938048,0.03201457574180111,0.008498432511897636,-0.012493492972410203,-0.1590195314106947,-0.054398750650702654,-0.4060497249072993,-0.1787090057261842,-0.6803127022077498,2023-26,> 1%
LAMBODHARA,2019-09-25,5620000.0,pledge released,2019-09-25,Micro,31.993798449612406,False,-0.061689213505399465,-0.08923076923076922,-0.04423859395690377,-0.08307692307692305,-0.02573747353563849,-0.4261538461538462,0.0067205084072552435,-0.16923076923076918,-0.1123587313160771,2016-22,> 1%
LAURUSLABS,2019-03-26,224340000.0,pledge released,2019-03-26,Small,4223.574333333334,False,-0.02183624179697813,-0.0454431960049938,-0.02645480837055092,-0.1328339575530587,-0.0959501092139951,-0.11123595505617978,0.023596123436105232,-0.020349563046192176,0.4494158761797792,2016-22,0.2-1%
LAURUSLABS,2020-06-18,3640140000.0,pledge released,2020-06-18,Small,5476.160575757575,True,0.3576152687016877,0.21992516370439663,0.17480160299535163,1.517492984097287,1.316668856281023,2.170720299345182,1.7479123185992451,4.739476145930776,3.8647548334932575,2016-22,> 1%
LAURUSLABS,2021-03-12,7918562500.0,pledge released,2021-03-12,Mid,19556.177727272727,True,-0.05721435957432053,0.2510507144858505,0.27990794110958306,0.7119641356122164,0.6415843631185748,0.8244606332305968,0.6619164642509885,0.6644718408517791,0.5687692515515093,2016-22,> 1%
LAURUSLABS,2021-06-14,1039550000.0,pledge released,2021-06-14,Mid,33468.71666666667,True,0.6980331680948271,0.0558318626664529,0.035580233716081544,0.06345259104764978,-0.009287137504408793,-0.1894753730145997,-0.23744229823632568,-0.28918658751804904,-0.14352890633917414,2016-22,0.2-1%
LEMONTREE,2020-12-24,2395520156.0,pledge released,2020-12-24,Small,3134.5528846153843,True,0.39523654468531244,0.0,0.009543325526932156,-0.10861423220973765,-0.19042030990397318,0.05617977528089879,-0.2800092763780182,0.20349563046192265,-0.24763085787200478,2016-22,> 1%
LGBBROSLTD,2020-09-26,0.0,pledge released,2020-09-28,Micro,697.5645086705202,False,-0.14542361204052434,0.1516993022732387,0.17356519148606664,0.3126266036461851,0.05334677968007562,0.39522844924600475,0.03235925093376846,1.0438892640108035,-0.022043171451752608,2016-22,< 0.05% of mcap
LIBERTSHOE,2018-12-05,1018219.0,pledge released,2018-12-05,Micro,273.9217194570136,False,-0.03657509617011229,0.07204335352247382,0.048580972949225365,-0.07395600892572518,-0.06630054167357596,-0.14281160344277977,-0.05619743021443335,-0.11189034109021345,0.17910449375917298,2016-22,< 0.05% of mcap
LLOYDSME,2024-02-17,8653344000.0,pledge released,2024-02-19,Mid,32448.652760084922,False,-0.1449956462647971,0.0032162726008342357,0.06794487772065505,0.22140125173852554,0.17245657587856167,0.35370305980528505,0.20086559267682713,1.0750173852573015,1.08469314948284,2023-26,> 1%
LLOYDSME,2024-06-18,1472014679.0,pledge released,2024-06-18,Mid,42135.91119957537,True,0.14792177988255617,-0.010391240672292468,-0.010458181785224618,0.13871260199456015,0.07893155527156326,0.5920217588395287,0.5957899758944674,1.1290187600251063,1.1653704046003148,2023-26,0.2-1%
LOKESHMACH,2019-12-06,23260850.0,pledge released,2019-12-06,Micro,73.40710382513662,False,-0.056036556036555996,0.04525547445255462,0.006510086998680276,-0.33576642335766427,-0.227543391820488,-0.4890510948905109,-0.367491461862988,-0.07153284671532845,-0.316305559970124,2016-22,> 1%
LOKESHMACH,2021-03-02,7300000.0,pledge released,2021-03-02,Micro,79.54262295081966,False,0.2143423049641442,0.0182841068917019,0.07153299952893954,0.28410689170182857,0.05837325739031618,0.2798874824191282,-0.07081137399764437,1.1926863572433195,0.7551863572433197,2016-22,0.2-1%
LOKESHMACH,2021-09-27,27050000.0,pledge released,2021-09-27,Micro,111.64453551912568,False,0.16192861849510287,0.0609636184857425,0.06545459117699953,0.486725663716814,0.4491326050547838,0.511307767944936,0.449248366581247,1.0501474926253689,0.9435655604872272,2016-22,> 1%
LOKESHMACH,2022-02-01,21945000.0,pledge released,2022-02-01,Micro,155.68879781420765,False,0.31036718000891705,-0.03520208604954367,0.1057617693721431,0.030638852672750794,0.1479584194305198,0.209908735332464,0.3354180699052427,0.43350717079530643,0.5181133900801407,2016-22,> 1%
LOKESHMACH,2022-09-27,42948050.0,pledge released,2022-09-27,Micro,227.01420765027322,False,0.27693338901774034,0.07242877836793826,0.06154102314021659,-0.004345726702076336,-0.021704217268114112,0.06228874939642681,0.17409892984411807,1.172863351038146,0.8775451185248538,2016-22,> 1%
LOKESHMACH,2023-03-21,75668700.0,pledge released,2023-03-21,Micro,251.7754098360656,False,0.27352895293046353,0.060057589469354244,-0.007714229155706631,0.6227889757301521,0.44451470466542464,0.67461949814891,0.31477828928733986,2.049362402303579,1.5325728204080709,2023-26,> 1%
LOKESHMACH,2023-06-30,107599981.0,pledge released,2023-06-30,Micro,422.80300546448086,False,0.476630339160224,0.06620395088093955,0.028761032213088344,0.11051788574479438,-0.015988138351591186,0.9236518953550452,0.5879133142083007,1.3310197544046982,0.8003480180295397,2023-26,> 1%
LOKESHMACH,2023-12-02,180013384.0,pledge released,2023-12-04,Micro,671.729781420765,False,0.5036617183085311,0.1753098499673842,0.11146158976568765,0.038323548597521295,-0.0647469104469538,0.3033268101761253,0.22415712056557258,0.18460534898891057,-0.1349463058699243,2023-26,> 1%
LOTUSEYE,2023-12-26,31500000.0,pledge released,2023-12-26,Micro,173.27586206896552,False,-0.14336283185840726,-0.05486725663716818,-0.09893972194069622,-0.3250737463126844,-0.2644830914159797,-0.3179941002949853,-0.4497608539938538,-0.18371681415929197,-0.3994827953485156,2023-26,> 1%
LTFOODS,2018-02-26,361150210.8,pledge released,2018-02-26,Small,3308.6760000000004,True,0.37178717452719007,-0.05508474576271194,-0.0074200057664133845,-0.24258474576271194,-0.17078071878441664,-0.4110169491525424,-0.28801904579680465,-0.6096398305084746,-0.36678503481231706,2016-22,> 1%
LTFOODS,2018-11-02,187915000.0,pledge released,2018-11-02,Micro,1331.1165,False,-0.2563005572421895,-0.01612903225806439,0.030290420293251352,-0.17626728110599077,-0.058874800716485876,-0.2338709677419355,-0.08852213053263314,-0.45276497695852536,-0.1478308965787058,2016-22,> 1%
LTFOODS,2019-09-04,53176670.0,pledge released,2019-09-04,Micro,773.29875,False,0.02065068938300446,0.05764966740576494,0.05764966740576494,0.008869179600886845,0.02079743892012459,-0.0842572062084258,0.06720578862806303,1.2549889135254988,1.2169841629316744,2016-22,0.2-1%
LTFOODS,2020-11-04,146850000.0,pledge released,2020-11-04,Micro,1739.48775,False,-0.13652710709285498,0.07074569789674956,-0.12649147918267112,-0.009560229445506718,-0.31675568288976286,0.5755258126195031,0.07484554051065961,0.33747609942638634,-0.7447474079231693,2016-22,0.2-1%
LTFOODS,2021-03-16,88374000.0,pledge released,2021-03-16,Micro,2109.6285000000003,True,-0.0799250145664584,0.19165247018739362,0.24858500289633784,0.2623509369676318,-0.03169862730252071,0.17802385008517896,-0.1965008647437183,0.25809199318568976,-0.2834043070771006,2016-22,0.2-1%
MANGALAM,2017-10-18,92361944.0,pledge released,2017-10-18,Micro,230.88957654723126,False,-0.14073904401501058,0.061454421304199425,0.05052545955556553,0.311710481392967,0.13200212238701092,0.17036531239330843,0.13517748547937614,-0.49539091840218497,-0.18514058587600918,2016-22,> 1%
MANGALAM,2018-08-16,10395000.0,pledge released,2018-08-16,Micro,144.21693811074917,False,-0.1774233759261385,0.0,0.02803888848621877,-0.073780487804878,0.07103818236138598,-0.4689024390243903,-0.20546593158215332,-0.6292682926829268,-0.2223360824249631,2016-22,0.2-1%
MANGALAM,2019-03-30,44466378.0,pledge released,2019-04-01,Micro,90.70944625407166,False,-0.1987818804720214,-0.13855421686746994,-0.06112058854888591,-0.4698795180722891,-0.33004127279099343,-0.5550774526678142,-0.26260433438824426,-0.26678141135972455,0.20791296240830176,2016-22,> 1%
MANGALAM,2021-02-10,31121700.0,pledge released,2021-02-10,Micro,217.67100977198697,False,-0.3986767410250259,-0.1896929824561404,-0.21413238784792665,0.10964912280701755,-0.026764518557119032,0.0650584795321636,-0.3690618555782703,-0.10087719298245623,-0.682029025443189,2016-22,> 1%
MANGALAM,2021-07-23,394795000.0,pledge released,2021-07-23,Micro,267.53745928338765,False,-0.19150728470360556,-0.2623342175066312,-0.1699995104290386,-0.26206896551724146,-0.22526938391973744,-0.2885941644562334,-0.3785941644562335,-0.2111405835543767,-0.21440451829103557,2016-22,> 1%
MANGALAM,2021-12-23,11364930.0,pledge released,2021-12-23,Micro,188.93843648208468,False,-0.19023625047300163,0.1313344594594592,0.08176846010900485,-0.11106418918918926,-0.09196888811769316,0.20777027027027017,0.28893444530912676,0.11739864864864868,0.05497555352323458,2016-22,0.2-1%
MANGALAM,2023-03-21,5457500.0,pledge released,2023-03-21,Micro,172.2371335504886,False,-0.0357842654876116,0.06457564575645747,-0.0031961728686034085,0.010147601476014678,-0.1681266695887128,-0.04428044280442811,-0.4041216516659982,-0.15036900369003703,-0.6671585855855451,2023-26,0.2-1%
MANGALAM,2023-08-11,21640000.0,pledge released,2023-08-11,Micro,167.72540716612377,False,-0.180697937652729,0.0,-0.04974754272197068,-0.052756653992395375,-0.17221057890707092,0.11882129277566533,-0.19212398085617544,0.18830798479087463,-0.31490994384678883,2023-26,> 1%
MANGALAM,2024-02-13,15101820.0,pledge released,2024-02-13,Micro,168.9127035830619,False,-0.0742078582583735,-0.12098872506504776,-0.01766316364646875,-0.12142237640936682,-0.11552668479938943,0.05221162185602779,-0.0633861574160669,-0.07519514310494368,0.030417748790385335,2023-26,0.2-1%
MANGALAM,2024-08-09,43416850.0,pledge released,2024-08-09,Micro,187.14957654723128,False,0.04445814744541121,0.038884462151394406,0.019277825391695202,-0.1305179282868526,-0.10614743197076482,-0.08924302788844629,0.04202681887783455,-0.3406374501992032,-0.177667951837721,2023-26,> 1%
MANGALAM,2025-01-15,0.0,pledge released,2025-01-15,Micro,167.91537459283387,False,-0.035222249916331105,0.053363610559182595,0.16941299327523196,-0.2238622386223862,-0.09807607510037353,-0.14088371652947296,-0.09805392715126071,-0.5575740372788343,-0.314254476815962,2023-26,< 0.05% of mcap
MANGALAM,2026-02-27,8790945.0,pledge released,2026-02-27,Micro,46.03543973941368,False,0.13045077886475076,0.08464849354375903,0.13729633818825815,0.02044476327116218,-0.026598353040783174,0.0767575322812053,0.002115910926781206,,,2023-26,> 1%
MANGLMCEM,2018-05-05,133842428.0,pledge released,2018-05-07,Micro,893.0189325276939,False,-0.14448868335965115,-0.13783826554834633,-0.00033826554834626155,-0.22915018199082127,-0.09680788811972285,-0.3427757556575407,-0.09277575565754059,-0.19370153505301468,0.1937675498604231,2016-22,> 1%
MANGLMCEM,2019-05-22,156098493.3,pledge released,2019-05-22,Micro,697.9712990936556,False,0.280169942091111,-0.0308547336144116,0.029042173602083277,-0.0774243004982752,0.1666276101001386,0.07608279034112697,0.2719500778847824,-0.2966653890379455,0.07134092619990534,2016-22,> 1%
MAXHEALTH,2020-08-28,10912809310.0,pledge released,2020-08-28,Mid,10873.35440860215,False,,0.06625939849624052,0.06652670193910887,0.19407894736842102,0.07368174323290366,0.7363721804511276,0.4349156525386929,2.573308270676691,2.012821284483895,2016-22,> 1%
MAXIND,2020-09-02,1108384023.0,pledge released,2020-09-02,Micro,345.8221118012423,False,,-0.029904306220095656,0.013464240585214726,-0.045112781954887216,-0.13559763642130696,0.08885850991114141,-0.2690869154500142,0.18250170881749828,-0.6602492205505315,2016-22,> 1%
MAXIND,2021-05-13,97134090.0,pledge released,2021-05-14,Micro,360.9262111801242,False,-0.003243764688700468,0.03158058494088367,-0.1397995535497858,0.05444928438083374,-0.20572549670499907,0.10516490354698194,-0.2100401639872781,0.05149346608587435,-0.30732136514411723,2016-22,> 1%
MBLINFRA,2017-02-16,83795148.0,pledge released,2017-02-16,Micro,776.7543859649122,False,-0.4832660787087113,-0.05044510385756673,-0.048645318913543456,-0.35707220573689413,-0.40640276938451414,-0.5539070227497527,-0.6348078792168171,-0.5163204747774481,-0.8488447466221083,2016-22,> 1%
MBLINFRA,2018-07-05,859200.0,pledge released,2018-07-05,Micro,274.7807017543859,False,-0.09034937292160183,-0.16000000000000003,-0.20793928719048627,-0.2346666666666667,-0.09345325187077425,-0.248,-0.13842497637065887,-0.6533333333333333,-0.3651673497267759,2016-22,< 0.05% of mcap
MEDPLUS,2025-12-26,3398486762.0,pledge released,2025-12-26,Micro,9786.908320610686,True,0.12535559569541133,-0.04730479832243739,0.04176970886099074,0.02127790798075746,0.20011151320098586,0.014123596891575163,0.029390772464094272,,,2023-26,> 1%
MENONBE,2020-02-27,103000000.0,pledge released,2020-02-27,Micro,289.76452702702704,False,-0.04462688865403619,-0.38568588469184895,-0.057102087980164196,-0.34493041749502973,-0.24335147012660863,-0.13220675944333993,-0.23158564143091753,0.2435387673956262,-0.2866322312363848,2016-22,> 1%
MENONBE,2020-09-05,83100000.0,pledge released,2020-09-07,Micro,230.63462837837838,False,0.07421572552691313,-0.02916160388821376,-0.015648090374700274,0.20656136087484822,0.028423709052985968,0.38153098420413123,0.00258361578307853,0.8177399756986634,-0.079032422743184,2016-22,> 1%
MENONBE,2021-12-24,117675000.0,pledge released,2021-12-24,Micro,450.0597972972973,False,0.08695167103976376,0.23148724331051662,0.1747884190246919,0.06533914125700058,0.09659954609767757,-0.057871810827629044,0.030040277084458777,0.1972619788425638,0.14412455322804307,2016-22,> 1%
MENONBE,2024-12-03,285430000.0,pledge released,2024-12-03,Micro,700.5351689189189,False,0.0223099470189157,-0.027668302099251973,-0.005411573320784124,-0.24418885224804954,0.03910418171855956,-0.01922303547011983,0.11708537952947518,-0.1398697016005791,0.1096605370177034,2023-26,> 1%
MFSL,2016-01-13,0.0,pledge released,2016-01-13,Mid,11219.981220892198,True,-0.06902752332314371,-0.024677442045077713,0.06461617539578807,0.06802707075173098,0.06449268669657293,0.6584630012962611,0.586803130155047,0.6661636956499892,0.542037660278482,2016-22,< 0.05% of mcap
MFSL,2017-01-30,3369567600.0,pledge released,2017-01-30,Mid,19555.834959941734,True,0.04898910910316634,-0.0015053573009830012,-0.03746265719096198,0.09483750996192342,-0.045308750389750574,0.0867794208801913,-0.06931683725104676,-0.06039139289825557,-0.359338197150742,2016-22,> 1%
MFSL,2020-07-28,10822220010.0,pledge released,2020-07-28,Mid,19645.810487982522,True,0.07277512480355885,0.07309265516628138,-0.025303728637971368,0.028988084652320945,-0.03991031994761429,0.21305353014405126,-0.07811872838214806,0.962030944335764,0.32624319418065917,2016-22,> 1%
MOREPENLAB,2016-11-02,28548000.0,pledge released,2016-11-02,Micro,1268.4730158730158,False,-0.10813342368797563,-0.0065502183406113135,0.09969181901950686,-0.07423580786026196,-0.03244476308414257,-0.06768558951965054,-0.16085329138300464,-0.22489082969432306,-0.48828368683718026,2016-22,0.2-1%
MOTHERSON,2018-01-17,8098139825.0,pledge released,2018-01-17,Large,119602.44024539877,True,0.02371479739422344,-0.139967925873129,-0.09180673436685982,-0.059693513898788186,-0.029921110138919238,-0.2257662152530291,-0.1289845248961775,-0.4246258018531718,-0.22315229478883852,2016-22,0.2-1%
MOTHERSON,2018-07-09,8717250.0,pledge released,2018-07-09,Large,94202.29104294478,True,-0.0943256895604428,-0.004072198987453257,-0.030207310713998736,-0.22154963680387407,-0.13246423322470313,-0.2139555359894343,-0.16602924998886553,-0.45949812898965436,-0.3708813427602862,2016-22,< 0.05% of mcap
MOTHERSON,2018-11-16,3223582500.0,pledge released,2018-11-16,Large,69684.89423312883,True,-0.1959713077802493,0.12522071806945267,0.09430203742589849,-0.15185403178340195,-0.09963250841013144,-0.22660388463802228,-0.28280201902626567,-0.15273690406121243,-0.13925209178174086,2016-22,0.2-1%
MOTHERSON,2019-09-03,3548139825.0,pledge released,2019-09-03,Large,44347.798773006136,True,-0.058973507584755,0.03268593083846527,0.02679508681310927,0.41473235433443856,0.3363307927708983,0.027475130270014247,0.03658258176278201,0.15585030791094256,0.15044939736040508,2016-22,0.2-1%
MOTHERSON,2019-12-10,5157054102.0,pledge released,2019-12-10,Large,61508.92564417177,True,0.3363307927708983,0.11822493224932251,0.09001410409948019,-0.32435636856368566,-0.21243458107098162,-0.30860433604336046,-0.13482482808781193,0.16158536585365857,0.03879782734119641,2016-22,0.2-1%
MOTHERSON,2020-08-24,1891648777.0,pledge released,2020-08-24,Large,54930.318527607364,True,0.19143560103360513,-0.06651287966166863,-0.004888191206727177,0.25259515570934243,0.1665516972525256,0.8758169934640521,0.6877121139317346,0.8681276432141485,0.4748044441498076,2016-22,0.2-1%
MOTILALOFS,2018-06-07,10258500.0,pledge released,2018-06-07,Mid,13389.674929577466,True,-0.16741746262341517,-0.016310208483105604,0.010259347860996026,-0.09291876347951122,-0.08852800888206702,-0.29893062544931703,-0.20904151318649816,-0.2337796549245147,-0.13029641146339865,2016-22,< 0.05% of mcap
MRF,2020-12-24,108754614.0,pledge released,2020-12-24,Mid,32148.25810664112,True,0.14055396977621415,0.17529094414376645,0.16877390695664596,0.10374077676215099,-0.02022723352545097,0.07498802521538028,-0.2070983474903496,-0.026523650365479767,-0.4107929688302565,2016-22,< 0.05% of mcap
MUKANDLTD,2016-06-22,0.0,pledge released,2016-06-22,Micro,580.5588888888889,False,0.15328100470957629,0.17758186397984876,0.10242528777943116,0.600755667506297,0.5309735661692412,0.3614609571788412,0.33245676768480315,0.5642317380352644,0.2469240457275721,2016-22,< 0.05% of mcap
MUKANDLTD,2017-09-12,108200199.0,pledge released,2017-09-12,Micro,1347.881111111111,False,0.4270121336248841,0.10044150110375294,0.08353328854336661,-0.05905077262693148,-0.16480504945430308,-0.23841059602649006,-0.2760954840288683,-0.33830022075055177,-0.22507270752303843,2016-22,0.2-1%
MUKANDLTD,2017-12-27,220975855.0,pledge released,2017-12-27,Micro,1303.723888888889,False,-0.22626021622180836,-0.0056242969628796935,0.02425122170931948,-0.28177727784026996,-0.12462772322236082,-0.33239595050618675,-0.03546518676600119,-0.34983127109111367,0.01472569093420284,2016-22,> 1%
MUKANDLTD,2019-12-31,19107660.0,pledge released,2019-12-31,Micro,426.37055555555554,False,-0.07903441119223409,0.013377926421404673,-0.02022207357859518,-0.5551839464882943,-0.16914250701174027,-0.27926421404682267,-0.2030506327945607,1.2107023411371238,0.9157383123601455,2016-22,0.2-1%
MUKANDLTD,2020-10-05,639875998.0,pledge released,2020-10-05,Micro,780.3522222222222,False,1.337483997770154,-0.08325537885874656,-0.038657059837267305,0.2974742750233861,0.004219143058576735,0.7483629560336762,0.3900741859802004,1.7436856875584659,0.6615562065525804,2016-22,> 1%
MWL,2025-12-17,30000000.0,pledge released,2025-12-17,Micro,809.3308755760369,False,0.3576872352765737,0.012662942271880917,0.089647060766463,-0.010428305400372428,0.13904198478848068,0.3817504655493482,0.40347575027892485,,,2023-26,0.2-1%
NACLIND,2020-12-19,1955130335.0,pledge released,2020-12-21,Micro,866.6228571428571,False,-0.16184446028575072,0.024061343204653474,-0.0645727036862741,-0.08249603384452664,-0.18570505379248847,0.8931782125859331,0.3498355543738231,1.4045478582760444,0.6061288859440286,2016-22,> 1%
NAVINFLUOR,2019-08-14,0.0,pledge released,2019-08-14,Small,3373.413365676168,False,0.10064563168454105,0.13839320501831232,0.10531911895679569,0.4104262448375282,0.36575844290580384,0.9902594872594093,0.9251940558095534,2.342866048468791,2.328277075737526,2016-22,< 0.05% of mcap
NAVINFLUOR,2019-11-15,114134625.0,pledge released,2019-11-15,Small,4660.991388720437,False,0.30110606533306805,0.030453257790368227,0.053082896367363686,0.25228808019176285,0.20459100437709765,0.6312922205273481,0.9439114189921636,1.8302462410111136,1.8138731326012896,2016-22,0.2-1%
NAVINFLUOR,2020-02-24,33416433.0,pledge released,2020-02-24,Small,6219.530430563979,True,0.4132448636934779,-0.11184074812624623,0.2675708693831435,0.10458639895482369,0.35002890661011166,0.4671663343189163,0.47802167413043456,0.7499140479955995,0.5336765349076297,2016-22,0.05-0.2%
NAVINFLUOR,2020-08-13,136062678.0,pledge released,2020-08-13,Mid,10108.69346270467,True,0.16822650724658095,0.051045026284379125,0.021168702362581504,0.25644411712420956,0.18251279299299783,0.335170277065292,0.039980688793732844,0.8964877974452092,0.33987756824404936,2016-22,0.05-0.2%
NAVINFLUOR,2024-08-23,1500570000.0,pledge released,2024-08-23,Small,16895.035342631898,True,-0.12690099057045212,0.023476379918014212,0.018963421119937096,0.044305616481870924,0.11220678040348236,0.2203784658669774,0.45992870879819886,0.4181125111558186,0.5655936664780609,2023-26,0.2-1%
NAVINFLUOR,2026-03-24,918600000.0,pledge released,2026-03-24,Mid,31737.848878107947,True,0.12934192477457507,0.08701246481704872,-0.0026818134753049394,0.21994370727784474,0.09939342595873624,0.32440691596300764,0.2929368396022247,,,2023-26,0.2-1%
NAVKARCORP,2022-12-08,0.0,pledge released,2022-12-08,Micro,1018.9964664310953,False,0.02567139264109597,-0.05842696629213484,-0.03778604529037355,-0.21573033707865163,-0.11255735075356055,-0.15205992509363297,-0.17375931640090514,0.38426966292134845,0.022308401939035494,2016-22,< 0.05% of mcap
NECLIFE,2017-05-15,2016668280.0,pledge released,2017-05-15,Micro,739.2571428571428,False,-0.05428941945946375,-0.11627906976744184,-0.06801174303476865,-0.30878552971576234,-0.22359411196229162,-0.21834625322997425,-0.27314428505526234,-0.38242894056847554,-0.3948315492606119,2016-22,> 1%
NECLIFE,2017-10-09,91622500.0,pledge released,2017-10-09,Micro,527.4857142857143,False,-0.16019790210535112,0.08137432188065108,0.058683169514821665,0.4195298372513563,0.16812691918177136,-0.0018083182640143969,-0.03453103353672127,-0.18083182640144668,0.04047964900838941,2016-22,> 1%
NECLIFE,2018-07-30,450450000.0,pledge released,2018-07-30,Micro,390.51428571428573,False,-0.01587095010541606,0.392156862745098,0.39011986717361957,0.08578431372549011,0.21894328629343524,-0.16666666666666663,0.06000815140578886,-0.27450980392156854,0.11299019607843142,2016-22,> 1%
NECLIFE,2019-08-07,769445060.0,pledge released,2019-08-07,Micro,271.0285714285714,False,0.06130557995018998,0.0068728522336769515,-0.034129201379001994,-0.12371134020618557,-0.12775895925380465,-0.1030927835051546,-0.1271123297028084,0.49828178694158076,0.48621929930068686,2016-22,> 1%
NECLIFE,2025-10-30,3135231360.0,pledge released,2025-10-30,Micro,306.0,False,-0.0198595996169475,0.19277885235332048,0.2589722121361562,-0.10573823339780786,0.06574471226678053,-0.07414571244358481,0.028256498617397596,,,2023-26,> 1%
NEXTMEDIA,2019-04-17,132041236.0,pledge released,2019-04-18,Micro,130.72625698324023,False,-0.15270833491559027,-0.21333333333333337,-0.15458278596798525,-0.32533333333333336,-0.1333881498053468,-0.5093333333333334,-0.2697245313773432,-0.768,-0.31401660534222153,2016-22,> 1%
NITCO,2024-03-04,108125698.0,pledge released,2024-03-04,Micro,1672.8649262202046,False,1.2122671888693568,-0.0776556776556776,-0.0692246587196993,0.050989010989010985,0.06722695311119753,0.24117216117216111,0.07255936341410418,0.5730402930402931,0.7120720895458048,2023-26,0.2-1%
NITCO,2024-07-02,63346140.0,pledge released,2024-07-02,Micro,1906.0812712826335,False,0.2652266873031637,0.04643600416233107,0.030098409755131117,0.06789802289281988,0.04309465699140924,0.7336108220603539,0.7085167191745321,0.9445889698231011,1.0302010578532892,2023-26,0.2-1%
NRAIL,2025-12-18,125169980.0,pledge released,2025-12-18,Micro,805.3883408071749,False,0.3345615514757192,-0.04606256742179082,0.051244756657674584,-0.1608414239482201,0.03584401358627515,-0.06526429341963325,-0.026996250422674783,,,2023-26,> 1%
NRBBEARING,2022-10-21,52290000.0,pledge released,2022-10-21,Micro,1617.7101123595505,False,0.1440109929181871,-0.11028315946348732,-0.09175952240668217,-0.11564828614008948,-0.11564828614008948,-0.10521609538002985,-0.06667508874072847,0.5496274217585693,0.30044227240027677,2016-22,0.2-1%
NRBBEARING,2024-08-27,7469448.0,pledge released,2024-08-27,Micro,3133.58595505618,False,-0.21981811388818417,-0.04341670599339309,-0.02207367564238749,-0.09863142991977358,-0.024129326066797963,-0.3275129778197263,-0.07684382126821676,-0.08337266005977662,0.10719335989914708,2023-26,< 0.05% of mcap
NRBBEARING,2025-12-05,0.0,pledge released,2025-12-05,Micro,2727.21872659176,False,0.05382319657398982,0.019202898550724656,0.0026821170912342263,-0.047101449275362306,0.06917579329753909,0.5581521739130435,0.5778601026125887,,,2023-26,< 0.05% of mcap
NSIL,2020-04-13,412860576.0,pledge released,2020-04-13,Micro,298.44590533433507,False,0.15289656859474732,0.044398851046368426,0.04642395221969409,0.07320475995075926,-0.1831404177142153,0.23282724661469012,-0.14427713048968704,1.1142388182191216,0.20077151709486063,2016-22,> 1%
NSIL,2024-01-09,2195106419.0,pledge released,2024-01-09,Micro,1619.296769346356,False,0.0443357778180935,0.11505868563191979,0.1052309130029424,0.08375968194129846,0.11239324482640167,0.435620040232525,0.33439609051370267,1.1683905406047552,1.114500352649674,2023-26,> 1%
NYKAA,2021-11-12,44961184890.0,pledge released,2021-11-12,Large,112341.05968750002,False,,-0.06724854093275145,-0.00980399081125033,-0.3362427046637573,-0.24644355190237016,-0.35866764814133234,-0.21368268188584993,-0.49419002050580996,-0.4115792642240856,2016-22,> 1%
OLECTRA,2019-02-22,2080000000.0,pledge released,2019-02-22,Micro,1713.2171957671956,False,0.08099875817809671,0.20318063137906472,0.15394986214829554,-0.002136244956088329,-0.03785009684503138,-0.2330880607643009,-0.00034876889375512476,-0.5048658912888678,-0.21610500339901118,2016-22,> 1%
OLECTRA,2019-06-13,96106547.25,pledge released,2019-06-13,Micro,1683.2543650793652,False,-0.08042530485120114,-0.04536440257808616,0.03519330999609993,-0.07164105106593943,0.06685182062448836,-0.028011898859692463,0.1772861143853407,-0.6725334655428854,-0.41707966463453905,2016-22,0.2-1%
OLECTRA,2020-06-08,108650000.0,pledge released,2020-06-08,Micro,572.9878306878306,False,-0.33294486215538843,-0.08668941979522171,-0.18059604073956348,-0.05870307167235489,-0.25707540127561024,0.4627986348122868,0.08801158200138381,1.6163822525597271,0.45586527146260103,2016-22,> 1%
OLECTRA,2020-09-23,372130000.0,pledge released,2020-09-23,Micro,524.9652116402117,False,-0.12964870661133798,-0.04210526315789476,-0.07255462600162377,0.842914979757085,0.5637497058924176,2.465587044534413,2.0929634703899263,5.683400809716599,4.626286581259685,2016-22,> 1%
OMAXE,2019-08-06,74023670.0,pledge released,2019-08-06,Small,3600.77,True,0.12117011963237406,-0.015016543649783554,-0.04764308696469921,-0.06362942224484602,-0.10724802487178398,-0.21048612878595063,-0.3213625807394881,-0.6166963603970476,-0.5872160312298709,2016-22,0.2-1%
OMAXE,2020-04-14,60000.0,pledge released,2020-04-15,Small,2768.2800000000007,False,0.3080249100720604,0.10915726609157272,0.15813849669944757,-0.5680159256801592,-0.7354696159295485,-0.5673523556735235,-0.8566261642483194,-0.5613802256138023,-1.3073752289859764,2016-22,< 0.05% of mcap
OMAXE,2020-07-16,1000.0,pledge released,2020-07-16,Micro,1187.1872727272728,True,-0.8050935307611538,0.11225997045790237,0.043361956706947646,-0.04209748892171361,-0.08388219147128861,0.19571639586410639,-0.26191569624638644,0.30059084194977825,-0.9066134020820518,2016-22,< 0.05% of mcap
OMAXE,2021-03-04,36090000.0,pledge released,2021-03-04,Micro,1333.9900000000002,False,-0.21592184513214974,-0.03924316748423262,-0.012195819384252904,0.15977575332866167,-0.08915454535145939,0.10371408549404348,-0.27724217458684175,0.20392431674842348,-0.27096609683500383,2016-22,0.2-1%
OMAXE,2021-08-17,18164230.0,pledge released,2021-08-17,Micro,1415.1418181818183,False,-0.2870997866150513,-0.07904884318766059,-0.07904884318766059,-0.07390745501285345,-0.08501543355306351,0.33033419023136257,0.2212836698217362,0.26863753213367625,0.16680090911155687,2016-22,0.05-0.2%
OMAXE,2021-12-21,175333250.0,pledge released,2021-12-21,Micro,1306.6354545454549,False,-0.061400454142191196,0.2697740112994351,0.13933922869073934,0.21186440677966112,0.2019995419147962,0.21327683615819226,0.31758239171374786,-0.005649717514124131,-0.0488384695810643,2016-22,> 1%
OMAXE,2022-05-09,83400000.0,pledge released,2022-05-09,Micro,1641.2727272727275,False,0.12492313478352396,-0.022196926579396536,-0.0007189494333698643,0.16050085372794554,0.15102081925509303,-0.014797951052931135,-0.08993673400063862,-0.38531587933978373,-0.4584626579920824,2016-22,0.2-1%
OMAXE,2023-05-18,189092500.0,pledge released,2023-05-18,Micro,971.9981818181818,False,-0.12930070455405096,-0.015238095238095162,-0.08072398865502306,-0.08666666666666656,-0.22489676558329397,0.5133333333333334,0.22547633723717575,0.7676190476190476,0.2702928444104915,2023-26,> 1%
OMAXE,2024-06-06,215690000.0,pledge released,2024-06-06,Micro,1593.8581818181822,False,-0.09996511342164327,0.5252367688022284,0.4215937815526838,0.3228969359331477,0.1764621707630386,0.2434540389972144,0.076655044687303,0.06272980501392755,0.058359583388932434,2023-26,> 1%
OMAXE,2025-10-29,36909900.0,pledge released,2025-10-29,Micro,1470.7627272727275,False,-0.09933419932415527,-0.1523113149089106,-0.08795845879900455,-0.10149956624116985,0.06759897671158521,0.0785723137935308,0.17988758922001857,,,2023-26,0.2-1%
ORCHPHARMA,2022-01-21,8081214945.0,pledge released,2022-01-21,Micro,2424.2377131394182,False,-0.1528518083305277,-0.2654224987039918,-0.17837183965338288,-0.039398652151373725,-0.027884792876320397,-0.15876101607050286,-0.04562615894112243,-0.12156557801969936,-0.09052492465884637,2016-22,> 1%
ORIENTCEM,2016-02-09,220000000.0,pledge released,2016-02-09,Small,2797.300840336134,False,-0.10321521761531466,-0.005362888809438693,-0.008061373830277163,0.11655345012513418,0.019477038002857272,0.17268501966392558,0.0008737931973268331,-0.047550947443689706,-0.4008447196148327,2016-22,0.2-1%
ORIENTCEM,2019-06-19,4600000.0,pledge released,2019-06-19,Small,2218.8655462184875,False,0.32148771361243234,-0.056509945750452095,-0.004865332849704862,-0.10126582278481,-0.063822053102222,-0.364376130198915,-0.2819950326603273,-0.35443037974683533,-0.12210714742360296,2016-22,< 0.05% of mcap
ORIENTCEM,2019-09-19,1200000.0,pledge released,2019-09-19,Small,1835.2823529411764,False,-0.09530671323648504,-0.17195767195767198,-0.16478341034408078,-0.28994708994708995,-0.2765102959656893,-0.5883597883597884,-0.16577959962250732,-0.3767195767195768,-0.2720034410138337,2016-22,< 0.05% of mcap
ORIENTCEM,2020-08-25,6875000.0,pledge released,2020-08-25,Micro,1436.3966386554623,False,0.22705018359853113,-0.17217146872803946,-0.042899206186005956,-0.007027406886858767,0.01843084158564634,0.2881236823612088,0.06070196222221513,1.1335207308503161,0.3848027821323674,2016-22,< 0.05% of mcap
ORIENTCEM,2021-02-25,373226000.0,pledge released,2021-02-25,Micro,1923.016806722689,True,0.07550716911248889,0.065359477124183,0.10281030831880761,0.4950980392156863,0.27806507218271936,0.7015250544662308,0.29882171632106,0.37527233115468417,-0.06229724212917476,2016-22,> 1%
ORIENTCEM,2021-07-29,1337160000.0,pledge released,2021-07-29,Micro,3191.0857142857144,True,0.01302498221906112,-0.04976525821596234,0.03852423937973748,0.025352112676056304,0.08485345204522465,0.05633802816901401,-0.022002374800232927,-0.26854460093896715,-0.27719639273749463,2016-22,> 1%
ORIENTELEC,2020-08-24,21780000.0,pledge released,2020-08-24,Small,4287.969620253164,False,-0.29032339393332096,-0.06674876847290645,-0.003979297914184277,0.1248768472906403,0.09865101441109192,0.31798029556650254,0.04903911983182463,0.6241379310344828,0.07944482814286402,2016-22,0.05-0.2%
ORIENTELEC,2021-02-25,929712500.0,pledge released,2021-02-25,Small,5743.274050632911,True,-0.03747394155790662,0.1507481987807131,0.15327850764503909,0.1125069277664883,-0.04039193269969443,0.20395344540920024,0.00014526333286024595,0.17106964714576023,0.041505578922697905,2016-22,> 1%
ORIENTELEC,2021-07-28,1880400000.0,pledge released,2021-07-28,Small,7381.158860759492,True,0.0791313310637527,-0.015380020904882885,0.028743523572880236,0.03314917127071815,0.017417805800951203,-0.009108556069882034,-0.008521701609788157,-0.23741974018217116,-0.1689614395780385,2016-22,> 1%
ORIENTHOT,2020-02-28,103812016.0,pledge released,2020-02-28,Micro,450.4056338028169,False,-0.23426121895009844,-0.31526104417670675,0.0008861198498644751,-0.004016064257028051,0.05728661773530919,-0.12248995983935729,-0.25173524285822524,0.04216867469879526,-0.5040314672815159,2016-22,> 1%
PAISALO,2023-10-18,66060000.0,pledge released,2023-10-18,Micro,1785.106348167539,False,0.40036443690704115,0.05263157894736836,0.05429684823832964,0.2896020539152757,0.14430721930005275,2.881899871630295,2.7325577663671368,1.1976893453145054,0.9342855633345277,2023-26,0.2-1%
PAISALO,2024-02-01,2408380000.0,pledge released,2024-02-01,Micro,2790.8000654450257,True,0.49581356871350324,1.9898198903680502,2.0168195217723994,0.9561472200469852,1.0168557752601943,1.0588880187940486,0.9961578758380655,0.38606108065779177,0.38714608387558286,2023-26,> 1%
PAISALO,2024-11-13,692397000.0,pledge released,2024-11-13,Micro,3805.179319371727,True,-0.28602661054189493,0.31507479861910226,0.229422277557629,-0.06927502876869973,0.05107004904917478,-0.27802071346375146,-0.1727233472263634,-0.20299194476409665,-0.046001577672193594,2023-26,> 1%
PAISALO,2025-09-23,96325000.0,pledge released,2025-09-23,Micro,3668.039267015706,True,0.30317140497077544,0.008878741755454111,0.04025129077506184,-0.11415525114155256,-0.006573997185843339,-0.14485032978183665,0.17307694294543607,,,2023-26,0.2-1%
PAISALO,2026-04-04,141440000.0,pledge released,2026-04-06,Micro,3301.418193717277,True,0.16312017871825957,0.3252141327623126,0.16718971793422432,0.9379014989293364,0.8184526912754739,,,,,2023-26,0.2-1%
PALASHSECU,2019-09-24,96042140.10000001,pledge released,2019-09-24,Micro,40.65,False,0.055944779090509655,-0.2191943127962085,-0.16986998349060478,-0.3507109004739337,-0.2946101765310327,-0.5497630331753555,-0.12485460826693051,-0.15402843601895733,-0.09379649199042706,2016-22,> 1%
PARADEEP,2025-09-16,4527500000.0,pledge released,2025-09-16,Small,17541.899999999998,True,-0.01961946218773236,0.031168530212618117,0.06799606682360065,-0.11563640577023349,-0.022878469384102762,-0.3582642952320261,-0.16049057111570342,-0.10491860263020691,-0.01025890643988392,2023-26,> 1%
PARAGMILK,2019-03-29,1439872500.0,pledge released,2019-03-29,Small,3272.7959558823527,False,0.02691085644175284,-0.1059201815774542,-0.054747166369984335,0.03574806128239083,0.09456310039902688,-0.42557215812369975,-0.2629273704789121,-0.658785700775487,-0.21346894786923376,2016-22,> 1%
PARAGMILK,2020-01-14,317827500.0,pledge released,2020-01-14,Small,1954.891544117647,False,-0.09876807020758616,-0.33386992916934966,-0.30463444565016035,-0.3844172569220864,-0.07772639365104178,-0.4365743721828719,-0.23010089043979315,-0.22150676110753387,-0.318480835680383,2016-22,> 1%
PATANJALI,2021-02-19,48.0,pledge released,2021-02-19,Mid,25056.012451790637,False,-0.13862347019130328,-0.08047831843760356,-0.08261893550074806,0.4775736511089044,0.39950965841076536,0.4990897053955643,0.31558807180022075,0.14883316782522327,0.004150087731717211,2016-22,< 0.05% of mcap
PATELENG,2022-08-25,1070000000.0,pledge released,2022-08-25,Micro,2223.4424242424247,False,0.052049266394293414,-0.15566458519179316,-0.1300235595507676,-0.22078501338091006,-0.22332650529516063,-0.42462087421944694,-0.3400814185145919,1.4344335414808205,1.19292708901835,2016-22,> 1%
PATELENG,2024-02-23,32234496.0,pledge released,2024-02-23,Micro,6792.5818181818195,True,0.21474480829053322,-0.22273619287917013,-0.09500395244201165,-0.19035604149144947,-0.11503091099022694,-0.22539949537426418,-0.34731045085200307,-0.4118306700308383,-0.22905308909993155,2023-26,< 0.05% of mcap
PENINLAND,2020-02-20,0.0,pledge released,2020-02-20,Micro,136.93999999999997,False,-0.054182344059817034,-0.40697674418604657,0.0023149292966950785,-0.3023255813953488,-0.059302597654893874,0.15116279069767447,0.07718774613439461,0.32558139534883734,-0.04559372088517555,2016-22,< 0.05% of mcap
PENINLAND,2021-01-21,274041494.0,pledge released,2021-01-21,Micro,213.76,False,0.2944506100987494,-0.08943089430894324,-0.09710174473923272,0.18699186991869898,0.1324618072310264,1.4634146341463414,0.9007416914859864,1.203252032520325,0.4526596154587136,2016-22,> 1%
PFOCUS,2016-01-13,0.0,pledge released,2016-01-13,Small,4060.0079113924053,False,-0.022301112558400837,0.03384912959381037,0.1443002081582201,0.027079303675048294,0.04399930219025783,0.2582205029013538,0.1850778366339898,0.6054158607350095,0.44551281230077733,2016-22,< 0.05% of mcap
PFOCUS,2018-07-20,653718000.0,pledge released,2018-07-20,Small,5762.717563291139,False,0.005000404443030293,0.25336021505376327,0.20222227397531067,-0.12701612903225812,-0.0020989962194692957,-0.24932795698924737,-0.11698383887687747,-0.47244623655913986,-0.23466402402263992,2016-22,> 1%
PFOCUS,2021-07-05,563940000.0,pledge released,2021-07-05,Small,4395.094936708861,False,-0.16360745145341615,0.03935599284436497,0.025510443069904576,0.3273703041144902,0.30480986847278346,0.20751341681574242,0.1716371782093601,0.25939177101967803,0.3548924809878718,2016-22,> 1%
PFOCUS,2022-12-02,287671038.0,pledge released,2022-12-02,Small,7060.205696202532,False,0.2272074016493829,-0.16731517509727623,-0.1274051440230482,-0.1428571428571429,-0.04602705122598866,0.13674263479710946,0.13592825612106452,0.3396331295163979,0.023547858198568417,2016-22,0.2-1%
PFOCUS,2023-09-25,17078123532.0,pledge released,2023-09-25,Small,7274.505537974684,False,-0.19290989704659123,-0.01224055348589681,0.016235635009907434,0.1633847791378391,0.05036072944586645,0.04523682810005325,-0.08366055310882459,0.48249068653539107,0.0708749022211499,2023-26,> 1%
PFOCUS,2024-06-06,1931705000.0,pledge released,2024-06-06,Micro,7340.743670886077,False,-0.101046073212685,0.5340238218539619,0.43038083460441734,0.48399792853443824,0.3375631633643291,0.3392024857586744,0.172403491448763,0.27457276022786137,0.27020253860286625,2023-26,> 1%
PFOCUS,2025-06-02,4524104097.0,pledge released,2025-06-02,Micro,8331.977848101267,False,-0.0507456816066022,0.4952024125011423,0.4773794185441316,0.3091474001644885,0.3338675809043865,0.609978981997624,0.7014265779851716,1.0769441652197749,1.2214169173480294,2023-26,> 1%
PHOENIXLTD,2019-08-16,3206250.0,pledge released,2019-08-16,Mid,11389.382635658916,False,0.12527727383974258,0.12288108891549565,0.12788932588500562,0.1257798222950406,0.040899848082540324,0.36524040582267325,0.1967779031566791,0.025742012729220498,-0.07438669170598178,2016-22,< 0.05% of mcap
PITTIENG,2019-05-17,94115252.0,pledge released,2019-05-17,Micro,166.92842105263156,False,-0.12807258461204973,-0.029927760577915463,0.044364460497731295,-0.2807017543859649,-0.06523659127682269,-0.07120743034055732,0.13373038961719125,-0.5273477812177503,-0.10629514963880282,2016-22,> 1%
PITTIENG,2024-09-28,2571252020.0,pledge released,2024-09-30,Micro,4922.696578947368,True,0.2636513175465407,0.014562918780742784,0.0732002416628652,0.04837522754560597,0.09684544739034484,-0.15852666640845892,0.09128221832780214,-0.24226344939773037,-0.04371886375637046,2023-26,> 1%
PITTIENG,2025-02-21,1866554347.0,pledge released,2025-02-21,Micro,3574.674385964912,True,-0.1509893378386925,0.08935759137014965,0.1285006646787945,0.058444694896152116,-0.02716827369553987,-0.014329415553051117,-0.06388001997918613,-0.07202275532657121,0.06947968246628994,2023-26,> 1%
PRAKASHSTL,2022-05-09,112290000.0,pledge released,2022-05-09,Micro,97.52808988764045,False,-0.10281139226980424,-0.0185185185185186,0.0029594586275080714,0.03703703703703698,0.027557002564184474,-0.04629629629629628,-0.12143507924400376,-0.19444444444444453,-0.2675912230967432,2016-22,> 1%
PRAXIS,2018-06-16,253397001.0,pledge released,2018-06-18,Micro,1533.1567198177677,False,0.2766526674626219,-0.050478348439073395,0.04197372823824297,0.24962235649546827,0.3132522497339024,-0.09390735146022144,0.07777939552773028,-0.4254783484390735,-0.13303648797395728,2016-22,> 1%
PRAXIS,2019-10-24,22392500.0,pledge released,2019-10-24,Micro,546.0865603644647,False,-0.0970910493371333,-0.07854671280276815,-0.08502923816917174,0.24359861591695497,0.12595155709342554,-0.5826989619377162,-0.3517621427656029,-0.5304498269896194,-0.5527638765763963,2016-22,0.2-1%
PRAXIS,2022-04-29,425378660.0,pledge released,2022-04-29,Micro,606.866742596811,False,-0.36543669534047585,0.027543745949449194,0.11974719450100424,-0.26539209332469205,-0.17453276108604954,-0.27414128321451725,-0.24718196077624943,-0.5230071289695398,-0.494977805985495,2016-22,> 1%
PRAXIS,2023-01-25,107759094.0,pledge released,2023-01-25,Micro,392.9205011389522,False,-0.11120652640618289,-0.11994002998500763,-0.04851567462132983,-0.25887056471764125,-0.26345534627470135,-0.1759120439780112,-0.33005932640170343,0.24187906046976515,-0.3608542733001855,2023-26,> 1%
PRAXIS,2023-09-15,352304412.0,pledge released,2023-09-15,Micro,492.41298405466966,False,0.9680464277620677,0.32984496124031004,0.3045718834934692,0.10736434108527138,0.03310992814627778,-0.3147286821705426,-0.3922297101381589,-0.09147286821705425,-0.5123300110741971,2023-26,> 1%
PRAXIS,2024-12-27,489921275.0,pledge released,2024-12-27,Micro,346.35353075170843,False,-0.11593827316363814,-0.07642276422764227,0.04684518610527122,-0.5208672086720867,-0.27547576500552184,-0.2899728997289973,-0.19351470658775222,-0.49701897018970187,-0.29154570174563355,2023-26,> 1%
PVP,2016-07-05,33014400.0,pledge released,2016-07-05,Micro,120.93502824858757,False,-0.20810455154727248,-0.042553191489361764,-0.03456492934394284,-0.07446808510638314,-0.12819630598503695,0.03191489361702127,-0.032245823539103324,0.17021276595744683,-0.16289396415812085,2016-22,> 1%
QUICKHEAL,2024-06-20,4772417537.0,pledge released,2024-06-20,Micro,2939.6430555555553,False,-0.18971840998638445,0.09590071455434379,0.10125217746176884,0.253854832643851,0.18734204470573035,0.17318540804813853,0.14766606396194715,-0.3339601353892441,-0.27663183337835934,2023-26,> 1%
QUICKHEAL,2024-12-04,783000000.0,pledge released,2024-12-04,Micro,3437.3375,True,-0.05971876631821993,-0.0014992503748124664,0.057023741564228014,-0.5272626844472501,-0.26601488340053686,-0.4137931034482759,-0.2817254087866304,-0.5533022962203109,-0.2984989748068919,2023-26,> 1%
QUICKHEAL,2025-06-30,970917500.0,pledge released,2025-06-30,Micro,2004.0315972222222,True,0.06911800819604108,-0.20421475163070757,-0.17538366341367606,-0.24385348720521838,-0.17519027895538009,-0.3309081786251882,-0.2047179905619067,-0.5840692423482188,-0.43558673869419073,2023-26,> 1%
RAIN,2017-03-02,2244304622.0,pledge released,2017-03-02,Small,3131.6537383177565,True,0.6674327211602431,0.110550227158001,0.036028912747773534,0.0025239777889953796,-0.09316418459477926,0.4285714285714286,0.28709179123160167,2.9318525996971228,2.72742839670428,2016-22,> 1%
RAMCOCEM,2017-08-21,0.0,pledge released,2017-08-21,Mid,15672.084751773049,True,0.0012579129349494789,0.08920329878187183,0.024175808024207268,0.07127184686388754,-0.06568620462952524,0.08057804342891739,-0.033737910612781974,0.023076341075887186,-0.07230030800490894,2016-22,< 0.05% of mcap
RAMCOCEM,2017-12-26,0.0,pledge released,2017-12-26,Mid,18884.353368794327,True,-0.05570454886398102,-0.009785971336574328,-0.006246862848068746,-0.06408232842982509,0.009146636447222745,-0.11307532041164226,0.017201013073467664,-0.2081570806237768,-0.05158789807049485,2016-22,< 0.05% of mcap
RAMCOCEM,2018-10-01,371200000.0,pledge released,2018-10-01,Mid,15447.285106382978,True,-0.03594992537545333,-0.05334588530634654,-0.062186161791339734,-0.016082215423236845,-0.024092327530448543,0.19157448811485067,0.16189491218225593,0.1368949556758452,0.20453110293687032,2016-22,0.2-1%
RAMCOCEM,2021-03-04,397400000.0,pledge released,2021-03-04,Mid,24280.728014184395,True,-0.07325439453416738,0.0563833473590416,0.07488305355011698,-0.010989554972526072,-0.09073046632306625,0.045690807385773136,-0.11361087374125323,-0.28038215929904453,-0.37400028692951226,2016-22,0.05-0.2%
RAMCOCEM,2021-07-08,1901014400.0,pledge released,2021-07-08,Mid,25492.27978723404,True,-0.08962107344538695,-0.0759348474420739,-0.06310977754180708,-0.08341362697866483,-0.17206161315942214,-0.06529020417526954,-0.1355872411535919,-0.40289057123193384,-0.31719145139968363,2016-22,0.2-1%
RAMCOCEM,2022-06-07,30000000.0,pledge released,2022-06-07,Small,14432.137234042553,True,-0.10807120987317659,0.06896551724137945,0.09006213157391862,0.26188919758130424,0.16741195245156426,0.19267854224546488,0.08049642575653948,0.5261480634090538,0.4231049659149534,2016-22,< 0.05% of mcap
RAMCOCEM,2022-09-28,107600000.0,pledge released,2022-09-28,Mid,17565.13439716312,True,0.02489626065544337,-0.02616473101054606,-0.055350405549730475,-0.06521158723801901,-0.08832279544640775,0.007942864771058433,0.028963561374803326,0.2677880122814045,0.029419607906435052,2016-22,0.05-0.2%
RAMCOIND,2016-05-02,0.0,pledge released,2016-05-02,Micro,986.9245129870129,False,0.11349921515106531,0.021588946459412783,0.03733697795547575,0.08160621761658038,-0.008655691330510695,1.0682210708117443,0.8122517186087623,0.907167530224525,0.4756250692193258,2016-22,< 0.05% of mcap
RAMCOIND,2017-08-17,433840000.0,pledge released,2017-08-17,Small,2002.2311688311688,False,-0.03614189876595225,0.1681318681318682,0.11530921345926837,0.2890109890109891,0.18877534558126297,0.08703296703296703,-0.010440584137727416,0.043076923076923235,0.09434556537754446,2016-22,> 1%
RAMCOIND,2018-10-01,124700000.0,pledge released,2018-10-01,Micro,1672.396266233766,False,0.008287523815606823,-0.03919024137036087,-0.04469475887093033,0.17752400726706452,0.17752400726706452,0.0804567869192836,0.11349363571216808,-0.11757072411108227,0.19653627715611427,2016-22,0.2-1%
RAMCOIND,2021-03-04,255400000.0,pledge released,2021-03-04,Micro,2172.9540584415586,False,-0.010470732440944763,0.023019898556379204,0.05006724665635892,0.04213811939133838,-0.20679217928878268,0.1825985173624658,-0.19835774271841944,-0.15060476004682022,-0.6254951736302475,2016-22,> 1%
RAMCOIND,2021-07-08,67337500.0,pledge released,2021-07-08,Micro,2371.199025974026,False,-0.30273086654016446,0.08863718087019046,0.1073642465414546,0.08594030924128004,0.038547547107678715,-0.03164329377921615,-0.18702657756566654,-0.3745055735346998,-0.37972443295358993,2016-22,0.2-1%
RAMCOIND,2022-03-07,215600000.0,pledge released,2022-03-07,Micro,1779.044318181818,False,-0.12076499851847794,0.1329672952972072,0.002016436101927477,-0.08235855812843162,-0.0833626546648607,0.04535688708522323,-0.08535180441498447,-0.3511577942229649,-0.38961933268450344,2016-22,> 1%
RAMCOIND,2022-09-28,112470000.0,pledge released,2022-09-28,Micro,1636.2735389610389,False,-0.05471493344660883,-0.03351955307262566,-0.04575154746347321,-0.14737962223995738,-0.17003022464959583,-0.32216014897579137,-0.23052668284033317,-0.03884011705240742,-0.3362494434772779,2016-22,0.2-1%
RAMCOIND,2023-05-05,76200000.0,pledge released,2023-05-05,Micro,1121.9547077922077,False,-0.09188636885864743,0.24752097635392833,0.21139920180758587,0.40083905415713206,0.24494551803545916,0.7185354691075516,0.4433149398373031,0.6540808543096872,0.1804114507642013,2023-26,0.2-1%
RAMCOIND,2024-10-19,616200000.0,pledge released,2024-10-21,Micro,2085.7434740259737,False,-0.00936107217636406,0.19097538742023712,0.2219373561003265,0.03774757603381107,0.0865664736716063,-0.02689152233363723,0.14716991111346167,0.4663959559128199,0.6103945354582745,2023-26,> 1%
RAMCOSYS,2018-10-01,47730000.0,pledge released,2018-10-01,Micro,1172.8540540540541,False,0.06279260680127341,-0.04149377593360992,-0.04699829343417938,-0.17150760719225455,-0.17150760719225455,-0.2597203012140772,-0.2266834524211927,-0.5314276932534194,-0.2173206919862229,2016-22,0.2-1%
RAYMONDLSL,2024-09-18,2886728.0,pledge released,2024-09-18,Small,14256.62196261682,False,,0.002834443662846242,0.02711697297401855,-0.17211486738113946,-0.09487194398436993,-0.5519510075723093,-0.34650693111630937,-0.4771382463690156,-0.36051722821595344,2023-26,< 0.05% of mcap
REGENCERAM,2023-03-27,39700000.0,pledge released,2023-03-27,Micro,49.868055555555564,False,-0.052062691321351884,0.43386243386243395,0.2710665428396559,0.5502645502645505,0.27065455157327967,0.6851851851851853,0.22110519094534664,0.8783068783068784,0.08949461458704921,2023-26,> 1%
RELIGARE,2016-02-26,410450000.0,pledge released,2016-02-26,Mid,9697.12270742358,False,0.1744531219577829,0.031126304426052576,-0.07522326095529674,0.0028787333573228047,-0.13455108164793428,-0.07952500899604165,-0.3535818757708833,-0.22544080604534,-0.5808878647642086,2016-22,0.2-1%
RELIGARE,2018-01-18,442425.64,pledge released,2018-01-18,Micro,1891.5757641921398,True,0.10954688884566322,0.089952153110048,0.2016471441655041,0.1311004784688996,0.26548142274849135,-0.13588516746411483,0.15640938442411645,-0.5626794258373206,-0.1351694415125369,2016-22,< 0.05% of mcap
RELIGARE,2018-05-31,0.5,pledge released,2018-05-31,Micro,1736.669650655022,False,-0.0002472606581396253,0.011293634496919891,0.10310841152072386,0.019507186858316095,0.07602059682000195,-0.31622176591375784,-0.09828156657820963,-0.4661190965092403,-0.17309574559115254,2016-22,< 0.05% of mcap
RELTD,2025-01-03,1283500000.0,pledge released,2025-01-03,Micro,2593.0888,False,0.05414938586309903,0.0010429201764940998,0.08960430470867364,-0.07813878860810275,0.17083305369993879,0.03473726434015223,0.12026922003898144,0.10557561171279572,0.3355592487945539,2023-26,> 1%
RELTD,2026-03-27,750000000.0,pledge released,2026-03-27,Micro,2423.3456666666666,False,0.010572860553829222,0.15517829721890464,-0.10396093015988717,0.4304726155946086,0.14935321009830504,,,,,2023-26,> 1%
RENUKA,2016-07-29,1909841477.0,pledge released,2016-07-29,Small,3875.8333333333335,False,0.20229070282252448,-0.05555555555555558,-0.07215892329564821,-0.15555555555555556,-0.21791061411417145,-0.1499999999999999,-0.21882884605426156,0.07222222222222219,-0.17688552078274156,2016-22,> 1%
RESPONIND,2026-04-30,47520000.0,pledge released,2026-04-30,Micro,4151.963151515151,False,-0.08506079765654406,0.22055185537583233,0.24601163132205106,0.09927053599746283,0.09878150440501565,,,,,2023-26,0.05-0.2%
RPOWER,2016-02-05,2434320000.0,pledge released,2016-02-05,Mid,19397.2614213198,True,0.017394128883761628,0.024598930481283476,0.03764728205405171,0.053475935828877,0.001806412919972189,0.09411764705882342,-0.04471135541005411,-0.05561497326203213,-0.26529348100250694,2016-22,> 1%
RPOWER,2017-03-15,14110990000.0,pledge released,2017-03-15,Mid,19355.946700507615,True,0.010161532535929663,-0.035934291581108835,-0.0765248500811524,-0.1765913757700206,-0.25480341796511363,-0.1036960985626284,-0.226014661149065,-0.18993839835728954,-0.3214198345010997,2016-22,> 1%
RPOWER,2017-10-06,4942000000.0,pledge released,2017-10-06,Mid,16939.035532994923,True,-0.06094612561837509,-0.048661800486618056,-0.09175392750916045,0.4914841849148417,0.3268494042114226,-0.025547445255474588,-0.11059075231471693,-0.3102189781021898,-0.2089622754102302,2016-22,> 1%
RPOWER,2018-05-18,7703821793.0,pledge released,2018-05-18,Mid,13964.375634517766,True,-0.2276953254945691,0.022556390977443552,0.0334262484892312,-0.021052631578947434,-0.015056146715555996,-0.06315789473684219,0.03967691529121453,-0.7639097744360902,-0.6783734799826528,2016-22,> 1%
RPOWER,2019-03-25,2704035000.0,pledge released,2019-03-25,Small,4338.045685279188,False,-0.6054428414276324,-0.3130841121495327,-0.3098455318174903,-0.6121495327102804,-0.5803255368033988,-0.7616822429906542,-0.6436948078807672,-0.8738317757009346,-0.40636602227627716,2016-22,> 1%
RPOWER,2019-12-06,150875000.0,pledge released,2019-12-06,Micro,1404.7005076142132,False,0.08172568172568173,-0.07692307692307687,-0.11566846437695122,-0.5076923076923077,-0.3994692761551314,-0.19999999999999996,-0.07844036697247703,0.16923076923076907,-0.07554194402402648,2016-22,> 1%
RPOWER,2021-07-09,60334448.0,pledge released,2021-07-09,Small,5825.375634517766,False,1.5832324827716153,-0.1779359430604982,-0.1345027700851234,0.2170818505338079,0.17823706879094903,0.021352313167259718,-0.029712776402240904,-0.19572953736654808,-0.10134335393309674,2016-22,0.05-0.2%
RUSHIL,2019-03-01,143985000.0,pledge released,2019-03-01,Micro,1287.3074534161492,False,0.013894591107005971,-0.053798199030247185,-0.05083523606728413,0.2191179866081736,0.2822571546641889,-0.680443315631494,-0.46153736418168134,-0.8316785961671669,-0.3919262196416009,2016-22,> 1%
SADBHAV,2025-09-23,12940819.0,pledge released,2025-09-23,Micro,225.9132867132867,False,0.05311454592421616,-0.061287820015516026,-0.029915270995908294,-0.05508145849495738,0.05249979546075184,-0.4336695112490303,-0.11574223852175758,,,2023-26,0.2-1%
SADBHIN,2025-09-23,47382520.0,pledge released,2025-09-23,Micro,136.675,False,-0.20816167827445853,-0.023316062176165775,0.008056486843441957,-0.020725388601036343,0.08685586535467288,-0.4430051813471503,-0.12507790861987755,,,2023-26,> 1%
SAKHTISUG,2020-09-11,480714300.0,pledge released,2020-09-11,Micro,97.625,False,-0.38150642865160334,-0.07058823529411762,-0.02489084153716803,0.2941176470588236,0.09858262011502061,0.12352941176470589,-0.22825295221278008,0.7588235294117647,-0.06502470907062019,2016-22,> 1%
SAKHTISUG,2022-10-18,428340000.0,pledge released,2022-10-18,Micro,255.00833333333335,False,0.24714853563137962,-0.02304147465437789,-0.007410415290551975,0.09907834101382496,0.08917384207872647,0.13133640552995396,0.1791174182915114,0.3179723502304148,0.1008226537270378,2016-22,> 1%
SAKHTISUG,2023-07-24,1792500.0,pledge released,2023-07-24,Micro,302.93333333333334,False,-0.11397077254725008,0.015717092337917515,-0.02976577370569622,0.12377210216110024,0.05914153022058677,0.14931237721021606,-0.2202540984510677,0.5555992141453834,0.010917214985455503,2023-26,0.05-0.2%
SAKHTISUG,2024-07-29,777508513.0,pledge released,2024-07-29,Micro,466.9433333333334,False,-0.08110519545405259,-0.04093859211183226,-0.035338507836287225,-0.14727908137793322,-0.07130464048336449,-0.30579131303045437,-0.1643024558750092,-0.41512730903644535,-0.2623648909805865,2023-26,> 1%
SAKHTISUG,2025-03-01,14875000.0,pledge released,2025-03-03,Micro,238.44166666666666,False,-0.12399617943674479,0.05693069306930698,0.018230565727675563,0.3064356435643565,0.11004731514591781,0.11881188118811892,-0.03256977680146855,-0.2485148514851485,-0.16900638883164854,2023-26,0.2-1%
SAKHTISUG,2025-11-19,139440000.0,pledge released,2025-11-19,Micro,234.41833333333332,False,-0.036416900711326916,-0.02757916241062308,0.03158479825007371,-0.14811031664964247,-0.03880295734228312,-0.06996935648621028,0.023869239733038394,,,2023-26,> 1%
SAKHTISUG,2026-03-11,69000000.0,pledge released,2026-03-11,Micro,179.63,False,-0.08287976480328407,0.20105471324983504,0.11685023236117675,0.19512195121951215,0.08454631534267154,0.2214897824653923,0.1646525508856047,,,2023-26,> 1%
SAMMAANCAP,2018-05-12,9299625000.0,pledge released,2018-05-14,Large,125578.22372262774,True,-0.05266024082132825,0.00846150250105171,0.0009069217149306752,0.10420270207096438,0.09011277598962542,-0.3614136786498995,-0.28424277355275307,-0.346968351175728,-0.2633691987516355,2016-22,0.2-1%
SAMMAANCAP,2018-10-24,7284340000.0,pledge released,2018-10-24,Large,76715.55218978101,True,-0.2798620390921084,0.01359381359381362,-0.05012745590269008,0.08042328042328029,0.01153633941044574,-0.013675213675213627,-0.13707249702676128,-0.6816442816442816,-0.7475459066447065,2016-22,0.2-1%
SAMMAANCAP,2019-05-11,1860060000.0,pledge released,2019-05-13,Large,68019.849270073,True,0.04186711466373727,-0.0038628681796233355,-0.0550798372659308,-0.17777241268308375,-0.11539860080948938,-0.6948334138097537,-0.6977917871553165,-0.8340576211170128,-0.5627671582528486,2016-22,0.2-1%
SATIN,2016-09-08,118098907.0,pledge released,2016-09-08,Mid,6895.620689655172,True,0.4119431619336864,-0.09105770802681057,-0.08582143752338056,-0.41507274807912375,-0.3545238921539291,-0.3551577570704595,-0.4042445189921102,-0.4845512506130456,-0.6862848757418661,2016-22,0.05-0.2%
SATIN,2017-10-06,172425000.0,pledge released,2017-10-06,Small,3492.7094827586207,False,0.0674017465896874,-0.0652173913043479,-0.09059695991699923,0.5557864450127876,0.40289718965250265,0.34414961636828645,0.31898284280967104,-0.23609335038363177,-0.03272391817667969,2016-22,0.2-1%
SATIN,2018-01-15,150369610.0,pledge released,2018-01-15,Small,5626.25,True,0.4636709688359333,-0.0739379084967321,0.016517879890013243,-0.13694852941176472,-0.0435671401588158,-0.34681372549019607,-0.08240256892177195,-0.4749795751633987,-0.15837187490379545,2016-22,0.2-1%
SATIN,2019-01-17,593281967.0,pledge released,2019-01-17,Small,2768.780172413793,False,0.034091464923564074,-0.11769336744735293,-0.007778529910320686,0.32336154300334563,0.32234321306444547,0.05294233418618388,0.16642862937406094,-0.06396378665617009,0.0008201394739478229,2016-22,> 1%
SATIN,2020-07-17,64063692.0,pledge released,2020-07-17,Micro,925.1439655172414,False,-0.10678855686953392,-0.056872037914692086,-0.136288800110134,-0.3832938388625593,-0.42701049040207695,-0.07760663507109022,-0.5061019746183606,0.06279620853080559,-1.169880389228702,2016-22,0.2-1%
SATIN,2021-03-17,78226633.0,pledge released,2021-03-17,Micro,1032.1258620689655,False,0.11771811902972962,-0.02577030812324932,-0.0023262649909210342,0.02633053221288506,-0.3138166468549808,-0.15182072829131654,-0.5848739495798319,0.11820728291316529,-0.45746597555846336,2016-22,0.2-1%
SATIN,2021-12-21,75607500.0,pledge released,2021-12-21,Micro,1003.8560344827586,False,0.16406896449638464,-0.09603004291845496,-0.22646482552715075,0.06920600858369097,0.05934114371882604,-0.03326180257510736,0.07104375298044824,0.5708154506437768,0.5276266985768366,2016-22,0.2-1%
SENORES,2026-02-17,313420000.0,pledge released,2026-02-17,Micro,3670.2208874458875,True,0.12753756053519077,-0.08575599075538254,0.031178425251665032,0.40512103150468315,0.4014124274474543,0.8007541661598345,0.7911197789243424,,,2023-26,0.2-1%
SGL,2023-10-14,93600000.0,pledge released,2023-10-16,Micro,42.300000000000004,False,-0.02864377595462364,-0.01980198019801982,-0.017680839495686662,0.13531353135313529,0.012990253030352172,0.06270627062706269,-0.05763887015404534,0.12937293729372934,-0.12624084367855515,2023-26,> 1%
SHILPAMED,2023-08-19,1874880000.0,pledge released,2023-08-21,Micro,3603.9510028653294,True,0.34518336262183413,-0.044686055993476526,-0.07179081858185532,0.007067137809187329,-0.09857286003702181,0.22413699374830132,-0.09270792603779476,1.0749116607773854,0.556385986419632,2023-26,> 1%
SHK,2016-12-28,738250000.0,pledge released,2016-12-28,Small,4187.659574468085,False,0.014404191265807442,0.03909972071628043,-0.040435895835857716,-0.02595695745030402,-0.1881629076653003,-0.14489896500739285,-0.41382993123437817,-0.03400689995071471,-0.5140739700724948,2016-22,> 1%
SHK,2017-06-06,265936587.0,pledge released,2017-06-06,Small,3842.606382978724,False,-0.1492801742858676,-0.08923291007131673,-0.10921029975631036,-0.07792659592972684,-0.08702493815918277,-0.09358149243346658,-0.22548618007858812,-0.19255522699599925,-0.1803515267978461,2016-22,0.2-1%
SHK,2017-10-11,355667221.0,pledge released,2017-10-11,Small,3870.265957446809,False,0.09521633927760925,-0.06569602272727271,-0.08542256030250317,0.02432528409090895,-0.13191506324701685,-0.11541193181818188,-0.1488775631197763,-0.3117897727272727,-0.08988778779810802,2016-22,0.2-1%
SHK,2019-08-13,630101300.0,pledge released,2019-08-13,Small,1665.1063829787236,False,-0.06834004819732165,0.08221476510067105,0.05280514844192885,-0.042365771812080566,-0.08639125644874113,-0.02097315436241609,-0.07797685068995541,-0.287751677852349,-0.29673931719866553,2016-22,> 1%
SHK,2022-05-13,659250000.0,pledge released,2022-05-13,Micro,1800.6382978723404,False,0.024819530751734153,-0.04642456008985407,-0.016295419764571772,0.050542867839760364,0.0065279766599206646,-0.023961063272182836,-0.11190894600833923,-0.20853612879071515,-0.3254211611963267,2016-22,> 1%
SHOPERSTOP,2020-10-30,0.0,pledge released,2020-10-30,Small,1802.8927228915663,False,0.008404585698837508,0.11362812613265683,-0.021728235532213036,0.21783254802464658,-0.013116303273874919,0.174338528452338,-0.25465373175887873,1.3885465748459587,0.494969834496942,2016-22,< 0.05% of mcap
SIS,2020-10-30,78090061.0,pledge released,2020-10-30,Small,5231.394272076372,False,-0.10628895479215905,0.19335151279054674,0.05799515112567688,0.051811453058044465,-0.17913739824047703,-0.03272302298402807,-0.4617152831952448,0.1697182184131929,-0.7238585219358238,2016-22,0.05-0.2%
SMCGLOBAL,2023-09-29,955757500.0,pledge released,2023-09-29,Micro,825.2642328042328,False,-0.08833419208803717,0.1612323491655967,0.1734497166702541,0.3222079589216944,0.17533331472267366,0.7042362002567393,0.5202780437461517,0.8908857509627728,0.533257394105872,2023-26,> 1%
SMSPHARMA,2023-12-14,692834751.0,pledge released,2023-12-14,Micro,1115.8753668763102,False,-0.1554448986113145,0.028363047001620734,-0.024853327267384984,0.5056726094003241,0.5515021236074735,0.952674230145867,0.8302614255039883,0.8764181523500811,0.6372877175674725,2023-26,> 1%
SOBHA,2019-04-25,0.0,pledge released,2019-04-25,Small,5059.198134206219,True,-0.04869398858778995,0.12246010610413305,0.11144228649438626,0.11040281825997611,0.23581415321372035,-0.15104112059384756,-0.0376141909005423,-0.6377151963765229,-0.2425687970096012,2016-22,< 0.05% of mcap
SOBHA,2022-03-07,7679500000.0,pledge released,2022-03-07,Small,7296.585171849427,True,0.004176923485439021,-0.05391501323653847,-0.16756280414968716,-0.2785813705957808,-0.2757426498694385,-0.05020332414508344,-0.13876196104391603,-0.25474195573264924,-0.250040406799256,2016-22,> 1%
SOBHA,2023-07-27,5758990000.0,pledge released,2023-07-27,Small,6471.654304418985,True,0.19742329379253787,-0.029412728046903203,-0.07057906302323425,0.13628770757590658,0.08629470921725646,1.3077363990697979,1.0582033601992764,1.8382627493367396,1.424181414753137,2023-26,> 1%
SOLARA,2019-11-21,0.0,pledge released,2019-11-21,Small,2064.471572413793,False,0.06477732317773466,-0.05341079460269871,-0.033951512392418726,0.377459707646177,0.3359333076903236,0.01977136431784099,0.31665362768624095,1.3308423913043477,1.2989724160328184,2016-22,< 0.05% of mcap
SOLARA,2020-09-01,63180000.0,pledge released,2020-09-01,Small,4130.060151724138,True,0.5476000485590976,0.11461610030570202,0.11664886721759399,0.21561960037215888,0.10456611950540007,0.3253400381019891,-0.050807183406681,0.7317686411767312,0.08272046467297745,2016-22,0.05-0.2%
SOLARA,2021-03-10,3500000.0,pledge released,2021-03-10,Small,5857.972689655173,True,-0.17540228224794907,0.11362497983716913,0.15760792841940313,0.29375758759158166,0.14738066202270927,0.29829104091144476,0.09466138158087567,-0.45155402365206176,-0.5888851378440815,2016-22,< 0.05% of mcap
SOLARA,2021-08-19,880000000.0,pledge released,2021-08-20,Small,7401.48195862069,True,-0.13074728967582372,0.02031531197551928,-0.06101557115463019,-0.34257655313727997,-0.4192529038909403,-0.560713395029691,-0.5553289571609074,-0.7212137960784842,-0.7431722507339545,2016-22,> 1%
SPARC,2017-09-27,710100000.0,pledge released,2017-09-27,Mid,11681.212690355329,True,0.23359415952242224,0.1312137949616059,0.054584167208072354,0.36791054829583736,0.18233876768526136,0.028155732183753335,-0.07311131928329806,-0.14010507880910683,-0.07108391771308947,2016-22,0.2-1%
SPARC,2018-04-13,91022500.0,pledge released,2018-04-13,Mid,13418.20203045685,True,-0.11097603211897777,-0.08336358136721111,-0.05994077584392926,-0.09848759830611009,-0.012031617449299259,-0.2575922565033273,-0.09820058931076853,-0.5691470054446461,-0.46036511664614366,2016-22,0.05-0.2%
SPARC,2019-03-27,24928705.0,pledge released,2019-03-27,Small,6254.13654822335,True,-0.08523537194139219,-0.13742614949910092,-0.11071147563711359,-0.41253531980477787,-0.368529615612567,-0.3675828409966607,-0.2252322428261464,-0.38582070382738254,0.07527439703717087,2016-22,< 0.05% of mcap
SPARC,2020-03-13,415865000.0,pledge released,2020-03-13,Small,3810.3274111675123,True,-0.14267650611503235,0.3056747734859324,0.29984498579381513,0.3896041964711492,0.2886282616186806,0.71101573676681,0.4294483341632145,0.45350500715307596,-0.16570603418818874,2016-22,> 1%
SPARC,2020-12-01,617780000.0,pledge released,2020-12-01,Small,6018.529949238578,True,-0.10266639001154854,0.06184174993248703,0.011173103247389515,-0.07858493113691611,-0.2696447249625489,0.38131244936537945,-0.0430868137161996,0.34350526600054,-0.2143121561156741,2016-22,> 1%
SPMLINFRA,2018-04-06,180364650.0,pledge released,2018-04-06,Micro,873.2608695652174,False,-0.17650609691703134,0.057599225556631106,0.09522660993081444,-0.06776379477250727,0.127112258008226,-0.536786060019361,-0.223373651260237,-0.7173281703775412,-0.3909713015811445,2016-22,> 1%
SPMLINFRA,2018-07-23,10.219999999999999,pledge released,2018-07-23,Micro,633.75,False,0.08215301239958728,-0.10764119601328892,-0.14263239319638765,-0.22126245847176074,-0.08333142398900212,,,-0.8471760797342193,-0.4761195378177156,2016-22,< 0.05% of mcap
SRF,2018-03-14,1700600000.0,pledge released,2018-03-14,Mid,11016.212621359224,True,0.05140987446099271,0.1466915191053122,0.13407941956627178,0.01334043403008911,0.039869785210496,0.07849820263613361,0.11479308326493015,0.3071495140460656,0.3891244248456033,2016-22,> 1%
SSWL,2017-06-21,426578400.0,pledge released,2017-06-21,Micro,1434.5700980392155,False,0.17247447522022274,-0.021912350597609653,-0.052736723357466375,-0.03640991589198772,-0.051085463807759024,0.19090305444887123,-0.07585403296039006,0.30046480743691895,0.3984862998543137,2016-22,> 1%
SSWL,2018-03-28,275329950.0,pledge released,2018-03-28,Micro,1674.5036764705883,False,0.1610100194711257,0.23073456511942325,0.1871480146835578,0.1108607480847228,0.2541565515647638,-0.044975214060387625,0.20305905375816308,-0.22893195132942767,0.052530746097212755,2016-22,> 1%
SSWL,2019-08-29,313280000.0,pledge released,2019-08-29,Micro,1229.3844362745097,False,0.21845784181638345,-0.0033282130056324633,-0.01939272913466472,-0.01804915514592953,-0.02863116572794,-0.09920634920634919,-0.018914378403429466,-0.4137224782386073,-0.46044703931091235,2016-22,> 1%
SSWL,2020-06-19,132132500.0,pledge released,2020-06-19,Micro,615.7142156862744,False,-0.5522345712478541,0.12142857142857144,0.12628174021727057,0.10586734693877542,0.008147477231934985,0.3096938775510203,-0.062053334344890576,0.9915816326530609,-0.05403958321099389,2016-22,> 1%
SSWL,2020-12-04,53660000.0,pledge released,2020-12-04,Micro,834.8933823529412,False,0.05732263216459621,0.09246704331450095,0.005223719556654238,0.33615819209039555,0.18442263831832484,0.4124293785310733,-0.07258048281534801,2.289453860640301,1.4670583657301863,2016-22,0.2-1%
SSWL,2022-05-05,569910402.0,pledge released,2022-05-05,Micro,2642.2567401960787,False,0.2568698193302984,-0.06391493937040793,-0.015047873490319608,0.010274177169822485,0.042831814614565034,-0.041873245325846686,-0.05866675275024169,-0.08786810823726188,-0.10501656487616429,2016-22,> 1%
SSWL,2022-10-03,584371021.0,pledge released,2022-10-03,Micro,2493.3595588235294,False,-0.1545710989498259,0.00043659951350338844,0.0,0.01696500966756065,0.00749293834843523,-0.035115075157487796,0.03864809683751125,0.7884987213871388,0.5007855600403963,2016-22,> 1%
SSWL,2023-07-17,1267551589.0,pledge released,2023-07-17,Micro,3276.6813725490197,False,0.11176003053786154,0.06033466886636796,0.029938815897470716,0.35210935658732034,0.21245154650225206,0.22931887815225083,-0.11363204566584417,0.08008484562809315,-0.4153840920288563,2023-26,> 1%
STARCEMENT,2022-12-12,5615000.0,pledge released,2022-12-12,Micro,4930.145054945055,False,0.16972823439046936,-0.061961427985227746,-0.034862948143853156,-0.10094378334017229,0.03884246822529297,0.20968403775133382,0.19150221956951574,0.45055395978662305,0.1092427095505013,2016-22,< 0.05% of mcap
STARCEMENT,2023-03-21,2682500.0,pledge released,2023-03-21,Micro,4315.904120879121,False,0.07717455946329654,0.037552155771905626,-0.03021966285315525,0.3416782568382011,0.1634039857734736,0.4191006026889199,0.05925939382734979,1.1098748261474274,0.5930852442519193,2023-26,< 0.05% of mcap
STARPAPER,2019-07-11,102250000.0,pledge released,2019-07-11,Micro,156.95555555555558,False,-0.054001309465351255,-0.13304514889529295,-0.006794553373616008,0.036503362151777186,0.18981774179097938,0.33621517771373677,0.3673105691120037,-0.029298751200768414,0.17070124879923165,2016-22,> 1%
STEELXIND,2021-08-06,1100324268.0,pledge released,2021-08-06,Micro,1046.5789473684208,False,-0.07986998767448106,-0.015834348355663885,0.04250376052685756,0.06090133982947621,0.04916914065695077,1.9573690621193665,1.8424557673216786,0.7600487210718634,0.7444041289685597,2016-22,> 1%
STEELXIND,2022-04-05,941400000.0,pledge released,2022-04-05,Micro,2920.210526315789,True,0.36952420741018355,-0.26821052631578957,-0.15806954520629551,-0.13557894736842102,0.01077327523083249,-0.45052631578947366,-0.4186261770932185,-0.30947368421052635,-0.2128797991982812,2016-22,> 1%
STEELXIND,2022-11-15,452400000.0,pledge released,2022-11-15,Micro,1442.2368421052631,False,-0.2689506253517411,0.23809523809523814,0.21245421245421237,0.21645021645021645,0.26901066096140436,0.3722943722943721,0.3797001896582696,-0.06926406926406936,-0.4096896011789628,2016-22,> 1%
STEELXIND,2023-05-16,320400000.0,pledge released,2023-05-16,Micro,2137.828947368421,False,0.23845258515069823,-0.09523809523809534,-0.15406162464986006,-0.27083333333333337,-0.4085915350344268,-0.48511904761904767,-0.7652914614121513,-0.22916666666666674,-0.7341734175333985,2023-26,> 1%
STEELXIND,2024-02-13,37968000.0,pledge released,2024-02-13,Micro,1895.3289473684208,False,0.5648494974858652,-0.14802631578947367,-0.04470075437089466,-0.12171052631578949,-0.11581483470581211,-0.13421052631578945,-0.24980830558788414,-0.4335526315789474,-0.3279397396836184,2023-26,0.2-1%
STEELXIND,2024-06-27,296140000.0,pledge released,2024-06-27,Micro,1871.0789473684208,False,-0.12986058449512905,-0.019917582417582458,-0.07431714722106408,-0.11744505494505497,-0.1836071833682431,-0.2994505494505495,-0.3232852952132612,-0.3090659340659341,-0.253908039329092,2023-26,> 1%
STEELXIND,2025-03-01,40000000.0,pledge released,2025-03-03,Micro,1055.5131578947367,False,-0.017417550055031317,-0.010701545778834753,-0.04940167312046617,-0.00356718192627814,-0.1999555103447168,0.09512485136741988,-0.05625680662216759,-0.04756242568370994,0.03194603696979004,2023-26,0.2-1%
STEELXIND,2025-12-16,1519027860.0,pledge released,2025-12-16,Micro,1027.4342105263158,False,-0.12339367219568087,0.060377358490566024,0.11475330421433844,-0.06163522012578615,0.09630066728625453,0.5849056603773584,0.6049049188117543,,,2023-26,> 1%
STOVEKRAFT,2023-09-13,423600000.0,pledge released,2023-09-13,Micro,1746.8847169811322,True,0.0862102242185202,0.06271453752667222,0.0404444929559713,-0.10817329993505898,-0.2292176037325272,-0.15400315428147338,-0.24361004020130894,0.7317005288060114,0.3263724794885301,2023-26,> 1%
SULA,2023-08-01,599725000.0,pledge released,2023-08-01,Micro,4371.504511278195,False,0.1995999960458622,0.034820113612455295,-0.02891557837505765,-0.0017883442036609187,-0.09133123577097035,0.34094256259204725,-0.02364077074128601,0.010309278350515427,-0.47297499130656706,2023-26,> 1%
SUNDARAM,2016-01-28,0.0,pledge released,2016-01-28,Micro,145.72222222222223,False,0.4976931242854812,-0.3281250000000001,-0.15226975544246546,-0.234375,-0.2150814894734438,0.25,0.19082840236686383,0.15625,-0.11290279556124616,2016-22,< 0.05% of mcap
SUNPHARMA,2016-02-17,4906502638.0,pledge released,2016-02-17,Large,205841.80132085853,True,0.23093604106519267,-0.0390602561893274,-0.10271953773751152,-0.0976506404733184,-0.19432821083573038,-0.11574472973749206,-0.36868784251507225,-0.22517088862082835,-0.48957260378100853,2016-22,0.2-1%
SUNPHARMA,2016-10-24,3414192.0,pledge released,2016-10-24,Large,179708.69578976333,True,-0.07832781662031052,-0.08683435911158677,0.00036127644060429676,-0.15219427348140224,-0.10202337182999821,-0.14771206850414764,-0.2299807945965716,-0.25996788868075993,-0.43306442918124455,2016-22,< 0.05% of mcap
SUNPHARMA,2017-03-10,10799947000.0,pledge released,2017-03-10,Large,164266.95280682444,True,-0.04377784068979362,-0.021815871222818473,-0.05672272883657381,-0.23813894380118616,-0.29986179160636695,-0.2591781982490823,-0.386235651221403,-0.2973030217452698,-0.34548388530193663,2016-22,0.2-1%
SUNPHARMA,2018-07-03,17586300000.0,pledge released,2018-07-03,Large,137965.47936158502,True,0.14433768650328566,0.00189884343172797,-0.0366314015872341,0.04306922147419301,0.14891028286636798,-0.22535819092007592,-0.20859854440091774,-0.26989470050060416,-0.23596402968254065,2016-22,> 1%
SUNPHARMA,2021-09-08,2661221405.0,pledge released,2021-09-08,Large,186996.6212162906,True,0.10423027187441292,0.07245910086306839,0.06308181282040104,-0.017647816565760532,-0.008995857803076046,0.14936235991240498,0.20888981831965253,0.13841298467087482,0.1498274311965666,2016-22,0.05-0.2%
SUNPHARMA,2022-09-22,16968109433.0,pledge released,2022-09-22,Large,218397.23720418272,True,-0.04970371751176195,0.07648463793290627,0.09256042023602923,0.08571273477364016,0.09624623625364753,0.06769080447291276,0.14581308878039695,0.25789816523721654,0.12908727002363418,2016-22,0.2-1%
SUNPHARMA,2023-03-09,6009533164.0,pledge released,2023-03-09,Large,229148.73115024768,True,0.010900999802620714,0.0501805243053739,0.037213623408405394,0.03259902673852766,-0.08252079770153586,0.20218722201873263,0.005418040014378622,0.6202187222018734,0.201620249933524,2023-26,0.2-1%
SURYAROSNI,2018-03-28,1860575000.0,pledge released,2018-03-28,Micro,2081.0966515837104,True,0.18242993296008814,0.03354568982679673,-0.010040860609068725,-0.22118256022297433,-0.07788675674293333,-0.41160660959585904,-0.16357234177730834,-0.40463866215409117,-0.12317596472745074,2016-22,> 1%
SURYAROSNI,2018-07-11,164275000.0,pledge released,2018-07-11,Micro,1882.5437104072398,False,-0.0032005836015236433,0.036724506774423515,0.02086017067635948,-0.3156643689089613,-0.20163420180783304,-0.28024720703589256,-0.15696281678397395,-0.3957689565010696,-0.05916588849139842,2016-22,0.2-1%
SURYAROSNI,2019-05-31,385725000.0,pledge released,2019-05-31,Micro,1382.8885067873305,False,0.06830591426381272,-0.12934150557912938,-0.04874114715619027,-0.3972968725443973,-0.14454205160775824,-0.38095238095238093,-0.1311900988604633,-0.6137042275656137,-0.26751505331932707,2016-22,> 1%
SURYAROSNI,2020-08-04,476910000.0,pledge released,2020-08-04,Micro,666.1342081447964,False,0.17376552552418656,0.3520774757888161,0.23810082033644486,0.7288347391440178,0.6882485914607569,1.6379256482349267,1.2367577862461694,3.500781005935645,2.3149718274924833,2016-22,> 1%
SURYODAY,2023-08-28,0.0,pledge released,2023-08-28,Micro,1924.6758620689654,True,0.08417919236807814,-0.11826762909494715,-0.12755771145427053,-0.13020544142143253,-0.23219840742377718,0.05274847307051633,-0.18638196171209231,0.04047751249305942,-0.4256395961668795,2023-26,< 0.05% of mcap
SUZLON,2016-12-06,2993957666.0,pledge released,2016-12-06,Mid,17395.271898734176,False,-0.02511207366471868,0.044988161010260486,0.033207629425684226,0.2036306235201264,0.10574618921744516,0.3243883188634571,0.07463246408128066,-0.04419889502762431,-0.4009615950152232,2016-22,> 1%
SUZLON,2018-11-12,1444130000.0,pledge released,2018-11-12,Small,7211.676202531646,False,-0.10009917867393064,-0.12404580152671763,-0.1122941197692992,-0.42366412213740456,-0.3214573673881369,-0.024809160305343525,0.023398857399081874,-0.5992366412213741,-0.4670558496103987,2016-22,> 1%
SWANCORP,2021-03-10,9390626045.0,pledge released,2021-03-10,Small,4543.579999999999,False,-0.10177978995135595,-0.06871294035577258,-0.024729991773538573,-0.023369375653993663,-0.16974630122286605,-0.07289850017439825,-0.27652815950496734,0.26089989536100466,0.12356878116898495,2016-22,> 1%
SWANCORP,2021-12-24,700450257.0,pledge released,2021-12-24,Small,4625.22,False,0.168051804852555,0.15340525960890083,0.1399264839360661,0.30310182063385027,0.35580558692646963,0.29062710721510454,0.42890666835588687,0.9325691166554282,1.0023462096602422,2016-22,> 1%
SWANCORP,2022-06-22,8515500.0,pledge released,2022-06-22,Small,6356.929999999999,True,0.25648655903392714,0.14851744948832324,0.05017179544372563,0.2096562581999475,0.027284286834308724,0.44187877197585923,0.35791930326937715,0.34977696142744663,0.1297394334224592,2016-22,< 0.05% of mcap
SWANCORP,2022-11-21,18235625.0,pledge released,2022-11-21,Small,8036.829999999999,False,0.10376536430760819,0.2579263067694946,0.2567328737213731,0.1574550128534704,0.20337977711155147,-0.01778063410454156,-0.022902077513042518,0.8485432733504712,0.5565548709305093,2016-22,< 0.05% of mcap
SWSOLAR,2022-01-11,3020000000.0,pledge released,2022-01-11,Small,8795.6,True,-0.08829416583199812,-0.007352941176470562,0.043229940006164536,0.009224598930481331,0.07569438676167961,-0.245187165775401,-0.0869242396094988,-0.28983957219251333,-0.17895394157010525,2016-22,> 1%
SWSOLAR,2023-01-06,172435823.0,pledge released,2023-01-06,Small,6243.660233918129,False,-0.08335713865698763,0.10901001112347064,0.14708494261840654,0.10715609936967008,0.1631992337891453,0.06915090841675942,-0.034879858444167744,0.6972562106043754,0.24751603617519968,2023-26,0.2-1%
SWSOLAR,2024-03-23,6179911281.0,pledge released,2024-03-26,Small,12195.069005847954,True,0.17783319246586082,0.26601698186028533,0.18392895257863384,0.3691624855268234,0.1691202361544728,0.18950212273253553,-0.06243770026683326,-0.4894828251640293,-0.4703341146817213,2023-26,> 1%
TATACONSUM,2018-06-04,744714297.0,pledge released,2018-06-04,Mid,24957.22610526316,True,-0.003806066632291716,0.051399178534413226,0.058614874933019145,-0.151855974818625,-0.18075786308717878,-0.24851253310813393,-0.15681593035409852,-0.06329891366934082,-0.002697670344191605,2016-22,0.2-1%
TATACONSUM,2021-03-31,2977075840.0,pledge released,2021-03-31,Large,62468.29726315789,True,0.00028421450837767814,-0.0016973698553340855,0.01511745145852711,0.17864428422380363,0.09273176774411285,0.23271096438637762,0.05871563367549637,0.23802108475948747,0.07284394923126314,2016-22,0.2-1%
TATAPOWER,2017-02-24,565700000.0,pledge released,2017-02-27,Large,26499.24540389972,True,0.10392458739384403,0.08837772397094446,0.06307650042840762,-0.02300242130750596,-0.09689083465530768,-0.030266343825665842,-0.14782816848131197,-0.010290556900726333,-0.09491439112130551,2016-22,0.2-1%
TATASTEEL,2017-11-21,2398600000.0,pledge released,2017-11-21,Large,88938.90016304348,True,0.06393155820859953,0.005064715813168252,-0.006869264576159662,-0.10298255486775465,-0.07007686575888983,-0.18866066404051773,-0.14271839686733923,-0.25506471581316825,-0.12476123813322831,2016-22,0.2-1%
TATASTEEL,2021-03-31,5467014000.0,pledge released,2021-03-31,Large,101546.18625,True,0.22079425528296936,0.23994902097091875,0.25676384228477994,0.3404008805468659,0.2544883640671751,0.5257791681149344,0.35178383740405317,0.5635499942069284,0.3983728586787041,2016-22,0.2-1%
TCS,2016-06-03,0.0,pledge released,2016-06-03,Large,474765.0707654802,True,0.023282565787073994,-0.04868899521531089,-0.10125793372201086,-0.04916363636363641,-0.18333935504451282,-0.15951770334928217,-0.18196119114351428,-0.047961722488038316,-0.24912008568015076,2016-22,< 0.05% of mcap
TCS,2016-12-02,0.0,pledge released,2016-12-02,Large,401155.143876158,True,-0.04556233854227232,0.08336688014638605,0.09384600196905918,0.13106129917657827,0.0512847467496792,0.1963586459286366,0.023191507069631467,0.1972735590118937,-0.02851811562157358,2016-22,< 0.05% of mcap
TCS,2017-11-21,6504240000.0,pledge released,2017-11-21,Large,482597.29698196,True,0.017049417659607435,-0.031686462934224724,-0.04362044332355264,0.13786259997612516,0.17076828908498998,0.3064268234451475,0.352369090618326,0.4684925987823805,0.5987960764623204,2016-22,0.05-0.2%
TCS,2018-06-03,1554755003.75,pledge released,2018-06-04,Large,629846.0386396879,True,0.16900249145950802,0.08396259293680308,0.08978726696872857,0.21915659851301128,0.19576886001254512,0.14765334572490718,0.2216536292480873,0.3095376394052045,0.36184616165548555,2016-22,< 0.05% of mcap
TCS,2021-03-31,205479650896.0,pledge released,2021-03-31,Large,1147516.8318137494,True,0.03459614796485555,-0.021895734597156435,-0.005080913283295241,0.049289099526066416,-0.036623416953624366,0.2111532385466035,0.03715790783572226,0.16402843601895745,-0.0011486995092668817,2016-22,> 1%
TEMBO,2025-10-13,143500000.0,pledge released,2025-10-13,Micro,1068.7019064124784,False,0.20307353081810958,0.3830088495575221,0.3981888639966254,0.013628318584070875,0.1240396754822497,0.10637168141592923,0.2271949567303746,,,2023-26,> 1%
TFCILTD,2019-12-24,359622150.0,pledge released,2019-12-24,Micro,704.5483802816901,False,0.01763418132407346,-0.046666666666666634,-0.1570797130508399,-0.5800000000000001,-0.17369114877589464,-0.4806666666666667,-0.4148117760248672,-0.3640000000000001,-0.6346078268109909,2016-22,> 1%
THYROCARE,2022-06-28,23467276534.0,pledge released,2022-06-28,Micro,3353.725149812734,False,-0.0956097816056597,-0.007045291157440681,-0.058918196688469426,0.09825065899832253,-0.0031627685635149394,0.0022525760843516984,-0.13797730897311955,-0.1491972202252576,-0.4004451403583691,2016-22,> 1%
TI,2021-06-18,57117500.0,pledge released,2021-06-18,Micro,998.0395563770794,False,0.06816299107474144,0.034146341463414664,-0.044024749982013,-0.045121951219512235,-0.08134588096704265,1.2207317073170731,1.1163233546488598,0.6646341463414633,0.636309023188754,2016-22,0.2-1%
TIINDIA,2019-02-27,11936750.0,pledge released,2019-02-27,Small,6778.233936842105,False,0.29622980901111756,0.08282122905027922,-0.015014156769736386,0.10279329608938559,0.026473443952336084,-0.04427374301675979,0.027244356823599214,0.40209497206703904,0.5870075755628993,2016-22,< 0.05% of mcap
TIINDIA,2019-08-30,12222000.0,pledge released,2019-08-30,Small,6521.5411368421055,False,0.022842426189870146,0.15687754793900055,0.11772729890187694,0.44073682621168664,0.40505771620044007,0.6069756907745736,0.606251074378332,0.9340178166993811,0.9644950726659269,2016-22,< 0.05% of mcap
TIINDIA,2021-04-19,4545800.0,pledge released,2021-04-19,Mid,21156.89077894737,True,0.29609522941072886,0.06943622878463862,-0.010140808579453098,0.01032898029758389,-0.1584352858679975,0.28584429175956694,0.01880951051900559,0.7019156390772172,0.5098148368775082,2016-22,< 0.05% of mcap
TIINDIA,2022-03-22,3532560.0,pledge released,2022-03-22,Mid,31073.338947368422,True,0.06409402747691739,0.1546698770751489,0.14375161537539682,-0.039918894943606675,0.07778785290012746,0.7350462552274744,0.6678945103293089,0.6166518818907616,0.6222551991112583,2016-22,< 0.05% of mcap
TMPV,2017-02-27,1184800000.0,pledge released,2017-02-27,Large,102004.88327464789,True,-0.06526265972374723,0.025503937576764724,0.00020271403422789103,0.04356621631385016,-0.03032219703395156,-0.1442814825518387,-0.26184330720748483,-0.24138429304241016,-0.32600812726298933,2016-22,0.05-0.2%
TMPV,2021-03-31,6757969075.0,pledge released,2021-03-31,Large,67247.1191197183,True,0.5504041677314642,-0.052809350203731675,-0.03599452888987048,0.12459789834870239,0.038685381869011604,0.12084494960325975,-0.05315038110762149,0.46054042461934386,0.29536328909111953,2016-22,> 1%
TREEHOUSE,2016-02-22,6467240.0,pledge released,2016-02-22,Micro,352.49295774647885,False,-0.5495444944572923,-0.12629161882893225,-0.16988092582705927,-0.18656716417910446,-0.33799573560767593,-0.6148105625717566,-0.8695114172726115,-0.769804822043628,-1.2268936109143316,2016-22,0.05-0.2%
TREJHARA,2021-05-13,5985000.0,pledge released,2021-05-14,Micro,88.97122302158273,False,0.22321091923685987,0.48614958448753454,0.31476944599686507,0.682825484764543,0.42265070367871016,0.5664819944598336,0.2512769269255736,0.7146814404432131,0.35586660921322155,2016-22,0.2-1%
TREJHARA,2021-09-22,60001500.0,pledge released,2021-09-22,Micro,153.22158273381294,False,0.12843841992869542,-0.11450980392156862,-0.10219929932562521,0.3341176470588234,0.33683159676028895,0.07372549019607844,0.016768337691941304,0.1639215686274511,0.08108760501703371,2016-22,> 1%
TVSHLTD,2023-06-22,45311796250.0,pledge released,2023-06-22,Small,9601.355587676551,False,-0.17074403485182854,0.08833347241926082,0.018845473420207592,0.16996995743970622,0.017201299919485158,0.5230534924476342,0.24470231875308646,1.9647417174330304,1.4280745926373846,2023-26,> 1%
UFLEX,2020-01-28,562818425.0,pledge released,2020-01-28,Micro,1547.39452887538,False,0.014349034633010183,0.023683605426534804,0.1423107942962677,-0.21361232467233848,0.11221606150087532,0.2743159346976318,0.44885172518736965,0.6077259140032194,0.4066232979383704,2016-22,> 1%
UFLEX,2022-08-24,73735000.0,pledge released,2022-08-24,Small,5320.973024316109,True,0.19201574551287082,-0.07229149169843019,-0.050668558787101525,-0.20925124362038894,-0.2299430284422056,-0.4466696815039731,-0.3853027173806213,-0.38284126881581504,-0.5861887574831418,2016-22,0.05-0.2%
UFLEX,2024-11-13,363690000.0,pledge released,2024-11-13,Micro,4220.69179331307,True,0.13495819637083928,-0.002236936292054348,-0.0878894573535276,-0.16419112383679302,-0.043846046018918505,0.10334645669291342,0.20864382293030148,-0.09216177523264124,0.06482859185926182,2023-26,0.2-1%
UFLEX,2025-05-08,451179840.0,pledge released,2025-05-08,Micro,3876.786246200608,False,0.30192071440006796,0.17434490587456275,0.028808542825362937,0.10292309147668166,-0.001387706061309557,-0.0018919685933213026,-0.07583483983458539,-0.24160438936713635,-0.20600558920867446,2023-26,> 1%
UFO,2020-03-30,15420028.0,pledge released,2020-03-30,Micro,277.73493975903614,False,-0.06351352704180513,-0.11833550065019516,-0.272397125300055,0.020806241872561637,-0.470445543477367,0.04551365409622887,-0.5520390311519017,-0.03576072821846554,-1.22417313697759,2016-22,0.2-1%
UFO,2020-08-13,172587655.0,pledge released,2020-08-13,Micro,313.52151462994834,False,-0.21219860899750054,0.03116710875331563,6.249007510572557e-05,-0.020557029177718955,-0.03248127514451815,0.10676392572944282,-0.2245492055836884,0.2228116710875332,-0.7262663248157829,2016-22,> 1%
UNITECH,2016-02-22,13300200.0,pledge released,2016-02-22,Small,1020.3030303030303,False,-0.31651558716983685,0.2692307692307694,0.21145779666310371,0.025641025641025772,-0.12603665927852026,0.3333333333333335,0.0542486136178737,0.5641025641025641,0.1278872041230209,2016-22,0.05-0.2%
UPL,2020-05-20,0.0,pledge released,2020-05-20,Large,28850.020370370366,True,-0.1458938336019438,0.2164558760835582,0.11432309242389449,0.36151769219838004,0.1651379916679112,0.17135142816541138,-0.07586836275827413,1.1718914310075315,0.6385954421290916,2016-22,< 0.05% of mcap
UPL,2020-11-04,1709700000.0,pledge released,2020-11-04,Large,32474.619444444445,True,-0.10375766779898099,0.13753581661891112,0.014884676741044323,0.28224741497446115,0.07438914178514866,0.653070885760558,0.42623606647022283,0.8392674722810516,0.3791155264621934,2016-22,0.2-1%
USHAMART,2023-05-18,18334484730.0,pledge released,2023-05-18,Small,7251.991182364729,True,0.21082268207566046,0.21797608881298047,0.1387450984233609,0.45367207514944496,0.29674583350240524,0.3511955593509821,0.09234590982763236,0.5177198975234842,0.054202254210418244,2023-26,> 1%
UTTAMSUGAR,2022-05-21,982048157.0,pledge released,2022-05-23,Micro,1095.95,True,0.5436598153628185,-0.1629192775525249,-0.06439082007650976,-0.054736454109841626,-0.09625399169037152,-0.04201990416513102,-0.10745080747125924,-0.05547364541098421,-0.15975378327039524,2016-22,> 1%
V2RETAIL,2019-03-30,3386585523.0,pledge released,2019-04-01,Micro,1063.7657894736842,False,0.09345546966006557,-0.10038474991255686,-0.022951121593972834,-0.3864987757957328,-0.2466605305144371,-0.5456453305351521,-0.2531722122555822,-0.7999300454704442,-0.3252356717024179,2016-22,> 1%
VIKASECO,2019-12-17,0.0,pledge released,2019-12-17,Micro,380.09708737864077,False,-0.2271686375500404,-0.08333333333333337,-0.2088540663288253,-0.5499999999999999,-0.23977676855678048,0.5999999999999999,0.6478358262880264,0.5,0.21841667004841614,2016-22,< 0.05% of mcap
VIKASLIFE,2019-12-17,0.0,pledge released,2019-12-17,Micro,574.5867768595042,False,0.188880745166009,-0.1950464396284829,-0.3205671726239748,-0.5077399380804953,-0.19751670663727589,0.4024767801857585,0.45031260647378507,1.0897832817337463,0.8081999517821624,2016-22,< 0.05% of mcap
VIKRAMSOLR,2026-02-06,44265374356.0,pledge released,2026-02-06,Micro,7542.175,False,-0.20386585254794654,-0.16314494032415372,-0.06060321960374637,-0.037338039288533964,-0.011843502403580675,-0.25625783680861935,-0.254142553889529,,,2023-26,> 1%
VIPCLOTHNG,2017-12-28,430925000.0,pledge released,2017-12-28,Micro,693.8146341463415,False,0.1579137806264861,-0.03675538656527255,0.013226054684541744,-0.24904942965779475,-0.08063257037412247,-0.3269961977186312,-0.02035867784581713,-0.6368821292775666,-0.2684656323133661,2016-22,> 1%
VIYASH,2017-01-16,0.0,pledge released,2017-01-16,Small,5509.270762711864,False,-0.009293598625564392,0.05510534846029169,0.03878988906308245,0.031604538087520284,-0.12776809569756375,-0.03200972447325767,-0.2410861806557194,-0.24716369529983795,-0.6379286770611721,2016-22,< 0.05% of mcap
VIYASH,2018-03-22,0.0,pledge released,2018-03-22,Small,3565.471186440678,False,-0.061184615051565194,-0.1314321140731557,-0.2008839691715798,-0.30316181029138256,-0.2513168862890881,-0.31990080595164294,-0.18483734319994816,-0.10105393676379426,0.058670447076249355,2016-22,< 0.05% of mcap
VLSFINANCE,2016-02-17,132200000.0,pledge released,2016-02-17,Micro,103.8102564102564,False,-0.057499185106260564,-0.0728682170542636,-0.12477230732224665,0.289922480620155,0.1482915793326014,1.4015503875968993,1.1348585172013335,0.7224806201550387,0.27398764359523164,2016-22,> 1%
VMART,2020-10-16,53401250.0,pledge released,2020-10-16,Small,3834.69,False,-0.04323105118286119,0.02919677800095255,-0.018733098831763106,0.2486074586378979,0.05469508324016681,0.32574079059076877,-0.010067016866135647,0.9879899778435797,0.220845158277293,2016-22,0.05-0.2%
VPRPL,2026-01-07,63443734.0,pledge released,2026-01-07,Micro,668.8125,True,-0.33531208783315813,0.0007892659826360671,0.029059670464172238,-0.15627466456195738,-0.09880958489699104,-0.4903314917127072,-0.46695074184438473,,,2023-26,0.2-1%
WABAG,2020-09-22,325841100.0,pledge released,2020-09-22,Micro,1168.333794274624,True,0.6202789699570816,0.028548343657419872,0.013658528291130345,0.12388903851333155,-0.11280820919309065,0.26797737678427147,-0.06463445582756111,0.8346350659843793,-0.17065593930662626,2016-22,> 1%
WALCHANNAG,2024-07-30,6164794988.0,pledge released,2024-07-30,Micro,2714.85475,True,0.519986475732264,-0.18928597006373982,-0.18610125668794375,-0.3181980949652653,-0.2603373809527472,-0.4688343001742701,-0.3247116790761139,-0.5415980328964645,-0.3853480328964646,2023-26,> 1%
WEBELSOLAR,2019-02-09,12500000.0,pledge released,2019-02-11,Micro,111.46373937677055,False,-0.14237367876963053,0.25190839694656475,0.13692206978468735,-0.057251908396946494,-0.08064082997938804,-0.24427480916030542,-0.058790938192563535,-0.026717557251908497,0.16265744274809146,2016-22,> 1%
WEBELSOLAR,2019-06-26,14000000.0,pledge released,2019-06-26,Micro,120.13796033994336,False,0.04695234708392615,-0.27472527472527475,-0.1645682390634815,-0.2564102564102565,-0.12052175466809623,-0.1794871794871794,-0.05212868892114164,-0.21245421245421248,0.008539857452269262,2016-22,> 1%
WEBELSOLAR,2020-01-06,97800000.0,pledge released,2020-01-06,Micro,105.82549575070823,False,0.10589751352465937,0.026022304832713727,0.027323801553943206,-0.49070631970260215,-0.14399625702804447,-0.241635687732342,-0.1442674448516812,0.7546468401486988,0.411008314583895,2016-22,> 1%
WOCKPHARMA,2020-01-31,784269400.0,pledge released,2020-01-31,Small,5729.007585066162,True,0.1900841314366607,-0.06743566992014205,0.005287865424031313,-0.25051759834368537,0.07629574788455445,-0.057527358769594916,0.10402413371359504,0.5298728186926944,0.3664990403676659,2016-22,> 1%
WOCKPHARMA,2020-11-05,1875567000.0,pledge released,2020-11-05,Small,4716.717982041589,True,-0.12498344205982359,0.6558883594281824,0.5251225794369063,0.7275357385976855,0.4864434441256321,1.1572498298162013,0.7494385148305751,0.584581347855684,-0.21209994498623785,2016-22,> 1%
XPROINDIA,2024-03-29,1452243584.0,pledge released,2024-04-01,Micro,2614.841996557659,False,0.13813844249764562,-0.061929952572054026,-0.08599700505658792,-0.10466070777088665,-0.2336494718158305,-0.0037851149215615276,-0.17378511492156146,0.01710142283838012,0.13108371396746898,2023-26,> 1%
YESBANK,2019-07-29,43312500.0,pledge released,2019-07-29,Large,294564.21428571426,True,-0.5427961160935579,-0.30331202789076117,-0.29319612483920215,-0.2062754212667054,-0.2672804235206152,-0.5816385822196397,-0.6182165192784997,-0.8361417780360256,-0.8046469543713313,2016-22,< 0.05% of mcap
ZEEL,2016-01-20,2311641380.0,pledge released,2016-01-20,Large,36965.01744966443,True,0.03250712129876249,0.01879942953455216,0.02797618861632578,0.05017502917152861,-0.03831721991246084,0.26500713081809946,0.06761762616924116,0.28704784130688465,0.08819493820268942,2016-22,0.2-1%
ZEEL,2020-01-02,9603948507.0,pledge released,2020-01-02,Mid,27856.02147651007,True,0.00351030638233063,-0.07581293386919985,-0.08516479787881548,-0.5456704420898795,-0.2136834541680765,-0.3710266715381805,-0.2548348461651136,-0.1870661308001461,-0.30331515878419024,2016-22,> 1%
ZEEL,2022-03-11,798138380.0,pledge released,2022-03-11,Mid,23320.761073825503,True,-0.23108398032395322,0.07754629629629628,0.021173922055152894,-0.14737654320987648,-0.07512360944981455,0.0746527777777779,-0.04467136796063631,-0.20254629629629628,-0.20646357991729836,2016-22,0.2-1%
ZEELEARN,2016-03-01,375270500.0,pledge released,2016-03-01,Small,1034.9047619047617,False,0.13000504993827844,-0.022222222222222254,-0.0772094344984372,-0.10634920634920642,-0.23916143024752523,0.15714285714285725,-0.10422040840386904,0.4555555555555555,0.05394070939273654,2016-22,> 1%
ZEELEARN,2017-11-08,1095811050.0,pledge released,2017-11-08,Micro,1435.4603174603174,False,-0.07996140847606514,-0.0011481056257175437,-0.03693682440345303,-0.0022962112514349764,-0.04341390493872088,-0.2204362801377726,-0.13964902615464225,-0.15614236509758894,0.11486409842965017,2016-22,> 1%
ZEELEARN,2020-04-01,37286900.0,pledge released,2020-04-01,Micro,405.46031746031747,False,0.0375159703076533,0.0769230769230771,-0.051648351648351465,0.27125506072874495,-0.21208242760891338,-0.052631578947368474,-0.6480686695278971,-0.165991902834008,-1.4047186932849365,2016-22,0.2-1%
ZEEMEDIA,2016-02-29,124012000.0,pledge released,2016-02-29,Small,1135.8113730929265,False,-0.1316158179792764,0.047353760445682624,-0.05029780586523103,0.1838440111420614,0.027084745524150966,0.43454038997214495,0.14818993037507988,1.01949860724234,0.5933616766582256,2016-22,> 1%
ZEEMEDIA,2017-07-12,236292000.0,pledge released,2017-07-12,Small,2504.022191400832,False,-0.0919717363642617,-0.06493506493506496,0.0024575291243290054,0.02467532467532485,0.026450311583831154,0.2194805194805196,0.030963719180747584,-0.36883116883116884,-0.25488105984594245,2016-22,0.2-1%
ZEEMEDIA,2017-11-08,1234954350.0,pledge released,2017-11-08,Small,2769.153952843273,False,0.07903015245370537,-0.020689655172413723,-0.037835726532404856,0.024137931034482696,0.0037887577196484834,-0.21379310344827585,-0.16806773279565013,-0.4137931034482759,-0.18257244617128054,2016-22,> 1%
ZEEMEDIA,2018-06-21,579826500.0,pledge released,2018-06-21,Micro,1957.392510402219,False,-0.1469450969466511,-0.08614864864864868,0.002245694113414576,-0.13344594594594605,-0.014040650778605612,-0.1942567567567568,-0.0428868296072914,-0.5827702702702703,-0.2917761182234866,2016-22,> 1%
ZEEMEDIA,2019-03-06,3003750.0,pledge released,2019-03-06,Micro,1224.1886269070735,False,-0.19972298103189556,-0.16326530612244916,-0.14833609119323432,-0.34693877551020413,-0.2531170619664185,-0.42602040816326536,-0.20541183278290576,-0.8112244897959184,-0.3233958811436419,2016-22,< 0.05% of mcap
ZUARI,2016-07-01,188.85,pledge released,2016-07-01,Micro,830.6640909090909,False,0.21089536138079823,-0.1331261331261332,-0.11141846308271786,-0.0010360010360010996,-0.05424307625486835,0.2426832426832426,0.18103651502666263,1.0334110334110331,0.7025162669507068,2016-22,< 0.05% of mcap
ZUARI,2016-10-13,88887500.0,pledge released,2016-10-13,Micro,791.3090909090909,False,-0.05161165522797273,0.09487315010570829,0.18593448567196325,0.33086680761099374,0.340318693238428,1.0761099365750528,0.938428777154763,1.54492600422833,1.2734843440153716,2016-22,> 1%
ZUARI,2019-06-04,267696000.0,pledge released,2019-06-04,Micro,718.9127272727274,False,-0.08025268557418286,-0.15819041986989946,-0.08372549715884137,-0.41661738616203425,-0.19525816286106346,-0.4955647545830869,-0.240036382265231,-0.368421052631579,-0.033301741981998756,2016-22,> 1%
ZUARI,2020-04-24,256050000.0,pledge released,2020-04-24,Micro,353.7740909090909,False,0.06187215405471169,-0.028268551236749206,0.011307305206970153,0.007656065959952718,-0.1924397194806602,-0.03121319199057726,-0.37581275512569334,0.051825677267373305,-0.8382842128425168,2016-22,> 1%
ZUARI,2021-07-20,698330000.0,pledge released,2021-07-20,Micro,595.5863636363637,False,0.18091289461680016,-0.1846539978486912,-0.062326863808822186,-0.15023305844388668,-0.11576950094738575,-0.1462889924704195,-0.2827794238684086,0.09860164933667992,0.08732345384795814,2016-22,> 1%
ZUARI,2021-12-17,1319150000.0,pledge released,2021-12-17,Micro,470.78681818181815,False,-0.0020912351465012247,0.16129032258064524,0.007506588844813034,0.3221131369798971,0.28216307455792444,0.26928471248246844,0.3755673682744909,0.4188873305282843,0.32864753246349676,2016-22,> 1%
ZUARI,2022-12-09,1298010000.0,pledge released,2022-12-09,Micro,687.555,False,-0.11532790145810201,-0.02921976997202358,-0.003825629226881566,-0.15666770282872233,-0.03439455720679452,-0.046316443891824655,-0.06570178668142268,0.1349082996580666,-0.2183027095162453,2016-22,> 1%
ZUARI,2023-09-01,40812500.0,pledge released,2023-09-01,Micro,677.4531818181817,False,-0.029042530179488102,-0.04586303067864894,-0.043009809066398064,0.1323210412147504,0.048684099118577295,0.26650139448404087,0.06368094045973471,0.2013015184381779,-0.2356008173511308,2023-26,0.2-1%
ZUARI,2024-04-03,483276992.0,pledge released,2024-04-03,Micro,835.5045454545455,True,-0.009424812253020609,-0.11627329192546587,-0.1021854815311885,0.15756521739130447,0.059122029412061794,-0.006608695652173924,-0.13040431609013015,-0.0036770186335404187,0.12176676834870803,2023-26,> 1%
ZUARI,2024-11-14,1767201913.0,pledge released,2024-11-14,Micro,910.2159090909091,False,0.15215350467554056,0.0850984764028242,0.004077987681174844,-0.09104422147900404,0.053371315514925466,-0.01388888888888895,0.08030550434346612,0.28414158305462656,0.4496306221148386,2023-26,> 1%
ZUARI,2025-08-25,232869750.0,pledge released,2025-08-25,Micro,1614.6072727272729,False,0.764906717685021,-0.2103200522534291,-0.21503780074862988,-0.2850424559111693,-0.22811487316631052,-0.4158066623122143,-0.2571998795441117,-0.41774003919007185,-0.3036222773973382,2023-26,> 1%
ZUARIIND,2016-04-04,27225000.0,pledge released,2016-04-04,Micro,278.00567375886527,False,0.042584455758213235,0.06548279689234193,0.010015943484312007,0.21698113207547176,0.04824610050569178,0.08046614872364044,-0.18118599564888616,0.486126526082131,-0.002275956766611076,2016-22,0.2-1%
ZUARIIND,2016-10-13,19727500.0,pledge released,2016-10-13,Micro,288.6808510638298,False,-0.18596646122483063,-0.05312499999999998,0.037936335566254975,0.09947916666666656,0.10893105229410083,0.40468749999999987,0.26700634057971007,0.4041666666666668,0.13272500645370844,2016-22,0.2-1%
A2ZINFRA,2016-03-03,51353000.0,pledge INVOKED (lender took shares),2016-03-03,Micro,343.31208053691273,False,-0.057923404570185855,0.27654320987654324,0.23477210968960138,0.5481481481481483,0.4414814814814816,0.9209876543209876,0.6941069425858305,1.0592592592592593,0.6763084395871282,2016-22,> 1%
A2ZINFRA,2016-11-02,20493000.0,pledge INVOKED (lender took shares),2016-11-02,Micro,841.0704697986577,False,0.03695923754256558,-0.10647639956092192,-0.00023436220080375048,-0.06586169045005486,-0.024070645673935465,0.06476399560922075,-0.028403706254133354,-0.16465422612513725,-0.42804708326799445,2016-22,0.2-1%
A2ZINFRA,2017-07-11,270320600.0,pledge INVOKED (lender took shares),2017-07-11,Micro,766.0536912751677,False,-0.051917102125840664,-0.18475750577367211,-0.08737333174471706,-0.15588914549653576,-0.17049633326922997,0.035796766743648956,-0.2805907930649636,-0.5219399538106235,-0.373170378866552,2016-22,> 1%
A2ZINFRA,2018-10-08,5017109.82,pledge INVOKED (lender took shares),2018-10-08,Micro,162.3892617449664,False,-0.3958787681807102,0.43005181347150256,0.3264366697197236,0.34196891191709833,0.2707218530935689,0.937823834196891,0.9157797460205381,0.02590673575129543,0.2794991197423505,2016-22,0.2-1%
ABCAPITAL,2018-03-26,0.0,pledge INVOKED (lender took shares),2018-03-26,Large,40069.07926509187,False,-0.11317615956124322,0.04969778374748146,-0.003742819013472176,-0.14842175957018133,-0.12885775753400297,-0.23002014775016788,-0.19273181973027276,-0.3263935527199463,-0.299583736669854,2016-22,< 0.05% of mcap
ADANIENT,2019-10-25,272800000.0,pledge INVOKED (lender took shares),2019-10-25,Mid,23813.372012779557,True,0.31029443806307755,0.16439820022497176,0.1502814824170079,0.2570866141732282,0.14194989988099282,-0.22896512935883018,-0.033195510371391235,0.7385826771653543,0.7661419344667215,2016-22,0.05-0.2%
ADANIENT,2020-08-29,143400000.0,pledge INVOKED (lender took shares),2020-08-31,Large,36717.87041533546,True,0.7774986294611124,0.05691325407309544,0.07942599725965582,0.5009173638632027,0.37727745982049044,2.1040657566417145,1.8364892350170068,4.627953911639513,4.14081974671487,2016-22,< 0.05% of mcap
AGARIND,2024-04-13,0.0,pledge INVOKED (lender took shares),2024-04-15,Micro,1202.2653061224491,False,-0.10727300462301448,0.11102959158718528,0.09723878131428765,0.47670579603815133,0.3650350343673898,0.367204695524578,0.2005834693511035,0.25966006358522886,0.2889577635429911,2023-26,< 0.05% of mcap
ALOKINDS,2020-04-09,0.0,pledge INVOKED (lender took shares),2020-04-09,Small,2425.8110014104373,False,,1.1568627450980395,1.1485288085733198,6.274509803921569,6.051345977150782,3.401960784313726,3.051264924433821,3.2352941176470598,2.3777221242025197,2016-22,< 0.05% of mcap
AMBICAAGAR,2024-03-21,23642000.0,pledge INVOKED (lender took shares),2024-03-21,Micro,50.0418410041841,False,-0.09971212735949297,0.04401408450704225,-0.04674198319574674,-0.08485915492957752,-0.21952766321687023,-0.008450704225352101,-0.2594810526704625,-0.05316901408450703,0.019108946917633762,2023-26,> 1%
APTECHT,2017-05-23,30337500.0,pledge INVOKED (lender took shares),2017-05-23,Micro,768.5218573046433,True,-0.2564841079316177,0.054966793839197337,0.017332385237046832,0.39536526776882863,0.3926991902731053,0.9976685036032218,0.8009843386050256,0.21138900664123228,0.09902537027759606,2016-22,0.2-1%
ASIANHOTNR,2019-08-05,25893250.0,pledge INVOKED (lender took shares),2019-08-05,Micro,374.79633802816903,False,-0.017637535223840595,0.17527472527472532,0.16814275268733114,0.11208791208791213,0.0889326172438244,-0.05824175824175826,-0.09969253544383072,-0.3329670329670329,-0.3310837937956581,2016-22,0.2-1%
ASIANHOTNR,2020-03-03,131622480.0,pledge INVOKED (lender took shares),2020-03-03,Micro,311.9383098591549,False,-0.23914922400511063,-0.12332439678284168,0.13498895002499872,-0.24195710455764075,-0.19225531529322726,-0.19168900804289546,-0.33499644263802053,-0.02815013404825728,-0.6424117848062585,2016-22,> 1%
ASIANHOTNR,2021-06-22,1392750.0,pledge INVOKED (lender took shares),2021-06-22,Micro,397.2456338028169,False,0.001453647721282203,-0.01156387665198233,-0.09733834441697131,-0.005506607929515406,-0.05115448839037873,-0.22411894273127753,-0.32445792578212496,-0.08535242290748901,-0.1442842829443215,2016-22,< 0.05% of mcap
ASIANHOTNR,2021-11-16,116588552.0,pledge INVOKED (lender took shares),2021-11-16,Micro,353.62985915492953,False,-0.01283321790479941,-0.11009174311926606,-0.08659627733196196,-0.04036697247706422,-0.06479357430295651,-0.04036697247706422,-0.010063942174034057,0.08134556574923546,0.016597364310386498,2016-22,> 1%
ASTRAMICRO,2017-04-20,33275339.0,pledge INVOKED (lender took shares),2017-04-20,Micro,1187.2353390348198,False,-0.1409281332056066,0.042630937880633324,0.09461305632745043,0.11002842062525353,0.10025064284747587,0.00406008932196511,-0.07395963101295633,-0.17864393016646363,-0.3123142612749572,2016-22,0.2-1%
ASTRAMICRO,2017-11-14,136586724.0,pledge INVOKED (lender took shares),2017-11-14,Micro,1026.5675626145387,False,-0.2963489842454392,0.00510915002322343,-0.046838901924828535,-0.01021830004644686,-0.08451173424118674,-0.1588481189038552,-0.06425970786525154,-0.27264282396655837,-0.008375836832257622,2016-22,> 1%
ASTRAMICRO,2018-06-11,10500951.0,pledge INVOKED (lender took shares),2018-06-11,Micro,948.8403787416005,False,0.24334909097806734,0.013313609467455523,0.08473321855662269,-0.0986193293885601,-0.016705453790473945,-0.22633136094674555,-0.026125660094556358,-0.14151873767258394,0.18334864560975506,2016-22,0.05-0.2%
ASTRAMICRO,2018-11-14,9430413.0,pledge INVOKED (lender took shares),2018-11-14,Micro,757.3660965180209,False,-0.05625831689994065,-0.00254291163382081,0.030990214878432842,-0.06547997457088373,0.08977609011914334,0.059122695486331756,0.19587018712512777,0.1354100445009534,0.440446015723975,2016-22,0.05-0.2%
AUBANK,2019-12-04,4095900.0,pledge INVOKED (lender took shares),2019-12-04,Large,30781.374386138617,True,0.1333834843123336,-0.020299542022527484,-0.014974955101398457,0.4271568263398935,0.5068338304951172,-0.39749969055576184,-0.20876790431805958,0.11234063621735357,0.009581704624140652,2016-22,< 0.05% of mcap
AUBANK,2020-04-04,1139864.0,pledge INVOKED (lender took shares),2020-04-07,Mid,18124.965544554456,True,-0.0847005653390121,-0.20849469081823857,-0.24542463767583778,0.295648552987716,0.07790169923607582,0.5175931709348323,0.18457326677159602,1.2413075161357483,0.5148110890315568,2016-22,< 0.05% of mcap
AUROPHARMA,2019-05-20,1348000.0,pledge INVOKED (lender took shares),2019-05-20,Large,38100.617224880385,True,-0.1342011948800762,-0.05896916497861815,-0.06450487580781428,-0.11546252532072931,-0.019533522730160346,-0.331607772526071,-0.3235846577266875,0.08882886938254919,0.3048255159412672,2016-22,< 0.05% of mcap
AXISBANK,2016-02-23,20356499.0,pledge INVOKED (lender took shares),2016-02-23,Large,120226.8029771615,True,-0.04534326022519075,0.11069442648390027,0.02338582892559604,0.33247122720806943,0.18975492891472667,0.5289021078494762,0.2499323100990598,0.32652269494374764,0.04469806539232257,2016-22,< 0.05% of mcap
AXISBANK,2017-11-08,2430000.0,pledge INVOKED (lender took shares),2017-11-08,Large,170078.08283034258,True,-0.0008278097925805694,0.0038860103626943143,0.011360027124209249,0.05190599555884545,0.07991362457563017,0.01720947446336063,0.05973013254825593,0.1469282013323463,0.2727720305897151,2016-22,< 0.05% of mcap
AXISBANK,2018-11-19,4338955.0,pledge INVOKED (lender took shares),2018-11-19,Large,192381.61411092983,True,0.0828730083828913,0.03313474251203807,-0.006780898944586333,0.13123316738757862,0.17982599198297206,0.3284909818003754,0.25567082469874114,0.21488615033053127,0.21565485100595655,2016-22,< 0.05% of mcap
AXISBANK,2019-08-14,13200000.0,pledge INVOKED (lender took shares),2019-08-14,Large,207021.7207177814,True,-0.04961087398133146,-0.04033153259823874,-0.03219616220871757,0.09139347295197209,0.03185628581284361,0.08584326204395776,0.005472571923658132,-0.3401909272552357,-0.3554159047891525,2016-22,< 0.05% of mcap
AXISBANK,2020-03-16,80093089.0,pledge INVOKED (lender took shares),2020-03-16,Large,158762.43539967373,True,-0.05567570108822756,-0.13863008088461148,-0.13128710201409832,-0.11917681990375761,-0.23627479897153103,-0.09306849595576949,-0.29006608555499913,0.4871506091942255,0.0032268800353318916,2016-22,< 0.05% of mcap
BAJAJCON,2019-04-11,1318681980.0,pledge INVOKED (lender took shares),2019-04-11,Small,4228.916633064516,False,-0.15162631924820558,0.010519987977156697,0.08880467410270648,-0.06266907123534704,0.03232099610483208,-0.2548842801322513,-0.12934327150496472,-0.5634204989480012,-0.17960086484403182,2016-22,> 1%
BAJAJELEC,2020-07-07,708386393.0,pledge INVOKED (lender took shares),2020-07-07,Small,4585.883828382838,True,0.09760296934846979,0.10082435003170587,0.08627888347339518,0.26252377932783766,0.1388489873134905,0.5765377298668357,0.23601655341512928,1.6281547241597973,0.8038849825184683,2016-22,> 1%
BANDHANBNK,2020-04-04,3794463.0,pledge INVOKED (lender took shares),2020-04-07,Large,27026.84831460674,True,-0.3121197675187351,0.20722580645161304,0.18053736137457477,0.9300645161290322,0.7657957156202981,0.6454193548387097,0.38564849751651453,0.6905806451612904,0.15332737646563055,2016-22,< 0.05% of mcap
BANDHANBNK,2021-04-09,3355853.0,pledge INVOKED (lender took shares),2021-04-09,Large,58004.70674157303,True,-0.15197225667264602,-0.14348954358113264,-0.18615586007496254,-0.03236147153106406,-0.1528388654811914,0.0018317814074186867,-0.25003012198701724,-0.012059227598839817,-0.175381430556951,2016-22,< 0.05% of mcap
BANDHANBNK,2021-09-30,907306.0,pledge INVOKED (lender took shares),2021-09-30,Mid,45731.52808988764,True,-0.2281314117444363,0.0761245674740485,0.06854619021295116,-0.1266435986159169,-0.12374537191351825,0.09117647058823541,0.12561938733235167,-0.051730103806228334,-0.005225972069179685,2016-22,< 0.05% of mcap
BBOX,2017-05-09,5840000.0,pledge INVOKED (lender took shares),2017-05-09,Micro,383.8069565217391,False,0.13010143075312808,0.18793182865039149,0.24488547103449743,0.040073698756333265,0.08657865279574672,0.038691847075080554,-0.046853461665897767,,,2016-22,0.05-0.2%
BBOX,2018-09-10,223981094.0,pledge INVOKED (lender took shares),2018-09-10,Micro,351.6166956521739,False,,-0.34843907351460224,-0.2139602212419679,-0.28449144008056393,-0.1467493867374876,0.14551863041289037,0.31060453681539113,0.2084592145015105,0.561959052099117,2016-22,> 1%
BHARATWIRE,2021-03-26,471363048.0,pledge INVOKED (lender took shares),2021-03-26,Micro,237.18719512195122,False,0.1179770193089571,0.24824684431977562,0.1988641282703929,1.171107994389902,0.7780850305340672,0.7321178120617111,0.2560171831308934,0.9719495091164094,0.26973998949455624,2016-22,> 1%
BLUESTONE,2026-03-18,64977566.0,pledge INVOKED (lender took shares),2026-03-18,Micro,8271.671949685535,False,0.2165143678687081,0.022907900888265553,-0.11698728088852173,-0.008041140719962536,-0.1694691141869643,0.5998129967274428,0.4729555234692757,,,2023-26,0.05-0.2%
BSOFT,2022-06-24,8462980.0,pledge INVOKED (lender took shares),2022-06-24,Small,10100.93768382353,True,-0.13249552235166762,-0.1437952291610829,-0.19536780057924952,-0.2208523184132941,-0.31700541721453024,-0.2034307156258377,-0.2962817346154387,-0.05052264808362372,-0.2341643604874295,2016-22,< 0.05% of mcap
BSOFT,2023-03-31,3181125.0,pledge INVOKED (lender took shares),2023-03-31,Small,7293.957904411764,True,-0.02717243831023769,0.07892763404574432,0.0016283593964806498,0.3265841769778779,0.11913487422027247,0.9223847019122613,0.5750049538237169,1.7322834645669296,1.1995785583198986,2023-26,< 0.05% of mcap
BSOFT,2023-12-26,22008406.0,pledge INVOKED (lender took shares),2023-12-26,Small,20520.279044117648,True,0.3990087743507431,0.1132653061224489,0.08005700375841274,0.03462585034013621,0.03788646506330595,-0.023673469387755053,-0.23056600785924086,-0.23394557823129258,-0.4279804416697338,2023-26,< 0.05% of mcap
CAMS,2022-06-22,8100083.0,pledge INVOKED (lender took shares),2022-06-22,Small,11346.487540983606,True,0.13497612839898188,0.04659838274932615,-0.05174727129527146,0.1074501347708896,-0.07492183659474916,-0.06456064690026952,-0.1485201156067516,-0.06895956873315368,-0.2889970967381411,2016-22,< 0.05% of mcap
CAMS,2023-07-04,5582351.0,pledge INVOKED (lender took shares),2023-07-04,Small,11324.477615499256,True,-0.1066110648826355,0.0332959715171095,-0.015971062316922358,0.08720687457418519,-0.04487178536873648,0.2079514735939869,-0.07435515227143652,0.791455132854223,0.27916779965171123,2023-26,< 0.05% of mcap
CAMS,2024-06-03,46733748.0,pledge INVOKED (lender took shares),2024-06-03,Small,17556.748763040236,True,0.1158312876642506,0.12788409132198875,-0.04342602008492524,0.3432901350451161,0.14632569060806488,0.5878853024889481,0.4379493854482165,0.2902258826379218,0.19734719503239218,2023-26,< 0.05% of mcap
CAMS,2024-09-18,13624516.0,pledge INVOKED (lender took shares),2024-09-18,Small,22386.319940387482,True,0.17403535747709364,0.049732747222944296,0.0740152765341166,0.11895856169414532,0.19620148509091484,-0.1376267049371136,0.06781737151888634,-0.12239386166137434,-0.005772843508312198,2023-26,< 0.05% of mcap
CARBORUNIV,2019-02-11,1440592.0,pledge INVOKED (lender took shares),2019-02-11,Small,6595.679832268371,False,0.08987495138192636,0.10680751173708902,-0.01075643353164557,0.08582746478873249,0.017329839852354256,-0.18148474178403762,-0.09285420460447164,0.02127347417840375,0.05009909695420456,2016-22,< 0.05% of mcap
CGPOWER,2016-07-14,0.0,pledge INVOKED (lender took shares),2016-07-14,Mid,11075.082845433255,True,0.25909926901790403,0.22435897435897445,0.204641407075416,0.08262108262108248,0.002658023461970971,-0.0733618233618234,-0.11554789752904004,0.2200854700854702,0.008538649700356227,2016-22,< 0.05% of mcap
CGPOWER,2017-02-13,3085250000.0,pledge INVOKED (lender took shares),2017-02-13,Mid,10441.997658079625,True,-0.18902848485083568,0.1064150943396227,0.0745009514115309,0.3833962264150945,0.2846758403874692,0.22867924528301886,0.1450422246813735,0.24075471698113216,0.007279846559861469,2016-22,> 1%
CGPOWER,2019-03-11,5527398650.0,pledge INVOKED (lender took shares),2019-03-11,Small,6041.66481264637,True,-0.05322434283303845,-0.06565064478311833,-0.05781514449850622,-0.29660023446658845,-0.23802261365066768,-0.6483001172332943,-0.5037313376760872,-0.8628370457209847,-0.44604783003471016,2016-22,> 1%
CINELINE,2025-04-21,91575000.0,pledge INVOKED (lender took shares),2025-04-21,Micro,369.9701149425287,False,-0.036947216292650575,-0.03860470062745924,-0.05377250189343319,-0.042858662129107716,-0.13124541223483333,-0.0836966925449325,-0.09873280870630041,-0.06912687440178666,0.030011502299919335,2023-26,> 1%
COFFEEDAY,2019-08-31,3064153775.0,pledge INVOKED (lender took shares),2019-09-03,Micro,1505.7325581395348,False,-0.44736806106474175,-0.3505917159763313,-0.3579598202783798,-0.35133136094674544,-0.35527985002373264,,,,,2016-22,> 1%
COFFEEDAY,2021-05-28,24640200.0,pledge INVOKED (lender took shares),2021-05-28,Micro,790.4302325581396,False,,0.18065433854907553,0.08000528965337783,-0.2702702702702703,-0.40438912216885214,0.059743954480796724,-0.11350295182444792,0.39687055476529176,0.16637178366428662,2016-22,0.2-1%
COFFEEDAY,2022-02-24,35275000.0,pledge INVOKED (lender took shares),2022-02-24,Micro,1140.674418604651,True,0.41733142216128616,-0.014991181657848296,-0.04125732590396636,-0.20194003527336868,-0.2038201527616148,-0.11904761904761907,-0.193647974287406,-0.3791887125220459,-0.4129762801905168,2016-22,0.2-1%
COFFEEDAY,2022-06-23,384863379.0,pledge INVOKED (lender took shares),2022-06-23,Micro,897.3023255813953,True,-0.16003076654898468,0.06287069988137595,-0.02402891621417369,0.35349940688018977,0.17709533532524757,0.10913404507710567,-0.024048799166686896,-0.06524317912218269,-0.33637555551771714,2016-22,> 1%
CRISIL,2018-08-02,3628.0,pledge INVOKED (lender took shares),2018-08-02,Mid,12802.460458323972,False,0.047262235014712384,0.016405688837810573,0.0017204678102182847,-0.1379686826605372,-0.06910493328748074,-0.05703203562706505,0.044759792100615814,-0.2759660968251688,-0.1211807471024241,2016-22,< 0.05% of mcap
CROMPTON,2016-07-15,34.37,pledge INVOKED (lender took shares),2016-07-15,Mid,9217.648803827753,False,,0.1735566642908053,0.1490426313140525,0.31111903064861,0.21778123153577333,0.17818959372772625,0.12155521282149584,0.46935138987883107,0.24574257774364272,2016-22,< 0.05% of mcap
CROMPTON,2018-02-20,4425679.1,pledge INVOKED (lender took shares),2018-02-20,Mid,14970.666746411485,True,-0.0689737529504062,0.03191489361702127,0.08127755386979091,-0.017021276595744705,0.007928021534285734,0.12361702127659568,0.17455313141609236,-0.09829787234042553,0.04392517585335626,2016-22,< 0.05% of mcap
CROMPTON,2018-05-25,5907847.75,pledge INVOKED (lender took shares),2018-05-25,Mid,14807.21052631579,True,0.04156936672483891,-0.016740088105726914,0.02954467763442803,0.15726872246696022,0.18485031534085383,-0.044273127753304053,0.06359179458400438,0.05991189427312782,0.14058944681288976,2016-22,< 0.05% of mcap
CROMPTON,2019-01-03,0.0,pledge INVOKED (lender took shares),2019-01-03,Mid,14675.804545454544,True,0.0041140484088241225,-0.05790991790548028,-0.019947001200155468,0.02773463501220319,-0.00419845302973787,0.002218770800976211,0.011612029776314536,0.09230086532061232,0.019895619016823796,2016-22,< 0.05% of mcap
DATAPATTNS,2022-09-30,7856377.0,pledge INVOKED (lender took shares),2022-09-30,Small,6323.5993468626075,False,0.6454985462831816,0.29657619464540796,0.28231001477095063,0.049675130178332916,0.057452208263975235,0.32450117506105713,0.400937395794117,0.9056264688263214,0.6678849785243786,2016-22,< 0.05% of mcap
DISHTV,2019-08-01,1227364879.0,pledge INVOKED (lender took shares),2019-08-01,Small,4715.825242718447,True,-0.09217115721971758,-0.09330628803245422,-0.09107815162099164,-0.44421906693711966,-0.5008584814950485,-0.5030425963488844,-0.6110500451384561,-0.6511156186612577,-0.5985546430515015,2016-22,> 1%
DISHTV,2020-04-06,446579209.0,pledge INVOKED (lender took shares),2020-04-07,Micro,789.0291262135922,False,-0.2866347689504826,0.04444444444444451,-0.004851330203442972,0.7666666666666666,0.3763995720025033,2.011111111111111,1.5256854119550627,1.0555555555555554,0.04789272030651359,2016-22,> 1%
DISHTV,2021-05-18,335142786.0,pledge INVOKED (lender took shares),2021-05-18,Micro,2367.087378640777,False,-0.06267311393831276,0.19521912350597592,0.050185682832208256,0.015936254980079667,-0.18860919956537492,0.4462151394422309,0.17594486917196073,0.06374501992031867,-0.2254857493104505,2016-22,> 1%
DMART,2018-10-29,8321940.0,pledge INVOKED (lender took shares),2018-10-29,Large,83792.30728755592,True,-0.08309500165521261,0.171875,0.13026084332564747,0.07898869346733672,0.04846739327425609,-0.01452575376884424,-0.09061660248058634,0.543812814070352,0.49215227616291823,2016-22,< 0.05% of mcap
DUCON,2019-06-25,16504005.780000001,pledge INVOKED (lender took shares),2019-06-25,Micro,312.935294117647,False,0.0,-0.20430107526881713,-0.09881726531067803,-0.3046594982078853,-0.19169465900013805,-0.4086021505376345,-0.2619331723127567,-0.5035842293906809,-0.2892037074526764,2016-22,0.2-1%
DUCON,2019-11-08,79554407.0,pledge INVOKED (lender took shares),2019-11-08,Micro,227.89852941176463,False,0.03594297752649844,-0.2041884816753926,-0.12612156717725143,0.12827225130890052,0.11430494075912345,-0.5130890052356021,-0.2158189312083395,-0.2748691099476439,-0.24219085826713194,2016-22,> 1%
DUCON,2023-01-14,364769739.0,pledge INVOKED (lender took shares),2023-01-16,Micro,392.30294117647054,False,-0.247915806219693,-0.12746585735963578,-0.05695763646976365,-0.3368740515933232,-0.2642458044254458,-0.22761760242792106,-0.30671213112652973,0.04097116843702597,-0.42790965768633416,2023-26,> 1%
DUCON,2024-05-09,141400000.0,pledge INVOKED (lender took shares),2024-05-09,Micro,247.74044117647054,False,-0.3156959391688131,0.04872389791183296,0.0274127358323224,0.25986078886310904,0.13370850976965354,0.4408352668213458,0.29417658228432186,0.0,0.00597834782144957,2023-26,> 1%
EDELWEISS,2018-09-21,94500000.0,pledge INVOKED (lender took shares),2018-09-21,Mid,11735.959882223038,True,-0.18987297296215783,-0.38095238095238093,-0.29819379946852864,-0.15996301433194648,-0.12991562138842677,-0.10217290799815071,-0.10643856518488437,-0.6088765603328711,-0.5214802118692459,2016-22,0.05-0.2%
EDELWEISS,2019-03-19,81212826.0,pledge INVOKED (lender took shares),2019-03-19,Mid,9835.520426941477,True,-0.012068241163748938,-0.14835443037974694,-0.15535526716247683,-0.15265822784810135,-0.14126893134826907,-0.4415189873417722,-0.4205891309582422,-0.8146835443037974,-0.5055460054441971,2016-22,0.05-0.2%
EIDPARRY,2016-06-08,4124750.0,pledge INVOKED (lender took shares),2016-06-08,Small,4462.710349854227,True,0.2862949697326168,-0.012011400651465776,-0.06625096225457072,-0.011197068403908772,-0.12235062100017757,0.06331433224755689,-0.003959323767923961,0.34324104234527675,-0.006213657186796451,2016-22,< 0.05% of mcap
EIDPARRY,2017-11-16,6293309.22,pledge INVOKED (lender took shares),2017-11-16,Small,6538.057871720116,True,0.11655257594543755,-0.039428492924852176,-0.06483556319643369,-0.12803956587443321,-0.12974756537206722,-0.3441406786646517,-0.27142567741629897,-0.4026652012639098,-0.16548654345307862,2016-22,< 0.05% of mcap
EIDPARRY,2020-12-11,21070193.0,pledge INVOKED (lender took shares),2020-12-11,Small,6047.7481049562675,True,-0.02002113023508456,0.025985530783995348,-0.020082954640001316,0.020817953639450826,-0.11351098439221818,0.2530636350214086,-0.06958478108946309,0.3122693045917615,-0.10584131489880266,2016-22,< 0.05% of mcap
EIDPARRY,2021-10-05,21575521.0,pledge INVOKED (lender took shares),2021-10-05,Small,7816.42915451895,True,0.009852767212310432,0.11652493679613873,0.12085511323956766,0.0952654562169617,0.12000740570445251,0.10330958400367729,0.15402864447736858,0.3816364054240404,0.48299454779702333,2016-22,< 0.05% of mcap
EMBDL,2025-04-09,126190480.0,pledge INVOKED (lender took shares),2025-04-09,Small,14075.6358974359,True,-0.08967989255451703,0.013547166052395587,-0.07428178334717717,0.14662815021416464,-0.024203947199810893,-0.08217949995019425,-0.17679777974282784,,,2023-26,0.05-0.2%
EVEREADY,2019-04-25,36612049.84,pledge INVOKED (lender took shares),2019-04-25,Micro,1092.3789473684212,False,-0.2457685470518911,-0.37849829351535835,-0.37193348833142187,-0.48361774744027297,-0.27350496939775804,-0.6034129692832764,-0.38582685738110784,-0.5559726962457339,-0.09303873313917843,2016-22,0.2-1%
EVEREADY,2019-11-15,149000000.0,pledge INVOKED (lender took shares),2019-11-15,Micro,382.7684210526316,False,-0.3943589718771324,0.01799242424242431,0.050986136372592805,0.21212121212121215,0.19029103494618593,0.3039772727272727,0.5960372394124476,2.1571969696969697,2.1138688928027745,2016-22,> 1%
EVEREADY,2020-03-07,0.0,pledge INVOKED (lender took shares),2020-03-09,Micro,460.8473684210527,False,0.28894592310344136,-0.11615384615384616,0.008791568693315321,0.17846153846153845,0.14274725274725264,1.1961538461538463,0.9663544192197489,3.327692307692308,2.587028009785874,2016-22,< 0.05% of mcap
EVEREADY,2020-06-24,46221512.0,pledge INVOKED (lender took shares),2020-06-24,Micro,561.8052631578947,False,0.07698394787004514,0.5188679245283019,0.5440346758283474,0.7333333333333334,0.703900920882053,1.2817610062893081,1.0199182160758775,2.9031446540880506,1.8865471437146066,2016-22,0.2-1%
EVEREADY,2021-03-24,29055717.0,pledge INVOKED (lender took shares),2021-03-24,Micro,1919.6526315789476,True,0.39472148527704465,0.15569792273344962,0.11435171232787333,0.20190254319549594,-0.1847893358219571,0.5125218404193361,0.03950692723123017,0.31605513492525716,-0.3297781984080761,2016-22,0.05-0.2%
FEDERALBNK,2021-02-19,8518280.0,pledge INVOKED (lender took shares),2021-02-19,Mid,20627.681703470033,True,0.14789380469505542,-0.05378361475922444,-0.05592423182236894,0.11319574734208881,0.0351317546439498,-0.025015634771732298,-0.20851726836707585,0.213258286429018,0.06857520633551195,2016-22,< 0.05% of mcap
FMNL,2022-05-04,23544000.0,pledge INVOKED (lender took shares),2022-05-04,Micro,27.536509900990097,False,-0.36249509654168494,0.010000000000000009,0.07549707602339173,0.010000000000000009,0.058190816160960446,-0.030000000000000027,-0.02104757351354869,-0.019999999999999907,-0.014396934678257256,2016-22,> 1%
FOODSIN,2022-07-15,106880000.0,pledge INVOKED (lender took shares),2022-07-15,Micro,439.31925343811395,False,-0.09746181521563979,0.08202154101077053,0.033264836963964095,0.5095277547638772,0.43467452580105936,1.3985086992543496,1.2910766195695071,2.1217895608947805,1.8684522277614373,2016-22,> 1%
FORTIS,2017-08-24,1636600000.0,pledge INVOKED (lender took shares),2017-08-24,Mid,11498.511363636362,True,-0.24161814236514645,-0.010409670920080716,-0.024914463504649098,-0.0396239086635326,-0.15474594358555338,0.04499664204163856,-0.06922338506471648,-0.00167897918065818,-0.0870347951101842,2016-22,> 1%
FORTIS,2018-02-20,25134800000.0,pledge INVOKED (lender took shares),2018-02-20,Mid,11638.690909090908,True,0.11026654080038567,-0.07717041800643087,-0.027807757753661233,-0.06720257234726679,-0.04225327421723635,-0.0392282958199357,0.011707814319560972,-0.13601286173633442,0.006210186457447364,2016-22,> 1%
FSL,2024-12-10,21381482.0,pledge INVOKED (lender took shares),2024-12-10,Small,26868.244921875,True,0.2241507050450176,-0.009673202614379095,0.09358662975177595,-0.13372549019607838,0.10645482998777739,0.012679738562091591,0.10306805269156677,-0.10392156862745094,0.044529217031799184,2023-26,< 0.05% of mcap
GAYAPROJ,2019-11-18,9983060.0,pledge INVOKED (lender took shares),2019-11-18,Small,4064.3061674008813,False,-0.2883979471204221,-0.07171543316121631,-0.04998124605821658,-0.6442914515203673,-0.6827712427091673,-0.8491107286288009,-0.5307802602344719,-0.6506024096385543,-0.6770692739236515,2016-22,< 0.05% of mcap
GAYAPROJ,2020-10-27,3151500.0,pledge INVOKED (lender took shares),2020-10-27,Micro,880.715859030837,False,0.20701024860958817,0.7217630853994492,0.641949198498948,1.40771349862259,1.153792441415148,0.6088154269972452,0.20261326436657823,1.3553719008264467,0.3460855402463707,2016-22,< 0.05% of mcap
GAYAPROJ,2021-03-20,27169094.0,pledge INVOKED (lender took shares),2021-03-22,Micro,1491.8722466960353,False,-0.18879357959798737,-0.20425531914893613,-0.19612118425227715,-0.09503546099290783,-0.4096917729558952,0.451063829787234,0.04090390504593566,-0.3049645390070922,-0.8479093242831658,2016-22,0.05-0.2%
GAYAPROJ,2021-07-07,196598498.0,pledge INVOKED (lender took shares),2021-07-07,Micro,1343.1497797356828,False,-0.4577820664542559,0.3741721854304636,0.34437198224725996,0.7185430463576159,0.6740767180491545,-0.004966887417218513,-0.18209343356374574,-0.5016556291390728,-0.5146761816633887,2016-22,> 1%
GAYAPROJ,2022-07-02,137525000.0,pledge INVOKED (lender took shares),2022-07-04,Micro,699.4603524229076,False,-0.21355975170844338,-0.12621359223300965,-0.1979662547948935,-0.3656957928802588,-0.4880325716625945,-0.4401294498381877,-0.5930902042411831,-0.6181229773462783,-0.8771007860962933,2016-22,> 1%
GHCL,2019-12-24,154820000.0,pledge INVOKED (lender took shares),2019-12-24,Small,1645.2924876847292,False,-0.09863458448993367,0.06456082017179288,-0.020802838141427027,-0.5926849542809642,-0.1994202417349234,-0.23912441119423655,-0.07246161310379245,0.11443613189249113,-0.037054109499989996,2016-22,0.2-1%
GOKEX,2016-08-25,435049140.0,pledge INVOKED (lender took shares),2016-08-25,Micro,557.0755813953488,True,0.045398557871435985,0.10678971654581426,0.06721188013420476,-0.24588002636783113,-0.2681795217442495,-0.21094264996704015,-0.3331098861321554,0.15820698747528028,-0.1329565875277372,2016-22,> 1%
GRANULES,2019-12-09,5.0,pledge INVOKED (lender took shares),2019-12-09,Small,3332.0512987012985,True,0.3128225548056236,0.06485188150520416,9.061141128463568e-05,0.2954363490792635,0.3890155040308413,0.6617293835068054,0.8571124329348025,2.1261008807045636,1.9844016955380668,2016-22,< 0.05% of mcap
GRASIM,2017-06-29,2053070.0,pledge INVOKED (lender took shares),2017-06-29,Large,82497.19805355977,True,0.11432604010555392,-0.13835496855752605,-0.19460265017986422,-0.08706897945327274,-0.10980756320247265,-0.07901841284210864,-0.18325466485928288,-0.22272426001066947,-0.21432264422339425,2016-22,< 0.05% of mcap
GRASIM,2018-03-26,2397094.0,pledge INVOKED (lender took shares),2018-03-26,Large,73244.94688438928,True,0.04881467163312775,-0.0018809817987348598,-0.0553215845596885,-0.057950836299260455,-0.03838683426308209,-0.061860327880944865,-0.024571999861049743,-0.2361646412303834,-0.20935482518029108,2016-22,< 0.05% of mcap
GREENPOWER,2022-03-28,1667580000.0,pledge INVOKED (lender took shares),2022-03-28,Micro,1623.41449603624,False,0.0029458463787938594,-0.11742424242424232,-0.19252053748894704,-0.3484848484848485,-0.27254139905058167,-0.375,-0.40124267540052616,-0.31439393939393934,-0.24219177332895736,2016-22,> 1%
GTL,2017-01-13,0.0,pledge INVOKED (lender took shares),2017-01-13,Micro,262.79325513196477,False,-0.053908995915265434,-0.05523255813953487,-0.03993498898614012,0.011627906976744207,-0.12426420920582837,-0.03779069767441856,-0.21437959550225438,-0.12209302325581395,-0.6129021305364933,2016-22,< 0.05% of mcap
GTL,2019-04-02,0.0,pledge INVOKED (lender took shares),2019-04-02,Micro,72.95454545454545,False,-0.11549302822845231,-0.10869565217391308,-0.027311374324842375,-0.42391304347826086,-0.27244454768421567,-0.6195652173913043,-0.33139989246612855,-0.6847826086956521,-0.2255593077247784,2016-22,< 0.05% of mcap
GTL,2022-03-03,443175000.0,pledge INVOKED (lender took shares),2022-03-03,Micro,244.75073313782988,False,0.008455311113833686,-0.24914675767918093,-0.35456127402919924,-0.39931740614334466,-0.3848363120162328,-0.3549488054607509,-0.45359006185743345,-0.6143344709897611,-0.6427943059350024,2016-22,> 1%
GTLINFRA,2019-04-02,1903250454.0,pledge INVOKED (lender took shares),2019-04-02,Micro,1269.4444444444443,False,0.2386736384382142,-0.1428571428571429,-0.0614728650080722,-0.2857142857142857,-0.1342457899202405,-0.47619047619047616,-0.1880251512653004,-0.7619047619047619,-0.30268146093388815,2016-22,> 1%
HCLTECH,2022-05-27,1339875.0,pledge INVOKED (lender took shares),2022-05-27,Large,271757.3623577236,True,-0.07764889247362705,-0.03649389364361966,0.014748065407074684,-0.09063371478026738,-0.16488726143120214,0.08563323396480427,0.02382985216034683,0.09342244446581383,-4.0584600207504984e-05,2016-22,< 0.05% of mcap
HCLTECH,2024-07-04,17095.0,pledge INVOKED (lender took shares),2024-07-04,Large,412102.6203658536,True,-0.13996954524608063,0.0416940897722784,0.06691273439787127,0.16950770040805585,0.18714998723152104,0.2609582730025011,0.388329712425062,0.09497169935500849,0.15208868558164745,2023-26,< 0.05% of mcap
HCLTECH,2026-02-27,88758044.0,pledge INVOKED (lender took shares),2026-02-27,Large,376031.62869918696,True,-0.16356219009418038,0.02355944566010204,0.10616225528988787,-0.16024799416484325,-0.11225676410701313,-0.056601021152443365,-0.03524876389185361,,,2023-26,< 0.05% of mcap
HDFCAMC,2024-08-02,2998230.0,pledge INVOKED (lender took shares),2024-08-02,Mid,87370.86562911005,True,-0.05582871554911173,0.11780150186368066,0.07718252426360772,0.06296809160078021,0.08230961736381581,-0.05428745849525762,0.0649346979472748,0.4057017217333472,0.4283038045355259,2023-26,< 0.05% of mcap
HDFCAMC,2024-11-21,171018056.0,pledge INVOKED (lender took shares),2024-11-21,Mid,89284.04986847875,True,0.0506985897285252,0.006246359447441119,-0.01809097227052181,-0.1021722555561344,-0.0029370605019415352,0.1430506291348388,0.1463548841693545,0.2691617376150177,0.2079758576816415,2023-26,< 0.05% of mcap
HDFCBANK,2016-09-20,1938088.0,pledge INVOKED (lender took shares),2016-09-20,Large,498300.0811565586,True,0.005847147713866185,-0.022768754833720095,-0.027013434795007174,-0.09274555297757159,0.002494827137934752,0.10159319412219636,0.05865289889037162,0.38617169373549887,0.29690033198547483,2016-22,< 0.05% of mcap
HEADSUP,2017-04-13,6851644.0,pledge INVOKED (lender took shares),2017-04-13,Micro,447.890625,False,-0.04013680896038707,-0.0367416001933768,-0.04763790950796387,-0.22504230118443314,-0.23302352184171005,-0.32318104906937395,-0.3936464688170903,-0.5049552816050278,-0.6712517424372506,2016-22,0.05-0.2%
HEADSUP,2019-03-19,1400438.0,pledge INVOKED (lender took shares),2019-03-19,Micro,67.59375,False,-0.14577921167110824,-0.08809135399673729,-0.06016637229776528,-0.4486133768352366,-0.3194241876460473,-0.600326264274062,-0.381974737157583,-0.8140293637846656,-0.253308849352778,2016-22,0.2-1%
HEADSUP,2020-03-03,398203.0,pledge INVOKED (lender took shares),2020-03-03,Micro,18.046875,False,-0.2679045092838197,-0.139240506329114,0.1190728404787264,0.31645569620253156,0.36615748546694504,0.21518987341772133,0.07188243882259626,0.5253164556962024,-0.08894519506179877,2016-22,0.2-1%
HLVLTD,2024-06-26,291610000.0,pledge INVOKED (lender took shares),2024-06-26,Micro,1698.6458658346332,False,0.010731812983653222,-0.13476874003189787,-0.18275380079990644,-0.2974481658692184,-0.36638479165682525,-0.2647527910685804,-0.28642454282289,-0.4605263157894737,-0.4060749638844875,2023-26,> 1%
HUBTOWN,2016-04-01,17920000.0,pledge INVOKED (lender took shares),2016-04-01,Small,1479.14010989011,False,0.0533846907158434,-0.005700712589073564,-0.01816300831783202,-0.052256532066508266,-0.17293298527510048,-0.12114014251781469,-0.33648099699330136,-0.08788598574821849,-0.47870289329373583,2016-22,0.05-0.2%
HUBTOWN,2017-09-28,1151500.0,pledge INVOKED (lender took shares),2017-09-28,Micro,1549.167032967033,False,-0.06699883324440559,0.1932344763670064,0.09731121497611905,0.24374420759962923,-0.01941368713721281,-0.3039851714550511,-0.38086564115705623,-0.6510658016682114,-0.3931277381637033,2016-22,< 0.05% of mcap
HUBTOWN,2018-09-24,582500.0,pledge INVOKED (lender took shares),2018-09-24,Micro,660.9684065934066,False,-0.18502556418876082,-0.1692307692307693,-0.06872508796913745,-0.08791208791208793,-0.0339277151046013,-0.29670329670329665,-0.1954938759521826,-0.7065934065934065,-0.3558053518443398,2016-22,< 0.05% of mcap
HUBTOWN,2019-03-08,7250000.0,pledge INVOKED (lender took shares),2019-03-08,Micro,512.3398351648352,False,-0.08551223461120477,-0.07594936708860744,-0.04523089861218721,-0.33755274261603363,-0.22190606563094772,-0.5639943741209563,-0.33002805380565714,-0.7932489451476793,-0.25419125995108127,2016-22,0.05-0.2%
HUBTOWN,2019-06-26,6721775.0,pledge INVOKED (lender took shares),2019-06-26,Micro,269.38928571428573,False,-0.29040145408566453,-0.03394255874673624,0.076214476915057,-0.216710182767624,-0.08082168102546372,-0.23498694516971275,-0.10762845460367498,-0.27154046997389036,-0.050546400067408626,2016-22,0.2-1%
HUBTOWN,2020-09-14,22000000.0,pledge INVOKED (lender took shares),2020-09-14,Micro,156.48873626373626,False,-0.2609048253490124,-0.04977375565610864,0.012195684072244362,0.2941176470588236,0.09992345286462934,0.5701357466063348,0.2521870286576169,1.5203619909502262,0.6968325791855201,2016-22,> 1%
HUBTOWN,2021-12-24,255050000.0,pledge INVOKED (lender took shares),2021-12-24,Micro,746.7156593406594,False,0.9778998250794668,0.07383773928896997,0.01713891500314524,-0.23427529626253418,-0.2030148914218572,0.14949863263445762,0.23741072054654544,-0.16043755697356432,-0.21357498258808505,2016-22,> 1%
HUBTOWN,2024-05-17,145200001.0,pledge INVOKED (lender took shares),2024-05-17,Micro,2132.962912087912,False,0.04536240032308381,-0.06330605564648106,-0.08828431823441885,0.7753191489361702,0.6705593170582139,0.8206219312602292,0.7853211367085833,0.19109656301145672,0.22391707583196963,2023-26,0.2-1%
HUBTOWN,2026-03-30,563588446.0,pledge INVOKED (lender took shares),2026-03-30,Micro,2458.5166483516487,True,-0.04973003531270914,0.10171220009661308,-0.07906583194000016,0.1681069185765658,-0.026037298232596928,,,,,2023-26,> 1%
ICICIBANK,2016-02-18,70507775.6,pledge INVOKED (lender took shares),2016-02-18,Large,127942.71158850226,True,-0.18005422375468294,0.17501244951031936,0.10770086395291445,0.21302495435179547,0.11900939976397973,0.2421844740773531,0.015141119540688308,0.390084656670171,0.14910133283295446,2016-22,< 0.05% of mcap
ICICIBANK,2016-08-25,66014698.3,pledge INVOKED (lender took shares),2016-08-25,Large,161076.37254160363,True,-0.07260919432995117,0.06300448430493288,0.04169012610971101,0.0825560538116592,0.12335494202672637,0.13780269058295969,0.09838769347050225,0.33228699551569507,0.21140541740085084,2016-22,< 0.05% of mcap
ICICIBANK,2018-07-09,6703844.779999999,pledge INVOKED (lender took shares),2018-07-09,Large,194583.1279878971,True,0.006511948010309576,0.16569129480614486,0.13955618307959938,0.16825164594001474,0.2573370495191857,0.36338697878566206,0.4113132647862308,0.5007315288953915,0.5893483151247596,2016-22,< 0.05% of mcap
ICICIBANK,2020-11-18,59794400.0,pledge INVOKED (lender took shares),2020-11-18,Large,357058.60487897124,True,0.23388219790456044,0.0328981723237598,-0.02052664529694692,0.3034986945169711,0.139015421299427,0.36240208877284585,0.13099806237004963,0.500574412532637,0.14811696763246274,2016-22,< 0.05% of mcap
ICICIPRULI,2019-10-03,1747157.86,pledge INVOKED (lender took shares),2019-10-03,Large,67638.30236486487,True,0.2560984100465947,0.14649470899470884,0.05599083437731789,0.05092592592592582,-0.014713574566264875,-0.24900793650793662,0.007792619629045816,-0.04398148148148162,-0.04145157848062836,2016-22,< 0.05% of mcap
ICICIPRULI,2021-11-24,108168052.0,pledge INVOKED (lender took shares),2021-11-24,Large,87168.63671171172,True,-0.11972971506717711,-0.058710699691435164,-0.008375389121580257,-0.16479025936118752,-0.10702131807413123,-0.11533650237678261,-0.013960237275047915,-0.21424401634559243,-0.17767859826194693,2016-22,< 0.05% of mcap
IMAGICAA,2018-09-27,83406517.24,pledge INVOKED (lender took shares),2018-09-27,Micro,1119.5499021526418,False,-0.24726306202486947,-0.2543859649122807,-0.2409437362826749,-0.35380116959064334,-0.36347630517228713,-0.4619883040935674,-0.42326877029250876,-0.8596491228070176,-0.5449272035049455,2016-22,0.2-1%
IMAGICAA,2022-02-02,19260000.0,pledge INVOKED (lender took shares),2022-02-02,Micro,680.568493150685,False,-0.028073598287933765,0.06198347107438007,0.22735966786111006,0.29338842975206614,0.4330890712346036,0.9008264462809918,1.0281823967387194,1.9834710743801653,2.067011149024494,2016-22,0.2-1%
IMAGICAA,2023-01-19,70830000.0,pledge INVOKED (lender took shares),2023-01-19,Micro,2144.821917808219,False,0.12659856854956386,0.13750000000000018,0.21565275310834842,0.18611111111111112,0.24565553631425485,0.4500000000000002,0.3509509468929174,1.026388888888889,0.5185662631150747,2023-26,0.2-1%
INDIAMART,2019-08-14,11755198.0,pledge INVOKED (lender took shares),2019-08-14,Small,3403.3621853898094,False,,0.5178363335942253,0.4847622475327087,0.7917210192190625,0.7470532172873381,1.1464475171754063,1.0813820857255503,2.061831463605531,2.047242490874266,2016-22,< 0.05% of mcap
INDOSTAR,2018-09-28,1062276.09,pledge INVOKED (lender took shares),2018-09-28,Small,5124.181542056075,False,-0.239303107577374,-0.00831808351355845,-0.008660347113409073,0.1392447180169687,0.1342787370515366,0.3032773249043419,0.289515741527136,-0.33355514889369486,-0.17446441852681194,2016-22,< 0.05% of mcap
INDTERRAIN,2019-07-02,32100000.0,pledge INVOKED (lender took shares),2019-07-02,Micro,510.6506849315068,False,-0.13738264804181427,-0.24664346096469414,-0.08528989409293769,-0.28940825459970154,-0.10642576328970826,-0.40079562406762803,-0.2547584034605264,-0.7026355047240179,-0.4686911512051963,2016-22,0.2-1%
INDUSINDBK,2020-03-19,2532786.0,pledge INVOKED (lender took shares),2020-03-19,Large,34339.70238623751,True,-0.40617698482725434,-0.13046440331554454,-0.16441156829287473,0.07902804587260115,-0.09283793451869293,0.2353809469739978,0.008244790745998376,1.1771318269558306,0.6056738775252403,2016-22,< 0.05% of mcap
INDUSINDBK,2023-05-31,14010975.0,pledge INVOKED (lender took shares),2023-05-31,Large,99496.59067702551,True,0.08703912756052934,0.06991435104445198,0.02437423363733493,0.06820912297019732,0.011038691831515735,0.1740107739410146,-0.0020630540941314335,0.14800604580862675,-0.23325380853479238,2023-26,< 0.05% of mcap
IRB,2021-06-01,54758930.0,pledge INVOKED (lender took shares),2021-06-01,Small,6997.12,False,-0.07932575367080597,0.1877862595419848,0.14611554978540053,0.23816793893129762,0.1880334984252109,0.7419847328244276,0.6537431823175979,0.7145038167938933,0.7489609927619159,2016-22,0.05-0.2%
ITC,2016-07-05,37778688.0,pledge INVOKED (lender took shares),2016-07-05,Large,305006.09201520914,True,-0.005875986055811966,0.02246963562753046,-0.02252827101845034,-0.03259109311740893,-0.09527616556743379,-0.004655870445344101,0.029398510166920078,0.37145748987854255,0.211227749014672,2016-22,< 0.05% of mcap
ITC,2018-08-23,752749.0,pledge INVOKED (lender took shares),2018-08-23,Large,390728.3954372623,True,0.08912698052075985,-0.05557345360824739,0.010151052030383578,-0.07361469072164939,0.017078213853967905,-0.11372422680412353,0.0041778079972366045,-0.21311211340206182,-0.05051056697613071,2016-22,< 0.05% of mcap
ITC,2019-03-15,43088.0,pledge INVOKED (lender took shares),2019-03-15,Large,364178.9019011407,True,0.054274089535293335,0.036255319148936094,0.014647457616683734,-0.06638297872340426,-0.027173709881177843,-0.12851063829787235,-0.0730986707113781,-0.4675744680851064,-0.1355061676659957,2016-22,< 0.05% of mcap
JAMNAAUTO,2017-12-20,159667200.0,pledge INVOKED (lender took shares),2017-12-20,Small,2922.9683823529413,True,0.3573690165976968,-0.014267185473411104,-0.02918361781803558,0.003242542153047978,0.12834315007026403,0.10246433203631655,0.29010819651506775,-0.1543450064850842,0.11543813840648376,2016-22,0.2-1%
JAYSREETEA,2018-12-10,0.0,pledge INVOKED (lender took shares),2018-12-10,Micro,244.42123687281216,False,0.08066313900260813,-0.028818443804034533,-0.06567518928386751,-0.14005763688760808,-0.16526772092122144,-0.32680115273775223,-0.22233030443422314,-0.4576368876080692,-0.17763688760806917,2016-22,< 0.05% of mcap
JINDALSTEL,2017-08-30,61651663.0,pledge INVOKED (lender took shares),2017-08-30,Mid,13995.46268722467,True,0.07338980766410963,-0.01787016776075845,-0.020098909163520307,0.2541940189642595,0.14523671299375795,0.7363238512035013,0.6538359247126866,0.5335521517140773,0.46780538188011955,2016-22,< 0.05% of mcap
JINDWORLD,2026-03-26,1200000.0,pledge INVOKED (lender took shares),2026-03-27,Micro,1937.1217204301076,False,-0.11276771872814795,0.4486187845303866,0.1894795571515948,0.6801104972375689,0.39899109174126535,,,,,2023-26,< 0.05% of mcap
JUSTDIAL,2018-10-11,44687537.0,pledge INVOKED (lender took shares),2018-10-11,Small,3786.7417417417414,True,-0.03333381162358573,-0.009180936661852712,-0.025856232779266852,-0.012894573963276201,-0.03587143701788087,0.23736331751598927,0.1964245793857311,0.2954404786465854,0.4113772891789926,2016-22,0.05-0.2%
JUSTDIAL,2019-11-22,5341200.0,pledge INVOKED (lender took shares),2019-11-22,Small,4673.78003003003,True,-0.23686774295207236,0.06333363578622642,0.08585795744009889,-0.0950004536793394,-0.12304314847281106,-0.28763270120678697,0.013853498368584627,0.12730242264767289,0.07398211828981038,2016-22,< 0.05% of mcap
JUSTDIAL,2021-06-23,6493601.0,pledge INVOKED (lender took shares),2021-06-23,Small,8624.977477477478,True,0.055452530351426166,-0.03064710610932475,-0.0769478294541176,-0.005777733118971007,-0.046860985683666145,-0.19945739549839225,-0.22064050926842338,-0.43121985530546636,-0.32628745882700066,2016-22,< 0.05% of mcap
JWL,2019-01-25,398310992.0,pledge INVOKED (lender took shares),2019-01-25,Micro,1004.2467811158798,False,0.806887298747764,-0.15044247787610632,-0.1066932059158549,-0.2256637168141593,-0.20844707405949647,-0.3230088495575222,-0.09108113871414858,-0.3407079646017699,-0.14191526832851376,2016-22,> 1%
JYOTISTRUC,2016-06-23,0.0,pledge INVOKED (lender took shares),2016-06-23,Micro,456.6881913952284,False,-0.23960377046761316,0.4007537688442213,0.3153490524643614,0.4974874371859297,0.40065204574472923,0.011306532663316826,-0.0384447111177777,0.13442211055276387,-0.22126511298235096,2016-22,< 0.05% of mcap
KARURVYSYA,2024-04-01,17917448.0,pledge INVOKED (lender took shares),2024-04-01,Small,14994.88713846154,True,0.10137291241329516,0.05029700413223126,0.017078480791110073,0.10717975206611574,-0.054936276868082445,0.12286931818181812,-0.05668736124452167,0.0983341942148761,0.20978677468122037,2023-26,< 0.05% of mcap
KIRIINDUS,2022-05-25,21088920.0,pledge INVOKED (lender took shares),2022-05-25,Micro,3012.519223659889,True,0.07970399714053433,0.009703385158231326,0.050889485243232224,0.045870548020729984,-0.04507919253631709,0.11302238394530817,0.007419327732828718,-0.3596868452971661,-0.4860009283241844,2016-22,0.05-0.2%
KOTAKBANK,2016-01-07,2944200.0,pledge INVOKED (lender took shares),2016-01-07,Large,137605.8407913669,True,0.10824493547166608,-0.025967486692562325,0.04404892813633543,-0.025535894115954583,-0.014947564445763839,0.122428427564379,0.014154038912129963,0.05193497338512443,-0.019321310577444017,2016-22,< 0.05% of mcap
KOTAKBANK,2018-10-04,42518676.0,pledge INVOKED (lender took shares),2018-10-04,Large,213774.9959232614,True,-0.14929809275306238,0.06947348412849275,0.032595221485152814,0.16793385287968077,0.0977268374842204,0.2749002090857253,0.16303706631629467,0.5249477285687134,0.5138758296586816,2016-22,< 0.05% of mcap
KOTAKBANK,2020-03-18,6405600.0,pledge INVOKED (lender took shares),2020-03-18,Large,233162.96553956834,True,0.010539649347866165,0.03204360573151099,-0.08266837651018777,0.10988148821076105,-0.13245988354710114,0.06359169178676138,-0.20327928314714705,0.49700623528925947,-0.16337459501542995,2016-22,< 0.05% of mcap
KOTAKBANK,2021-03-18,463680.0,pledge INVOKED (lender took shares),2021-03-18,Large,364163.56681055157,True,-0.10623415813708059,-0.054493907259493546,-0.03909534094298117,-0.053130878063408105,-0.12924145287643019,0.10350843715072378,-0.09614528345444451,-0.059400812365400735,-0.18368539973051545,2016-22,< 0.05% of mcap
LANDMARK,2026-03-17,651293.0,pledge INVOKED (lender took shares),2026-03-17,Micro,1464.7763655462184,False,-0.13471621515392768,0.14208899045570655,0.02685913430441378,0.19975803199354747,0.06940474405643016,0.372496303266568,0.2842868669082599,,,2023-26,< 0.05% of mcap
LGBBROSLTD,2020-05-20,7577083.0,pledge INVOKED (lender took shares),2020-05-20,Micro,612.8807514450867,False,-0.023963136747711555,0.14745098039215687,-0.15381545896488147,0.3856209150326797,-0.05352515211770914,0.3691503267973857,-0.09179573007531394,0.6669281045751634,-0.6238704686764034,2016-22,0.05-0.2%
LTM,2023-08-04,4402800.0,pledge INVOKED (lender took shares),2023-08-04,Large,144248.6288504326,True,-0.00504057887587861,0.07136842313826874,0.05220409317110364,0.036922558722422005,0.017356576339614738,0.07405315976659632,-0.11456131560693028,0.06694009371811238,-0.3039150543337593,2023-26,< 0.05% of mcap
LTTS,2024-05-29,9259080.0,pledge INVOKED (lender took shares),2024-05-29,Mid,49413.864044595844,True,-0.18252194289646617,0.10810602896894306,0.026421653282453494,0.2563685517726444,0.1268564711919874,0.159834714376772,0.09567656702567784,-0.04932193331428436,-0.10338927697303713,2023-26,< 0.05% of mcap
MAHLOG,2019-02-15,1713497.0,pledge INVOKED (lender took shares),2019-02-15,Small,3960.991376146789,False,-0.04848026450733239,0.1347075264523856,0.0007653700695340326,0.15097823916949493,0.03646481635070309,-0.20597923737272916,-0.1371833173556532,-0.12332800958275103,-0.09083170234493709,2016-22,< 0.05% of mcap
MANGALAM,2018-07-09,10190000.0,pledge INVOKED (lender took shares),2018-07-09,Micro,145.56254071661238,False,-0.29181703895199596,0.1217948717948718,0.09983625416292197,-0.19818376068376065,-0.05111405062823926,-0.23717948717948711,-0.10865822303590533,-0.5838675213675213,-0.2558817138023608,2016-22,0.2-1%
MANGALAM,2019-02-28,8550000.0,pledge INVOKED (lender took shares),2019-02-28,Micro,72.18762214983714,False,-0.26222575303997375,0.20868644067796605,0.16737252262852476,-0.11758474576271194,-0.10341470527688201,-0.3347457627118645,-0.13072328880710143,-0.4692796610169492,-0.05222028307161464,2016-22,> 1%
MANGALAM,2025-03-07,11676960.0,pledge INVOKED (lender took shares),2025-03-07,Micro,138.1696416938111,False,-0.045046927950713744,-0.05509608367793728,-0.051861708181383026,-0.018730235952322927,-0.16062780102369167,-0.08477256142057887,-0.1951125547881737,-0.6334225249331062,-0.4872816112580517,2023-26,0.2-1%
MANGALAM,2025-11-28,106764640.0,pledge INVOKED (lender took shares),2025-11-28,Micro,44.214918566775246,False,-0.5687565206024747,0.03693931398416894,0.06590434400889511,0.05088578967206936,0.19166966035947697,0.07237090086694309,0.16322754926613547,,,2023-26,> 1%
MANINDS,2016-06-21,0.0,pledge INVOKED (lender took shares),2016-06-21,Micro,435.4710033076075,False,-0.22050503033630886,0.03937007874015741,-0.01564277473027964,-0.11723534558180215,-0.19426163140566832,-0.23709536307961498,-0.25490912826180134,0.27296587926509197,-0.04036219023434684,2016-22,< 0.05% of mcap
MATRIMONY,2018-09-19,3941355.0,pledge INVOKED (lender took shares),2018-09-19,Micro,1173.296183206107,False,-0.11673756236272437,-0.10467479674796754,0.031139156740404683,-0.11456023651145608,-0.009902848931156338,0.11862527716186233,0.2700147421141643,-0.0003695491500370629,0.37217762951863254,2016-22,< 0.05% of mcap
MAXHEALTH,2021-11-29,143669803.0,pledge INVOKED (lender took shares),2021-11-29,Mid,36252.60860215054,True,0.09925144960041532,0.11717517096265118,0.10685807024336336,-0.015255128879537061,0.044845339756735714,0.011704366123093113,0.08912372096180277,0.17701209889531833,0.13094562705268342,2016-22,< 0.05% of mcap
MBLINFRA,2016-09-16,344240099.0,pledge INVOKED (lender took shares),2016-09-16,Small,1707.017543859649,False,-0.20671170929260085,-0.09207708779443258,-0.12571254524168207,-0.4556745182012848,-0.39529085274171794,-0.588865096359743,-0.6636438281122967,-0.8029978586723769,-0.9882814145662526,2016-22,> 1%
MBLINFRA,2017-02-16,320595995.0,pledge INVOKED (lender took shares),2017-02-16,Micro,776.7543859649122,False,-0.4832660787087113,-0.05044510385756673,-0.048645318913543456,-0.35707220573689413,-0.40640276938451414,-0.5539070227497527,-0.6348078792168171,-0.5163204747774481,-0.8488447466221083,2016-22,> 1%
MBLINFRA,2017-08-10,37006693.0,pledge INVOKED (lender took shares),2017-08-10,Micro,365.35087719298247,False,-0.428306175507792,-0.11752988047808777,-0.21271018950229514,-0.08964143426294824,-0.2648711467015319,0.09760956175298796,-0.2236286719467513,-0.22509960159362552,-0.23321406408313983,2016-22,> 1%
MBLINFRA,2024-01-25,47134390.0,pledge INVOKED (lender took shares),2024-01-25,Micro,762.1710526315788,False,0.2821270280915147,-0.06046065259117084,-0.05303858430814268,-0.09021113243762002,-0.07370559129166387,0.29673704414587343,0.17819442058866464,0.03147792706333985,0.017221804241358774,2023-26,0.2-1%
MBLINFRA,2024-05-14,2917200.0,pledge INVOKED (lender took shares),2024-05-14,Micro,714.5833333333333,False,-0.11396448814255822,0.17811158798283255,0.14582085084024865,0.28927038626609436,0.20492537729164495,0.11223175965665222,0.05249880111835292,-0.043776824034334694,-0.021604997659816827,2023-26,< 0.05% of mcap
MCLEODRUSS,2019-05-07,197448276.86,pledge INVOKED (lender took shares),2019-05-07,Micro,397.3288590604027,False,-0.5531792162247232,-0.2244640605296343,-0.23469625258000815,-0.7225725094577553,-0.5162052011125036,-0.8209331651954603,-0.6381321823944776,-0.8902900378310215,-0.4507238581054792,2016-22,> 1%
MCLEODRUSS,2020-06-26,1.0,pledge INVOKED (lender took shares),2020-06-26,Micro,90.04026845637584,False,2.995766221813162,0.47560975609756095,0.5046381098272827,0.8841463414634148,0.8738894025127154,1.5853658536585367,1.2693052404290057,3.634146341463415,2.5972603989170953,2016-22,< 0.05% of mcap
MCLEODRUSS,2020-12-25,18463943.0,pledge INVOKED (lender took shares),2020-12-28,Micro,223.53020134228188,False,0.09300301092497654,-0.14454976303317535,-0.13112785161970641,-0.09478672985781988,-0.11636946367076939,0.6255924170616112,0.14097963189926588,0.3744075829383886,-0.40780100601866676,2016-22,0.2-1%
MCLEODRUSS,2021-05-31,272035032.0,pledge INVOKED (lender took shares),2021-05-31,Micro,339.2214765100671,False,0.28015972459733207,0.11764705882352944,0.0021871762403591344,-0.31323529411764706,-0.4563568240374496,-0.2279411764705882,-0.428825441451256,-0.3308823529411765,-0.5757480717405447,2016-22,> 1%
MCLEODRUSS,2021-09-27,306750000.0,pledge INVOKED (lender took shares),2021-09-27,Micro,318.80536912751677,False,-0.14785959945275595,-0.1799687010954617,-0.17547772840420467,-0.1517996870109546,-0.1893927456729848,-0.2863849765258215,-0.34844437788951055,-0.08920187793427226,-0.19578381007241397,2016-22,> 1%
MOTILALOFS,2020-03-20,1803000.0,pledge INVOKED (lender took shares),2020-03-20,Mid,9122.265271629778,True,-0.002834647748046981,-0.021429160141762105,-0.1985071179768786,0.2549245858402702,-0.09100582787257339,0.28789252451990444,-0.1658304387320646,0.31978900519245035,-0.5845129992187366,2016-22,< 0.05% of mcap
NAM-INDIA,2021-12-02,3479850.0,pledge INVOKED (lender took shares),2021-12-02,Mid,23684.055560747664,True,-0.13948248115394857,-0.02989761092150167,-0.04110011195702845,-0.18225255972696242,-0.08340265592299428,-0.24450511945392495,-0.13888664887958868,-0.26593856655290093,-0.2995425642157399,2016-22,< 0.05% of mcap
NAM-INDIA,2022-03-09,1882725.0,pledge INVOKED (lender took shares),2022-03-09,Mid,19604.01574766355,True,-0.0842107637992609,0.06628056628056611,-0.01742274636244534,-0.10633848133848134,-0.047188145508303636,-0.04231016731016746,-0.15351195229030112,-0.30646718146718144,-0.3233934873568093,2016-22,< 0.05% of mcap
NAM-INDIA,2022-09-29,795000.0,pledge INVOKED (lender took shares),2022-09-29,Mid,17077.972289719626,True,-0.15368273023577506,-0.0005583472920155375,-0.02198716951400015,-0.06383770705378733,-0.07578326310749539,-0.183324027545133,-0.13502542783060628,0.2542341336311187,0.03874705981797688,2016-22,< 0.05% of mcap
NAM-INDIA,2023-03-29,6555933.0,pledge INVOKED (lender took shares),2023-03-29,Small,13055.487897196263,True,-0.10116836189812173,0.11878124256129485,0.03790626693166488,0.35777195905736714,0.145416195191727,0.5927160199952393,0.24630258996928023,1.4598905022613664,0.9250298319928599,2023-26,< 0.05% of mcap
NATHBIOGEN,2016-04-11,0.0,pledge INVOKED (lender took shares),2016-04-11,Micro,162.84965034965035,False,,-0.05683003128258601,-0.0720190463698891,0.05943691345151181,-0.05585404970327712,0.6032325338894682,0.367397924394828,1.1120959332638165,0.6379600831534736,2016-22,< 0.05% of mcap
NAUKRI,2022-10-03,2205904.0,pledge INVOKED (lender took shares),2022-10-03,Large,49122.37563934425,True,-0.07634357775214462,-0.014135707862037439,-0.04303945909390672,-0.030500702985471695,-0.022874336591019784,-0.053781555181192986,-0.012559474312131391,0.08052033591305774,-0.06916189348762813,2016-22,< 0.05% of mcap
NAUKRI,2023-07-03,13450549.0,pledge INVOKED (lender took shares),2023-07-03,Mid,57796.194688524585,True,0.06177017681066732,0.031555314876238194,-0.008391870851226169,-0.08421895800898027,-0.16988773815308644,0.14747625172048107,-0.10898917959078547,0.5669577382161151,0.1189520170266064,2023-26,< 0.05% of mcap
NAUKRI,2025-09-16,1939782.0,pledge INVOKED (lender took shares),2025-09-16,Mid,87306.2881967213,True,-0.07122331121502667,-0.03396363636363642,-0.022590983155417577,-0.03003636363636364,0.006816154970955779,-0.28858181818181816,-0.15128212399372093,-0.10981818181818181,-0.056112307267636774,2023-26,< 0.05% of mcap
NCLIND,2025-02-25,9010051.0,pledge INVOKED (lender took shares),2025-02-25,Micro,883.3478160919541,False,0.11057388562269388,-0.02761627906976738,-0.029415023529883344,0.10657184385382057,-0.012154855314518986,0.12910091362126241,0.027517593351627623,-0.07521802325581384,0.0333731782106329,2023-26,0.05-0.2%
NCLIND,2025-10-03,4006876.0,pledge INVOKED (lender took shares),2025-10-03,Micro,939.1103448275862,False,-0.08950043518971268,-0.028011068498470792,0.0035689152835275406,0.025098305742997207,0.12230584367605046,-0.11719015486188655,0.06055215506266365,,,2023-26,< 0.05% of mcap
NIPPOBATRY,2019-06-03,12990000.0,pledge INVOKED (lender took shares),2019-06-03,Micro,184.59171974522292,False,-0.32624489993614725,-0.016348773841961872,0.062054472143273476,0.0015929574512680844,0.24749459679553032,0.01278557954307269,0.2706517639915357,0.03240410815342698,0.37423732662344766,2016-22,0.2-1%
NIPPOBATRY,2019-12-10,505.0,pledge INVOKED (lender took shares),2019-12-10,Micro,180.04585987261146,False,0.0924453486026755,0.15107159333976417,0.05287685236452555,0.020844692362538275,0.15832042163332494,0.01698611751876844,0.11755108927018099,0.34953655160843833,0.05045201552596401,2016-22,< 0.05% of mcap
NITCO,2023-12-27,58509241.0,pledge INVOKED (lender took shares),2023-12-27,Micro,792.5993189557321,False,0.6334559724143154,0.3554868624420402,0.30347141869057503,0.7295208655332304,0.7860562878479226,1.4531684698608962,1.3159100766822702,3.165378670788253,2.940730548277809,2023-26,0.2-1%
NRBBEARING,2019-08-07,228771378.0,pledge INVOKED (lender took shares),2019-08-07,Micro,788.4882022471909,False,-0.3060082250829133,0.17972893341190344,0.1387268797992245,0.16676487919858585,0.16271726015096677,0.10017678255745444,0.07615723635980065,-0.03712433706540941,-0.04918682470630331,2016-22,> 1%
OMAXE,2019-12-10,18432000.0,pledge INVOKED (lender took shares),2019-12-10,Small,2805.6645454545455,False,-0.24978630909409072,0.017687520471667106,-0.05234392886534156,0.021945627251883426,0.10749765701443958,0.3416311824434983,0.5436632823339366,-0.4572551588601377,-0.6246481212634105,2016-22,0.05-0.2%
OMAXE,2020-07-10,16472000.0,pledge INVOKED (lender took shares),2020-07-10,Micro,1455.2618181818182,True,-0.8989860449978979,-0.046143704680290054,-0.06927762841063545,-0.12854317732366516,-0.18669403430996856,0.0804218852999341,-0.3505545456764969,0.2076466710613052,-0.9734556911434193,2016-22,0.05-0.2%
ORIENTTECH,2025-06-05,1676000.0,pledge INVOKED (lender took shares),2025-06-05,Micro,1457.549224137931,False,-0.01775675709067559,-0.013423652973711953,-0.021323522694965735,-0.1434963644273196,-0.10815911258617533,-0.07612951339257967,0.053467332468647766,-0.19287179168479274,-0.0625984201019375,2023-26,< 0.05% of mcap
PATELENG,2018-01-23,6323532.0,pledge INVOKED (lender took shares),2018-01-23,Small,6923.781818181818,False,-0.036041953711862584,-0.07488664618984942,-0.0007880766883436863,-0.20827848471551846,-0.13628983315615045,-0.4864706742723417,-0.2735755433377888,-0.6198625127980109,-0.2840150696831307,2016-22,< 0.05% of mcap
PIIND,2020-09-15,3923883.0,pledge INVOKED (lender took shares),2020-09-15,Large,30378.354805194802,True,0.11694737789470266,0.013956547155105081,0.03557549325899673,0.11657248636009343,-0.02476351812423716,0.05387763055339034,-0.1329478593565654,0.59375,0.18387430233381308,2016-22,< 0.05% of mcap
PITTIENG,2018-11-29,507143662.0,pledge INVOKED (lender took shares),2018-11-29,Micro,295.69640350877194,False,0.1551678207985493,-0.0552631578947369,-0.06859652260007809,-0.3315789473684211,-0.22365258296815627,-0.3980263157894737,-0.312810047229112,-0.42499999999999993,-0.10457942592977376,2016-22,> 1%
PRAKASHSTL,2016-06-06,12852790.43,pledge INVOKED (lender took shares),2016-06-06,Micro,0.030137353231397906,False,-0.8385868637990529,-0.4385964912280702,-0.5381385395211593,-0.2456140350877194,-0.35203370931320643,-0.5087719298245615,-0.6565551810560887,-0.7017543859649125,-1.1276965419684182,2016-22,> 1%
PRAKASHSTL,2017-01-31,4316667.0,pledge INVOKED (lender took shares),2017-01-31,Micro,0.015324077914270123,False,0.02930536573396314,-0.1515151515151516,-0.14331583880037496,-0.2424242424242422,-0.3647951793267279,-0.6363636363636364,-0.7564990001538224,,,2016-22,> 1%
PRINCEPIPE,2022-01-03,630411.0,pledge INVOKED (lender took shares),2022-01-03,Small,7751.91796875,True,0.04262142812109165,0.01975185396463197,0.017776273058593195,0.026953793496862444,0.06302533555428674,-0.1456788362806618,0.008277858920174852,-0.15402167712492865,-0.05237336051868924,2016-22,< 0.05% of mcap
PRINCEPIPE,2022-06-07,1422822.0,pledge INVOKED (lender took shares),2022-06-07,Small,6810.27734375,True,-0.002037363751902277,-0.005313408053134183,0.015783206279404993,-0.009464508094645163,-0.10394175322438515,0.02731423827314239,-0.08486787821578301,0.07455375674553744,-0.02848934074856302,2016-22,< 0.05% of mcap
PRINCEPIPE,2025-02-24,2897450.0,pledge INVOKED (lender took shares),2025-02-24,Micro,3024.328125,True,-0.17793150714550143,-0.10378220354467382,-0.058051892189362464,0.1772336926731226,0.08462749852451212,0.22090261282660362,0.1554561131961958,-0.1277178878128996,0.00013065597799338802,2023-26,< 0.05% of mcap
QUICKHEAL,2024-02-21,39162053.0,pledge INVOKED (lender took shares),2024-02-21,Micro,2613.1663194444445,True,0.16515784003401168,-0.11701252399670914,-0.008585256149151399,-0.2422524910869367,-0.18399140058433028,0.2309169028247553,0.10590542967193284,-0.39153487521711317,-0.2575436055264698,2023-26,0.05-0.2%
QUICKHEAL,2024-08-22,3738423.0,pledge INVOKED (lender took shares),2024-08-22,Micro,3303.987847222222,True,0.18170134470526567,0.07803609169240766,0.08836473019006019,-0.05868964396033172,0.03377829833664264,-0.39408226304665916,-0.1608100021452301,-0.5235734026987482,-0.3227266291700916,2023-26,< 0.05% of mcap
RAMKY,2018-11-27,24590417.0,pledge INVOKED (lender took shares),2018-11-27,Micro,979.5032258064515,False,-0.10223751834345901,0.15014367816091956,0.14746948413328642,-0.2841235632183907,-0.1701057060755336,-0.12428160919540221,-0.048522214164789024,-0.7424568965517241,-0.43637372539685126,2016-22,0.2-1%
RBLBANK,2018-11-01,2080000.0,pledge INVOKED (lender took shares),2018-11-01,Large,81260.85483870968,True,0.006845103520794482,0.07036186099942565,0.05018411022824165,0.13823473099751116,0.14974930051188157,0.2923607122343481,0.2859882385960416,-0.39134596974918623,-0.3851483954261808,2016-22,< 0.05% of mcap
RBLBANK,2019-07-22,53554317.0,pledge INVOKED (lender took shares),2019-07-22,Large,74233.51861042183,True,-0.19178107070673966,-0.24178529380284708,-0.18212906273817175,-0.4083270897998502,-0.4461348732485241,-0.2732527025580648,-0.29290237449477896,-0.6370544792893075,-0.5402678846798931,2016-22,< 0.05% of mcap
RBLBANK,2020-03-09,175991641.0,pledge INVOKED (lender took shares),2020-03-09,Large,32333.511662531015,True,-0.141590465947057,-0.468108585301258,-0.34267452072587296,-0.28779518870006626,-0.26866373750070066,-0.1937762083425293,-0.24752143273585936,0.05164422864709772,-0.27816575582806513,2016-22,0.05-0.2%
RBLBANK,2022-06-24,2549400.0,pledge INVOKED (lender took shares),2022-06-24,Small,13619.831761786601,True,-0.23758439343706517,0.009863013698630185,-0.04170955771953644,0.23342465753424646,0.13727155873301033,0.8235616438356166,0.7307106248460156,1.0186301369863013,0.8349884245824956,2016-22,< 0.05% of mcap
RELIANCE,2023-07-03,12751250.0,pledge INVOKED (lender took shares),2023-07-03,Large,1766863.4811710194,True,-0.028809777150226257,-0.03955561736120772,-0.055999387174977655,-0.1060739504627699,-0.1372110669447113,0.0030516540737648423,-0.1885552227983438,0.22860365580432318,-0.17947704151117083,2023-26,< 0.05% of mcap
RELIGARE,2016-06-22,0.0,pledge INVOKED (lender took shares),2016-06-22,Mid,9383.868122270744,False,-0.14713498415927584,0.0045388525780682976,-0.04693565370728159,-0.025599128540304883,-0.13371446535948728,-0.07788671023965144,-0.10161886820367516,-0.38035584604212047,-0.6250965187399187,2016-22,< 0.05% of mcap
RELIGARE,2017-07-14,21156050.43,pledge INVOKED (lender took shares),2017-07-14,Small,4015.5106986899564,False,-0.5054592926762131,-0.3829787234042553,-0.34161822173411793,-0.5771276595744681,-0.5879190306044477,-0.46099290780141844,-0.6344225528043385,-0.5992907801418439,-0.4724266330529777,2016-22,0.05-0.2%
RELIGARE,2020-12-18,105375000.0,pledge INVOKED (lender took shares),2020-12-18,Small,2423.4200873362447,False,0.44489693130244556,0.0038255547054322214,-0.0803320687780339,0.3274674827850039,0.16679533909365052,0.9013006885998471,0.4873646825688529,0.9540933435348127,0.4340561579483909,2016-22,0.2-1%
ROSSARI,2021-08-04,35878444.0,pledge INVOKED (lender took shares),2021-08-04,Small,7665.806818181819,True,-0.04838551048284401,-0.013766811394683942,0.0003254241788087642,-0.01810865191146893,-0.0537613350493229,-0.15379999294009683,-0.15977703668878818,-0.3587842846553002,-0.29577530559422366,2016-22,< 0.05% of mcap
RPOWER,2019-02-07,4616308279.0,pledge INVOKED (lender took shares),2019-02-07,Small,4131.472081218274,False,-0.5073004516915567,0.09174311926605494,-0.011299934440114678,-0.463302752293578,-0.4718613192149861,-0.6743119266055047,-0.5757423386402456,-0.8440366972477065,-0.790974919791059,2016-22,> 1%
RPOWER,2020-08-28,342000050.0,pledge INVOKED (lender took shares),2020-08-28,Micro,1507.98730964467,False,0.4613895375881679,-0.16176470588235292,-0.11816608996539779,-0.08823529411764697,-0.14209525821100422,0.3088235294117647,-0.003065721402567556,2.5882352941176467,1.7214622586170483,2016-22,> 1%
RPOWER,2020-12-15,757362943.0,pledge INVOKED (lender took shares),2020-12-15,Micro,1611.274111675127,False,0.14872726813816417,-0.06666666666666665,-0.1016520894071915,0.21333333333333337,0.1603819375108163,3.6399999999999997,3.1951799127889844,2.466666666666667,1.840361826984024,2016-22,> 1%
RPOWER,2022-10-14,591075000.0,pledge INVOKED (lender took shares),2022-10-14,Small,6692.984771573604,False,0.358631360633644,-0.033950617283950546,-0.04418793385562503,-0.12037037037037035,-0.1076865878286859,-0.2592592592592592,-0.20200377450611257,0.030864197530864113,-0.19079959177397843,2016-22,0.2-1%
RTNPOWER,2017-12-29,0.0,pledge INVOKED (lender took shares),2017-12-29,Small,4202.997097242381,False,0.3060633395859391,-0.09999999999999998,-0.0587503860948525,-0.29374999999999996,-0.19888178035994192,-0.58125,-0.36569866611615803,-0.55,-0.253158168299477,2016-22,< 0.05% of mcap
RTNPOWER,2018-04-27,160500000.0,pledge INVOKED (lender took shares),2018-04-27,Small,2784.150943396227,False,-0.219753686314487,-0.11764705882352933,-0.050760638166040484,-0.32352941176470584,-0.188782848641608,-0.392156862745098,-0.15782648903014557,-0.5490196078431373,-0.27512041896712347,2016-22,0.2-1%
SADBHAV,2022-04-01,25152475.0,pledge INVOKED (lender took shares),2022-04-01,Micro,489.7062937062937,False,-0.26817937385893803,-0.05529225908372826,-0.007820183833875227,-0.5023696682464455,-0.3695639493676273,-0.5687203791469194,-0.5465933908959643,-0.6714060031595577,-0.5822934837445246,2016-22,0.2-1%
SADBHAV,2022-12-31,23625000.0,pledge INVOKED (lender took shares),2023-01-02,Micro,273.8601398601399,False,0.1440160642570283,-0.2068965517241379,-0.14210189202307855,-0.37617554858934166,-0.26143952278675603,-0.3260188087774294,-0.3707894646433605,0.45141065830720994,0.012742434008144565,2023-26,0.2-1%
SADBHAV,2024-03-27,73255478.0,pledge INVOKED (lender took shares),2024-03-27,Micro,469.2307692307692,False,0.3244055963433329,0.08216783216783208,-0.03658216783216783,-0.027972027972028024,-0.21765971331357403,0.2265734265734265,-0.050786960084945765,-0.6094405594405594,-0.6020338736485646,2023-26,> 1%
SADBHAV,2025-09-16,256166000.0,pledge INVOKED (lender took shares),2025-09-16,Micro,239.22237762237762,False,0.12536596223098584,-0.14591009579955783,-0.08970755040233275,-0.18275607958732498,-0.053687022538701445,-0.46057479734708917,-0.20354447766219408,-0.4443625644804716,-0.28972858194185513,2023-26,> 1%
SAKHTISUG,2019-02-06,7118500.0,pledge INVOKED (lender took shares),2019-02-06,Micro,119.51666666666667,False,-0.12988024688322242,0.22549019607843146,0.14157264873093744,0.0,0.036517130141320964,-0.21568627450980382,-0.013143131912165318,-0.09313725490196068,0.1045371637026905,2016-22,0.2-1%
SAPPHIRE,2025-02-14,191971.0,pledge INVOKED (lender took shares),2025-02-14,Small,9636.217216981131,True,0.09874031992515558,0.005201342281879295,-0.019110378267236938,0.08489932885906049,-0.04786340850246762,0.09731543624161065,-0.034883903673194716,-0.2781879194630873,-0.3122941863008363,2023-26,< 0.05% of mcap
SHAREINDIA,2022-07-04,537950000.0,pledge INVOKED (lender took shares),2022-07-04,Small,4824.599707317073,False,-0.027446084444400554,0.07621616678858811,-0.006044515425023267,0.1829279444038041,0.07205637064340997,0.09647037307973672,0.005772908532123644,0.140087783467447,-0.060034452917061554,2016-22,> 1%
SIGACHI,2025-07-29,185946920.0,pledge INVOKED (lender took shares),2025-07-29,Micro,1492.2569444444443,True,-0.18374884952225523,-0.1563645887899423,-0.11569669678479694,-0.038501833420639064,0.0024897414335411927,-0.4764274489261394,-0.2792407241878185,-0.3407543216343635,-0.20600470103880658,2023-26,> 1%
SIGACHI,2026-01-29,314891710.0,pledge INVOKED (lender took shares),2026-01-29,Micro,759.3055555555555,True,-0.2958035770107272,0.015593561368209441,0.031287020476112204,0.0015090543259557165,-0.05231097962990172,0.2907444668008048,0.23801220222115316,,,2023-26,> 1%
SMSPHARMA,2019-11-13,0.0,pledge INVOKED (lender took shares),2019-11-13,Micro,381.01918238993704,False,-0.249043181297675,-0.005012531328320691,0.04040983771368034,0.10150375939849643,0.07554804167729245,-0.07017543859649111,0.23588020788468733,1.1140350877192984,1.11739831641885,2016-22,< 0.05% of mcap
SOLARA,2020-05-13,57500000.0,pledge INVOKED (lender took shares),2020-05-13,Small,2081.7123310344828,False,0.27836044307396274,0.2116263879817113,0.10005274102529382,0.9642157320145563,0.6603816778547893,1.1048101147709244,0.7333900632455412,2.7767798824297842,1.7944112735018205,2016-22,0.2-1%
SOLARA,2020-09-01,13200000.0,pledge INVOKED (lender took shares),2020-09-01,Small,4130.060151724138,True,0.5476000485590976,0.11461610030570202,0.11664886721759399,0.21561960037215888,0.10456611950540007,0.3253400381019891,-0.050807183406681,0.7317686411767312,0.08272046467297745,2016-22,< 0.05% of mcap
SONATSOFTW,2016-03-10,0.0,pledge INVOKED (lender took shares),2016-03-10,Small,1752.5113953488374,False,0.03961456723170381,-0.057660895132309764,-0.13453842175076902,-0.023521724926494625,-0.1426602866904636,-0.08118262005880428,-0.3024786878722562,0.06403136229990203,-0.3293583466646337,2016-22,< 0.05% of mcap
SPANDANA,2020-03-30,14994711.0,pledge INVOKED (lender took shares),2020-03-30,Small,4685.620995475113,False,-0.1309921847171317,-0.10546665234668662,-0.20181731927772661,-0.04528693659828864,-0.38072550198626887,-0.13074141696201624,-0.6279424215248752,0.04016754376543874,-0.9931444625570427,2016-22,< 0.05% of mcap
SPMLINFRA,2018-01-30,14995180.0,pledge INVOKED (lender took shares),2018-01-30,Micro,1117.4347826086957,False,-0.1043192845590335,-0.227979274611399,-0.1505751216133977,-0.14396743153219826,-0.0334802166047623,-0.4603997039230199,-0.2237763826695558,-0.7575869726128793,-0.3322996162910403,2016-22,0.05-0.2%
STAR,2018-08-27,46233663.0,pledge INVOKED (lender took shares),2018-08-27,Micro,1944.9919847095093,True,0.24326099585084549,-0.09007218328277022,0.05906506470493772,-0.00523067266450461,0.1438376503168618,-0.09247829270844221,0.12734381656728844,-0.16560309655821726,0.22861359451059682,2016-22,0.2-1%
STARPAPER,2017-03-18,10259750.0,pledge INVOKED (lender took shares),2017-03-20,Micro,241.34444444444446,False,-0.15039784300646042,0.2591503267973856,0.15882879058539545,0.3977124183006535,0.31239922805665155,0.19771241830065356,0.01681744917457484,0.3222222222222222,0.18105133114354788,2016-22,0.2-1%
STARPAPER,2018-03-17,0.45,pledge INVOKED (lender took shares),2018-03-19,Micro,319.5888888888889,False,-0.1457991769697884,0.07523204689789931,0.022237075263280004,-0.18514899853444056,-0.08770506804967021,-0.059110893991206614,0.10961801489518253,-0.3695652173913042,-0.0716736475217124,2016-22,< 0.05% of mcap
STARPAPER,2018-10-03,4784746.0,pledge INVOKED (lender took shares),2018-10-03,Micro,260.40000000000003,False,0.15071473871769825,0.08539188777066187,0.06155627133230568,-0.0631290027447392,-0.08401067327838196,-0.2034156755108264,-0.1873478987068533,-0.3369929856663616,-0.024625965751345957,2016-22,0.05-0.2%
STARPAPER,2019-04-01,6252059.0,pledge INVOKED (lender took shares),2019-04-01,Micro,201.83333333333334,False,-0.12514168047722052,-0.08113354037267095,-0.003699912054086929,-0.17818322981366475,-0.038344984532369064,-0.15023291925465843,0.14224019902491147,-0.27251552795031064,0.20217884581771567,2016-22,0.2-1%
STARPAPER,2019-10-24,6690000.0,pledge INVOKED (lender took shares),2019-10-24,Micro,168.77777777777777,False,0.2420303056270543,-0.008729388942773975,-0.015211914309177565,0.2919495635305529,0.17430250470702346,-0.03637245392822508,0.1945643652438882,-0.12075654704170702,-0.14307059662848387,2016-22,0.2-1%
STEELXIND,2017-12-28,31320000.0,pledge INVOKED (lender took shares),2017-12-28,Micro,513.0789473684209,False,-0.7582304488716924,-0.22037914691943128,-0.17039770566961698,-0.39336492890995256,-0.22494806962628028,-0.4739336492890994,-0.16729612941628536,-0.6540284360189573,-0.28561193905475685,2016-22,0.2-1%
STEELXIND,2024-04-06,605600000.0,pledge INVOKED (lender took shares),2024-04-08,Micro,1920.8552631578946,False,0.12531594072698066,-0.1266666666666667,-0.08973797904532022,-0.09200000000000008,-0.1922225189141078,-0.19733333333333336,-0.3519184165535504,-0.44933333333333336,-0.3746021081407881,2023-26,> 1%
STOVEKRAFT,2022-02-17,18409129.0,pledge INVOKED (lender took shares),2022-02-17,Micro,2204.2484905660376,True,-0.384998416758762,-0.03571695434506461,-0.010630031807196072,-0.16797429574833744,-0.06402559510709538,-0.07703803332586112,-0.048866845189249164,-0.33609803482029443,-0.2937984848445781,2016-22,0.05-0.2%
STOVEKRAFT,2022-12-16,744250.0,pledge INVOKED (lender took shares),2022-12-16,Micro,1871.1539622641508,False,-0.1519713554955857,-0.12065748556197242,-0.08645553116457827,-0.36792536650377616,-0.20246557783844232,-0.2076410484229232,-0.21672224500411996,-0.1783207463349623,-0.5146002657383597,2016-22,< 0.05% of mcap
SUMEETINDS,2024-03-20,59369000.0,pledge INVOKED (lender took shares),2024-03-20,Micro,32.72752293577981,False,-0.39572192513368987,-0.1914893617021276,-0.29207430504585685,,,0.46808510638297873,0.19410058027079313,,,2023-26,> 1%
SUNDARAM,2016-07-08,0.0,pledge INVOKED (lender took shares),2016-07-08,Micro,219.77777777777777,False,0.5423760795413313,-0.09574468085106391,-0.07517104535495345,-0.010638297872340385,-0.04540005993407259,-0.09574468085106391,-0.1475045379514095,-0.25531914893617025,-0.5766142921491216,2016-22,< 0.05% of mcap
SUNDARAM,2017-04-17,0.0,pledge INVOKED (lender took shares),2017-04-17,Micro,152.88888888888889,False,-0.3299044201746535,-0.03076923076923077,-0.034012155297532654,0.0923076923076922,0.08259895444361454,0.1384615384615384,0.05983066248905433,-0.06153846153846154,-0.24725274725274726,2016-22,< 0.05% of mcap
SUNDARAM,2017-12-11,0.0,pledge INVOKED (lender took shares),2017-12-11,Micro,260.3888888888889,False,0.5949517642394611,-0.11607142857142849,-0.23333651642475162,-0.4285714285714285,-0.342447026657553,-0.6071428571428571,-0.4284021665538251,-0.625,-0.31411917098445596,2016-22,< 0.05% of mcap
SUNPHARMA,2018-09-01,1242400000.0,pledge INVOKED (lender took shares),2018-09-03,Large,157832.8932305999,True,0.3087242309458298,-0.07797360189211877,0.052825684226081915,-0.3911650263218128,-0.271600084659931,-0.29892423895628295,-0.2531599801230912,-0.3581292439154651,-0.21596799152924362,2016-22,0.05-0.2%
SUNPHARMA,2019-10-16,8515100.0,pledge INVOKED (lender took shares),2019-10-16,Large,96138.07897633461,True,0.023278321912948263,0.06077210460772098,0.049260193009018294,0.13225404732254042,0.09428224827979903,0.18144458281444598,0.4392022676159555,0.21133250311332508,0.26609334379221655,2016-22,< 0.05% of mcap
SUNPHARMA,2021-07-06,4128375000.0,pledge INVOKED (lender took shares),2021-07-06,Large,161933.8545679692,True,0.02780013190344488,0.15453609763270104,0.14922867207485924,0.21048375238935457,0.12967712697491307,0.21886487281282174,0.15485052436227253,0.25216879870607256,0.30276026085045477,2016-22,0.2-1%
SUPREMEINF,2016-06-13,9944069.94,pledge INVOKED (lender took shares),2016-06-13,Micro,909.4993234100134,False,0.25000286821553486,0.13251783893985736,0.06396127909324001,0.006116207951070374,-0.07066591687120738,-0.24821610601427113,-0.3583935897482936,-0.18858307849133538,-0.5565531497144479,2016-22,0.05-0.2%
SUPREMEINF,2018-04-02,11550000.0,pledge INVOKED (lender took shares),2018-04-02,Micro,505.65629228687413,False,-0.3329833109318997,-0.11111111111111116,-0.11874227733388998,-0.32668566001899324,-0.15606954627491743,-0.5517568850902184,-0.27681409653490807,-0.5745489078822412,-0.2742228135321405,2016-22,0.2-1%
SUPREMEINF,2018-08-02,17165070.0,pledge INVOKED (lender took shares),2018-08-02,Micro,411.637347767253,False,0.031362027394916336,-0.18764302059496574,-0.1501003584789249,-0.4050343249427918,-0.2808919774905917,-0.5778032036613272,-0.33248804182146363,-0.620137299771167,-0.21910703013462202,2016-22,0.2-1%
SURYODAY,2022-12-19,625442500.0,pledge INVOKED (lender took shares),2022-12-19,Micro,1314.5296551724139,False,0.14133332547898791,-0.0920779759435918,-0.0610408734263741,-0.21858150145167976,-0.058733888358529274,0.3521360431356284,0.35896063899792474,0.30568228950642884,-0.03482842640784378,2016-22,> 1%
SUZLON,2022-09-06,521124.0,pledge INVOKED (lender took shares),2022-09-06,Small,12746.535443037974,False,0.20740415654497935,-0.16210295728368018,-0.14611471124130715,0.07338444687842283,0.0850289091130485,-0.04709748083242071,0.018612776497052064,1.497261774370208,1.3092611491774413,2016-22,< 0.05% of mcap
TCIFINANCE,2016-12-13,59293350.0,pledge INVOKED (lender took shares),2016-12-13,Micro,34.622448979591844,False,0.026469166508984565,-0.05918367346938769,-0.10117842412555567,0.08775510204081627,0.015683029968744044,-0.02448979591836742,-0.2138726711688157,0.01632653061224487,-0.44052142492566704,2016-22,> 1%
TEAMLEASE,2019-06-07,252196227.25,pledge INVOKED (lender took shares),2019-06-07,Small,4466.822802436902,False,-0.04048535003326281,0.04941250524548901,0.09985110173671718,-0.03521471534480336,0.0815903294340326,-0.1532906700237795,-0.026370830637255427,-0.3817666806546369,-0.0959253825884,2016-22,0.2-1%
TFCILTD,2020-07-03,292250100.0,pledge INVOKED (lender took shares),2020-07-03,Micro,395.0652112676056,False,-0.22653464323074823,-0.1117936117936118,-0.06915355735949968,-0.09705159705159716,-0.14239822573155914,0.2002457002457001,-0.15891972449349523,0.8402948402948403,-0.24860199913353154,2016-22,> 1%
UBL,2016-01-13,0.0,pledge INVOKED (lender took shares),2016-01-13,Large,23036.94067357513,True,0.025486185483505674,-0.08123890765443409,-0.016594458321289474,-0.11742142325528149,-0.1600593816878968,-0.10299421766760186,-0.2477861114561566,-0.07505581954542861,-0.19213144287847617,2016-22,< 0.05% of mcap
UBL,2016-09-16,1557050000.0,pledge INVOKED (lender took shares),2016-09-16,Mid,21918.218911917098,True,0.009099898358759129,0.04763262977752425,0.02876582052350629,-0.09229891614375352,-0.020456499965535113,-0.12127780946948086,-0.1912126107420289,-0.07701083856246438,-0.2765873968100482,2016-22,0.2-1%
UNITDSPR,2016-03-14,0.0,pledge INVOKED (lender took shares),2016-03-14,Large,34940.84897341211,False,-0.17845878682482857,-0.010953856121808436,-0.08585446397707885,-0.008321691064812065,-0.09932417184596964,-0.06543967280163598,-0.2889460151940271,-0.10721010751381888,-0.3544807000855843,2016-22,< 0.05% of mcap
UNITDSPR,2016-06-24,0.0,pledge INVOKED (lender took shares),2016-06-24,Large,34271.21412850813,False,-0.15866968408889115,0.06378673786529276,-0.0015702263263027705,-0.03804676581631594,-0.151018324575799,-0.20172712292192496,-0.18812655082646007,0.05302350806199274,-0.11256170856590686,2016-22,< 0.05% of mcap
UNITDSPR,2020-02-14,0.0,pledge INVOKED (lender took shares),2020-02-14,Large,51097.78689069424,True,0.1525996182605478,-0.28670379891459585,0.022686036329456483,-0.16738074835761219,0.05563641392652713,-0.16545272779205944,-0.1080383523651261,-0.20544130248500425,-0.3679490529600916,2016-22,< 0.05% of mcap
UNITDSPR,2023-08-07,0.0,pledge INVOKED (lender took shares),2023-08-07,Large,73057.01632200887,True,0.18222541488530464,0.03192271857990492,0.014492870631446553,0.07595743637522667,0.05092705895535776,0.09007992938753495,-0.1139400773408541,0.3774824694748198,0.014413123700467767,2023-26,< 0.05% of mcap
UNITECH,2016-01-20,193874256.0,pledge INVOKED (lender took shares),2016-01-20,Small,1451.9696969696968,False,-0.1760140953249888,-0.29729729729729726,-0.24948277888434656,-0.11711711711711703,-0.18303109987796096,0.3063063063063063,0.13335966117262388,-0.14414414414414412,-0.4301526296939142,2016-22,> 1%
UNITECH,2017-04-07,370600.0,pledge INVOKED (lender took shares),2017-04-07,Micro,1491.2121212121212,False,0.24517005294231775,-0.017699115044247926,-0.03877115508112394,0.3362831858407078,0.32604427799087854,0.11504424778761058,0.05049943982174998,0.10619469026548667,-0.05072422887277794,2016-22,< 0.05% of mcap
UNITECH,2018-03-17,1136181088.0,pledge INVOKED (lender took shares),2018-03-19,Micro,1595.8585858585857,False,0.04615043967862342,0.0,-0.0529949716346193,-0.25619834710743794,-0.1587544166226676,-0.5206611570247934,-0.3519322481384043,-0.7933884297520661,-0.4954968598824743,2016-22,> 1%
UNITECH,2019-02-12,794736664.0,pledge INVOKED (lender took shares),2019-02-12,Micro,300.8585858585858,False,-0.32000000000000006,0.36363636363636354,0.2429151721025251,0.2727272727272725,0.25113566261006093,-0.18181818181818188,0.013511138610266149,1.6363636363636362,1.8283636363636362,2016-22,> 1%
VGUARD,2023-04-04,2502500.0,pledge INVOKED (lender took shares),2023-04-05,Small,11051.25,False,0.0593076606632123,-0.0075561741896996715,-0.07129140941371526,0.15291310399681834,-0.023881496051096462,0.17240007953867575,-0.14183909134742823,0.3792006363094056,-0.12251949175685728,2023-26,< 0.05% of mcap
VIKASECO,2019-09-30,377825.0,pledge INVOKED (lender took shares),2019-09-30,Micro,504.61165048543694,False,-0.3397378634949556,-0.30000000000000016,-0.32989536621823634,-0.275,-0.3112344661707721,-0.75,-0.3836906325467101,0.2124999999999999,0.2065357852882701,2016-22,< 0.05% of mcap
WALCHANNAG,2021-07-13,151366818.0,pledge INVOKED (lender took shares),2021-07-13,Micro,496.0845,False,-0.31911948039023996,-0.08327501749475164,-0.05439519252745606,-0.24352694191742486,-0.26147565986614296,-0.198740377886634,-0.3367005468667187,-0.2568229531140658,-0.26324693598344484,2016-22,> 1%
WEBELSOLAR,2019-03-30,2584577.98,pledge INVOKED (lender took shares),2019-04-01,Micro,119.27053824362608,False,-0.04225352112676062,-0.11851851851851858,-0.041084890199934554,0.033333333333333215,0.1731715786146289,-0.23703703703703705,0.05543608124253285,-0.32592592592592595,0.14876844784210036,2016-22,0.2-1%
WILLAMAGOR,2019-07-08,0.0,pledge INVOKED (lender took shares),2019-07-08,Micro,23.671698113207547,False,-0.4382249958254237,-0.09230769230769231,0.042757721364686585,-0.23076923076923073,-0.06866041278583535,-0.31794871794871793,-0.257254569345786,-0.09743589743589731,0.12846944981110436,2016-22,< 0.05% of mcap
YESBANK,2016-04-01,610000.0,pledge INVOKED (lender took shares),2016-04-01,Large,531987.6342857142,True,0.23549949254840202,0.048677919234978884,0.042609825868247464,0.297770608906043,0.19709311145368302,0.47479693530733336,0.314994577268634,0.8604182268563856,0.6480105655504507,2016-22,< 0.05% of mcap
YESBANK,2018-04-18,6025250.0,pledge INVOKED (lender took shares),2018-04-18,Large,962346.7285714286,True,-0.051868290267499395,0.04913657770800617,0.10564749528449469,0.2045525902668759,0.26920315535313216,-0.33061224489795926,-0.16735269536535102,-0.25525902668759815,-0.17231086118573097,2016-22,< 0.05% of mcap
YESBANK,2019-04-02,35344960.0,pledge INVOKED (lender took shares),2019-04-02,Large,871412.6571428571,True,0.4720947451335591,-0.4126781147241505,-0.3731984678181434,-0.6596638655462185,-0.6058262480758605,-0.8553160394592619,-0.7664261933023269,-0.9101205699671173,-0.6187799835387173,2016-22,< 0.05% of mcap
YESBANK,2020-03-18,44936179.0,pledge INVOKED (lender took shares),2020-03-18,Large,187930.41428571427,True,0.47066359561697074,-0.4744661095636026,-0.5891780918053013,-0.4976787372330548,-0.740020108990917,-0.7483751160631383,-1.0152460909970467,-0.72330547818013,-1.3836863084848194,2016-22,< 0.05% of mcap
YESBANK,2021-02-24,1131616.0,pledge INVOKED (lender took shares),2021-02-24,Large,50052.6,False,-0.04526106719421297,0.012422360248447228,0.026616737425196213,-0.1645962732919256,-0.21453628922458157,-0.31055900621118016,-0.42125188651935974,-0.20496894409937894,-0.26210845035492514,2016-22,< 0.05% of mcap
ZEEL,2020-01-02,50083667.0,pledge INVOKED (lender took shares),2020-01-02,Mid,27856.02147651007,True,0.00351030638233063,-0.07581293386919985,-0.08516479787881548,-0.5456704420898795,-0.2136834541680765,-0.3710266715381805,-0.2548348461651136,-0.1870661308001461,-0.30331515878419024,2016-22,< 0.05% of mcap
ZEEL,2020-07-20,1128216336.0,pledge INVOKED (lender took shares),2020-07-20,Mid,14885.080536912752,True,-0.003894085717698448,0.28,0.21826821431411347,0.13300813008130064,0.08231767470518692,0.4178861788617887,0.11369512625844336,0.3395121951219511,-0.30647105884295534,2016-22,0.2-1%
ZEEL,2021-02-19,61393000.0,pledge INVOKED (lender took shares),2021-02-19,Mid,20059.990604026847,True,-0.14201159687126752,0.01684836471754192,0.014707747654397418,0.04930624380574811,-0.02875774889239091,-0.15386521308225976,-0.3373668466776033,0.136025768087215,-0.008657312006291051,2016-22,< 0.05% of mcap
ZEEL,2022-03-11,3382923700.0,pledge INVOKED (lender took shares),2022-03-11,Mid,23320.761073825503,True,-0.23108398032395322,0.07754629629629628,0.021173922055152894,-0.14737654320987648,-0.07512360944981455,0.0746527777777779,-0.04467136796063631,-0.20254629629629628,-0.20646357991729836,2016-22,> 1%
ZEELEARN,2020-04-13,190450250.0,pledge INVOKED (lender took shares),2020-04-13,Micro,385.8412698412698,False,-0.05544984689452537,0.09361702127659566,0.09564212244992132,0.21702127659574466,-0.039323901069229894,0.004255319148936287,-0.3728490579554409,-0.12340425531914889,-1.03687155644341,2016-22,> 1%
ZEELEARN,2021-03-11,95002500.0,pledge INVOKED (lender took shares),2021-03-12,Micro,372.76190476190476,False,-0.3306996767922339,-0.0964912280701754,-0.04697282473674147,0.5087719298245612,0.23579779715348304,0.3201754385964912,-0.05443740197256752,0.14912280701754388,-0.3680631809360547,2016-22,> 1%
ZEELEARN,2021-06-18,418509323.0,pledge INVOKED (lender took shares),2021-06-18,Micro,550.968253968254,False,0.23579779715348304,-0.11834319526627213,-0.1965142867116998,-0.17455621301775148,-0.2107801427652819,-0.15384615384615374,-0.2582545065143671,-0.6479289940828402,-0.6762541172355495,2016-22,> 1%
ZEELEARN,2022-05-04,104760000.0,pledge INVOKED (lender took shares),2022-05-04,Micro,227.25396825396825,False,-0.4876363149304918,-0.013793103448275779,0.05170397257511594,-0.0482758620689655,-8.504590800506584e-05,-0.02758620689655178,-0.018633780410100442,-0.5172413793103448,-0.511638313988602,2016-22,> 1%
ZEEMEDIA,2019-06-10,163468374.0,pledge INVOKED (lender took shares),2019-06-10,Micro,854.3134535367545,False,-0.19759466539652304,-0.06614785992217898,0.022370066801113142,-0.10116731517509725,0.053471860082634715,-0.4863813229571985,-0.25376946178521853,-0.47470817120622566,-0.19050506824430746,2016-22,> 1%
ZEEMEDIA,2019-09-30,196613342.0,pledge INVOKED (lender took shares),2019-09-30,Micro,608.8210818307906,False,-0.10703516079225273,-0.3579545454545454,-0.3878499116727816,-0.3125000000000001,-0.3487344661707722,-0.5568181818181819,-0.19050881436489198,-0.4204545454545455,-0.42641876016627533,2016-22,> 1%
ZEEMEDIA,2020-02-28,25840500.0,pledge INVOKED (lender took shares),2020-02-28,Micro,307.68377253814145,False,-0.37415458937198054,-0.1847826086956521,0.13136455533091912,0.4021739130434785,0.46347659503581573,0.6086956521739133,0.47945036915504535,0.5434782608695652,-0.002721881110746005,2016-22,0.2-1%
ZEEMEDIA,2021-06-18,381600000.0,pledge INVOKED (lender took shares),2021-06-18,Micro,674.2857142857143,False,0.19555733586039037,0.12962962962962954,0.051458538184201874,0.0879629629629628,0.051739033215432384,0.2314814814814814,0.12707312881326804,0.25,0.2216748768472907,2016-22,> 1%
